Notes,Cancer Sites,Cancer Sites Code,Sex,Sex Code,Year,Year Code,age,age_code,Ethnicity,Ethnicity Code,Count,disease_id,disease_name,mcs_id,mcs_name,people_id,vs_id,country_id,country_name,country
,Lung and Bronchus,22030,Female,F,1999,1999.0,20-24 years,20-24,Non-Hispanic,2186-5,21,C0242379,Malignant neoplasm of lung,C1513750,Multiple Cancer Sites,people_20-24_female_non-hispanic,vstat_C0242379_US_PRI_20-24_female_non-hispanic,US_PRI,United States and Puerto Rico,United States and Puerto Rico
,Lung and Bronchus,22030,Female,F,1999,1999.0,25-29 years,25-29,Non-Hispanic,2186-5,52,C0242379,Malignant neoplasm of lung,C1513750,Multiple Cancer Sites,people_25-29_female_non-hispanic,vstat_C0242379_US_PRI_25-29_female_non-hispanic,US_PRI,United States and Puerto Rico,United States and Puerto Rico
,Lung and Bronchus,22030,Female,F,1999,1999.0,30-34 years,30-34,Non-Hispanic,2186-5,135,C0242379,Malignant neoplasm of lung,C1513750,Multiple Cancer Sites,people_30-34_female_non-hispanic,vstat_C0242379_US_PRI_30-34_female_non-hispanic,US_PRI,United States and Puerto Rico,United States and Puerto Rico
,Lung and Bronchus,22030,Female,F,1999,1999.0,35-39 years,35-39,Hispanic,2135-2,38,C0242379,Malignant neoplasm of lung,C1513750,Multiple Cancer Sites,people_35-39_female_hispanic,vstat_C0242379_US_PRI_35-39_female_hispanic,US_PRI,United States and Puerto Rico,United States and Puerto Rico
,Lung and Bronchus,22030,Female,F,1999,1999.0,35-39 years,35-39,Non-Hispanic,2186-5,555,C0242379,Malignant neoplasm of lung,C1513750,Multiple Cancer Sites,people_35-39_female_non-hispanic,vstat_C0242379_US_PRI_35-39_female_non-hispanic,US_PRI,United States and Puerto Rico,United States and Puerto Rico
,Lung and Bronchus,22030,Female,F,1999,1999.0,40-44 years,40-44,Hispanic,2135-2,73,C0242379,Malignant neoplasm of lung,C1513750,Multiple Cancer Sites,people_40-44_female_hispanic,vstat_C0242379_US_PRI_40-44_female_hispanic,US_PRI,United States and Puerto Rico,United States and Puerto Rico
,Lung and Bronchus,22030,Female,F,1999,1999.0,40-44 years,40-44,Non-Hispanic,2186-5,1474,C0242379,Malignant neoplasm of lung,C1513750,Multiple Cancer Sites,people_40-44_female_non-hispanic,vstat_C0242379_US_PRI_40-44_female_non-hispanic,US_PRI,United States and Puerto Rico,United States and Puerto Rico
,Lung and Bronchus,22030,Female,F,1999,1999.0,45-49 years,45-49,Hispanic,2135-2,99,C0242379,Malignant neoplasm of lung,C1513750,Multiple Cancer Sites,people_45-49_female_hispanic,vstat_C0242379_US_PRI_45-49_female_hispanic,US_PRI,United States and Puerto Rico,United States and Puerto Rico
,Lung and Bronchus,22030,Female,F,1999,1999.0,45-49 years,45-49,Non-Hispanic,2186-5,2501,C0242379,Malignant neoplasm of lung,C1513750,Multiple Cancer Sites,people_45-49_female_non-hispanic,vstat_C0242379_US_PRI_45-49_female_non-hispanic,US_PRI,United States and Puerto Rico,United States and Puerto Rico
,Lung and Bronchus,22030,Female,F,1999,1999.0,50-54 years,50-54,Hispanic,2135-2,165,C0242379,Malignant neoplasm of lung,C1513750,Multiple Cancer Sites,people_50-54_female_hispanic,vstat_C0242379_US_PRI_50-54_female_hispanic,US_PRI,United States and Puerto Rico,United States and Puerto Rico
,Lung and Bronchus,22030,Female,F,1999,1999.0,50-54 years,50-54,Non-Hispanic,2186-5,4455,C0242379,Malignant neoplasm of lung,C1513750,Multiple Cancer Sites,people_50-54_female_non-hispanic,vstat_C0242379_US_PRI_50-54_female_non-hispanic,US_PRI,United States and Puerto Rico,United States and Puerto Rico
,Lung and Bronchus,22030,Female,F,1999,1999.0,55-59 years,55-59,Hispanic,2135-2,212,C0242379,Malignant neoplasm of lung,C1513750,Multiple Cancer Sites,people_55-59_female_hispanic,vstat_C0242379_US_PRI_55-59_female_hispanic,US_PRI,United States and Puerto Rico,United States and Puerto Rico
,Lung and Bronchus,22030,Female,F,1999,1999.0,55-59 years,55-59,Non-Hispanic,2186-5,6922,C0242379,Malignant neoplasm of lung,C1513750,Multiple Cancer Sites,people_55-59_female_non-hispanic,vstat_C0242379_US_PRI_55-59_female_non-hispanic,US_PRI,United States and Puerto Rico,United States and Puerto Rico
,Lung and Bronchus,22030,Female,F,1999,1999.0,60-64 years ,60-64,Hispanic,2135-2,284,C0242379,Malignant neoplasm of lung,C1513750,Multiple Cancer Sites,people_60-64_female_hispanic,vstat_C0242379_US_PRI_60-64_female_hispanic,US_PRI,United States and Puerto Rico,United States and Puerto Rico
,Lung and Bronchus,22030,Female,F,1999,1999.0,60-64 years ,60-64,Non-Hispanic,2186-5,9383,C0242379,Malignant neoplasm of lung,C1513750,Multiple Cancer Sites,people_60-64_female_non-hispanic,vstat_C0242379_US_PRI_60-64_female_non-hispanic,US_PRI,United States and Puerto Rico,United States and Puerto Rico
,Lung and Bronchus,22030,Female,F,1999,1999.0,65-69 years,65-69,Hispanic,2135-2,383,C0242379,Malignant neoplasm of lung,C1513750,Multiple Cancer Sites,people_65-69_female_hispanic,vstat_C0242379_US_PRI_65-69_female_hispanic,US_PRI,United States and Puerto Rico,United States and Puerto Rico
,Lung and Bronchus,22030,Female,F,1999,1999.0,65-69 years,65-69,Non-Hispanic,2186-5,12446,C0242379,Malignant neoplasm of lung,C1513750,Multiple Cancer Sites,people_65-69_female_non-hispanic,vstat_C0242379_US_PRI_65-69_female_non-hispanic,US_PRI,United States and Puerto Rico,United States and Puerto Rico
,Lung and Bronchus,22030,Female,F,1999,1999.0,70-74 years,70-74,Hispanic,2135-2,367,C0242379,Malignant neoplasm of lung,C1513750,Multiple Cancer Sites,people_70-74_female_hispanic,vstat_C0242379_US_PRI_70-74_female_hispanic,US_PRI,United States and Puerto Rico,United States and Puerto Rico
,Lung and Bronchus,22030,Female,F,1999,1999.0,70-74 years,70-74,Non-Hispanic,2186-5,14745,C0242379,Malignant neoplasm of lung,C1513750,Multiple Cancer Sites,people_70-74_female_non-hispanic,vstat_C0242379_US_PRI_70-74_female_non-hispanic,US_PRI,United States and Puerto Rico,United States and Puerto Rico
,Lung and Bronchus,22030,Female,F,1999,1999.0,75-79 years,75-79,Hispanic,2135-2,351,C0242379,Malignant neoplasm of lung,C1513750,Multiple Cancer Sites,people_75-79_female_hispanic,vstat_C0242379_US_PRI_75-79_female_hispanic,US_PRI,United States and Puerto Rico,United States and Puerto Rico
,Lung and Bronchus,22030,Female,F,1999,1999.0,75-79 years,75-79,Non-Hispanic,2186-5,13186,C0242379,Malignant neoplasm of lung,C1513750,Multiple Cancer Sites,people_75-79_female_non-hispanic,vstat_C0242379_US_PRI_75-79_female_non-hispanic,US_PRI,United States and Puerto Rico,United States and Puerto Rico
,Lung and Bronchus,22030,Female,F,1999,1999.0,80-84 years,80-84,Hispanic,2135-2,188,C0242379,Malignant neoplasm of lung,C1513750,Multiple Cancer Sites,people_80-84_female_hispanic,vstat_C0242379_US_PRI_80-84_female_hispanic,US_PRI,United States and Puerto Rico,United States and Puerto Rico
,Lung and Bronchus,22030,Female,F,1999,1999.0,80-84 years,80-84,Non-Hispanic,2186-5,8277,C0242379,Malignant neoplasm of lung,C1513750,Multiple Cancer Sites,people_80-84_female_non-hispanic,vstat_C0242379_US_PRI_80-84_female_non-hispanic,US_PRI,United States and Puerto Rico,United States and Puerto Rico
,Lung and Bronchus,22030,Female,F,1999,1999.0,85+ years,85+,Hispanic,2135-2,196,C0242379,Malignant neoplasm of lung,C1513750,Multiple Cancer Sites,people_85+_female_hispanic,vstat_C0242379_US_PRI_85+_female_hispanic,US_PRI,United States and Puerto Rico,United States and Puerto Rico
,Lung and Bronchus,22030,Female,F,1999,1999.0,85+ years,85+,Non-Hispanic,2186-5,5393,C0242379,Malignant neoplasm of lung,C1513750,Multiple Cancer Sites,people_85+_female_non-hispanic,vstat_C0242379_US_PRI_85+_female_non-hispanic,US_PRI,United States and Puerto Rico,United States and Puerto Rico
,Lung and Bronchus,22030,Female,F,2000,2000.0,20-24 years,20-24,Non-Hispanic,2186-5,26,C0242379,Malignant neoplasm of lung,C1513750,Multiple Cancer Sites,people_20-24_female_non-hispanic,vstat_C0242379_US_PRI_20-24_female_non-hispanic,US_PRI,United States and Puerto Rico,United States and Puerto Rico
,Lung and Bronchus,22030,Female,F,2000,2000.0,25-29 years,25-29,Non-Hispanic,2186-5,52,C0242379,Malignant neoplasm of lung,C1513750,Multiple Cancer Sites,people_25-29_female_non-hispanic,vstat_C0242379_US_PRI_25-29_female_non-hispanic,US_PRI,United States and Puerto Rico,United States and Puerto Rico
,Lung and Bronchus,22030,Female,F,2000,2000.0,30-34 years,30-34,Non-Hispanic,2186-5,147,C0242379,Malignant neoplasm of lung,C1513750,Multiple Cancer Sites,people_30-34_female_non-hispanic,vstat_C0242379_US_PRI_30-34_female_non-hispanic,US_PRI,United States and Puerto Rico,United States and Puerto Rico
,Lung and Bronchus,22030,Female,F,2000,2000.0,35-39 years,35-39,Hispanic,2135-2,36,C0242379,Malignant neoplasm of lung,C1513750,Multiple Cancer Sites,people_35-39_female_hispanic,vstat_C0242379_US_PRI_35-39_female_hispanic,US_PRI,United States and Puerto Rico,United States and Puerto Rico
,Lung and Bronchus,22030,Female,F,2000,2000.0,35-39 years,35-39,Non-Hispanic,2186-5,547,C0242379,Malignant neoplasm of lung,C1513750,Multiple Cancer Sites,people_35-39_female_non-hispanic,vstat_C0242379_US_PRI_35-39_female_non-hispanic,US_PRI,United States and Puerto Rico,United States and Puerto Rico
,Lung and Bronchus,22030,Female,F,2000,2000.0,40-44 years,40-44,Hispanic,2135-2,78,C0242379,Malignant neoplasm of lung,C1513750,Multiple Cancer Sites,people_40-44_female_hispanic,vstat_C0242379_US_PRI_40-44_female_hispanic,US_PRI,United States and Puerto Rico,United States and Puerto Rico
,Lung and Bronchus,22030,Female,F,2000,2000.0,40-44 years,40-44,Non-Hispanic,2186-5,1525,C0242379,Malignant neoplasm of lung,C1513750,Multiple Cancer Sites,people_40-44_female_non-hispanic,vstat_C0242379_US_PRI_40-44_female_non-hispanic,US_PRI,United States and Puerto Rico,United States and Puerto Rico
,Lung and Bronchus,22030,Female,F,2000,2000.0,45-49 years,45-49,Hispanic,2135-2,112,C0242379,Malignant neoplasm of lung,C1513750,Multiple Cancer Sites,people_45-49_female_hispanic,vstat_C0242379_US_PRI_45-49_female_hispanic,US_PRI,United States and Puerto Rico,United States and Puerto Rico
,Lung and Bronchus,22030,Female,F,2000,2000.0,45-49 years,45-49,Non-Hispanic,2186-5,2580,C0242379,Malignant neoplasm of lung,C1513750,Multiple Cancer Sites,people_45-49_female_non-hispanic,vstat_C0242379_US_PRI_45-49_female_non-hispanic,US_PRI,United States and Puerto Rico,United States and Puerto Rico
,Lung and Bronchus,22030,Female,F,2000,2000.0,50-54 years,50-54,Hispanic,2135-2,162,C0242379,Malignant neoplasm of lung,C1513750,Multiple Cancer Sites,people_50-54_female_hispanic,vstat_C0242379_US_PRI_50-54_female_hispanic,US_PRI,United States and Puerto Rico,United States and Puerto Rico
,Lung and Bronchus,22030,Female,F,2000,2000.0,50-54 years,50-54,Non-Hispanic,2186-5,4656,C0242379,Malignant neoplasm of lung,C1513750,Multiple Cancer Sites,people_50-54_female_non-hispanic,vstat_C0242379_US_PRI_50-54_female_non-hispanic,US_PRI,United States and Puerto Rico,United States and Puerto Rico
,Lung and Bronchus,22030,Female,F,2000,2000.0,55-59 years,55-59,Hispanic,2135-2,231,C0242379,Malignant neoplasm of lung,C1513750,Multiple Cancer Sites,people_55-59_female_hispanic,vstat_C0242379_US_PRI_55-59_female_hispanic,US_PRI,United States and Puerto Rico,United States and Puerto Rico
,Lung and Bronchus,22030,Female,F,2000,2000.0,55-59 years,55-59,Non-Hispanic,2186-5,7246,C0242379,Malignant neoplasm of lung,C1513750,Multiple Cancer Sites,people_55-59_female_non-hispanic,vstat_C0242379_US_PRI_55-59_female_non-hispanic,US_PRI,United States and Puerto Rico,United States and Puerto Rico
,Lung and Bronchus,22030,Female,F,2000,2000.0,60-64 years ,60-64,Hispanic,2135-2,283,C0242379,Malignant neoplasm of lung,C1513750,Multiple Cancer Sites,people_60-64_female_hispanic,vstat_C0242379_US_PRI_60-64_female_hispanic,US_PRI,United States and Puerto Rico,United States and Puerto Rico
,Lung and Bronchus,22030,Female,F,2000,2000.0,60-64 years ,60-64,Non-Hispanic,2186-5,9536,C0242379,Malignant neoplasm of lung,C1513750,Multiple Cancer Sites,people_60-64_female_non-hispanic,vstat_C0242379_US_PRI_60-64_female_non-hispanic,US_PRI,United States and Puerto Rico,United States and Puerto Rico
,Lung and Bronchus,22030,Female,F,2000,2000.0,65-69 years,65-69,Hispanic,2135-2,356,C0242379,Malignant neoplasm of lung,C1513750,Multiple Cancer Sites,people_65-69_female_hispanic,vstat_C0242379_US_PRI_65-69_female_hispanic,US_PRI,United States and Puerto Rico,United States and Puerto Rico
,Lung and Bronchus,22030,Female,F,2000,2000.0,65-69 years,65-69,Non-Hispanic,2186-5,12274,C0242379,Malignant neoplasm of lung,C1513750,Multiple Cancer Sites,people_65-69_female_non-hispanic,vstat_C0242379_US_PRI_65-69_female_non-hispanic,US_PRI,United States and Puerto Rico,United States and Puerto Rico
,Lung and Bronchus,22030,Female,F,2000,2000.0,70-74 years,70-74,Hispanic,2135-2,353,C0242379,Malignant neoplasm of lung,C1513750,Multiple Cancer Sites,people_70-74_female_hispanic,vstat_C0242379_US_PRI_70-74_female_hispanic,US_PRI,United States and Puerto Rico,United States and Puerto Rico
,Lung and Bronchus,22030,Female,F,2000,2000.0,70-74 years,70-74,Non-Hispanic,2186-5,14782,C0242379,Malignant neoplasm of lung,C1513750,Multiple Cancer Sites,people_70-74_female_non-hispanic,vstat_C0242379_US_PRI_70-74_female_non-hispanic,US_PRI,United States and Puerto Rico,United States and Puerto Rico
,Lung and Bronchus,22030,Female,F,2000,2000.0,75-79 years,75-79,Hispanic,2135-2,299,C0242379,Malignant neoplasm of lung,C1513750,Multiple Cancer Sites,people_75-79_female_hispanic,vstat_C0242379_US_PRI_75-79_female_hispanic,US_PRI,United States and Puerto Rico,United States and Puerto Rico
,Lung and Bronchus,22030,Female,F,2000,2000.0,75-79 years,75-79,Non-Hispanic,2186-5,13533,C0242379,Malignant neoplasm of lung,C1513750,Multiple Cancer Sites,people_75-79_female_non-hispanic,vstat_C0242379_US_PRI_75-79_female_non-hispanic,US_PRI,United States and Puerto Rico,United States and Puerto Rico
,Lung and Bronchus,22030,Female,F,2000,2000.0,80-84 years,80-84,Hispanic,2135-2,206,C0242379,Malignant neoplasm of lung,C1513750,Multiple Cancer Sites,people_80-84_female_hispanic,vstat_C0242379_US_PRI_80-84_female_hispanic,US_PRI,United States and Puerto Rico,United States and Puerto Rico
,Lung and Bronchus,22030,Female,F,2000,2000.0,80-84 years,80-84,Non-Hispanic,2186-5,8638,C0242379,Malignant neoplasm of lung,C1513750,Multiple Cancer Sites,people_80-84_female_non-hispanic,vstat_C0242379_US_PRI_80-84_female_non-hispanic,US_PRI,United States and Puerto Rico,United States and Puerto Rico
,Lung and Bronchus,22030,Female,F,2000,2000.0,85+ years,85+,Hispanic,2135-2,177,C0242379,Malignant neoplasm of lung,C1513750,Multiple Cancer Sites,people_85+_female_hispanic,vstat_C0242379_US_PRI_85+_female_hispanic,US_PRI,United States and Puerto Rico,United States and Puerto Rico
,Lung and Bronchus,22030,Female,F,2000,2000.0,85+ years,85+,Non-Hispanic,2186-5,5640,C0242379,Malignant neoplasm of lung,C1513750,Multiple Cancer Sites,people_85+_female_non-hispanic,vstat_C0242379_US_PRI_85+_female_non-hispanic,US_PRI,United States and Puerto Rico,United States and Puerto Rico
,Lung and Bronchus,22030,Female,F,2001,2001.0,20-24 years,20-24,Non-Hispanic,2186-5,17,C0242379,Malignant neoplasm of lung,C1513750,Multiple Cancer Sites,people_20-24_female_non-hispanic,vstat_C0242379_US_PRI_20-24_female_non-hispanic,US_PRI,United States and Puerto Rico,United States and Puerto Rico
,Lung and Bronchus,22030,Female,F,2001,2001.0,25-29 years,25-29,Non-Hispanic,2186-5,45,C0242379,Malignant neoplasm of lung,C1513750,Multiple Cancer Sites,people_25-29_female_non-hispanic,vstat_C0242379_US_PRI_25-29_female_non-hispanic,US_PRI,United States and Puerto Rico,United States and Puerto Rico
,Lung and Bronchus,22030,Female,F,2001,2001.0,30-34 years,30-34,Non-Hispanic,2186-5,126,C0242379,Malignant neoplasm of lung,C1513750,Multiple Cancer Sites,people_30-34_female_non-hispanic,vstat_C0242379_US_PRI_30-34_female_non-hispanic,US_PRI,United States and Puerto Rico,United States and Puerto Rico
,Lung and Bronchus,22030,Female,F,2001,2001.0,35-39 years,35-39,Hispanic,2135-2,24,C0242379,Malignant neoplasm of lung,C1513750,Multiple Cancer Sites,people_35-39_female_hispanic,vstat_C0242379_US_PRI_35-39_female_hispanic,US_PRI,United States and Puerto Rico,United States and Puerto Rico
,Lung and Bronchus,22030,Female,F,2001,2001.0,35-39 years,35-39,Non-Hispanic,2186-5,555,C0242379,Malignant neoplasm of lung,C1513750,Multiple Cancer Sites,people_35-39_female_non-hispanic,vstat_C0242379_US_PRI_35-39_female_non-hispanic,US_PRI,United States and Puerto Rico,United States and Puerto Rico
,Lung and Bronchus,22030,Female,F,2001,2001.0,40-44 years,40-44,Hispanic,2135-2,81,C0242379,Malignant neoplasm of lung,C1513750,Multiple Cancer Sites,people_40-44_female_hispanic,vstat_C0242379_US_PRI_40-44_female_hispanic,US_PRI,United States and Puerto Rico,United States and Puerto Rico
,Lung and Bronchus,22030,Female,F,2001,2001.0,40-44 years,40-44,Non-Hispanic,2186-5,1509,C0242379,Malignant neoplasm of lung,C1513750,Multiple Cancer Sites,people_40-44_female_non-hispanic,vstat_C0242379_US_PRI_40-44_female_non-hispanic,US_PRI,United States and Puerto Rico,United States and Puerto Rico
,Lung and Bronchus,22030,Female,F,2001,2001.0,45-49 years,45-49,Hispanic,2135-2,96,C0242379,Malignant neoplasm of lung,C1513750,Multiple Cancer Sites,people_45-49_female_hispanic,vstat_C0242379_US_PRI_45-49_female_hispanic,US_PRI,United States and Puerto Rico,United States and Puerto Rico
,Lung and Bronchus,22030,Female,F,2001,2001.0,45-49 years,45-49,Non-Hispanic,2186-5,2651,C0242379,Malignant neoplasm of lung,C1513750,Multiple Cancer Sites,people_45-49_female_non-hispanic,vstat_C0242379_US_PRI_45-49_female_non-hispanic,US_PRI,United States and Puerto Rico,United States and Puerto Rico
,Lung and Bronchus,22030,Female,F,2001,2001.0,50-54 years,50-54,Hispanic,2135-2,177,C0242379,Malignant neoplasm of lung,C1513750,Multiple Cancer Sites,people_50-54_female_hispanic,vstat_C0242379_US_PRI_50-54_female_hispanic,US_PRI,United States and Puerto Rico,United States and Puerto Rico
,Lung and Bronchus,22030,Female,F,2001,2001.0,50-54 years,50-54,Non-Hispanic,2186-5,4675,C0242379,Malignant neoplasm of lung,C1513750,Multiple Cancer Sites,people_50-54_female_non-hispanic,vstat_C0242379_US_PRI_50-54_female_non-hispanic,US_PRI,United States and Puerto Rico,United States and Puerto Rico
,Lung and Bronchus,22030,Female,F,2001,2001.0,55-59 years,55-59,Hispanic,2135-2,214,C0242379,Malignant neoplasm of lung,C1513750,Multiple Cancer Sites,people_55-59_female_hispanic,vstat_C0242379_US_PRI_55-59_female_hispanic,US_PRI,United States and Puerto Rico,United States and Puerto Rico
,Lung and Bronchus,22030,Female,F,2001,2001.0,55-59 years,55-59,Non-Hispanic,2186-5,7545,C0242379,Malignant neoplasm of lung,C1513750,Multiple Cancer Sites,people_55-59_female_non-hispanic,vstat_C0242379_US_PRI_55-59_female_non-hispanic,US_PRI,United States and Puerto Rico,United States and Puerto Rico
,Lung and Bronchus,22030,Female,F,2001,2001.0,60-64 years ,60-64,Hispanic,2135-2,338,C0242379,Malignant neoplasm of lung,C1513750,Multiple Cancer Sites,people_60-64_female_hispanic,vstat_C0242379_US_PRI_60-64_female_hispanic,US_PRI,United States and Puerto Rico,United States and Puerto Rico
,Lung and Bronchus,22030,Female,F,2001,2001.0,60-64 years ,60-64,Non-Hispanic,2186-5,9695,C0242379,Malignant neoplasm of lung,C1513750,Multiple Cancer Sites,people_60-64_female_non-hispanic,vstat_C0242379_US_PRI_60-64_female_non-hispanic,US_PRI,United States and Puerto Rico,United States and Puerto Rico
,Lung and Bronchus,22030,Female,F,2001,2001.0,65-69 years,65-69,Hispanic,2135-2,390,C0242379,Malignant neoplasm of lung,C1513750,Multiple Cancer Sites,people_65-69_female_hispanic,vstat_C0242379_US_PRI_65-69_female_hispanic,US_PRI,United States and Puerto Rico,United States and Puerto Rico
,Lung and Bronchus,22030,Female,F,2001,2001.0,65-69 years,65-69,Non-Hispanic,2186-5,12576,C0242379,Malignant neoplasm of lung,C1513750,Multiple Cancer Sites,people_65-69_female_non-hispanic,vstat_C0242379_US_PRI_65-69_female_non-hispanic,US_PRI,United States and Puerto Rico,United States and Puerto Rico
,Lung and Bronchus,22030,Female,F,2001,2001.0,70-74 years,70-74,Hispanic,2135-2,449,C0242379,Malignant neoplasm of lung,C1513750,Multiple Cancer Sites,people_70-74_female_hispanic,vstat_C0242379_US_PRI_70-74_female_hispanic,US_PRI,United States and Puerto Rico,United States and Puerto Rico
,Lung and Bronchus,22030,Female,F,2001,2001.0,70-74 years,70-74,Non-Hispanic,2186-5,14744,C0242379,Malignant neoplasm of lung,C1513750,Multiple Cancer Sites,people_70-74_female_non-hispanic,vstat_C0242379_US_PRI_70-74_female_non-hispanic,US_PRI,United States and Puerto Rico,United States and Puerto Rico
,Lung and Bronchus,22030,Female,F,2001,2001.0,75-79 years,75-79,Hispanic,2135-2,356,C0242379,Malignant neoplasm of lung,C1513750,Multiple Cancer Sites,people_75-79_female_hispanic,vstat_C0242379_US_PRI_75-79_female_hispanic,US_PRI,United States and Puerto Rico,United States and Puerto Rico
,Lung and Bronchus,22030,Female,F,2001,2001.0,75-79 years,75-79,Non-Hispanic,2186-5,14028,C0242379,Malignant neoplasm of lung,C1513750,Multiple Cancer Sites,people_75-79_female_non-hispanic,vstat_C0242379_US_PRI_75-79_female_non-hispanic,US_PRI,United States and Puerto Rico,United States and Puerto Rico
,Lung and Bronchus,22030,Female,F,2001,2001.0,80-84 years,80-84,Hispanic,2135-2,204,C0242379,Malignant neoplasm of lung,C1513750,Multiple Cancer Sites,people_80-84_female_hispanic,vstat_C0242379_US_PRI_80-84_female_hispanic,US_PRI,United States and Puerto Rico,United States and Puerto Rico
,Lung and Bronchus,22030,Female,F,2001,2001.0,80-84 years,80-84,Non-Hispanic,2186-5,9121,C0242379,Malignant neoplasm of lung,C1513750,Multiple Cancer Sites,people_80-84_female_non-hispanic,vstat_C0242379_US_PRI_80-84_female_non-hispanic,US_PRI,United States and Puerto Rico,United States and Puerto Rico
,Lung and Bronchus,22030,Female,F,2001,2001.0,85+ years,85+,Hispanic,2135-2,192,C0242379,Malignant neoplasm of lung,C1513750,Multiple Cancer Sites,people_85+_female_hispanic,vstat_C0242379_US_PRI_85+_female_hispanic,US_PRI,United States and Puerto Rico,United States and Puerto Rico
,Lung and Bronchus,22030,Female,F,2001,2001.0,85+ years,85+,Non-Hispanic,2186-5,6054,C0242379,Malignant neoplasm of lung,C1513750,Multiple Cancer Sites,people_85+_female_non-hispanic,vstat_C0242379_US_PRI_85+_female_non-hispanic,US_PRI,United States and Puerto Rico,United States and Puerto Rico
,Lung and Bronchus,22030,Female,F,2002,2002.0,15-19 years,15-19,Non-Hispanic,2186-5,16,C0242379,Malignant neoplasm of lung,C1513750,Multiple Cancer Sites,people_15-19_female_non-hispanic,vstat_C0242379_US_PRI_15-19_female_non-hispanic,US_PRI,United States and Puerto Rico,United States and Puerto Rico
,Lung and Bronchus,22030,Female,F,2002,2002.0,20-24 years,20-24,Non-Hispanic,2186-5,21,C0242379,Malignant neoplasm of lung,C1513750,Multiple Cancer Sites,people_20-24_female_non-hispanic,vstat_C0242379_US_PRI_20-24_female_non-hispanic,US_PRI,United States and Puerto Rico,United States and Puerto Rico
,Lung and Bronchus,22030,Female,F,2002,2002.0,25-29 years,25-29,Non-Hispanic,2186-5,44,C0242379,Malignant neoplasm of lung,C1513750,Multiple Cancer Sites,people_25-29_female_non-hispanic,vstat_C0242379_US_PRI_25-29_female_non-hispanic,US_PRI,United States and Puerto Rico,United States and Puerto Rico
,Lung and Bronchus,22030,Female,F,2002,2002.0,30-34 years,30-34,Non-Hispanic,2186-5,113,C0242379,Malignant neoplasm of lung,C1513750,Multiple Cancer Sites,people_30-34_female_non-hispanic,vstat_C0242379_US_PRI_30-34_female_non-hispanic,US_PRI,United States and Puerto Rico,United States and Puerto Rico
,Lung and Bronchus,22030,Female,F,2002,2002.0,35-39 years,35-39,Hispanic,2135-2,28,C0242379,Malignant neoplasm of lung,C1513750,Multiple Cancer Sites,people_35-39_female_hispanic,vstat_C0242379_US_PRI_35-39_female_hispanic,US_PRI,United States and Puerto Rico,United States and Puerto Rico
,Lung and Bronchus,22030,Female,F,2002,2002.0,35-39 years,35-39,Non-Hispanic,2186-5,464,C0242379,Malignant neoplasm of lung,C1513750,Multiple Cancer Sites,people_35-39_female_non-hispanic,vstat_C0242379_US_PRI_35-39_female_non-hispanic,US_PRI,United States and Puerto Rico,United States and Puerto Rico
,Lung and Bronchus,22030,Female,F,2002,2002.0,40-44 years,40-44,Hispanic,2135-2,88,C0242379,Malignant neoplasm of lung,C1513750,Multiple Cancer Sites,people_40-44_female_hispanic,vstat_C0242379_US_PRI_40-44_female_hispanic,US_PRI,United States and Puerto Rico,United States and Puerto Rico
,Lung and Bronchus,22030,Female,F,2002,2002.0,40-44 years,40-44,Non-Hispanic,2186-5,1551,C0242379,Malignant neoplasm of lung,C1513750,Multiple Cancer Sites,people_40-44_female_non-hispanic,vstat_C0242379_US_PRI_40-44_female_non-hispanic,US_PRI,United States and Puerto Rico,United States and Puerto Rico
,Lung and Bronchus,22030,Female,F,2002,2002.0,45-49 years,45-49,Hispanic,2135-2,128,C0242379,Malignant neoplasm of lung,C1513750,Multiple Cancer Sites,people_45-49_female_hispanic,vstat_C0242379_US_PRI_45-49_female_hispanic,US_PRI,United States and Puerto Rico,United States and Puerto Rico
,Lung and Bronchus,22030,Female,F,2002,2002.0,45-49 years,45-49,Non-Hispanic,2186-5,2882,C0242379,Malignant neoplasm of lung,C1513750,Multiple Cancer Sites,people_45-49_female_non-hispanic,vstat_C0242379_US_PRI_45-49_female_non-hispanic,US_PRI,United States and Puerto Rico,United States and Puerto Rico
,Lung and Bronchus,22030,Female,F,2002,2002.0,50-54 years,50-54,Hispanic,2135-2,179,C0242379,Malignant neoplasm of lung,C1513750,Multiple Cancer Sites,people_50-54_female_hispanic,vstat_C0242379_US_PRI_50-54_female_hispanic,US_PRI,United States and Puerto Rico,United States and Puerto Rico
,Lung and Bronchus,22030,Female,F,2002,2002.0,50-54 years,50-54,Non-Hispanic,2186-5,4749,C0242379,Malignant neoplasm of lung,C1513750,Multiple Cancer Sites,people_50-54_female_non-hispanic,vstat_C0242379_US_PRI_50-54_female_non-hispanic,US_PRI,United States and Puerto Rico,United States and Puerto Rico
,Lung and Bronchus,22030,Female,F,2002,2002.0,55-59 years,55-59,Hispanic,2135-2,260,C0242379,Malignant neoplasm of lung,C1513750,Multiple Cancer Sites,people_55-59_female_hispanic,vstat_C0242379_US_PRI_55-59_female_hispanic,US_PRI,United States and Puerto Rico,United States and Puerto Rico
,Lung and Bronchus,22030,Female,F,2002,2002.0,55-59 years,55-59,Non-Hispanic,2186-5,7596,C0242379,Malignant neoplasm of lung,C1513750,Multiple Cancer Sites,people_55-59_female_non-hispanic,vstat_C0242379_US_PRI_55-59_female_non-hispanic,US_PRI,United States and Puerto Rico,United States and Puerto Rico
,Lung and Bronchus,22030,Female,F,2002,2002.0,60-64 years ,60-64,Hispanic,2135-2,298,C0242379,Malignant neoplasm of lung,C1513750,Multiple Cancer Sites,people_60-64_female_hispanic,vstat_C0242379_US_PRI_60-64_female_hispanic,US_PRI,United States and Puerto Rico,United States and Puerto Rico
,Lung and Bronchus,22030,Female,F,2002,2002.0,60-64 years ,60-64,Non-Hispanic,2186-5,10141,C0242379,Malignant neoplasm of lung,C1513750,Multiple Cancer Sites,people_60-64_female_non-hispanic,vstat_C0242379_US_PRI_60-64_female_non-hispanic,US_PRI,United States and Puerto Rico,United States and Puerto Rico
,Lung and Bronchus,22030,Female,F,2002,2002.0,65-69 years,65-69,Hispanic,2135-2,381,C0242379,Malignant neoplasm of lung,C1513750,Multiple Cancer Sites,people_65-69_female_hispanic,vstat_C0242379_US_PRI_65-69_female_hispanic,US_PRI,United States and Puerto Rico,United States and Puerto Rico
,Lung and Bronchus,22030,Female,F,2002,2002.0,65-69 years,65-69,Non-Hispanic,2186-5,12423,C0242379,Malignant neoplasm of lung,C1513750,Multiple Cancer Sites,people_65-69_female_non-hispanic,vstat_C0242379_US_PRI_65-69_female_non-hispanic,US_PRI,United States and Puerto Rico,United States and Puerto Rico
,Lung and Bronchus,22030,Female,F,2002,2002.0,70-74 years,70-74,Hispanic,2135-2,454,C0242379,Malignant neoplasm of lung,C1513750,Multiple Cancer Sites,people_70-74_female_hispanic,vstat_C0242379_US_PRI_70-74_female_hispanic,US_PRI,United States and Puerto Rico,United States and Puerto Rico
,Lung and Bronchus,22030,Female,F,2002,2002.0,70-74 years,70-74,Non-Hispanic,2186-5,14902,C0242379,Malignant neoplasm of lung,C1513750,Multiple Cancer Sites,people_70-74_female_non-hispanic,vstat_C0242379_US_PRI_70-74_female_non-hispanic,US_PRI,United States and Puerto Rico,United States and Puerto Rico
,Lung and Bronchus,22030,Female,F,2002,2002.0,75-79 years,75-79,Hispanic,2135-2,385,C0242379,Malignant neoplasm of lung,C1513750,Multiple Cancer Sites,people_75-79_female_hispanic,vstat_C0242379_US_PRI_75-79_female_hispanic,US_PRI,United States and Puerto Rico,United States and Puerto Rico
,Lung and Bronchus,22030,Female,F,2002,2002.0,75-79 years,75-79,Non-Hispanic,2186-5,14406,C0242379,Malignant neoplasm of lung,C1513750,Multiple Cancer Sites,people_75-79_female_non-hispanic,vstat_C0242379_US_PRI_75-79_female_non-hispanic,US_PRI,United States and Puerto Rico,United States and Puerto Rico
,Lung and Bronchus,22030,Female,F,2002,2002.0,80-84 years,80-84,Hispanic,2135-2,239,C0242379,Malignant neoplasm of lung,C1513750,Multiple Cancer Sites,people_80-84_female_hispanic,vstat_C0242379_US_PRI_80-84_female_hispanic,US_PRI,United States and Puerto Rico,United States and Puerto Rico
,Lung and Bronchus,22030,Female,F,2002,2002.0,80-84 years,80-84,Non-Hispanic,2186-5,9889,C0242379,Malignant neoplasm of lung,C1513750,Multiple Cancer Sites,people_80-84_female_non-hispanic,vstat_C0242379_US_PRI_80-84_female_non-hispanic,US_PRI,United States and Puerto Rico,United States and Puerto Rico
,Lung and Bronchus,22030,Female,F,2002,2002.0,85+ years,85+,Hispanic,2135-2,184,C0242379,Malignant neoplasm of lung,C1513750,Multiple Cancer Sites,people_85+_female_hispanic,vstat_C0242379_US_PRI_85+_female_hispanic,US_PRI,United States and Puerto Rico,United States and Puerto Rico
,Lung and Bronchus,22030,Female,F,2002,2002.0,85+ years,85+,Non-Hispanic,2186-5,6335,C0242379,Malignant neoplasm of lung,C1513750,Multiple Cancer Sites,people_85+_female_non-hispanic,vstat_C0242379_US_PRI_85+_female_non-hispanic,US_PRI,United States and Puerto Rico,United States and Puerto Rico
,Lung and Bronchus,22030,Female,F,2003,2003.0,20-24 years,20-24,Non-Hispanic,2186-5,22,C0242379,Malignant neoplasm of lung,C1513750,Multiple Cancer Sites,people_20-24_female_non-hispanic,vstat_C0242379_US_PRI_20-24_female_non-hispanic,US_PRI,United States and Puerto Rico,United States and Puerto Rico
,Lung and Bronchus,22030,Female,F,2003,2003.0,25-29 years,25-29,Non-Hispanic,2186-5,43,C0242379,Malignant neoplasm of lung,C1513750,Multiple Cancer Sites,people_25-29_female_non-hispanic,vstat_C0242379_US_PRI_25-29_female_non-hispanic,US_PRI,United States and Puerto Rico,United States and Puerto Rico
,Lung and Bronchus,22030,Female,F,2003,2003.0,30-34 years,30-34,Non-Hispanic,2186-5,128,C0242379,Malignant neoplasm of lung,C1513750,Multiple Cancer Sites,people_30-34_female_non-hispanic,vstat_C0242379_US_PRI_30-34_female_non-hispanic,US_PRI,United States and Puerto Rico,United States and Puerto Rico
,Lung and Bronchus,22030,Female,F,2003,2003.0,35-39 years,35-39,Hispanic,2135-2,33,C0242379,Malignant neoplasm of lung,C1513750,Multiple Cancer Sites,people_35-39_female_hispanic,vstat_C0242379_US_PRI_35-39_female_hispanic,US_PRI,United States and Puerto Rico,United States and Puerto Rico
,Lung and Bronchus,22030,Female,F,2003,2003.0,35-39 years,35-39,Non-Hispanic,2186-5,457,C0242379,Malignant neoplasm of lung,C1513750,Multiple Cancer Sites,people_35-39_female_non-hispanic,vstat_C0242379_US_PRI_35-39_female_non-hispanic,US_PRI,United States and Puerto Rico,United States and Puerto Rico
,Lung and Bronchus,22030,Female,F,2003,2003.0,40-44 years,40-44,Hispanic,2135-2,64,C0242379,Malignant neoplasm of lung,C1513750,Multiple Cancer Sites,people_40-44_female_hispanic,vstat_C0242379_US_PRI_40-44_female_hispanic,US_PRI,United States and Puerto Rico,United States and Puerto Rico
,Lung and Bronchus,22030,Female,F,2003,2003.0,40-44 years,40-44,Non-Hispanic,2186-5,1592,C0242379,Malignant neoplasm of lung,C1513750,Multiple Cancer Sites,people_40-44_female_non-hispanic,vstat_C0242379_US_PRI_40-44_female_non-hispanic,US_PRI,United States and Puerto Rico,United States and Puerto Rico
,Lung and Bronchus,22030,Female,F,2003,2003.0,45-49 years,45-49,Hispanic,2135-2,122,C0242379,Malignant neoplasm of lung,C1513750,Multiple Cancer Sites,people_45-49_female_hispanic,vstat_C0242379_US_PRI_45-49_female_hispanic,US_PRI,United States and Puerto Rico,United States and Puerto Rico
,Lung and Bronchus,22030,Female,F,2003,2003.0,45-49 years,45-49,Non-Hispanic,2186-5,3145,C0242379,Malignant neoplasm of lung,C1513750,Multiple Cancer Sites,people_45-49_female_non-hispanic,vstat_C0242379_US_PRI_45-49_female_non-hispanic,US_PRI,United States and Puerto Rico,United States and Puerto Rico
,Lung and Bronchus,22030,Female,F,2003,2003.0,50-54 years,50-54,Hispanic,2135-2,181,C0242379,Malignant neoplasm of lung,C1513750,Multiple Cancer Sites,people_50-54_female_hispanic,vstat_C0242379_US_PRI_50-54_female_hispanic,US_PRI,United States and Puerto Rico,United States and Puerto Rico
,Lung and Bronchus,22030,Female,F,2003,2003.0,50-54 years,50-54,Non-Hispanic,2186-5,4755,C0242379,Malignant neoplasm of lung,C1513750,Multiple Cancer Sites,people_50-54_female_non-hispanic,vstat_C0242379_US_PRI_50-54_female_non-hispanic,US_PRI,United States and Puerto Rico,United States and Puerto Rico
,Lung and Bronchus,22030,Female,F,2003,2003.0,55-59 years,55-59,Hispanic,2135-2,283,C0242379,Malignant neoplasm of lung,C1513750,Multiple Cancer Sites,people_55-59_female_hispanic,vstat_C0242379_US_PRI_55-59_female_hispanic,US_PRI,United States and Puerto Rico,United States and Puerto Rico
,Lung and Bronchus,22030,Female,F,2003,2003.0,55-59 years,55-59,Non-Hispanic,2186-5,7782,C0242379,Malignant neoplasm of lung,C1513750,Multiple Cancer Sites,people_55-59_female_non-hispanic,vstat_C0242379_US_PRI_55-59_female_non-hispanic,US_PRI,United States and Puerto Rico,United States and Puerto Rico
,Lung and Bronchus,22030,Female,F,2003,2003.0,60-64 years ,60-64,Hispanic,2135-2,340,C0242379,Malignant neoplasm of lung,C1513750,Multiple Cancer Sites,people_60-64_female_hispanic,vstat_C0242379_US_PRI_60-64_female_hispanic,US_PRI,United States and Puerto Rico,United States and Puerto Rico
,Lung and Bronchus,22030,Female,F,2003,2003.0,60-64 years ,60-64,Non-Hispanic,2186-5,10567,C0242379,Malignant neoplasm of lung,C1513750,Multiple Cancer Sites,people_60-64_female_non-hispanic,vstat_C0242379_US_PRI_60-64_female_non-hispanic,US_PRI,United States and Puerto Rico,United States and Puerto Rico
,Lung and Bronchus,22030,Female,F,2003,2003.0,65-69 years,65-69,Hispanic,2135-2,389,C0242379,Malignant neoplasm of lung,C1513750,Multiple Cancer Sites,people_65-69_female_hispanic,vstat_C0242379_US_PRI_65-69_female_hispanic,US_PRI,United States and Puerto Rico,United States and Puerto Rico
,Lung and Bronchus,22030,Female,F,2003,2003.0,65-69 years,65-69,Non-Hispanic,2186-5,13100,C0242379,Malignant neoplasm of lung,C1513750,Multiple Cancer Sites,people_65-69_female_non-hispanic,vstat_C0242379_US_PRI_65-69_female_non-hispanic,US_PRI,United States and Puerto Rico,United States and Puerto Rico
,Lung and Bronchus,22030,Female,F,2003,2003.0,70-74 years,70-74,Hispanic,2135-2,443,C0242379,Malignant neoplasm of lung,C1513750,Multiple Cancer Sites,people_70-74_female_hispanic,vstat_C0242379_US_PRI_70-74_female_hispanic,US_PRI,United States and Puerto Rico,United States and Puerto Rico
,Lung and Bronchus,22030,Female,F,2003,2003.0,70-74 years,70-74,Non-Hispanic,2186-5,15051,C0242379,Malignant neoplasm of lung,C1513750,Multiple Cancer Sites,people_70-74_female_non-hispanic,vstat_C0242379_US_PRI_70-74_female_non-hispanic,US_PRI,United States and Puerto Rico,United States and Puerto Rico
,Lung and Bronchus,22030,Female,F,2003,2003.0,75-79 years,75-79,Hispanic,2135-2,452,C0242379,Malignant neoplasm of lung,C1513750,Multiple Cancer Sites,people_75-79_female_hispanic,vstat_C0242379_US_PRI_75-79_female_hispanic,US_PRI,United States and Puerto Rico,United States and Puerto Rico
,Lung and Bronchus,22030,Female,F,2003,2003.0,75-79 years,75-79,Non-Hispanic,2186-5,14805,C0242379,Malignant neoplasm of lung,C1513750,Multiple Cancer Sites,people_75-79_female_non-hispanic,vstat_C0242379_US_PRI_75-79_female_non-hispanic,US_PRI,United States and Puerto Rico,United States and Puerto Rico
,Lung and Bronchus,22030,Female,F,2003,2003.0,80-84 years,80-84,Hispanic,2135-2,270,C0242379,Malignant neoplasm of lung,C1513750,Multiple Cancer Sites,people_80-84_female_hispanic,vstat_C0242379_US_PRI_80-84_female_hispanic,US_PRI,United States and Puerto Rico,United States and Puerto Rico
,Lung and Bronchus,22030,Female,F,2003,2003.0,80-84 years,80-84,Non-Hispanic,2186-5,10152,C0242379,Malignant neoplasm of lung,C1513750,Multiple Cancer Sites,people_80-84_female_non-hispanic,vstat_C0242379_US_PRI_80-84_female_non-hispanic,US_PRI,United States and Puerto Rico,United States and Puerto Rico
,Lung and Bronchus,22030,Female,F,2003,2003.0,85+ years,85+,Hispanic,2135-2,207,C0242379,Malignant neoplasm of lung,C1513750,Multiple Cancer Sites,people_85+_female_hispanic,vstat_C0242379_US_PRI_85+_female_hispanic,US_PRI,United States and Puerto Rico,United States and Puerto Rico
,Lung and Bronchus,22030,Female,F,2003,2003.0,85+ years,85+,Non-Hispanic,2186-5,6679,C0242379,Malignant neoplasm of lung,C1513750,Multiple Cancer Sites,people_85+_female_non-hispanic,vstat_C0242379_US_PRI_85+_female_non-hispanic,US_PRI,United States and Puerto Rico,United States and Puerto Rico
,Lung and Bronchus,22030,Female,F,2004,2004.0,20-24 years,20-24,Non-Hispanic,2186-5,24,C0242379,Malignant neoplasm of lung,C1513750,Multiple Cancer Sites,people_20-24_female_non-hispanic,vstat_C0242379_US_PRI_20-24_female_non-hispanic,US_PRI,United States and Puerto Rico,United States and Puerto Rico
,Lung and Bronchus,22030,Female,F,2004,2004.0,25-29 years,25-29,Non-Hispanic,2186-5,46,C0242379,Malignant neoplasm of lung,C1513750,Multiple Cancer Sites,people_25-29_female_non-hispanic,vstat_C0242379_US_PRI_25-29_female_non-hispanic,US_PRI,United States and Puerto Rico,United States and Puerto Rico
,Lung and Bronchus,22030,Female,F,2004,2004.0,30-34 years,30-34,Non-Hispanic,2186-5,116,C0242379,Malignant neoplasm of lung,C1513750,Multiple Cancer Sites,people_30-34_female_non-hispanic,vstat_C0242379_US_PRI_30-34_female_non-hispanic,US_PRI,United States and Puerto Rico,United States and Puerto Rico
,Lung and Bronchus,22030,Female,F,2004,2004.0,35-39 years,35-39,Hispanic,2135-2,27,C0242379,Malignant neoplasm of lung,C1513750,Multiple Cancer Sites,people_35-39_female_hispanic,vstat_C0242379_US_PRI_35-39_female_hispanic,US_PRI,United States and Puerto Rico,United States and Puerto Rico
,Lung and Bronchus,22030,Female,F,2004,2004.0,35-39 years,35-39,Non-Hispanic,2186-5,426,C0242379,Malignant neoplasm of lung,C1513750,Multiple Cancer Sites,people_35-39_female_non-hispanic,vstat_C0242379_US_PRI_35-39_female_non-hispanic,US_PRI,United States and Puerto Rico,United States and Puerto Rico
,Lung and Bronchus,22030,Female,F,2004,2004.0,40-44 years,40-44,Hispanic,2135-2,74,C0242379,Malignant neoplasm of lung,C1513750,Multiple Cancer Sites,people_40-44_female_hispanic,vstat_C0242379_US_PRI_40-44_female_hispanic,US_PRI,United States and Puerto Rico,United States and Puerto Rico
,Lung and Bronchus,22030,Female,F,2004,2004.0,40-44 years,40-44,Non-Hispanic,2186-5,1585,C0242379,Malignant neoplasm of lung,C1513750,Multiple Cancer Sites,people_40-44_female_non-hispanic,vstat_C0242379_US_PRI_40-44_female_non-hispanic,US_PRI,United States and Puerto Rico,United States and Puerto Rico
,Lung and Bronchus,22030,Female,F,2004,2004.0,45-49 years,45-49,Hispanic,2135-2,144,C0242379,Malignant neoplasm of lung,C1513750,Multiple Cancer Sites,people_45-49_female_hispanic,vstat_C0242379_US_PRI_45-49_female_hispanic,US_PRI,United States and Puerto Rico,United States and Puerto Rico
,Lung and Bronchus,22030,Female,F,2004,2004.0,45-49 years,45-49,Non-Hispanic,2186-5,3214,C0242379,Malignant neoplasm of lung,C1513750,Multiple Cancer Sites,people_45-49_female_non-hispanic,vstat_C0242379_US_PRI_45-49_female_non-hispanic,US_PRI,United States and Puerto Rico,United States and Puerto Rico
,Lung and Bronchus,22030,Female,F,2004,2004.0,50-54 years,50-54,Hispanic,2135-2,197,C0242379,Malignant neoplasm of lung,C1513750,Multiple Cancer Sites,people_50-54_female_hispanic,vstat_C0242379_US_PRI_50-54_female_hispanic,US_PRI,United States and Puerto Rico,United States and Puerto Rico
,Lung and Bronchus,22030,Female,F,2004,2004.0,50-54 years,50-54,Non-Hispanic,2186-5,4773,C0242379,Malignant neoplasm of lung,C1513750,Multiple Cancer Sites,people_50-54_female_non-hispanic,vstat_C0242379_US_PRI_50-54_female_non-hispanic,US_PRI,United States and Puerto Rico,United States and Puerto Rico
,Lung and Bronchus,22030,Female,F,2004,2004.0,55-59 years,55-59,Hispanic,2135-2,270,C0242379,Malignant neoplasm of lung,C1513750,Multiple Cancer Sites,people_55-59_female_hispanic,vstat_C0242379_US_PRI_55-59_female_hispanic,US_PRI,United States and Puerto Rico,United States and Puerto Rico
,Lung and Bronchus,22030,Female,F,2004,2004.0,55-59 years,55-59,Non-Hispanic,2186-5,7784,C0242379,Malignant neoplasm of lung,C1513750,Multiple Cancer Sites,people_55-59_female_non-hispanic,vstat_C0242379_US_PRI_55-59_female_non-hispanic,US_PRI,United States and Puerto Rico,United States and Puerto Rico
,Lung and Bronchus,22030,Female,F,2004,2004.0,60-64 years ,60-64,Hispanic,2135-2,352,C0242379,Malignant neoplasm of lung,C1513750,Multiple Cancer Sites,people_60-64_female_hispanic,vstat_C0242379_US_PRI_60-64_female_hispanic,US_PRI,United States and Puerto Rico,United States and Puerto Rico
,Lung and Bronchus,22030,Female,F,2004,2004.0,60-64 years ,60-64,Non-Hispanic,2186-5,10933,C0242379,Malignant neoplasm of lung,C1513750,Multiple Cancer Sites,people_60-64_female_non-hispanic,vstat_C0242379_US_PRI_60-64_female_non-hispanic,US_PRI,United States and Puerto Rico,United States and Puerto Rico
,Lung and Bronchus,22030,Female,F,2004,2004.0,65-69 years,65-69,Hispanic,2135-2,409,C0242379,Malignant neoplasm of lung,C1513750,Multiple Cancer Sites,people_65-69_female_hispanic,vstat_C0242379_US_PRI_65-69_female_hispanic,US_PRI,United States and Puerto Rico,United States and Puerto Rico
,Lung and Bronchus,22030,Female,F,2004,2004.0,65-69 years,65-69,Non-Hispanic,2186-5,13310,C0242379,Malignant neoplasm of lung,C1513750,Multiple Cancer Sites,people_65-69_female_non-hispanic,vstat_C0242379_US_PRI_65-69_female_non-hispanic,US_PRI,United States and Puerto Rico,United States and Puerto Rico
,Lung and Bronchus,22030,Female,F,2004,2004.0,70-74 years,70-74,Hispanic,2135-2,481,C0242379,Malignant neoplasm of lung,C1513750,Multiple Cancer Sites,people_70-74_female_hispanic,vstat_C0242379_US_PRI_70-74_female_hispanic,US_PRI,United States and Puerto Rico,United States and Puerto Rico
,Lung and Bronchus,22030,Female,F,2004,2004.0,70-74 years,70-74,Non-Hispanic,2186-5,14850,C0242379,Malignant neoplasm of lung,C1513750,Multiple Cancer Sites,people_70-74_female_non-hispanic,vstat_C0242379_US_PRI_70-74_female_non-hispanic,US_PRI,United States and Puerto Rico,United States and Puerto Rico
,Lung and Bronchus,22030,Female,F,2004,2004.0,75-79 years,75-79,Hispanic,2135-2,441,C0242379,Malignant neoplasm of lung,C1513750,Multiple Cancer Sites,people_75-79_female_hispanic,vstat_C0242379_US_PRI_75-79_female_hispanic,US_PRI,United States and Puerto Rico,United States and Puerto Rico
,Lung and Bronchus,22030,Female,F,2004,2004.0,75-79 years,75-79,Non-Hispanic,2186-5,14801,C0242379,Malignant neoplasm of lung,C1513750,Multiple Cancer Sites,people_75-79_female_non-hispanic,vstat_C0242379_US_PRI_75-79_female_non-hispanic,US_PRI,United States and Puerto Rico,United States and Puerto Rico
,Lung and Bronchus,22030,Female,F,2004,2004.0,80-84 years,80-84,Hispanic,2135-2,322,C0242379,Malignant neoplasm of lung,C1513750,Multiple Cancer Sites,people_80-84_female_hispanic,vstat_C0242379_US_PRI_80-84_female_hispanic,US_PRI,United States and Puerto Rico,United States and Puerto Rico
,Lung and Bronchus,22030,Female,F,2004,2004.0,80-84 years,80-84,Non-Hispanic,2186-5,10577,C0242379,Malignant neoplasm of lung,C1513750,Multiple Cancer Sites,people_80-84_female_non-hispanic,vstat_C0242379_US_PRI_80-84_female_non-hispanic,US_PRI,United States and Puerto Rico,United States and Puerto Rico
,Lung and Bronchus,22030,Female,F,2004,2004.0,85+ years,85+,Hispanic,2135-2,245,C0242379,Malignant neoplasm of lung,C1513750,Multiple Cancer Sites,people_85+_female_hispanic,vstat_C0242379_US_PRI_85+_female_hispanic,US_PRI,United States and Puerto Rico,United States and Puerto Rico
,Lung and Bronchus,22030,Female,F,2004,2004.0,85+ years,85+,Non-Hispanic,2186-5,6949,C0242379,Malignant neoplasm of lung,C1513750,Multiple Cancer Sites,people_85+_female_non-hispanic,vstat_C0242379_US_PRI_85+_female_non-hispanic,US_PRI,United States and Puerto Rico,United States and Puerto Rico
,Lung and Bronchus,22030,Female,F,2005,2005.0,20-24 years,20-24,Non-Hispanic,2186-5,34,C0242379,Malignant neoplasm of lung,C1513750,Multiple Cancer Sites,people_20-24_female_non-hispanic,vstat_C0242379_US_PRI_20-24_female_non-hispanic,US_PRI,United States and Puerto Rico,United States and Puerto Rico
,Lung and Bronchus,22030,Female,F,2005,2005.0,25-29 years,25-29,Non-Hispanic,2186-5,48,C0242379,Malignant neoplasm of lung,C1513750,Multiple Cancer Sites,people_25-29_female_non-hispanic,vstat_C0242379_US_PRI_25-29_female_non-hispanic,US_PRI,United States and Puerto Rico,United States and Puerto Rico
,Lung and Bronchus,22030,Female,F,2005,2005.0,30-34 years,30-34,Hispanic,2135-2,21,C0242379,Malignant neoplasm of lung,C1513750,Multiple Cancer Sites,people_30-34_female_hispanic,vstat_C0242379_US_PRI_30-34_female_hispanic,US_PRI,United States and Puerto Rico,United States and Puerto Rico
,Lung and Bronchus,22030,Female,F,2005,2005.0,30-34 years,30-34,Non-Hispanic,2186-5,111,C0242379,Malignant neoplasm of lung,C1513750,Multiple Cancer Sites,people_30-34_female_non-hispanic,vstat_C0242379_US_PRI_30-34_female_non-hispanic,US_PRI,United States and Puerto Rico,United States and Puerto Rico
,Lung and Bronchus,22030,Female,F,2005,2005.0,35-39 years,35-39,Hispanic,2135-2,33,C0242379,Malignant neoplasm of lung,C1513750,Multiple Cancer Sites,people_35-39_female_hispanic,vstat_C0242379_US_PRI_35-39_female_hispanic,US_PRI,United States and Puerto Rico,United States and Puerto Rico
,Lung and Bronchus,22030,Female,F,2005,2005.0,35-39 years,35-39,Non-Hispanic,2186-5,419,C0242379,Malignant neoplasm of lung,C1513750,Multiple Cancer Sites,people_35-39_female_non-hispanic,vstat_C0242379_US_PRI_35-39_female_non-hispanic,US_PRI,United States and Puerto Rico,United States and Puerto Rico
,Lung and Bronchus,22030,Female,F,2005,2005.0,40-44 years,40-44,Hispanic,2135-2,77,C0242379,Malignant neoplasm of lung,C1513750,Multiple Cancer Sites,people_40-44_female_hispanic,vstat_C0242379_US_PRI_40-44_female_hispanic,US_PRI,United States and Puerto Rico,United States and Puerto Rico
,Lung and Bronchus,22030,Female,F,2005,2005.0,40-44 years,40-44,Non-Hispanic,2186-5,1479,C0242379,Malignant neoplasm of lung,C1513750,Multiple Cancer Sites,people_40-44_female_non-hispanic,vstat_C0242379_US_PRI_40-44_female_non-hispanic,US_PRI,United States and Puerto Rico,United States and Puerto Rico
,Lung and Bronchus,22030,Female,F,2005,2005.0,45-49 years,45-49,Hispanic,2135-2,159,C0242379,Malignant neoplasm of lung,C1513750,Multiple Cancer Sites,people_45-49_female_hispanic,vstat_C0242379_US_PRI_45-49_female_hispanic,US_PRI,United States and Puerto Rico,United States and Puerto Rico
,Lung and Bronchus,22030,Female,F,2005,2005.0,45-49 years,45-49,Non-Hispanic,2186-5,3418,C0242379,Malignant neoplasm of lung,C1513750,Multiple Cancer Sites,people_45-49_female_non-hispanic,vstat_C0242379_US_PRI_45-49_female_non-hispanic,US_PRI,United States and Puerto Rico,United States and Puerto Rico
,Lung and Bronchus,22030,Female,F,2005,2005.0,50-54 years,50-54,Hispanic,2135-2,218,C0242379,Malignant neoplasm of lung,C1513750,Multiple Cancer Sites,people_50-54_female_hispanic,vstat_C0242379_US_PRI_50-54_female_hispanic,US_PRI,United States and Puerto Rico,United States and Puerto Rico
,Lung and Bronchus,22030,Female,F,2005,2005.0,50-54 years,50-54,Non-Hispanic,2186-5,5139,C0242379,Malignant neoplasm of lung,C1513750,Multiple Cancer Sites,people_50-54_female_non-hispanic,vstat_C0242379_US_PRI_50-54_female_non-hispanic,US_PRI,United States and Puerto Rico,United States and Puerto Rico
,Lung and Bronchus,22030,Female,F,2005,2005.0,55-59 years,55-59,Hispanic,2135-2,287,C0242379,Malignant neoplasm of lung,C1513750,Multiple Cancer Sites,people_55-59_female_hispanic,vstat_C0242379_US_PRI_55-59_female_hispanic,US_PRI,United States and Puerto Rico,United States and Puerto Rico
,Lung and Bronchus,22030,Female,F,2005,2005.0,55-59 years,55-59,Non-Hispanic,2186-5,8169,C0242379,Malignant neoplasm of lung,C1513750,Multiple Cancer Sites,people_55-59_female_non-hispanic,vstat_C0242379_US_PRI_55-59_female_non-hispanic,US_PRI,United States and Puerto Rico,United States and Puerto Rico
,Lung and Bronchus,22030,Female,F,2005,2005.0,60-64 years ,60-64,Hispanic,2135-2,332,C0242379,Malignant neoplasm of lung,C1513750,Multiple Cancer Sites,people_60-64_female_hispanic,vstat_C0242379_US_PRI_60-64_female_hispanic,US_PRI,United States and Puerto Rico,United States and Puerto Rico
,Lung and Bronchus,22030,Female,F,2005,2005.0,60-64 years ,60-64,Non-Hispanic,2186-5,11188,C0242379,Malignant neoplasm of lung,C1513750,Multiple Cancer Sites,people_60-64_female_non-hispanic,vstat_C0242379_US_PRI_60-64_female_non-hispanic,US_PRI,United States and Puerto Rico,United States and Puerto Rico
,Lung and Bronchus,22030,Female,F,2005,2005.0,65-69 years,65-69,Hispanic,2135-2,435,C0242379,Malignant neoplasm of lung,C1513750,Multiple Cancer Sites,people_65-69_female_hispanic,vstat_C0242379_US_PRI_65-69_female_hispanic,US_PRI,United States and Puerto Rico,United States and Puerto Rico
,Lung and Bronchus,22030,Female,F,2005,2005.0,65-69 years,65-69,Non-Hispanic,2186-5,13488,C0242379,Malignant neoplasm of lung,C1513750,Multiple Cancer Sites,people_65-69_female_non-hispanic,vstat_C0242379_US_PRI_65-69_female_non-hispanic,US_PRI,United States and Puerto Rico,United States and Puerto Rico
,Lung and Bronchus,22030,Female,F,2005,2005.0,70-74 years,70-74,Hispanic,2135-2,495,C0242379,Malignant neoplasm of lung,C1513750,Multiple Cancer Sites,people_70-74_female_hispanic,vstat_C0242379_US_PRI_70-74_female_hispanic,US_PRI,United States and Puerto Rico,United States and Puerto Rico
,Lung and Bronchus,22030,Female,F,2005,2005.0,70-74 years,70-74,Non-Hispanic,2186-5,15100,C0242379,Malignant neoplasm of lung,C1513750,Multiple Cancer Sites,people_70-74_female_non-hispanic,vstat_C0242379_US_PRI_70-74_female_non-hispanic,US_PRI,United States and Puerto Rico,United States and Puerto Rico
,Lung and Bronchus,22030,Female,F,2005,2005.0,75-79 years,75-79,Hispanic,2135-2,435,C0242379,Malignant neoplasm of lung,C1513750,Multiple Cancer Sites,people_75-79_female_hispanic,vstat_C0242379_US_PRI_75-79_female_hispanic,US_PRI,United States and Puerto Rico,United States and Puerto Rico
,Lung and Bronchus,22030,Female,F,2005,2005.0,75-79 years,75-79,Non-Hispanic,2186-5,15348,C0242379,Malignant neoplasm of lung,C1513750,Multiple Cancer Sites,people_75-79_female_non-hispanic,vstat_C0242379_US_PRI_75-79_female_non-hispanic,US_PRI,United States and Puerto Rico,United States and Puerto Rico
,Lung and Bronchus,22030,Female,F,2005,2005.0,80-84 years,80-84,Hispanic,2135-2,301,C0242379,Malignant neoplasm of lung,C1513750,Multiple Cancer Sites,people_80-84_female_hispanic,vstat_C0242379_US_PRI_80-84_female_hispanic,US_PRI,United States and Puerto Rico,United States and Puerto Rico
,Lung and Bronchus,22030,Female,F,2005,2005.0,80-84 years,80-84,Non-Hispanic,2186-5,11127,C0242379,Malignant neoplasm of lung,C1513750,Multiple Cancer Sites,people_80-84_female_non-hispanic,vstat_C0242379_US_PRI_80-84_female_non-hispanic,US_PRI,United States and Puerto Rico,United States and Puerto Rico
,Lung and Bronchus,22030,Female,F,2005,2005.0,85+ years,85+,Hispanic,2135-2,203,C0242379,Malignant neoplasm of lung,C1513750,Multiple Cancer Sites,people_85+_female_hispanic,vstat_C0242379_US_PRI_85+_female_hispanic,US_PRI,United States and Puerto Rico,United States and Puerto Rico
,Lung and Bronchus,22030,Female,F,2005,2005.0,85+ years,85+,Non-Hispanic,2186-5,7568,C0242379,Malignant neoplasm of lung,C1513750,Multiple Cancer Sites,people_85+_female_non-hispanic,vstat_C0242379_US_PRI_85+_female_non-hispanic,US_PRI,United States and Puerto Rico,United States and Puerto Rico
,Lung and Bronchus,22030,Female,F,2006,2006.0,20-24 years,20-24,Non-Hispanic,2186-5,29,C0242379,Malignant neoplasm of lung,C1513750,Multiple Cancer Sites,people_20-24_female_non-hispanic,vstat_C0242379_US_PRI_20-24_female_non-hispanic,US_PRI,United States and Puerto Rico,United States and Puerto Rico
,Lung and Bronchus,22030,Female,F,2006,2006.0,25-29 years,25-29,Non-Hispanic,2186-5,62,C0242379,Malignant neoplasm of lung,C1513750,Multiple Cancer Sites,people_25-29_female_non-hispanic,vstat_C0242379_US_PRI_25-29_female_non-hispanic,US_PRI,United States and Puerto Rico,United States and Puerto Rico
,Lung and Bronchus,22030,Female,F,2006,2006.0,30-34 years,30-34,Hispanic,2135-2,21,C0242379,Malignant neoplasm of lung,C1513750,Multiple Cancer Sites,people_30-34_female_hispanic,vstat_C0242379_US_PRI_30-34_female_hispanic,US_PRI,United States and Puerto Rico,United States and Puerto Rico
,Lung and Bronchus,22030,Female,F,2006,2006.0,30-34 years,30-34,Non-Hispanic,2186-5,129,C0242379,Malignant neoplasm of lung,C1513750,Multiple Cancer Sites,people_30-34_female_non-hispanic,vstat_C0242379_US_PRI_30-34_female_non-hispanic,US_PRI,United States and Puerto Rico,United States and Puerto Rico
,Lung and Bronchus,22030,Female,F,2006,2006.0,35-39 years,35-39,Hispanic,2135-2,36,C0242379,Malignant neoplasm of lung,C1513750,Multiple Cancer Sites,people_35-39_female_hispanic,vstat_C0242379_US_PRI_35-39_female_hispanic,US_PRI,United States and Puerto Rico,United States and Puerto Rico
,Lung and Bronchus,22030,Female,F,2006,2006.0,35-39 years,35-39,Non-Hispanic,2186-5,357,C0242379,Malignant neoplasm of lung,C1513750,Multiple Cancer Sites,people_35-39_female_non-hispanic,vstat_C0242379_US_PRI_35-39_female_non-hispanic,US_PRI,United States and Puerto Rico,United States and Puerto Rico
,Lung and Bronchus,22030,Female,F,2006,2006.0,40-44 years,40-44,Hispanic,2135-2,74,C0242379,Malignant neoplasm of lung,C1513750,Multiple Cancer Sites,people_40-44_female_hispanic,vstat_C0242379_US_PRI_40-44_female_hispanic,US_PRI,United States and Puerto Rico,United States and Puerto Rico
,Lung and Bronchus,22030,Female,F,2006,2006.0,40-44 years,40-44,Non-Hispanic,2186-5,1353,C0242379,Malignant neoplasm of lung,C1513750,Multiple Cancer Sites,people_40-44_female_non-hispanic,vstat_C0242379_US_PRI_40-44_female_non-hispanic,US_PRI,United States and Puerto Rico,United States and Puerto Rico
,Lung and Bronchus,22030,Female,F,2006,2006.0,45-49 years,45-49,Hispanic,2135-2,154,C0242379,Malignant neoplasm of lung,C1513750,Multiple Cancer Sites,people_45-49_female_hispanic,vstat_C0242379_US_PRI_45-49_female_hispanic,US_PRI,United States and Puerto Rico,United States and Puerto Rico
,Lung and Bronchus,22030,Female,F,2006,2006.0,45-49 years,45-49,Non-Hispanic,2186-5,3455,C0242379,Malignant neoplasm of lung,C1513750,Multiple Cancer Sites,people_45-49_female_non-hispanic,vstat_C0242379_US_PRI_45-49_female_non-hispanic,US_PRI,United States and Puerto Rico,United States and Puerto Rico
,Lung and Bronchus,22030,Female,F,2006,2006.0,50-54 years,50-54,Hispanic,2135-2,237,C0242379,Malignant neoplasm of lung,C1513750,Multiple Cancer Sites,people_50-54_female_hispanic,vstat_C0242379_US_PRI_50-54_female_hispanic,US_PRI,United States and Puerto Rico,United States and Puerto Rico
,Lung and Bronchus,22030,Female,F,2006,2006.0,50-54 years,50-54,Non-Hispanic,2186-5,5288,C0242379,Malignant neoplasm of lung,C1513750,Multiple Cancer Sites,people_50-54_female_non-hispanic,vstat_C0242379_US_PRI_50-54_female_non-hispanic,US_PRI,United States and Puerto Rico,United States and Puerto Rico
,Lung and Bronchus,22030,Female,F,2006,2006.0,55-59 years,55-59,Hispanic,2135-2,279,C0242379,Malignant neoplasm of lung,C1513750,Multiple Cancer Sites,people_55-59_female_hispanic,vstat_C0242379_US_PRI_55-59_female_hispanic,US_PRI,United States and Puerto Rico,United States and Puerto Rico
,Lung and Bronchus,22030,Female,F,2006,2006.0,55-59 years,55-59,Non-Hispanic,2186-5,8204,C0242379,Malignant neoplasm of lung,C1513750,Multiple Cancer Sites,people_55-59_female_non-hispanic,vstat_C0242379_US_PRI_55-59_female_non-hispanic,US_PRI,United States and Puerto Rico,United States and Puerto Rico
,Lung and Bronchus,22030,Female,F,2006,2006.0,60-64 years ,60-64,Hispanic,2135-2,388,C0242379,Malignant neoplasm of lung,C1513750,Multiple Cancer Sites,people_60-64_female_hispanic,vstat_C0242379_US_PRI_60-64_female_hispanic,US_PRI,United States and Puerto Rico,United States and Puerto Rico
,Lung and Bronchus,22030,Female,F,2006,2006.0,60-64 years ,60-64,Non-Hispanic,2186-5,11363,C0242379,Malignant neoplasm of lung,C1513750,Multiple Cancer Sites,people_60-64_female_non-hispanic,vstat_C0242379_US_PRI_60-64_female_non-hispanic,US_PRI,United States and Puerto Rico,United States and Puerto Rico
,Lung and Bronchus,22030,Female,F,2006,2006.0,65-69 years,65-69,Hispanic,2135-2,528,C0242379,Malignant neoplasm of lung,C1513750,Multiple Cancer Sites,people_65-69_female_hispanic,vstat_C0242379_US_PRI_65-69_female_hispanic,US_PRI,United States and Puerto Rico,United States and Puerto Rico
,Lung and Bronchus,22030,Female,F,2006,2006.0,65-69 years,65-69,Non-Hispanic,2186-5,13873,C0242379,Malignant neoplasm of lung,C1513750,Multiple Cancer Sites,people_65-69_female_non-hispanic,vstat_C0242379_US_PRI_65-69_female_non-hispanic,US_PRI,United States and Puerto Rico,United States and Puerto Rico
,Lung and Bronchus,22030,Female,F,2006,2006.0,70-74 years,70-74,Hispanic,2135-2,512,C0242379,Malignant neoplasm of lung,C1513750,Multiple Cancer Sites,people_70-74_female_hispanic,vstat_C0242379_US_PRI_70-74_female_hispanic,US_PRI,United States and Puerto Rico,United States and Puerto Rico
,Lung and Bronchus,22030,Female,F,2006,2006.0,70-74 years,70-74,Non-Hispanic,2186-5,15107,C0242379,Malignant neoplasm of lung,C1513750,Multiple Cancer Sites,people_70-74_female_non-hispanic,vstat_C0242379_US_PRI_70-74_female_non-hispanic,US_PRI,United States and Puerto Rico,United States and Puerto Rico
,Lung and Bronchus,22030,Female,F,2006,2006.0,75-79 years,75-79,Hispanic,2135-2,477,C0242379,Malignant neoplasm of lung,C1513750,Multiple Cancer Sites,people_75-79_female_hispanic,vstat_C0242379_US_PRI_75-79_female_hispanic,US_PRI,United States and Puerto Rico,United States and Puerto Rico
,Lung and Bronchus,22030,Female,F,2006,2006.0,75-79 years,75-79,Non-Hispanic,2186-5,15202,C0242379,Malignant neoplasm of lung,C1513750,Multiple Cancer Sites,people_75-79_female_non-hispanic,vstat_C0242379_US_PRI_75-79_female_non-hispanic,US_PRI,United States and Puerto Rico,United States and Puerto Rico
,Lung and Bronchus,22030,Female,F,2006,2006.0,80-84 years,80-84,Hispanic,2135-2,320,C0242379,Malignant neoplasm of lung,C1513750,Multiple Cancer Sites,people_80-84_female_hispanic,vstat_C0242379_US_PRI_80-84_female_hispanic,US_PRI,United States and Puerto Rico,United States and Puerto Rico
,Lung and Bronchus,22030,Female,F,2006,2006.0,80-84 years,80-84,Non-Hispanic,2186-5,11318,C0242379,Malignant neoplasm of lung,C1513750,Multiple Cancer Sites,people_80-84_female_non-hispanic,vstat_C0242379_US_PRI_80-84_female_non-hispanic,US_PRI,United States and Puerto Rico,United States and Puerto Rico
,Lung and Bronchus,22030,Female,F,2006,2006.0,85+ years,85+,Hispanic,2135-2,210,C0242379,Malignant neoplasm of lung,C1513750,Multiple Cancer Sites,people_85+_female_hispanic,vstat_C0242379_US_PRI_85+_female_hispanic,US_PRI,United States and Puerto Rico,United States and Puerto Rico
,Lung and Bronchus,22030,Female,F,2006,2006.0,85+ years,85+,Non-Hispanic,2186-5,7914,C0242379,Malignant neoplasm of lung,C1513750,Multiple Cancer Sites,people_85+_female_non-hispanic,vstat_C0242379_US_PRI_85+_female_non-hispanic,US_PRI,United States and Puerto Rico,United States and Puerto Rico
,Lung and Bronchus,22030,Female,F,2007,2007.0,20-24 years,20-24,Non-Hispanic,2186-5,24,C0242379,Malignant neoplasm of lung,C1513750,Multiple Cancer Sites,people_20-24_female_non-hispanic,vstat_C0242379_US_PRI_20-24_female_non-hispanic,US_PRI,United States and Puerto Rico,United States and Puerto Rico
,Lung and Bronchus,22030,Female,F,2007,2007.0,25-29 years,25-29,Non-Hispanic,2186-5,45,C0242379,Malignant neoplasm of lung,C1513750,Multiple Cancer Sites,people_25-29_female_non-hispanic,vstat_C0242379_US_PRI_25-29_female_non-hispanic,US_PRI,United States and Puerto Rico,United States and Puerto Rico
,Lung and Bronchus,22030,Female,F,2007,2007.0,30-34 years,30-34,Non-Hispanic,2186-5,124,C0242379,Malignant neoplasm of lung,C1513750,Multiple Cancer Sites,people_30-34_female_non-hispanic,vstat_C0242379_US_PRI_30-34_female_non-hispanic,US_PRI,United States and Puerto Rico,United States and Puerto Rico
,Lung and Bronchus,22030,Female,F,2007,2007.0,35-39 years,35-39,Hispanic,2135-2,31,C0242379,Malignant neoplasm of lung,C1513750,Multiple Cancer Sites,people_35-39_female_hispanic,vstat_C0242379_US_PRI_35-39_female_hispanic,US_PRI,United States and Puerto Rico,United States and Puerto Rico
,Lung and Bronchus,22030,Female,F,2007,2007.0,35-39 years,35-39,Non-Hispanic,2186-5,338,C0242379,Malignant neoplasm of lung,C1513750,Multiple Cancer Sites,people_35-39_female_non-hispanic,vstat_C0242379_US_PRI_35-39_female_non-hispanic,US_PRI,United States and Puerto Rico,United States and Puerto Rico
,Lung and Bronchus,22030,Female,F,2007,2007.0,40-44 years,40-44,Hispanic,2135-2,96,C0242379,Malignant neoplasm of lung,C1513750,Multiple Cancer Sites,people_40-44_female_hispanic,vstat_C0242379_US_PRI_40-44_female_hispanic,US_PRI,United States and Puerto Rico,United States and Puerto Rico
,Lung and Bronchus,22030,Female,F,2007,2007.0,40-44 years,40-44,Non-Hispanic,2186-5,1195,C0242379,Malignant neoplasm of lung,C1513750,Multiple Cancer Sites,people_40-44_female_non-hispanic,vstat_C0242379_US_PRI_40-44_female_non-hispanic,US_PRI,United States and Puerto Rico,United States and Puerto Rico
,Lung and Bronchus,22030,Female,F,2007,2007.0,45-49 years,45-49,Hispanic,2135-2,135,C0242379,Malignant neoplasm of lung,C1513750,Multiple Cancer Sites,people_45-49_female_hispanic,vstat_C0242379_US_PRI_45-49_female_hispanic,US_PRI,United States and Puerto Rico,United States and Puerto Rico
,Lung and Bronchus,22030,Female,F,2007,2007.0,45-49 years,45-49,Non-Hispanic,2186-5,3411,C0242379,Malignant neoplasm of lung,C1513750,Multiple Cancer Sites,people_45-49_female_non-hispanic,vstat_C0242379_US_PRI_45-49_female_non-hispanic,US_PRI,United States and Puerto Rico,United States and Puerto Rico
,Lung and Bronchus,22030,Female,F,2007,2007.0,50-54 years,50-54,Hispanic,2135-2,244,C0242379,Malignant neoplasm of lung,C1513750,Multiple Cancer Sites,people_50-54_female_hispanic,vstat_C0242379_US_PRI_50-54_female_hispanic,US_PRI,United States and Puerto Rico,United States and Puerto Rico
,Lung and Bronchus,22030,Female,F,2007,2007.0,50-54 years,50-54,Non-Hispanic,2186-5,5424,C0242379,Malignant neoplasm of lung,C1513750,Multiple Cancer Sites,people_50-54_female_non-hispanic,vstat_C0242379_US_PRI_50-54_female_non-hispanic,US_PRI,United States and Puerto Rico,United States and Puerto Rico
,Lung and Bronchus,22030,Female,F,2007,2007.0,55-59 years,55-59,Hispanic,2135-2,280,C0242379,Malignant neoplasm of lung,C1513750,Multiple Cancer Sites,people_55-59_female_hispanic,vstat_C0242379_US_PRI_55-59_female_hispanic,US_PRI,United States and Puerto Rico,United States and Puerto Rico
,Lung and Bronchus,22030,Female,F,2007,2007.0,55-59 years,55-59,Non-Hispanic,2186-5,7742,C0242379,Malignant neoplasm of lung,C1513750,Multiple Cancer Sites,people_55-59_female_non-hispanic,vstat_C0242379_US_PRI_55-59_female_non-hispanic,US_PRI,United States and Puerto Rico,United States and Puerto Rico
,Lung and Bronchus,22030,Female,F,2007,2007.0,60-64 years ,60-64,Hispanic,2135-2,399,C0242379,Malignant neoplasm of lung,C1513750,Multiple Cancer Sites,people_60-64_female_hispanic,vstat_C0242379_US_PRI_60-64_female_hispanic,US_PRI,United States and Puerto Rico,United States and Puerto Rico
,Lung and Bronchus,22030,Female,F,2007,2007.0,60-64 years ,60-64,Non-Hispanic,2186-5,11876,C0242379,Malignant neoplasm of lung,C1513750,Multiple Cancer Sites,people_60-64_female_non-hispanic,vstat_C0242379_US_PRI_60-64_female_non-hispanic,US_PRI,United States and Puerto Rico,United States and Puerto Rico
,Lung and Bronchus,22030,Female,F,2007,2007.0,65-69 years,65-69,Hispanic,2135-2,490,C0242379,Malignant neoplasm of lung,C1513750,Multiple Cancer Sites,people_65-69_female_hispanic,vstat_C0242379_US_PRI_65-69_female_hispanic,US_PRI,United States and Puerto Rico,United States and Puerto Rico
,Lung and Bronchus,22030,Female,F,2007,2007.0,65-69 years,65-69,Non-Hispanic,2186-5,14412,C0242379,Malignant neoplasm of lung,C1513750,Multiple Cancer Sites,people_65-69_female_non-hispanic,vstat_C0242379_US_PRI_65-69_female_non-hispanic,US_PRI,United States and Puerto Rico,United States and Puerto Rico
,Lung and Bronchus,22030,Female,F,2007,2007.0,70-74 years,70-74,Hispanic,2135-2,522,C0242379,Malignant neoplasm of lung,C1513750,Multiple Cancer Sites,people_70-74_female_hispanic,vstat_C0242379_US_PRI_70-74_female_hispanic,US_PRI,United States and Puerto Rico,United States and Puerto Rico
,Lung and Bronchus,22030,Female,F,2007,2007.0,70-74 years,70-74,Non-Hispanic,2186-5,15244,C0242379,Malignant neoplasm of lung,C1513750,Multiple Cancer Sites,people_70-74_female_non-hispanic,vstat_C0242379_US_PRI_70-74_female_non-hispanic,US_PRI,United States and Puerto Rico,United States and Puerto Rico
,Lung and Bronchus,22030,Female,F,2007,2007.0,75-79 years,75-79,Hispanic,2135-2,573,C0242379,Malignant neoplasm of lung,C1513750,Multiple Cancer Sites,people_75-79_female_hispanic,vstat_C0242379_US_PRI_75-79_female_hispanic,US_PRI,United States and Puerto Rico,United States and Puerto Rico
,Lung and Bronchus,22030,Female,F,2007,2007.0,75-79 years,75-79,Non-Hispanic,2186-5,15082,C0242379,Malignant neoplasm of lung,C1513750,Multiple Cancer Sites,people_75-79_female_non-hispanic,vstat_C0242379_US_PRI_75-79_female_non-hispanic,US_PRI,United States and Puerto Rico,United States and Puerto Rico
,Lung and Bronchus,22030,Female,F,2007,2007.0,80-84 years,80-84,Hispanic,2135-2,353,C0242379,Malignant neoplasm of lung,C1513750,Multiple Cancer Sites,people_80-84_female_hispanic,vstat_C0242379_US_PRI_80-84_female_hispanic,US_PRI,United States and Puerto Rico,United States and Puerto Rico
,Lung and Bronchus,22030,Female,F,2007,2007.0,80-84 years,80-84,Non-Hispanic,2186-5,11560,C0242379,Malignant neoplasm of lung,C1513750,Multiple Cancer Sites,people_80-84_female_non-hispanic,vstat_C0242379_US_PRI_80-84_female_non-hispanic,US_PRI,United States and Puerto Rico,United States and Puerto Rico
,Lung and Bronchus,22030,Female,F,2007,2007.0,85+ years,85+,Hispanic,2135-2,259,C0242379,Malignant neoplasm of lung,C1513750,Multiple Cancer Sites,people_85+_female_hispanic,vstat_C0242379_US_PRI_85+_female_hispanic,US_PRI,United States and Puerto Rico,United States and Puerto Rico
,Lung and Bronchus,22030,Female,F,2007,2007.0,85+ years,85+,Non-Hispanic,2186-5,8117,C0242379,Malignant neoplasm of lung,C1513750,Multiple Cancer Sites,people_85+_female_non-hispanic,vstat_C0242379_US_PRI_85+_female_non-hispanic,US_PRI,United States and Puerto Rico,United States and Puerto Rico
,Lung and Bronchus,22030,Female,F,2008,2008.0,15-19 years,15-19,Non-Hispanic,2186-5,16,C0242379,Malignant neoplasm of lung,C1513750,Multiple Cancer Sites,people_15-19_female_non-hispanic,vstat_C0242379_US_PRI_15-19_female_non-hispanic,US_PRI,United States and Puerto Rico,United States and Puerto Rico
,Lung and Bronchus,22030,Female,F,2008,2008.0,20-24 years,20-24,Non-Hispanic,2186-5,22,C0242379,Malignant neoplasm of lung,C1513750,Multiple Cancer Sites,people_20-24_female_non-hispanic,vstat_C0242379_US_PRI_20-24_female_non-hispanic,US_PRI,United States and Puerto Rico,United States and Puerto Rico
,Lung and Bronchus,22030,Female,F,2008,2008.0,25-29 years,25-29,Non-Hispanic,2186-5,52,C0242379,Malignant neoplasm of lung,C1513750,Multiple Cancer Sites,people_25-29_female_non-hispanic,vstat_C0242379_US_PRI_25-29_female_non-hispanic,US_PRI,United States and Puerto Rico,United States and Puerto Rico
,Lung and Bronchus,22030,Female,F,2008,2008.0,30-34 years,30-34,Hispanic,2135-2,21,C0242379,Malignant neoplasm of lung,C1513750,Multiple Cancer Sites,people_30-34_female_hispanic,vstat_C0242379_US_PRI_30-34_female_hispanic,US_PRI,United States and Puerto Rico,United States and Puerto Rico
,Lung and Bronchus,22030,Female,F,2008,2008.0,30-34 years,30-34,Non-Hispanic,2186-5,119,C0242379,Malignant neoplasm of lung,C1513750,Multiple Cancer Sites,people_30-34_female_non-hispanic,vstat_C0242379_US_PRI_30-34_female_non-hispanic,US_PRI,United States and Puerto Rico,United States and Puerto Rico
,Lung and Bronchus,22030,Female,F,2008,2008.0,35-39 years,35-39,Hispanic,2135-2,37,C0242379,Malignant neoplasm of lung,C1513750,Multiple Cancer Sites,people_35-39_female_hispanic,vstat_C0242379_US_PRI_35-39_female_hispanic,US_PRI,United States and Puerto Rico,United States and Puerto Rico
,Lung and Bronchus,22030,Female,F,2008,2008.0,35-39 years,35-39,Non-Hispanic,2186-5,344,C0242379,Malignant neoplasm of lung,C1513750,Multiple Cancer Sites,people_35-39_female_non-hispanic,vstat_C0242379_US_PRI_35-39_female_non-hispanic,US_PRI,United States and Puerto Rico,United States and Puerto Rico
,Lung and Bronchus,22030,Female,F,2008,2008.0,40-44 years,40-44,Hispanic,2135-2,73,C0242379,Malignant neoplasm of lung,C1513750,Multiple Cancer Sites,people_40-44_female_hispanic,vstat_C0242379_US_PRI_40-44_female_hispanic,US_PRI,United States and Puerto Rico,United States and Puerto Rico
,Lung and Bronchus,22030,Female,F,2008,2008.0,40-44 years,40-44,Non-Hispanic,2186-5,1134,C0242379,Malignant neoplasm of lung,C1513750,Multiple Cancer Sites,people_40-44_female_non-hispanic,vstat_C0242379_US_PRI_40-44_female_non-hispanic,US_PRI,United States and Puerto Rico,United States and Puerto Rico
,Lung and Bronchus,22030,Female,F,2008,2008.0,45-49 years,45-49,Hispanic,2135-2,180,C0242379,Malignant neoplasm of lung,C1513750,Multiple Cancer Sites,people_45-49_female_hispanic,vstat_C0242379_US_PRI_45-49_female_hispanic,US_PRI,United States and Puerto Rico,United States and Puerto Rico
,Lung and Bronchus,22030,Female,F,2008,2008.0,45-49 years,45-49,Non-Hispanic,2186-5,3426,C0242379,Malignant neoplasm of lung,C1513750,Multiple Cancer Sites,people_45-49_female_non-hispanic,vstat_C0242379_US_PRI_45-49_female_non-hispanic,US_PRI,United States and Puerto Rico,United States and Puerto Rico
,Lung and Bronchus,22030,Female,F,2008,2008.0,50-54 years,50-54,Hispanic,2135-2,270,C0242379,Malignant neoplasm of lung,C1513750,Multiple Cancer Sites,people_50-54_female_hispanic,vstat_C0242379_US_PRI_50-54_female_hispanic,US_PRI,United States and Puerto Rico,United States and Puerto Rico
,Lung and Bronchus,22030,Female,F,2008,2008.0,50-54 years,50-54,Non-Hispanic,2186-5,5752,C0242379,Malignant neoplasm of lung,C1513750,Multiple Cancer Sites,people_50-54_female_non-hispanic,vstat_C0242379_US_PRI_50-54_female_non-hispanic,US_PRI,United States and Puerto Rico,United States and Puerto Rico
,Lung and Bronchus,22030,Female,F,2008,2008.0,55-59 years,55-59,Hispanic,2135-2,304,C0242379,Malignant neoplasm of lung,C1513750,Multiple Cancer Sites,people_55-59_female_hispanic,vstat_C0242379_US_PRI_55-59_female_hispanic,US_PRI,United States and Puerto Rico,United States and Puerto Rico
,Lung and Bronchus,22030,Female,F,2008,2008.0,55-59 years,55-59,Non-Hispanic,2186-5,7908,C0242379,Malignant neoplasm of lung,C1513750,Multiple Cancer Sites,people_55-59_female_non-hispanic,vstat_C0242379_US_PRI_55-59_female_non-hispanic,US_PRI,United States and Puerto Rico,United States and Puerto Rico
,Lung and Bronchus,22030,Female,F,2008,2008.0,60-64 years ,60-64,Hispanic,2135-2,433,C0242379,Malignant neoplasm of lung,C1513750,Multiple Cancer Sites,people_60-64_female_hispanic,vstat_C0242379_US_PRI_60-64_female_hispanic,US_PRI,United States and Puerto Rico,United States and Puerto Rico
,Lung and Bronchus,22030,Female,F,2008,2008.0,60-64 years ,60-64,Non-Hispanic,2186-5,11538,C0242379,Malignant neoplasm of lung,C1513750,Multiple Cancer Sites,people_60-64_female_non-hispanic,vstat_C0242379_US_PRI_60-64_female_non-hispanic,US_PRI,United States and Puerto Rico,United States and Puerto Rico
,Lung and Bronchus,22030,Female,F,2008,2008.0,65-69 years,65-69,Hispanic,2135-2,575,C0242379,Malignant neoplasm of lung,C1513750,Multiple Cancer Sites,people_65-69_female_hispanic,vstat_C0242379_US_PRI_65-69_female_hispanic,US_PRI,United States and Puerto Rico,United States and Puerto Rico
,Lung and Bronchus,22030,Female,F,2008,2008.0,65-69 years,65-69,Non-Hispanic,2186-5,15034,C0242379,Malignant neoplasm of lung,C1513750,Multiple Cancer Sites,people_65-69_female_non-hispanic,vstat_C0242379_US_PRI_65-69_female_non-hispanic,US_PRI,United States and Puerto Rico,United States and Puerto Rico
,Lung and Bronchus,22030,Female,F,2008,2008.0,70-74 years,70-74,Hispanic,2135-2,568,C0242379,Malignant neoplasm of lung,C1513750,Multiple Cancer Sites,people_70-74_female_hispanic,vstat_C0242379_US_PRI_70-74_female_hispanic,US_PRI,United States and Puerto Rico,United States and Puerto Rico
,Lung and Bronchus,22030,Female,F,2008,2008.0,70-74 years,70-74,Non-Hispanic,2186-5,15270,C0242379,Malignant neoplasm of lung,C1513750,Multiple Cancer Sites,people_70-74_female_non-hispanic,vstat_C0242379_US_PRI_70-74_female_non-hispanic,US_PRI,United States and Puerto Rico,United States and Puerto Rico
,Lung and Bronchus,22030,Female,F,2008,2008.0,75-79 years,75-79,Hispanic,2135-2,512,C0242379,Malignant neoplasm of lung,C1513750,Multiple Cancer Sites,people_75-79_female_hispanic,vstat_C0242379_US_PRI_75-79_female_hispanic,US_PRI,United States and Puerto Rico,United States and Puerto Rico
,Lung and Bronchus,22030,Female,F,2008,2008.0,75-79 years,75-79,Non-Hispanic,2186-5,15209,C0242379,Malignant neoplasm of lung,C1513750,Multiple Cancer Sites,people_75-79_female_non-hispanic,vstat_C0242379_US_PRI_75-79_female_non-hispanic,US_PRI,United States and Puerto Rico,United States and Puerto Rico
,Lung and Bronchus,22030,Female,F,2008,2008.0,80-84 years,80-84,Hispanic,2135-2,339,C0242379,Malignant neoplasm of lung,C1513750,Multiple Cancer Sites,people_80-84_female_hispanic,vstat_C0242379_US_PRI_80-84_female_hispanic,US_PRI,United States and Puerto Rico,United States and Puerto Rico
,Lung and Bronchus,22030,Female,F,2008,2008.0,80-84 years,80-84,Non-Hispanic,2186-5,11998,C0242379,Malignant neoplasm of lung,C1513750,Multiple Cancer Sites,people_80-84_female_non-hispanic,vstat_C0242379_US_PRI_80-84_female_non-hispanic,US_PRI,United States and Puerto Rico,United States and Puerto Rico
,Lung and Bronchus,22030,Female,F,2008,2008.0,85+ years,85+,Hispanic,2135-2,297,C0242379,Malignant neoplasm of lung,C1513750,Multiple Cancer Sites,people_85+_female_hispanic,vstat_C0242379_US_PRI_85+_female_hispanic,US_PRI,United States and Puerto Rico,United States and Puerto Rico
,Lung and Bronchus,22030,Female,F,2008,2008.0,85+ years,85+,Non-Hispanic,2186-5,8711,C0242379,Malignant neoplasm of lung,C1513750,Multiple Cancer Sites,people_85+_female_non-hispanic,vstat_C0242379_US_PRI_85+_female_non-hispanic,US_PRI,United States and Puerto Rico,United States and Puerto Rico
,Lung and Bronchus,22030,Female,F,2009,2009.0,20-24 years,20-24,Non-Hispanic,2186-5,33,C0242379,Malignant neoplasm of lung,C1513750,Multiple Cancer Sites,people_20-24_female_non-hispanic,vstat_C0242379_US_PRI_20-24_female_non-hispanic,US_PRI,United States and Puerto Rico,United States and Puerto Rico
,Lung and Bronchus,22030,Female,F,2009,2009.0,25-29 years,25-29,Non-Hispanic,2186-5,56,C0242379,Malignant neoplasm of lung,C1513750,Multiple Cancer Sites,people_25-29_female_non-hispanic,vstat_C0242379_US_PRI_25-29_female_non-hispanic,US_PRI,United States and Puerto Rico,United States and Puerto Rico
,Lung and Bronchus,22030,Female,F,2009,2009.0,30-34 years,30-34,Hispanic,2135-2,20,C0242379,Malignant neoplasm of lung,C1513750,Multiple Cancer Sites,people_30-34_female_hispanic,vstat_C0242379_US_PRI_30-34_female_hispanic,US_PRI,United States and Puerto Rico,United States and Puerto Rico
,Lung and Bronchus,22030,Female,F,2009,2009.0,30-34 years,30-34,Non-Hispanic,2186-5,122,C0242379,Malignant neoplasm of lung,C1513750,Multiple Cancer Sites,people_30-34_female_non-hispanic,vstat_C0242379_US_PRI_30-34_female_non-hispanic,US_PRI,United States and Puerto Rico,United States and Puerto Rico
,Lung and Bronchus,22030,Female,F,2009,2009.0,35-39 years,35-39,Hispanic,2135-2,36,C0242379,Malignant neoplasm of lung,C1513750,Multiple Cancer Sites,people_35-39_female_hispanic,vstat_C0242379_US_PRI_35-39_female_hispanic,US_PRI,United States and Puerto Rico,United States and Puerto Rico
,Lung and Bronchus,22030,Female,F,2009,2009.0,35-39 years,35-39,Non-Hispanic,2186-5,339,C0242379,Malignant neoplasm of lung,C1513750,Multiple Cancer Sites,people_35-39_female_non-hispanic,vstat_C0242379_US_PRI_35-39_female_non-hispanic,US_PRI,United States and Puerto Rico,United States and Puerto Rico
,Lung and Bronchus,22030,Female,F,2009,2009.0,40-44 years,40-44,Hispanic,2135-2,79,C0242379,Malignant neoplasm of lung,C1513750,Multiple Cancer Sites,people_40-44_female_hispanic,vstat_C0242379_US_PRI_40-44_female_hispanic,US_PRI,United States and Puerto Rico,United States and Puerto Rico
,Lung and Bronchus,22030,Female,F,2009,2009.0,40-44 years,40-44,Non-Hispanic,2186-5,1076,C0242379,Malignant neoplasm of lung,C1513750,Multiple Cancer Sites,people_40-44_female_non-hispanic,vstat_C0242379_US_PRI_40-44_female_non-hispanic,US_PRI,United States and Puerto Rico,United States and Puerto Rico
,Lung and Bronchus,22030,Female,F,2009,2009.0,45-49 years,45-49,Hispanic,2135-2,182,C0242379,Malignant neoplasm of lung,C1513750,Multiple Cancer Sites,people_45-49_female_hispanic,vstat_C0242379_US_PRI_45-49_female_hispanic,US_PRI,United States and Puerto Rico,United States and Puerto Rico
,Lung and Bronchus,22030,Female,F,2009,2009.0,45-49 years,45-49,Non-Hispanic,2186-5,3298,C0242379,Malignant neoplasm of lung,C1513750,Multiple Cancer Sites,people_45-49_female_non-hispanic,vstat_C0242379_US_PRI_45-49_female_non-hispanic,US_PRI,United States and Puerto Rico,United States and Puerto Rico
,Lung and Bronchus,22030,Female,F,2009,2009.0,50-54 years,50-54,Hispanic,2135-2,255,C0242379,Malignant neoplasm of lung,C1513750,Multiple Cancer Sites,people_50-54_female_hispanic,vstat_C0242379_US_PRI_50-54_female_hispanic,US_PRI,United States and Puerto Rico,United States and Puerto Rico
,Lung and Bronchus,22030,Female,F,2009,2009.0,50-54 years,50-54,Non-Hispanic,2186-5,5903,C0242379,Malignant neoplasm of lung,C1513750,Multiple Cancer Sites,people_50-54_female_non-hispanic,vstat_C0242379_US_PRI_50-54_female_non-hispanic,US_PRI,United States and Puerto Rico,United States and Puerto Rico
,Lung and Bronchus,22030,Female,F,2009,2009.0,55-59 years,55-59,Hispanic,2135-2,381,C0242379,Malignant neoplasm of lung,C1513750,Multiple Cancer Sites,people_55-59_female_hispanic,vstat_C0242379_US_PRI_55-59_female_hispanic,US_PRI,United States and Puerto Rico,United States and Puerto Rico
,Lung and Bronchus,22030,Female,F,2009,2009.0,55-59 years,55-59,Non-Hispanic,2186-5,8094,C0242379,Malignant neoplasm of lung,C1513750,Multiple Cancer Sites,people_55-59_female_non-hispanic,vstat_C0242379_US_PRI_55-59_female_non-hispanic,US_PRI,United States and Puerto Rico,United States and Puerto Rico
,Lung and Bronchus,22030,Female,F,2009,2009.0,60-64 years ,60-64,Hispanic,2135-2,430,C0242379,Malignant neoplasm of lung,C1513750,Multiple Cancer Sites,people_60-64_female_hispanic,vstat_C0242379_US_PRI_60-64_female_hispanic,US_PRI,United States and Puerto Rico,United States and Puerto Rico
,Lung and Bronchus,22030,Female,F,2009,2009.0,60-64 years ,60-64,Non-Hispanic,2186-5,11727,C0242379,Malignant neoplasm of lung,C1513750,Multiple Cancer Sites,people_60-64_female_non-hispanic,vstat_C0242379_US_PRI_60-64_female_non-hispanic,US_PRI,United States and Puerto Rico,United States and Puerto Rico
,Lung and Bronchus,22030,Female,F,2009,2009.0,65-69 years,65-69,Hispanic,2135-2,537,C0242379,Malignant neoplasm of lung,C1513750,Multiple Cancer Sites,people_65-69_female_hispanic,vstat_C0242379_US_PRI_65-69_female_hispanic,US_PRI,United States and Puerto Rico,United States and Puerto Rico
,Lung and Bronchus,22030,Female,F,2009,2009.0,65-69 years,65-69,Non-Hispanic,2186-5,15460,C0242379,Malignant neoplasm of lung,C1513750,Multiple Cancer Sites,people_65-69_female_non-hispanic,vstat_C0242379_US_PRI_65-69_female_non-hispanic,US_PRI,United States and Puerto Rico,United States and Puerto Rico
,Lung and Bronchus,22030,Female,F,2009,2009.0,70-74 years,70-74,Hispanic,2135-2,529,C0242379,Malignant neoplasm of lung,C1513750,Multiple Cancer Sites,people_70-74_female_hispanic,vstat_C0242379_US_PRI_70-74_female_hispanic,US_PRI,United States and Puerto Rico,United States and Puerto Rico
,Lung and Bronchus,22030,Female,F,2009,2009.0,70-74 years,70-74,Non-Hispanic,2186-5,15808,C0242379,Malignant neoplasm of lung,C1513750,Multiple Cancer Sites,people_70-74_female_non-hispanic,vstat_C0242379_US_PRI_70-74_female_non-hispanic,US_PRI,United States and Puerto Rico,United States and Puerto Rico
,Lung and Bronchus,22030,Female,F,2009,2009.0,75-79 years,75-79,Hispanic,2135-2,490,C0242379,Malignant neoplasm of lung,C1513750,Multiple Cancer Sites,people_75-79_female_hispanic,vstat_C0242379_US_PRI_75-79_female_hispanic,US_PRI,United States and Puerto Rico,United States and Puerto Rico
,Lung and Bronchus,22030,Female,F,2009,2009.0,75-79 years,75-79,Non-Hispanic,2186-5,14707,C0242379,Malignant neoplasm of lung,C1513750,Multiple Cancer Sites,people_75-79_female_non-hispanic,vstat_C0242379_US_PRI_75-79_female_non-hispanic,US_PRI,United States and Puerto Rico,United States and Puerto Rico
,Lung and Bronchus,22030,Female,F,2009,2009.0,80-84 years,80-84,Hispanic,2135-2,448,C0242379,Malignant neoplasm of lung,C1513750,Multiple Cancer Sites,people_80-84_female_hispanic,vstat_C0242379_US_PRI_80-84_female_hispanic,US_PRI,United States and Puerto Rico,United States and Puerto Rico
,Lung and Bronchus,22030,Female,F,2009,2009.0,80-84 years,80-84,Non-Hispanic,2186-5,11874,C0242379,Malignant neoplasm of lung,C1513750,Multiple Cancer Sites,people_80-84_female_non-hispanic,vstat_C0242379_US_PRI_80-84_female_non-hispanic,US_PRI,United States and Puerto Rico,United States and Puerto Rico
,Lung and Bronchus,22030,Female,F,2009,2009.0,85+ years,85+,Hispanic,2135-2,301,C0242379,Malignant neoplasm of lung,C1513750,Multiple Cancer Sites,people_85+_female_hispanic,vstat_C0242379_US_PRI_85+_female_hispanic,US_PRI,United States and Puerto Rico,United States and Puerto Rico
,Lung and Bronchus,22030,Female,F,2009,2009.0,85+ years,85+,Non-Hispanic,2186-5,8854,C0242379,Malignant neoplasm of lung,C1513750,Multiple Cancer Sites,people_85+_female_non-hispanic,vstat_C0242379_US_PRI_85+_female_non-hispanic,US_PRI,United States and Puerto Rico,United States and Puerto Rico
,Lung and Bronchus,22030,Female,F,2010,2010.0,20-24 years,20-24,Non-Hispanic,2186-5,35,C0242379,Malignant neoplasm of lung,C1513750,Multiple Cancer Sites,people_20-24_female_non-hispanic,vstat_C0242379_US_PRI_20-24_female_non-hispanic,US_PRI,United States and Puerto Rico,United States and Puerto Rico
,Lung and Bronchus,22030,Female,F,2010,2010.0,25-29 years,25-29,Non-Hispanic,2186-5,58,C0242379,Malignant neoplasm of lung,C1513750,Multiple Cancer Sites,people_25-29_female_non-hispanic,vstat_C0242379_US_PRI_25-29_female_non-hispanic,US_PRI,United States and Puerto Rico,United States and Puerto Rico
,Lung and Bronchus,22030,Female,F,2010,2010.0,30-34 years,30-34,Hispanic,2135-2,22,C0242379,Malignant neoplasm of lung,C1513750,Multiple Cancer Sites,people_30-34_female_hispanic,vstat_C0242379_US_PRI_30-34_female_hispanic,US_PRI,United States and Puerto Rico,United States and Puerto Rico
,Lung and Bronchus,22030,Female,F,2010,2010.0,30-34 years,30-34,Non-Hispanic,2186-5,103,C0242379,Malignant neoplasm of lung,C1513750,Multiple Cancer Sites,people_30-34_female_non-hispanic,vstat_C0242379_US_PRI_30-34_female_non-hispanic,US_PRI,United States and Puerto Rico,United States and Puerto Rico
,Lung and Bronchus,22030,Female,F,2010,2010.0,35-39 years,35-39,Hispanic,2135-2,35,C0242379,Malignant neoplasm of lung,C1513750,Multiple Cancer Sites,people_35-39_female_hispanic,vstat_C0242379_US_PRI_35-39_female_hispanic,US_PRI,United States and Puerto Rico,United States and Puerto Rico
,Lung and Bronchus,22030,Female,F,2010,2010.0,35-39 years,35-39,Non-Hispanic,2186-5,286,C0242379,Malignant neoplasm of lung,C1513750,Multiple Cancer Sites,people_35-39_female_non-hispanic,vstat_C0242379_US_PRI_35-39_female_non-hispanic,US_PRI,United States and Puerto Rico,United States and Puerto Rico
,Lung and Bronchus,22030,Female,F,2010,2010.0,40-44 years,40-44,Hispanic,2135-2,83,C0242379,Malignant neoplasm of lung,C1513750,Multiple Cancer Sites,people_40-44_female_hispanic,vstat_C0242379_US_PRI_40-44_female_hispanic,US_PRI,United States and Puerto Rico,United States and Puerto Rico
,Lung and Bronchus,22030,Female,F,2010,2010.0,40-44 years,40-44,Non-Hispanic,2186-5,943,C0242379,Malignant neoplasm of lung,C1513750,Multiple Cancer Sites,people_40-44_female_non-hispanic,vstat_C0242379_US_PRI_40-44_female_non-hispanic,US_PRI,United States and Puerto Rico,United States and Puerto Rico
,Lung and Bronchus,22030,Female,F,2010,2010.0,45-49 years,45-49,Hispanic,2135-2,162,C0242379,Malignant neoplasm of lung,C1513750,Multiple Cancer Sites,people_45-49_female_hispanic,vstat_C0242379_US_PRI_45-49_female_hispanic,US_PRI,United States and Puerto Rico,United States and Puerto Rico
,Lung and Bronchus,22030,Female,F,2010,2010.0,45-49 years,45-49,Non-Hispanic,2186-5,3026,C0242379,Malignant neoplasm of lung,C1513750,Multiple Cancer Sites,people_45-49_female_non-hispanic,vstat_C0242379_US_PRI_45-49_female_non-hispanic,US_PRI,United States and Puerto Rico,United States and Puerto Rico
,Lung and Bronchus,22030,Female,F,2010,2010.0,50-54 years,50-54,Hispanic,2135-2,248,C0242379,Malignant neoplasm of lung,C1513750,Multiple Cancer Sites,people_50-54_female_hispanic,vstat_C0242379_US_PRI_50-54_female_hispanic,US_PRI,United States and Puerto Rico,United States and Puerto Rico
,Lung and Bronchus,22030,Female,F,2010,2010.0,50-54 years,50-54,Non-Hispanic,2186-5,5999,C0242379,Malignant neoplasm of lung,C1513750,Multiple Cancer Sites,people_50-54_female_non-hispanic,vstat_C0242379_US_PRI_50-54_female_non-hispanic,US_PRI,United States and Puerto Rico,United States and Puerto Rico
,Lung and Bronchus,22030,Female,F,2010,2010.0,55-59 years,55-59,Hispanic,2135-2,332,C0242379,Malignant neoplasm of lung,C1513750,Multiple Cancer Sites,people_55-59_female_hispanic,vstat_C0242379_US_PRI_55-59_female_hispanic,US_PRI,United States and Puerto Rico,United States and Puerto Rico
,Lung and Bronchus,22030,Female,F,2010,2010.0,55-59 years,55-59,Non-Hispanic,2186-5,8062,C0242379,Malignant neoplasm of lung,C1513750,Multiple Cancer Sites,people_55-59_female_non-hispanic,vstat_C0242379_US_PRI_55-59_female_non-hispanic,US_PRI,United States and Puerto Rico,United States and Puerto Rico
,Lung and Bronchus,22030,Female,F,2010,2010.0,60-64 years ,60-64,Hispanic,2135-2,419,C0242379,Malignant neoplasm of lung,C1513750,Multiple Cancer Sites,people_60-64_female_hispanic,vstat_C0242379_US_PRI_60-64_female_hispanic,US_PRI,United States and Puerto Rico,United States and Puerto Rico
,Lung and Bronchus,22030,Female,F,2010,2010.0,60-64 years ,60-64,Non-Hispanic,2186-5,11652,C0242379,Malignant neoplasm of lung,C1513750,Multiple Cancer Sites,people_60-64_female_non-hispanic,vstat_C0242379_US_PRI_60-64_female_non-hispanic,US_PRI,United States and Puerto Rico,United States and Puerto Rico
,Lung and Bronchus,22030,Female,F,2010,2010.0,65-69 years,65-69,Hispanic,2135-2,558,C0242379,Malignant neoplasm of lung,C1513750,Multiple Cancer Sites,people_65-69_female_hispanic,vstat_C0242379_US_PRI_65-69_female_hispanic,US_PRI,United States and Puerto Rico,United States and Puerto Rico
,Lung and Bronchus,22030,Female,F,2010,2010.0,65-69 years,65-69,Non-Hispanic,2186-5,15200,C0242379,Malignant neoplasm of lung,C1513750,Multiple Cancer Sites,people_65-69_female_non-hispanic,vstat_C0242379_US_PRI_65-69_female_non-hispanic,US_PRI,United States and Puerto Rico,United States and Puerto Rico
,Lung and Bronchus,22030,Female,F,2010,2010.0,70-74 years,70-74,Hispanic,2135-2,537,C0242379,Malignant neoplasm of lung,C1513750,Multiple Cancer Sites,people_70-74_female_hispanic,vstat_C0242379_US_PRI_70-74_female_hispanic,US_PRI,United States and Puerto Rico,United States and Puerto Rico
,Lung and Bronchus,22030,Female,F,2010,2010.0,70-74 years,70-74,Non-Hispanic,2186-5,15350,C0242379,Malignant neoplasm of lung,C1513750,Multiple Cancer Sites,people_70-74_female_non-hispanic,vstat_C0242379_US_PRI_70-74_female_non-hispanic,US_PRI,United States and Puerto Rico,United States and Puerto Rico
,Lung and Bronchus,22030,Female,F,2010,2010.0,75-79 years,75-79,Hispanic,2135-2,542,C0242379,Malignant neoplasm of lung,C1513750,Multiple Cancer Sites,people_75-79_female_hispanic,vstat_C0242379_US_PRI_75-79_female_hispanic,US_PRI,United States and Puerto Rico,United States and Puerto Rico
,Lung and Bronchus,22030,Female,F,2010,2010.0,75-79 years,75-79,Non-Hispanic,2186-5,14696,C0242379,Malignant neoplasm of lung,C1513750,Multiple Cancer Sites,people_75-79_female_non-hispanic,vstat_C0242379_US_PRI_75-79_female_non-hispanic,US_PRI,United States and Puerto Rico,United States and Puerto Rico
,Lung and Bronchus,22030,Female,F,2010,2010.0,80-84 years,80-84,Hispanic,2135-2,436,C0242379,Malignant neoplasm of lung,C1513750,Multiple Cancer Sites,people_80-84_female_hispanic,vstat_C0242379_US_PRI_80-84_female_hispanic,US_PRI,United States and Puerto Rico,United States and Puerto Rico
,Lung and Bronchus,22030,Female,F,2010,2010.0,80-84 years,80-84,Non-Hispanic,2186-5,11769,C0242379,Malignant neoplasm of lung,C1513750,Multiple Cancer Sites,people_80-84_female_non-hispanic,vstat_C0242379_US_PRI_80-84_female_non-hispanic,US_PRI,United States and Puerto Rico,United States and Puerto Rico
,Lung and Bronchus,22030,Female,F,2010,2010.0,85+ years,85+,Hispanic,2135-2,305,C0242379,Malignant neoplasm of lung,C1513750,Multiple Cancer Sites,people_85+_female_hispanic,vstat_C0242379_US_PRI_85+_female_hispanic,US_PRI,United States and Puerto Rico,United States and Puerto Rico
,Lung and Bronchus,22030,Female,F,2010,2010.0,85+ years,85+,Non-Hispanic,2186-5,9191,C0242379,Malignant neoplasm of lung,C1513750,Multiple Cancer Sites,people_85+_female_non-hispanic,vstat_C0242379_US_PRI_85+_female_non-hispanic,US_PRI,United States and Puerto Rico,United States and Puerto Rico
,Lung and Bronchus,22030,Female,F,2011,2011.0,20-24 years,20-24,Non-Hispanic,2186-5,30,C0242379,Malignant neoplasm of lung,C1513750,Multiple Cancer Sites,people_20-24_female_non-hispanic,vstat_C0242379_US_PRI_20-24_female_non-hispanic,US_PRI,United States and Puerto Rico,United States and Puerto Rico
,Lung and Bronchus,22030,Female,F,2011,2011.0,25-29 years,25-29,Non-Hispanic,2186-5,65,C0242379,Malignant neoplasm of lung,C1513750,Multiple Cancer Sites,people_25-29_female_non-hispanic,vstat_C0242379_US_PRI_25-29_female_non-hispanic,US_PRI,United States and Puerto Rico,United States and Puerto Rico
,Lung and Bronchus,22030,Female,F,2011,2011.0,30-34 years,30-34,Non-Hispanic,2186-5,123,C0242379,Malignant neoplasm of lung,C1513750,Multiple Cancer Sites,people_30-34_female_non-hispanic,vstat_C0242379_US_PRI_30-34_female_non-hispanic,US_PRI,United States and Puerto Rico,United States and Puerto Rico
,Lung and Bronchus,22030,Female,F,2011,2011.0,35-39 years,35-39,Hispanic,2135-2,38,C0242379,Malignant neoplasm of lung,C1513750,Multiple Cancer Sites,people_35-39_female_hispanic,vstat_C0242379_US_PRI_35-39_female_hispanic,US_PRI,United States and Puerto Rico,United States and Puerto Rico
,Lung and Bronchus,22030,Female,F,2011,2011.0,35-39 years,35-39,Non-Hispanic,2186-5,288,C0242379,Malignant neoplasm of lung,C1513750,Multiple Cancer Sites,people_35-39_female_non-hispanic,vstat_C0242379_US_PRI_35-39_female_non-hispanic,US_PRI,United States and Puerto Rico,United States and Puerto Rico
,Lung and Bronchus,22030,Female,F,2011,2011.0,40-44 years,40-44,Hispanic,2135-2,66,C0242379,Malignant neoplasm of lung,C1513750,Multiple Cancer Sites,people_40-44_female_hispanic,vstat_C0242379_US_PRI_40-44_female_hispanic,US_PRI,United States and Puerto Rico,United States and Puerto Rico
,Lung and Bronchus,22030,Female,F,2011,2011.0,40-44 years,40-44,Non-Hispanic,2186-5,910,C0242379,Malignant neoplasm of lung,C1513750,Multiple Cancer Sites,people_40-44_female_non-hispanic,vstat_C0242379_US_PRI_40-44_female_non-hispanic,US_PRI,United States and Puerto Rico,United States and Puerto Rico
,Lung and Bronchus,22030,Female,F,2011,2011.0,45-49 years,45-49,Hispanic,2135-2,140,C0242379,Malignant neoplasm of lung,C1513750,Multiple Cancer Sites,people_45-49_female_hispanic,vstat_C0242379_US_PRI_45-49_female_hispanic,US_PRI,United States and Puerto Rico,United States and Puerto Rico
,Lung and Bronchus,22030,Female,F,2011,2011.0,45-49 years,45-49,Non-Hispanic,2186-5,2767,C0242379,Malignant neoplasm of lung,C1513750,Multiple Cancer Sites,people_45-49_female_non-hispanic,vstat_C0242379_US_PRI_45-49_female_non-hispanic,US_PRI,United States and Puerto Rico,United States and Puerto Rico
,Lung and Bronchus,22030,Female,F,2011,2011.0,50-54 years,50-54,Hispanic,2135-2,262,C0242379,Malignant neoplasm of lung,C1513750,Multiple Cancer Sites,people_50-54_female_hispanic,vstat_C0242379_US_PRI_50-54_female_hispanic,US_PRI,United States and Puerto Rico,United States and Puerto Rico
,Lung and Bronchus,22030,Female,F,2011,2011.0,50-54 years,50-54,Non-Hispanic,2186-5,6023,C0242379,Malignant neoplasm of lung,C1513750,Multiple Cancer Sites,people_50-54_female_non-hispanic,vstat_C0242379_US_PRI_50-54_female_non-hispanic,US_PRI,United States and Puerto Rico,United States and Puerto Rico
,Lung and Bronchus,22030,Female,F,2011,2011.0,55-59 years,55-59,Hispanic,2135-2,382,C0242379,Malignant neoplasm of lung,C1513750,Multiple Cancer Sites,people_55-59_female_hispanic,vstat_C0242379_US_PRI_55-59_female_hispanic,US_PRI,United States and Puerto Rico,United States and Puerto Rico
,Lung and Bronchus,22030,Female,F,2011,2011.0,55-59 years,55-59,Non-Hispanic,2186-5,8343,C0242379,Malignant neoplasm of lung,C1513750,Multiple Cancer Sites,people_55-59_female_non-hispanic,vstat_C0242379_US_PRI_55-59_female_non-hispanic,US_PRI,United States and Puerto Rico,United States and Puerto Rico
,Lung and Bronchus,22030,Female,F,2011,2011.0,60-64 years ,60-64,Hispanic,2135-2,461,C0242379,Malignant neoplasm of lung,C1513750,Multiple Cancer Sites,people_60-64_female_hispanic,vstat_C0242379_US_PRI_60-64_female_hispanic,US_PRI,United States and Puerto Rico,United States and Puerto Rico
,Lung and Bronchus,22030,Female,F,2011,2011.0,60-64 years ,60-64,Non-Hispanic,2186-5,11957,C0242379,Malignant neoplasm of lung,C1513750,Multiple Cancer Sites,people_60-64_female_non-hispanic,vstat_C0242379_US_PRI_60-64_female_non-hispanic,US_PRI,United States and Puerto Rico,United States and Puerto Rico
,Lung and Bronchus,22030,Female,F,2011,2011.0,65-69 years,65-69,Hispanic,2135-2,570,C0242379,Malignant neoplasm of lung,C1513750,Multiple Cancer Sites,people_65-69_female_hispanic,vstat_C0242379_US_PRI_65-69_female_hispanic,US_PRI,United States and Puerto Rico,United States and Puerto Rico
,Lung and Bronchus,22030,Female,F,2011,2011.0,65-69 years,65-69,Non-Hispanic,2186-5,15394,C0242379,Malignant neoplasm of lung,C1513750,Multiple Cancer Sites,people_65-69_female_non-hispanic,vstat_C0242379_US_PRI_65-69_female_non-hispanic,US_PRI,United States and Puerto Rico,United States and Puerto Rico
,Lung and Bronchus,22030,Female,F,2011,2011.0,70-74 years,70-74,Hispanic,2135-2,594,C0242379,Malignant neoplasm of lung,C1513750,Multiple Cancer Sites,people_70-74_female_hispanic,vstat_C0242379_US_PRI_70-74_female_hispanic,US_PRI,United States and Puerto Rico,United States and Puerto Rico
,Lung and Bronchus,22030,Female,F,2011,2011.0,70-74 years,70-74,Non-Hispanic,2186-5,15697,C0242379,Malignant neoplasm of lung,C1513750,Multiple Cancer Sites,people_70-74_female_non-hispanic,vstat_C0242379_US_PRI_70-74_female_non-hispanic,US_PRI,United States and Puerto Rico,United States and Puerto Rico
,Lung and Bronchus,22030,Female,F,2011,2011.0,75-79 years,75-79,Hispanic,2135-2,535,C0242379,Malignant neoplasm of lung,C1513750,Multiple Cancer Sites,people_75-79_female_hispanic,vstat_C0242379_US_PRI_75-79_female_hispanic,US_PRI,United States and Puerto Rico,United States and Puerto Rico
,Lung and Bronchus,22030,Female,F,2011,2011.0,75-79 years,75-79,Non-Hispanic,2186-5,14416,C0242379,Malignant neoplasm of lung,C1513750,Multiple Cancer Sites,people_75-79_female_non-hispanic,vstat_C0242379_US_PRI_75-79_female_non-hispanic,US_PRI,United States and Puerto Rico,United States and Puerto Rico
,Lung and Bronchus,22030,Female,F,2011,2011.0,80-84 years,80-84,Hispanic,2135-2,450,C0242379,Malignant neoplasm of lung,C1513750,Multiple Cancer Sites,people_80-84_female_hispanic,vstat_C0242379_US_PRI_80-84_female_hispanic,US_PRI,United States and Puerto Rico,United States and Puerto Rico
,Lung and Bronchus,22030,Female,F,2011,2011.0,80-84 years,80-84,Non-Hispanic,2186-5,11629,C0242379,Malignant neoplasm of lung,C1513750,Multiple Cancer Sites,people_80-84_female_non-hispanic,vstat_C0242379_US_PRI_80-84_female_non-hispanic,US_PRI,United States and Puerto Rico,United States and Puerto Rico
,Lung and Bronchus,22030,Female,F,2011,2011.0,85+ years,85+,Hispanic,2135-2,337,C0242379,Malignant neoplasm of lung,C1513750,Multiple Cancer Sites,people_85+_female_hispanic,vstat_C0242379_US_PRI_85+_female_hispanic,US_PRI,United States and Puerto Rico,United States and Puerto Rico
,Lung and Bronchus,22030,Female,F,2011,2011.0,85+ years,85+,Non-Hispanic,2186-5,9080,C0242379,Malignant neoplasm of lung,C1513750,Multiple Cancer Sites,people_85+_female_non-hispanic,vstat_C0242379_US_PRI_85+_female_non-hispanic,US_PRI,United States and Puerto Rico,United States and Puerto Rico
,Lung and Bronchus,22030,Female,F,2012,2012.0,20-24 years,20-24,Non-Hispanic,2186-5,29,C0242379,Malignant neoplasm of lung,C1513750,Multiple Cancer Sites,people_20-24_female_non-hispanic,vstat_C0242379_US_PRI_20-24_female_non-hispanic,US_PRI,United States and Puerto Rico,United States and Puerto Rico
,Lung and Bronchus,22030,Female,F,2012,2012.0,25-29 years,25-29,Non-Hispanic,2186-5,59,C0242379,Malignant neoplasm of lung,C1513750,Multiple Cancer Sites,people_25-29_female_non-hispanic,vstat_C0242379_US_PRI_25-29_female_non-hispanic,US_PRI,United States and Puerto Rico,United States and Puerto Rico
,Lung and Bronchus,22030,Female,F,2012,2012.0,30-34 years,30-34,Hispanic,2135-2,22,C0242379,Malignant neoplasm of lung,C1513750,Multiple Cancer Sites,people_30-34_female_hispanic,vstat_C0242379_US_PRI_30-34_female_hispanic,US_PRI,United States and Puerto Rico,United States and Puerto Rico
,Lung and Bronchus,22030,Female,F,2012,2012.0,30-34 years,30-34,Non-Hispanic,2186-5,117,C0242379,Malignant neoplasm of lung,C1513750,Multiple Cancer Sites,people_30-34_female_non-hispanic,vstat_C0242379_US_PRI_30-34_female_non-hispanic,US_PRI,United States and Puerto Rico,United States and Puerto Rico
,Lung and Bronchus,22030,Female,F,2012,2012.0,35-39 years,35-39,Hispanic,2135-2,40,C0242379,Malignant neoplasm of lung,C1513750,Multiple Cancer Sites,people_35-39_female_hispanic,vstat_C0242379_US_PRI_35-39_female_hispanic,US_PRI,United States and Puerto Rico,United States and Puerto Rico
,Lung and Bronchus,22030,Female,F,2012,2012.0,35-39 years,35-39,Non-Hispanic,2186-5,235,C0242379,Malignant neoplasm of lung,C1513750,Multiple Cancer Sites,people_35-39_female_non-hispanic,vstat_C0242379_US_PRI_35-39_female_non-hispanic,US_PRI,United States and Puerto Rico,United States and Puerto Rico
,Lung and Bronchus,22030,Female,F,2012,2012.0,40-44 years,40-44,Hispanic,2135-2,70,C0242379,Malignant neoplasm of lung,C1513750,Multiple Cancer Sites,people_40-44_female_hispanic,vstat_C0242379_US_PRI_40-44_female_hispanic,US_PRI,United States and Puerto Rico,United States and Puerto Rico
,Lung and Bronchus,22030,Female,F,2012,2012.0,40-44 years,40-44,Non-Hispanic,2186-5,845,C0242379,Malignant neoplasm of lung,C1513750,Multiple Cancer Sites,people_40-44_female_non-hispanic,vstat_C0242379_US_PRI_40-44_female_non-hispanic,US_PRI,United States and Puerto Rico,United States and Puerto Rico
,Lung and Bronchus,22030,Female,F,2012,2012.0,45-49 years,45-49,Hispanic,2135-2,162,C0242379,Malignant neoplasm of lung,C1513750,Multiple Cancer Sites,people_45-49_female_hispanic,vstat_C0242379_US_PRI_45-49_female_hispanic,US_PRI,United States and Puerto Rico,United States and Puerto Rico
,Lung and Bronchus,22030,Female,F,2012,2012.0,45-49 years,45-49,Non-Hispanic,2186-5,2633,C0242379,Malignant neoplasm of lung,C1513750,Multiple Cancer Sites,people_45-49_female_non-hispanic,vstat_C0242379_US_PRI_45-49_female_non-hispanic,US_PRI,United States and Puerto Rico,United States and Puerto Rico
,Lung and Bronchus,22030,Female,F,2012,2012.0,50-54 years,50-54,Hispanic,2135-2,268,C0242379,Malignant neoplasm of lung,C1513750,Multiple Cancer Sites,people_50-54_female_hispanic,vstat_C0242379_US_PRI_50-54_female_hispanic,US_PRI,United States and Puerto Rico,United States and Puerto Rico
,Lung and Bronchus,22030,Female,F,2012,2012.0,50-54 years,50-54,Non-Hispanic,2186-5,6048,C0242379,Malignant neoplasm of lung,C1513750,Multiple Cancer Sites,people_50-54_female_non-hispanic,vstat_C0242379_US_PRI_50-54_female_non-hispanic,US_PRI,United States and Puerto Rico,United States and Puerto Rico
,Lung and Bronchus,22030,Female,F,2012,2012.0,55-59 years,55-59,Hispanic,2135-2,430,C0242379,Malignant neoplasm of lung,C1513750,Multiple Cancer Sites,people_55-59_female_hispanic,vstat_C0242379_US_PRI_55-59_female_hispanic,US_PRI,United States and Puerto Rico,United States and Puerto Rico
,Lung and Bronchus,22030,Female,F,2012,2012.0,55-59 years,55-59,Non-Hispanic,2186-5,8883,C0242379,Malignant neoplasm of lung,C1513750,Multiple Cancer Sites,people_55-59_female_non-hispanic,vstat_C0242379_US_PRI_55-59_female_non-hispanic,US_PRI,United States and Puerto Rico,United States and Puerto Rico
,Lung and Bronchus,22030,Female,F,2012,2012.0,60-64 years ,60-64,Hispanic,2135-2,473,C0242379,Malignant neoplasm of lung,C1513750,Multiple Cancer Sites,people_60-64_female_hispanic,vstat_C0242379_US_PRI_60-64_female_hispanic,US_PRI,United States and Puerto Rico,United States and Puerto Rico
,Lung and Bronchus,22030,Female,F,2012,2012.0,60-64 years ,60-64,Non-Hispanic,2186-5,11873,C0242379,Malignant neoplasm of lung,C1513750,Multiple Cancer Sites,people_60-64_female_non-hispanic,vstat_C0242379_US_PRI_60-64_female_non-hispanic,US_PRI,United States and Puerto Rico,United States and Puerto Rico
,Lung and Bronchus,22030,Female,F,2012,2012.0,65-69 years,65-69,Hispanic,2135-2,609,C0242379,Malignant neoplasm of lung,C1513750,Multiple Cancer Sites,people_65-69_female_hispanic,vstat_C0242379_US_PRI_65-69_female_hispanic,US_PRI,United States and Puerto Rico,United States and Puerto Rico
,Lung and Bronchus,22030,Female,F,2012,2012.0,65-69 years,65-69,Non-Hispanic,2186-5,16311,C0242379,Malignant neoplasm of lung,C1513750,Multiple Cancer Sites,people_65-69_female_non-hispanic,vstat_C0242379_US_PRI_65-69_female_non-hispanic,US_PRI,United States and Puerto Rico,United States and Puerto Rico
,Lung and Bronchus,22030,Female,F,2012,2012.0,70-74 years,70-74,Hispanic,2135-2,643,C0242379,Malignant neoplasm of lung,C1513750,Multiple Cancer Sites,people_70-74_female_hispanic,vstat_C0242379_US_PRI_70-74_female_hispanic,US_PRI,United States and Puerto Rico,United States and Puerto Rico
,Lung and Bronchus,22030,Female,F,2012,2012.0,70-74 years,70-74,Non-Hispanic,2186-5,16245,C0242379,Malignant neoplasm of lung,C1513750,Multiple Cancer Sites,people_70-74_female_non-hispanic,vstat_C0242379_US_PRI_70-74_female_non-hispanic,US_PRI,United States and Puerto Rico,United States and Puerto Rico
,Lung and Bronchus,22030,Female,F,2012,2012.0,75-79 years,75-79,Hispanic,2135-2,585,C0242379,Malignant neoplasm of lung,C1513750,Multiple Cancer Sites,people_75-79_female_hispanic,vstat_C0242379_US_PRI_75-79_female_hispanic,US_PRI,United States and Puerto Rico,United States and Puerto Rico
,Lung and Bronchus,22030,Female,F,2012,2012.0,75-79 years,75-79,Non-Hispanic,2186-5,14625,C0242379,Malignant neoplasm of lung,C1513750,Multiple Cancer Sites,people_75-79_female_non-hispanic,vstat_C0242379_US_PRI_75-79_female_non-hispanic,US_PRI,United States and Puerto Rico,United States and Puerto Rico
,Lung and Bronchus,22030,Female,F,2012,2012.0,80-84 years,80-84,Hispanic,2135-2,439,C0242379,Malignant neoplasm of lung,C1513750,Multiple Cancer Sites,people_80-84_female_hispanic,vstat_C0242379_US_PRI_80-84_female_hispanic,US_PRI,United States and Puerto Rico,United States and Puerto Rico
,Lung and Bronchus,22030,Female,F,2012,2012.0,80-84 years,80-84,Non-Hispanic,2186-5,11354,C0242379,Malignant neoplasm of lung,C1513750,Multiple Cancer Sites,people_80-84_female_non-hispanic,vstat_C0242379_US_PRI_80-84_female_non-hispanic,US_PRI,United States and Puerto Rico,United States and Puerto Rico
,Lung and Bronchus,22030,Female,F,2012,2012.0,85+ years,85+,Hispanic,2135-2,364,C0242379,Malignant neoplasm of lung,C1513750,Multiple Cancer Sites,people_85+_female_hispanic,vstat_C0242379_US_PRI_85+_female_hispanic,US_PRI,United States and Puerto Rico,United States and Puerto Rico
,Lung and Bronchus,22030,Female,F,2012,2012.0,85+ years,85+,Non-Hispanic,2186-5,9341,C0242379,Malignant neoplasm of lung,C1513750,Multiple Cancer Sites,people_85+_female_non-hispanic,vstat_C0242379_US_PRI_85+_female_non-hispanic,US_PRI,United States and Puerto Rico,United States and Puerto Rico
,Lung and Bronchus,22030,Female,F,2013,2013.0,15-19 years,15-19,Non-Hispanic,2186-5,19,C0242379,Malignant neoplasm of lung,C1513750,Multiple Cancer Sites,people_15-19_female_non-hispanic,vstat_C0242379_US_PRI_15-19_female_non-hispanic,US_PRI,United States and Puerto Rico,United States and Puerto Rico
,Lung and Bronchus,22030,Female,F,2013,2013.0,20-24 years,20-24,Non-Hispanic,2186-5,28,C0242379,Malignant neoplasm of lung,C1513750,Multiple Cancer Sites,people_20-24_female_non-hispanic,vstat_C0242379_US_PRI_20-24_female_non-hispanic,US_PRI,United States and Puerto Rico,United States and Puerto Rico
,Lung and Bronchus,22030,Female,F,2013,2013.0,25-29 years,25-29,Non-Hispanic,2186-5,61,C0242379,Malignant neoplasm of lung,C1513750,Multiple Cancer Sites,people_25-29_female_non-hispanic,vstat_C0242379_US_PRI_25-29_female_non-hispanic,US_PRI,United States and Puerto Rico,United States and Puerto Rico
,Lung and Bronchus,22030,Female,F,2013,2013.0,30-34 years,30-34,Hispanic,2135-2,24,C0242379,Malignant neoplasm of lung,C1513750,Multiple Cancer Sites,people_30-34_female_hispanic,vstat_C0242379_US_PRI_30-34_female_hispanic,US_PRI,United States and Puerto Rico,United States and Puerto Rico
,Lung and Bronchus,22030,Female,F,2013,2013.0,30-34 years,30-34,Non-Hispanic,2186-5,118,C0242379,Malignant neoplasm of lung,C1513750,Multiple Cancer Sites,people_30-34_female_non-hispanic,vstat_C0242379_US_PRI_30-34_female_non-hispanic,US_PRI,United States and Puerto Rico,United States and Puerto Rico
,Lung and Bronchus,22030,Female,F,2013,2013.0,35-39 years,35-39,Hispanic,2135-2,38,C0242379,Malignant neoplasm of lung,C1513750,Multiple Cancer Sites,people_35-39_female_hispanic,vstat_C0242379_US_PRI_35-39_female_hispanic,US_PRI,United States and Puerto Rico,United States and Puerto Rico
,Lung and Bronchus,22030,Female,F,2013,2013.0,35-39 years,35-39,Non-Hispanic,2186-5,264,C0242379,Malignant neoplasm of lung,C1513750,Multiple Cancer Sites,people_35-39_female_non-hispanic,vstat_C0242379_US_PRI_35-39_female_non-hispanic,US_PRI,United States and Puerto Rico,United States and Puerto Rico
,Lung and Bronchus,22030,Female,F,2013,2013.0,40-44 years,40-44,Hispanic,2135-2,62,C0242379,Malignant neoplasm of lung,C1513750,Multiple Cancer Sites,people_40-44_female_hispanic,vstat_C0242379_US_PRI_40-44_female_hispanic,US_PRI,United States and Puerto Rico,United States and Puerto Rico
,Lung and Bronchus,22030,Female,F,2013,2013.0,40-44 years,40-44,Non-Hispanic,2186-5,871,C0242379,Malignant neoplasm of lung,C1513750,Multiple Cancer Sites,people_40-44_female_non-hispanic,vstat_C0242379_US_PRI_40-44_female_non-hispanic,US_PRI,United States and Puerto Rico,United States and Puerto Rico
,Lung and Bronchus,22030,Female,F,2013,2013.0,45-49 years,45-49,Hispanic,2135-2,139,C0242379,Malignant neoplasm of lung,C1513750,Multiple Cancer Sites,people_45-49_female_hispanic,vstat_C0242379_US_PRI_45-49_female_hispanic,US_PRI,United States and Puerto Rico,United States and Puerto Rico
,Lung and Bronchus,22030,Female,F,2013,2013.0,45-49 years,45-49,Non-Hispanic,2186-5,2382,C0242379,Malignant neoplasm of lung,C1513750,Multiple Cancer Sites,people_45-49_female_non-hispanic,vstat_C0242379_US_PRI_45-49_female_non-hispanic,US_PRI,United States and Puerto Rico,United States and Puerto Rico
,Lung and Bronchus,22030,Female,F,2013,2013.0,50-54 years,50-54,Hispanic,2135-2,296,C0242379,Malignant neoplasm of lung,C1513750,Multiple Cancer Sites,people_50-54_female_hispanic,vstat_C0242379_US_PRI_50-54_female_hispanic,US_PRI,United States and Puerto Rico,United States and Puerto Rico
,Lung and Bronchus,22030,Female,F,2013,2013.0,50-54 years,50-54,Non-Hispanic,2186-5,5900,C0242379,Malignant neoplasm of lung,C1513750,Multiple Cancer Sites,people_50-54_female_non-hispanic,vstat_C0242379_US_PRI_50-54_female_non-hispanic,US_PRI,United States and Puerto Rico,United States and Puerto Rico
,Lung and Bronchus,22030,Female,F,2013,2013.0,55-59 years,55-59,Hispanic,2135-2,425,C0242379,Malignant neoplasm of lung,C1513750,Multiple Cancer Sites,people_55-59_female_hispanic,vstat_C0242379_US_PRI_55-59_female_hispanic,US_PRI,United States and Puerto Rico,United States and Puerto Rico
,Lung and Bronchus,22030,Female,F,2013,2013.0,55-59 years,55-59,Non-Hispanic,2186-5,9175,C0242379,Malignant neoplasm of lung,C1513750,Multiple Cancer Sites,people_55-59_female_non-hispanic,vstat_C0242379_US_PRI_55-59_female_non-hispanic,US_PRI,United States and Puerto Rico,United States and Puerto Rico
,Lung and Bronchus,22030,Female,F,2013,2013.0,60-64 years ,60-64,Hispanic,2135-2,482,C0242379,Malignant neoplasm of lung,C1513750,Multiple Cancer Sites,people_60-64_female_hispanic,vstat_C0242379_US_PRI_60-64_female_hispanic,US_PRI,United States and Puerto Rico,United States and Puerto Rico
,Lung and Bronchus,22030,Female,F,2013,2013.0,60-64 years ,60-64,Non-Hispanic,2186-5,11634,C0242379,Malignant neoplasm of lung,C1513750,Multiple Cancer Sites,people_60-64_female_non-hispanic,vstat_C0242379_US_PRI_60-64_female_non-hispanic,US_PRI,United States and Puerto Rico,United States and Puerto Rico
,Lung and Bronchus,22030,Female,F,2013,2013.0,65-69 years,65-69,Hispanic,2135-2,641,C0242379,Malignant neoplasm of lung,C1513750,Multiple Cancer Sites,people_65-69_female_hispanic,vstat_C0242379_US_PRI_65-69_female_hispanic,US_PRI,United States and Puerto Rico,United States and Puerto Rico
,Lung and Bronchus,22030,Female,F,2013,2013.0,65-69 years,65-69,Non-Hispanic,2186-5,16096,C0242379,Malignant neoplasm of lung,C1513750,Multiple Cancer Sites,people_65-69_female_non-hispanic,vstat_C0242379_US_PRI_65-69_female_non-hispanic,US_PRI,United States and Puerto Rico,United States and Puerto Rico
,Lung and Bronchus,22030,Female,F,2013,2013.0,70-74 years,70-74,Hispanic,2135-2,662,C0242379,Malignant neoplasm of lung,C1513750,Multiple Cancer Sites,people_70-74_female_hispanic,vstat_C0242379_US_PRI_70-74_female_hispanic,US_PRI,United States and Puerto Rico,United States and Puerto Rico
,Lung and Bronchus,22030,Female,F,2013,2013.0,70-74 years,70-74,Non-Hispanic,2186-5,17250,C0242379,Malignant neoplasm of lung,C1513750,Multiple Cancer Sites,people_70-74_female_non-hispanic,vstat_C0242379_US_PRI_70-74_female_non-hispanic,US_PRI,United States and Puerto Rico,United States and Puerto Rico
,Lung and Bronchus,22030,Female,F,2013,2013.0,75-79 years,75-79,Hispanic,2135-2,582,C0242379,Malignant neoplasm of lung,C1513750,Multiple Cancer Sites,people_75-79_female_hispanic,vstat_C0242379_US_PRI_75-79_female_hispanic,US_PRI,United States and Puerto Rico,United States and Puerto Rico
,Lung and Bronchus,22030,Female,F,2013,2013.0,75-79 years,75-79,Non-Hispanic,2186-5,15002,C0242379,Malignant neoplasm of lung,C1513750,Multiple Cancer Sites,people_75-79_female_non-hispanic,vstat_C0242379_US_PRI_75-79_female_non-hispanic,US_PRI,United States and Puerto Rico,United States and Puerto Rico
,Lung and Bronchus,22030,Female,F,2013,2013.0,80-84 years,80-84,Hispanic,2135-2,473,C0242379,Malignant neoplasm of lung,C1513750,Multiple Cancer Sites,people_80-84_female_hispanic,vstat_C0242379_US_PRI_80-84_female_hispanic,US_PRI,United States and Puerto Rico,United States and Puerto Rico
,Lung and Bronchus,22030,Female,F,2013,2013.0,80-84 years,80-84,Non-Hispanic,2186-5,11442,C0242379,Malignant neoplasm of lung,C1513750,Multiple Cancer Sites,people_80-84_female_non-hispanic,vstat_C0242379_US_PRI_80-84_female_non-hispanic,US_PRI,United States and Puerto Rico,United States and Puerto Rico
,Lung and Bronchus,22030,Female,F,2013,2013.0,85+ years,85+,Hispanic,2135-2,406,C0242379,Malignant neoplasm of lung,C1513750,Multiple Cancer Sites,people_85+_female_hispanic,vstat_C0242379_US_PRI_85+_female_hispanic,US_PRI,United States and Puerto Rico,United States and Puerto Rico
,Lung and Bronchus,22030,Female,F,2013,2013.0,85+ years,85+,Non-Hispanic,2186-5,9446,C0242379,Malignant neoplasm of lung,C1513750,Multiple Cancer Sites,people_85+_female_non-hispanic,vstat_C0242379_US_PRI_85+_female_non-hispanic,US_PRI,United States and Puerto Rico,United States and Puerto Rico
,Lung and Bronchus,22030,Female,F,2014,2014.0,20-24 years,20-24,Non-Hispanic,2186-5,27,C0242379,Malignant neoplasm of lung,C1513750,Multiple Cancer Sites,people_20-24_female_non-hispanic,vstat_C0242379_US_PRI_20-24_female_non-hispanic,US_PRI,United States and Puerto Rico,United States and Puerto Rico
,Lung and Bronchus,22030,Female,F,2014,2014.0,25-29 years,25-29,Non-Hispanic,2186-5,41,C0242379,Malignant neoplasm of lung,C1513750,Multiple Cancer Sites,people_25-29_female_non-hispanic,vstat_C0242379_US_PRI_25-29_female_non-hispanic,US_PRI,United States and Puerto Rico,United States and Puerto Rico
,Lung and Bronchus,22030,Female,F,2014,2014.0,30-34 years,30-34,Hispanic,2135-2,22,C0242379,Malignant neoplasm of lung,C1513750,Multiple Cancer Sites,people_30-34_female_hispanic,vstat_C0242379_US_PRI_30-34_female_hispanic,US_PRI,United States and Puerto Rico,United States and Puerto Rico
,Lung and Bronchus,22030,Female,F,2014,2014.0,30-34 years,30-34,Non-Hispanic,2186-5,113,C0242379,Malignant neoplasm of lung,C1513750,Multiple Cancer Sites,people_30-34_female_non-hispanic,vstat_C0242379_US_PRI_30-34_female_non-hispanic,US_PRI,United States and Puerto Rico,United States and Puerto Rico
,Lung and Bronchus,22030,Female,F,2014,2014.0,35-39 years,35-39,Hispanic,2135-2,30,C0242379,Malignant neoplasm of lung,C1513750,Multiple Cancer Sites,people_35-39_female_hispanic,vstat_C0242379_US_PRI_35-39_female_hispanic,US_PRI,United States and Puerto Rico,United States and Puerto Rico
,Lung and Bronchus,22030,Female,F,2014,2014.0,35-39 years,35-39,Non-Hispanic,2186-5,241,C0242379,Malignant neoplasm of lung,C1513750,Multiple Cancer Sites,people_35-39_female_non-hispanic,vstat_C0242379_US_PRI_35-39_female_non-hispanic,US_PRI,United States and Puerto Rico,United States and Puerto Rico
,Lung and Bronchus,22030,Female,F,2014,2014.0,40-44 years,40-44,Hispanic,2135-2,64,C0242379,Malignant neoplasm of lung,C1513750,Multiple Cancer Sites,people_40-44_female_hispanic,vstat_C0242379_US_PRI_40-44_female_hispanic,US_PRI,United States and Puerto Rico,United States and Puerto Rico
,Lung and Bronchus,22030,Female,F,2014,2014.0,40-44 years,40-44,Non-Hispanic,2186-5,720,C0242379,Malignant neoplasm of lung,C1513750,Multiple Cancer Sites,people_40-44_female_non-hispanic,vstat_C0242379_US_PRI_40-44_female_non-hispanic,US_PRI,United States and Puerto Rico,United States and Puerto Rico
,Lung and Bronchus,22030,Female,F,2014,2014.0,45-49 years,45-49,Hispanic,2135-2,146,C0242379,Malignant neoplasm of lung,C1513750,Multiple Cancer Sites,people_45-49_female_hispanic,vstat_C0242379_US_PRI_45-49_female_hispanic,US_PRI,United States and Puerto Rico,United States and Puerto Rico
,Lung and Bronchus,22030,Female,F,2014,2014.0,45-49 years,45-49,Non-Hispanic,2186-5,2152,C0242379,Malignant neoplasm of lung,C1513750,Multiple Cancer Sites,people_45-49_female_non-hispanic,vstat_C0242379_US_PRI_45-49_female_non-hispanic,US_PRI,United States and Puerto Rico,United States and Puerto Rico
,Lung and Bronchus,22030,Female,F,2014,2014.0,50-54 years,50-54,Hispanic,2135-2,296,C0242379,Malignant neoplasm of lung,C1513750,Multiple Cancer Sites,people_50-54_female_hispanic,vstat_C0242379_US_PRI_50-54_female_hispanic,US_PRI,United States and Puerto Rico,United States and Puerto Rico
,Lung and Bronchus,22030,Female,F,2014,2014.0,50-54 years,50-54,Non-Hispanic,2186-5,5833,C0242379,Malignant neoplasm of lung,C1513750,Multiple Cancer Sites,people_50-54_female_non-hispanic,vstat_C0242379_US_PRI_50-54_female_non-hispanic,US_PRI,United States and Puerto Rico,United States and Puerto Rico
,Lung and Bronchus,22030,Female,F,2014,2014.0,55-59 years,55-59,Hispanic,2135-2,426,C0242379,Malignant neoplasm of lung,C1513750,Multiple Cancer Sites,people_55-59_female_hispanic,vstat_C0242379_US_PRI_55-59_female_hispanic,US_PRI,United States and Puerto Rico,United States and Puerto Rico
,Lung and Bronchus,22030,Female,F,2014,2014.0,55-59 years,55-59,Non-Hispanic,2186-5,9577,C0242379,Malignant neoplasm of lung,C1513750,Multiple Cancer Sites,people_55-59_female_non-hispanic,vstat_C0242379_US_PRI_55-59_female_non-hispanic,US_PRI,United States and Puerto Rico,United States and Puerto Rico
,Lung and Bronchus,22030,Female,F,2014,2014.0,60-64 years ,60-64,Hispanic,2135-2,533,C0242379,Malignant neoplasm of lung,C1513750,Multiple Cancer Sites,people_60-64_female_hispanic,vstat_C0242379_US_PRI_60-64_female_hispanic,US_PRI,United States and Puerto Rico,United States and Puerto Rico
,Lung and Bronchus,22030,Female,F,2014,2014.0,60-64 years ,60-64,Non-Hispanic,2186-5,11943,C0242379,Malignant neoplasm of lung,C1513750,Multiple Cancer Sites,people_60-64_female_non-hispanic,vstat_C0242379_US_PRI_60-64_female_non-hispanic,US_PRI,United States and Puerto Rico,United States and Puerto Rico
,Lung and Bronchus,22030,Female,F,2014,2014.0,65-69 years,65-69,Hispanic,2135-2,685,C0242379,Malignant neoplasm of lung,C1513750,Multiple Cancer Sites,people_65-69_female_hispanic,vstat_C0242379_US_PRI_65-69_female_hispanic,US_PRI,United States and Puerto Rico,United States and Puerto Rico
,Lung and Bronchus,22030,Female,F,2014,2014.0,65-69 years,65-69,Non-Hispanic,2186-5,16442,C0242379,Malignant neoplasm of lung,C1513750,Multiple Cancer Sites,people_65-69_female_non-hispanic,vstat_C0242379_US_PRI_65-69_female_non-hispanic,US_PRI,United States and Puerto Rico,United States and Puerto Rico
,Lung and Bronchus,22030,Female,F,2014,2014.0,70-74 years,70-74,Hispanic,2135-2,646,C0242379,Malignant neoplasm of lung,C1513750,Multiple Cancer Sites,people_70-74_female_hispanic,vstat_C0242379_US_PRI_70-74_female_hispanic,US_PRI,United States and Puerto Rico,United States and Puerto Rico
,Lung and Bronchus,22030,Female,F,2014,2014.0,70-74 years,70-74,Non-Hispanic,2186-5,17722,C0242379,Malignant neoplasm of lung,C1513750,Multiple Cancer Sites,people_70-74_female_non-hispanic,vstat_C0242379_US_PRI_70-74_female_non-hispanic,US_PRI,United States and Puerto Rico,United States and Puerto Rico
,Lung and Bronchus,22030,Female,F,2014,2014.0,75-79 years,75-79,Hispanic,2135-2,630,C0242379,Malignant neoplasm of lung,C1513750,Multiple Cancer Sites,people_75-79_female_hispanic,vstat_C0242379_US_PRI_75-79_female_hispanic,US_PRI,United States and Puerto Rico,United States and Puerto Rico
,Lung and Bronchus,22030,Female,F,2014,2014.0,75-79 years,75-79,Non-Hispanic,2186-5,15165,C0242379,Malignant neoplasm of lung,C1513750,Multiple Cancer Sites,people_75-79_female_non-hispanic,vstat_C0242379_US_PRI_75-79_female_non-hispanic,US_PRI,United States and Puerto Rico,United States and Puerto Rico
,Lung and Bronchus,22030,Female,F,2014,2014.0,80-84 years,80-84,Hispanic,2135-2,466,C0242379,Malignant neoplasm of lung,C1513750,Multiple Cancer Sites,people_80-84_female_hispanic,vstat_C0242379_US_PRI_80-84_female_hispanic,US_PRI,United States and Puerto Rico,United States and Puerto Rico
,Lung and Bronchus,22030,Female,F,2014,2014.0,80-84 years,80-84,Non-Hispanic,2186-5,11344,C0242379,Malignant neoplasm of lung,C1513750,Multiple Cancer Sites,people_80-84_female_non-hispanic,vstat_C0242379_US_PRI_80-84_female_non-hispanic,US_PRI,United States and Puerto Rico,United States and Puerto Rico
,Lung and Bronchus,22030,Female,F,2014,2014.0,85+ years,85+,Hispanic,2135-2,405,C0242379,Malignant neoplasm of lung,C1513750,Multiple Cancer Sites,people_85+_female_hispanic,vstat_C0242379_US_PRI_85+_female_hispanic,US_PRI,United States and Puerto Rico,United States and Puerto Rico
,Lung and Bronchus,22030,Female,F,2014,2014.0,85+ years,85+,Non-Hispanic,2186-5,9606,C0242379,Malignant neoplasm of lung,C1513750,Multiple Cancer Sites,people_85+_female_non-hispanic,vstat_C0242379_US_PRI_85+_female_non-hispanic,US_PRI,United States and Puerto Rico,United States and Puerto Rico
,Lung and Bronchus,22030,Female,F,2015,2015.0,20-24 years,20-24,Non-Hispanic,2186-5,34,C0242379,Malignant neoplasm of lung,C1513750,Multiple Cancer Sites,people_20-24_female_non-hispanic,vstat_C0242379_US_PRI_20-24_female_non-hispanic,US_PRI,United States and Puerto Rico,United States and Puerto Rico
,Lung and Bronchus,22030,Female,F,2015,2015.0,25-29 years,25-29,Non-Hispanic,2186-5,42,C0242379,Malignant neoplasm of lung,C1513750,Multiple Cancer Sites,people_25-29_female_non-hispanic,vstat_C0242379_US_PRI_25-29_female_non-hispanic,US_PRI,United States and Puerto Rico,United States and Puerto Rico
,Lung and Bronchus,22030,Female,F,2015,2015.0,30-34 years,30-34,Hispanic,2135-2,21,C0242379,Malignant neoplasm of lung,C1513750,Multiple Cancer Sites,people_30-34_female_hispanic,vstat_C0242379_US_PRI_30-34_female_hispanic,US_PRI,United States and Puerto Rico,United States and Puerto Rico
,Lung and Bronchus,22030,Female,F,2015,2015.0,30-34 years,30-34,Non-Hispanic,2186-5,104,C0242379,Malignant neoplasm of lung,C1513750,Multiple Cancer Sites,people_30-34_female_non-hispanic,vstat_C0242379_US_PRI_30-34_female_non-hispanic,US_PRI,United States and Puerto Rico,United States and Puerto Rico
,Lung and Bronchus,22030,Female,F,2015,2015.0,35-39 years,35-39,Hispanic,2135-2,39,C0242379,Malignant neoplasm of lung,C1513750,Multiple Cancer Sites,people_35-39_female_hispanic,vstat_C0242379_US_PRI_35-39_female_hispanic,US_PRI,United States and Puerto Rico,United States and Puerto Rico
,Lung and Bronchus,22030,Female,F,2015,2015.0,35-39 years,35-39,Non-Hispanic,2186-5,245,C0242379,Malignant neoplasm of lung,C1513750,Multiple Cancer Sites,people_35-39_female_non-hispanic,vstat_C0242379_US_PRI_35-39_female_non-hispanic,US_PRI,United States and Puerto Rico,United States and Puerto Rico
,Lung and Bronchus,22030,Female,F,2015,2015.0,40-44 years,40-44,Hispanic,2135-2,63,C0242379,Malignant neoplasm of lung,C1513750,Multiple Cancer Sites,people_40-44_female_hispanic,vstat_C0242379_US_PRI_40-44_female_hispanic,US_PRI,United States and Puerto Rico,United States and Puerto Rico
,Lung and Bronchus,22030,Female,F,2015,2015.0,40-44 years,40-44,Non-Hispanic,2186-5,744,C0242379,Malignant neoplasm of lung,C1513750,Multiple Cancer Sites,people_40-44_female_non-hispanic,vstat_C0242379_US_PRI_40-44_female_non-hispanic,US_PRI,United States and Puerto Rico,United States and Puerto Rico
,Lung and Bronchus,22030,Female,F,2015,2015.0,45-49 years,45-49,Hispanic,2135-2,139,C0242379,Malignant neoplasm of lung,C1513750,Multiple Cancer Sites,people_45-49_female_hispanic,vstat_C0242379_US_PRI_45-49_female_hispanic,US_PRI,United States and Puerto Rico,United States and Puerto Rico
,Lung and Bronchus,22030,Female,F,2015,2015.0,45-49 years,45-49,Non-Hispanic,2186-5,1974,C0242379,Malignant neoplasm of lung,C1513750,Multiple Cancer Sites,people_45-49_female_non-hispanic,vstat_C0242379_US_PRI_45-49_female_non-hispanic,US_PRI,United States and Puerto Rico,United States and Puerto Rico
,Lung and Bronchus,22030,Female,F,2015,2015.0,50-54 years,50-54,Hispanic,2135-2,300,C0242379,Malignant neoplasm of lung,C1513750,Multiple Cancer Sites,people_50-54_female_hispanic,vstat_C0242379_US_PRI_50-54_female_hispanic,US_PRI,United States and Puerto Rico,United States and Puerto Rico
,Lung and Bronchus,22030,Female,F,2015,2015.0,50-54 years,50-54,Non-Hispanic,2186-5,5606,C0242379,Malignant neoplasm of lung,C1513750,Multiple Cancer Sites,people_50-54_female_non-hispanic,vstat_C0242379_US_PRI_50-54_female_non-hispanic,US_PRI,United States and Puerto Rico,United States and Puerto Rico
,Lung and Bronchus,22030,Female,F,2015,2015.0,55-59 years,55-59,Hispanic,2135-2,448,C0242379,Malignant neoplasm of lung,C1513750,Multiple Cancer Sites,people_55-59_female_hispanic,vstat_C0242379_US_PRI_55-59_female_hispanic,US_PRI,United States and Puerto Rico,United States and Puerto Rico
,Lung and Bronchus,22030,Female,F,2015,2015.0,55-59 years,55-59,Non-Hispanic,2186-5,10015,C0242379,Malignant neoplasm of lung,C1513750,Multiple Cancer Sites,people_55-59_female_non-hispanic,vstat_C0242379_US_PRI_55-59_female_non-hispanic,US_PRI,United States and Puerto Rico,United States and Puerto Rico
,Lung and Bronchus,22030,Female,F,2015,2015.0,60-64 years ,60-64,Hispanic,2135-2,590,C0242379,Malignant neoplasm of lung,C1513750,Multiple Cancer Sites,people_60-64_female_hispanic,vstat_C0242379_US_PRI_60-64_female_hispanic,US_PRI,United States and Puerto Rico,United States and Puerto Rico
,Lung and Bronchus,22030,Female,F,2015,2015.0,60-64 years ,60-64,Non-Hispanic,2186-5,12628,C0242379,Malignant neoplasm of lung,C1513750,Multiple Cancer Sites,people_60-64_female_non-hispanic,vstat_C0242379_US_PRI_60-64_female_non-hispanic,US_PRI,United States and Puerto Rico,United States and Puerto Rico
,Lung and Bronchus,22030,Female,F,2015,2015.0,65-69 years,65-69,Hispanic,2135-2,738,C0242379,Malignant neoplasm of lung,C1513750,Multiple Cancer Sites,people_65-69_female_hispanic,vstat_C0242379_US_PRI_65-69_female_hispanic,US_PRI,United States and Puerto Rico,United States and Puerto Rico
,Lung and Bronchus,22030,Female,F,2015,2015.0,65-69 years,65-69,Non-Hispanic,2186-5,16981,C0242379,Malignant neoplasm of lung,C1513750,Multiple Cancer Sites,people_65-69_female_non-hispanic,vstat_C0242379_US_PRI_65-69_female_non-hispanic,US_PRI,United States and Puerto Rico,United States and Puerto Rico
,Lung and Bronchus,22030,Female,F,2015,2015.0,70-74 years,70-74,Hispanic,2135-2,759,C0242379,Malignant neoplasm of lung,C1513750,Multiple Cancer Sites,people_70-74_female_hispanic,vstat_C0242379_US_PRI_70-74_female_hispanic,US_PRI,United States and Puerto Rico,United States and Puerto Rico
,Lung and Bronchus,22030,Female,F,2015,2015.0,70-74 years,70-74,Non-Hispanic,2186-5,18504,C0242379,Malignant neoplasm of lung,C1513750,Multiple Cancer Sites,people_70-74_female_non-hispanic,vstat_C0242379_US_PRI_70-74_female_non-hispanic,US_PRI,United States and Puerto Rico,United States and Puerto Rico
,Lung and Bronchus,22030,Female,F,2015,2015.0,75-79 years,75-79,Hispanic,2135-2,640,C0242379,Malignant neoplasm of lung,C1513750,Multiple Cancer Sites,people_75-79_female_hispanic,vstat_C0242379_US_PRI_75-79_female_hispanic,US_PRI,United States and Puerto Rico,United States and Puerto Rico
,Lung and Bronchus,22030,Female,F,2015,2015.0,75-79 years,75-79,Non-Hispanic,2186-5,15482,C0242379,Malignant neoplasm of lung,C1513750,Multiple Cancer Sites,people_75-79_female_non-hispanic,vstat_C0242379_US_PRI_75-79_female_non-hispanic,US_PRI,United States and Puerto Rico,United States and Puerto Rico
,Lung and Bronchus,22030,Female,F,2015,2015.0,80-84 years,80-84,Hispanic,2135-2,471,C0242379,Malignant neoplasm of lung,C1513750,Multiple Cancer Sites,people_80-84_female_hispanic,vstat_C0242379_US_PRI_80-84_female_hispanic,US_PRI,United States and Puerto Rico,United States and Puerto Rico
,Lung and Bronchus,22030,Female,F,2015,2015.0,80-84 years,80-84,Non-Hispanic,2186-5,11243,C0242379,Malignant neoplasm of lung,C1513750,Multiple Cancer Sites,people_80-84_female_non-hispanic,vstat_C0242379_US_PRI_80-84_female_non-hispanic,US_PRI,United States and Puerto Rico,United States and Puerto Rico
,Lung and Bronchus,22030,Female,F,2015,2015.0,85+ years,85+,Hispanic,2135-2,414,C0242379,Malignant neoplasm of lung,C1513750,Multiple Cancer Sites,people_85+_female_hispanic,vstat_C0242379_US_PRI_85+_female_hispanic,US_PRI,United States and Puerto Rico,United States and Puerto Rico
,Lung and Bronchus,22030,Female,F,2015,2015.0,85+ years,85+,Non-Hispanic,2186-5,9747,C0242379,Malignant neoplasm of lung,C1513750,Multiple Cancer Sites,people_85+_female_non-hispanic,vstat_C0242379_US_PRI_85+_female_non-hispanic,US_PRI,United States and Puerto Rico,United States and Puerto Rico
,Lung and Bronchus,22030,Female,F,2016,2016.0,20-24 years,20-24,Non-Hispanic,2186-5,33,C0242379,Malignant neoplasm of lung,C1513750,Multiple Cancer Sites,people_20-24_female_non-hispanic,vstat_C0242379_US_PRI_20-24_female_non-hispanic,US_PRI,United States and Puerto Rico,United States and Puerto Rico
,Lung and Bronchus,22030,Female,F,2016,2016.0,25-29 years,25-29,Non-Hispanic,2186-5,52,C0242379,Malignant neoplasm of lung,C1513750,Multiple Cancer Sites,people_25-29_female_non-hispanic,vstat_C0242379_US_PRI_25-29_female_non-hispanic,US_PRI,United States and Puerto Rico,United States and Puerto Rico
,Lung and Bronchus,22030,Female,F,2016,2016.0,30-34 years,30-34,Hispanic,2135-2,20,C0242379,Malignant neoplasm of lung,C1513750,Multiple Cancer Sites,people_30-34_female_hispanic,vstat_C0242379_US_PRI_30-34_female_hispanic,US_PRI,United States and Puerto Rico,United States and Puerto Rico
,Lung and Bronchus,22030,Female,F,2016,2016.0,30-34 years,30-34,Non-Hispanic,2186-5,114,C0242379,Malignant neoplasm of lung,C1513750,Multiple Cancer Sites,people_30-34_female_non-hispanic,vstat_C0242379_US_PRI_30-34_female_non-hispanic,US_PRI,United States and Puerto Rico,United States and Puerto Rico
,Lung and Bronchus,22030,Female,F,2016,2016.0,35-39 years,35-39,Hispanic,2135-2,43,C0242379,Malignant neoplasm of lung,C1513750,Multiple Cancer Sites,people_35-39_female_hispanic,vstat_C0242379_US_PRI_35-39_female_hispanic,US_PRI,United States and Puerto Rico,United States and Puerto Rico
,Lung and Bronchus,22030,Female,F,2016,2016.0,35-39 years,35-39,Non-Hispanic,2186-5,248,C0242379,Malignant neoplasm of lung,C1513750,Multiple Cancer Sites,people_35-39_female_non-hispanic,vstat_C0242379_US_PRI_35-39_female_non-hispanic,US_PRI,United States and Puerto Rico,United States and Puerto Rico
,Lung and Bronchus,22030,Female,F,2016,2016.0,40-44 years,40-44,Hispanic,2135-2,70,C0242379,Malignant neoplasm of lung,C1513750,Multiple Cancer Sites,people_40-44_female_hispanic,vstat_C0242379_US_PRI_40-44_female_hispanic,US_PRI,United States and Puerto Rico,United States and Puerto Rico
,Lung and Bronchus,22030,Female,F,2016,2016.0,40-44 years,40-44,Non-Hispanic,2186-5,682,C0242379,Malignant neoplasm of lung,C1513750,Multiple Cancer Sites,people_40-44_female_non-hispanic,vstat_C0242379_US_PRI_40-44_female_non-hispanic,US_PRI,United States and Puerto Rico,United States and Puerto Rico
,Lung and Bronchus,22030,Female,F,2016,2016.0,45-49 years,45-49,Hispanic,2135-2,141,C0242379,Malignant neoplasm of lung,C1513750,Multiple Cancer Sites,people_45-49_female_hispanic,vstat_C0242379_US_PRI_45-49_female_hispanic,US_PRI,United States and Puerto Rico,United States and Puerto Rico
,Lung and Bronchus,22030,Female,F,2016,2016.0,45-49 years,45-49,Non-Hispanic,2186-5,1854,C0242379,Malignant neoplasm of lung,C1513750,Multiple Cancer Sites,people_45-49_female_non-hispanic,vstat_C0242379_US_PRI_45-49_female_non-hispanic,US_PRI,United States and Puerto Rico,United States and Puerto Rico
,Lung and Bronchus,22030,Female,F,2016,2016.0,50-54 years,50-54,Hispanic,2135-2,332,C0242379,Malignant neoplasm of lung,C1513750,Multiple Cancer Sites,people_50-54_female_hispanic,vstat_C0242379_US_PRI_50-54_female_hispanic,US_PRI,United States and Puerto Rico,United States and Puerto Rico
,Lung and Bronchus,22030,Female,F,2016,2016.0,50-54 years,50-54,Non-Hispanic,2186-5,5094,C0242379,Malignant neoplasm of lung,C1513750,Multiple Cancer Sites,people_50-54_female_non-hispanic,vstat_C0242379_US_PRI_50-54_female_non-hispanic,US_PRI,United States and Puerto Rico,United States and Puerto Rico
,Lung and Bronchus,22030,Female,F,2016,2016.0,55-59 years,55-59,Hispanic,2135-2,453,C0242379,Malignant neoplasm of lung,C1513750,Multiple Cancer Sites,people_55-59_female_hispanic,vstat_C0242379_US_PRI_55-59_female_hispanic,US_PRI,United States and Puerto Rico,United States and Puerto Rico
,Lung and Bronchus,22030,Female,F,2016,2016.0,55-59 years,55-59,Non-Hispanic,2186-5,10214,C0242379,Malignant neoplasm of lung,C1513750,Multiple Cancer Sites,people_55-59_female_non-hispanic,vstat_C0242379_US_PRI_55-59_female_non-hispanic,US_PRI,United States and Puerto Rico,United States and Puerto Rico
,Lung and Bronchus,22030,Female,F,2016,2016.0,60-64 years ,60-64,Hispanic,2135-2,593,C0242379,Malignant neoplasm of lung,C1513750,Multiple Cancer Sites,people_60-64_female_hispanic,vstat_C0242379_US_PRI_60-64_female_hispanic,US_PRI,United States and Puerto Rico,United States and Puerto Rico
,Lung and Bronchus,22030,Female,F,2016,2016.0,60-64 years ,60-64,Non-Hispanic,2186-5,13101,C0242379,Malignant neoplasm of lung,C1513750,Multiple Cancer Sites,people_60-64_female_non-hispanic,vstat_C0242379_US_PRI_60-64_female_non-hispanic,US_PRI,United States and Puerto Rico,United States and Puerto Rico
,Lung and Bronchus,22030,Female,F,2016,2016.0,65-69 years,65-69,Hispanic,2135-2,745,C0242379,Malignant neoplasm of lung,C1513750,Multiple Cancer Sites,people_65-69_female_hispanic,vstat_C0242379_US_PRI_65-69_female_hispanic,US_PRI,United States and Puerto Rico,United States and Puerto Rico
,Lung and Bronchus,22030,Female,F,2016,2016.0,65-69 years,65-69,Non-Hispanic,2186-5,17264,C0242379,Malignant neoplasm of lung,C1513750,Multiple Cancer Sites,people_65-69_female_non-hispanic,vstat_C0242379_US_PRI_65-69_female_non-hispanic,US_PRI,United States and Puerto Rico,United States and Puerto Rico
,Lung and Bronchus,22030,Female,F,2016,2016.0,70-74 years,70-74,Hispanic,2135-2,801,C0242379,Malignant neoplasm of lung,C1513750,Multiple Cancer Sites,people_70-74_female_hispanic,vstat_C0242379_US_PRI_70-74_female_hispanic,US_PRI,United States and Puerto Rico,United States and Puerto Rico
,Lung and Bronchus,22030,Female,F,2016,2016.0,70-74 years,70-74,Non-Hispanic,2186-5,18338,C0242379,Malignant neoplasm of lung,C1513750,Multiple Cancer Sites,people_70-74_female_non-hispanic,vstat_C0242379_US_PRI_70-74_female_non-hispanic,US_PRI,United States and Puerto Rico,United States and Puerto Rico
,Lung and Bronchus,22030,Female,F,2016,2016.0,75-79 years,75-79,Hispanic,2135-2,674,C0242379,Malignant neoplasm of lung,C1513750,Multiple Cancer Sites,people_75-79_female_hispanic,vstat_C0242379_US_PRI_75-79_female_hispanic,US_PRI,United States and Puerto Rico,United States and Puerto Rico
,Lung and Bronchus,22030,Female,F,2016,2016.0,75-79 years,75-79,Non-Hispanic,2186-5,15630,C0242379,Malignant neoplasm of lung,C1513750,Multiple Cancer Sites,people_75-79_female_non-hispanic,vstat_C0242379_US_PRI_75-79_female_non-hispanic,US_PRI,United States and Puerto Rico,United States and Puerto Rico
,Lung and Bronchus,22030,Female,F,2016,2016.0,80-84 years,80-84,Hispanic,2135-2,520,C0242379,Malignant neoplasm of lung,C1513750,Multiple Cancer Sites,people_80-84_female_hispanic,vstat_C0242379_US_PRI_80-84_female_hispanic,US_PRI,United States and Puerto Rico,United States and Puerto Rico
,Lung and Bronchus,22030,Female,F,2016,2016.0,80-84 years,80-84,Non-Hispanic,2186-5,11355,C0242379,Malignant neoplasm of lung,C1513750,Multiple Cancer Sites,people_80-84_female_non-hispanic,vstat_C0242379_US_PRI_80-84_female_non-hispanic,US_PRI,United States and Puerto Rico,United States and Puerto Rico
,Lung and Bronchus,22030,Female,F,2016,2016.0,85+ years,85+,Hispanic,2135-2,437,C0242379,Malignant neoplasm of lung,C1513750,Multiple Cancer Sites,people_85+_female_hispanic,vstat_C0242379_US_PRI_85+_female_hispanic,US_PRI,United States and Puerto Rico,United States and Puerto Rico
,Lung and Bronchus,22030,Female,F,2016,2016.0,85+ years,85+,Non-Hispanic,2186-5,9868,C0242379,Malignant neoplasm of lung,C1513750,Multiple Cancer Sites,people_85+_female_non-hispanic,vstat_C0242379_US_PRI_85+_female_non-hispanic,US_PRI,United States and Puerto Rico,United States and Puerto Rico
,Lung and Bronchus,22030,Female,F,2017,2017.0,20-24 years,20-24,Non-Hispanic,2186-5,37,C0242379,Malignant neoplasm of lung,C1513750,Multiple Cancer Sites,people_20-24_female_non-hispanic,vstat_C0242379_US_PRI_20-24_female_non-hispanic,US_PRI,United States and Puerto Rico,United States and Puerto Rico
,Lung and Bronchus,22030,Female,F,2017,2017.0,25-29 years,25-29,Non-Hispanic,2186-5,49,C0242379,Malignant neoplasm of lung,C1513750,Multiple Cancer Sites,people_25-29_female_non-hispanic,vstat_C0242379_US_PRI_25-29_female_non-hispanic,US_PRI,United States and Puerto Rico,United States and Puerto Rico
,Lung and Bronchus,22030,Female,F,2017,2017.0,30-34 years,30-34,Hispanic,2135-2,23,C0242379,Malignant neoplasm of lung,C1513750,Multiple Cancer Sites,people_30-34_female_hispanic,vstat_C0242379_US_PRI_30-34_female_hispanic,US_PRI,United States and Puerto Rico,United States and Puerto Rico
,Lung and Bronchus,22030,Female,F,2017,2017.0,30-34 years,30-34,Non-Hispanic,2186-5,132,C0242379,Malignant neoplasm of lung,C1513750,Multiple Cancer Sites,people_30-34_female_non-hispanic,vstat_C0242379_US_PRI_30-34_female_non-hispanic,US_PRI,United States and Puerto Rico,United States and Puerto Rico
,Lung and Bronchus,22030,Female,F,2017,2017.0,35-39 years,35-39,Hispanic,2135-2,35,C0242379,Malignant neoplasm of lung,C1513750,Multiple Cancer Sites,people_35-39_female_hispanic,vstat_C0242379_US_PRI_35-39_female_hispanic,US_PRI,United States and Puerto Rico,United States and Puerto Rico
,Lung and Bronchus,22030,Female,F,2017,2017.0,35-39 years,35-39,Non-Hispanic,2186-5,268,C0242379,Malignant neoplasm of lung,C1513750,Multiple Cancer Sites,people_35-39_female_non-hispanic,vstat_C0242379_US_PRI_35-39_female_non-hispanic,US_PRI,United States and Puerto Rico,United States and Puerto Rico
,Lung and Bronchus,22030,Female,F,2017,2017.0,40-44 years,40-44,Hispanic,2135-2,77,C0242379,Malignant neoplasm of lung,C1513750,Multiple Cancer Sites,people_40-44_female_hispanic,vstat_C0242379_US_PRI_40-44_female_hispanic,US_PRI,United States and Puerto Rico,United States and Puerto Rico
,Lung and Bronchus,22030,Female,F,2017,2017.0,40-44 years,40-44,Non-Hispanic,2186-5,603,C0242379,Malignant neoplasm of lung,C1513750,Multiple Cancer Sites,people_40-44_female_non-hispanic,vstat_C0242379_US_PRI_40-44_female_non-hispanic,US_PRI,United States and Puerto Rico,United States and Puerto Rico
,Lung and Bronchus,22030,Female,F,2017,2017.0,45-49 years,45-49,Hispanic,2135-2,147,C0242379,Malignant neoplasm of lung,C1513750,Multiple Cancer Sites,people_45-49_female_hispanic,vstat_C0242379_US_PRI_45-49_female_hispanic,US_PRI,United States and Puerto Rico,United States and Puerto Rico
,Lung and Bronchus,22030,Female,F,2017,2017.0,45-49 years,45-49,Non-Hispanic,2186-5,1754,C0242379,Malignant neoplasm of lung,C1513750,Multiple Cancer Sites,people_45-49_female_non-hispanic,vstat_C0242379_US_PRI_45-49_female_non-hispanic,US_PRI,United States and Puerto Rico,United States and Puerto Rico
,Lung and Bronchus,22030,Female,F,2017,2017.0,50-54 years,50-54,Hispanic,2135-2,261,C0242379,Malignant neoplasm of lung,C1513750,Multiple Cancer Sites,people_50-54_female_hispanic,vstat_C0242379_US_PRI_50-54_female_hispanic,US_PRI,United States and Puerto Rico,United States and Puerto Rico
,Lung and Bronchus,22030,Female,F,2017,2017.0,50-54 years,50-54,Non-Hispanic,2186-5,4693,C0242379,Malignant neoplasm of lung,C1513750,Multiple Cancer Sites,people_50-54_female_non-hispanic,vstat_C0242379_US_PRI_50-54_female_non-hispanic,US_PRI,United States and Puerto Rico,United States and Puerto Rico
,Lung and Bronchus,22030,Female,F,2017,2017.0,55-59 years,55-59,Hispanic,2135-2,479,C0242379,Malignant neoplasm of lung,C1513750,Multiple Cancer Sites,people_55-59_female_hispanic,vstat_C0242379_US_PRI_55-59_female_hispanic,US_PRI,United States and Puerto Rico,United States and Puerto Rico
,Lung and Bronchus,22030,Female,F,2017,2017.0,55-59 years,55-59,Non-Hispanic,2186-5,10169,C0242379,Malignant neoplasm of lung,C1513750,Multiple Cancer Sites,people_55-59_female_non-hispanic,vstat_C0242379_US_PRI_55-59_female_non-hispanic,US_PRI,United States and Puerto Rico,United States and Puerto Rico
,Lung and Bronchus,22030,Female,F,2017,2017.0,60-64 years ,60-64,Hispanic,2135-2,626,C0242379,Malignant neoplasm of lung,C1513750,Multiple Cancer Sites,people_60-64_female_hispanic,vstat_C0242379_US_PRI_60-64_female_hispanic,US_PRI,United States and Puerto Rico,United States and Puerto Rico
,Lung and Bronchus,22030,Female,F,2017,2017.0,60-64 years ,60-64,Non-Hispanic,2186-5,13704,C0242379,Malignant neoplasm of lung,C1513750,Multiple Cancer Sites,people_60-64_female_non-hispanic,vstat_C0242379_US_PRI_60-64_female_non-hispanic,US_PRI,United States and Puerto Rico,United States and Puerto Rico
,Lung and Bronchus,22030,Female,F,2017,2017.0,65-69 years,65-69,Hispanic,2135-2,731,C0242379,Malignant neoplasm of lung,C1513750,Multiple Cancer Sites,people_65-69_female_hispanic,vstat_C0242379_US_PRI_65-69_female_hispanic,US_PRI,United States and Puerto Rico,United States and Puerto Rico
,Lung and Bronchus,22030,Female,F,2017,2017.0,65-69 years,65-69,Non-Hispanic,2186-5,17298,C0242379,Malignant neoplasm of lung,C1513750,Multiple Cancer Sites,people_65-69_female_non-hispanic,vstat_C0242379_US_PRI_65-69_female_non-hispanic,US_PRI,United States and Puerto Rico,United States and Puerto Rico
,Lung and Bronchus,22030,Female,F,2017,2017.0,70-74 years,70-74,Hispanic,2135-2,857,C0242379,Malignant neoplasm of lung,C1513750,Multiple Cancer Sites,people_70-74_female_hispanic,vstat_C0242379_US_PRI_70-74_female_hispanic,US_PRI,United States and Puerto Rico,United States and Puerto Rico
,Lung and Bronchus,22030,Female,F,2017,2017.0,70-74 years,70-74,Non-Hispanic,2186-5,19353,C0242379,Malignant neoplasm of lung,C1513750,Multiple Cancer Sites,people_70-74_female_non-hispanic,vstat_C0242379_US_PRI_70-74_female_non-hispanic,US_PRI,United States and Puerto Rico,United States and Puerto Rico
,Lung and Bronchus,22030,Female,F,2017,2017.0,75-79 years,75-79,Hispanic,2135-2,697,C0242379,Malignant neoplasm of lung,C1513750,Multiple Cancer Sites,people_75-79_female_hispanic,vstat_C0242379_US_PRI_75-79_female_hispanic,US_PRI,United States and Puerto Rico,United States and Puerto Rico
,Lung and Bronchus,22030,Female,F,2017,2017.0,75-79 years,75-79,Non-Hispanic,2186-5,16550,C0242379,Malignant neoplasm of lung,C1513750,Multiple Cancer Sites,people_75-79_female_non-hispanic,vstat_C0242379_US_PRI_75-79_female_non-hispanic,US_PRI,United States and Puerto Rico,United States and Puerto Rico
,Lung and Bronchus,22030,Female,F,2017,2017.0,80-84 years,80-84,Hispanic,2135-2,553,C0242379,Malignant neoplasm of lung,C1513750,Multiple Cancer Sites,people_80-84_female_hispanic,vstat_C0242379_US_PRI_80-84_female_hispanic,US_PRI,United States and Puerto Rico,United States and Puerto Rico
,Lung and Bronchus,22030,Female,F,2017,2017.0,80-84 years,80-84,Non-Hispanic,2186-5,11456,C0242379,Malignant neoplasm of lung,C1513750,Multiple Cancer Sites,people_80-84_female_non-hispanic,vstat_C0242379_US_PRI_80-84_female_non-hispanic,US_PRI,United States and Puerto Rico,United States and Puerto Rico
,Lung and Bronchus,22030,Female,F,2017,2017.0,85+ years,85+,Hispanic,2135-2,475,C0242379,Malignant neoplasm of lung,C1513750,Multiple Cancer Sites,people_85+_female_hispanic,vstat_C0242379_US_PRI_85+_female_hispanic,US_PRI,United States and Puerto Rico,United States and Puerto Rico
,Lung and Bronchus,22030,Female,F,2017,2017.0,85+ years,85+,Non-Hispanic,2186-5,9781,C0242379,Malignant neoplasm of lung,C1513750,Multiple Cancer Sites,people_85+_female_non-hispanic,vstat_C0242379_US_PRI_85+_female_non-hispanic,US_PRI,United States and Puerto Rico,United States and Puerto Rico
,Lung and Bronchus,22030,Female,F,2018,2018.0,20-24 years,20-24,Non-Hispanic,2186-5,23,C0242379,Malignant neoplasm of lung,C1513750,Multiple Cancer Sites,people_20-24_female_non-hispanic,vstat_C0242379_US_PRI_20-24_female_non-hispanic,US_PRI,United States and Puerto Rico,United States and Puerto Rico
,Lung and Bronchus,22030,Female,F,2018,2018.0,25-29 years,25-29,Non-Hispanic,2186-5,65,C0242379,Malignant neoplasm of lung,C1513750,Multiple Cancer Sites,people_25-29_female_non-hispanic,vstat_C0242379_US_PRI_25-29_female_non-hispanic,US_PRI,United States and Puerto Rico,United States and Puerto Rico
,Lung and Bronchus,22030,Female,F,2018,2018.0,30-34 years,30-34,Hispanic,2135-2,25,C0242379,Malignant neoplasm of lung,C1513750,Multiple Cancer Sites,people_30-34_female_hispanic,vstat_C0242379_US_PRI_30-34_female_hispanic,US_PRI,United States and Puerto Rico,United States and Puerto Rico
,Lung and Bronchus,22030,Female,F,2018,2018.0,30-34 years,30-34,Non-Hispanic,2186-5,112,C0242379,Malignant neoplasm of lung,C1513750,Multiple Cancer Sites,people_30-34_female_non-hispanic,vstat_C0242379_US_PRI_30-34_female_non-hispanic,US_PRI,United States and Puerto Rico,United States and Puerto Rico
,Lung and Bronchus,22030,Female,F,2018,2018.0,35-39 years,35-39,Hispanic,2135-2,50,C0242379,Malignant neoplasm of lung,C1513750,Multiple Cancer Sites,people_35-39_female_hispanic,vstat_C0242379_US_PRI_35-39_female_hispanic,US_PRI,United States and Puerto Rico,United States and Puerto Rico
,Lung and Bronchus,22030,Female,F,2018,2018.0,35-39 years,35-39,Non-Hispanic,2186-5,264,C0242379,Malignant neoplasm of lung,C1513750,Multiple Cancer Sites,people_35-39_female_non-hispanic,vstat_C0242379_US_PRI_35-39_female_non-hispanic,US_PRI,United States and Puerto Rico,United States and Puerto Rico
,Lung and Bronchus,22030,Female,F,2018,2018.0,40-44 years,40-44,Hispanic,2135-2,86,C0242379,Malignant neoplasm of lung,C1513750,Multiple Cancer Sites,people_40-44_female_hispanic,vstat_C0242379_US_PRI_40-44_female_hispanic,US_PRI,United States and Puerto Rico,United States and Puerto Rico
,Lung and Bronchus,22030,Female,F,2018,2018.0,40-44 years,40-44,Non-Hispanic,2186-5,604,C0242379,Malignant neoplasm of lung,C1513750,Multiple Cancer Sites,people_40-44_female_non-hispanic,vstat_C0242379_US_PRI_40-44_female_non-hispanic,US_PRI,United States and Puerto Rico,United States and Puerto Rico
,Lung and Bronchus,22030,Female,F,2018,2018.0,45-49 years,45-49,Hispanic,2135-2,152,C0242379,Malignant neoplasm of lung,C1513750,Multiple Cancer Sites,people_45-49_female_hispanic,vstat_C0242379_US_PRI_45-49_female_hispanic,US_PRI,United States and Puerto Rico,United States and Puerto Rico
,Lung and Bronchus,22030,Female,F,2018,2018.0,45-49 years,45-49,Non-Hispanic,2186-5,1692,C0242379,Malignant neoplasm of lung,C1513750,Multiple Cancer Sites,people_45-49_female_non-hispanic,vstat_C0242379_US_PRI_45-49_female_non-hispanic,US_PRI,United States and Puerto Rico,United States and Puerto Rico
,Lung and Bronchus,22030,Female,F,2018,2018.0,50-54 years,50-54,Hispanic,2135-2,259,C0242379,Malignant neoplasm of lung,C1513750,Multiple Cancer Sites,people_50-54_female_hispanic,vstat_C0242379_US_PRI_50-54_female_hispanic,US_PRI,United States and Puerto Rico,United States and Puerto Rico
,Lung and Bronchus,22030,Female,F,2018,2018.0,50-54 years,50-54,Non-Hispanic,2186-5,4282,C0242379,Malignant neoplasm of lung,C1513750,Multiple Cancer Sites,people_50-54_female_non-hispanic,vstat_C0242379_US_PRI_50-54_female_non-hispanic,US_PRI,United States and Puerto Rico,United States and Puerto Rico
,Lung and Bronchus,22030,Female,F,2018,2018.0,55-59 years,55-59,Hispanic,2135-2,466,C0242379,Malignant neoplasm of lung,C1513750,Multiple Cancer Sites,people_55-59_female_hispanic,vstat_C0242379_US_PRI_55-59_female_hispanic,US_PRI,United States and Puerto Rico,United States and Puerto Rico
,Lung and Bronchus,22030,Female,F,2018,2018.0,55-59 years,55-59,Non-Hispanic,2186-5,9850,C0242379,Malignant neoplasm of lung,C1513750,Multiple Cancer Sites,people_55-59_female_non-hispanic,vstat_C0242379_US_PRI_55-59_female_non-hispanic,US_PRI,United States and Puerto Rico,United States and Puerto Rico
,Lung and Bronchus,22030,Female,F,2018,2018.0,60-64 years ,60-64,Hispanic,2135-2,676,C0242379,Malignant neoplasm of lung,C1513750,Multiple Cancer Sites,people_60-64_female_hispanic,vstat_C0242379_US_PRI_60-64_female_hispanic,US_PRI,United States and Puerto Rico,United States and Puerto Rico
,Lung and Bronchus,22030,Female,F,2018,2018.0,60-64 years ,60-64,Non-Hispanic,2186-5,14278,C0242379,Malignant neoplasm of lung,C1513750,Multiple Cancer Sites,people_60-64_female_non-hispanic,vstat_C0242379_US_PRI_60-64_female_non-hispanic,US_PRI,United States and Puerto Rico,United States and Puerto Rico
,Lung and Bronchus,22030,Female,F,2018,2018.0,65-69 years,65-69,Hispanic,2135-2,793,C0242379,Malignant neoplasm of lung,C1513750,Multiple Cancer Sites,people_65-69_female_hispanic,vstat_C0242379_US_PRI_65-69_female_hispanic,US_PRI,United States and Puerto Rico,United States and Puerto Rico
,Lung and Bronchus,22030,Female,F,2018,2018.0,65-69 years,65-69,Non-Hispanic,2186-5,17330,C0242379,Malignant neoplasm of lung,C1513750,Multiple Cancer Sites,people_65-69_female_non-hispanic,vstat_C0242379_US_PRI_65-69_female_non-hispanic,US_PRI,United States and Puerto Rico,United States and Puerto Rico
,Lung and Bronchus,22030,Female,F,2018,2018.0,70-74 years,70-74,Hispanic,2135-2,827,C0242379,Malignant neoplasm of lung,C1513750,Multiple Cancer Sites,people_70-74_female_hispanic,vstat_C0242379_US_PRI_70-74_female_hispanic,US_PRI,United States and Puerto Rico,United States and Puerto Rico
,Lung and Bronchus,22030,Female,F,2018,2018.0,70-74 years,70-74,Non-Hispanic,2186-5,19853,C0242379,Malignant neoplasm of lung,C1513750,Multiple Cancer Sites,people_70-74_female_non-hispanic,vstat_C0242379_US_PRI_70-74_female_non-hispanic,US_PRI,United States and Puerto Rico,United States and Puerto Rico
,Lung and Bronchus,22030,Female,F,2018,2018.0,75-79 years,75-79,Hispanic,2135-2,767,C0242379,Malignant neoplasm of lung,C1513750,Multiple Cancer Sites,people_75-79_female_hispanic,vstat_C0242379_US_PRI_75-79_female_hispanic,US_PRI,United States and Puerto Rico,United States and Puerto Rico
,Lung and Bronchus,22030,Female,F,2018,2018.0,75-79 years,75-79,Non-Hispanic,2186-5,17047,C0242379,Malignant neoplasm of lung,C1513750,Multiple Cancer Sites,people_75-79_female_non-hispanic,vstat_C0242379_US_PRI_75-79_female_non-hispanic,US_PRI,United States and Puerto Rico,United States and Puerto Rico
,Lung and Bronchus,22030,Female,F,2018,2018.0,80-84 years,80-84,Hispanic,2135-2,561,C0242379,Malignant neoplasm of lung,C1513750,Multiple Cancer Sites,people_80-84_female_hispanic,vstat_C0242379_US_PRI_80-84_female_hispanic,US_PRI,United States and Puerto Rico,United States and Puerto Rico
,Lung and Bronchus,22030,Female,F,2018,2018.0,80-84 years,80-84,Non-Hispanic,2186-5,11441,C0242379,Malignant neoplasm of lung,C1513750,Multiple Cancer Sites,people_80-84_female_non-hispanic,vstat_C0242379_US_PRI_80-84_female_non-hispanic,US_PRI,United States and Puerto Rico,United States and Puerto Rico
,Lung and Bronchus,22030,Female,F,2018,2018.0,85+ years,85+,Hispanic,2135-2,519,C0242379,Malignant neoplasm of lung,C1513750,Multiple Cancer Sites,people_85+_female_hispanic,vstat_C0242379_US_PRI_85+_female_hispanic,US_PRI,United States and Puerto Rico,United States and Puerto Rico
,Lung and Bronchus,22030,Female,F,2018,2018.0,85+ years,85+,Non-Hispanic,2186-5,9587,C0242379,Malignant neoplasm of lung,C1513750,Multiple Cancer Sites,people_85+_female_non-hispanic,vstat_C0242379_US_PRI_85+_female_non-hispanic,US_PRI,United States and Puerto Rico,United States and Puerto Rico
,Lung and Bronchus,22030,Female,F,2019,2019.0,20-24 years,20-24,Non-Hispanic,2186-5,33,C0242379,Malignant neoplasm of lung,C1513750,Multiple Cancer Sites,people_20-24_female_non-hispanic,vstat_C0242379_US_PRI_20-24_female_non-hispanic,US_PRI,United States and Puerto Rico,United States and Puerto Rico
,Lung and Bronchus,22030,Female,F,2019,2019.0,25-29 years,25-29,Non-Hispanic,2186-5,57,C0242379,Malignant neoplasm of lung,C1513750,Multiple Cancer Sites,people_25-29_female_non-hispanic,vstat_C0242379_US_PRI_25-29_female_non-hispanic,US_PRI,United States and Puerto Rico,United States and Puerto Rico
,Lung and Bronchus,22030,Female,F,2019,2019.0,30-34 years,30-34,Hispanic,2135-2,21,C0242379,Malignant neoplasm of lung,C1513750,Multiple Cancer Sites,people_30-34_female_hispanic,vstat_C0242379_US_PRI_30-34_female_hispanic,US_PRI,United States and Puerto Rico,United States and Puerto Rico
,Lung and Bronchus,22030,Female,F,2019,2019.0,30-34 years,30-34,Non-Hispanic,2186-5,114,C0242379,Malignant neoplasm of lung,C1513750,Multiple Cancer Sites,people_30-34_female_non-hispanic,vstat_C0242379_US_PRI_30-34_female_non-hispanic,US_PRI,United States and Puerto Rico,United States and Puerto Rico
,Lung and Bronchus,22030,Female,F,2019,2019.0,35-39 years,35-39,Hispanic,2135-2,28,C0242379,Malignant neoplasm of lung,C1513750,Multiple Cancer Sites,people_35-39_female_hispanic,vstat_C0242379_US_PRI_35-39_female_hispanic,US_PRI,United States and Puerto Rico,United States and Puerto Rico
,Lung and Bronchus,22030,Female,F,2019,2019.0,35-39 years,35-39,Non-Hispanic,2186-5,267,C0242379,Malignant neoplasm of lung,C1513750,Multiple Cancer Sites,people_35-39_female_non-hispanic,vstat_C0242379_US_PRI_35-39_female_non-hispanic,US_PRI,United States and Puerto Rico,United States and Puerto Rico
,Lung and Bronchus,22030,Female,F,2019,2019.0,40-44 years,40-44,Hispanic,2135-2,83,C0242379,Malignant neoplasm of lung,C1513750,Multiple Cancer Sites,people_40-44_female_hispanic,vstat_C0242379_US_PRI_40-44_female_hispanic,US_PRI,United States and Puerto Rico,United States and Puerto Rico
,Lung and Bronchus,22030,Female,F,2019,2019.0,40-44 years,40-44,Non-Hispanic,2186-5,578,C0242379,Malignant neoplasm of lung,C1513750,Multiple Cancer Sites,people_40-44_female_non-hispanic,vstat_C0242379_US_PRI_40-44_female_non-hispanic,US_PRI,United States and Puerto Rico,United States and Puerto Rico
,Lung and Bronchus,22030,Female,F,2019,2019.0,45-49 years,45-49,Hispanic,2135-2,141,C0242379,Malignant neoplasm of lung,C1513750,Multiple Cancer Sites,people_45-49_female_hispanic,vstat_C0242379_US_PRI_45-49_female_hispanic,US_PRI,United States and Puerto Rico,United States and Puerto Rico
,Lung and Bronchus,22030,Female,F,2019,2019.0,45-49 years,45-49,Non-Hispanic,2186-5,1554,C0242379,Malignant neoplasm of lung,C1513750,Multiple Cancer Sites,people_45-49_female_non-hispanic,vstat_C0242379_US_PRI_45-49_female_non-hispanic,US_PRI,United States and Puerto Rico,United States and Puerto Rico
,Lung and Bronchus,22030,Female,F,2019,2019.0,50-54 years,50-54,Hispanic,2135-2,247,C0242379,Malignant neoplasm of lung,C1513750,Multiple Cancer Sites,people_50-54_female_hispanic,vstat_C0242379_US_PRI_50-54_female_hispanic,US_PRI,United States and Puerto Rico,United States and Puerto Rico
,Lung and Bronchus,22030,Female,F,2019,2019.0,50-54 years,50-54,Non-Hispanic,2186-5,4029,C0242379,Malignant neoplasm of lung,C1513750,Multiple Cancer Sites,people_50-54_female_non-hispanic,vstat_C0242379_US_PRI_50-54_female_non-hispanic,US_PRI,United States and Puerto Rico,United States and Puerto Rico
,Lung and Bronchus,22030,Female,F,2019,2019.0,55-59 years,55-59,Hispanic,2135-2,502,C0242379,Malignant neoplasm of lung,C1513750,Multiple Cancer Sites,people_55-59_female_hispanic,vstat_C0242379_US_PRI_55-59_female_hispanic,US_PRI,United States and Puerto Rico,United States and Puerto Rico
,Lung and Bronchus,22030,Female,F,2019,2019.0,55-59 years,55-59,Non-Hispanic,2186-5,9753,C0242379,Malignant neoplasm of lung,C1513750,Multiple Cancer Sites,people_55-59_female_non-hispanic,vstat_C0242379_US_PRI_55-59_female_non-hispanic,US_PRI,United States and Puerto Rico,United States and Puerto Rico
,Lung and Bronchus,22030,Female,F,2019,2019.0,60-64 years ,60-64,Hispanic,2135-2,741,C0242379,Malignant neoplasm of lung,C1513750,Multiple Cancer Sites,people_60-64_female_hispanic,vstat_C0242379_US_PRI_60-64_female_hispanic,US_PRI,United States and Puerto Rico,United States and Puerto Rico
,Lung and Bronchus,22030,Female,F,2019,2019.0,60-64 years ,60-64,Non-Hispanic,2186-5,14863,C0242379,Malignant neoplasm of lung,C1513750,Multiple Cancer Sites,people_60-64_female_non-hispanic,vstat_C0242379_US_PRI_60-64_female_non-hispanic,US_PRI,United States and Puerto Rico,United States and Puerto Rico
,Lung and Bronchus,22030,Female,F,2019,2019.0,65-69 years,65-69,Hispanic,2135-2,835,C0242379,Malignant neoplasm of lung,C1513750,Multiple Cancer Sites,people_65-69_female_hispanic,vstat_C0242379_US_PRI_65-69_female_hispanic,US_PRI,United States and Puerto Rico,United States and Puerto Rico
,Lung and Bronchus,22030,Female,F,2019,2019.0,65-69 years,65-69,Non-Hispanic,2186-5,17673,C0242379,Malignant neoplasm of lung,C1513750,Multiple Cancer Sites,people_65-69_female_non-hispanic,vstat_C0242379_US_PRI_65-69_female_non-hispanic,US_PRI,United States and Puerto Rico,United States and Puerto Rico
,Lung and Bronchus,22030,Female,F,2019,2019.0,70-74 years,70-74,Hispanic,2135-2,953,C0242379,Malignant neoplasm of lung,C1513750,Multiple Cancer Sites,people_70-74_female_hispanic,vstat_C0242379_US_PRI_70-74_female_hispanic,US_PRI,United States and Puerto Rico,United States and Puerto Rico
,Lung and Bronchus,22030,Female,F,2019,2019.0,70-74 years,70-74,Non-Hispanic,2186-5,20229,C0242379,Malignant neoplasm of lung,C1513750,Multiple Cancer Sites,people_70-74_female_non-hispanic,vstat_C0242379_US_PRI_70-74_female_non-hispanic,US_PRI,United States and Puerto Rico,United States and Puerto Rico
,Lung and Bronchus,22030,Female,F,2019,2019.0,75-79 years,75-79,Hispanic,2135-2,812,C0242379,Malignant neoplasm of lung,C1513750,Multiple Cancer Sites,people_75-79_female_hispanic,vstat_C0242379_US_PRI_75-79_female_hispanic,US_PRI,United States and Puerto Rico,United States and Puerto Rico
,Lung and Bronchus,22030,Female,F,2019,2019.0,75-79 years,75-79,Non-Hispanic,2186-5,17687,C0242379,Malignant neoplasm of lung,C1513750,Multiple Cancer Sites,people_75-79_female_non-hispanic,vstat_C0242379_US_PRI_75-79_female_non-hispanic,US_PRI,United States and Puerto Rico,United States and Puerto Rico
,Lung and Bronchus,22030,Female,F,2019,2019.0,80-84 years,80-84,Hispanic,2135-2,564,C0242379,Malignant neoplasm of lung,C1513750,Multiple Cancer Sites,people_80-84_female_hispanic,vstat_C0242379_US_PRI_80-84_female_hispanic,US_PRI,United States and Puerto Rico,United States and Puerto Rico
,Lung and Bronchus,22030,Female,F,2019,2019.0,80-84 years,80-84,Non-Hispanic,2186-5,11882,C0242379,Malignant neoplasm of lung,C1513750,Multiple Cancer Sites,people_80-84_female_non-hispanic,vstat_C0242379_US_PRI_80-84_female_non-hispanic,US_PRI,United States and Puerto Rico,United States and Puerto Rico
,Lung and Bronchus,22030,Female,F,2019,2019.0,85+ years,85+,Hispanic,2135-2,477,C0242379,Malignant neoplasm of lung,C1513750,Multiple Cancer Sites,people_85+_female_hispanic,vstat_C0242379_US_PRI_85+_female_hispanic,US_PRI,United States and Puerto Rico,United States and Puerto Rico
,Lung and Bronchus,22030,Female,F,2019,2019.0,85+ years,85+,Non-Hispanic,2186-5,9741,C0242379,Malignant neoplasm of lung,C1513750,Multiple Cancer Sites,people_85+_female_non-hispanic,vstat_C0242379_US_PRI_85+_female_non-hispanic,US_PRI,United States and Puerto Rico,United States and Puerto Rico
,Lung and Bronchus,22030,Female,F,2020,2020.0,20-24 years,20-24,Non-Hispanic,2186-5,24,C0242379,Malignant neoplasm of lung,C1513750,Multiple Cancer Sites,people_20-24_female_non-hispanic,vstat_C0242379_US_PRI_20-24_female_non-hispanic,US_PRI,United States and Puerto Rico,United States and Puerto Rico
,Lung and Bronchus,22030,Female,F,2020,2020.0,25-29 years,25-29,Non-Hispanic,2186-5,50,C0242379,Malignant neoplasm of lung,C1513750,Multiple Cancer Sites,people_25-29_female_non-hispanic,vstat_C0242379_US_PRI_25-29_female_non-hispanic,US_PRI,United States and Puerto Rico,United States and Puerto Rico
,Lung and Bronchus,22030,Female,F,2020,2020.0,30-34 years,30-34,Hispanic,2135-2,26,C0242379,Malignant neoplasm of lung,C1513750,Multiple Cancer Sites,people_30-34_female_hispanic,vstat_C0242379_US_PRI_30-34_female_hispanic,US_PRI,United States and Puerto Rico,United States and Puerto Rico
,Lung and Bronchus,22030,Female,F,2020,2020.0,30-34 years,30-34,Non-Hispanic,2186-5,77,C0242379,Malignant neoplasm of lung,C1513750,Multiple Cancer Sites,people_30-34_female_non-hispanic,vstat_C0242379_US_PRI_30-34_female_non-hispanic,US_PRI,United States and Puerto Rico,United States and Puerto Rico
,Lung and Bronchus,22030,Female,F,2020,2020.0,35-39 years,35-39,Hispanic,2135-2,41,C0242379,Malignant neoplasm of lung,C1513750,Multiple Cancer Sites,people_35-39_female_hispanic,vstat_C0242379_US_PRI_35-39_female_hispanic,US_PRI,United States and Puerto Rico,United States and Puerto Rico
,Lung and Bronchus,22030,Female,F,2020,2020.0,35-39 years,35-39,Non-Hispanic,2186-5,223,C0242379,Malignant neoplasm of lung,C1513750,Multiple Cancer Sites,people_35-39_female_non-hispanic,vstat_C0242379_US_PRI_35-39_female_non-hispanic,US_PRI,United States and Puerto Rico,United States and Puerto Rico
,Lung and Bronchus,22030,Female,F,2020,2020.0,40-44 years,40-44,Hispanic,2135-2,85,C0242379,Malignant neoplasm of lung,C1513750,Multiple Cancer Sites,people_40-44_female_hispanic,vstat_C0242379_US_PRI_40-44_female_hispanic,US_PRI,United States and Puerto Rico,United States and Puerto Rico
,Lung and Bronchus,22030,Female,F,2020,2020.0,40-44 years,40-44,Non-Hispanic,2186-5,472,C0242379,Malignant neoplasm of lung,C1513750,Multiple Cancer Sites,people_40-44_female_non-hispanic,vstat_C0242379_US_PRI_40-44_female_non-hispanic,US_PRI,United States and Puerto Rico,United States and Puerto Rico
,Lung and Bronchus,22030,Female,F,2020,2020.0,45-49 years,45-49,Hispanic,2135-2,137,C0242379,Malignant neoplasm of lung,C1513750,Multiple Cancer Sites,people_45-49_female_hispanic,vstat_C0242379_US_PRI_45-49_female_hispanic,US_PRI,United States and Puerto Rico,United States and Puerto Rico
,Lung and Bronchus,22030,Female,F,2020,2020.0,45-49 years,45-49,Non-Hispanic,2186-5,1332,C0242379,Malignant neoplasm of lung,C1513750,Multiple Cancer Sites,people_45-49_female_non-hispanic,vstat_C0242379_US_PRI_45-49_female_non-hispanic,US_PRI,United States and Puerto Rico,United States and Puerto Rico
,Lung and Bronchus,22030,Female,F,2020,2020.0,50-54 years,50-54,Hispanic,2135-2,252,C0242379,Malignant neoplasm of lung,C1513750,Multiple Cancer Sites,people_50-54_female_hispanic,vstat_C0242379_US_PRI_50-54_female_hispanic,US_PRI,United States and Puerto Rico,United States and Puerto Rico
,Lung and Bronchus,22030,Female,F,2020,2020.0,50-54 years,50-54,Non-Hispanic,2186-5,3208,C0242379,Malignant neoplasm of lung,C1513750,Multiple Cancer Sites,people_50-54_female_non-hispanic,vstat_C0242379_US_PRI_50-54_female_non-hispanic,US_PRI,United States and Puerto Rico,United States and Puerto Rico
,Lung and Bronchus,22030,Female,F,2020,2020.0,55-59 years,55-59,Hispanic,2135-2,468,C0242379,Malignant neoplasm of lung,C1513750,Multiple Cancer Sites,people_55-59_female_hispanic,vstat_C0242379_US_PRI_55-59_female_hispanic,US_PRI,United States and Puerto Rico,United States and Puerto Rico
,Lung and Bronchus,22030,Female,F,2020,2020.0,55-59 years,55-59,Non-Hispanic,2186-5,8248,C0242379,Malignant neoplasm of lung,C1513750,Multiple Cancer Sites,people_55-59_female_non-hispanic,vstat_C0242379_US_PRI_55-59_female_non-hispanic,US_PRI,United States and Puerto Rico,United States and Puerto Rico
,Lung and Bronchus,22030,Female,F,2020,2020.0,60-64 years ,60-64,Hispanic,2135-2,717,C0242379,Malignant neoplasm of lung,C1513750,Multiple Cancer Sites,people_60-64_female_hispanic,vstat_C0242379_US_PRI_60-64_female_hispanic,US_PRI,United States and Puerto Rico,United States and Puerto Rico
,Lung and Bronchus,22030,Female,F,2020,2020.0,60-64 years ,60-64,Non-Hispanic,2186-5,13537,C0242379,Malignant neoplasm of lung,C1513750,Multiple Cancer Sites,people_60-64_female_non-hispanic,vstat_C0242379_US_PRI_60-64_female_non-hispanic,US_PRI,United States and Puerto Rico,United States and Puerto Rico
,Lung and Bronchus,22030,Female,F,2020,2020.0,65-69 years,65-69,Hispanic,2135-2,770,C0242379,Malignant neoplasm of lung,C1513750,Multiple Cancer Sites,people_65-69_female_hispanic,vstat_C0242379_US_PRI_65-69_female_hispanic,US_PRI,United States and Puerto Rico,United States and Puerto Rico
,Lung and Bronchus,22030,Female,F,2020,2020.0,65-69 years,65-69,Non-Hispanic,2186-5,16179,C0242379,Malignant neoplasm of lung,C1513750,Multiple Cancer Sites,people_65-69_female_non-hispanic,vstat_C0242379_US_PRI_65-69_female_non-hispanic,US_PRI,United States and Puerto Rico,United States and Puerto Rico
,Lung and Bronchus,22030,Female,F,2020,2020.0,70-74 years,70-74,Hispanic,2135-2,809,C0242379,Malignant neoplasm of lung,C1513750,Multiple Cancer Sites,people_70-74_female_hispanic,vstat_C0242379_US_PRI_70-74_female_hispanic,US_PRI,United States and Puerto Rico,United States and Puerto Rico
,Lung and Bronchus,22030,Female,F,2020,2020.0,70-74 years,70-74,Non-Hispanic,2186-5,17829,C0242379,Malignant neoplasm of lung,C1513750,Multiple Cancer Sites,people_70-74_female_non-hispanic,vstat_C0242379_US_PRI_70-74_female_non-hispanic,US_PRI,United States and Puerto Rico,United States and Puerto Rico
,Lung and Bronchus,22030,Female,F,2020,2020.0,75-79 years,75-79,Hispanic,2135-2,688,C0242379,Malignant neoplasm of lung,C1513750,Multiple Cancer Sites,people_75-79_female_hispanic,vstat_C0242379_US_PRI_75-79_female_hispanic,US_PRI,United States and Puerto Rico,United States and Puerto Rico
,Lung and Bronchus,22030,Female,F,2020,2020.0,75-79 years,75-79,Non-Hispanic,2186-5,15636,C0242379,Malignant neoplasm of lung,C1513750,Multiple Cancer Sites,people_75-79_female_non-hispanic,vstat_C0242379_US_PRI_75-79_female_non-hispanic,US_PRI,United States and Puerto Rico,United States and Puerto Rico
,Lung and Bronchus,22030,Female,F,2020,2020.0,80-84 years,80-84,Hispanic,2135-2,530,C0242379,Malignant neoplasm of lung,C1513750,Multiple Cancer Sites,people_80-84_female_hispanic,vstat_C0242379_US_PRI_80-84_female_hispanic,US_PRI,United States and Puerto Rico,United States and Puerto Rico
,Lung and Bronchus,22030,Female,F,2020,2020.0,80-84 years,80-84,Non-Hispanic,2186-5,10197,C0242379,Malignant neoplasm of lung,C1513750,Multiple Cancer Sites,people_80-84_female_non-hispanic,vstat_C0242379_US_PRI_80-84_female_non-hispanic,US_PRI,United States and Puerto Rico,United States and Puerto Rico
,Lung and Bronchus,22030,Female,F,2020,2020.0,85+ years,85+,Hispanic,2135-2,451,C0242379,Malignant neoplasm of lung,C1513750,Multiple Cancer Sites,people_85+_female_hispanic,vstat_C0242379_US_PRI_85+_female_hispanic,US_PRI,United States and Puerto Rico,United States and Puerto Rico
,Lung and Bronchus,22030,Female,F,2020,2020.0,85+ years,85+,Non-Hispanic,2186-5,8163,C0242379,Malignant neoplasm of lung,C1513750,Multiple Cancer Sites,people_85+_female_non-hispanic,vstat_C0242379_US_PRI_85+_female_non-hispanic,US_PRI,United States and Puerto Rico,United States and Puerto Rico
,Lung and Bronchus,22030,Female,F,2021,2021.0,20-24 years,20-24,Non-Hispanic,2186-5,21,C0242379,Malignant neoplasm of lung,C1513750,Multiple Cancer Sites,people_20-24_female_non-hispanic,vstat_C0242379_US_PRI_20-24_female_non-hispanic,US_PRI,United States and Puerto Rico,United States and Puerto Rico
,Lung and Bronchus,22030,Female,F,2021,2021.0,25-29 years,25-29,Non-Hispanic,2186-5,58,C0242379,Malignant neoplasm of lung,C1513750,Multiple Cancer Sites,people_25-29_female_non-hispanic,vstat_C0242379_US_PRI_25-29_female_non-hispanic,US_PRI,United States and Puerto Rico,United States and Puerto Rico
,Lung and Bronchus,22030,Female,F,2021,2021.0,30-34 years,30-34,Hispanic,2135-2,22,C0242379,Malignant neoplasm of lung,C1513750,Multiple Cancer Sites,people_30-34_female_hispanic,vstat_C0242379_US_PRI_30-34_female_hispanic,US_PRI,United States and Puerto Rico,United States and Puerto Rico
,Lung and Bronchus,22030,Female,F,2021,2021.0,30-34 years,30-34,Non-Hispanic,2186-5,94,C0242379,Malignant neoplasm of lung,C1513750,Multiple Cancer Sites,people_30-34_female_non-hispanic,vstat_C0242379_US_PRI_30-34_female_non-hispanic,US_PRI,United States and Puerto Rico,United States and Puerto Rico
,Lung and Bronchus,22030,Female,F,2021,2021.0,35-39 years,35-39,Hispanic,2135-2,51,C0242379,Malignant neoplasm of lung,C1513750,Multiple Cancer Sites,people_35-39_female_hispanic,vstat_C0242379_US_PRI_35-39_female_hispanic,US_PRI,United States and Puerto Rico,United States and Puerto Rico
,Lung and Bronchus,22030,Female,F,2021,2021.0,35-39 years,35-39,Non-Hispanic,2186-5,218,C0242379,Malignant neoplasm of lung,C1513750,Multiple Cancer Sites,people_35-39_female_non-hispanic,vstat_C0242379_US_PRI_35-39_female_non-hispanic,US_PRI,United States and Puerto Rico,United States and Puerto Rico
,Lung and Bronchus,22030,Female,F,2021,2021.0,40-44 years,40-44,Hispanic,2135-2,82,C0242379,Malignant neoplasm of lung,C1513750,Multiple Cancer Sites,people_40-44_female_hispanic,vstat_C0242379_US_PRI_40-44_female_hispanic,US_PRI,United States and Puerto Rico,United States and Puerto Rico
,Lung and Bronchus,22030,Female,F,2021,2021.0,40-44 years,40-44,Non-Hispanic,2186-5,501,C0242379,Malignant neoplasm of lung,C1513750,Multiple Cancer Sites,people_40-44_female_non-hispanic,vstat_C0242379_US_PRI_40-44_female_non-hispanic,US_PRI,United States and Puerto Rico,United States and Puerto Rico
,Lung and Bronchus,22030,Female,F,2021,2021.0,45-49 years,45-49,Hispanic,2135-2,146,C0242379,Malignant neoplasm of lung,C1513750,Multiple Cancer Sites,people_45-49_female_hispanic,vstat_C0242379_US_PRI_45-49_female_hispanic,US_PRI,United States and Puerto Rico,United States and Puerto Rico
,Lung and Bronchus,22030,Female,F,2021,2021.0,45-49 years,45-49,Non-Hispanic,2186-5,1241,C0242379,Malignant neoplasm of lung,C1513750,Multiple Cancer Sites,people_45-49_female_non-hispanic,vstat_C0242379_US_PRI_45-49_female_non-hispanic,US_PRI,United States and Puerto Rico,United States and Puerto Rico
,Lung and Bronchus,22030,Female,F,2021,2021.0,50-54 years,50-54,Hispanic,2135-2,239,C0242379,Malignant neoplasm of lung,C1513750,Multiple Cancer Sites,people_50-54_female_hispanic,vstat_C0242379_US_PRI_50-54_female_hispanic,US_PRI,United States and Puerto Rico,United States and Puerto Rico
,Lung and Bronchus,22030,Female,F,2021,2021.0,50-54 years,50-54,Non-Hispanic,2186-5,3206,C0242379,Malignant neoplasm of lung,C1513750,Multiple Cancer Sites,people_50-54_female_non-hispanic,vstat_C0242379_US_PRI_50-54_female_non-hispanic,US_PRI,United States and Puerto Rico,United States and Puerto Rico
,Lung and Bronchus,22030,Female,F,2021,2021.0,55-59 years,55-59,Hispanic,2135-2,479,C0242379,Malignant neoplasm of lung,C1513750,Multiple Cancer Sites,people_55-59_female_hispanic,vstat_C0242379_US_PRI_55-59_female_hispanic,US_PRI,United States and Puerto Rico,United States and Puerto Rico
,Lung and Bronchus,22030,Female,F,2021,2021.0,55-59 years,55-59,Non-Hispanic,2186-5,7948,C0242379,Malignant neoplasm of lung,C1513750,Multiple Cancer Sites,people_55-59_female_non-hispanic,vstat_C0242379_US_PRI_55-59_female_non-hispanic,US_PRI,United States and Puerto Rico,United States and Puerto Rico
,Lung and Bronchus,22030,Female,F,2021,2021.0,60-64 years ,60-64,Hispanic,2135-2,791,C0242379,Malignant neoplasm of lung,C1513750,Multiple Cancer Sites,people_60-64_female_hispanic,vstat_C0242379_US_PRI_60-64_female_hispanic,US_PRI,United States and Puerto Rico,United States and Puerto Rico
,Lung and Bronchus,22030,Female,F,2021,2021.0,60-64 years ,60-64,Non-Hispanic,2186-5,14289,C0242379,Malignant neoplasm of lung,C1513750,Multiple Cancer Sites,people_60-64_female_non-hispanic,vstat_C0242379_US_PRI_60-64_female_non-hispanic,US_PRI,United States and Puerto Rico,United States and Puerto Rico
,Lung and Bronchus,22030,Female,F,2021,2021.0,65-69 years,65-69,Hispanic,2135-2,985,C0242379,Malignant neoplasm of lung,C1513750,Multiple Cancer Sites,people_65-69_female_hispanic,vstat_C0242379_US_PRI_65-69_female_hispanic,US_PRI,United States and Puerto Rico,United States and Puerto Rico
,Lung and Bronchus,22030,Female,F,2021,2021.0,65-69 years,65-69,Non-Hispanic,2186-5,17183,C0242379,Malignant neoplasm of lung,C1513750,Multiple Cancer Sites,people_65-69_female_non-hispanic,vstat_C0242379_US_PRI_65-69_female_non-hispanic,US_PRI,United States and Puerto Rico,United States and Puerto Rico
,Lung and Bronchus,22030,Female,F,2021,2021.0,70-74 years,70-74,Hispanic,2135-2,912,C0242379,Malignant neoplasm of lung,C1513750,Multiple Cancer Sites,people_70-74_female_hispanic,vstat_C0242379_US_PRI_70-74_female_hispanic,US_PRI,United States and Puerto Rico,United States and Puerto Rico
,Lung and Bronchus,22030,Female,F,2021,2021.0,70-74 years,70-74,Non-Hispanic,2186-5,18771,C0242379,Malignant neoplasm of lung,C1513750,Multiple Cancer Sites,people_70-74_female_non-hispanic,vstat_C0242379_US_PRI_70-74_female_non-hispanic,US_PRI,United States and Puerto Rico,United States and Puerto Rico
,Lung and Bronchus,22030,Female,F,2021,2021.0,75-79 years,75-79,Hispanic,2135-2,799,C0242379,Malignant neoplasm of lung,C1513750,Multiple Cancer Sites,people_75-79_female_hispanic,vstat_C0242379_US_PRI_75-79_female_hispanic,US_PRI,United States and Puerto Rico,United States and Puerto Rico
,Lung and Bronchus,22030,Female,F,2021,2021.0,75-79 years,75-79,Non-Hispanic,2186-5,16319,C0242379,Malignant neoplasm of lung,C1513750,Multiple Cancer Sites,people_75-79_female_non-hispanic,vstat_C0242379_US_PRI_75-79_female_non-hispanic,US_PRI,United States and Puerto Rico,United States and Puerto Rico
,Lung and Bronchus,22030,Female,F,2021,2021.0,80-84 years,80-84,Hispanic,2135-2,612,C0242379,Malignant neoplasm of lung,C1513750,Multiple Cancer Sites,people_80-84_female_hispanic,vstat_C0242379_US_PRI_80-84_female_hispanic,US_PRI,United States and Puerto Rico,United States and Puerto Rico
,Lung and Bronchus,22030,Female,F,2021,2021.0,80-84 years,80-84,Non-Hispanic,2186-5,10861,C0242379,Malignant neoplasm of lung,C1513750,Multiple Cancer Sites,people_80-84_female_non-hispanic,vstat_C0242379_US_PRI_80-84_female_non-hispanic,US_PRI,United States and Puerto Rico,United States and Puerto Rico
,Lung and Bronchus,22030,Female,F,2021,2021.0,85+ years,85+,Hispanic,2135-2,516,C0242379,Malignant neoplasm of lung,C1513750,Multiple Cancer Sites,people_85+_female_hispanic,vstat_C0242379_US_PRI_85+_female_hispanic,US_PRI,United States and Puerto Rico,United States and Puerto Rico
,Lung and Bronchus,22030,Female,F,2021,2021.0,85+ years,85+,Non-Hispanic,2186-5,8320,C0242379,Malignant neoplasm of lung,C1513750,Multiple Cancer Sites,people_85+_female_non-hispanic,vstat_C0242379_US_PRI_85+_female_non-hispanic,US_PRI,United States and Puerto Rico,United States and Puerto Rico
,Lung and Bronchus,22030,Male,M,1999,1999.0,20-24 years,20-24,Non-Hispanic,2186-5,17,C0242379,Malignant neoplasm of lung,C1513750,Multiple Cancer Sites,people_20-24_male_non-hispanic,vstat_C0242379_US_PRI_20-24_male_non-hispanic,US_PRI,United States and Puerto Rico,United States and Puerto Rico
,Lung and Bronchus,22030,Male,M,1999,1999.0,25-29 years,25-29,Non-Hispanic,2186-5,46,C0242379,Malignant neoplasm of lung,C1513750,Multiple Cancer Sites,people_25-29_male_non-hispanic,vstat_C0242379_US_PRI_25-29_male_non-hispanic,US_PRI,United States and Puerto Rico,United States and Puerto Rico
,Lung and Bronchus,22030,Male,M,1999,1999.0,30-34 years,30-34,Non-Hispanic,2186-5,147,C0242379,Malignant neoplasm of lung,C1513750,Multiple Cancer Sites,people_30-34_male_non-hispanic,vstat_C0242379_US_PRI_30-34_male_non-hispanic,US_PRI,United States and Puerto Rico,United States and Puerto Rico
,Lung and Bronchus,22030,Male,M,1999,1999.0,35-39 years,35-39,Hispanic,2135-2,34,C0242379,Malignant neoplasm of lung,C1513750,Multiple Cancer Sites,people_35-39_male_hispanic,vstat_C0242379_US_PRI_35-39_male_hispanic,US_PRI,United States and Puerto Rico,United States and Puerto Rico
,Lung and Bronchus,22030,Male,M,1999,1999.0,35-39 years,35-39,Non-Hispanic,2186-5,539,C0242379,Malignant neoplasm of lung,C1513750,Multiple Cancer Sites,people_35-39_male_non-hispanic,vstat_C0242379_US_PRI_35-39_male_non-hispanic,US_PRI,United States and Puerto Rico,United States and Puerto Rico
,Lung and Bronchus,22030,Male,M,1999,1999.0,40-44 years,40-44,Hispanic,2135-2,90,C0242379,Malignant neoplasm of lung,C1513750,Multiple Cancer Sites,people_40-44_male_hispanic,vstat_C0242379_US_PRI_40-44_male_hispanic,US_PRI,United States and Puerto Rico,United States and Puerto Rico
,Lung and Bronchus,22030,Male,M,1999,1999.0,40-44 years,40-44,Non-Hispanic,2186-5,1629,C0242379,Malignant neoplasm of lung,C1513750,Multiple Cancer Sites,people_40-44_male_non-hispanic,vstat_C0242379_US_PRI_40-44_male_non-hispanic,US_PRI,United States and Puerto Rico,United States and Puerto Rico
,Lung and Bronchus,22030,Male,M,1999,1999.0,45-49 years,45-49,Hispanic,2135-2,136,C0242379,Malignant neoplasm of lung,C1513750,Multiple Cancer Sites,people_45-49_male_hispanic,vstat_C0242379_US_PRI_45-49_male_hispanic,US_PRI,United States and Puerto Rico,United States and Puerto Rico
,Lung and Bronchus,22030,Male,M,1999,1999.0,45-49 years,45-49,Non-Hispanic,2186-5,3358,C0242379,Malignant neoplasm of lung,C1513750,Multiple Cancer Sites,people_45-49_male_non-hispanic,vstat_C0242379_US_PRI_45-49_male_non-hispanic,US_PRI,United States and Puerto Rico,United States and Puerto Rico
,Lung and Bronchus,22030,Male,M,1999,1999.0,50-54 years,50-54,Hispanic,2135-2,238,C0242379,Malignant neoplasm of lung,C1513750,Multiple Cancer Sites,people_50-54_male_hispanic,vstat_C0242379_US_PRI_50-54_male_hispanic,US_PRI,United States and Puerto Rico,United States and Puerto Rico
,Lung and Bronchus,22030,Male,M,1999,1999.0,50-54 years,50-54,Non-Hispanic,2186-5,6007,C0242379,Malignant neoplasm of lung,C1513750,Multiple Cancer Sites,people_50-54_male_non-hispanic,vstat_C0242379_US_PRI_50-54_male_non-hispanic,US_PRI,United States and Puerto Rico,United States and Puerto Rico
,Lung and Bronchus,22030,Male,M,1999,1999.0,55-59 years,55-59,Hispanic,2135-2,374,C0242379,Malignant neoplasm of lung,C1513750,Multiple Cancer Sites,people_55-59_male_hispanic,vstat_C0242379_US_PRI_55-59_male_hispanic,US_PRI,United States and Puerto Rico,United States and Puerto Rico
,Lung and Bronchus,22030,Male,M,1999,1999.0,55-59 years,55-59,Non-Hispanic,2186-5,9813,C0242379,Malignant neoplasm of lung,C1513750,Multiple Cancer Sites,people_55-59_male_non-hispanic,vstat_C0242379_US_PRI_55-59_male_non-hispanic,US_PRI,United States and Puerto Rico,United States and Puerto Rico
,Lung and Bronchus,22030,Male,M,1999,1999.0,60-64 years ,60-64,Hispanic,2135-2,470,C0242379,Malignant neoplasm of lung,C1513750,Multiple Cancer Sites,people_60-64_male_hispanic,vstat_C0242379_US_PRI_60-64_male_hispanic,US_PRI,United States and Puerto Rico,United States and Puerto Rico
,Lung and Bronchus,22030,Male,M,1999,1999.0,60-64 years ,60-64,Non-Hispanic,2186-5,13386,C0242379,Malignant neoplasm of lung,C1513750,Multiple Cancer Sites,people_60-64_male_non-hispanic,vstat_C0242379_US_PRI_60-64_male_non-hispanic,US_PRI,United States and Puerto Rico,United States and Puerto Rico
,Lung and Bronchus,22030,Male,M,1999,1999.0,65-69 years,65-69,Hispanic,2135-2,605,C0242379,Malignant neoplasm of lung,C1513750,Multiple Cancer Sites,people_65-69_male_hispanic,vstat_C0242379_US_PRI_65-69_male_hispanic,US_PRI,United States and Puerto Rico,United States and Puerto Rico
,Lung and Bronchus,22030,Male,M,1999,1999.0,65-69 years,65-69,Non-Hispanic,2186-5,17814,C0242379,Malignant neoplasm of lung,C1513750,Multiple Cancer Sites,people_65-69_male_non-hispanic,vstat_C0242379_US_PRI_65-69_male_non-hispanic,US_PRI,United States and Puerto Rico,United States and Puerto Rico
,Lung and Bronchus,22030,Male,M,1999,1999.0,70-74 years,70-74,Hispanic,2135-2,632,C0242379,Malignant neoplasm of lung,C1513750,Multiple Cancer Sites,people_70-74_male_hispanic,vstat_C0242379_US_PRI_70-74_male_hispanic,US_PRI,United States and Puerto Rico,United States and Puerto Rico
,Lung and Bronchus,22030,Male,M,1999,1999.0,70-74 years,70-74,Non-Hispanic,2186-5,20546,C0242379,Malignant neoplasm of lung,C1513750,Multiple Cancer Sites,people_70-74_male_non-hispanic,vstat_C0242379_US_PRI_70-74_male_non-hispanic,US_PRI,United States and Puerto Rico,United States and Puerto Rico
,Lung and Bronchus,22030,Male,M,1999,1999.0,75-79 years,75-79,Hispanic,2135-2,540,C0242379,Malignant neoplasm of lung,C1513750,Multiple Cancer Sites,people_75-79_male_hispanic,vstat_C0242379_US_PRI_75-79_male_hispanic,US_PRI,United States and Puerto Rico,United States and Puerto Rico
,Lung and Bronchus,22030,Male,M,1999,1999.0,75-79 years,75-79,Non-Hispanic,2186-5,17172,C0242379,Malignant neoplasm of lung,C1513750,Multiple Cancer Sites,people_75-79_male_non-hispanic,vstat_C0242379_US_PRI_75-79_male_non-hispanic,US_PRI,United States and Puerto Rico,United States and Puerto Rico
,Lung and Bronchus,22030,Male,M,1999,1999.0,80-84 years,80-84,Hispanic,2135-2,286,C0242379,Malignant neoplasm of lung,C1513750,Multiple Cancer Sites,people_80-84_male_hispanic,vstat_C0242379_US_PRI_80-84_male_hispanic,US_PRI,United States and Puerto Rico,United States and Puerto Rico
,Lung and Bronchus,22030,Male,M,1999,1999.0,80-84 years,80-84,Non-Hispanic,2186-5,10045,C0242379,Malignant neoplasm of lung,C1513750,Multiple Cancer Sites,people_80-84_male_non-hispanic,vstat_C0242379_US_PRI_80-84_male_non-hispanic,US_PRI,United States and Puerto Rico,United States and Puerto Rico
,Lung and Bronchus,22030,Male,M,1999,1999.0,85+ years,85+,Hispanic,2135-2,180,C0242379,Malignant neoplasm of lung,C1513750,Multiple Cancer Sites,people_85+_male_hispanic,vstat_C0242379_US_PRI_85+_male_hispanic,US_PRI,United States and Puerto Rico,United States and Puerto Rico
,Lung and Bronchus,22030,Male,M,1999,1999.0,85+ years,85+,Non-Hispanic,2186-5,5540,C0242379,Malignant neoplasm of lung,C1513750,Multiple Cancer Sites,people_85+_male_non-hispanic,vstat_C0242379_US_PRI_85+_male_non-hispanic,US_PRI,United States and Puerto Rico,United States and Puerto Rico
,Lung and Bronchus,22030,Male,M,2000,2000.0,20-24 years,20-24,Non-Hispanic,2186-5,27,C0242379,Malignant neoplasm of lung,C1513750,Multiple Cancer Sites,people_20-24_male_non-hispanic,vstat_C0242379_US_PRI_20-24_male_non-hispanic,US_PRI,United States and Puerto Rico,United States and Puerto Rico
,Lung and Bronchus,22030,Male,M,2000,2000.0,25-29 years,25-29,Non-Hispanic,2186-5,53,C0242379,Malignant neoplasm of lung,C1513750,Multiple Cancer Sites,people_25-29_male_non-hispanic,vstat_C0242379_US_PRI_25-29_male_non-hispanic,US_PRI,United States and Puerto Rico,United States and Puerto Rico
,Lung and Bronchus,22030,Male,M,2000,2000.0,30-34 years,30-34,Hispanic,2135-2,20,C0242379,Malignant neoplasm of lung,C1513750,Multiple Cancer Sites,people_30-34_male_hispanic,vstat_C0242379_US_PRI_30-34_male_hispanic,US_PRI,United States and Puerto Rico,United States and Puerto Rico
,Lung and Bronchus,22030,Male,M,2000,2000.0,30-34 years,30-34,Non-Hispanic,2186-5,135,C0242379,Malignant neoplasm of lung,C1513750,Multiple Cancer Sites,people_30-34_male_non-hispanic,vstat_C0242379_US_PRI_30-34_male_non-hispanic,US_PRI,United States and Puerto Rico,United States and Puerto Rico
,Lung and Bronchus,22030,Male,M,2000,2000.0,35-39 years,35-39,Hispanic,2135-2,38,C0242379,Malignant neoplasm of lung,C1513750,Multiple Cancer Sites,people_35-39_male_hispanic,vstat_C0242379_US_PRI_35-39_male_hispanic,US_PRI,United States and Puerto Rico,United States and Puerto Rico
,Lung and Bronchus,22030,Male,M,2000,2000.0,35-39 years,35-39,Non-Hispanic,2186-5,488,C0242379,Malignant neoplasm of lung,C1513750,Multiple Cancer Sites,people_35-39_male_non-hispanic,vstat_C0242379_US_PRI_35-39_male_non-hispanic,US_PRI,United States and Puerto Rico,United States and Puerto Rico
,Lung and Bronchus,22030,Male,M,2000,2000.0,40-44 years,40-44,Hispanic,2135-2,91,C0242379,Malignant neoplasm of lung,C1513750,Multiple Cancer Sites,people_40-44_male_hispanic,vstat_C0242379_US_PRI_40-44_male_hispanic,US_PRI,United States and Puerto Rico,United States and Puerto Rico
,Lung and Bronchus,22030,Male,M,2000,2000.0,40-44 years,40-44,Non-Hispanic,2186-5,1653,C0242379,Malignant neoplasm of lung,C1513750,Multiple Cancer Sites,people_40-44_male_non-hispanic,vstat_C0242379_US_PRI_40-44_male_non-hispanic,US_PRI,United States and Puerto Rico,United States and Puerto Rico
,Lung and Bronchus,22030,Male,M,2000,2000.0,45-49 years,45-49,Hispanic,2135-2,144,C0242379,Malignant neoplasm of lung,C1513750,Multiple Cancer Sites,people_45-49_male_hispanic,vstat_C0242379_US_PRI_45-49_male_hispanic,US_PRI,United States and Puerto Rico,United States and Puerto Rico
,Lung and Bronchus,22030,Male,M,2000,2000.0,45-49 years,45-49,Non-Hispanic,2186-5,3406,C0242379,Malignant neoplasm of lung,C1513750,Multiple Cancer Sites,people_45-49_male_non-hispanic,vstat_C0242379_US_PRI_45-49_male_non-hispanic,US_PRI,United States and Puerto Rico,United States and Puerto Rico
,Lung and Bronchus,22030,Male,M,2000,2000.0,50-54 years,50-54,Hispanic,2135-2,256,C0242379,Malignant neoplasm of lung,C1513750,Multiple Cancer Sites,people_50-54_male_hispanic,vstat_C0242379_US_PRI_50-54_male_hispanic,US_PRI,United States and Puerto Rico,United States and Puerto Rico
,Lung and Bronchus,22030,Male,M,2000,2000.0,50-54 years,50-54,Non-Hispanic,2186-5,6080,C0242379,Malignant neoplasm of lung,C1513750,Multiple Cancer Sites,people_50-54_male_non-hispanic,vstat_C0242379_US_PRI_50-54_male_non-hispanic,US_PRI,United States and Puerto Rico,United States and Puerto Rico
,Lung and Bronchus,22030,Male,M,2000,2000.0,55-59 years,55-59,Hispanic,2135-2,336,C0242379,Malignant neoplasm of lung,C1513750,Multiple Cancer Sites,people_55-59_male_hispanic,vstat_C0242379_US_PRI_55-59_male_hispanic,US_PRI,United States and Puerto Rico,United States and Puerto Rico
,Lung and Bronchus,22030,Male,M,2000,2000.0,55-59 years,55-59,Non-Hispanic,2186-5,9887,C0242379,Malignant neoplasm of lung,C1513750,Multiple Cancer Sites,people_55-59_male_non-hispanic,vstat_C0242379_US_PRI_55-59_male_non-hispanic,US_PRI,United States and Puerto Rico,United States and Puerto Rico
,Lung and Bronchus,22030,Male,M,2000,2000.0,60-64 years ,60-64,Hispanic,2135-2,426,C0242379,Malignant neoplasm of lung,C1513750,Multiple Cancer Sites,people_60-64_male_hispanic,vstat_C0242379_US_PRI_60-64_male_hispanic,US_PRI,United States and Puerto Rico,United States and Puerto Rico
,Lung and Bronchus,22030,Male,M,2000,2000.0,60-64 years ,60-64,Non-Hispanic,2186-5,13294,C0242379,Malignant neoplasm of lung,C1513750,Multiple Cancer Sites,people_60-64_male_non-hispanic,vstat_C0242379_US_PRI_60-64_male_non-hispanic,US_PRI,United States and Puerto Rico,United States and Puerto Rico
,Lung and Bronchus,22030,Male,M,2000,2000.0,65-69 years,65-69,Hispanic,2135-2,585,C0242379,Malignant neoplasm of lung,C1513750,Multiple Cancer Sites,people_65-69_male_hispanic,vstat_C0242379_US_PRI_65-69_male_hispanic,US_PRI,United States and Puerto Rico,United States and Puerto Rico
,Lung and Bronchus,22030,Male,M,2000,2000.0,65-69 years,65-69,Non-Hispanic,2186-5,17281,C0242379,Malignant neoplasm of lung,C1513750,Multiple Cancer Sites,people_65-69_male_non-hispanic,vstat_C0242379_US_PRI_65-69_male_non-hispanic,US_PRI,United States and Puerto Rico,United States and Puerto Rico
,Lung and Bronchus,22030,Male,M,2000,2000.0,70-74 years,70-74,Hispanic,2135-2,642,C0242379,Malignant neoplasm of lung,C1513750,Multiple Cancer Sites,people_70-74_male_hispanic,vstat_C0242379_US_PRI_70-74_male_hispanic,US_PRI,United States and Puerto Rico,United States and Puerto Rico
,Lung and Bronchus,22030,Male,M,2000,2000.0,70-74 years,70-74,Non-Hispanic,2186-5,20248,C0242379,Malignant neoplasm of lung,C1513750,Multiple Cancer Sites,people_70-74_male_non-hispanic,vstat_C0242379_US_PRI_70-74_male_non-hispanic,US_PRI,United States and Puerto Rico,United States and Puerto Rico
,Lung and Bronchus,22030,Male,M,2000,2000.0,75-79 years,75-79,Hispanic,2135-2,552,C0242379,Malignant neoplasm of lung,C1513750,Multiple Cancer Sites,people_75-79_male_hispanic,vstat_C0242379_US_PRI_75-79_male_hispanic,US_PRI,United States and Puerto Rico,United States and Puerto Rico
,Lung and Bronchus,22030,Male,M,2000,2000.0,75-79 years,75-79,Non-Hispanic,2186-5,17323,C0242379,Malignant neoplasm of lung,C1513750,Multiple Cancer Sites,people_75-79_male_non-hispanic,vstat_C0242379_US_PRI_75-79_male_non-hispanic,US_PRI,United States and Puerto Rico,United States and Puerto Rico
,Lung and Bronchus,22030,Male,M,2000,2000.0,80-84 years,80-84,Hispanic,2135-2,321,C0242379,Malignant neoplasm of lung,C1513750,Multiple Cancer Sites,people_80-84_male_hispanic,vstat_C0242379_US_PRI_80-84_male_hispanic,US_PRI,United States and Puerto Rico,United States and Puerto Rico
,Lung and Bronchus,22030,Male,M,2000,2000.0,80-84 years,80-84,Non-Hispanic,2186-5,10243,C0242379,Malignant neoplasm of lung,C1513750,Multiple Cancer Sites,people_80-84_male_non-hispanic,vstat_C0242379_US_PRI_80-84_male_non-hispanic,US_PRI,United States and Puerto Rico,United States and Puerto Rico
,Lung and Bronchus,22030,Male,M,2000,2000.0,85+ years,85+,Hispanic,2135-2,212,C0242379,Malignant neoplasm of lung,C1513750,Multiple Cancer Sites,people_85+_male_hispanic,vstat_C0242379_US_PRI_85+_male_hispanic,US_PRI,United States and Puerto Rico,United States and Puerto Rico
,Lung and Bronchus,22030,Male,M,2000,2000.0,85+ years,85+,Non-Hispanic,2186-5,5577,C0242379,Malignant neoplasm of lung,C1513750,Multiple Cancer Sites,people_85+_male_non-hispanic,vstat_C0242379_US_PRI_85+_male_non-hispanic,US_PRI,United States and Puerto Rico,United States and Puerto Rico
,Lung and Bronchus,22030,Male,M,2001,2001.0,20-24 years,20-24,Non-Hispanic,2186-5,20,C0242379,Malignant neoplasm of lung,C1513750,Multiple Cancer Sites,people_20-24_male_non-hispanic,vstat_C0242379_US_PRI_20-24_male_non-hispanic,US_PRI,United States and Puerto Rico,United States and Puerto Rico
,Lung and Bronchus,22030,Male,M,2001,2001.0,25-29 years,25-29,Non-Hispanic,2186-5,43,C0242379,Malignant neoplasm of lung,C1513750,Multiple Cancer Sites,people_25-29_male_non-hispanic,vstat_C0242379_US_PRI_25-29_male_non-hispanic,US_PRI,United States and Puerto Rico,United States and Puerto Rico
,Lung and Bronchus,22030,Male,M,2001,2001.0,30-34 years,30-34,Non-Hispanic,2186-5,128,C0242379,Malignant neoplasm of lung,C1513750,Multiple Cancer Sites,people_30-34_male_non-hispanic,vstat_C0242379_US_PRI_30-34_male_non-hispanic,US_PRI,United States and Puerto Rico,United States and Puerto Rico
,Lung and Bronchus,22030,Male,M,2001,2001.0,35-39 years,35-39,Hispanic,2135-2,34,C0242379,Malignant neoplasm of lung,C1513750,Multiple Cancer Sites,people_35-39_male_hispanic,vstat_C0242379_US_PRI_35-39_male_hispanic,US_PRI,United States and Puerto Rico,United States and Puerto Rico
,Lung and Bronchus,22030,Male,M,2001,2001.0,35-39 years,35-39,Non-Hispanic,2186-5,501,C0242379,Malignant neoplasm of lung,C1513750,Multiple Cancer Sites,people_35-39_male_non-hispanic,vstat_C0242379_US_PRI_35-39_male_non-hispanic,US_PRI,United States and Puerto Rico,United States and Puerto Rico
,Lung and Bronchus,22030,Male,M,2001,2001.0,40-44 years,40-44,Hispanic,2135-2,81,C0242379,Malignant neoplasm of lung,C1513750,Multiple Cancer Sites,people_40-44_male_hispanic,vstat_C0242379_US_PRI_40-44_male_hispanic,US_PRI,United States and Puerto Rico,United States and Puerto Rico
,Lung and Bronchus,22030,Male,M,2001,2001.0,40-44 years,40-44,Non-Hispanic,2186-5,1662,C0242379,Malignant neoplasm of lung,C1513750,Multiple Cancer Sites,people_40-44_male_non-hispanic,vstat_C0242379_US_PRI_40-44_male_non-hispanic,US_PRI,United States and Puerto Rico,United States and Puerto Rico
,Lung and Bronchus,22030,Male,M,2001,2001.0,45-49 years,45-49,Hispanic,2135-2,160,C0242379,Malignant neoplasm of lung,C1513750,Multiple Cancer Sites,people_45-49_male_hispanic,vstat_C0242379_US_PRI_45-49_male_hispanic,US_PRI,United States and Puerto Rico,United States and Puerto Rico
,Lung and Bronchus,22030,Male,M,2001,2001.0,45-49 years,45-49,Non-Hispanic,2186-5,3254,C0242379,Malignant neoplasm of lung,C1513750,Multiple Cancer Sites,people_45-49_male_non-hispanic,vstat_C0242379_US_PRI_45-49_male_non-hispanic,US_PRI,United States and Puerto Rico,United States and Puerto Rico
,Lung and Bronchus,22030,Male,M,2001,2001.0,50-54 years,50-54,Hispanic,2135-2,268,C0242379,Malignant neoplasm of lung,C1513750,Multiple Cancer Sites,people_50-54_male_hispanic,vstat_C0242379_US_PRI_50-54_male_hispanic,US_PRI,United States and Puerto Rico,United States and Puerto Rico
,Lung and Bronchus,22030,Male,M,2001,2001.0,50-54 years,50-54,Non-Hispanic,2186-5,6311,C0242379,Malignant neoplasm of lung,C1513750,Multiple Cancer Sites,people_50-54_male_non-hispanic,vstat_C0242379_US_PRI_50-54_male_non-hispanic,US_PRI,United States and Puerto Rico,United States and Puerto Rico
,Lung and Bronchus,22030,Male,M,2001,2001.0,55-59 years,55-59,Hispanic,2135-2,362,C0242379,Malignant neoplasm of lung,C1513750,Multiple Cancer Sites,people_55-59_male_hispanic,vstat_C0242379_US_PRI_55-59_male_hispanic,US_PRI,United States and Puerto Rico,United States and Puerto Rico
,Lung and Bronchus,22030,Male,M,2001,2001.0,55-59 years,55-59,Non-Hispanic,2186-5,9868,C0242379,Malignant neoplasm of lung,C1513750,Multiple Cancer Sites,people_55-59_male_non-hispanic,vstat_C0242379_US_PRI_55-59_male_non-hispanic,US_PRI,United States and Puerto Rico,United States and Puerto Rico
,Lung and Bronchus,22030,Male,M,2001,2001.0,60-64 years ,60-64,Hispanic,2135-2,504,C0242379,Malignant neoplasm of lung,C1513750,Multiple Cancer Sites,people_60-64_male_hispanic,vstat_C0242379_US_PRI_60-64_male_hispanic,US_PRI,United States and Puerto Rico,United States and Puerto Rico
,Lung and Bronchus,22030,Male,M,2001,2001.0,60-64 years ,60-64,Non-Hispanic,2186-5,13163,C0242379,Malignant neoplasm of lung,C1513750,Multiple Cancer Sites,people_60-64_male_non-hispanic,vstat_C0242379_US_PRI_60-64_male_non-hispanic,US_PRI,United States and Puerto Rico,United States and Puerto Rico
,Lung and Bronchus,22030,Male,M,2001,2001.0,65-69 years,65-69,Hispanic,2135-2,574,C0242379,Malignant neoplasm of lung,C1513750,Multiple Cancer Sites,people_65-69_male_hispanic,vstat_C0242379_US_PRI_65-69_male_hispanic,US_PRI,United States and Puerto Rico,United States and Puerto Rico
,Lung and Bronchus,22030,Male,M,2001,2001.0,65-69 years,65-69,Non-Hispanic,2186-5,16951,C0242379,Malignant neoplasm of lung,C1513750,Multiple Cancer Sites,people_65-69_male_non-hispanic,vstat_C0242379_US_PRI_65-69_male_non-hispanic,US_PRI,United States and Puerto Rico,United States and Puerto Rico
,Lung and Bronchus,22030,Male,M,2001,2001.0,70-74 years,70-74,Hispanic,2135-2,620,C0242379,Malignant neoplasm of lung,C1513750,Multiple Cancer Sites,people_70-74_male_hispanic,vstat_C0242379_US_PRI_70-74_male_hispanic,US_PRI,United States and Puerto Rico,United States and Puerto Rico
,Lung and Bronchus,22030,Male,M,2001,2001.0,70-74 years,70-74,Non-Hispanic,2186-5,19861,C0242379,Malignant neoplasm of lung,C1513750,Multiple Cancer Sites,people_70-74_male_non-hispanic,vstat_C0242379_US_PRI_70-74_male_non-hispanic,US_PRI,United States and Puerto Rico,United States and Puerto Rico
,Lung and Bronchus,22030,Male,M,2001,2001.0,75-79 years,75-79,Hispanic,2135-2,630,C0242379,Malignant neoplasm of lung,C1513750,Multiple Cancer Sites,people_75-79_male_hispanic,vstat_C0242379_US_PRI_75-79_male_hispanic,US_PRI,United States and Puerto Rico,United States and Puerto Rico
,Lung and Bronchus,22030,Male,M,2001,2001.0,75-79 years,75-79,Non-Hispanic,2186-5,17811,C0242379,Malignant neoplasm of lung,C1513750,Multiple Cancer Sites,people_75-79_male_non-hispanic,vstat_C0242379_US_PRI_75-79_male_non-hispanic,US_PRI,United States and Puerto Rico,United States and Puerto Rico
,Lung and Bronchus,22030,Male,M,2001,2001.0,80-84 years,80-84,Hispanic,2135-2,325,C0242379,Malignant neoplasm of lung,C1513750,Multiple Cancer Sites,people_80-84_male_hispanic,vstat_C0242379_US_PRI_80-84_male_hispanic,US_PRI,United States and Puerto Rico,United States and Puerto Rico
,Lung and Bronchus,22030,Male,M,2001,2001.0,80-84 years,80-84,Non-Hispanic,2186-5,10583,C0242379,Malignant neoplasm of lung,C1513750,Multiple Cancer Sites,people_80-84_male_non-hispanic,vstat_C0242379_US_PRI_80-84_male_non-hispanic,US_PRI,United States and Puerto Rico,United States and Puerto Rico
,Lung and Bronchus,22030,Male,M,2001,2001.0,85+ years,85+,Hispanic,2135-2,204,C0242379,Malignant neoplasm of lung,C1513750,Multiple Cancer Sites,people_85+_male_hispanic,vstat_C0242379_US_PRI_85+_male_hispanic,US_PRI,United States and Puerto Rico,United States and Puerto Rico
,Lung and Bronchus,22030,Male,M,2001,2001.0,85+ years,85+,Non-Hispanic,2186-5,5960,C0242379,Malignant neoplasm of lung,C1513750,Multiple Cancer Sites,people_85+_male_non-hispanic,vstat_C0242379_US_PRI_85+_male_non-hispanic,US_PRI,United States and Puerto Rico,United States and Puerto Rico
,Lung and Bronchus,22030,Male,M,2002,2002.0,20-24 years,20-24,Non-Hispanic,2186-5,20,C0242379,Malignant neoplasm of lung,C1513750,Multiple Cancer Sites,people_20-24_male_non-hispanic,vstat_C0242379_US_PRI_20-24_male_non-hispanic,US_PRI,United States and Puerto Rico,United States and Puerto Rico
,Lung and Bronchus,22030,Male,M,2002,2002.0,25-29 years,25-29,Non-Hispanic,2186-5,49,C0242379,Malignant neoplasm of lung,C1513750,Multiple Cancer Sites,people_25-29_male_non-hispanic,vstat_C0242379_US_PRI_25-29_male_non-hispanic,US_PRI,United States and Puerto Rico,United States and Puerto Rico
,Lung and Bronchus,22030,Male,M,2002,2002.0,30-34 years,30-34,Hispanic,2135-2,17,C0242379,Malignant neoplasm of lung,C1513750,Multiple Cancer Sites,people_30-34_male_hispanic,vstat_C0242379_US_PRI_30-34_male_hispanic,US_PRI,United States and Puerto Rico,United States and Puerto Rico
,Lung and Bronchus,22030,Male,M,2002,2002.0,30-34 years,30-34,Non-Hispanic,2186-5,118,C0242379,Malignant neoplasm of lung,C1513750,Multiple Cancer Sites,people_30-34_male_non-hispanic,vstat_C0242379_US_PRI_30-34_male_non-hispanic,US_PRI,United States and Puerto Rico,United States and Puerto Rico
,Lung and Bronchus,22030,Male,M,2002,2002.0,35-39 years,35-39,Hispanic,2135-2,39,C0242379,Malignant neoplasm of lung,C1513750,Multiple Cancer Sites,people_35-39_male_hispanic,vstat_C0242379_US_PRI_35-39_male_hispanic,US_PRI,United States and Puerto Rico,United States and Puerto Rico
,Lung and Bronchus,22030,Male,M,2002,2002.0,35-39 years,35-39,Non-Hispanic,2186-5,426,C0242379,Malignant neoplasm of lung,C1513750,Multiple Cancer Sites,people_35-39_male_non-hispanic,vstat_C0242379_US_PRI_35-39_male_non-hispanic,US_PRI,United States and Puerto Rico,United States and Puerto Rico
,Lung and Bronchus,22030,Male,M,2002,2002.0,40-44 years,40-44,Hispanic,2135-2,67,C0242379,Malignant neoplasm of lung,C1513750,Multiple Cancer Sites,people_40-44_male_hispanic,vstat_C0242379_US_PRI_40-44_male_hispanic,US_PRI,United States and Puerto Rico,United States and Puerto Rico
,Lung and Bronchus,22030,Male,M,2002,2002.0,40-44 years,40-44,Non-Hispanic,2186-5,1570,C0242379,Malignant neoplasm of lung,C1513750,Multiple Cancer Sites,people_40-44_male_non-hispanic,vstat_C0242379_US_PRI_40-44_male_non-hispanic,US_PRI,United States and Puerto Rico,United States and Puerto Rico
,Lung and Bronchus,22030,Male,M,2002,2002.0,45-49 years,45-49,Hispanic,2135-2,120,C0242379,Malignant neoplasm of lung,C1513750,Multiple Cancer Sites,people_45-49_male_hispanic,vstat_C0242379_US_PRI_45-49_male_hispanic,US_PRI,United States and Puerto Rico,United States and Puerto Rico
,Lung and Bronchus,22030,Male,M,2002,2002.0,45-49 years,45-49,Non-Hispanic,2186-5,3479,C0242379,Malignant neoplasm of lung,C1513750,Multiple Cancer Sites,people_45-49_male_non-hispanic,vstat_C0242379_US_PRI_45-49_male_non-hispanic,US_PRI,United States and Puerto Rico,United States and Puerto Rico
,Lung and Bronchus,22030,Male,M,2002,2002.0,50-54 years,50-54,Hispanic,2135-2,242,C0242379,Malignant neoplasm of lung,C1513750,Multiple Cancer Sites,people_50-54_male_hispanic,vstat_C0242379_US_PRI_50-54_male_hispanic,US_PRI,United States and Puerto Rico,United States and Puerto Rico
,Lung and Bronchus,22030,Male,M,2002,2002.0,50-54 years,50-54,Non-Hispanic,2186-5,6197,C0242379,Malignant neoplasm of lung,C1513750,Multiple Cancer Sites,people_50-54_male_non-hispanic,vstat_C0242379_US_PRI_50-54_male_non-hispanic,US_PRI,United States and Puerto Rico,United States and Puerto Rico
,Lung and Bronchus,22030,Male,M,2002,2002.0,55-59 years,55-59,Hispanic,2135-2,370,C0242379,Malignant neoplasm of lung,C1513750,Multiple Cancer Sites,people_55-59_male_hispanic,vstat_C0242379_US_PRI_55-59_male_hispanic,US_PRI,United States and Puerto Rico,United States and Puerto Rico
,Lung and Bronchus,22030,Male,M,2002,2002.0,55-59 years,55-59,Non-Hispanic,2186-5,9944,C0242379,Malignant neoplasm of lung,C1513750,Multiple Cancer Sites,people_55-59_male_non-hispanic,vstat_C0242379_US_PRI_55-59_male_non-hispanic,US_PRI,United States and Puerto Rico,United States and Puerto Rico
,Lung and Bronchus,22030,Male,M,2002,2002.0,60-64 years ,60-64,Hispanic,2135-2,465,C0242379,Malignant neoplasm of lung,C1513750,Multiple Cancer Sites,people_60-64_male_hispanic,vstat_C0242379_US_PRI_60-64_male_hispanic,US_PRI,United States and Puerto Rico,United States and Puerto Rico
,Lung and Bronchus,22030,Male,M,2002,2002.0,60-64 years ,60-64,Non-Hispanic,2186-5,13609,C0242379,Malignant neoplasm of lung,C1513750,Multiple Cancer Sites,people_60-64_male_non-hispanic,vstat_C0242379_US_PRI_60-64_male_non-hispanic,US_PRI,United States and Puerto Rico,United States and Puerto Rico
,Lung and Bronchus,22030,Male,M,2002,2002.0,65-69 years,65-69,Hispanic,2135-2,664,C0242379,Malignant neoplasm of lung,C1513750,Multiple Cancer Sites,people_65-69_male_hispanic,vstat_C0242379_US_PRI_65-69_male_hispanic,US_PRI,United States and Puerto Rico,United States and Puerto Rico
,Lung and Bronchus,22030,Male,M,2002,2002.0,65-69 years,65-69,Non-Hispanic,2186-5,16614,C0242379,Malignant neoplasm of lung,C1513750,Multiple Cancer Sites,people_65-69_male_non-hispanic,vstat_C0242379_US_PRI_65-69_male_non-hispanic,US_PRI,United States and Puerto Rico,United States and Puerto Rico
,Lung and Bronchus,22030,Male,M,2002,2002.0,70-74 years,70-74,Hispanic,2135-2,692,C0242379,Malignant neoplasm of lung,C1513750,Multiple Cancer Sites,people_70-74_male_hispanic,vstat_C0242379_US_PRI_70-74_male_hispanic,US_PRI,United States and Puerto Rico,United States and Puerto Rico
,Lung and Bronchus,22030,Male,M,2002,2002.0,70-74 years,70-74,Non-Hispanic,2186-5,19474,C0242379,Malignant neoplasm of lung,C1513750,Multiple Cancer Sites,people_70-74_male_non-hispanic,vstat_C0242379_US_PRI_70-74_male_non-hispanic,US_PRI,United States and Puerto Rico,United States and Puerto Rico
,Lung and Bronchus,22030,Male,M,2002,2002.0,75-79 years,75-79,Hispanic,2135-2,626,C0242379,Malignant neoplasm of lung,C1513750,Multiple Cancer Sites,people_75-79_male_hispanic,vstat_C0242379_US_PRI_75-79_male_hispanic,US_PRI,United States and Puerto Rico,United States and Puerto Rico
,Lung and Bronchus,22030,Male,M,2002,2002.0,75-79 years,75-79,Non-Hispanic,2186-5,17872,C0242379,Malignant neoplasm of lung,C1513750,Multiple Cancer Sites,people_75-79_male_non-hispanic,vstat_C0242379_US_PRI_75-79_male_non-hispanic,US_PRI,United States and Puerto Rico,United States and Puerto Rico
,Lung and Bronchus,22030,Male,M,2002,2002.0,80-84 years,80-84,Hispanic,2135-2,338,C0242379,Malignant neoplasm of lung,C1513750,Multiple Cancer Sites,people_80-84_male_hispanic,vstat_C0242379_US_PRI_80-84_male_hispanic,US_PRI,United States and Puerto Rico,United States and Puerto Rico
,Lung and Bronchus,22030,Male,M,2002,2002.0,80-84 years,80-84,Non-Hispanic,2186-5,11279,C0242379,Malignant neoplasm of lung,C1513750,Multiple Cancer Sites,people_80-84_male_non-hispanic,vstat_C0242379_US_PRI_80-84_male_non-hispanic,US_PRI,United States and Puerto Rico,United States and Puerto Rico
,Lung and Bronchus,22030,Male,M,2002,2002.0,85+ years,85+,Hispanic,2135-2,225,C0242379,Malignant neoplasm of lung,C1513750,Multiple Cancer Sites,people_85+_male_hispanic,vstat_C0242379_US_PRI_85+_male_hispanic,US_PRI,United States and Puerto Rico,United States and Puerto Rico
,Lung and Bronchus,22030,Male,M,2002,2002.0,85+ years,85+,Non-Hispanic,2186-5,6095,C0242379,Malignant neoplasm of lung,C1513750,Multiple Cancer Sites,people_85+_male_non-hispanic,vstat_C0242379_US_PRI_85+_male_non-hispanic,US_PRI,United States and Puerto Rico,United States and Puerto Rico
,Lung and Bronchus,22030,Male,M,2003,2003.0,20-24 years,20-24,Non-Hispanic,2186-5,29,C0242379,Malignant neoplasm of lung,C1513750,Multiple Cancer Sites,people_20-24_male_non-hispanic,vstat_C0242379_US_PRI_20-24_male_non-hispanic,US_PRI,United States and Puerto Rico,United States and Puerto Rico
,Lung and Bronchus,22030,Male,M,2003,2003.0,25-29 years,25-29,Non-Hispanic,2186-5,40,C0242379,Malignant neoplasm of lung,C1513750,Multiple Cancer Sites,people_25-29_male_non-hispanic,vstat_C0242379_US_PRI_25-29_male_non-hispanic,US_PRI,United States and Puerto Rico,United States and Puerto Rico
,Lung and Bronchus,22030,Male,M,2003,2003.0,30-34 years,30-34,Hispanic,2135-2,20,C0242379,Malignant neoplasm of lung,C1513750,Multiple Cancer Sites,people_30-34_male_hispanic,vstat_C0242379_US_PRI_30-34_male_hispanic,US_PRI,United States and Puerto Rico,United States and Puerto Rico
,Lung and Bronchus,22030,Male,M,2003,2003.0,30-34 years,30-34,Non-Hispanic,2186-5,116,C0242379,Malignant neoplasm of lung,C1513750,Multiple Cancer Sites,people_30-34_male_non-hispanic,vstat_C0242379_US_PRI_30-34_male_non-hispanic,US_PRI,United States and Puerto Rico,United States and Puerto Rico
,Lung and Bronchus,22030,Male,M,2003,2003.0,35-39 years,35-39,Hispanic,2135-2,29,C0242379,Malignant neoplasm of lung,C1513750,Multiple Cancer Sites,people_35-39_male_hispanic,vstat_C0242379_US_PRI_35-39_male_hispanic,US_PRI,United States and Puerto Rico,United States and Puerto Rico
,Lung and Bronchus,22030,Male,M,2003,2003.0,35-39 years,35-39,Non-Hispanic,2186-5,413,C0242379,Malignant neoplasm of lung,C1513750,Multiple Cancer Sites,people_35-39_male_non-hispanic,vstat_C0242379_US_PRI_35-39_male_non-hispanic,US_PRI,United States and Puerto Rico,United States and Puerto Rico
,Lung and Bronchus,22030,Male,M,2003,2003.0,40-44 years,40-44,Hispanic,2135-2,79,C0242379,Malignant neoplasm of lung,C1513750,Multiple Cancer Sites,people_40-44_male_hispanic,vstat_C0242379_US_PRI_40-44_male_hispanic,US_PRI,United States and Puerto Rico,United States and Puerto Rico
,Lung and Bronchus,22030,Male,M,2003,2003.0,40-44 years,40-44,Non-Hispanic,2186-5,1622,C0242379,Malignant neoplasm of lung,C1513750,Multiple Cancer Sites,people_40-44_male_non-hispanic,vstat_C0242379_US_PRI_40-44_male_non-hispanic,US_PRI,United States and Puerto Rico,United States and Puerto Rico
,Lung and Bronchus,22030,Male,M,2003,2003.0,45-49 years,45-49,Hispanic,2135-2,151,C0242379,Malignant neoplasm of lung,C1513750,Multiple Cancer Sites,people_45-49_male_hispanic,vstat_C0242379_US_PRI_45-49_male_hispanic,US_PRI,United States and Puerto Rico,United States and Puerto Rico
,Lung and Bronchus,22030,Male,M,2003,2003.0,45-49 years,45-49,Non-Hispanic,2186-5,3585,C0242379,Malignant neoplasm of lung,C1513750,Multiple Cancer Sites,people_45-49_male_non-hispanic,vstat_C0242379_US_PRI_45-49_male_non-hispanic,US_PRI,United States and Puerto Rico,United States and Puerto Rico
,Lung and Bronchus,22030,Male,M,2003,2003.0,50-54 years,50-54,Hispanic,2135-2,278,C0242379,Malignant neoplasm of lung,C1513750,Multiple Cancer Sites,people_50-54_male_hispanic,vstat_C0242379_US_PRI_50-54_male_hispanic,US_PRI,United States and Puerto Rico,United States and Puerto Rico
,Lung and Bronchus,22030,Male,M,2003,2003.0,50-54 years,50-54,Non-Hispanic,2186-5,6439,C0242379,Malignant neoplasm of lung,C1513750,Multiple Cancer Sites,people_50-54_male_non-hispanic,vstat_C0242379_US_PRI_50-54_male_non-hispanic,US_PRI,United States and Puerto Rico,United States and Puerto Rico
,Lung and Bronchus,22030,Male,M,2003,2003.0,55-59 years,55-59,Hispanic,2135-2,414,C0242379,Malignant neoplasm of lung,C1513750,Multiple Cancer Sites,people_55-59_male_hispanic,vstat_C0242379_US_PRI_55-59_male_hispanic,US_PRI,United States and Puerto Rico,United States and Puerto Rico
,Lung and Bronchus,22030,Male,M,2003,2003.0,55-59 years,55-59,Non-Hispanic,2186-5,10306,C0242379,Malignant neoplasm of lung,C1513750,Multiple Cancer Sites,people_55-59_male_non-hispanic,vstat_C0242379_US_PRI_55-59_male_non-hispanic,US_PRI,United States and Puerto Rico,United States and Puerto Rico
,Lung and Bronchus,22030,Male,M,2003,2003.0,60-64 years ,60-64,Hispanic,2135-2,516,C0242379,Malignant neoplasm of lung,C1513750,Multiple Cancer Sites,people_60-64_male_hispanic,vstat_C0242379_US_PRI_60-64_male_hispanic,US_PRI,United States and Puerto Rico,United States and Puerto Rico
,Lung and Bronchus,22030,Male,M,2003,2003.0,60-64 years ,60-64,Non-Hispanic,2186-5,14192,C0242379,Malignant neoplasm of lung,C1513750,Multiple Cancer Sites,people_60-64_male_non-hispanic,vstat_C0242379_US_PRI_60-64_male_non-hispanic,US_PRI,United States and Puerto Rico,United States and Puerto Rico
,Lung and Bronchus,22030,Male,M,2003,2003.0,65-69 years,65-69,Hispanic,2135-2,654,C0242379,Malignant neoplasm of lung,C1513750,Multiple Cancer Sites,people_65-69_male_hispanic,vstat_C0242379_US_PRI_65-69_male_hispanic,US_PRI,United States and Puerto Rico,United States and Puerto Rico
,Lung and Bronchus,22030,Male,M,2003,2003.0,65-69 years,65-69,Non-Hispanic,2186-5,17162,C0242379,Malignant neoplasm of lung,C1513750,Multiple Cancer Sites,people_65-69_male_non-hispanic,vstat_C0242379_US_PRI_65-69_male_non-hispanic,US_PRI,United States and Puerto Rico,United States and Puerto Rico
,Lung and Bronchus,22030,Male,M,2003,2003.0,70-74 years,70-74,Hispanic,2135-2,711,C0242379,Malignant neoplasm of lung,C1513750,Multiple Cancer Sites,people_70-74_male_hispanic,vstat_C0242379_US_PRI_70-74_male_hispanic,US_PRI,United States and Puerto Rico,United States and Puerto Rico
,Lung and Bronchus,22030,Male,M,2003,2003.0,70-74 years,70-74,Non-Hispanic,2186-5,19289,C0242379,Malignant neoplasm of lung,C1513750,Multiple Cancer Sites,people_70-74_male_non-hispanic,vstat_C0242379_US_PRI_70-74_male_non-hispanic,US_PRI,United States and Puerto Rico,United States and Puerto Rico
,Lung and Bronchus,22030,Male,M,2003,2003.0,75-79 years,75-79,Hispanic,2135-2,636,C0242379,Malignant neoplasm of lung,C1513750,Multiple Cancer Sites,people_75-79_male_hispanic,vstat_C0242379_US_PRI_75-79_male_hispanic,US_PRI,United States and Puerto Rico,United States and Puerto Rico
,Lung and Bronchus,22030,Male,M,2003,2003.0,75-79 years,75-79,Non-Hispanic,2186-5,18378,C0242379,Malignant neoplasm of lung,C1513750,Multiple Cancer Sites,people_75-79_male_non-hispanic,vstat_C0242379_US_PRI_75-79_male_non-hispanic,US_PRI,United States and Puerto Rico,United States and Puerto Rico
,Lung and Bronchus,22030,Male,M,2003,2003.0,80-84 years,80-84,Hispanic,2135-2,364,C0242379,Malignant neoplasm of lung,C1513750,Multiple Cancer Sites,people_80-84_male_hispanic,vstat_C0242379_US_PRI_80-84_male_hispanic,US_PRI,United States and Puerto Rico,United States and Puerto Rico
,Lung and Bronchus,22030,Male,M,2003,2003.0,80-84 years,80-84,Non-Hispanic,2186-5,11814,C0242379,Malignant neoplasm of lung,C1513750,Multiple Cancer Sites,people_80-84_male_non-hispanic,vstat_C0242379_US_PRI_80-84_male_non-hispanic,US_PRI,United States and Puerto Rico,United States and Puerto Rico
,Lung and Bronchus,22030,Male,M,2003,2003.0,85+ years,85+,Hispanic,2135-2,199,C0242379,Malignant neoplasm of lung,C1513750,Multiple Cancer Sites,people_85+_male_hispanic,vstat_C0242379_US_PRI_85+_male_hispanic,US_PRI,United States and Puerto Rico,United States and Puerto Rico
,Lung and Bronchus,22030,Male,M,2003,2003.0,85+ years,85+,Non-Hispanic,2186-5,6364,C0242379,Malignant neoplasm of lung,C1513750,Multiple Cancer Sites,people_85+_male_non-hispanic,vstat_C0242379_US_PRI_85+_male_non-hispanic,US_PRI,United States and Puerto Rico,United States and Puerto Rico
,Lung and Bronchus,22030,Male,M,2004,2004.0,20-24 years,20-24,Non-Hispanic,2186-5,28,C0242379,Malignant neoplasm of lung,C1513750,Multiple Cancer Sites,people_20-24_male_non-hispanic,vstat_C0242379_US_PRI_20-24_male_non-hispanic,US_PRI,United States and Puerto Rico,United States and Puerto Rico
,Lung and Bronchus,22030,Male,M,2004,2004.0,25-29 years,25-29,Non-Hispanic,2186-5,46,C0242379,Malignant neoplasm of lung,C1513750,Multiple Cancer Sites,people_25-29_male_non-hispanic,vstat_C0242379_US_PRI_25-29_male_non-hispanic,US_PRI,United States and Puerto Rico,United States and Puerto Rico
,Lung and Bronchus,22030,Male,M,2004,2004.0,30-34 years,30-34,Hispanic,2135-2,17,C0242379,Malignant neoplasm of lung,C1513750,Multiple Cancer Sites,people_30-34_male_hispanic,vstat_C0242379_US_PRI_30-34_male_hispanic,US_PRI,United States and Puerto Rico,United States and Puerto Rico
,Lung and Bronchus,22030,Male,M,2004,2004.0,30-34 years,30-34,Non-Hispanic,2186-5,133,C0242379,Malignant neoplasm of lung,C1513750,Multiple Cancer Sites,people_30-34_male_non-hispanic,vstat_C0242379_US_PRI_30-34_male_non-hispanic,US_PRI,United States and Puerto Rico,United States and Puerto Rico
,Lung and Bronchus,22030,Male,M,2004,2004.0,35-39 years,35-39,Hispanic,2135-2,24,C0242379,Malignant neoplasm of lung,C1513750,Multiple Cancer Sites,people_35-39_male_hispanic,vstat_C0242379_US_PRI_35-39_male_hispanic,US_PRI,United States and Puerto Rico,United States and Puerto Rico
,Lung and Bronchus,22030,Male,M,2004,2004.0,35-39 years,35-39,Non-Hispanic,2186-5,387,C0242379,Malignant neoplasm of lung,C1513750,Multiple Cancer Sites,people_35-39_male_non-hispanic,vstat_C0242379_US_PRI_35-39_male_non-hispanic,US_PRI,United States and Puerto Rico,United States and Puerto Rico
,Lung and Bronchus,22030,Male,M,2004,2004.0,40-44 years,40-44,Hispanic,2135-2,70,C0242379,Malignant neoplasm of lung,C1513750,Multiple Cancer Sites,people_40-44_male_hispanic,vstat_C0242379_US_PRI_40-44_male_hispanic,US_PRI,United States and Puerto Rico,United States and Puerto Rico
,Lung and Bronchus,22030,Male,M,2004,2004.0,40-44 years,40-44,Non-Hispanic,2186-5,1468,C0242379,Malignant neoplasm of lung,C1513750,Multiple Cancer Sites,people_40-44_male_non-hispanic,vstat_C0242379_US_PRI_40-44_male_non-hispanic,US_PRI,United States and Puerto Rico,United States and Puerto Rico
,Lung and Bronchus,22030,Male,M,2004,2004.0,45-49 years,45-49,Hispanic,2135-2,151,C0242379,Malignant neoplasm of lung,C1513750,Multiple Cancer Sites,people_45-49_male_hispanic,vstat_C0242379_US_PRI_45-49_male_hispanic,US_PRI,United States and Puerto Rico,United States and Puerto Rico
,Lung and Bronchus,22030,Male,M,2004,2004.0,45-49 years,45-49,Non-Hispanic,2186-5,3622,C0242379,Malignant neoplasm of lung,C1513750,Multiple Cancer Sites,people_45-49_male_non-hispanic,vstat_C0242379_US_PRI_45-49_male_non-hispanic,US_PRI,United States and Puerto Rico,United States and Puerto Rico
,Lung and Bronchus,22030,Male,M,2004,2004.0,50-54 years,50-54,Hispanic,2135-2,278,C0242379,Malignant neoplasm of lung,C1513750,Multiple Cancer Sites,people_50-54_male_hispanic,vstat_C0242379_US_PRI_50-54_male_hispanic,US_PRI,United States and Puerto Rico,United States and Puerto Rico
,Lung and Bronchus,22030,Male,M,2004,2004.0,50-54 years,50-54,Non-Hispanic,2186-5,6494,C0242379,Malignant neoplasm of lung,C1513750,Multiple Cancer Sites,people_50-54_male_non-hispanic,vstat_C0242379_US_PRI_50-54_male_non-hispanic,US_PRI,United States and Puerto Rico,United States and Puerto Rico
,Lung and Bronchus,22030,Male,M,2004,2004.0,55-59 years,55-59,Hispanic,2135-2,398,C0242379,Malignant neoplasm of lung,C1513750,Multiple Cancer Sites,people_55-59_male_hispanic,vstat_C0242379_US_PRI_55-59_male_hispanic,US_PRI,United States and Puerto Rico,United States and Puerto Rico
,Lung and Bronchus,22030,Male,M,2004,2004.0,55-59 years,55-59,Non-Hispanic,2186-5,10155,C0242379,Malignant neoplasm of lung,C1513750,Multiple Cancer Sites,people_55-59_male_non-hispanic,vstat_C0242379_US_PRI_55-59_male_non-hispanic,US_PRI,United States and Puerto Rico,United States and Puerto Rico
,Lung and Bronchus,22030,Male,M,2004,2004.0,60-64 years ,60-64,Hispanic,2135-2,520,C0242379,Malignant neoplasm of lung,C1513750,Multiple Cancer Sites,people_60-64_male_hispanic,vstat_C0242379_US_PRI_60-64_male_hispanic,US_PRI,United States and Puerto Rico,United States and Puerto Rico
,Lung and Bronchus,22030,Male,M,2004,2004.0,60-64 years ,60-64,Non-Hispanic,2186-5,14315,C0242379,Malignant neoplasm of lung,C1513750,Multiple Cancer Sites,people_60-64_male_non-hispanic,vstat_C0242379_US_PRI_60-64_male_non-hispanic,US_PRI,United States and Puerto Rico,United States and Puerto Rico
,Lung and Bronchus,22030,Male,M,2004,2004.0,65-69 years,65-69,Hispanic,2135-2,646,C0242379,Malignant neoplasm of lung,C1513750,Multiple Cancer Sites,people_65-69_male_hispanic,vstat_C0242379_US_PRI_65-69_male_hispanic,US_PRI,United States and Puerto Rico,United States and Puerto Rico
,Lung and Bronchus,22030,Male,M,2004,2004.0,65-69 years,65-69,Non-Hispanic,2186-5,17214,C0242379,Malignant neoplasm of lung,C1513750,Multiple Cancer Sites,people_65-69_male_non-hispanic,vstat_C0242379_US_PRI_65-69_male_non-hispanic,US_PRI,United States and Puerto Rico,United States and Puerto Rico
,Lung and Bronchus,22030,Male,M,2004,2004.0,70-74 years,70-74,Hispanic,2135-2,742,C0242379,Malignant neoplasm of lung,C1513750,Multiple Cancer Sites,people_70-74_male_hispanic,vstat_C0242379_US_PRI_70-74_male_hispanic,US_PRI,United States and Puerto Rico,United States and Puerto Rico
,Lung and Bronchus,22030,Male,M,2004,2004.0,70-74 years,70-74,Non-Hispanic,2186-5,18610,C0242379,Malignant neoplasm of lung,C1513750,Multiple Cancer Sites,people_70-74_male_non-hispanic,vstat_C0242379_US_PRI_70-74_male_non-hispanic,US_PRI,United States and Puerto Rico,United States and Puerto Rico
,Lung and Bronchus,22030,Male,M,2004,2004.0,75-79 years,75-79,Hispanic,2135-2,674,C0242379,Malignant neoplasm of lung,C1513750,Multiple Cancer Sites,people_75-79_male_hispanic,vstat_C0242379_US_PRI_75-79_male_hispanic,US_PRI,United States and Puerto Rico,United States and Puerto Rico
,Lung and Bronchus,22030,Male,M,2004,2004.0,75-79 years,75-79,Non-Hispanic,2186-5,18429,C0242379,Malignant neoplasm of lung,C1513750,Multiple Cancer Sites,people_75-79_male_non-hispanic,vstat_C0242379_US_PRI_75-79_male_non-hispanic,US_PRI,United States and Puerto Rico,United States and Puerto Rico
,Lung and Bronchus,22030,Male,M,2004,2004.0,80-84 years,80-84,Hispanic,2135-2,417,C0242379,Malignant neoplasm of lung,C1513750,Multiple Cancer Sites,people_80-84_male_hispanic,vstat_C0242379_US_PRI_80-84_male_hispanic,US_PRI,United States and Puerto Rico,United States and Puerto Rico
,Lung and Bronchus,22030,Male,M,2004,2004.0,80-84 years,80-84,Non-Hispanic,2186-5,12109,C0242379,Malignant neoplasm of lung,C1513750,Multiple Cancer Sites,people_80-84_male_non-hispanic,vstat_C0242379_US_PRI_80-84_male_non-hispanic,US_PRI,United States and Puerto Rico,United States and Puerto Rico
,Lung and Bronchus,22030,Male,M,2004,2004.0,85+ years,85+,Hispanic,2135-2,225,C0242379,Malignant neoplasm of lung,C1513750,Multiple Cancer Sites,people_85+_male_hispanic,vstat_C0242379_US_PRI_85+_male_hispanic,US_PRI,United States and Puerto Rico,United States and Puerto Rico
,Lung and Bronchus,22030,Male,M,2004,2004.0,85+ years,85+,Non-Hispanic,2186-5,6578,C0242379,Malignant neoplasm of lung,C1513750,Multiple Cancer Sites,people_85+_male_non-hispanic,vstat_C0242379_US_PRI_85+_male_non-hispanic,US_PRI,United States and Puerto Rico,United States and Puerto Rico
,Lung and Bronchus,22030,Male,M,2005,2005.0,20-24 years,20-24,Non-Hispanic,2186-5,20,C0242379,Malignant neoplasm of lung,C1513750,Multiple Cancer Sites,people_20-24_male_non-hispanic,vstat_C0242379_US_PRI_20-24_male_non-hispanic,US_PRI,United States and Puerto Rico,United States and Puerto Rico
,Lung and Bronchus,22030,Male,M,2005,2005.0,25-29 years,25-29,Non-Hispanic,2186-5,42,C0242379,Malignant neoplasm of lung,C1513750,Multiple Cancer Sites,people_25-29_male_non-hispanic,vstat_C0242379_US_PRI_25-29_male_non-hispanic,US_PRI,United States and Puerto Rico,United States and Puerto Rico
,Lung and Bronchus,22030,Male,M,2005,2005.0,30-34 years,30-34,Non-Hispanic,2186-5,111,C0242379,Malignant neoplasm of lung,C1513750,Multiple Cancer Sites,people_30-34_male_non-hispanic,vstat_C0242379_US_PRI_30-34_male_non-hispanic,US_PRI,United States and Puerto Rico,United States and Puerto Rico
,Lung and Bronchus,22030,Male,M,2005,2005.0,35-39 years,35-39,Hispanic,2135-2,34,C0242379,Malignant neoplasm of lung,C1513750,Multiple Cancer Sites,people_35-39_male_hispanic,vstat_C0242379_US_PRI_35-39_male_hispanic,US_PRI,United States and Puerto Rico,United States and Puerto Rico
,Lung and Bronchus,22030,Male,M,2005,2005.0,35-39 years,35-39,Non-Hispanic,2186-5,307,C0242379,Malignant neoplasm of lung,C1513750,Multiple Cancer Sites,people_35-39_male_non-hispanic,vstat_C0242379_US_PRI_35-39_male_non-hispanic,US_PRI,United States and Puerto Rico,United States and Puerto Rico
,Lung and Bronchus,22030,Male,M,2005,2005.0,40-44 years,40-44,Hispanic,2135-2,78,C0242379,Malignant neoplasm of lung,C1513750,Multiple Cancer Sites,people_40-44_male_hispanic,vstat_C0242379_US_PRI_40-44_male_hispanic,US_PRI,United States and Puerto Rico,United States and Puerto Rico
,Lung and Bronchus,22030,Male,M,2005,2005.0,40-44 years,40-44,Non-Hispanic,2186-5,1350,C0242379,Malignant neoplasm of lung,C1513750,Multiple Cancer Sites,people_40-44_male_non-hispanic,vstat_C0242379_US_PRI_40-44_male_non-hispanic,US_PRI,United States and Puerto Rico,United States and Puerto Rico
,Lung and Bronchus,22030,Male,M,2005,2005.0,45-49 years,45-49,Hispanic,2135-2,158,C0242379,Malignant neoplasm of lung,C1513750,Multiple Cancer Sites,people_45-49_male_hispanic,vstat_C0242379_US_PRI_45-49_male_hispanic,US_PRI,United States and Puerto Rico,United States and Puerto Rico
,Lung and Bronchus,22030,Male,M,2005,2005.0,45-49 years,45-49,Non-Hispanic,2186-5,3564,C0242379,Malignant neoplasm of lung,C1513750,Multiple Cancer Sites,people_45-49_male_non-hispanic,vstat_C0242379_US_PRI_45-49_male_non-hispanic,US_PRI,United States and Puerto Rico,United States and Puerto Rico
,Lung and Bronchus,22030,Male,M,2005,2005.0,50-54 years,50-54,Hispanic,2135-2,291,C0242379,Malignant neoplasm of lung,C1513750,Multiple Cancer Sites,people_50-54_male_hispanic,vstat_C0242379_US_PRI_50-54_male_hispanic,US_PRI,United States and Puerto Rico,United States and Puerto Rico
,Lung and Bronchus,22030,Male,M,2005,2005.0,50-54 years,50-54,Non-Hispanic,2186-5,6527,C0242379,Malignant neoplasm of lung,C1513750,Multiple Cancer Sites,people_50-54_male_non-hispanic,vstat_C0242379_US_PRI_50-54_male_non-hispanic,US_PRI,United States and Puerto Rico,United States and Puerto Rico
,Lung and Bronchus,22030,Male,M,2005,2005.0,55-59 years,55-59,Hispanic,2135-2,404,C0242379,Malignant neoplasm of lung,C1513750,Multiple Cancer Sites,people_55-59_male_hispanic,vstat_C0242379_US_PRI_55-59_male_hispanic,US_PRI,United States and Puerto Rico,United States and Puerto Rico
,Lung and Bronchus,22030,Male,M,2005,2005.0,55-59 years,55-59,Non-Hispanic,2186-5,10414,C0242379,Malignant neoplasm of lung,C1513750,Multiple Cancer Sites,people_55-59_male_non-hispanic,vstat_C0242379_US_PRI_55-59_male_non-hispanic,US_PRI,United States and Puerto Rico,United States and Puerto Rico
,Lung and Bronchus,22030,Male,M,2005,2005.0,60-64 years ,60-64,Hispanic,2135-2,558,C0242379,Malignant neoplasm of lung,C1513750,Multiple Cancer Sites,people_60-64_male_hispanic,vstat_C0242379_US_PRI_60-64_male_hispanic,US_PRI,United States and Puerto Rico,United States and Puerto Rico
,Lung and Bronchus,22030,Male,M,2005,2005.0,60-64 years ,60-64,Non-Hispanic,2186-5,14595,C0242379,Malignant neoplasm of lung,C1513750,Multiple Cancer Sites,people_60-64_male_non-hispanic,vstat_C0242379_US_PRI_60-64_male_non-hispanic,US_PRI,United States and Puerto Rico,United States and Puerto Rico
,Lung and Bronchus,22030,Male,M,2005,2005.0,65-69 years,65-69,Hispanic,2135-2,657,C0242379,Malignant neoplasm of lung,C1513750,Multiple Cancer Sites,people_65-69_male_hispanic,vstat_C0242379_US_PRI_65-69_male_hispanic,US_PRI,United States and Puerto Rico,United States and Puerto Rico
,Lung and Bronchus,22030,Male,M,2005,2005.0,65-69 years,65-69,Non-Hispanic,2186-5,17343,C0242379,Malignant neoplasm of lung,C1513750,Multiple Cancer Sites,people_65-69_male_non-hispanic,vstat_C0242379_US_PRI_65-69_male_non-hispanic,US_PRI,United States and Puerto Rico,United States and Puerto Rico
,Lung and Bronchus,22030,Male,M,2005,2005.0,70-74 years,70-74,Hispanic,2135-2,745,C0242379,Malignant neoplasm of lung,C1513750,Multiple Cancer Sites,people_70-74_male_hispanic,vstat_C0242379_US_PRI_70-74_male_hispanic,US_PRI,United States and Puerto Rico,United States and Puerto Rico
,Lung and Bronchus,22030,Male,M,2005,2005.0,70-74 years,70-74,Non-Hispanic,2186-5,18850,C0242379,Malignant neoplasm of lung,C1513750,Multiple Cancer Sites,people_70-74_male_non-hispanic,vstat_C0242379_US_PRI_70-74_male_non-hispanic,US_PRI,United States and Puerto Rico,United States and Puerto Rico
,Lung and Bronchus,22030,Male,M,2005,2005.0,75-79 years,75-79,Hispanic,2135-2,683,C0242379,Malignant neoplasm of lung,C1513750,Multiple Cancer Sites,people_75-79_male_hispanic,vstat_C0242379_US_PRI_75-79_male_hispanic,US_PRI,United States and Puerto Rico,United States and Puerto Rico
,Lung and Bronchus,22030,Male,M,2005,2005.0,75-79 years,75-79,Non-Hispanic,2186-5,18183,C0242379,Malignant neoplasm of lung,C1513750,Multiple Cancer Sites,people_75-79_male_non-hispanic,vstat_C0242379_US_PRI_75-79_male_non-hispanic,US_PRI,United States and Puerto Rico,United States and Puerto Rico
,Lung and Bronchus,22030,Male,M,2005,2005.0,80-84 years,80-84,Hispanic,2135-2,471,C0242379,Malignant neoplasm of lung,C1513750,Multiple Cancer Sites,people_80-84_male_hispanic,vstat_C0242379_US_PRI_80-84_male_hispanic,US_PRI,United States and Puerto Rico,United States and Puerto Rico
,Lung and Bronchus,22030,Male,M,2005,2005.0,80-84 years,80-84,Non-Hispanic,2186-5,12412,C0242379,Malignant neoplasm of lung,C1513750,Multiple Cancer Sites,people_80-84_male_non-hispanic,vstat_C0242379_US_PRI_80-84_male_non-hispanic,US_PRI,United States and Puerto Rico,United States and Puerto Rico
,Lung and Bronchus,22030,Male,M,2005,2005.0,85+ years,85+,Hispanic,2135-2,248,C0242379,Malignant neoplasm of lung,C1513750,Multiple Cancer Sites,people_85+_male_hispanic,vstat_C0242379_US_PRI_85+_male_hispanic,US_PRI,United States and Puerto Rico,United States and Puerto Rico
,Lung and Bronchus,22030,Male,M,2005,2005.0,85+ years,85+,Non-Hispanic,2186-5,6880,C0242379,Malignant neoplasm of lung,C1513750,Multiple Cancer Sites,people_85+_male_non-hispanic,vstat_C0242379_US_PRI_85+_male_non-hispanic,US_PRI,United States and Puerto Rico,United States and Puerto Rico
,Lung and Bronchus,22030,Male,M,2006,2006.0,15-19 years,15-19,Non-Hispanic,2186-5,16,C0242379,Malignant neoplasm of lung,C1513750,Multiple Cancer Sites,people_15-19_male_non-hispanic,vstat_C0242379_US_PRI_15-19_male_non-hispanic,US_PRI,United States and Puerto Rico,United States and Puerto Rico
,Lung and Bronchus,22030,Male,M,2006,2006.0,20-24 years,20-24,Non-Hispanic,2186-5,22,C0242379,Malignant neoplasm of lung,C1513750,Multiple Cancer Sites,people_20-24_male_non-hispanic,vstat_C0242379_US_PRI_20-24_male_non-hispanic,US_PRI,United States and Puerto Rico,United States and Puerto Rico
,Lung and Bronchus,22030,Male,M,2006,2006.0,25-29 years,25-29,Non-Hispanic,2186-5,60,C0242379,Malignant neoplasm of lung,C1513750,Multiple Cancer Sites,people_25-29_male_non-hispanic,vstat_C0242379_US_PRI_25-29_male_non-hispanic,US_PRI,United States and Puerto Rico,United States and Puerto Rico
,Lung and Bronchus,22030,Male,M,2006,2006.0,30-34 years,30-34,Hispanic,2135-2,17,C0242379,Malignant neoplasm of lung,C1513750,Multiple Cancer Sites,people_30-34_male_hispanic,vstat_C0242379_US_PRI_30-34_male_hispanic,US_PRI,United States and Puerto Rico,United States and Puerto Rico
,Lung and Bronchus,22030,Male,M,2006,2006.0,30-34 years,30-34,Non-Hispanic,2186-5,107,C0242379,Malignant neoplasm of lung,C1513750,Multiple Cancer Sites,people_30-34_male_non-hispanic,vstat_C0242379_US_PRI_30-34_male_non-hispanic,US_PRI,United States and Puerto Rico,United States and Puerto Rico
,Lung and Bronchus,22030,Male,M,2006,2006.0,35-39 years,35-39,Hispanic,2135-2,31,C0242379,Malignant neoplasm of lung,C1513750,Multiple Cancer Sites,people_35-39_male_hispanic,vstat_C0242379_US_PRI_35-39_male_hispanic,US_PRI,United States and Puerto Rico,United States and Puerto Rico
,Lung and Bronchus,22030,Male,M,2006,2006.0,35-39 years,35-39,Non-Hispanic,2186-5,357,C0242379,Malignant neoplasm of lung,C1513750,Multiple Cancer Sites,people_35-39_male_non-hispanic,vstat_C0242379_US_PRI_35-39_male_non-hispanic,US_PRI,United States and Puerto Rico,United States and Puerto Rico
,Lung and Bronchus,22030,Male,M,2006,2006.0,40-44 years,40-44,Hispanic,2135-2,77,C0242379,Malignant neoplasm of lung,C1513750,Multiple Cancer Sites,people_40-44_male_hispanic,vstat_C0242379_US_PRI_40-44_male_hispanic,US_PRI,United States and Puerto Rico,United States and Puerto Rico
,Lung and Bronchus,22030,Male,M,2006,2006.0,40-44 years,40-44,Non-Hispanic,2186-5,1247,C0242379,Malignant neoplasm of lung,C1513750,Multiple Cancer Sites,people_40-44_male_non-hispanic,vstat_C0242379_US_PRI_40-44_male_non-hispanic,US_PRI,United States and Puerto Rico,United States and Puerto Rico
,Lung and Bronchus,22030,Male,M,2006,2006.0,45-49 years,45-49,Hispanic,2135-2,152,C0242379,Malignant neoplasm of lung,C1513750,Multiple Cancer Sites,people_45-49_male_hispanic,vstat_C0242379_US_PRI_45-49_male_hispanic,US_PRI,United States and Puerto Rico,United States and Puerto Rico
,Lung and Bronchus,22030,Male,M,2006,2006.0,45-49 years,45-49,Non-Hispanic,2186-5,3447,C0242379,Malignant neoplasm of lung,C1513750,Multiple Cancer Sites,people_45-49_male_non-hispanic,vstat_C0242379_US_PRI_45-49_male_non-hispanic,US_PRI,United States and Puerto Rico,United States and Puerto Rico
,Lung and Bronchus,22030,Male,M,2006,2006.0,50-54 years,50-54,Hispanic,2135-2,272,C0242379,Malignant neoplasm of lung,C1513750,Multiple Cancer Sites,people_50-54_male_hispanic,vstat_C0242379_US_PRI_50-54_male_hispanic,US_PRI,United States and Puerto Rico,United States and Puerto Rico
,Lung and Bronchus,22030,Male,M,2006,2006.0,50-54 years,50-54,Non-Hispanic,2186-5,6498,C0242379,Malignant neoplasm of lung,C1513750,Multiple Cancer Sites,people_50-54_male_non-hispanic,vstat_C0242379_US_PRI_50-54_male_non-hispanic,US_PRI,United States and Puerto Rico,United States and Puerto Rico
,Lung and Bronchus,22030,Male,M,2006,2006.0,55-59 years,55-59,Hispanic,2135-2,419,C0242379,Malignant neoplasm of lung,C1513750,Multiple Cancer Sites,people_55-59_male_hispanic,vstat_C0242379_US_PRI_55-59_male_hispanic,US_PRI,United States and Puerto Rico,United States and Puerto Rico
,Lung and Bronchus,22030,Male,M,2006,2006.0,55-59 years,55-59,Non-Hispanic,2186-5,10656,C0242379,Malignant neoplasm of lung,C1513750,Multiple Cancer Sites,people_55-59_male_non-hispanic,vstat_C0242379_US_PRI_55-59_male_non-hispanic,US_PRI,United States and Puerto Rico,United States and Puerto Rico
,Lung and Bronchus,22030,Male,M,2006,2006.0,60-64 years ,60-64,Hispanic,2135-2,549,C0242379,Malignant neoplasm of lung,C1513750,Multiple Cancer Sites,people_60-64_male_hispanic,vstat_C0242379_US_PRI_60-64_male_hispanic,US_PRI,United States and Puerto Rico,United States and Puerto Rico
,Lung and Bronchus,22030,Male,M,2006,2006.0,60-64 years ,60-64,Non-Hispanic,2186-5,14354,C0242379,Malignant neoplasm of lung,C1513750,Multiple Cancer Sites,people_60-64_male_non-hispanic,vstat_C0242379_US_PRI_60-64_male_non-hispanic,US_PRI,United States and Puerto Rico,United States and Puerto Rico
,Lung and Bronchus,22030,Male,M,2006,2006.0,65-69 years,65-69,Hispanic,2135-2,666,C0242379,Malignant neoplasm of lung,C1513750,Multiple Cancer Sites,people_65-69_male_hispanic,vstat_C0242379_US_PRI_65-69_male_hispanic,US_PRI,United States and Puerto Rico,United States and Puerto Rico
,Lung and Bronchus,22030,Male,M,2006,2006.0,65-69 years,65-69,Non-Hispanic,2186-5,17390,C0242379,Malignant neoplasm of lung,C1513750,Multiple Cancer Sites,people_65-69_male_non-hispanic,vstat_C0242379_US_PRI_65-69_male_non-hispanic,US_PRI,United States and Puerto Rico,United States and Puerto Rico
,Lung and Bronchus,22030,Male,M,2006,2006.0,70-74 years,70-74,Hispanic,2135-2,747,C0242379,Malignant neoplasm of lung,C1513750,Multiple Cancer Sites,people_70-74_male_hispanic,vstat_C0242379_US_PRI_70-74_male_hispanic,US_PRI,United States and Puerto Rico,United States and Puerto Rico
,Lung and Bronchus,22030,Male,M,2006,2006.0,70-74 years,70-74,Non-Hispanic,2186-5,18399,C0242379,Malignant neoplasm of lung,C1513750,Multiple Cancer Sites,people_70-74_male_non-hispanic,vstat_C0242379_US_PRI_70-74_male_non-hispanic,US_PRI,United States and Puerto Rico,United States and Puerto Rico
,Lung and Bronchus,22030,Male,M,2006,2006.0,75-79 years,75-79,Hispanic,2135-2,617,C0242379,Malignant neoplasm of lung,C1513750,Multiple Cancer Sites,people_75-79_male_hispanic,vstat_C0242379_US_PRI_75-79_male_hispanic,US_PRI,United States and Puerto Rico,United States and Puerto Rico
,Lung and Bronchus,22030,Male,M,2006,2006.0,75-79 years,75-79,Non-Hispanic,2186-5,18027,C0242379,Malignant neoplasm of lung,C1513750,Multiple Cancer Sites,people_75-79_male_non-hispanic,vstat_C0242379_US_PRI_75-79_male_non-hispanic,US_PRI,United States and Puerto Rico,United States and Puerto Rico
,Lung and Bronchus,22030,Male,M,2006,2006.0,80-84 years,80-84,Hispanic,2135-2,476,C0242379,Malignant neoplasm of lung,C1513750,Multiple Cancer Sites,people_80-84_male_hispanic,vstat_C0242379_US_PRI_80-84_male_hispanic,US_PRI,United States and Puerto Rico,United States and Puerto Rico
,Lung and Bronchus,22030,Male,M,2006,2006.0,80-84 years,80-84,Non-Hispanic,2186-5,12682,C0242379,Malignant neoplasm of lung,C1513750,Multiple Cancer Sites,people_80-84_male_non-hispanic,vstat_C0242379_US_PRI_80-84_male_non-hispanic,US_PRI,United States and Puerto Rico,United States and Puerto Rico
,Lung and Bronchus,22030,Male,M,2006,2006.0,85+ years,85+,Hispanic,2135-2,251,C0242379,Malignant neoplasm of lung,C1513750,Multiple Cancer Sites,people_85+_male_hispanic,vstat_C0242379_US_PRI_85+_male_hispanic,US_PRI,United States and Puerto Rico,United States and Puerto Rico
,Lung and Bronchus,22030,Male,M,2006,2006.0,85+ years,85+,Non-Hispanic,2186-5,7224,C0242379,Malignant neoplasm of lung,C1513750,Multiple Cancer Sites,people_85+_male_non-hispanic,vstat_C0242379_US_PRI_85+_male_non-hispanic,US_PRI,United States and Puerto Rico,United States and Puerto Rico
,Lung and Bronchus,22030,Male,M,2007,2007.0,20-24 years,20-24,Non-Hispanic,2186-5,37,C0242379,Malignant neoplasm of lung,C1513750,Multiple Cancer Sites,people_20-24_male_non-hispanic,vstat_C0242379_US_PRI_20-24_male_non-hispanic,US_PRI,United States and Puerto Rico,United States and Puerto Rico
,Lung and Bronchus,22030,Male,M,2007,2007.0,25-29 years,25-29,Non-Hispanic,2186-5,57,C0242379,Malignant neoplasm of lung,C1513750,Multiple Cancer Sites,people_25-29_male_non-hispanic,vstat_C0242379_US_PRI_25-29_male_non-hispanic,US_PRI,United States and Puerto Rico,United States and Puerto Rico
,Lung and Bronchus,22030,Male,M,2007,2007.0,30-34 years,30-34,Non-Hispanic,2186-5,110,C0242379,Malignant neoplasm of lung,C1513750,Multiple Cancer Sites,people_30-34_male_non-hispanic,vstat_C0242379_US_PRI_30-34_male_non-hispanic,US_PRI,United States and Puerto Rico,United States and Puerto Rico
,Lung and Bronchus,22030,Male,M,2007,2007.0,35-39 years,35-39,Hispanic,2135-2,23,C0242379,Malignant neoplasm of lung,C1513750,Multiple Cancer Sites,people_35-39_male_hispanic,vstat_C0242379_US_PRI_35-39_male_hispanic,US_PRI,United States and Puerto Rico,United States and Puerto Rico
,Lung and Bronchus,22030,Male,M,2007,2007.0,35-39 years,35-39,Non-Hispanic,2186-5,292,C0242379,Malignant neoplasm of lung,C1513750,Multiple Cancer Sites,people_35-39_male_non-hispanic,vstat_C0242379_US_PRI_35-39_male_non-hispanic,US_PRI,United States and Puerto Rico,United States and Puerto Rico
,Lung and Bronchus,22030,Male,M,2007,2007.0,40-44 years,40-44,Hispanic,2135-2,82,C0242379,Malignant neoplasm of lung,C1513750,Multiple Cancer Sites,people_40-44_male_hispanic,vstat_C0242379_US_PRI_40-44_male_hispanic,US_PRI,United States and Puerto Rico,United States and Puerto Rico
,Lung and Bronchus,22030,Male,M,2007,2007.0,40-44 years,40-44,Non-Hispanic,2186-5,1147,C0242379,Malignant neoplasm of lung,C1513750,Multiple Cancer Sites,people_40-44_male_non-hispanic,vstat_C0242379_US_PRI_40-44_male_non-hispanic,US_PRI,United States and Puerto Rico,United States and Puerto Rico
,Lung and Bronchus,22030,Male,M,2007,2007.0,45-49 years,45-49,Hispanic,2135-2,160,C0242379,Malignant neoplasm of lung,C1513750,Multiple Cancer Sites,people_45-49_male_hispanic,vstat_C0242379_US_PRI_45-49_male_hispanic,US_PRI,United States and Puerto Rico,United States and Puerto Rico
,Lung and Bronchus,22030,Male,M,2007,2007.0,45-49 years,45-49,Non-Hispanic,2186-5,3350,C0242379,Malignant neoplasm of lung,C1513750,Multiple Cancer Sites,people_45-49_male_non-hispanic,vstat_C0242379_US_PRI_45-49_male_non-hispanic,US_PRI,United States and Puerto Rico,United States and Puerto Rico
,Lung and Bronchus,22030,Male,M,2007,2007.0,50-54 years,50-54,Hispanic,2135-2,310,C0242379,Malignant neoplasm of lung,C1513750,Multiple Cancer Sites,people_50-54_male_hispanic,vstat_C0242379_US_PRI_50-54_male_hispanic,US_PRI,United States and Puerto Rico,United States and Puerto Rico
,Lung and Bronchus,22030,Male,M,2007,2007.0,50-54 years,50-54,Non-Hispanic,2186-5,6550,C0242379,Malignant neoplasm of lung,C1513750,Multiple Cancer Sites,people_50-54_male_non-hispanic,vstat_C0242379_US_PRI_50-54_male_non-hispanic,US_PRI,United States and Puerto Rico,United States and Puerto Rico
,Lung and Bronchus,22030,Male,M,2007,2007.0,55-59 years,55-59,Hispanic,2135-2,416,C0242379,Malignant neoplasm of lung,C1513750,Multiple Cancer Sites,people_55-59_male_hispanic,vstat_C0242379_US_PRI_55-59_male_hispanic,US_PRI,United States and Puerto Rico,United States and Puerto Rico
,Lung and Bronchus,22030,Male,M,2007,2007.0,55-59 years,55-59,Non-Hispanic,2186-5,10310,C0242379,Malignant neoplasm of lung,C1513750,Multiple Cancer Sites,people_55-59_male_non-hispanic,vstat_C0242379_US_PRI_55-59_male_non-hispanic,US_PRI,United States and Puerto Rico,United States and Puerto Rico
,Lung and Bronchus,22030,Male,M,2007,2007.0,60-64 years ,60-64,Hispanic,2135-2,545,C0242379,Malignant neoplasm of lung,C1513750,Multiple Cancer Sites,people_60-64_male_hispanic,vstat_C0242379_US_PRI_60-64_male_hispanic,US_PRI,United States and Puerto Rico,United States and Puerto Rico
,Lung and Bronchus,22030,Male,M,2007,2007.0,60-64 years ,60-64,Non-Hispanic,2186-5,14682,C0242379,Malignant neoplasm of lung,C1513750,Multiple Cancer Sites,people_60-64_male_non-hispanic,vstat_C0242379_US_PRI_60-64_male_non-hispanic,US_PRI,United States and Puerto Rico,United States and Puerto Rico
,Lung and Bronchus,22030,Male,M,2007,2007.0,65-69 years,65-69,Hispanic,2135-2,732,C0242379,Malignant neoplasm of lung,C1513750,Multiple Cancer Sites,people_65-69_male_hispanic,vstat_C0242379_US_PRI_65-69_male_hispanic,US_PRI,United States and Puerto Rico,United States and Puerto Rico
,Lung and Bronchus,22030,Male,M,2007,2007.0,65-69 years,65-69,Non-Hispanic,2186-5,17635,C0242379,Malignant neoplasm of lung,C1513750,Multiple Cancer Sites,people_65-69_male_non-hispanic,vstat_C0242379_US_PRI_65-69_male_non-hispanic,US_PRI,United States and Puerto Rico,United States and Puerto Rico
,Lung and Bronchus,22030,Male,M,2007,2007.0,70-74 years,70-74,Hispanic,2135-2,743,C0242379,Malignant neoplasm of lung,C1513750,Multiple Cancer Sites,people_70-74_male_hispanic,vstat_C0242379_US_PRI_70-74_male_hispanic,US_PRI,United States and Puerto Rico,United States and Puerto Rico
,Lung and Bronchus,22030,Male,M,2007,2007.0,70-74 years,70-74,Non-Hispanic,2186-5,18253,C0242379,Malignant neoplasm of lung,C1513750,Multiple Cancer Sites,people_70-74_male_non-hispanic,vstat_C0242379_US_PRI_70-74_male_non-hispanic,US_PRI,United States and Puerto Rico,United States and Puerto Rico
,Lung and Bronchus,22030,Male,M,2007,2007.0,75-79 years,75-79,Hispanic,2135-2,680,C0242379,Malignant neoplasm of lung,C1513750,Multiple Cancer Sites,people_75-79_male_hispanic,vstat_C0242379_US_PRI_75-79_male_hispanic,US_PRI,United States and Puerto Rico,United States and Puerto Rico
,Lung and Bronchus,22030,Male,M,2007,2007.0,75-79 years,75-79,Non-Hispanic,2186-5,18056,C0242379,Malignant neoplasm of lung,C1513750,Multiple Cancer Sites,people_75-79_male_non-hispanic,vstat_C0242379_US_PRI_75-79_male_non-hispanic,US_PRI,United States and Puerto Rico,United States and Puerto Rico
,Lung and Bronchus,22030,Male,M,2007,2007.0,80-84 years,80-84,Hispanic,2135-2,498,C0242379,Malignant neoplasm of lung,C1513750,Multiple Cancer Sites,people_80-84_male_hispanic,vstat_C0242379_US_PRI_80-84_male_hispanic,US_PRI,United States and Puerto Rico,United States and Puerto Rico
,Lung and Bronchus,22030,Male,M,2007,2007.0,80-84 years,80-84,Non-Hispanic,2186-5,12599,C0242379,Malignant neoplasm of lung,C1513750,Multiple Cancer Sites,people_80-84_male_non-hispanic,vstat_C0242379_US_PRI_80-84_male_non-hispanic,US_PRI,United States and Puerto Rico,United States and Puerto Rico
,Lung and Bronchus,22030,Male,M,2007,2007.0,85+ years,85+,Hispanic,2135-2,288,C0242379,Malignant neoplasm of lung,C1513750,Multiple Cancer Sites,people_85+_male_hispanic,vstat_C0242379_US_PRI_85+_male_hispanic,US_PRI,United States and Puerto Rico,United States and Puerto Rico
,Lung and Bronchus,22030,Male,M,2007,2007.0,85+ years,85+,Non-Hispanic,2186-5,7682,C0242379,Malignant neoplasm of lung,C1513750,Multiple Cancer Sites,people_85+_male_non-hispanic,vstat_C0242379_US_PRI_85+_male_non-hispanic,US_PRI,United States and Puerto Rico,United States and Puerto Rico
,Lung and Bronchus,22030,Male,M,2008,2008.0,15-19 years,15-19,Non-Hispanic,2186-5,19,C0242379,Malignant neoplasm of lung,C1513750,Multiple Cancer Sites,people_15-19_male_non-hispanic,vstat_C0242379_US_PRI_15-19_male_non-hispanic,US_PRI,United States and Puerto Rico,United States and Puerto Rico
,Lung and Bronchus,22030,Male,M,2008,2008.0,20-24 years,20-24,Non-Hispanic,2186-5,33,C0242379,Malignant neoplasm of lung,C1513750,Multiple Cancer Sites,people_20-24_male_non-hispanic,vstat_C0242379_US_PRI_20-24_male_non-hispanic,US_PRI,United States and Puerto Rico,United States and Puerto Rico
,Lung and Bronchus,22030,Male,M,2008,2008.0,25-29 years,25-29,Non-Hispanic,2186-5,52,C0242379,Malignant neoplasm of lung,C1513750,Multiple Cancer Sites,people_25-29_male_non-hispanic,vstat_C0242379_US_PRI_25-29_male_non-hispanic,US_PRI,United States and Puerto Rico,United States and Puerto Rico
,Lung and Bronchus,22030,Male,M,2008,2008.0,30-34 years,30-34,Hispanic,2135-2,17,C0242379,Malignant neoplasm of lung,C1513750,Multiple Cancer Sites,people_30-34_male_hispanic,vstat_C0242379_US_PRI_30-34_male_hispanic,US_PRI,United States and Puerto Rico,United States and Puerto Rico
,Lung and Bronchus,22030,Male,M,2008,2008.0,30-34 years,30-34,Non-Hispanic,2186-5,109,C0242379,Malignant neoplasm of lung,C1513750,Multiple Cancer Sites,people_30-34_male_non-hispanic,vstat_C0242379_US_PRI_30-34_male_non-hispanic,US_PRI,United States and Puerto Rico,United States and Puerto Rico
,Lung and Bronchus,22030,Male,M,2008,2008.0,35-39 years,35-39,Hispanic,2135-2,40,C0242379,Malignant neoplasm of lung,C1513750,Multiple Cancer Sites,people_35-39_male_hispanic,vstat_C0242379_US_PRI_35-39_male_hispanic,US_PRI,United States and Puerto Rico,United States and Puerto Rico
,Lung and Bronchus,22030,Male,M,2008,2008.0,35-39 years,35-39,Non-Hispanic,2186-5,316,C0242379,Malignant neoplasm of lung,C1513750,Multiple Cancer Sites,people_35-39_male_non-hispanic,vstat_C0242379_US_PRI_35-39_male_non-hispanic,US_PRI,United States and Puerto Rico,United States and Puerto Rico
,Lung and Bronchus,22030,Male,M,2008,2008.0,40-44 years,40-44,Hispanic,2135-2,73,C0242379,Malignant neoplasm of lung,C1513750,Multiple Cancer Sites,people_40-44_male_hispanic,vstat_C0242379_US_PRI_40-44_male_hispanic,US_PRI,United States and Puerto Rico,United States and Puerto Rico
,Lung and Bronchus,22030,Male,M,2008,2008.0,40-44 years,40-44,Non-Hispanic,2186-5,1009,C0242379,Malignant neoplasm of lung,C1513750,Multiple Cancer Sites,people_40-44_male_non-hispanic,vstat_C0242379_US_PRI_40-44_male_non-hispanic,US_PRI,United States and Puerto Rico,United States and Puerto Rico
,Lung and Bronchus,22030,Male,M,2008,2008.0,45-49 years,45-49,Hispanic,2135-2,134,C0242379,Malignant neoplasm of lung,C1513750,Multiple Cancer Sites,people_45-49_male_hispanic,vstat_C0242379_US_PRI_45-49_male_hispanic,US_PRI,United States and Puerto Rico,United States and Puerto Rico
,Lung and Bronchus,22030,Male,M,2008,2008.0,45-49 years,45-49,Non-Hispanic,2186-5,3333,C0242379,Malignant neoplasm of lung,C1513750,Multiple Cancer Sites,people_45-49_male_non-hispanic,vstat_C0242379_US_PRI_45-49_male_non-hispanic,US_PRI,United States and Puerto Rico,United States and Puerto Rico
,Lung and Bronchus,22030,Male,M,2008,2008.0,50-54 years,50-54,Hispanic,2135-2,301,C0242379,Malignant neoplasm of lung,C1513750,Multiple Cancer Sites,people_50-54_male_hispanic,vstat_C0242379_US_PRI_50-54_male_hispanic,US_PRI,United States and Puerto Rico,United States and Puerto Rico
,Lung and Bronchus,22030,Male,M,2008,2008.0,50-54 years,50-54,Non-Hispanic,2186-5,6767,C0242379,Malignant neoplasm of lung,C1513750,Multiple Cancer Sites,people_50-54_male_non-hispanic,vstat_C0242379_US_PRI_50-54_male_non-hispanic,US_PRI,United States and Puerto Rico,United States and Puerto Rico
,Lung and Bronchus,22030,Male,M,2008,2008.0,55-59 years,55-59,Hispanic,2135-2,431,C0242379,Malignant neoplasm of lung,C1513750,Multiple Cancer Sites,people_55-59_male_hispanic,vstat_C0242379_US_PRI_55-59_male_hispanic,US_PRI,United States and Puerto Rico,United States and Puerto Rico
,Lung and Bronchus,22030,Male,M,2008,2008.0,55-59 years,55-59,Non-Hispanic,2186-5,10417,C0242379,Malignant neoplasm of lung,C1513750,Multiple Cancer Sites,people_55-59_male_non-hispanic,vstat_C0242379_US_PRI_55-59_male_non-hispanic,US_PRI,United States and Puerto Rico,United States and Puerto Rico
,Lung and Bronchus,22030,Male,M,2008,2008.0,60-64 years ,60-64,Hispanic,2135-2,565,C0242379,Malignant neoplasm of lung,C1513750,Multiple Cancer Sites,people_60-64_male_hispanic,vstat_C0242379_US_PRI_60-64_male_hispanic,US_PRI,United States and Puerto Rico,United States and Puerto Rico
,Lung and Bronchus,22030,Male,M,2008,2008.0,60-64 years ,60-64,Non-Hispanic,2186-5,14953,C0242379,Malignant neoplasm of lung,C1513750,Multiple Cancer Sites,people_60-64_male_non-hispanic,vstat_C0242379_US_PRI_60-64_male_non-hispanic,US_PRI,United States and Puerto Rico,United States and Puerto Rico
,Lung and Bronchus,22030,Male,M,2008,2008.0,65-69 years,65-69,Hispanic,2135-2,741,C0242379,Malignant neoplasm of lung,C1513750,Multiple Cancer Sites,people_65-69_male_hispanic,vstat_C0242379_US_PRI_65-69_male_hispanic,US_PRI,United States and Puerto Rico,United States and Puerto Rico
,Lung and Bronchus,22030,Male,M,2008,2008.0,65-69 years,65-69,Non-Hispanic,2186-5,18328,C0242379,Malignant neoplasm of lung,C1513750,Multiple Cancer Sites,people_65-69_male_non-hispanic,vstat_C0242379_US_PRI_65-69_male_non-hispanic,US_PRI,United States and Puerto Rico,United States and Puerto Rico
,Lung and Bronchus,22030,Male,M,2008,2008.0,70-74 years,70-74,Hispanic,2135-2,738,C0242379,Malignant neoplasm of lung,C1513750,Multiple Cancer Sites,people_70-74_male_hispanic,vstat_C0242379_US_PRI_70-74_male_hispanic,US_PRI,United States and Puerto Rico,United States and Puerto Rico
,Lung and Bronchus,22030,Male,M,2008,2008.0,70-74 years,70-74,Non-Hispanic,2186-5,18355,C0242379,Malignant neoplasm of lung,C1513750,Multiple Cancer Sites,people_70-74_male_non-hispanic,vstat_C0242379_US_PRI_70-74_male_non-hispanic,US_PRI,United States and Puerto Rico,United States and Puerto Rico
,Lung and Bronchus,22030,Male,M,2008,2008.0,75-79 years,75-79,Hispanic,2135-2,723,C0242379,Malignant neoplasm of lung,C1513750,Multiple Cancer Sites,people_75-79_male_hispanic,vstat_C0242379_US_PRI_75-79_male_hispanic,US_PRI,United States and Puerto Rico,United States and Puerto Rico
,Lung and Bronchus,22030,Male,M,2008,2008.0,75-79 years,75-79,Non-Hispanic,2186-5,17184,C0242379,Malignant neoplasm of lung,C1513750,Multiple Cancer Sites,people_75-79_male_non-hispanic,vstat_C0242379_US_PRI_75-79_male_non-hispanic,US_PRI,United States and Puerto Rico,United States and Puerto Rico
,Lung and Bronchus,22030,Male,M,2008,2008.0,80-84 years,80-84,Hispanic,2135-2,504,C0242379,Malignant neoplasm of lung,C1513750,Multiple Cancer Sites,people_80-84_male_hispanic,vstat_C0242379_US_PRI_80-84_male_hispanic,US_PRI,United States and Puerto Rico,United States and Puerto Rico
,Lung and Bronchus,22030,Male,M,2008,2008.0,80-84 years,80-84,Non-Hispanic,2186-5,12926,C0242379,Malignant neoplasm of lung,C1513750,Multiple Cancer Sites,people_80-84_male_non-hispanic,vstat_C0242379_US_PRI_80-84_male_non-hispanic,US_PRI,United States and Puerto Rico,United States and Puerto Rico
,Lung and Bronchus,22030,Male,M,2008,2008.0,85+ years,85+,Hispanic,2135-2,313,C0242379,Malignant neoplasm of lung,C1513750,Multiple Cancer Sites,people_85+_male_hispanic,vstat_C0242379_US_PRI_85+_male_hispanic,US_PRI,United States and Puerto Rico,United States and Puerto Rico
,Lung and Bronchus,22030,Male,M,2008,2008.0,85+ years,85+,Non-Hispanic,2186-5,7960,C0242379,Malignant neoplasm of lung,C1513750,Multiple Cancer Sites,people_85+_male_non-hispanic,vstat_C0242379_US_PRI_85+_male_non-hispanic,US_PRI,United States and Puerto Rico,United States and Puerto Rico
,Lung and Bronchus,22030,Male,M,2009,2009.0,15-19 years,15-19,Non-Hispanic,2186-5,18,C0242379,Malignant neoplasm of lung,C1513750,Multiple Cancer Sites,people_15-19_male_non-hispanic,vstat_C0242379_US_PRI_15-19_male_non-hispanic,US_PRI,United States and Puerto Rico,United States and Puerto Rico
,Lung and Bronchus,22030,Male,M,2009,2009.0,20-24 years,20-24,Non-Hispanic,2186-5,21,C0242379,Malignant neoplasm of lung,C1513750,Multiple Cancer Sites,people_20-24_male_non-hispanic,vstat_C0242379_US_PRI_20-24_male_non-hispanic,US_PRI,United States and Puerto Rico,United States and Puerto Rico
,Lung and Bronchus,22030,Male,M,2009,2009.0,25-29 years,25-29,Non-Hispanic,2186-5,46,C0242379,Malignant neoplasm of lung,C1513750,Multiple Cancer Sites,people_25-29_male_non-hispanic,vstat_C0242379_US_PRI_25-29_male_non-hispanic,US_PRI,United States and Puerto Rico,United States and Puerto Rico
,Lung and Bronchus,22030,Male,M,2009,2009.0,30-34 years,30-34,Non-Hispanic,2186-5,115,C0242379,Malignant neoplasm of lung,C1513750,Multiple Cancer Sites,people_30-34_male_non-hispanic,vstat_C0242379_US_PRI_30-34_male_non-hispanic,US_PRI,United States and Puerto Rico,United States and Puerto Rico
,Lung and Bronchus,22030,Male,M,2009,2009.0,35-39 years,35-39,Hispanic,2135-2,32,C0242379,Malignant neoplasm of lung,C1513750,Multiple Cancer Sites,people_35-39_male_hispanic,vstat_C0242379_US_PRI_35-39_male_hispanic,US_PRI,United States and Puerto Rico,United States and Puerto Rico
,Lung and Bronchus,22030,Male,M,2009,2009.0,35-39 years,35-39,Non-Hispanic,2186-5,289,C0242379,Malignant neoplasm of lung,C1513750,Multiple Cancer Sites,people_35-39_male_non-hispanic,vstat_C0242379_US_PRI_35-39_male_non-hispanic,US_PRI,United States and Puerto Rico,United States and Puerto Rico
,Lung and Bronchus,22030,Male,M,2009,2009.0,40-44 years,40-44,Hispanic,2135-2,78,C0242379,Malignant neoplasm of lung,C1513750,Multiple Cancer Sites,people_40-44_male_hispanic,vstat_C0242379_US_PRI_40-44_male_hispanic,US_PRI,United States and Puerto Rico,United States and Puerto Rico
,Lung and Bronchus,22030,Male,M,2009,2009.0,40-44 years,40-44,Non-Hispanic,2186-5,902,C0242379,Malignant neoplasm of lung,C1513750,Multiple Cancer Sites,people_40-44_male_non-hispanic,vstat_C0242379_US_PRI_40-44_male_non-hispanic,US_PRI,United States and Puerto Rico,United States and Puerto Rico
,Lung and Bronchus,22030,Male,M,2009,2009.0,45-49 years,45-49,Hispanic,2135-2,155,C0242379,Malignant neoplasm of lung,C1513750,Multiple Cancer Sites,people_45-49_male_hispanic,vstat_C0242379_US_PRI_45-49_male_hispanic,US_PRI,United States and Puerto Rico,United States and Puerto Rico
,Lung and Bronchus,22030,Male,M,2009,2009.0,45-49 years,45-49,Non-Hispanic,2186-5,3061,C0242379,Malignant neoplasm of lung,C1513750,Multiple Cancer Sites,people_45-49_male_non-hispanic,vstat_C0242379_US_PRI_45-49_male_non-hispanic,US_PRI,United States and Puerto Rico,United States and Puerto Rico
,Lung and Bronchus,22030,Male,M,2009,2009.0,50-54 years,50-54,Hispanic,2135-2,295,C0242379,Malignant neoplasm of lung,C1513750,Multiple Cancer Sites,people_50-54_male_hispanic,vstat_C0242379_US_PRI_50-54_male_hispanic,US_PRI,United States and Puerto Rico,United States and Puerto Rico
,Lung and Bronchus,22030,Male,M,2009,2009.0,50-54 years,50-54,Non-Hispanic,2186-5,6647,C0242379,Malignant neoplasm of lung,C1513750,Multiple Cancer Sites,people_50-54_male_non-hispanic,vstat_C0242379_US_PRI_50-54_male_non-hispanic,US_PRI,United States and Puerto Rico,United States and Puerto Rico
,Lung and Bronchus,22030,Male,M,2009,2009.0,55-59 years,55-59,Hispanic,2135-2,434,C0242379,Malignant neoplasm of lung,C1513750,Multiple Cancer Sites,people_55-59_male_hispanic,vstat_C0242379_US_PRI_55-59_male_hispanic,US_PRI,United States and Puerto Rico,United States and Puerto Rico
,Lung and Bronchus,22030,Male,M,2009,2009.0,55-59 years,55-59,Non-Hispanic,2186-5,10432,C0242379,Malignant neoplasm of lung,C1513750,Multiple Cancer Sites,people_55-59_male_non-hispanic,vstat_C0242379_US_PRI_55-59_male_non-hispanic,US_PRI,United States and Puerto Rico,United States and Puerto Rico
,Lung and Bronchus,22030,Male,M,2009,2009.0,60-64 years ,60-64,Hispanic,2135-2,595,C0242379,Malignant neoplasm of lung,C1513750,Multiple Cancer Sites,people_60-64_male_hispanic,vstat_C0242379_US_PRI_60-64_male_hispanic,US_PRI,United States and Puerto Rico,United States and Puerto Rico
,Lung and Bronchus,22030,Male,M,2009,2009.0,60-64 years ,60-64,Non-Hispanic,2186-5,14818,C0242379,Malignant neoplasm of lung,C1513750,Multiple Cancer Sites,people_60-64_male_non-hispanic,vstat_C0242379_US_PRI_60-64_male_non-hispanic,US_PRI,United States and Puerto Rico,United States and Puerto Rico
,Lung and Bronchus,22030,Male,M,2009,2009.0,65-69 years,65-69,Hispanic,2135-2,724,C0242379,Malignant neoplasm of lung,C1513750,Multiple Cancer Sites,people_65-69_male_hispanic,vstat_C0242379_US_PRI_65-69_male_hispanic,US_PRI,United States and Puerto Rico,United States and Puerto Rico
,Lung and Bronchus,22030,Male,M,2009,2009.0,65-69 years,65-69,Non-Hispanic,2186-5,18707,C0242379,Malignant neoplasm of lung,C1513750,Multiple Cancer Sites,people_65-69_male_non-hispanic,vstat_C0242379_US_PRI_65-69_male_non-hispanic,US_PRI,United States and Puerto Rico,United States and Puerto Rico
,Lung and Bronchus,22030,Male,M,2009,2009.0,70-74 years,70-74,Hispanic,2135-2,769,C0242379,Malignant neoplasm of lung,C1513750,Multiple Cancer Sites,people_70-74_male_hispanic,vstat_C0242379_US_PRI_70-74_male_hispanic,US_PRI,United States and Puerto Rico,United States and Puerto Rico
,Lung and Bronchus,22030,Male,M,2009,2009.0,70-74 years,70-74,Non-Hispanic,2186-5,18229,C0242379,Malignant neoplasm of lung,C1513750,Multiple Cancer Sites,people_70-74_male_non-hispanic,vstat_C0242379_US_PRI_70-74_male_non-hispanic,US_PRI,United States and Puerto Rico,United States and Puerto Rico
,Lung and Bronchus,22030,Male,M,2009,2009.0,75-79 years,75-79,Hispanic,2135-2,754,C0242379,Malignant neoplasm of lung,C1513750,Multiple Cancer Sites,people_75-79_male_hispanic,vstat_C0242379_US_PRI_75-79_male_hispanic,US_PRI,United States and Puerto Rico,United States and Puerto Rico
,Lung and Bronchus,22030,Male,M,2009,2009.0,75-79 years,75-79,Non-Hispanic,2186-5,16851,C0242379,Malignant neoplasm of lung,C1513750,Multiple Cancer Sites,people_75-79_male_non-hispanic,vstat_C0242379_US_PRI_75-79_male_non-hispanic,US_PRI,United States and Puerto Rico,United States and Puerto Rico
,Lung and Bronchus,22030,Male,M,2009,2009.0,80-84 years,80-84,Hispanic,2135-2,514,C0242379,Malignant neoplasm of lung,C1513750,Multiple Cancer Sites,people_80-84_male_hispanic,vstat_C0242379_US_PRI_80-84_male_hispanic,US_PRI,United States and Puerto Rico,United States and Puerto Rico
,Lung and Bronchus,22030,Male,M,2009,2009.0,80-84 years,80-84,Non-Hispanic,2186-5,13116,C0242379,Malignant neoplasm of lung,C1513750,Multiple Cancer Sites,people_80-84_male_non-hispanic,vstat_C0242379_US_PRI_80-84_male_non-hispanic,US_PRI,United States and Puerto Rico,United States and Puerto Rico
,Lung and Bronchus,22030,Male,M,2009,2009.0,85+ years,85+,Hispanic,2135-2,316,C0242379,Malignant neoplasm of lung,C1513750,Multiple Cancer Sites,people_85+_male_hispanic,vstat_C0242379_US_PRI_85+_male_hispanic,US_PRI,United States and Puerto Rico,United States and Puerto Rico
,Lung and Bronchus,22030,Male,M,2009,2009.0,85+ years,85+,Non-Hispanic,2186-5,8150,C0242379,Malignant neoplasm of lung,C1513750,Multiple Cancer Sites,people_85+_male_non-hispanic,vstat_C0242379_US_PRI_85+_male_non-hispanic,US_PRI,United States and Puerto Rico,United States and Puerto Rico
,Lung and Bronchus,22030,Male,M,2010,2010.0,20-24 years,20-24,Non-Hispanic,2186-5,33,C0242379,Malignant neoplasm of lung,C1513750,Multiple Cancer Sites,people_20-24_male_non-hispanic,vstat_C0242379_US_PRI_20-24_male_non-hispanic,US_PRI,United States and Puerto Rico,United States and Puerto Rico
,Lung and Bronchus,22030,Male,M,2010,2010.0,25-29 years,25-29,Non-Hispanic,2186-5,46,C0242379,Malignant neoplasm of lung,C1513750,Multiple Cancer Sites,people_25-29_male_non-hispanic,vstat_C0242379_US_PRI_25-29_male_non-hispanic,US_PRI,United States and Puerto Rico,United States and Puerto Rico
,Lung and Bronchus,22030,Male,M,2010,2010.0,30-34 years,30-34,Hispanic,2135-2,25,C0242379,Malignant neoplasm of lung,C1513750,Multiple Cancer Sites,people_30-34_male_hispanic,vstat_C0242379_US_PRI_30-34_male_hispanic,US_PRI,United States and Puerto Rico,United States and Puerto Rico
,Lung and Bronchus,22030,Male,M,2010,2010.0,30-34 years,30-34,Non-Hispanic,2186-5,111,C0242379,Malignant neoplasm of lung,C1513750,Multiple Cancer Sites,people_30-34_male_non-hispanic,vstat_C0242379_US_PRI_30-34_male_non-hispanic,US_PRI,United States and Puerto Rico,United States and Puerto Rico
,Lung and Bronchus,22030,Male,M,2010,2010.0,35-39 years,35-39,Hispanic,2135-2,42,C0242379,Malignant neoplasm of lung,C1513750,Multiple Cancer Sites,people_35-39_male_hispanic,vstat_C0242379_US_PRI_35-39_male_hispanic,US_PRI,United States and Puerto Rico,United States and Puerto Rico
,Lung and Bronchus,22030,Male,M,2010,2010.0,35-39 years,35-39,Non-Hispanic,2186-5,256,C0242379,Malignant neoplasm of lung,C1513750,Multiple Cancer Sites,people_35-39_male_non-hispanic,vstat_C0242379_US_PRI_35-39_male_non-hispanic,US_PRI,United States and Puerto Rico,United States and Puerto Rico
,Lung and Bronchus,22030,Male,M,2010,2010.0,40-44 years,40-44,Hispanic,2135-2,50,C0242379,Malignant neoplasm of lung,C1513750,Multiple Cancer Sites,people_40-44_male_hispanic,vstat_C0242379_US_PRI_40-44_male_hispanic,US_PRI,United States and Puerto Rico,United States and Puerto Rico
,Lung and Bronchus,22030,Male,M,2010,2010.0,40-44 years,40-44,Non-Hispanic,2186-5,799,C0242379,Malignant neoplasm of lung,C1513750,Multiple Cancer Sites,people_40-44_male_non-hispanic,vstat_C0242379_US_PRI_40-44_male_non-hispanic,US_PRI,United States and Puerto Rico,United States and Puerto Rico
,Lung and Bronchus,22030,Male,M,2010,2010.0,45-49 years,45-49,Hispanic,2135-2,147,C0242379,Malignant neoplasm of lung,C1513750,Multiple Cancer Sites,people_45-49_male_hispanic,vstat_C0242379_US_PRI_45-49_male_hispanic,US_PRI,United States and Puerto Rico,United States and Puerto Rico
,Lung and Bronchus,22030,Male,M,2010,2010.0,45-49 years,45-49,Non-Hispanic,2186-5,2814,C0242379,Malignant neoplasm of lung,C1513750,Multiple Cancer Sites,people_45-49_male_non-hispanic,vstat_C0242379_US_PRI_45-49_male_non-hispanic,US_PRI,United States and Puerto Rico,United States and Puerto Rico
,Lung and Bronchus,22030,Male,M,2010,2010.0,50-54 years,50-54,Hispanic,2135-2,280,C0242379,Malignant neoplasm of lung,C1513750,Multiple Cancer Sites,people_50-54_male_hispanic,vstat_C0242379_US_PRI_50-54_male_hispanic,US_PRI,United States and Puerto Rico,United States and Puerto Rico
,Lung and Bronchus,22030,Male,M,2010,2010.0,50-54 years,50-54,Non-Hispanic,2186-5,6653,C0242379,Malignant neoplasm of lung,C1513750,Multiple Cancer Sites,people_50-54_male_non-hispanic,vstat_C0242379_US_PRI_50-54_male_non-hispanic,US_PRI,United States and Puerto Rico,United States and Puerto Rico
,Lung and Bronchus,22030,Male,M,2010,2010.0,55-59 years,55-59,Hispanic,2135-2,427,C0242379,Malignant neoplasm of lung,C1513750,Multiple Cancer Sites,people_55-59_male_hispanic,vstat_C0242379_US_PRI_55-59_male_hispanic,US_PRI,United States and Puerto Rico,United States and Puerto Rico
,Lung and Bronchus,22030,Male,M,2010,2010.0,55-59 years,55-59,Non-Hispanic,2186-5,10519,C0242379,Malignant neoplasm of lung,C1513750,Multiple Cancer Sites,people_55-59_male_non-hispanic,vstat_C0242379_US_PRI_55-59_male_non-hispanic,US_PRI,United States and Puerto Rico,United States and Puerto Rico
,Lung and Bronchus,22030,Male,M,2010,2010.0,60-64 years ,60-64,Hispanic,2135-2,596,C0242379,Malignant neoplasm of lung,C1513750,Multiple Cancer Sites,people_60-64_male_hispanic,vstat_C0242379_US_PRI_60-64_male_hispanic,US_PRI,United States and Puerto Rico,United States and Puerto Rico
,Lung and Bronchus,22030,Male,M,2010,2010.0,60-64 years ,60-64,Non-Hispanic,2186-5,14712,C0242379,Malignant neoplasm of lung,C1513750,Multiple Cancer Sites,people_60-64_male_non-hispanic,vstat_C0242379_US_PRI_60-64_male_non-hispanic,US_PRI,United States and Puerto Rico,United States and Puerto Rico
,Lung and Bronchus,22030,Male,M,2010,2010.0,65-69 years,65-69,Hispanic,2135-2,781,C0242379,Malignant neoplasm of lung,C1513750,Multiple Cancer Sites,people_65-69_male_hispanic,vstat_C0242379_US_PRI_65-69_male_hispanic,US_PRI,United States and Puerto Rico,United States and Puerto Rico
,Lung and Bronchus,22030,Male,M,2010,2010.0,65-69 years,65-69,Non-Hispanic,2186-5,18300,C0242379,Malignant neoplasm of lung,C1513750,Multiple Cancer Sites,people_65-69_male_non-hispanic,vstat_C0242379_US_PRI_65-69_male_non-hispanic,US_PRI,United States and Puerto Rico,United States and Puerto Rico
,Lung and Bronchus,22030,Male,M,2010,2010.0,70-74 years,70-74,Hispanic,2135-2,738,C0242379,Malignant neoplasm of lung,C1513750,Multiple Cancer Sites,people_70-74_male_hispanic,vstat_C0242379_US_PRI_70-74_male_hispanic,US_PRI,United States and Puerto Rico,United States and Puerto Rico
,Lung and Bronchus,22030,Male,M,2010,2010.0,70-74 years,70-74,Non-Hispanic,2186-5,18054,C0242379,Malignant neoplasm of lung,C1513750,Multiple Cancer Sites,people_70-74_male_non-hispanic,vstat_C0242379_US_PRI_70-74_male_non-hispanic,US_PRI,United States and Puerto Rico,United States and Puerto Rico
,Lung and Bronchus,22030,Male,M,2010,2010.0,75-79 years,75-79,Hispanic,2135-2,740,C0242379,Malignant neoplasm of lung,C1513750,Multiple Cancer Sites,people_75-79_male_hispanic,vstat_C0242379_US_PRI_75-79_male_hispanic,US_PRI,United States and Puerto Rico,United States and Puerto Rico
,Lung and Bronchus,22030,Male,M,2010,2010.0,75-79 years,75-79,Non-Hispanic,2186-5,16483,C0242379,Malignant neoplasm of lung,C1513750,Multiple Cancer Sites,people_75-79_male_non-hispanic,vstat_C0242379_US_PRI_75-79_male_non-hispanic,US_PRI,United States and Puerto Rico,United States and Puerto Rico
,Lung and Bronchus,22030,Male,M,2010,2010.0,80-84 years,80-84,Hispanic,2135-2,548,C0242379,Malignant neoplasm of lung,C1513750,Multiple Cancer Sites,people_80-84_male_hispanic,vstat_C0242379_US_PRI_80-84_male_hispanic,US_PRI,United States and Puerto Rico,United States and Puerto Rico
,Lung and Bronchus,22030,Male,M,2010,2010.0,80-84 years,80-84,Non-Hispanic,2186-5,12555,C0242379,Malignant neoplasm of lung,C1513750,Multiple Cancer Sites,people_80-84_male_non-hispanic,vstat_C0242379_US_PRI_80-84_male_non-hispanic,US_PRI,United States and Puerto Rico,United States and Puerto Rico
,Lung and Bronchus,22030,Male,M,2010,2010.0,85+ years,85+,Hispanic,2135-2,350,C0242379,Malignant neoplasm of lung,C1513750,Multiple Cancer Sites,people_85+_male_hispanic,vstat_C0242379_US_PRI_85+_male_hispanic,US_PRI,United States and Puerto Rico,United States and Puerto Rico
,Lung and Bronchus,22030,Male,M,2010,2010.0,85+ years,85+,Non-Hispanic,2186-5,8211,C0242379,Malignant neoplasm of lung,C1513750,Multiple Cancer Sites,people_85+_male_non-hispanic,vstat_C0242379_US_PRI_85+_male_non-hispanic,US_PRI,United States and Puerto Rico,United States and Puerto Rico
,Lung and Bronchus,22030,Male,M,2011,2011.0,20-24 years,20-24,Non-Hispanic,2186-5,43,C0242379,Malignant neoplasm of lung,C1513750,Multiple Cancer Sites,people_20-24_male_non-hispanic,vstat_C0242379_US_PRI_20-24_male_non-hispanic,US_PRI,United States and Puerto Rico,United States and Puerto Rico
,Lung and Bronchus,22030,Male,M,2011,2011.0,25-29 years,25-29,Non-Hispanic,2186-5,59,C0242379,Malignant neoplasm of lung,C1513750,Multiple Cancer Sites,people_25-29_male_non-hispanic,vstat_C0242379_US_PRI_25-29_male_non-hispanic,US_PRI,United States and Puerto Rico,United States and Puerto Rico
,Lung and Bronchus,22030,Male,M,2011,2011.0,30-34 years,30-34,Hispanic,2135-2,22,C0242379,Malignant neoplasm of lung,C1513750,Multiple Cancer Sites,people_30-34_male_hispanic,vstat_C0242379_US_PRI_30-34_male_hispanic,US_PRI,United States and Puerto Rico,United States and Puerto Rico
,Lung and Bronchus,22030,Male,M,2011,2011.0,30-34 years,30-34,Non-Hispanic,2186-5,104,C0242379,Malignant neoplasm of lung,C1513750,Multiple Cancer Sites,people_30-34_male_non-hispanic,vstat_C0242379_US_PRI_30-34_male_non-hispanic,US_PRI,United States and Puerto Rico,United States and Puerto Rico
,Lung and Bronchus,22030,Male,M,2011,2011.0,35-39 years,35-39,Hispanic,2135-2,43,C0242379,Malignant neoplasm of lung,C1513750,Multiple Cancer Sites,people_35-39_male_hispanic,vstat_C0242379_US_PRI_35-39_male_hispanic,US_PRI,United States and Puerto Rico,United States and Puerto Rico
,Lung and Bronchus,22030,Male,M,2011,2011.0,35-39 years,35-39,Non-Hispanic,2186-5,221,C0242379,Malignant neoplasm of lung,C1513750,Multiple Cancer Sites,people_35-39_male_non-hispanic,vstat_C0242379_US_PRI_35-39_male_non-hispanic,US_PRI,United States and Puerto Rico,United States and Puerto Rico
,Lung and Bronchus,22030,Male,M,2011,2011.0,40-44 years,40-44,Hispanic,2135-2,62,C0242379,Malignant neoplasm of lung,C1513750,Multiple Cancer Sites,people_40-44_male_hispanic,vstat_C0242379_US_PRI_40-44_male_hispanic,US_PRI,United States and Puerto Rico,United States and Puerto Rico
,Lung and Bronchus,22030,Male,M,2011,2011.0,40-44 years,40-44,Non-Hispanic,2186-5,790,C0242379,Malignant neoplasm of lung,C1513750,Multiple Cancer Sites,people_40-44_male_non-hispanic,vstat_C0242379_US_PRI_40-44_male_non-hispanic,US_PRI,United States and Puerto Rico,United States and Puerto Rico
,Lung and Bronchus,22030,Male,M,2011,2011.0,45-49 years,45-49,Hispanic,2135-2,156,C0242379,Malignant neoplasm of lung,C1513750,Multiple Cancer Sites,people_45-49_male_hispanic,vstat_C0242379_US_PRI_45-49_male_hispanic,US_PRI,United States and Puerto Rico,United States and Puerto Rico
,Lung and Bronchus,22030,Male,M,2011,2011.0,45-49 years,45-49,Non-Hispanic,2186-5,2489,C0242379,Malignant neoplasm of lung,C1513750,Multiple Cancer Sites,people_45-49_male_non-hispanic,vstat_C0242379_US_PRI_45-49_male_non-hispanic,US_PRI,United States and Puerto Rico,United States and Puerto Rico
,Lung and Bronchus,22030,Male,M,2011,2011.0,50-54 years,50-54,Hispanic,2135-2,300,C0242379,Malignant neoplasm of lung,C1513750,Multiple Cancer Sites,people_50-54_male_hispanic,vstat_C0242379_US_PRI_50-54_male_hispanic,US_PRI,United States and Puerto Rico,United States and Puerto Rico
,Lung and Bronchus,22030,Male,M,2011,2011.0,50-54 years,50-54,Non-Hispanic,2186-5,6392,C0242379,Malignant neoplasm of lung,C1513750,Multiple Cancer Sites,people_50-54_male_non-hispanic,vstat_C0242379_US_PRI_50-54_male_non-hispanic,US_PRI,United States and Puerto Rico,United States and Puerto Rico
,Lung and Bronchus,22030,Male,M,2011,2011.0,55-59 years,55-59,Hispanic,2135-2,460,C0242379,Malignant neoplasm of lung,C1513750,Multiple Cancer Sites,people_55-59_male_hispanic,vstat_C0242379_US_PRI_55-59_male_hispanic,US_PRI,United States and Puerto Rico,United States and Puerto Rico
,Lung and Bronchus,22030,Male,M,2011,2011.0,55-59 years,55-59,Non-Hispanic,2186-5,10461,C0242379,Malignant neoplasm of lung,C1513750,Multiple Cancer Sites,people_55-59_male_non-hispanic,vstat_C0242379_US_PRI_55-59_male_non-hispanic,US_PRI,United States and Puerto Rico,United States and Puerto Rico
,Lung and Bronchus,22030,Male,M,2011,2011.0,60-64 years ,60-64,Hispanic,2135-2,617,C0242379,Malignant neoplasm of lung,C1513750,Multiple Cancer Sites,people_60-64_male_hispanic,vstat_C0242379_US_PRI_60-64_male_hispanic,US_PRI,United States and Puerto Rico,United States and Puerto Rico
,Lung and Bronchus,22030,Male,M,2011,2011.0,60-64 years ,60-64,Non-Hispanic,2186-5,14972,C0242379,Malignant neoplasm of lung,C1513750,Multiple Cancer Sites,people_60-64_male_non-hispanic,vstat_C0242379_US_PRI_60-64_male_non-hispanic,US_PRI,United States and Puerto Rico,United States and Puerto Rico
,Lung and Bronchus,22030,Male,M,2011,2011.0,65-69 years,65-69,Hispanic,2135-2,777,C0242379,Malignant neoplasm of lung,C1513750,Multiple Cancer Sites,people_65-69_male_hispanic,vstat_C0242379_US_PRI_65-69_male_hispanic,US_PRI,United States and Puerto Rico,United States and Puerto Rico
,Lung and Bronchus,22030,Male,M,2011,2011.0,65-69 years,65-69,Non-Hispanic,2186-5,18415,C0242379,Malignant neoplasm of lung,C1513750,Multiple Cancer Sites,people_65-69_male_non-hispanic,vstat_C0242379_US_PRI_65-69_male_non-hispanic,US_PRI,United States and Puerto Rico,United States and Puerto Rico
,Lung and Bronchus,22030,Male,M,2011,2011.0,70-74 years,70-74,Hispanic,2135-2,775,C0242379,Malignant neoplasm of lung,C1513750,Multiple Cancer Sites,people_70-74_male_hispanic,vstat_C0242379_US_PRI_70-74_male_hispanic,US_PRI,United States and Puerto Rico,United States and Puerto Rico
,Lung and Bronchus,22030,Male,M,2011,2011.0,70-74 years,70-74,Non-Hispanic,2186-5,18381,C0242379,Malignant neoplasm of lung,C1513750,Multiple Cancer Sites,people_70-74_male_non-hispanic,vstat_C0242379_US_PRI_70-74_male_non-hispanic,US_PRI,United States and Puerto Rico,United States and Puerto Rico
,Lung and Bronchus,22030,Male,M,2011,2011.0,75-79 years,75-79,Hispanic,2135-2,704,C0242379,Malignant neoplasm of lung,C1513750,Multiple Cancer Sites,people_75-79_male_hispanic,vstat_C0242379_US_PRI_75-79_male_hispanic,US_PRI,United States and Puerto Rico,United States and Puerto Rico
,Lung and Bronchus,22030,Male,M,2011,2011.0,75-79 years,75-79,Non-Hispanic,2186-5,16154,C0242379,Malignant neoplasm of lung,C1513750,Multiple Cancer Sites,people_75-79_male_non-hispanic,vstat_C0242379_US_PRI_75-79_male_non-hispanic,US_PRI,United States and Puerto Rico,United States and Puerto Rico
,Lung and Bronchus,22030,Male,M,2011,2011.0,80-84 years,80-84,Hispanic,2135-2,588,C0242379,Malignant neoplasm of lung,C1513750,Multiple Cancer Sites,people_80-84_male_hispanic,vstat_C0242379_US_PRI_80-84_male_hispanic,US_PRI,United States and Puerto Rico,United States and Puerto Rico
,Lung and Bronchus,22030,Male,M,2011,2011.0,80-84 years,80-84,Non-Hispanic,2186-5,12495,C0242379,Malignant neoplasm of lung,C1513750,Multiple Cancer Sites,people_80-84_male_non-hispanic,vstat_C0242379_US_PRI_80-84_male_non-hispanic,US_PRI,United States and Puerto Rico,United States and Puerto Rico
,Lung and Bronchus,22030,Male,M,2011,2011.0,85+ years,85+,Hispanic,2135-2,406,C0242379,Malignant neoplasm of lung,C1513750,Multiple Cancer Sites,people_85+_male_hispanic,vstat_C0242379_US_PRI_85+_male_hispanic,US_PRI,United States and Puerto Rico,United States and Puerto Rico
,Lung and Bronchus,22030,Male,M,2011,2011.0,85+ years,85+,Non-Hispanic,2186-5,8460,C0242379,Malignant neoplasm of lung,C1513750,Multiple Cancer Sites,people_85+_male_non-hispanic,vstat_C0242379_US_PRI_85+_male_non-hispanic,US_PRI,United States and Puerto Rico,United States and Puerto Rico
,Lung and Bronchus,22030,Male,M,2012,2012.0,20-24 years,20-24,Non-Hispanic,2186-5,31,C0242379,Malignant neoplasm of lung,C1513750,Multiple Cancer Sites,people_20-24_male_non-hispanic,vstat_C0242379_US_PRI_20-24_male_non-hispanic,US_PRI,United States and Puerto Rico,United States and Puerto Rico
,Lung and Bronchus,22030,Male,M,2012,2012.0,25-29 years,25-29,Non-Hispanic,2186-5,56,C0242379,Malignant neoplasm of lung,C1513750,Multiple Cancer Sites,people_25-29_male_non-hispanic,vstat_C0242379_US_PRI_25-29_male_non-hispanic,US_PRI,United States and Puerto Rico,United States and Puerto Rico
,Lung and Bronchus,22030,Male,M,2012,2012.0,30-34 years,30-34,Hispanic,2135-2,18,C0242379,Malignant neoplasm of lung,C1513750,Multiple Cancer Sites,people_30-34_male_hispanic,vstat_C0242379_US_PRI_30-34_male_hispanic,US_PRI,United States and Puerto Rico,United States and Puerto Rico
,Lung and Bronchus,22030,Male,M,2012,2012.0,30-34 years,30-34,Non-Hispanic,2186-5,109,C0242379,Malignant neoplasm of lung,C1513750,Multiple Cancer Sites,people_30-34_male_non-hispanic,vstat_C0242379_US_PRI_30-34_male_non-hispanic,US_PRI,United States and Puerto Rico,United States and Puerto Rico
,Lung and Bronchus,22030,Male,M,2012,2012.0,35-39 years,35-39,Hispanic,2135-2,31,C0242379,Malignant neoplasm of lung,C1513750,Multiple Cancer Sites,people_35-39_male_hispanic,vstat_C0242379_US_PRI_35-39_male_hispanic,US_PRI,United States and Puerto Rico,United States and Puerto Rico
,Lung and Bronchus,22030,Male,M,2012,2012.0,35-39 years,35-39,Non-Hispanic,2186-5,227,C0242379,Malignant neoplasm of lung,C1513750,Multiple Cancer Sites,people_35-39_male_non-hispanic,vstat_C0242379_US_PRI_35-39_male_non-hispanic,US_PRI,United States and Puerto Rico,United States and Puerto Rico
,Lung and Bronchus,22030,Male,M,2012,2012.0,40-44 years,40-44,Hispanic,2135-2,51,C0242379,Malignant neoplasm of lung,C1513750,Multiple Cancer Sites,people_40-44_male_hispanic,vstat_C0242379_US_PRI_40-44_male_hispanic,US_PRI,United States and Puerto Rico,United States and Puerto Rico
,Lung and Bronchus,22030,Male,M,2012,2012.0,40-44 years,40-44,Non-Hispanic,2186-5,708,C0242379,Malignant neoplasm of lung,C1513750,Multiple Cancer Sites,people_40-44_male_non-hispanic,vstat_C0242379_US_PRI_40-44_male_non-hispanic,US_PRI,United States and Puerto Rico,United States and Puerto Rico
,Lung and Bronchus,22030,Male,M,2012,2012.0,45-49 years,45-49,Hispanic,2135-2,121,C0242379,Malignant neoplasm of lung,C1513750,Multiple Cancer Sites,people_45-49_male_hispanic,vstat_C0242379_US_PRI_45-49_male_hispanic,US_PRI,United States and Puerto Rico,United States and Puerto Rico
,Lung and Bronchus,22030,Male,M,2012,2012.0,45-49 years,45-49,Non-Hispanic,2186-5,2353,C0242379,Malignant neoplasm of lung,C1513750,Multiple Cancer Sites,people_45-49_male_non-hispanic,vstat_C0242379_US_PRI_45-49_male_non-hispanic,US_PRI,United States and Puerto Rico,United States and Puerto Rico
,Lung and Bronchus,22030,Male,M,2012,2012.0,50-54 years,50-54,Hispanic,2135-2,285,C0242379,Malignant neoplasm of lung,C1513750,Multiple Cancer Sites,people_50-54_male_hispanic,vstat_C0242379_US_PRI_50-54_male_hispanic,US_PRI,United States and Puerto Rico,United States and Puerto Rico
,Lung and Bronchus,22030,Male,M,2012,2012.0,50-54 years,50-54,Non-Hispanic,2186-5,6301,C0242379,Malignant neoplasm of lung,C1513750,Multiple Cancer Sites,people_50-54_male_non-hispanic,vstat_C0242379_US_PRI_50-54_male_non-hispanic,US_PRI,United States and Puerto Rico,United States and Puerto Rico
,Lung and Bronchus,22030,Male,M,2012,2012.0,55-59 years,55-59,Hispanic,2135-2,444,C0242379,Malignant neoplasm of lung,C1513750,Multiple Cancer Sites,people_55-59_male_hispanic,vstat_C0242379_US_PRI_55-59_male_hispanic,US_PRI,United States and Puerto Rico,United States and Puerto Rico
,Lung and Bronchus,22030,Male,M,2012,2012.0,55-59 years,55-59,Non-Hispanic,2186-5,10667,C0242379,Malignant neoplasm of lung,C1513750,Multiple Cancer Sites,people_55-59_male_non-hispanic,vstat_C0242379_US_PRI_55-59_male_non-hispanic,US_PRI,United States and Puerto Rico,United States and Puerto Rico
,Lung and Bronchus,22030,Male,M,2012,2012.0,60-64 years ,60-64,Hispanic,2135-2,602,C0242379,Malignant neoplasm of lung,C1513750,Multiple Cancer Sites,people_60-64_male_hispanic,vstat_C0242379_US_PRI_60-64_male_hispanic,US_PRI,United States and Puerto Rico,United States and Puerto Rico
,Lung and Bronchus,22030,Male,M,2012,2012.0,60-64 years ,60-64,Non-Hispanic,2186-5,14700,C0242379,Malignant neoplasm of lung,C1513750,Multiple Cancer Sites,people_60-64_male_non-hispanic,vstat_C0242379_US_PRI_60-64_male_non-hispanic,US_PRI,United States and Puerto Rico,United States and Puerto Rico
,Lung and Bronchus,22030,Male,M,2012,2012.0,65-69 years,65-69,Hispanic,2135-2,757,C0242379,Malignant neoplasm of lung,C1513750,Multiple Cancer Sites,people_65-69_male_hispanic,vstat_C0242379_US_PRI_65-69_male_hispanic,US_PRI,United States and Puerto Rico,United States and Puerto Rico
,Lung and Bronchus,22030,Male,M,2012,2012.0,65-69 years,65-69,Non-Hispanic,2186-5,18980,C0242379,Malignant neoplasm of lung,C1513750,Multiple Cancer Sites,people_65-69_male_non-hispanic,vstat_C0242379_US_PRI_65-69_male_non-hispanic,US_PRI,United States and Puerto Rico,United States and Puerto Rico
,Lung and Bronchus,22030,Male,M,2012,2012.0,70-74 years,70-74,Hispanic,2135-2,765,C0242379,Malignant neoplasm of lung,C1513750,Multiple Cancer Sites,people_70-74_male_hispanic,vstat_C0242379_US_PRI_70-74_male_hispanic,US_PRI,United States and Puerto Rico,United States and Puerto Rico
,Lung and Bronchus,22030,Male,M,2012,2012.0,70-74 years,70-74,Non-Hispanic,2186-5,18726,C0242379,Malignant neoplasm of lung,C1513750,Multiple Cancer Sites,people_70-74_male_non-hispanic,vstat_C0242379_US_PRI_70-74_male_non-hispanic,US_PRI,United States and Puerto Rico,United States and Puerto Rico
,Lung and Bronchus,22030,Male,M,2012,2012.0,75-79 years,75-79,Hispanic,2135-2,750,C0242379,Malignant neoplasm of lung,C1513750,Multiple Cancer Sites,people_75-79_male_hispanic,vstat_C0242379_US_PRI_75-79_male_hispanic,US_PRI,United States and Puerto Rico,United States and Puerto Rico
,Lung and Bronchus,22030,Male,M,2012,2012.0,75-79 years,75-79,Non-Hispanic,2186-5,16123,C0242379,Malignant neoplasm of lung,C1513750,Multiple Cancer Sites,people_75-79_male_non-hispanic,vstat_C0242379_US_PRI_75-79_male_non-hispanic,US_PRI,United States and Puerto Rico,United States and Puerto Rico
,Lung and Bronchus,22030,Male,M,2012,2012.0,80-84 years,80-84,Hispanic,2135-2,576,C0242379,Malignant neoplasm of lung,C1513750,Multiple Cancer Sites,people_80-84_male_hispanic,vstat_C0242379_US_PRI_80-84_male_hispanic,US_PRI,United States and Puerto Rico,United States and Puerto Rico
,Lung and Bronchus,22030,Male,M,2012,2012.0,80-84 years,80-84,Non-Hispanic,2186-5,12480,C0242379,Malignant neoplasm of lung,C1513750,Multiple Cancer Sites,people_80-84_male_non-hispanic,vstat_C0242379_US_PRI_80-84_male_non-hispanic,US_PRI,United States and Puerto Rico,United States and Puerto Rico
,Lung and Bronchus,22030,Male,M,2012,2012.0,85+ years,85+,Hispanic,2135-2,347,C0242379,Malignant neoplasm of lung,C1513750,Multiple Cancer Sites,people_85+_male_hispanic,vstat_C0242379_US_PRI_85+_male_hispanic,US_PRI,United States and Puerto Rico,United States and Puerto Rico
,Lung and Bronchus,22030,Male,M,2012,2012.0,85+ years,85+,Non-Hispanic,2186-5,8736,C0242379,Malignant neoplasm of lung,C1513750,Multiple Cancer Sites,people_85+_male_non-hispanic,vstat_C0242379_US_PRI_85+_male_non-hispanic,US_PRI,United States and Puerto Rico,United States and Puerto Rico
,Lung and Bronchus,22030,Male,M,2013,2013.0,20-24 years,20-24,Non-Hispanic,2186-5,28,C0242379,Malignant neoplasm of lung,C1513750,Multiple Cancer Sites,people_20-24_male_non-hispanic,vstat_C0242379_US_PRI_20-24_male_non-hispanic,US_PRI,United States and Puerto Rico,United States and Puerto Rico
,Lung and Bronchus,22030,Male,M,2013,2013.0,25-29 years,25-29,Non-Hispanic,2186-5,47,C0242379,Malignant neoplasm of lung,C1513750,Multiple Cancer Sites,people_25-29_male_non-hispanic,vstat_C0242379_US_PRI_25-29_male_non-hispanic,US_PRI,United States and Puerto Rico,United States and Puerto Rico
,Lung and Bronchus,22030,Male,M,2013,2013.0,30-34 years,30-34,Non-Hispanic,2186-5,103,C0242379,Malignant neoplasm of lung,C1513750,Multiple Cancer Sites,people_30-34_male_non-hispanic,vstat_C0242379_US_PRI_30-34_male_non-hispanic,US_PRI,United States and Puerto Rico,United States and Puerto Rico
,Lung and Bronchus,22030,Male,M,2013,2013.0,35-39 years,35-39,Hispanic,2135-2,47,C0242379,Malignant neoplasm of lung,C1513750,Multiple Cancer Sites,people_35-39_male_hispanic,vstat_C0242379_US_PRI_35-39_male_hispanic,US_PRI,United States and Puerto Rico,United States and Puerto Rico
,Lung and Bronchus,22030,Male,M,2013,2013.0,35-39 years,35-39,Non-Hispanic,2186-5,240,C0242379,Malignant neoplasm of lung,C1513750,Multiple Cancer Sites,people_35-39_male_non-hispanic,vstat_C0242379_US_PRI_35-39_male_non-hispanic,US_PRI,United States and Puerto Rico,United States and Puerto Rico
,Lung and Bronchus,22030,Male,M,2013,2013.0,40-44 years,40-44,Hispanic,2135-2,62,C0242379,Malignant neoplasm of lung,C1513750,Multiple Cancer Sites,people_40-44_male_hispanic,vstat_C0242379_US_PRI_40-44_male_hispanic,US_PRI,United States and Puerto Rico,United States and Puerto Rico
,Lung and Bronchus,22030,Male,M,2013,2013.0,40-44 years,40-44,Non-Hispanic,2186-5,770,C0242379,Malignant neoplasm of lung,C1513750,Multiple Cancer Sites,people_40-44_male_non-hispanic,vstat_C0242379_US_PRI_40-44_male_non-hispanic,US_PRI,United States and Puerto Rico,United States and Puerto Rico
,Lung and Bronchus,22030,Male,M,2013,2013.0,45-49 years,45-49,Hispanic,2135-2,122,C0242379,Malignant neoplasm of lung,C1513750,Multiple Cancer Sites,people_45-49_male_hispanic,vstat_C0242379_US_PRI_45-49_male_hispanic,US_PRI,United States and Puerto Rico,United States and Puerto Rico
,Lung and Bronchus,22030,Male,M,2013,2013.0,45-49 years,45-49,Non-Hispanic,2186-5,2087,C0242379,Malignant neoplasm of lung,C1513750,Multiple Cancer Sites,people_45-49_male_non-hispanic,vstat_C0242379_US_PRI_45-49_male_non-hispanic,US_PRI,United States and Puerto Rico,United States and Puerto Rico
,Lung and Bronchus,22030,Male,M,2013,2013.0,50-54 years,50-54,Hispanic,2135-2,266,C0242379,Malignant neoplasm of lung,C1513750,Multiple Cancer Sites,people_50-54_male_hispanic,vstat_C0242379_US_PRI_50-54_male_hispanic,US_PRI,United States and Puerto Rico,United States and Puerto Rico
,Lung and Bronchus,22030,Male,M,2013,2013.0,50-54 years,50-54,Non-Hispanic,2186-5,5935,C0242379,Malignant neoplasm of lung,C1513750,Multiple Cancer Sites,people_50-54_male_non-hispanic,vstat_C0242379_US_PRI_50-54_male_non-hispanic,US_PRI,United States and Puerto Rico,United States and Puerto Rico
,Lung and Bronchus,22030,Male,M,2013,2013.0,55-59 years,55-59,Hispanic,2135-2,516,C0242379,Malignant neoplasm of lung,C1513750,Multiple Cancer Sites,people_55-59_male_hispanic,vstat_C0242379_US_PRI_55-59_male_hispanic,US_PRI,United States and Puerto Rico,United States and Puerto Rico
,Lung and Bronchus,22030,Male,M,2013,2013.0,55-59 years,55-59,Non-Hispanic,2186-5,10873,C0242379,Malignant neoplasm of lung,C1513750,Multiple Cancer Sites,people_55-59_male_non-hispanic,vstat_C0242379_US_PRI_55-59_male_non-hispanic,US_PRI,United States and Puerto Rico,United States and Puerto Rico
,Lung and Bronchus,22030,Male,M,2013,2013.0,60-64 years ,60-64,Hispanic,2135-2,629,C0242379,Malignant neoplasm of lung,C1513750,Multiple Cancer Sites,people_60-64_male_hispanic,vstat_C0242379_US_PRI_60-64_male_hispanic,US_PRI,United States and Puerto Rico,United States and Puerto Rico
,Lung and Bronchus,22030,Male,M,2013,2013.0,60-64 years ,60-64,Non-Hispanic,2186-5,14557,C0242379,Malignant neoplasm of lung,C1513750,Multiple Cancer Sites,people_60-64_male_non-hispanic,vstat_C0242379_US_PRI_60-64_male_non-hispanic,US_PRI,United States and Puerto Rico,United States and Puerto Rico
,Lung and Bronchus,22030,Male,M,2013,2013.0,65-69 years,65-69,Hispanic,2135-2,778,C0242379,Malignant neoplasm of lung,C1513750,Multiple Cancer Sites,people_65-69_male_hispanic,vstat_C0242379_US_PRI_65-69_male_hispanic,US_PRI,United States and Puerto Rico,United States and Puerto Rico
,Lung and Bronchus,22030,Male,M,2013,2013.0,65-69 years,65-69,Non-Hispanic,2186-5,19010,C0242379,Malignant neoplasm of lung,C1513750,Multiple Cancer Sites,people_65-69_male_non-hispanic,vstat_C0242379_US_PRI_65-69_male_non-hispanic,US_PRI,United States and Puerto Rico,United States and Puerto Rico
,Lung and Bronchus,22030,Male,M,2013,2013.0,70-74 years,70-74,Hispanic,2135-2,913,C0242379,Malignant neoplasm of lung,C1513750,Multiple Cancer Sites,people_70-74_male_hispanic,vstat_C0242379_US_PRI_70-74_male_hispanic,US_PRI,United States and Puerto Rico,United States and Puerto Rico
,Lung and Bronchus,22030,Male,M,2013,2013.0,70-74 years,70-74,Non-Hispanic,2186-5,19329,C0242379,Malignant neoplasm of lung,C1513750,Multiple Cancer Sites,people_70-74_male_non-hispanic,vstat_C0242379_US_PRI_70-74_male_non-hispanic,US_PRI,United States and Puerto Rico,United States and Puerto Rico
,Lung and Bronchus,22030,Male,M,2013,2013.0,75-79 years,75-79,Hispanic,2135-2,770,C0242379,Malignant neoplasm of lung,C1513750,Multiple Cancer Sites,people_75-79_male_hispanic,vstat_C0242379_US_PRI_75-79_male_hispanic,US_PRI,United States and Puerto Rico,United States and Puerto Rico
,Lung and Bronchus,22030,Male,M,2013,2013.0,75-79 years,75-79,Non-Hispanic,2186-5,16133,C0242379,Malignant neoplasm of lung,C1513750,Multiple Cancer Sites,people_75-79_male_non-hispanic,vstat_C0242379_US_PRI_75-79_male_non-hispanic,US_PRI,United States and Puerto Rico,United States and Puerto Rico
,Lung and Bronchus,22030,Male,M,2013,2013.0,80-84 years,80-84,Hispanic,2135-2,594,C0242379,Malignant neoplasm of lung,C1513750,Multiple Cancer Sites,people_80-84_male_hispanic,vstat_C0242379_US_PRI_80-84_male_hispanic,US_PRI,United States and Puerto Rico,United States and Puerto Rico
,Lung and Bronchus,22030,Male,M,2013,2013.0,80-84 years,80-84,Non-Hispanic,2186-5,12191,C0242379,Malignant neoplasm of lung,C1513750,Multiple Cancer Sites,people_80-84_male_non-hispanic,vstat_C0242379_US_PRI_80-84_male_non-hispanic,US_PRI,United States and Puerto Rico,United States and Puerto Rico
,Lung and Bronchus,22030,Male,M,2013,2013.0,85+ years,85+,Hispanic,2135-2,408,C0242379,Malignant neoplasm of lung,C1513750,Multiple Cancer Sites,people_85+_male_hispanic,vstat_C0242379_US_PRI_85+_male_hispanic,US_PRI,United States and Puerto Rico,United States and Puerto Rico
,Lung and Bronchus,22030,Male,M,2013,2013.0,85+ years,85+,Non-Hispanic,2186-5,8956,C0242379,Malignant neoplasm of lung,C1513750,Multiple Cancer Sites,people_85+_male_non-hispanic,vstat_C0242379_US_PRI_85+_male_non-hispanic,US_PRI,United States and Puerto Rico,United States and Puerto Rico
,Lung and Bronchus,22030,Male,M,2014,2014.0,20-24 years,20-24,Non-Hispanic,2186-5,19,C0242379,Malignant neoplasm of lung,C1513750,Multiple Cancer Sites,people_20-24_male_non-hispanic,vstat_C0242379_US_PRI_20-24_male_non-hispanic,US_PRI,United States and Puerto Rico,United States and Puerto Rico
,Lung and Bronchus,22030,Male,M,2014,2014.0,25-29 years,25-29,Non-Hispanic,2186-5,62,C0242379,Malignant neoplasm of lung,C1513750,Multiple Cancer Sites,people_25-29_male_non-hispanic,vstat_C0242379_US_PRI_25-29_male_non-hispanic,US_PRI,United States and Puerto Rico,United States and Puerto Rico
,Lung and Bronchus,22030,Male,M,2014,2014.0,30-34 years,30-34,Non-Hispanic,2186-5,99,C0242379,Malignant neoplasm of lung,C1513750,Multiple Cancer Sites,people_30-34_male_non-hispanic,vstat_C0242379_US_PRI_30-34_male_non-hispanic,US_PRI,United States and Puerto Rico,United States and Puerto Rico
,Lung and Bronchus,22030,Male,M,2014,2014.0,35-39 years,35-39,Hispanic,2135-2,45,C0242379,Malignant neoplasm of lung,C1513750,Multiple Cancer Sites,people_35-39_male_hispanic,vstat_C0242379_US_PRI_35-39_male_hispanic,US_PRI,United States and Puerto Rico,United States and Puerto Rico
,Lung and Bronchus,22030,Male,M,2014,2014.0,35-39 years,35-39,Non-Hispanic,2186-5,225,C0242379,Malignant neoplasm of lung,C1513750,Multiple Cancer Sites,people_35-39_male_non-hispanic,vstat_C0242379_US_PRI_35-39_male_non-hispanic,US_PRI,United States and Puerto Rico,United States and Puerto Rico
,Lung and Bronchus,22030,Male,M,2014,2014.0,40-44 years,40-44,Hispanic,2135-2,62,C0242379,Malignant neoplasm of lung,C1513750,Multiple Cancer Sites,people_40-44_male_hispanic,vstat_C0242379_US_PRI_40-44_male_hispanic,US_PRI,United States and Puerto Rico,United States and Puerto Rico
,Lung and Bronchus,22030,Male,M,2014,2014.0,40-44 years,40-44,Non-Hispanic,2186-5,666,C0242379,Malignant neoplasm of lung,C1513750,Multiple Cancer Sites,people_40-44_male_non-hispanic,vstat_C0242379_US_PRI_40-44_male_non-hispanic,US_PRI,United States and Puerto Rico,United States and Puerto Rico
,Lung and Bronchus,22030,Male,M,2014,2014.0,45-49 years,45-49,Hispanic,2135-2,127,C0242379,Malignant neoplasm of lung,C1513750,Multiple Cancer Sites,people_45-49_male_hispanic,vstat_C0242379_US_PRI_45-49_male_hispanic,US_PRI,United States and Puerto Rico,United States and Puerto Rico
,Lung and Bronchus,22030,Male,M,2014,2014.0,45-49 years,45-49,Non-Hispanic,2186-5,1963,C0242379,Malignant neoplasm of lung,C1513750,Multiple Cancer Sites,people_45-49_male_non-hispanic,vstat_C0242379_US_PRI_45-49_male_non-hispanic,US_PRI,United States and Puerto Rico,United States and Puerto Rico
,Lung and Bronchus,22030,Male,M,2014,2014.0,50-54 years,50-54,Hispanic,2135-2,259,C0242379,Malignant neoplasm of lung,C1513750,Multiple Cancer Sites,people_50-54_male_hispanic,vstat_C0242379_US_PRI_50-54_male_hispanic,US_PRI,United States and Puerto Rico,United States and Puerto Rico
,Lung and Bronchus,22030,Male,M,2014,2014.0,50-54 years,50-54,Non-Hispanic,2186-5,5666,C0242379,Malignant neoplasm of lung,C1513750,Multiple Cancer Sites,people_50-54_male_non-hispanic,vstat_C0242379_US_PRI_50-54_male_non-hispanic,US_PRI,United States and Puerto Rico,United States and Puerto Rico
,Lung and Bronchus,22030,Male,M,2014,2014.0,55-59 years,55-59,Hispanic,2135-2,497,C0242379,Malignant neoplasm of lung,C1513750,Multiple Cancer Sites,people_55-59_male_hispanic,vstat_C0242379_US_PRI_55-59_male_hispanic,US_PRI,United States and Puerto Rico,United States and Puerto Rico
,Lung and Bronchus,22030,Male,M,2014,2014.0,55-59 years,55-59,Non-Hispanic,2186-5,10930,C0242379,Malignant neoplasm of lung,C1513750,Multiple Cancer Sites,people_55-59_male_non-hispanic,vstat_C0242379_US_PRI_55-59_male_non-hispanic,US_PRI,United States and Puerto Rico,United States and Puerto Rico
,Lung and Bronchus,22030,Male,M,2014,2014.0,60-64 years ,60-64,Hispanic,2135-2,583,C0242379,Malignant neoplasm of lung,C1513750,Multiple Cancer Sites,people_60-64_male_hispanic,vstat_C0242379_US_PRI_60-64_male_hispanic,US_PRI,United States and Puerto Rico,United States and Puerto Rico
,Lung and Bronchus,22030,Male,M,2014,2014.0,60-64 years ,60-64,Non-Hispanic,2186-5,14781,C0242379,Malignant neoplasm of lung,C1513750,Multiple Cancer Sites,people_60-64_male_non-hispanic,vstat_C0242379_US_PRI_60-64_male_non-hispanic,US_PRI,United States and Puerto Rico,United States and Puerto Rico
,Lung and Bronchus,22030,Male,M,2014,2014.0,65-69 years,65-69,Hispanic,2135-2,829,C0242379,Malignant neoplasm of lung,C1513750,Multiple Cancer Sites,people_65-69_male_hispanic,vstat_C0242379_US_PRI_65-69_male_hispanic,US_PRI,United States and Puerto Rico,United States and Puerto Rico
,Lung and Bronchus,22030,Male,M,2014,2014.0,65-69 years,65-69,Non-Hispanic,2186-5,19436,C0242379,Malignant neoplasm of lung,C1513750,Multiple Cancer Sites,people_65-69_male_non-hispanic,vstat_C0242379_US_PRI_65-69_male_non-hispanic,US_PRI,United States and Puerto Rico,United States and Puerto Rico
,Lung and Bronchus,22030,Male,M,2014,2014.0,70-74 years,70-74,Hispanic,2135-2,905,C0242379,Malignant neoplasm of lung,C1513750,Multiple Cancer Sites,people_70-74_male_hispanic,vstat_C0242379_US_PRI_70-74_male_hispanic,US_PRI,United States and Puerto Rico,United States and Puerto Rico
,Lung and Bronchus,22030,Male,M,2014,2014.0,70-74 years,70-74,Non-Hispanic,2186-5,19956,C0242379,Malignant neoplasm of lung,C1513750,Multiple Cancer Sites,people_70-74_male_non-hispanic,vstat_C0242379_US_PRI_70-74_male_non-hispanic,US_PRI,United States and Puerto Rico,United States and Puerto Rico
,Lung and Bronchus,22030,Male,M,2014,2014.0,75-79 years,75-79,Hispanic,2135-2,734,C0242379,Malignant neoplasm of lung,C1513750,Multiple Cancer Sites,people_75-79_male_hispanic,vstat_C0242379_US_PRI_75-79_male_hispanic,US_PRI,United States and Puerto Rico,United States and Puerto Rico
,Lung and Bronchus,22030,Male,M,2014,2014.0,75-79 years,75-79,Non-Hispanic,2186-5,16668,C0242379,Malignant neoplasm of lung,C1513750,Multiple Cancer Sites,people_75-79_male_non-hispanic,vstat_C0242379_US_PRI_75-79_male_non-hispanic,US_PRI,United States and Puerto Rico,United States and Puerto Rico
,Lung and Bronchus,22030,Male,M,2014,2014.0,80-84 years,80-84,Hispanic,2135-2,574,C0242379,Malignant neoplasm of lung,C1513750,Multiple Cancer Sites,people_80-84_male_hispanic,vstat_C0242379_US_PRI_80-84_male_hispanic,US_PRI,United States and Puerto Rico,United States and Puerto Rico
,Lung and Bronchus,22030,Male,M,2014,2014.0,80-84 years,80-84,Non-Hispanic,2186-5,11765,C0242379,Malignant neoplasm of lung,C1513750,Multiple Cancer Sites,people_80-84_male_non-hispanic,vstat_C0242379_US_PRI_80-84_male_non-hispanic,US_PRI,United States and Puerto Rico,United States and Puerto Rico
,Lung and Bronchus,22030,Male,M,2014,2014.0,85+ years,85+,Hispanic,2135-2,417,C0242379,Malignant neoplasm of lung,C1513750,Multiple Cancer Sites,people_85+_male_hispanic,vstat_C0242379_US_PRI_85+_male_hispanic,US_PRI,United States and Puerto Rico,United States and Puerto Rico
,Lung and Bronchus,22030,Male,M,2014,2014.0,85+ years,85+,Non-Hispanic,2186-5,8852,C0242379,Malignant neoplasm of lung,C1513750,Multiple Cancer Sites,people_85+_male_non-hispanic,vstat_C0242379_US_PRI_85+_male_non-hispanic,US_PRI,United States and Puerto Rico,United States and Puerto Rico
,Lung and Bronchus,22030,Male,M,2015,2015.0,20-24 years,20-24,Non-Hispanic,2186-5,23,C0242379,Malignant neoplasm of lung,C1513750,Multiple Cancer Sites,people_20-24_male_non-hispanic,vstat_C0242379_US_PRI_20-24_male_non-hispanic,US_PRI,United States and Puerto Rico,United States and Puerto Rico
,Lung and Bronchus,22030,Male,M,2015,2015.0,25-29 years,25-29,Non-Hispanic,2186-5,58,C0242379,Malignant neoplasm of lung,C1513750,Multiple Cancer Sites,people_25-29_male_non-hispanic,vstat_C0242379_US_PRI_25-29_male_non-hispanic,US_PRI,United States and Puerto Rico,United States and Puerto Rico
,Lung and Bronchus,22030,Male,M,2015,2015.0,30-34 years,30-34,Hispanic,2135-2,16,C0242379,Malignant neoplasm of lung,C1513750,Multiple Cancer Sites,people_30-34_male_hispanic,vstat_C0242379_US_PRI_30-34_male_hispanic,US_PRI,United States and Puerto Rico,United States and Puerto Rico
,Lung and Bronchus,22030,Male,M,2015,2015.0,30-34 years,30-34,Non-Hispanic,2186-5,107,C0242379,Malignant neoplasm of lung,C1513750,Multiple Cancer Sites,people_30-34_male_non-hispanic,vstat_C0242379_US_PRI_30-34_male_non-hispanic,US_PRI,United States and Puerto Rico,United States and Puerto Rico
,Lung and Bronchus,22030,Male,M,2015,2015.0,35-39 years,35-39,Hispanic,2135-2,38,C0242379,Malignant neoplasm of lung,C1513750,Multiple Cancer Sites,people_35-39_male_hispanic,vstat_C0242379_US_PRI_35-39_male_hispanic,US_PRI,United States and Puerto Rico,United States and Puerto Rico
,Lung and Bronchus,22030,Male,M,2015,2015.0,35-39 years,35-39,Non-Hispanic,2186-5,235,C0242379,Malignant neoplasm of lung,C1513750,Multiple Cancer Sites,people_35-39_male_non-hispanic,vstat_C0242379_US_PRI_35-39_male_non-hispanic,US_PRI,United States and Puerto Rico,United States and Puerto Rico
,Lung and Bronchus,22030,Male,M,2015,2015.0,40-44 years,40-44,Hispanic,2135-2,60,C0242379,Malignant neoplasm of lung,C1513750,Multiple Cancer Sites,people_40-44_male_hispanic,vstat_C0242379_US_PRI_40-44_male_hispanic,US_PRI,United States and Puerto Rico,United States and Puerto Rico
,Lung and Bronchus,22030,Male,M,2015,2015.0,40-44 years,40-44,Non-Hispanic,2186-5,612,C0242379,Malignant neoplasm of lung,C1513750,Multiple Cancer Sites,people_40-44_male_non-hispanic,vstat_C0242379_US_PRI_40-44_male_non-hispanic,US_PRI,United States and Puerto Rico,United States and Puerto Rico
,Lung and Bronchus,22030,Male,M,2015,2015.0,45-49 years,45-49,Hispanic,2135-2,122,C0242379,Malignant neoplasm of lung,C1513750,Multiple Cancer Sites,people_45-49_male_hispanic,vstat_C0242379_US_PRI_45-49_male_hispanic,US_PRI,United States and Puerto Rico,United States and Puerto Rico
,Lung and Bronchus,22030,Male,M,2015,2015.0,45-49 years,45-49,Non-Hispanic,2186-5,1765,C0242379,Malignant neoplasm of lung,C1513750,Multiple Cancer Sites,people_45-49_male_non-hispanic,vstat_C0242379_US_PRI_45-49_male_non-hispanic,US_PRI,United States and Puerto Rico,United States and Puerto Rico
,Lung and Bronchus,22030,Male,M,2015,2015.0,50-54 years,50-54,Hispanic,2135-2,273,C0242379,Malignant neoplasm of lung,C1513750,Multiple Cancer Sites,people_50-54_male_hispanic,vstat_C0242379_US_PRI_50-54_male_hispanic,US_PRI,United States and Puerto Rico,United States and Puerto Rico
,Lung and Bronchus,22030,Male,M,2015,2015.0,50-54 years,50-54,Non-Hispanic,2186-5,5366,C0242379,Malignant neoplasm of lung,C1513750,Multiple Cancer Sites,people_50-54_male_non-hispanic,vstat_C0242379_US_PRI_50-54_male_non-hispanic,US_PRI,United States and Puerto Rico,United States and Puerto Rico
,Lung and Bronchus,22030,Male,M,2015,2015.0,55-59 years,55-59,Hispanic,2135-2,447,C0242379,Malignant neoplasm of lung,C1513750,Multiple Cancer Sites,people_55-59_male_hispanic,vstat_C0242379_US_PRI_55-59_male_hispanic,US_PRI,United States and Puerto Rico,United States and Puerto Rico
,Lung and Bronchus,22030,Male,M,2015,2015.0,55-59 years,55-59,Non-Hispanic,2186-5,10792,C0242379,Malignant neoplasm of lung,C1513750,Multiple Cancer Sites,people_55-59_male_non-hispanic,vstat_C0242379_US_PRI_55-59_male_non-hispanic,US_PRI,United States and Puerto Rico,United States and Puerto Rico
,Lung and Bronchus,22030,Male,M,2015,2015.0,60-64 years ,60-64,Hispanic,2135-2,731,C0242379,Malignant neoplasm of lung,C1513750,Multiple Cancer Sites,people_60-64_male_hispanic,vstat_C0242379_US_PRI_60-64_male_hispanic,US_PRI,United States and Puerto Rico,United States and Puerto Rico
,Lung and Bronchus,22030,Male,M,2015,2015.0,60-64 years ,60-64,Non-Hispanic,2186-5,15205,C0242379,Malignant neoplasm of lung,C1513750,Multiple Cancer Sites,people_60-64_male_non-hispanic,vstat_C0242379_US_PRI_60-64_male_non-hispanic,US_PRI,United States and Puerto Rico,United States and Puerto Rico
,Lung and Bronchus,22030,Male,M,2015,2015.0,65-69 years,65-69,Hispanic,2135-2,902,C0242379,Malignant neoplasm of lung,C1513750,Multiple Cancer Sites,people_65-69_male_hispanic,vstat_C0242379_US_PRI_65-69_male_hispanic,US_PRI,United States and Puerto Rico,United States and Puerto Rico
,Lung and Bronchus,22030,Male,M,2015,2015.0,65-69 years,65-69,Non-Hispanic,2186-5,19668,C0242379,Malignant neoplasm of lung,C1513750,Multiple Cancer Sites,people_65-69_male_non-hispanic,vstat_C0242379_US_PRI_65-69_male_non-hispanic,US_PRI,United States and Puerto Rico,United States and Puerto Rico
,Lung and Bronchus,22030,Male,M,2015,2015.0,70-74 years,70-74,Hispanic,2135-2,867,C0242379,Malignant neoplasm of lung,C1513750,Multiple Cancer Sites,people_70-74_male_hispanic,vstat_C0242379_US_PRI_70-74_male_hispanic,US_PRI,United States and Puerto Rico,United States and Puerto Rico
,Lung and Bronchus,22030,Male,M,2015,2015.0,70-74 years,70-74,Non-Hispanic,2186-5,20147,C0242379,Malignant neoplasm of lung,C1513750,Multiple Cancer Sites,people_70-74_male_non-hispanic,vstat_C0242379_US_PRI_70-74_male_non-hispanic,US_PRI,United States and Puerto Rico,United States and Puerto Rico
,Lung and Bronchus,22030,Male,M,2015,2015.0,75-79 years,75-79,Hispanic,2135-2,796,C0242379,Malignant neoplasm of lung,C1513750,Multiple Cancer Sites,people_75-79_male_hispanic,vstat_C0242379_US_PRI_75-79_male_hispanic,US_PRI,United States and Puerto Rico,United States and Puerto Rico
,Lung and Bronchus,22030,Male,M,2015,2015.0,75-79 years,75-79,Non-Hispanic,2186-5,16706,C0242379,Malignant neoplasm of lung,C1513750,Multiple Cancer Sites,people_75-79_male_non-hispanic,vstat_C0242379_US_PRI_75-79_male_non-hispanic,US_PRI,United States and Puerto Rico,United States and Puerto Rico
,Lung and Bronchus,22030,Male,M,2015,2015.0,80-84 years,80-84,Hispanic,2135-2,555,C0242379,Malignant neoplasm of lung,C1513750,Multiple Cancer Sites,people_80-84_male_hispanic,vstat_C0242379_US_PRI_80-84_male_hispanic,US_PRI,United States and Puerto Rico,United States and Puerto Rico
,Lung and Bronchus,22030,Male,M,2015,2015.0,80-84 years,80-84,Non-Hispanic,2186-5,11699,C0242379,Malignant neoplasm of lung,C1513750,Multiple Cancer Sites,people_80-84_male_non-hispanic,vstat_C0242379_US_PRI_80-84_male_non-hispanic,US_PRI,United States and Puerto Rico,United States and Puerto Rico
,Lung and Bronchus,22030,Male,M,2015,2015.0,85+ years,85+,Hispanic,2135-2,427,C0242379,Malignant neoplasm of lung,C1513750,Multiple Cancer Sites,people_85+_male_hispanic,vstat_C0242379_US_PRI_85+_male_hispanic,US_PRI,United States and Puerto Rico,United States and Puerto Rico
,Lung and Bronchus,22030,Male,M,2015,2015.0,85+ years,85+,Non-Hispanic,2186-5,9162,C0242379,Malignant neoplasm of lung,C1513750,Multiple Cancer Sites,people_85+_male_non-hispanic,vstat_C0242379_US_PRI_85+_male_non-hispanic,US_PRI,United States and Puerto Rico,United States and Puerto Rico
,Lung and Bronchus,22030,Male,M,2016,2016.0,20-24 years,20-24,Non-Hispanic,2186-5,29,C0242379,Malignant neoplasm of lung,C1513750,Multiple Cancer Sites,people_20-24_male_non-hispanic,vstat_C0242379_US_PRI_20-24_male_non-hispanic,US_PRI,United States and Puerto Rico,United States and Puerto Rico
,Lung and Bronchus,22030,Male,M,2016,2016.0,25-29 years,25-29,Non-Hispanic,2186-5,51,C0242379,Malignant neoplasm of lung,C1513750,Multiple Cancer Sites,people_25-29_male_non-hispanic,vstat_C0242379_US_PRI_25-29_male_non-hispanic,US_PRI,United States and Puerto Rico,United States and Puerto Rico
,Lung and Bronchus,22030,Male,M,2016,2016.0,30-34 years,30-34,Non-Hispanic,2186-5,117,C0242379,Malignant neoplasm of lung,C1513750,Multiple Cancer Sites,people_30-34_male_non-hispanic,vstat_C0242379_US_PRI_30-34_male_non-hispanic,US_PRI,United States and Puerto Rico,United States and Puerto Rico
,Lung and Bronchus,22030,Male,M,2016,2016.0,35-39 years,35-39,Hispanic,2135-2,31,C0242379,Malignant neoplasm of lung,C1513750,Multiple Cancer Sites,people_35-39_male_hispanic,vstat_C0242379_US_PRI_35-39_male_hispanic,US_PRI,United States and Puerto Rico,United States and Puerto Rico
,Lung and Bronchus,22030,Male,M,2016,2016.0,35-39 years,35-39,Non-Hispanic,2186-5,255,C0242379,Malignant neoplasm of lung,C1513750,Multiple Cancer Sites,people_35-39_male_non-hispanic,vstat_C0242379_US_PRI_35-39_male_non-hispanic,US_PRI,United States and Puerto Rico,United States and Puerto Rico
,Lung and Bronchus,22030,Male,M,2016,2016.0,40-44 years,40-44,Hispanic,2135-2,66,C0242379,Malignant neoplasm of lung,C1513750,Multiple Cancer Sites,people_40-44_male_hispanic,vstat_C0242379_US_PRI_40-44_male_hispanic,US_PRI,United States and Puerto Rico,United States and Puerto Rico
,Lung and Bronchus,22030,Male,M,2016,2016.0,40-44 years,40-44,Non-Hispanic,2186-5,585,C0242379,Malignant neoplasm of lung,C1513750,Multiple Cancer Sites,people_40-44_male_non-hispanic,vstat_C0242379_US_PRI_40-44_male_non-hispanic,US_PRI,United States and Puerto Rico,United States and Puerto Rico
,Lung and Bronchus,22030,Male,M,2016,2016.0,45-49 years,45-49,Hispanic,2135-2,115,C0242379,Malignant neoplasm of lung,C1513750,Multiple Cancer Sites,people_45-49_male_hispanic,vstat_C0242379_US_PRI_45-49_male_hispanic,US_PRI,United States and Puerto Rico,United States and Puerto Rico
,Lung and Bronchus,22030,Male,M,2016,2016.0,45-49 years,45-49,Non-Hispanic,2186-5,1593,C0242379,Malignant neoplasm of lung,C1513750,Multiple Cancer Sites,people_45-49_male_non-hispanic,vstat_C0242379_US_PRI_45-49_male_non-hispanic,US_PRI,United States and Puerto Rico,United States and Puerto Rico
,Lung and Bronchus,22030,Male,M,2016,2016.0,50-54 years,50-54,Hispanic,2135-2,229,C0242379,Malignant neoplasm of lung,C1513750,Multiple Cancer Sites,people_50-54_male_hispanic,vstat_C0242379_US_PRI_50-54_male_hispanic,US_PRI,United States and Puerto Rico,United States and Puerto Rico
,Lung and Bronchus,22030,Male,M,2016,2016.0,50-54 years,50-54,Non-Hispanic,2186-5,4877,C0242379,Malignant neoplasm of lung,C1513750,Multiple Cancer Sites,people_50-54_male_non-hispanic,vstat_C0242379_US_PRI_50-54_male_non-hispanic,US_PRI,United States and Puerto Rico,United States and Puerto Rico
,Lung and Bronchus,22030,Male,M,2016,2016.0,55-59 years,55-59,Hispanic,2135-2,539,C0242379,Malignant neoplasm of lung,C1513750,Multiple Cancer Sites,people_55-59_male_hispanic,vstat_C0242379_US_PRI_55-59_male_hispanic,US_PRI,United States and Puerto Rico,United States and Puerto Rico
,Lung and Bronchus,22030,Male,M,2016,2016.0,55-59 years,55-59,Non-Hispanic,2186-5,10769,C0242379,Malignant neoplasm of lung,C1513750,Multiple Cancer Sites,people_55-59_male_non-hispanic,vstat_C0242379_US_PRI_55-59_male_non-hispanic,US_PRI,United States and Puerto Rico,United States and Puerto Rico
,Lung and Bronchus,22030,Male,M,2016,2016.0,60-64 years ,60-64,Hispanic,2135-2,724,C0242379,Malignant neoplasm of lung,C1513750,Multiple Cancer Sites,people_60-64_male_hispanic,vstat_C0242379_US_PRI_60-64_male_hispanic,US_PRI,United States and Puerto Rico,United States and Puerto Rico
,Lung and Bronchus,22030,Male,M,2016,2016.0,60-64 years ,60-64,Non-Hispanic,2186-5,15343,C0242379,Malignant neoplasm of lung,C1513750,Multiple Cancer Sites,people_60-64_male_non-hispanic,vstat_C0242379_US_PRI_60-64_male_non-hispanic,US_PRI,United States and Puerto Rico,United States and Puerto Rico
,Lung and Bronchus,22030,Male,M,2016,2016.0,65-69 years,65-69,Hispanic,2135-2,917,C0242379,Malignant neoplasm of lung,C1513750,Multiple Cancer Sites,people_65-69_male_hispanic,vstat_C0242379_US_PRI_65-69_male_hispanic,US_PRI,United States and Puerto Rico,United States and Puerto Rico
,Lung and Bronchus,22030,Male,M,2016,2016.0,65-69 years,65-69,Non-Hispanic,2186-5,19973,C0242379,Malignant neoplasm of lung,C1513750,Multiple Cancer Sites,people_65-69_male_non-hispanic,vstat_C0242379_US_PRI_65-69_male_non-hispanic,US_PRI,United States and Puerto Rico,United States and Puerto Rico
,Lung and Bronchus,22030,Male,M,2016,2016.0,70-74 years,70-74,Hispanic,2135-2,966,C0242379,Malignant neoplasm of lung,C1513750,Multiple Cancer Sites,people_70-74_male_hispanic,vstat_C0242379_US_PRI_70-74_male_hispanic,US_PRI,United States and Puerto Rico,United States and Puerto Rico
,Lung and Bronchus,22030,Male,M,2016,2016.0,70-74 years,70-74,Non-Hispanic,2186-5,20167,C0242379,Malignant neoplasm of lung,C1513750,Multiple Cancer Sites,people_70-74_male_non-hispanic,vstat_C0242379_US_PRI_70-74_male_non-hispanic,US_PRI,United States and Puerto Rico,United States and Puerto Rico
,Lung and Bronchus,22030,Male,M,2016,2016.0,75-79 years,75-79,Hispanic,2135-2,895,C0242379,Malignant neoplasm of lung,C1513750,Multiple Cancer Sites,people_75-79_male_hispanic,vstat_C0242379_US_PRI_75-79_male_hispanic,US_PRI,United States and Puerto Rico,United States and Puerto Rico
,Lung and Bronchus,22030,Male,M,2016,2016.0,75-79 years,75-79,Non-Hispanic,2186-5,16923,C0242379,Malignant neoplasm of lung,C1513750,Multiple Cancer Sites,people_75-79_male_non-hispanic,vstat_C0242379_US_PRI_75-79_male_non-hispanic,US_PRI,United States and Puerto Rico,United States and Puerto Rico
,Lung and Bronchus,22030,Male,M,2016,2016.0,80-84 years,80-84,Hispanic,2135-2,564,C0242379,Malignant neoplasm of lung,C1513750,Multiple Cancer Sites,people_80-84_male_hispanic,vstat_C0242379_US_PRI_80-84_male_hispanic,US_PRI,United States and Puerto Rico,United States and Puerto Rico
,Lung and Bronchus,22030,Male,M,2016,2016.0,80-84 years,80-84,Non-Hispanic,2186-5,11692,C0242379,Malignant neoplasm of lung,C1513750,Multiple Cancer Sites,people_80-84_male_non-hispanic,vstat_C0242379_US_PRI_80-84_male_non-hispanic,US_PRI,United States and Puerto Rico,United States and Puerto Rico
,Lung and Bronchus,22030,Male,M,2016,2016.0,85+ years,85+,Hispanic,2135-2,470,C0242379,Malignant neoplasm of lung,C1513750,Multiple Cancer Sites,people_85+_male_hispanic,vstat_C0242379_US_PRI_85+_male_hispanic,US_PRI,United States and Puerto Rico,United States and Puerto Rico
,Lung and Bronchus,22030,Male,M,2016,2016.0,85+ years,85+,Non-Hispanic,2186-5,8806,C0242379,Malignant neoplasm of lung,C1513750,Multiple Cancer Sites,people_85+_male_non-hispanic,vstat_C0242379_US_PRI_85+_male_non-hispanic,US_PRI,United States and Puerto Rico,United States and Puerto Rico
,Lung and Bronchus,22030,Male,M,2017,2017.0,20-24 years,20-24,Non-Hispanic,2186-5,22,C0242379,Malignant neoplasm of lung,C1513750,Multiple Cancer Sites,people_20-24_male_non-hispanic,vstat_C0242379_US_PRI_20-24_male_non-hispanic,US_PRI,United States and Puerto Rico,United States and Puerto Rico
,Lung and Bronchus,22030,Male,M,2017,2017.0,25-29 years,25-29,Non-Hispanic,2186-5,58,C0242379,Malignant neoplasm of lung,C1513750,Multiple Cancer Sites,people_25-29_male_non-hispanic,vstat_C0242379_US_PRI_25-29_male_non-hispanic,US_PRI,United States and Puerto Rico,United States and Puerto Rico
,Lung and Bronchus,22030,Male,M,2017,2017.0,30-34 years,30-34,Non-Hispanic,2186-5,120,C0242379,Malignant neoplasm of lung,C1513750,Multiple Cancer Sites,people_30-34_male_non-hispanic,vstat_C0242379_US_PRI_30-34_male_non-hispanic,US_PRI,United States and Puerto Rico,United States and Puerto Rico
,Lung and Bronchus,22030,Male,M,2017,2017.0,35-39 years,35-39,Hispanic,2135-2,24,C0242379,Malignant neoplasm of lung,C1513750,Multiple Cancer Sites,people_35-39_male_hispanic,vstat_C0242379_US_PRI_35-39_male_hispanic,US_PRI,United States and Puerto Rico,United States and Puerto Rico
,Lung and Bronchus,22030,Male,M,2017,2017.0,35-39 years,35-39,Non-Hispanic,2186-5,235,C0242379,Malignant neoplasm of lung,C1513750,Multiple Cancer Sites,people_35-39_male_non-hispanic,vstat_C0242379_US_PRI_35-39_male_non-hispanic,US_PRI,United States and Puerto Rico,United States and Puerto Rico
,Lung and Bronchus,22030,Male,M,2017,2017.0,40-44 years,40-44,Hispanic,2135-2,61,C0242379,Malignant neoplasm of lung,C1513750,Multiple Cancer Sites,people_40-44_male_hispanic,vstat_C0242379_US_PRI_40-44_male_hispanic,US_PRI,United States and Puerto Rico,United States and Puerto Rico
,Lung and Bronchus,22030,Male,M,2017,2017.0,40-44 years,40-44,Non-Hispanic,2186-5,572,C0242379,Malignant neoplasm of lung,C1513750,Multiple Cancer Sites,people_40-44_male_non-hispanic,vstat_C0242379_US_PRI_40-44_male_non-hispanic,US_PRI,United States and Puerto Rico,United States and Puerto Rico
,Lung and Bronchus,22030,Male,M,2017,2017.0,45-49 years,45-49,Hispanic,2135-2,110,C0242379,Malignant neoplasm of lung,C1513750,Multiple Cancer Sites,people_45-49_male_hispanic,vstat_C0242379_US_PRI_45-49_male_hispanic,US_PRI,United States and Puerto Rico,United States and Puerto Rico
,Lung and Bronchus,22030,Male,M,2017,2017.0,45-49 years,45-49,Non-Hispanic,2186-5,1547,C0242379,Malignant neoplasm of lung,C1513750,Multiple Cancer Sites,people_45-49_male_non-hispanic,vstat_C0242379_US_PRI_45-49_male_non-hispanic,US_PRI,United States and Puerto Rico,United States and Puerto Rico
,Lung and Bronchus,22030,Male,M,2017,2017.0,50-54 years,50-54,Hispanic,2135-2,250,C0242379,Malignant neoplasm of lung,C1513750,Multiple Cancer Sites,people_50-54_male_hispanic,vstat_C0242379_US_PRI_50-54_male_hispanic,US_PRI,United States and Puerto Rico,United States and Puerto Rico
,Lung and Bronchus,22030,Male,M,2017,2017.0,50-54 years,50-54,Non-Hispanic,2186-5,4500,C0242379,Malignant neoplasm of lung,C1513750,Multiple Cancer Sites,people_50-54_male_non-hispanic,vstat_C0242379_US_PRI_50-54_male_non-hispanic,US_PRI,United States and Puerto Rico,United States and Puerto Rico
,Lung and Bronchus,22030,Male,M,2017,2017.0,55-59 years,55-59,Hispanic,2135-2,484,C0242379,Malignant neoplasm of lung,C1513750,Multiple Cancer Sites,people_55-59_male_hispanic,vstat_C0242379_US_PRI_55-59_male_hispanic,US_PRI,United States and Puerto Rico,United States and Puerto Rico
,Lung and Bronchus,22030,Male,M,2017,2017.0,55-59 years,55-59,Non-Hispanic,2186-5,10453,C0242379,Malignant neoplasm of lung,C1513750,Multiple Cancer Sites,people_55-59_male_non-hispanic,vstat_C0242379_US_PRI_55-59_male_non-hispanic,US_PRI,United States and Puerto Rico,United States and Puerto Rico
,Lung and Bronchus,22030,Male,M,2017,2017.0,60-64 years ,60-64,Hispanic,2135-2,720,C0242379,Malignant neoplasm of lung,C1513750,Multiple Cancer Sites,people_60-64_male_hispanic,vstat_C0242379_US_PRI_60-64_male_hispanic,US_PRI,United States and Puerto Rico,United States and Puerto Rico
,Lung and Bronchus,22030,Male,M,2017,2017.0,60-64 years ,60-64,Non-Hispanic,2186-5,15432,C0242379,Malignant neoplasm of lung,C1513750,Multiple Cancer Sites,people_60-64_male_non-hispanic,vstat_C0242379_US_PRI_60-64_male_non-hispanic,US_PRI,United States and Puerto Rico,United States and Puerto Rico
,Lung and Bronchus,22030,Male,M,2017,2017.0,65-69 years,65-69,Hispanic,2135-2,889,C0242379,Malignant neoplasm of lung,C1513750,Multiple Cancer Sites,people_65-69_male_hispanic,vstat_C0242379_US_PRI_65-69_male_hispanic,US_PRI,United States and Puerto Rico,United States and Puerto Rico
,Lung and Bronchus,22030,Male,M,2017,2017.0,65-69 years,65-69,Non-Hispanic,2186-5,19694,C0242379,Malignant neoplasm of lung,C1513750,Multiple Cancer Sites,people_65-69_male_non-hispanic,vstat_C0242379_US_PRI_65-69_male_non-hispanic,US_PRI,United States and Puerto Rico,United States and Puerto Rico
,Lung and Bronchus,22030,Male,M,2017,2017.0,70-74 years,70-74,Hispanic,2135-2,915,C0242379,Malignant neoplasm of lung,C1513750,Multiple Cancer Sites,people_70-74_male_hispanic,vstat_C0242379_US_PRI_70-74_male_hispanic,US_PRI,United States and Puerto Rico,United States and Puerto Rico
,Lung and Bronchus,22030,Male,M,2017,2017.0,70-74 years,70-74,Non-Hispanic,2186-5,21043,C0242379,Malignant neoplasm of lung,C1513750,Multiple Cancer Sites,people_70-74_male_non-hispanic,vstat_C0242379_US_PRI_70-74_male_non-hispanic,US_PRI,United States and Puerto Rico,United States and Puerto Rico
,Lung and Bronchus,22030,Male,M,2017,2017.0,75-79 years,75-79,Hispanic,2135-2,829,C0242379,Malignant neoplasm of lung,C1513750,Multiple Cancer Sites,people_75-79_male_hispanic,vstat_C0242379_US_PRI_75-79_male_hispanic,US_PRI,United States and Puerto Rico,United States and Puerto Rico
,Lung and Bronchus,22030,Male,M,2017,2017.0,75-79 years,75-79,Non-Hispanic,2186-5,17152,C0242379,Malignant neoplasm of lung,C1513750,Multiple Cancer Sites,people_75-79_male_non-hispanic,vstat_C0242379_US_PRI_75-79_male_non-hispanic,US_PRI,United States and Puerto Rico,United States and Puerto Rico
,Lung and Bronchus,22030,Male,M,2017,2017.0,80-84 years,80-84,Hispanic,2135-2,659,C0242379,Malignant neoplasm of lung,C1513750,Multiple Cancer Sites,people_80-84_male_hispanic,vstat_C0242379_US_PRI_80-84_male_hispanic,US_PRI,United States and Puerto Rico,United States and Puerto Rico
,Lung and Bronchus,22030,Male,M,2017,2017.0,80-84 years,80-84,Non-Hispanic,2186-5,11730,C0242379,Malignant neoplasm of lung,C1513750,Multiple Cancer Sites,people_80-84_male_non-hispanic,vstat_C0242379_US_PRI_80-84_male_non-hispanic,US_PRI,United States and Puerto Rico,United States and Puerto Rico
,Lung and Bronchus,22030,Male,M,2017,2017.0,85+ years,85+,Hispanic,2135-2,487,C0242379,Malignant neoplasm of lung,C1513750,Multiple Cancer Sites,people_85+_male_hispanic,vstat_C0242379_US_PRI_85+_male_hispanic,US_PRI,United States and Puerto Rico,United States and Puerto Rico
,Lung and Bronchus,22030,Male,M,2017,2017.0,85+ years,85+,Non-Hispanic,2186-5,8933,C0242379,Malignant neoplasm of lung,C1513750,Multiple Cancer Sites,people_85+_male_non-hispanic,vstat_C0242379_US_PRI_85+_male_non-hispanic,US_PRI,United States and Puerto Rico,United States and Puerto Rico
,Lung and Bronchus,22030,Male,M,2018,2018.0,20-24 years,20-24,Non-Hispanic,2186-5,28,C0242379,Malignant neoplasm of lung,C1513750,Multiple Cancer Sites,people_20-24_male_non-hispanic,vstat_C0242379_US_PRI_20-24_male_non-hispanic,US_PRI,United States and Puerto Rico,United States and Puerto Rico
,Lung and Bronchus,22030,Male,M,2018,2018.0,25-29 years,25-29,Non-Hispanic,2186-5,62,C0242379,Malignant neoplasm of lung,C1513750,Multiple Cancer Sites,people_25-29_male_non-hispanic,vstat_C0242379_US_PRI_25-29_male_non-hispanic,US_PRI,United States and Puerto Rico,United States and Puerto Rico
,Lung and Bronchus,22030,Male,M,2018,2018.0,30-34 years,30-34,Hispanic,2135-2,16,C0242379,Malignant neoplasm of lung,C1513750,Multiple Cancer Sites,people_30-34_male_hispanic,vstat_C0242379_US_PRI_30-34_male_hispanic,US_PRI,United States and Puerto Rico,United States and Puerto Rico
,Lung and Bronchus,22030,Male,M,2018,2018.0,30-34 years,30-34,Non-Hispanic,2186-5,83,C0242379,Malignant neoplasm of lung,C1513750,Multiple Cancer Sites,people_30-34_male_non-hispanic,vstat_C0242379_US_PRI_30-34_male_non-hispanic,US_PRI,United States and Puerto Rico,United States and Puerto Rico
,Lung and Bronchus,22030,Male,M,2018,2018.0,35-39 years,35-39,Hispanic,2135-2,43,C0242379,Malignant neoplasm of lung,C1513750,Multiple Cancer Sites,people_35-39_male_hispanic,vstat_C0242379_US_PRI_35-39_male_hispanic,US_PRI,United States and Puerto Rico,United States and Puerto Rico
,Lung and Bronchus,22030,Male,M,2018,2018.0,35-39 years,35-39,Non-Hispanic,2186-5,236,C0242379,Malignant neoplasm of lung,C1513750,Multiple Cancer Sites,people_35-39_male_non-hispanic,vstat_C0242379_US_PRI_35-39_male_non-hispanic,US_PRI,United States and Puerto Rico,United States and Puerto Rico
,Lung and Bronchus,22030,Male,M,2018,2018.0,40-44 years,40-44,Hispanic,2135-2,64,C0242379,Malignant neoplasm of lung,C1513750,Multiple Cancer Sites,people_40-44_male_hispanic,vstat_C0242379_US_PRI_40-44_male_hispanic,US_PRI,United States and Puerto Rico,United States and Puerto Rico
,Lung and Bronchus,22030,Male,M,2018,2018.0,40-44 years,40-44,Non-Hispanic,2186-5,591,C0242379,Malignant neoplasm of lung,C1513750,Multiple Cancer Sites,people_40-44_male_non-hispanic,vstat_C0242379_US_PRI_40-44_male_non-hispanic,US_PRI,United States and Puerto Rico,United States and Puerto Rico
,Lung and Bronchus,22030,Male,M,2018,2018.0,45-49 years,45-49,Hispanic,2135-2,127,C0242379,Malignant neoplasm of lung,C1513750,Multiple Cancer Sites,people_45-49_male_hispanic,vstat_C0242379_US_PRI_45-49_male_hispanic,US_PRI,United States and Puerto Rico,United States and Puerto Rico
,Lung and Bronchus,22030,Male,M,2018,2018.0,45-49 years,45-49,Non-Hispanic,2186-5,1424,C0242379,Malignant neoplasm of lung,C1513750,Multiple Cancer Sites,people_45-49_male_non-hispanic,vstat_C0242379_US_PRI_45-49_male_non-hispanic,US_PRI,United States and Puerto Rico,United States and Puerto Rico
,Lung and Bronchus,22030,Male,M,2018,2018.0,50-54 years,50-54,Hispanic,2135-2,247,C0242379,Malignant neoplasm of lung,C1513750,Multiple Cancer Sites,people_50-54_male_hispanic,vstat_C0242379_US_PRI_50-54_male_hispanic,US_PRI,United States and Puerto Rico,United States and Puerto Rico
,Lung and Bronchus,22030,Male,M,2018,2018.0,50-54 years,50-54,Non-Hispanic,2186-5,4004,C0242379,Malignant neoplasm of lung,C1513750,Multiple Cancer Sites,people_50-54_male_non-hispanic,vstat_C0242379_US_PRI_50-54_male_non-hispanic,US_PRI,United States and Puerto Rico,United States and Puerto Rico
,Lung and Bronchus,22030,Male,M,2018,2018.0,55-59 years,55-59,Hispanic,2135-2,466,C0242379,Malignant neoplasm of lung,C1513750,Multiple Cancer Sites,people_55-59_male_hispanic,vstat_C0242379_US_PRI_55-59_male_hispanic,US_PRI,United States and Puerto Rico,United States and Puerto Rico
,Lung and Bronchus,22030,Male,M,2018,2018.0,55-59 years,55-59,Non-Hispanic,2186-5,10007,C0242379,Malignant neoplasm of lung,C1513750,Multiple Cancer Sites,people_55-59_male_non-hispanic,vstat_C0242379_US_PRI_55-59_male_non-hispanic,US_PRI,United States and Puerto Rico,United States and Puerto Rico
,Lung and Bronchus,22030,Male,M,2018,2018.0,60-64 years ,60-64,Hispanic,2135-2,702,C0242379,Malignant neoplasm of lung,C1513750,Multiple Cancer Sites,people_60-64_male_hispanic,vstat_C0242379_US_PRI_60-64_male_hispanic,US_PRI,United States and Puerto Rico,United States and Puerto Rico
,Lung and Bronchus,22030,Male,M,2018,2018.0,60-64 years ,60-64,Non-Hispanic,2186-5,15881,C0242379,Malignant neoplasm of lung,C1513750,Multiple Cancer Sites,people_60-64_male_non-hispanic,vstat_C0242379_US_PRI_60-64_male_non-hispanic,US_PRI,United States and Puerto Rico,United States and Puerto Rico
,Lung and Bronchus,22030,Male,M,2018,2018.0,65-69 years,65-69,Hispanic,2135-2,935,C0242379,Malignant neoplasm of lung,C1513750,Multiple Cancer Sites,people_65-69_male_hispanic,vstat_C0242379_US_PRI_65-69_male_hispanic,US_PRI,United States and Puerto Rico,United States and Puerto Rico
,Lung and Bronchus,22030,Male,M,2018,2018.0,65-69 years,65-69,Non-Hispanic,2186-5,19385,C0242379,Malignant neoplasm of lung,C1513750,Multiple Cancer Sites,people_65-69_male_non-hispanic,vstat_C0242379_US_PRI_65-69_male_non-hispanic,US_PRI,United States and Puerto Rico,United States and Puerto Rico
,Lung and Bronchus,22030,Male,M,2018,2018.0,70-74 years,70-74,Hispanic,2135-2,1069,C0242379,Malignant neoplasm of lung,C1513750,Multiple Cancer Sites,people_70-74_male_hispanic,vstat_C0242379_US_PRI_70-74_male_hispanic,US_PRI,United States and Puerto Rico,United States and Puerto Rico
,Lung and Bronchus,22030,Male,M,2018,2018.0,70-74 years,70-74,Non-Hispanic,2186-5,20733,C0242379,Malignant neoplasm of lung,C1513750,Multiple Cancer Sites,people_70-74_male_non-hispanic,vstat_C0242379_US_PRI_70-74_male_non-hispanic,US_PRI,United States and Puerto Rico,United States and Puerto Rico
,Lung and Bronchus,22030,Male,M,2018,2018.0,75-79 years,75-79,Hispanic,2135-2,877,C0242379,Malignant neoplasm of lung,C1513750,Multiple Cancer Sites,people_75-79_male_hispanic,vstat_C0242379_US_PRI_75-79_male_hispanic,US_PRI,United States and Puerto Rico,United States and Puerto Rico
,Lung and Bronchus,22030,Male,M,2018,2018.0,75-79 years,75-79,Non-Hispanic,2186-5,17629,C0242379,Malignant neoplasm of lung,C1513750,Multiple Cancer Sites,people_75-79_male_non-hispanic,vstat_C0242379_US_PRI_75-79_male_non-hispanic,US_PRI,United States and Puerto Rico,United States and Puerto Rico
,Lung and Bronchus,22030,Male,M,2018,2018.0,80-84 years,80-84,Hispanic,2135-2,625,C0242379,Malignant neoplasm of lung,C1513750,Multiple Cancer Sites,people_80-84_male_hispanic,vstat_C0242379_US_PRI_80-84_male_hispanic,US_PRI,United States and Puerto Rico,United States and Puerto Rico
,Lung and Bronchus,22030,Male,M,2018,2018.0,80-84 years,80-84,Non-Hispanic,2186-5,11365,C0242379,Malignant neoplasm of lung,C1513750,Multiple Cancer Sites,people_80-84_male_non-hispanic,vstat_C0242379_US_PRI_80-84_male_non-hispanic,US_PRI,United States and Puerto Rico,United States and Puerto Rico
,Lung and Bronchus,22030,Male,M,2018,2018.0,85+ years,85+,Hispanic,2135-2,510,C0242379,Malignant neoplasm of lung,C1513750,Multiple Cancer Sites,people_85+_male_hispanic,vstat_C0242379_US_PRI_85+_male_hispanic,US_PRI,United States and Puerto Rico,United States and Puerto Rico
,Lung and Bronchus,22030,Male,M,2018,2018.0,85+ years,85+,Non-Hispanic,2186-5,8758,C0242379,Malignant neoplasm of lung,C1513750,Multiple Cancer Sites,people_85+_male_non-hispanic,vstat_C0242379_US_PRI_85+_male_non-hispanic,US_PRI,United States and Puerto Rico,United States and Puerto Rico
,Lung and Bronchus,22030,Male,M,2019,2019.0,20-24 years,20-24,Non-Hispanic,2186-5,27,C0242379,Malignant neoplasm of lung,C1513750,Multiple Cancer Sites,people_20-24_male_non-hispanic,vstat_C0242379_US_PRI_20-24_male_non-hispanic,US_PRI,United States and Puerto Rico,United States and Puerto Rico
,Lung and Bronchus,22030,Male,M,2019,2019.0,25-29 years,25-29,Non-Hispanic,2186-5,44,C0242379,Malignant neoplasm of lung,C1513750,Multiple Cancer Sites,people_25-29_male_non-hispanic,vstat_C0242379_US_PRI_25-29_male_non-hispanic,US_PRI,United States and Puerto Rico,United States and Puerto Rico
,Lung and Bronchus,22030,Male,M,2019,2019.0,30-34 years,30-34,Hispanic,2135-2,32,C0242379,Malignant neoplasm of lung,C1513750,Multiple Cancer Sites,people_30-34_male_hispanic,vstat_C0242379_US_PRI_30-34_male_hispanic,US_PRI,United States and Puerto Rico,United States and Puerto Rico
,Lung and Bronchus,22030,Male,M,2019,2019.0,30-34 years,30-34,Non-Hispanic,2186-5,107,C0242379,Malignant neoplasm of lung,C1513750,Multiple Cancer Sites,people_30-34_male_non-hispanic,vstat_C0242379_US_PRI_30-34_male_non-hispanic,US_PRI,United States and Puerto Rico,United States and Puerto Rico
,Lung and Bronchus,22030,Male,M,2019,2019.0,35-39 years,35-39,Hispanic,2135-2,25,C0242379,Malignant neoplasm of lung,C1513750,Multiple Cancer Sites,people_35-39_male_hispanic,vstat_C0242379_US_PRI_35-39_male_hispanic,US_PRI,United States and Puerto Rico,United States and Puerto Rico
,Lung and Bronchus,22030,Male,M,2019,2019.0,35-39 years,35-39,Non-Hispanic,2186-5,275,C0242379,Malignant neoplasm of lung,C1513750,Multiple Cancer Sites,people_35-39_male_non-hispanic,vstat_C0242379_US_PRI_35-39_male_non-hispanic,US_PRI,United States and Puerto Rico,United States and Puerto Rico
,Lung and Bronchus,22030,Male,M,2019,2019.0,40-44 years,40-44,Hispanic,2135-2,61,C0242379,Malignant neoplasm of lung,C1513750,Multiple Cancer Sites,people_40-44_male_hispanic,vstat_C0242379_US_PRI_40-44_male_hispanic,US_PRI,United States and Puerto Rico,United States and Puerto Rico
,Lung and Bronchus,22030,Male,M,2019,2019.0,40-44 years,40-44,Non-Hispanic,2186-5,545,C0242379,Malignant neoplasm of lung,C1513750,Multiple Cancer Sites,people_40-44_male_non-hispanic,vstat_C0242379_US_PRI_40-44_male_non-hispanic,US_PRI,United States and Puerto Rico,United States and Puerto Rico
,Lung and Bronchus,22030,Male,M,2019,2019.0,45-49 years,45-49,Hispanic,2135-2,103,C0242379,Malignant neoplasm of lung,C1513750,Multiple Cancer Sites,people_45-49_male_hispanic,vstat_C0242379_US_PRI_45-49_male_hispanic,US_PRI,United States and Puerto Rico,United States and Puerto Rico
,Lung and Bronchus,22030,Male,M,2019,2019.0,45-49 years,45-49,Non-Hispanic,2186-5,1421,C0242379,Malignant neoplasm of lung,C1513750,Multiple Cancer Sites,people_45-49_male_non-hispanic,vstat_C0242379_US_PRI_45-49_male_non-hispanic,US_PRI,United States and Puerto Rico,United States and Puerto Rico
,Lung and Bronchus,22030,Male,M,2019,2019.0,50-54 years,50-54,Hispanic,2135-2,212,C0242379,Malignant neoplasm of lung,C1513750,Multiple Cancer Sites,people_50-54_male_hispanic,vstat_C0242379_US_PRI_50-54_male_hispanic,US_PRI,United States and Puerto Rico,United States and Puerto Rico
,Lung and Bronchus,22030,Male,M,2019,2019.0,50-54 years,50-54,Non-Hispanic,2186-5,3506,C0242379,Malignant neoplasm of lung,C1513750,Multiple Cancer Sites,people_50-54_male_non-hispanic,vstat_C0242379_US_PRI_50-54_male_non-hispanic,US_PRI,United States and Puerto Rico,United States and Puerto Rico
,Lung and Bronchus,22030,Male,M,2019,2019.0,55-59 years,55-59,Hispanic,2135-2,493,C0242379,Malignant neoplasm of lung,C1513750,Multiple Cancer Sites,people_55-59_male_hispanic,vstat_C0242379_US_PRI_55-59_male_hispanic,US_PRI,United States and Puerto Rico,United States and Puerto Rico
,Lung and Bronchus,22030,Male,M,2019,2019.0,55-59 years,55-59,Non-Hispanic,2186-5,9438,C0242379,Malignant neoplasm of lung,C1513750,Multiple Cancer Sites,people_55-59_male_non-hispanic,vstat_C0242379_US_PRI_55-59_male_non-hispanic,US_PRI,United States and Puerto Rico,United States and Puerto Rico
,Lung and Bronchus,22030,Male,M,2019,2019.0,60-64 years ,60-64,Hispanic,2135-2,706,C0242379,Malignant neoplasm of lung,C1513750,Multiple Cancer Sites,people_60-64_male_hispanic,vstat_C0242379_US_PRI_60-64_male_hispanic,US_PRI,United States and Puerto Rico,United States and Puerto Rico
,Lung and Bronchus,22030,Male,M,2019,2019.0,60-64 years ,60-64,Non-Hispanic,2186-5,15839,C0242379,Malignant neoplasm of lung,C1513750,Multiple Cancer Sites,people_60-64_male_non-hispanic,vstat_C0242379_US_PRI_60-64_male_non-hispanic,US_PRI,United States and Puerto Rico,United States and Puerto Rico
,Lung and Bronchus,22030,Male,M,2019,2019.0,65-69 years,65-69,Hispanic,2135-2,1013,C0242379,Malignant neoplasm of lung,C1513750,Multiple Cancer Sites,people_65-69_male_hispanic,vstat_C0242379_US_PRI_65-69_male_hispanic,US_PRI,United States and Puerto Rico,United States and Puerto Rico
,Lung and Bronchus,22030,Male,M,2019,2019.0,65-69 years,65-69,Non-Hispanic,2186-5,19796,C0242379,Malignant neoplasm of lung,C1513750,Multiple Cancer Sites,people_65-69_male_non-hispanic,vstat_C0242379_US_PRI_65-69_male_non-hispanic,US_PRI,United States and Puerto Rico,United States and Puerto Rico
,Lung and Bronchus,22030,Male,M,2019,2019.0,70-74 years,70-74,Hispanic,2135-2,1107,C0242379,Malignant neoplasm of lung,C1513750,Multiple Cancer Sites,people_70-74_male_hispanic,vstat_C0242379_US_PRI_70-74_male_hispanic,US_PRI,United States and Puerto Rico,United States and Puerto Rico
,Lung and Bronchus,22030,Male,M,2019,2019.0,70-74 years,70-74,Non-Hispanic,2186-5,21496,C0242379,Malignant neoplasm of lung,C1513750,Multiple Cancer Sites,people_70-74_male_non-hispanic,vstat_C0242379_US_PRI_70-74_male_non-hispanic,US_PRI,United States and Puerto Rico,United States and Puerto Rico
,Lung and Bronchus,22030,Male,M,2019,2019.0,75-79 years,75-79,Hispanic,2135-2,874,C0242379,Malignant neoplasm of lung,C1513750,Multiple Cancer Sites,people_75-79_male_hispanic,vstat_C0242379_US_PRI_75-79_male_hispanic,US_PRI,United States and Puerto Rico,United States and Puerto Rico
,Lung and Bronchus,22030,Male,M,2019,2019.0,75-79 years,75-79,Non-Hispanic,2186-5,18103,C0242379,Malignant neoplasm of lung,C1513750,Multiple Cancer Sites,people_75-79_male_non-hispanic,vstat_C0242379_US_PRI_75-79_male_non-hispanic,US_PRI,United States and Puerto Rico,United States and Puerto Rico
,Lung and Bronchus,22030,Male,M,2019,2019.0,80-84 years,80-84,Hispanic,2135-2,651,C0242379,Malignant neoplasm of lung,C1513750,Multiple Cancer Sites,people_80-84_male_hispanic,vstat_C0242379_US_PRI_80-84_male_hispanic,US_PRI,United States and Puerto Rico,United States and Puerto Rico
,Lung and Bronchus,22030,Male,M,2019,2019.0,80-84 years,80-84,Non-Hispanic,2186-5,11718,C0242379,Malignant neoplasm of lung,C1513750,Multiple Cancer Sites,people_80-84_male_non-hispanic,vstat_C0242379_US_PRI_80-84_male_non-hispanic,US_PRI,United States and Puerto Rico,United States and Puerto Rico
,Lung and Bronchus,22030,Male,M,2019,2019.0,85+ years,85+,Hispanic,2135-2,550,C0242379,Malignant neoplasm of lung,C1513750,Multiple Cancer Sites,people_85+_male_hispanic,vstat_C0242379_US_PRI_85+_male_hispanic,US_PRI,United States and Puerto Rico,United States and Puerto Rico
,Lung and Bronchus,22030,Male,M,2019,2019.0,85+ years,85+,Non-Hispanic,2186-5,8640,C0242379,Malignant neoplasm of lung,C1513750,Multiple Cancer Sites,people_85+_male_non-hispanic,vstat_C0242379_US_PRI_85+_male_non-hispanic,US_PRI,United States and Puerto Rico,United States and Puerto Rico
,Lung and Bronchus,22030,Male,M,2020,2020.0,15-19 years,15-19,Non-Hispanic,2186-5,16,C0242379,Malignant neoplasm of lung,C1513750,Multiple Cancer Sites,people_15-19_male_non-hispanic,vstat_C0242379_US_PRI_15-19_male_non-hispanic,US_PRI,United States and Puerto Rico,United States and Puerto Rico
,Lung and Bronchus,22030,Male,M,2020,2020.0,20-24 years,20-24,Non-Hispanic,2186-5,26,C0242379,Malignant neoplasm of lung,C1513750,Multiple Cancer Sites,people_20-24_male_non-hispanic,vstat_C0242379_US_PRI_20-24_male_non-hispanic,US_PRI,United States and Puerto Rico,United States and Puerto Rico
,Lung and Bronchus,22030,Male,M,2020,2020.0,25-29 years,25-29,Non-Hispanic,2186-5,51,C0242379,Malignant neoplasm of lung,C1513750,Multiple Cancer Sites,people_25-29_male_non-hispanic,vstat_C0242379_US_PRI_25-29_male_non-hispanic,US_PRI,United States and Puerto Rico,United States and Puerto Rico
,Lung and Bronchus,22030,Male,M,2020,2020.0,30-34 years,30-34,Non-Hispanic,2186-5,113,C0242379,Malignant neoplasm of lung,C1513750,Multiple Cancer Sites,people_30-34_male_non-hispanic,vstat_C0242379_US_PRI_30-34_male_non-hispanic,US_PRI,United States and Puerto Rico,United States and Puerto Rico
,Lung and Bronchus,22030,Male,M,2020,2020.0,35-39 years,35-39,Hispanic,2135-2,28,C0242379,Malignant neoplasm of lung,C1513750,Multiple Cancer Sites,people_35-39_male_hispanic,vstat_C0242379_US_PRI_35-39_male_hispanic,US_PRI,United States and Puerto Rico,United States and Puerto Rico
,Lung and Bronchus,22030,Male,M,2020,2020.0,35-39 years,35-39,Non-Hispanic,2186-5,238,C0242379,Malignant neoplasm of lung,C1513750,Multiple Cancer Sites,people_35-39_male_non-hispanic,vstat_C0242379_US_PRI_35-39_male_non-hispanic,US_PRI,United States and Puerto Rico,United States and Puerto Rico
,Lung and Bronchus,22030,Male,M,2020,2020.0,40-44 years,40-44,Hispanic,2135-2,63,C0242379,Malignant neoplasm of lung,C1513750,Multiple Cancer Sites,people_40-44_male_hispanic,vstat_C0242379_US_PRI_40-44_male_hispanic,US_PRI,United States and Puerto Rico,United States and Puerto Rico
,Lung and Bronchus,22030,Male,M,2020,2020.0,40-44 years,40-44,Non-Hispanic,2186-5,501,C0242379,Malignant neoplasm of lung,C1513750,Multiple Cancer Sites,people_40-44_male_non-hispanic,vstat_C0242379_US_PRI_40-44_male_non-hispanic,US_PRI,United States and Puerto Rico,United States and Puerto Rico
,Lung and Bronchus,22030,Male,M,2020,2020.0,45-49 years,45-49,Hispanic,2135-2,103,C0242379,Malignant neoplasm of lung,C1513750,Multiple Cancer Sites,people_45-49_male_hispanic,vstat_C0242379_US_PRI_45-49_male_hispanic,US_PRI,United States and Puerto Rico,United States and Puerto Rico
,Lung and Bronchus,22030,Male,M,2020,2020.0,45-49 years,45-49,Non-Hispanic,2186-5,1240,C0242379,Malignant neoplasm of lung,C1513750,Multiple Cancer Sites,people_45-49_male_non-hispanic,vstat_C0242379_US_PRI_45-49_male_non-hispanic,US_PRI,United States and Puerto Rico,United States and Puerto Rico
,Lung and Bronchus,22030,Male,M,2020,2020.0,50-54 years,50-54,Hispanic,2135-2,220,C0242379,Malignant neoplasm of lung,C1513750,Multiple Cancer Sites,people_50-54_male_hispanic,vstat_C0242379_US_PRI_50-54_male_hispanic,US_PRI,United States and Puerto Rico,United States and Puerto Rico
,Lung and Bronchus,22030,Male,M,2020,2020.0,50-54 years,50-54,Non-Hispanic,2186-5,3060,C0242379,Malignant neoplasm of lung,C1513750,Multiple Cancer Sites,people_50-54_male_non-hispanic,vstat_C0242379_US_PRI_50-54_male_non-hispanic,US_PRI,United States and Puerto Rico,United States and Puerto Rico
,Lung and Bronchus,22030,Male,M,2020,2020.0,55-59 years,55-59,Hispanic,2135-2,436,C0242379,Malignant neoplasm of lung,C1513750,Multiple Cancer Sites,people_55-59_male_hispanic,vstat_C0242379_US_PRI_55-59_male_hispanic,US_PRI,United States and Puerto Rico,United States and Puerto Rico
,Lung and Bronchus,22030,Male,M,2020,2020.0,55-59 years,55-59,Non-Hispanic,2186-5,8055,C0242379,Malignant neoplasm of lung,C1513750,Multiple Cancer Sites,people_55-59_male_non-hispanic,vstat_C0242379_US_PRI_55-59_male_non-hispanic,US_PRI,United States and Puerto Rico,United States and Puerto Rico
,Lung and Bronchus,22030,Male,M,2020,2020.0,60-64 years ,60-64,Hispanic,2135-2,663,C0242379,Malignant neoplasm of lung,C1513750,Multiple Cancer Sites,people_60-64_male_hispanic,vstat_C0242379_US_PRI_60-64_male_hispanic,US_PRI,United States and Puerto Rico,United States and Puerto Rico
,Lung and Bronchus,22030,Male,M,2020,2020.0,60-64 years ,60-64,Non-Hispanic,2186-5,14244,C0242379,Malignant neoplasm of lung,C1513750,Multiple Cancer Sites,people_60-64_male_non-hispanic,vstat_C0242379_US_PRI_60-64_male_non-hispanic,US_PRI,United States and Puerto Rico,United States and Puerto Rico
,Lung and Bronchus,22030,Male,M,2020,2020.0,65-69 years,65-69,Hispanic,2135-2,857,C0242379,Malignant neoplasm of lung,C1513750,Multiple Cancer Sites,people_65-69_male_hispanic,vstat_C0242379_US_PRI_65-69_male_hispanic,US_PRI,United States and Puerto Rico,United States and Puerto Rico
,Lung and Bronchus,22030,Male,M,2020,2020.0,65-69 years,65-69,Non-Hispanic,2186-5,17617,C0242379,Malignant neoplasm of lung,C1513750,Multiple Cancer Sites,people_65-69_male_non-hispanic,vstat_C0242379_US_PRI_65-69_male_non-hispanic,US_PRI,United States and Puerto Rico,United States and Puerto Rico
,Lung and Bronchus,22030,Male,M,2020,2020.0,70-74 years,70-74,Hispanic,2135-2,973,C0242379,Malignant neoplasm of lung,C1513750,Multiple Cancer Sites,people_70-74_male_hispanic,vstat_C0242379_US_PRI_70-74_male_hispanic,US_PRI,United States and Puerto Rico,United States and Puerto Rico
,Lung and Bronchus,22030,Male,M,2020,2020.0,70-74 years,70-74,Non-Hispanic,2186-5,19034,C0242379,Malignant neoplasm of lung,C1513750,Multiple Cancer Sites,people_70-74_male_non-hispanic,vstat_C0242379_US_PRI_70-74_male_non-hispanic,US_PRI,United States and Puerto Rico,United States and Puerto Rico
,Lung and Bronchus,22030,Male,M,2020,2020.0,75-79 years,75-79,Hispanic,2135-2,812,C0242379,Malignant neoplasm of lung,C1513750,Multiple Cancer Sites,people_75-79_male_hispanic,vstat_C0242379_US_PRI_75-79_male_hispanic,US_PRI,United States and Puerto Rico,United States and Puerto Rico
,Lung and Bronchus,22030,Male,M,2020,2020.0,75-79 years,75-79,Non-Hispanic,2186-5,16354,C0242379,Malignant neoplasm of lung,C1513750,Multiple Cancer Sites,people_75-79_male_non-hispanic,vstat_C0242379_US_PRI_75-79_male_non-hispanic,US_PRI,United States and Puerto Rico,United States and Puerto Rico
,Lung and Bronchus,22030,Male,M,2020,2020.0,80-84 years,80-84,Hispanic,2135-2,577,C0242379,Malignant neoplasm of lung,C1513750,Multiple Cancer Sites,people_80-84_male_hispanic,vstat_C0242379_US_PRI_80-84_male_hispanic,US_PRI,United States and Puerto Rico,United States and Puerto Rico
,Lung and Bronchus,22030,Male,M,2020,2020.0,80-84 years,80-84,Non-Hispanic,2186-5,10427,C0242379,Malignant neoplasm of lung,C1513750,Multiple Cancer Sites,people_80-84_male_non-hispanic,vstat_C0242379_US_PRI_80-84_male_non-hispanic,US_PRI,United States and Puerto Rico,United States and Puerto Rico
,Lung and Bronchus,22030,Male,M,2020,2020.0,85+ years,85+,Hispanic,2135-2,460,C0242379,Malignant neoplasm of lung,C1513750,Multiple Cancer Sites,people_85+_male_hispanic,vstat_C0242379_US_PRI_85+_male_hispanic,US_PRI,United States and Puerto Rico,United States and Puerto Rico
,Lung and Bronchus,22030,Male,M,2020,2020.0,85+ years,85+,Non-Hispanic,2186-5,7610,C0242379,Malignant neoplasm of lung,C1513750,Multiple Cancer Sites,people_85+_male_non-hispanic,vstat_C0242379_US_PRI_85+_male_non-hispanic,US_PRI,United States and Puerto Rico,United States and Puerto Rico
,Lung and Bronchus,22030,Male,M,2021,2021.0,20-24 years,20-24,Non-Hispanic,2186-5,25,C0242379,Malignant neoplasm of lung,C1513750,Multiple Cancer Sites,people_20-24_male_non-hispanic,vstat_C0242379_US_PRI_20-24_male_non-hispanic,US_PRI,United States and Puerto Rico,United States and Puerto Rico
,Lung and Bronchus,22030,Male,M,2021,2021.0,25-29 years,25-29,Non-Hispanic,2186-5,37,C0242379,Malignant neoplasm of lung,C1513750,Multiple Cancer Sites,people_25-29_male_non-hispanic,vstat_C0242379_US_PRI_25-29_male_non-hispanic,US_PRI,United States and Puerto Rico,United States and Puerto Rico
,Lung and Bronchus,22030,Male,M,2021,2021.0,30-34 years,30-34,Non-Hispanic,2186-5,100,C0242379,Malignant neoplasm of lung,C1513750,Multiple Cancer Sites,people_30-34_male_non-hispanic,vstat_C0242379_US_PRI_30-34_male_non-hispanic,US_PRI,United States and Puerto Rico,United States and Puerto Rico
,Lung and Bronchus,22030,Male,M,2021,2021.0,35-39 years,35-39,Hispanic,2135-2,36,C0242379,Malignant neoplasm of lung,C1513750,Multiple Cancer Sites,people_35-39_male_hispanic,vstat_C0242379_US_PRI_35-39_male_hispanic,US_PRI,United States and Puerto Rico,United States and Puerto Rico
,Lung and Bronchus,22030,Male,M,2021,2021.0,35-39 years,35-39,Non-Hispanic,2186-5,211,C0242379,Malignant neoplasm of lung,C1513750,Multiple Cancer Sites,people_35-39_male_non-hispanic,vstat_C0242379_US_PRI_35-39_male_non-hispanic,US_PRI,United States and Puerto Rico,United States and Puerto Rico
,Lung and Bronchus,22030,Male,M,2021,2021.0,40-44 years,40-44,Hispanic,2135-2,59,C0242379,Malignant neoplasm of lung,C1513750,Multiple Cancer Sites,people_40-44_male_hispanic,vstat_C0242379_US_PRI_40-44_male_hispanic,US_PRI,United States and Puerto Rico,United States and Puerto Rico
,Lung and Bronchus,22030,Male,M,2021,2021.0,40-44 years,40-44,Non-Hispanic,2186-5,586,C0242379,Malignant neoplasm of lung,C1513750,Multiple Cancer Sites,people_40-44_male_non-hispanic,vstat_C0242379_US_PRI_40-44_male_non-hispanic,US_PRI,United States and Puerto Rico,United States and Puerto Rico
,Lung and Bronchus,22030,Male,M,2021,2021.0,45-49 years,45-49,Hispanic,2135-2,109,C0242379,Malignant neoplasm of lung,C1513750,Multiple Cancer Sites,people_45-49_male_hispanic,vstat_C0242379_US_PRI_45-49_male_hispanic,US_PRI,United States and Puerto Rico,United States and Puerto Rico
,Lung and Bronchus,22030,Male,M,2021,2021.0,45-49 years,45-49,Non-Hispanic,2186-5,1151,C0242379,Malignant neoplasm of lung,C1513750,Multiple Cancer Sites,people_45-49_male_non-hispanic,vstat_C0242379_US_PRI_45-49_male_non-hispanic,US_PRI,United States and Puerto Rico,United States and Puerto Rico
,Lung and Bronchus,22030,Male,M,2021,2021.0,50-54 years,50-54,Hispanic,2135-2,208,C0242379,Malignant neoplasm of lung,C1513750,Multiple Cancer Sites,people_50-54_male_hispanic,vstat_C0242379_US_PRI_50-54_male_hispanic,US_PRI,United States and Puerto Rico,United States and Puerto Rico
,Lung and Bronchus,22030,Male,M,2021,2021.0,50-54 years,50-54,Non-Hispanic,2186-5,2872,C0242379,Malignant neoplasm of lung,C1513750,Multiple Cancer Sites,people_50-54_male_non-hispanic,vstat_C0242379_US_PRI_50-54_male_non-hispanic,US_PRI,United States and Puerto Rico,United States and Puerto Rico
,Lung and Bronchus,22030,Male,M,2021,2021.0,55-59 years,55-59,Hispanic,2135-2,440,C0242379,Malignant neoplasm of lung,C1513750,Multiple Cancer Sites,people_55-59_male_hispanic,vstat_C0242379_US_PRI_55-59_male_hispanic,US_PRI,United States and Puerto Rico,United States and Puerto Rico
,Lung and Bronchus,22030,Male,M,2021,2021.0,55-59 years,55-59,Non-Hispanic,2186-5,7474,C0242379,Malignant neoplasm of lung,C1513750,Multiple Cancer Sites,people_55-59_male_non-hispanic,vstat_C0242379_US_PRI_55-59_male_non-hispanic,US_PRI,United States and Puerto Rico,United States and Puerto Rico
,Lung and Bronchus,22030,Male,M,2021,2021.0,60-64 years ,60-64,Hispanic,2135-2,738,C0242379,Malignant neoplasm of lung,C1513750,Multiple Cancer Sites,people_60-64_male_hispanic,vstat_C0242379_US_PRI_60-64_male_hispanic,US_PRI,United States and Puerto Rico,United States and Puerto Rico
,Lung and Bronchus,22030,Male,M,2021,2021.0,60-64 years ,60-64,Non-Hispanic,2186-5,14207,C0242379,Malignant neoplasm of lung,C1513750,Multiple Cancer Sites,people_60-64_male_non-hispanic,vstat_C0242379_US_PRI_60-64_male_non-hispanic,US_PRI,United States and Puerto Rico,United States and Puerto Rico
,Lung and Bronchus,22030,Male,M,2021,2021.0,65-69 years,65-69,Hispanic,2135-2,922,C0242379,Malignant neoplasm of lung,C1513750,Multiple Cancer Sites,people_65-69_male_hispanic,vstat_C0242379_US_PRI_65-69_male_hispanic,US_PRI,United States and Puerto Rico,United States and Puerto Rico
,Lung and Bronchus,22030,Male,M,2021,2021.0,65-69 years,65-69,Non-Hispanic,2186-5,18468,C0242379,Malignant neoplasm of lung,C1513750,Multiple Cancer Sites,people_65-69_male_non-hispanic,vstat_C0242379_US_PRI_65-69_male_non-hispanic,US_PRI,United States and Puerto Rico,United States and Puerto Rico
,Lung and Bronchus,22030,Male,M,2021,2021.0,70-74 years,70-74,Hispanic,2135-2,1048,C0242379,Malignant neoplasm of lung,C1513750,Multiple Cancer Sites,people_70-74_male_hispanic,vstat_C0242379_US_PRI_70-74_male_hispanic,US_PRI,United States and Puerto Rico,United States and Puerto Rico
,Lung and Bronchus,22030,Male,M,2021,2021.0,70-74 years,70-74,Non-Hispanic,2186-5,19808,C0242379,Malignant neoplasm of lung,C1513750,Multiple Cancer Sites,people_70-74_male_non-hispanic,vstat_C0242379_US_PRI_70-74_male_non-hispanic,US_PRI,United States and Puerto Rico,United States and Puerto Rico
,Lung and Bronchus,22030,Male,M,2021,2021.0,75-79 years,75-79,Hispanic,2135-2,911,C0242379,Malignant neoplasm of lung,C1513750,Multiple Cancer Sites,people_75-79_male_hispanic,vstat_C0242379_US_PRI_75-79_male_hispanic,US_PRI,United States and Puerto Rico,United States and Puerto Rico
,Lung and Bronchus,22030,Male,M,2021,2021.0,75-79 years,75-79,Non-Hispanic,2186-5,16262,C0242379,Malignant neoplasm of lung,C1513750,Multiple Cancer Sites,people_75-79_male_non-hispanic,vstat_C0242379_US_PRI_75-79_male_non-hispanic,US_PRI,United States and Puerto Rico,United States and Puerto Rico
,Lung and Bronchus,22030,Male,M,2021,2021.0,80-84 years,80-84,Hispanic,2135-2,573,C0242379,Malignant neoplasm of lung,C1513750,Multiple Cancer Sites,people_80-84_male_hispanic,vstat_C0242379_US_PRI_80-84_male_hispanic,US_PRI,United States and Puerto Rico,United States and Puerto Rico
,Lung and Bronchus,22030,Male,M,2021,2021.0,80-84 years,80-84,Non-Hispanic,2186-5,10505,C0242379,Malignant neoplasm of lung,C1513750,Multiple Cancer Sites,people_80-84_male_non-hispanic,vstat_C0242379_US_PRI_80-84_male_non-hispanic,US_PRI,United States and Puerto Rico,United States and Puerto Rico
,Lung and Bronchus,22030,Male,M,2021,2021.0,85+ years,85+,Hispanic,2135-2,449,C0242379,Malignant neoplasm of lung,C1513750,Multiple Cancer Sites,people_85+_male_hispanic,vstat_C0242379_US_PRI_85+_male_hispanic,US_PRI,United States and Puerto Rico,United States and Puerto Rico
,Lung and Bronchus,22030,Male,M,2021,2021.0,85+ years,85+,Non-Hispanic,2186-5,7527,C0242379,Malignant neoplasm of lung,C1513750,Multiple Cancer Sites,people_85+_male_non-hispanic,vstat_C0242379_US_PRI_85+_male_non-hispanic,US_PRI,United States and Puerto Rico,United States and Puerto Rico
