"Indicator";"Registry";"Cancer";"Age";"Sex";"Year";"Age-specific Rate"
"Incidence";"Vaud";"Lung";"0-14";"Male";"1980";"0.00"
"Incidence";"Vaud";"Lung";"0-14";"Male";"1981";"0.00"
"Incidence";"Vaud";"Lung";"0-14";"Male";"1982";"0.00"
"Incidence";"Vaud";"Lung";"0-14";"Male";"1983";"0.00"
"Incidence";"Vaud";"Lung";"0-14";"Male";"1984";"0.00"
"Incidence";"Vaud";"Lung";"0-14";"Male";"1985";"0.00"
"Incidence";"Vaud";"Lung";"0-14";"Male";"1986";"0.00"
"Incidence";"Vaud";"Lung";"0-14";"Male";"1987";"0.00"
"Incidence";"Vaud";"Lung";"0-14";"Male";"1988";"0.00"
"Incidence";"Vaud";"Lung";"0-14";"Male";"1989";"0.00"
"Incidence";"Vaud";"Lung";"0-14";"Male";"1990";"0.00"
"Incidence";"Vaud";"Lung";"0-14";"Male";"1991";"0.00"
"Incidence";"Vaud";"Lung";"0-14";"Male";"1992";"0.00"
"Incidence";"Vaud";"Lung";"0-14";"Male";"1993";"0.00"
"Incidence";"Vaud";"Lung";"0-14";"Male";"1994";"0.00"
"Incidence";"Vaud";"Lung";"0-14";"Male";"1995";"0.00"
"Incidence";"Vaud";"Lung";"0-14";"Male";"1996";"0.00"
"Incidence";"Vaud";"Lung";"0-14";"Male";"1997";"0.00"
"Incidence";"Vaud";"Lung";"0-14";"Male";"1998";"0.00"
"Incidence";"Vaud";"Lung";"0-14";"Male";"1999";"0.00"
"Incidence";"Vaud";"Lung";"0-14";"Male";"2000";"0.00"
"Incidence";"Vaud";"Lung";"0-14";"Male";"2001";"0.00"
"Incidence";"Vaud";"Lung";"0-14";"Male";"2002";"0.00"
"Incidence";"Vaud";"Lung";"0-14";"Male";"2003";"0.00"
"Incidence";"Vaud";"Lung";"0-14";"Male";"2004";"0.00"
"Incidence";"Vaud";"Lung";"0-14";"Male";"2005";"0.00"
"Incidence";"Vaud";"Lung";"0-14";"Male";"2006";"1.72"
"Incidence";"Vaud";"Lung";"0-14";"Male";"2007";"0.00"
"Incidence";"Vaud";"Lung";"0-14";"Male";"2008";"0.00"
"Incidence";"Vaud";"Lung";"0-14";"Male";"2009";"0.00"
"Incidence";"Vaud";"Lung";"0-14";"Male";"2010";"0.00"
"Incidence";"Vaud";"Lung";"0-14";"Male";"2011";"0.00"
"Incidence";"Vaud";"Lung";"0-14";"Male";"2012";"0.00"
"Incidence";"Vaud";"Lung";"0-14";"Male";"2013";"0.00"
"Incidence";"Vaud";"Lung";"0-14";"Male";"2014";"0.00"
"Incidence";"Vaud";"Lung";"0-14";"Male";"2015";"0.00"
"Incidence";"Vaud";"Lung";"0-14";"Male";"2016";"0.00"
"Incidence";"Vaud";"Lung";"0-14";"Male";"2017";"0.00"
"Incidence";"Neuchatel and Jura";"Lung";"0-14";"Male";"1980";"0.00"
"Incidence";"Neuchatel and Jura";"Lung";"0-14";"Male";"1981";"0.00"
"Incidence";"Neuchatel and Jura";"Lung";"0-14";"Male";"1982";"0.00"
"Incidence";"Neuchatel and Jura";"Lung";"0-14";"Male";"1983";"0.00"
"Incidence";"Neuchatel and Jura";"Lung";"0-14";"Male";"1984";"0.00"
"Incidence";"Neuchatel and Jura";"Lung";"0-14";"Male";"1985";"0.00"
"Incidence";"Neuchatel and Jura";"Lung";"0-14";"Male";"1986";"0.00"
"Incidence";"Neuchatel and Jura";"Lung";"0-14";"Male";"1987";"0.00"
"Incidence";"Neuchatel and Jura";"Lung";"0-14";"Male";"1988";"0.00"
"Incidence";"Neuchatel and Jura";"Lung";"0-14";"Male";"1989";"0.00"
"Incidence";"Neuchatel and Jura";"Lung";"0-14";"Male";"1990";"0.00"
"Incidence";"Neuchatel and Jura";"Lung";"0-14";"Male";"1991";"0.00"
"Incidence";"Neuchatel and Jura";"Lung";"0-14";"Male";"1992";"0.00"
"Incidence";"Neuchatel and Jura";"Lung";"0-14";"Male";"1993";"0.00"
"Incidence";"Neuchatel and Jura";"Lung";"0-14";"Male";"1994";"0.00"
"Incidence";"Neuchatel and Jura";"Lung";"0-14";"Male";"1995";"0.00"
"Incidence";"Neuchatel and Jura";"Lung";"0-14";"Male";"1996";"0.00"
"Incidence";"Neuchatel and Jura";"Lung";"0-14";"Male";"1997";"0.00"
"Incidence";"Neuchatel and Jura";"Lung";"0-14";"Male";"1998";"0.00"
"Incidence";"Neuchatel and Jura";"Lung";"0-14";"Male";"1999";"0.00"
"Incidence";"Neuchatel and Jura";"Lung";"0-14";"Male";"2000";"0.00"
"Incidence";"Neuchatel and Jura";"Lung";"0-14";"Male";"2001";"0.00"
"Incidence";"Neuchatel and Jura";"Lung";"0-14";"Male";"2002";"0.00"
"Incidence";"Neuchatel and Jura";"Lung";"0-14";"Male";"2003";"0.00"
"Incidence";"Neuchatel and Jura";"Lung";"0-14";"Male";"2004";"0.00"
"Incidence";"Neuchatel and Jura";"Lung";"0-14";"Male";"2005";"0.00"
"Incidence";"Neuchatel and Jura";"Lung";"0-14";"Male";"2006";"0.00"
"Incidence";"Neuchatel and Jura";"Lung";"0-14";"Male";"2007";"0.00"
"Incidence";"Neuchatel and Jura";"Lung";"0-14";"Male";"2008";"0.00"
"Incidence";"Neuchatel and Jura";"Lung";"0-14";"Male";"2009";"0.00"
"Incidence";"Neuchatel and Jura";"Lung";"0-14";"Male";"2010";"0.00"
"Incidence";"Neuchatel and Jura";"Lung";"0-14";"Male";"2011";"0.00"
"Incidence";"Neuchatel and Jura";"Lung";"0-14";"Male";"2012";"0.00"
"Incidence";"Neuchatel and Jura";"Lung";"0-14";"Male";"2013";"0.00"
"Incidence";"Neuchatel and Jura";"Lung";"0-14";"Male";"2014";"0.00"
"Incidence";"Neuchatel and Jura";"Lung";"0-14";"Male";"2015";"0.00"
"Incidence";"Neuchatel and Jura";"Lung";"0-14";"Male";"2016";"0.00"
"Incidence";"Neuchatel and Jura";"Lung";"0-14";"Male";"2017";"0.00"
"Incidence";"Neuchatel and Jura";"Lung";"0-14";"Male";"2018";"0.00"
"Incidence";"Neuchatel and Jura";"Lung";"0-14";"Male";"2019";"0.00"
"Incidence";"East Switzerland";"Lung";"0-14";"Male";"1980";"0.00"
"Incidence";"East Switzerland";"Lung";"0-14";"Male";"1981";"0.00"
"Incidence";"East Switzerland";"Lung";"0-14";"Male";"1982";"0.00"
"Incidence";"East Switzerland";"Lung";"0-14";"Male";"1983";"0.00"
"Incidence";"East Switzerland";"Lung";"0-14";"Male";"1984";"0.00"
"Incidence";"East Switzerland";"Lung";"0-14";"Male";"1985";"0.00"
"Incidence";"East Switzerland";"Lung";"0-14";"Male";"1986";"0.00"
"Incidence";"East Switzerland";"Lung";"0-14";"Male";"1987";"0.00"
"Incidence";"East Switzerland";"Lung";"0-14";"Male";"1988";"0.00"
"Incidence";"East Switzerland";"Lung";"0-14";"Male";"1989";"0.00"
"Incidence";"East Switzerland";"Lung";"0-14";"Male";"1990";"0.00"
"Incidence";"East Switzerland";"Lung";"0-14";"Male";"1991";"0.00"
"Incidence";"East Switzerland";"Lung";"0-14";"Male";"1992";"0.00"
"Incidence";"East Switzerland";"Lung";"0-14";"Male";"1993";"0.00"
"Incidence";"East Switzerland";"Lung";"0-14";"Male";"1994";"0.00"
"Incidence";"East Switzerland";"Lung";"0-14";"Male";"1995";"0.00"
"Incidence";"East Switzerland";"Lung";"0-14";"Male";"1996";"0.00"
"Incidence";"East Switzerland";"Lung";"0-14";"Male";"1997";"0.00"
"Incidence";"East Switzerland";"Lung";"0-14";"Male";"1998";"0.00"
"Incidence";"East Switzerland";"Lung";"0-14";"Male";"1999";"0.00"
"Incidence";"East Switzerland";"Lung";"0-14";"Male";"2000";"0.00"
"Incidence";"East Switzerland";"Lung";"0-14";"Male";"2001";"0.00"
"Incidence";"East Switzerland";"Lung";"0-14";"Male";"2002";"0.00"
"Incidence";"East Switzerland";"Lung";"0-14";"Male";"2003";"0.00"
"Incidence";"East Switzerland";"Lung";"0-14";"Male";"2004";"0.00"
"Incidence";"East Switzerland";"Lung";"0-14";"Male";"2005";"0.00"
"Incidence";"East Switzerland";"Lung";"0-14";"Male";"2006";"0.00"
"Incidence";"East Switzerland";"Lung";"0-14";"Male";"2007";"0.00"
"Incidence";"East Switzerland";"Lung";"0-14";"Male";"2008";"0.00"
"Incidence";"East Switzerland";"Lung";"0-14";"Male";"2009";"0.00"
"Incidence";"East Switzerland";"Lung";"0-14";"Male";"2010";"0.00"
"Incidence";"East Switzerland";"Lung";"0-14";"Male";"2011";"0.00"
"Incidence";"East Switzerland";"Lung";"0-14";"Male";"2012";"0.00"
"Incidence";"East Switzerland";"Lung";"0-14";"Male";"2013";"0.00"
"Incidence";"East Switzerland";"Lung";"0-14";"Male";"2014";"0.00"
"Incidence";"East Switzerland";"Lung";"0-14";"Male";"2015";"0.00"
"Incidence";"East Switzerland";"Lung";"0-14";"Male";"2016";"0.00"
"Incidence";"East Switzerland";"Lung";"0-14";"Male";"2017";"0.00"
"Incidence";"East Switzerland";"Lung";"0-14";"Male";"2018";"0.00"
"Incidence";"East Switzerland";"Lung";"0-14";"Male";"2019";"0.00"
"Incidence";"Vaud";"Lung";"0-14";"Female";"1980";"0.00"
"Incidence";"Vaud";"Lung";"0-14";"Female";"1981";"0.00"
"Incidence";"Vaud";"Lung";"0-14";"Female";"1982";"0.00"
"Incidence";"Vaud";"Lung";"0-14";"Female";"1983";"0.00"
"Incidence";"Vaud";"Lung";"0-14";"Female";"1984";"0.00"
"Incidence";"Vaud";"Lung";"0-14";"Female";"1985";"0.00"
"Incidence";"Vaud";"Lung";"0-14";"Female";"1986";"0.00"
"Incidence";"Vaud";"Lung";"0-14";"Female";"1987";"0.00"
"Incidence";"Vaud";"Lung";"0-14";"Female";"1988";"0.00"
"Incidence";"Vaud";"Lung";"0-14";"Female";"1989";"0.00"
"Incidence";"Vaud";"Lung";"0-14";"Female";"1990";"0.00"
"Incidence";"Vaud";"Lung";"0-14";"Female";"1991";"0.00"
"Incidence";"Vaud";"Lung";"0-14";"Female";"1992";"0.00"
"Incidence";"Vaud";"Lung";"0-14";"Female";"1993";"0.00"
"Incidence";"Vaud";"Lung";"0-14";"Female";"1994";"0.00"
"Incidence";"Vaud";"Lung";"0-14";"Female";"1995";"0.00"
"Incidence";"Vaud";"Lung";"0-14";"Female";"1996";"0.00"
"Incidence";"Vaud";"Lung";"0-14";"Female";"1997";"0.00"
"Incidence";"Vaud";"Lung";"0-14";"Female";"1998";"0.00"
"Incidence";"Vaud";"Lung";"0-14";"Female";"1999";"0.00"
"Incidence";"Vaud";"Lung";"0-14";"Female";"2000";"0.00"
"Incidence";"Vaud";"Lung";"0-14";"Female";"2001";"0.00"
"Incidence";"Vaud";"Lung";"0-14";"Female";"2002";"0.00"
"Incidence";"Vaud";"Lung";"0-14";"Female";"2003";"0.00"
"Incidence";"Vaud";"Lung";"0-14";"Female";"2004";"0.00"
"Incidence";"Vaud";"Lung";"0-14";"Female";"2005";"0.00"
"Incidence";"Vaud";"Lung";"0-14";"Female";"2006";"0.00"
"Incidence";"Vaud";"Lung";"0-14";"Female";"2007";"0.00"
"Incidence";"Vaud";"Lung";"0-14";"Female";"2008";"0.00"
"Incidence";"Vaud";"Lung";"0-14";"Female";"2009";"0.00"
"Incidence";"Vaud";"Lung";"0-14";"Female";"2010";"0.00"
"Incidence";"Vaud";"Lung";"0-14";"Female";"2011";"0.00"
"Incidence";"Vaud";"Lung";"0-14";"Female";"2012";"1.71"
"Incidence";"Vaud";"Lung";"0-14";"Female";"2013";"0.00"
"Incidence";"Vaud";"Lung";"0-14";"Female";"2014";"0.00"
"Incidence";"Vaud";"Lung";"0-14";"Female";"2015";"0.00"
"Incidence";"Vaud";"Lung";"0-14";"Female";"2016";"0.00"
"Incidence";"Vaud";"Lung";"0-14";"Female";"2017";"0.00"
"Incidence";"East Switzerland";"Lung";"0-14";"Female";"1980";"0.00"
"Incidence";"East Switzerland";"Lung";"0-14";"Female";"1981";"0.00"
"Incidence";"East Switzerland";"Lung";"0-14";"Female";"1982";"0.00"
"Incidence";"East Switzerland";"Lung";"0-14";"Female";"1983";"0.00"
"Incidence";"East Switzerland";"Lung";"0-14";"Female";"1984";"0.00"
"Incidence";"East Switzerland";"Lung";"0-14";"Female";"1985";"0.00"
"Incidence";"East Switzerland";"Lung";"0-14";"Female";"1986";"0.00"
"Incidence";"East Switzerland";"Lung";"0-14";"Female";"1987";"0.00"
"Incidence";"East Switzerland";"Lung";"0-14";"Female";"1988";"0.00"
"Incidence";"East Switzerland";"Lung";"0-14";"Female";"1989";"0.00"
"Incidence";"East Switzerland";"Lung";"0-14";"Female";"1990";"0.00"
"Incidence";"East Switzerland";"Lung";"0-14";"Female";"1991";"0.00"
"Incidence";"East Switzerland";"Lung";"0-14";"Female";"1992";"0.00"
"Incidence";"East Switzerland";"Lung";"0-14";"Female";"1993";"0.00"
"Incidence";"East Switzerland";"Lung";"0-14";"Female";"1994";"0.00"
"Incidence";"East Switzerland";"Lung";"0-14";"Female";"1995";"0.00"
"Incidence";"East Switzerland";"Lung";"0-14";"Female";"1996";"0.00"
"Incidence";"East Switzerland";"Lung";"0-14";"Female";"1997";"0.00"
"Incidence";"East Switzerland";"Lung";"0-14";"Female";"1998";"0.00"
"Incidence";"East Switzerland";"Lung";"0-14";"Female";"1999";"0.00"
"Incidence";"East Switzerland";"Lung";"0-14";"Female";"2000";"0.00"
"Incidence";"East Switzerland";"Lung";"0-14";"Female";"2001";"0.00"
"Incidence";"East Switzerland";"Lung";"0-14";"Female";"2002";"0.00"
"Incidence";"East Switzerland";"Lung";"0-14";"Female";"2003";"0.00"
"Incidence";"East Switzerland";"Lung";"0-14";"Female";"2004";"0.00"
"Incidence";"East Switzerland";"Lung";"0-14";"Female";"2005";"0.00"
"Incidence";"East Switzerland";"Lung";"0-14";"Female";"2006";"0.00"
"Incidence";"East Switzerland";"Lung";"0-14";"Female";"2007";"0.00"
"Incidence";"East Switzerland";"Lung";"0-14";"Female";"2008";"0.00"
"Incidence";"East Switzerland";"Lung";"0-14";"Female";"2009";"0.00"
"Incidence";"East Switzerland";"Lung";"0-14";"Female";"2010";"0.00"
"Incidence";"East Switzerland";"Lung";"0-14";"Female";"2011";"0.00"
"Incidence";"East Switzerland";"Lung";"0-14";"Female";"2012";"0.00"
"Incidence";"East Switzerland";"Lung";"0-14";"Female";"2013";"0.00"
"Incidence";"East Switzerland";"Lung";"0-14";"Female";"2014";"0.00"
"Incidence";"East Switzerland";"Lung";"0-14";"Female";"2015";"0.00"
"Incidence";"East Switzerland";"Lung";"0-14";"Female";"2016";"0.00"
"Incidence";"East Switzerland";"Lung";"0-14";"Female";"2017";"0.00"
"Incidence";"East Switzerland";"Lung";"0-14";"Female";"2018";"0.00"
"Incidence";"East Switzerland";"Lung";"0-14";"Female";"2019";"0.00"
"Incidence";"Zurich, Zug, Schaffhausen, and Schwyz";"Lung";"0-14";"Male";"1980";"0.00"
"Incidence";"Zurich, Zug, Schaffhausen, and Schwyz";"Lung";"0-14";"Male";"1981";"0.00"
"Incidence";"Zurich, Zug, Schaffhausen, and Schwyz";"Lung";"0-14";"Male";"1982";"0.00"
"Incidence";"Zurich, Zug, Schaffhausen, and Schwyz";"Lung";"0-14";"Male";"1983";"0.00"
"Incidence";"Zurich, Zug, Schaffhausen, and Schwyz";"Lung";"0-14";"Male";"1984";"0.00"
"Incidence";"Zurich, Zug, Schaffhausen, and Schwyz";"Lung";"0-14";"Male";"1985";"0.00"
"Incidence";"Zurich, Zug, Schaffhausen, and Schwyz";"Lung";"0-14";"Male";"1986";"0.00"
"Incidence";"Zurich, Zug, Schaffhausen, and Schwyz";"Lung";"0-14";"Male";"1987";"0.00"
"Incidence";"Zurich, Zug, Schaffhausen, and Schwyz";"Lung";"0-14";"Male";"1988";"0.00"
"Incidence";"Zurich, Zug, Schaffhausen, and Schwyz";"Lung";"0-14";"Male";"1989";"0.00"
"Incidence";"Zurich, Zug, Schaffhausen, and Schwyz";"Lung";"0-14";"Male";"1990";"0.00"
"Incidence";"Zurich, Zug, Schaffhausen, and Schwyz";"Lung";"0-14";"Male";"1991";"0.00"
"Incidence";"Zurich, Zug, Schaffhausen, and Schwyz";"Lung";"0-14";"Male";"1992";"0.00"
"Incidence";"Zurich, Zug, Schaffhausen, and Schwyz";"Lung";"0-14";"Male";"1993";"0.00"
"Incidence";"Zurich, Zug, Schaffhausen, and Schwyz";"Lung";"0-14";"Male";"1994";"0.00"
"Incidence";"Zurich, Zug, Schaffhausen, and Schwyz";"Lung";"0-14";"Male";"1995";"0.00"
"Incidence";"Zurich, Zug, Schaffhausen, and Schwyz";"Lung";"0-14";"Male";"1996";"0.00"
"Incidence";"Zurich, Zug, Schaffhausen, and Schwyz";"Lung";"0-14";"Male";"1997";"0.00"
"Incidence";"Zurich, Zug, Schaffhausen, and Schwyz";"Lung";"0-14";"Male";"1998";"0.00"
"Incidence";"Zurich, Zug, Schaffhausen, and Schwyz";"Lung";"0-14";"Male";"1999";"0.00"
"Incidence";"Zurich, Zug, Schaffhausen, and Schwyz";"Lung";"0-14";"Male";"2000";"0.00"
"Incidence";"Zurich, Zug, Schaffhausen, and Schwyz";"Lung";"0-14";"Male";"2001";"0.00"
"Incidence";"Zurich, Zug, Schaffhausen, and Schwyz";"Lung";"0-14";"Male";"2002";"0.00"
"Incidence";"Zurich, Zug, Schaffhausen, and Schwyz";"Lung";"0-14";"Male";"2003";"0.00"
"Incidence";"Zurich, Zug, Schaffhausen, and Schwyz";"Lung";"0-14";"Male";"2004";"0.00"
"Incidence";"Zurich, Zug, Schaffhausen, and Schwyz";"Lung";"0-14";"Male";"2005";"0.00"
"Incidence";"Zurich, Zug, Schaffhausen, and Schwyz";"Lung";"0-14";"Male";"2006";"0.00"
"Incidence";"Zurich, Zug, Schaffhausen, and Schwyz";"Lung";"0-14";"Male";"2007";"0.00"
"Incidence";"Zurich, Zug, Schaffhausen, and Schwyz";"Lung";"0-14";"Male";"2008";"0.00"
"Incidence";"Zurich, Zug, Schaffhausen, and Schwyz";"Lung";"0-14";"Male";"2009";"0.00"
"Incidence";"Zurich, Zug, Schaffhausen, and Schwyz";"Lung";"0-14";"Male";"2010";"0.00"
"Incidence";"Zurich, Zug, Schaffhausen, and Schwyz";"Lung";"0-14";"Male";"2011";"0.00"
"Incidence";"Zurich, Zug, Schaffhausen, and Schwyz";"Lung";"0-14";"Male";"2012";"0.00"
"Incidence";"Zurich, Zug, Schaffhausen, and Schwyz";"Lung";"0-14";"Male";"2013";"0.00"
"Incidence";"Zurich, Zug, Schaffhausen, and Schwyz";"Lung";"0-14";"Male";"2014";"0.00"
"Incidence";"Zurich, Zug, Schaffhausen, and Schwyz";"Lung";"0-14";"Male";"2015";"0.00"
"Incidence";"Zurich, Zug, Schaffhausen, and Schwyz";"Lung";"0-14";"Male";"2016";"0.00"
"Incidence";"Zurich, Zug, Schaffhausen, and Schwyz";"Lung";"0-14";"Male";"2017";"0.00"
"Incidence";"Zurich, Zug, Schaffhausen, and Schwyz";"Lung";"0-14";"Male";"2018";"0.00"
"Incidence";"Zurich, Zug, Schaffhausen, and Schwyz";"Lung";"0-14";"Male";"2019";"0.00"
"Incidence";"Zurich, Zug, Schaffhausen, and Schwyz";"Lung";"0-14";"Female";"1980";"0.00"
"Incidence";"Zurich, Zug, Schaffhausen, and Schwyz";"Lung";"0-14";"Female";"1981";"0.00"
"Incidence";"Zurich, Zug, Schaffhausen, and Schwyz";"Lung";"0-14";"Female";"1982";"0.00"
"Incidence";"Zurich, Zug, Schaffhausen, and Schwyz";"Lung";"0-14";"Female";"1983";"0.00"
"Incidence";"Zurich, Zug, Schaffhausen, and Schwyz";"Lung";"0-14";"Female";"1984";"0.00"
"Incidence";"Zurich, Zug, Schaffhausen, and Schwyz";"Lung";"0-14";"Female";"1985";"0.00"
"Incidence";"Zurich, Zug, Schaffhausen, and Schwyz";"Lung";"0-14";"Female";"1986";"0.00"
"Incidence";"Zurich, Zug, Schaffhausen, and Schwyz";"Lung";"0-14";"Female";"1987";"0.00"
"Incidence";"Zurich, Zug, Schaffhausen, and Schwyz";"Lung";"0-14";"Female";"1988";"0.00"
"Incidence";"Zurich, Zug, Schaffhausen, and Schwyz";"Lung";"0-14";"Female";"1989";"0.00"
"Incidence";"Zurich, Zug, Schaffhausen, and Schwyz";"Lung";"0-14";"Female";"1990";"0.00"
"Incidence";"Zurich, Zug, Schaffhausen, and Schwyz";"Lung";"0-14";"Female";"1991";"0.00"
"Incidence";"Zurich, Zug, Schaffhausen, and Schwyz";"Lung";"0-14";"Female";"1992";"0.00"
"Incidence";"Zurich, Zug, Schaffhausen, and Schwyz";"Lung";"0-14";"Female";"1993";"0.00"
"Incidence";"Zurich, Zug, Schaffhausen, and Schwyz";"Lung";"0-14";"Female";"1994";"0.00"
"Incidence";"Zurich, Zug, Schaffhausen, and Schwyz";"Lung";"0-14";"Female";"1995";"0.00"
"Incidence";"Zurich, Zug, Schaffhausen, and Schwyz";"Lung";"0-14";"Female";"1996";"0.00"
"Incidence";"Zurich, Zug, Schaffhausen, and Schwyz";"Lung";"0-14";"Female";"1997";"0.00"
"Incidence";"Zurich, Zug, Schaffhausen, and Schwyz";"Lung";"0-14";"Female";"1998";"0.00"
"Incidence";"Zurich, Zug, Schaffhausen, and Schwyz";"Lung";"0-14";"Female";"1999";"0.00"
"Incidence";"Zurich, Zug, Schaffhausen, and Schwyz";"Lung";"0-14";"Female";"2000";"0.00"
"Incidence";"Zurich, Zug, Schaffhausen, and Schwyz";"Lung";"0-14";"Female";"2001";"0.00"
"Incidence";"Zurich, Zug, Schaffhausen, and Schwyz";"Lung";"0-14";"Female";"2002";"0.00"
"Incidence";"Zurich, Zug, Schaffhausen, and Schwyz";"Lung";"0-14";"Female";"2003";"0.00"
"Incidence";"Zurich, Zug, Schaffhausen, and Schwyz";"Lung";"0-14";"Female";"2004";"0.00"
"Incidence";"Zurich, Zug, Schaffhausen, and Schwyz";"Lung";"0-14";"Female";"2005";"0.00"
"Incidence";"Zurich, Zug, Schaffhausen, and Schwyz";"Lung";"0-14";"Female";"2006";"0.00"
"Incidence";"Zurich, Zug, Schaffhausen, and Schwyz";"Lung";"0-14";"Female";"2007";"0.00"
"Incidence";"Zurich, Zug, Schaffhausen, and Schwyz";"Lung";"0-14";"Female";"2008";"0.00"
"Incidence";"Zurich, Zug, Schaffhausen, and Schwyz";"Lung";"0-14";"Female";"2009";"0.00"
"Incidence";"Zurich, Zug, Schaffhausen, and Schwyz";"Lung";"0-14";"Female";"2010";"0.00"
"Incidence";"Zurich, Zug, Schaffhausen, and Schwyz";"Lung";"0-14";"Female";"2011";"0.00"
"Incidence";"Zurich, Zug, Schaffhausen, and Schwyz";"Lung";"0-14";"Female";"2012";"0.00"
"Incidence";"Zurich, Zug, Schaffhausen, and Schwyz";"Lung";"0-14";"Female";"2013";"0.00"
"Incidence";"Zurich, Zug, Schaffhausen, and Schwyz";"Lung";"0-14";"Female";"2014";"0.00"
"Incidence";"Zurich, Zug, Schaffhausen, and Schwyz";"Lung";"0-14";"Female";"2015";"0.00"
"Incidence";"Zurich, Zug, Schaffhausen, and Schwyz";"Lung";"0-14";"Female";"2016";"0.00"
"Incidence";"Zurich, Zug, Schaffhausen, and Schwyz";"Lung";"0-14";"Female";"2017";"0.00"
"Incidence";"Zurich, Zug, Schaffhausen, and Schwyz";"Lung";"0-14";"Female";"2018";"0.00"
"Incidence";"Zurich, Zug, Schaffhausen, and Schwyz";"Lung";"0-14";"Female";"2019";"0.00"
"Incidence";"Geneva";"Lung";"0-14";"Male";"1980";"0.00"
"Incidence";"Geneva";"Lung";"0-14";"Male";"1981";"0.00"
"Incidence";"Geneva";"Lung";"0-14";"Male";"1982";"0.00"
"Incidence";"Geneva";"Lung";"0-14";"Male";"1983";"0.00"
"Incidence";"Geneva";"Lung";"0-14";"Male";"1984";"0.00"
"Incidence";"Geneva";"Lung";"0-14";"Male";"1985";"0.00"
"Incidence";"Geneva";"Lung";"0-14";"Male";"1986";"0.00"
"Incidence";"Geneva";"Lung";"0-14";"Male";"1987";"0.00"
"Incidence";"Geneva";"Lung";"0-14";"Male";"1988";"0.00"
"Incidence";"Geneva";"Lung";"0-14";"Male";"1989";"0.00"
"Incidence";"Geneva";"Lung";"0-14";"Male";"1990";"0.00"
"Incidence";"Geneva";"Lung";"0-14";"Male";"1991";"0.00"
"Incidence";"Geneva";"Lung";"0-14";"Male";"1992";"0.00"
"Incidence";"Geneva";"Lung";"0-14";"Male";"1993";"0.00"
"Incidence";"Geneva";"Lung";"0-14";"Male";"1994";"0.00"
"Incidence";"Geneva";"Lung";"0-14";"Male";"1995";"0.00"
"Incidence";"Geneva";"Lung";"0-14";"Male";"1996";"0.00"
"Incidence";"Geneva";"Lung";"0-14";"Male";"1997";"0.00"
"Incidence";"Geneva";"Lung";"0-14";"Male";"1998";"0.00"
"Incidence";"Geneva";"Lung";"0-14";"Male";"1999";"0.00"
"Incidence";"Geneva";"Lung";"0-14";"Male";"2000";"0.00"
"Incidence";"Geneva";"Lung";"0-14";"Male";"2001";"0.00"
"Incidence";"Geneva";"Lung";"0-14";"Male";"2002";"0.00"
"Incidence";"Geneva";"Lung";"0-14";"Male";"2003";"0.00"
"Incidence";"Geneva";"Lung";"0-14";"Male";"2004";"0.00"
"Incidence";"Geneva";"Lung";"0-14";"Male";"2005";"0.00"
"Incidence";"Geneva";"Lung";"0-14";"Male";"2006";"0.00"
"Incidence";"Geneva";"Lung";"0-14";"Male";"2007";"0.00"
"Incidence";"Geneva";"Lung";"0-14";"Male";"2008";"0.00"
"Incidence";"Geneva";"Lung";"0-14";"Male";"2009";"0.00"
"Incidence";"Geneva";"Lung";"0-14";"Male";"2010";"0.00"
"Incidence";"Geneva";"Lung";"0-14";"Male";"2011";"0.00"
"Incidence";"Geneva";"Lung";"0-14";"Male";"2012";"0.00"
"Incidence";"Geneva";"Lung";"0-14";"Male";"2013";"0.00"
"Incidence";"Geneva";"Lung";"0-14";"Male";"2014";"0.00"
"Incidence";"Geneva";"Lung";"0-14";"Male";"2015";"0.00"
"Incidence";"Geneva";"Lung";"0-14";"Male";"2016";"0.00"
"Incidence";"Geneva";"Lung";"0-14";"Male";"2017";"0.00"
"Incidence";"Geneva";"Lung";"0-14";"Male";"2018";"0.00"
"Incidence";"Geneva";"Lung";"0-14";"Male";"2019";"0.00"
"Incidence";"Geneva";"Lung";"0-14";"Female";"1980";"0.00"
"Incidence";"Geneva";"Lung";"0-14";"Female";"1981";"3.56"
"Incidence";"Geneva";"Lung";"0-14";"Female";"1982";"0.00"
"Incidence";"Geneva";"Lung";"0-14";"Female";"1983";"0.00"
"Incidence";"Geneva";"Lung";"0-14";"Female";"1984";"0.00"
"Incidence";"Geneva";"Lung";"0-14";"Female";"1985";"0.00"
"Incidence";"Geneva";"Lung";"0-14";"Female";"1986";"0.00"
"Incidence";"Geneva";"Lung";"0-14";"Female";"1987";"0.00"
"Incidence";"Geneva";"Lung";"0-14";"Female";"1988";"0.00"
"Incidence";"Geneva";"Lung";"0-14";"Female";"1989";"0.00"
"Incidence";"Geneva";"Lung";"0-14";"Female";"1990";"0.00"
"Incidence";"Geneva";"Lung";"0-14";"Female";"1991";"0.00"
"Incidence";"Geneva";"Lung";"0-14";"Female";"1992";"0.00"
"Incidence";"Geneva";"Lung";"0-14";"Female";"1993";"0.00"
"Incidence";"Geneva";"Lung";"0-14";"Female";"1994";"0.00"
"Incidence";"Geneva";"Lung";"0-14";"Female";"1995";"0.00"
"Incidence";"Geneva";"Lung";"0-14";"Female";"1996";"0.00"
"Incidence";"Geneva";"Lung";"0-14";"Female";"1997";"0.00"
"Incidence";"Geneva";"Lung";"0-14";"Female";"1998";"0.00"
"Incidence";"Geneva";"Lung";"0-14";"Female";"1999";"0.00"
"Incidence";"Geneva";"Lung";"0-14";"Female";"2000";"0.00"
"Incidence";"Geneva";"Lung";"0-14";"Female";"2001";"0.00"
"Incidence";"Geneva";"Lung";"0-14";"Female";"2002";"0.00"
"Incidence";"Geneva";"Lung";"0-14";"Female";"2003";"0.00"
"Incidence";"Geneva";"Lung";"0-14";"Female";"2004";"0.00"
"Incidence";"Geneva";"Lung";"0-14";"Female";"2005";"0.00"
"Incidence";"Geneva";"Lung";"0-14";"Female";"2006";"0.00"
"Incidence";"Geneva";"Lung";"0-14";"Female";"2007";"0.00"
"Incidence";"Geneva";"Lung";"0-14";"Female";"2008";"0.00"
"Incidence";"Geneva";"Lung";"0-14";"Female";"2009";"0.00"
"Incidence";"Geneva";"Lung";"0-14";"Female";"2010";"0.00"
"Incidence";"Geneva";"Lung";"0-14";"Female";"2011";"0.00"
"Incidence";"Geneva";"Lung";"0-14";"Female";"2012";"0.00"
"Incidence";"Geneva";"Lung";"0-14";"Female";"2013";"0.00"
"Incidence";"Geneva";"Lung";"0-14";"Female";"2014";"0.00"
"Incidence";"Geneva";"Lung";"0-14";"Female";"2015";"0.00"
"Incidence";"Geneva";"Lung";"0-14";"Female";"2016";"0.00"
"Incidence";"Geneva";"Lung";"0-14";"Female";"2017";"0.00"
"Incidence";"Geneva";"Lung";"0-14";"Female";"2018";"0.00"
"Incidence";"Geneva";"Lung";"0-14";"Female";"2019";"0.00"
"Incidence";"Neuchatel and Jura";"Lung";"0-14";"Female";"1980";"0.00"
"Incidence";"Neuchatel and Jura";"Lung";"0-14";"Female";"1981";"0.00"
"Incidence";"Neuchatel and Jura";"Lung";"0-14";"Female";"1982";"0.00"
"Incidence";"Neuchatel and Jura";"Lung";"0-14";"Female";"1983";"0.00"
"Incidence";"Neuchatel and Jura";"Lung";"0-14";"Female";"1984";"0.00"
"Incidence";"Neuchatel and Jura";"Lung";"0-14";"Female";"1985";"0.00"
"Incidence";"Neuchatel and Jura";"Lung";"0-14";"Female";"1986";"0.00"
"Incidence";"Neuchatel and Jura";"Lung";"0-14";"Female";"1987";"0.00"
"Incidence";"Neuchatel and Jura";"Lung";"0-14";"Female";"1988";"0.00"
"Incidence";"Neuchatel and Jura";"Lung";"0-14";"Female";"1989";"0.00"
"Incidence";"Neuchatel and Jura";"Lung";"0-14";"Female";"1990";"0.00"
"Incidence";"Neuchatel and Jura";"Lung";"0-14";"Female";"1991";"0.00"
"Incidence";"Neuchatel and Jura";"Lung";"0-14";"Female";"1992";"0.00"
"Incidence";"Neuchatel and Jura";"Lung";"0-14";"Female";"1993";"0.00"
"Incidence";"Neuchatel and Jura";"Lung";"0-14";"Female";"1994";"0.00"
"Incidence";"Neuchatel and Jura";"Lung";"0-14";"Female";"1995";"0.00"
"Incidence";"Neuchatel and Jura";"Lung";"0-14";"Female";"1996";"0.00"
"Incidence";"Neuchatel and Jura";"Lung";"0-14";"Female";"1997";"0.00"
"Incidence";"Neuchatel and Jura";"Lung";"0-14";"Female";"1998";"0.00"
"Incidence";"Neuchatel and Jura";"Lung";"0-14";"Female";"1999";"0.00"
"Incidence";"Neuchatel and Jura";"Lung";"0-14";"Female";"2000";"0.00"
"Incidence";"Neuchatel and Jura";"Lung";"0-14";"Female";"2001";"0.00"
"Incidence";"Neuchatel and Jura";"Lung";"0-14";"Female";"2002";"0.00"
"Incidence";"Neuchatel and Jura";"Lung";"0-14";"Female";"2003";"0.00"
"Incidence";"Neuchatel and Jura";"Lung";"0-14";"Female";"2004";"0.00"
"Incidence";"Neuchatel and Jura";"Lung";"0-14";"Female";"2005";"0.00"
"Incidence";"Neuchatel and Jura";"Lung";"0-14";"Female";"2006";"0.00"
"Incidence";"Neuchatel and Jura";"Lung";"0-14";"Female";"2007";"0.00"
"Incidence";"Neuchatel and Jura";"Lung";"0-14";"Female";"2008";"0.00"
"Incidence";"Neuchatel and Jura";"Lung";"0-14";"Female";"2009";"0.00"
"Incidence";"Neuchatel and Jura";"Lung";"0-14";"Female";"2010";"0.00"
"Incidence";"Neuchatel and Jura";"Lung";"0-14";"Female";"2011";"0.00"
"Incidence";"Neuchatel and Jura";"Lung";"0-14";"Female";"2012";"0.00"
"Incidence";"Neuchatel and Jura";"Lung";"0-14";"Female";"2013";"0.00"
"Incidence";"Neuchatel and Jura";"Lung";"0-14";"Female";"2014";"0.00"
"Incidence";"Neuchatel and Jura";"Lung";"0-14";"Female";"2015";"0.00"
"Incidence";"Neuchatel and Jura";"Lung";"0-14";"Female";"2016";"0.00"
"Incidence";"Neuchatel and Jura";"Lung";"0-14";"Female";"2017";"0.00"
"Incidence";"Neuchatel and Jura";"Lung";"0-14";"Female";"2018";"0.00"
"Incidence";"Neuchatel and Jura";"Lung";"0-14";"Female";"2019";"0.00"
"Incidence";"Neuchatel and Jura";"Lung";"15-29";"Female";"1980";"0.00"
"Incidence";"Neuchatel and Jura";"Lung";"15-29";"Female";"1981";"0.00"
"Incidence";"Neuchatel and Jura";"Lung";"15-29";"Female";"1982";"0.00"
"Incidence";"Neuchatel and Jura";"Lung";"15-29";"Female";"1983";"0.00"
"Incidence";"Neuchatel and Jura";"Lung";"15-29";"Female";"1984";"0.00"
"Incidence";"Neuchatel and Jura";"Lung";"15-29";"Female";"1985";"0.00"
"Incidence";"Neuchatel and Jura";"Lung";"15-29";"Female";"1986";"0.00"
"Incidence";"Neuchatel and Jura";"Lung";"15-29";"Female";"1987";"0.00"
"Incidence";"Neuchatel and Jura";"Lung";"15-29";"Female";"1988";"0.00"
"Incidence";"Neuchatel and Jura";"Lung";"15-29";"Female";"1989";"0.00"
"Incidence";"Neuchatel and Jura";"Lung";"15-29";"Female";"1990";"0.00"
"Incidence";"Neuchatel and Jura";"Lung";"15-29";"Female";"1991";"0.00"
"Incidence";"Neuchatel and Jura";"Lung";"15-29";"Female";"1992";"0.00"
"Incidence";"Neuchatel and Jura";"Lung";"15-29";"Female";"1993";"5.98"
"Incidence";"Neuchatel and Jura";"Lung";"15-29";"Female";"1994";"0.00"
"Incidence";"Neuchatel and Jura";"Lung";"15-29";"Female";"1995";"0.00"
"Incidence";"Neuchatel and Jura";"Lung";"15-29";"Female";"1996";"0.00"
"Incidence";"Neuchatel and Jura";"Lung";"15-29";"Female";"1997";"0.00"
"Incidence";"Neuchatel and Jura";"Lung";"15-29";"Female";"1998";"0.00"
"Incidence";"Neuchatel and Jura";"Lung";"15-29";"Female";"1999";"0.00"
"Incidence";"Neuchatel and Jura";"Lung";"15-29";"Female";"2000";"0.00"
"Incidence";"Neuchatel and Jura";"Lung";"15-29";"Female";"2001";"0.00"
"Incidence";"Neuchatel and Jura";"Lung";"15-29";"Female";"2002";"0.00"
"Incidence";"Neuchatel and Jura";"Lung";"15-29";"Female";"2003";"0.00"
"Incidence";"Neuchatel and Jura";"Lung";"15-29";"Female";"2004";"0.00"
"Incidence";"Neuchatel and Jura";"Lung";"15-29";"Female";"2005";"0.00"
"Incidence";"Neuchatel and Jura";"Lung";"15-29";"Female";"2006";"0.00"
"Incidence";"Neuchatel and Jura";"Lung";"15-29";"Female";"2007";"0.00"
"Incidence";"Neuchatel and Jura";"Lung";"15-29";"Female";"2008";"0.00"
"Incidence";"Neuchatel and Jura";"Lung";"15-29";"Female";"2009";"0.00"
"Incidence";"Neuchatel and Jura";"Lung";"15-29";"Female";"2010";"0.00"
"Incidence";"Neuchatel and Jura";"Lung";"15-29";"Female";"2011";"4.56"
"Incidence";"Neuchatel and Jura";"Lung";"15-29";"Female";"2012";"0.00"
"Incidence";"Neuchatel and Jura";"Lung";"15-29";"Female";"2013";"4.45"
"Incidence";"Neuchatel and Jura";"Lung";"15-29";"Female";"2014";"0.00"
"Incidence";"Neuchatel and Jura";"Lung";"15-29";"Female";"2015";"0.00"
"Incidence";"Neuchatel and Jura";"Lung";"15-29";"Female";"2016";"0.00"
"Incidence";"Neuchatel and Jura";"Lung";"15-29";"Female";"2017";"0.00"
"Incidence";"Neuchatel and Jura";"Lung";"15-29";"Female";"2018";"0.00"
"Incidence";"Neuchatel and Jura";"Lung";"15-29";"Female";"2019";"4.55"
"Incidence";"Zurich, Zug, Schaffhausen, and Schwyz";"Lung";"15-29";"Female";"1980";"0.00"
"Incidence";"Zurich, Zug, Schaffhausen, and Schwyz";"Lung";"15-29";"Female";"1981";"0.77"
"Incidence";"Zurich, Zug, Schaffhausen, and Schwyz";"Lung";"15-29";"Female";"1982";"0.00"
"Incidence";"Zurich, Zug, Schaffhausen, and Schwyz";"Lung";"15-29";"Female";"1983";"0.00"
"Incidence";"Zurich, Zug, Schaffhausen, and Schwyz";"Lung";"15-29";"Female";"1984";"0.00"
"Incidence";"Zurich, Zug, Schaffhausen, and Schwyz";"Lung";"15-29";"Female";"1985";"0.78"
"Incidence";"Zurich, Zug, Schaffhausen, and Schwyz";"Lung";"15-29";"Female";"1986";"0.00"
"Incidence";"Zurich, Zug, Schaffhausen, and Schwyz";"Lung";"15-29";"Female";"1987";"0.00"
"Incidence";"Zurich, Zug, Schaffhausen, and Schwyz";"Lung";"15-29";"Female";"1988";"0.79"
"Incidence";"Zurich, Zug, Schaffhausen, and Schwyz";"Lung";"15-29";"Female";"1989";"0.00"
"Incidence";"Zurich, Zug, Schaffhausen, and Schwyz";"Lung";"15-29";"Female";"1990";"0.81"
"Incidence";"Zurich, Zug, Schaffhausen, and Schwyz";"Lung";"15-29";"Female";"1991";"0.00"
"Incidence";"Zurich, Zug, Schaffhausen, and Schwyz";"Lung";"15-29";"Female";"1992";"0.00"
"Incidence";"Zurich, Zug, Schaffhausen, and Schwyz";"Lung";"15-29";"Female";"1993";"0.00"
"Incidence";"Zurich, Zug, Schaffhausen, and Schwyz";"Lung";"15-29";"Female";"1994";"0.00"
"Incidence";"Zurich, Zug, Schaffhausen, and Schwyz";"Lung";"15-29";"Female";"1995";"0.89"
"Incidence";"Zurich, Zug, Schaffhausen, and Schwyz";"Lung";"15-29";"Female";"1996";"0.90"
"Incidence";"Zurich, Zug, Schaffhausen, and Schwyz";"Lung";"15-29";"Female";"1997";"0.91"
"Incidence";"Zurich, Zug, Schaffhausen, and Schwyz";"Lung";"15-29";"Female";"1998";"0.00"
"Incidence";"Zurich, Zug, Schaffhausen, and Schwyz";"Lung";"15-29";"Female";"1999";"0.00"
"Incidence";"Zurich, Zug, Schaffhausen, and Schwyz";"Lung";"15-29";"Female";"2000";"0.00"
"Incidence";"Zurich, Zug, Schaffhausen, and Schwyz";"Lung";"15-29";"Female";"2001";"0.00"
"Incidence";"Zurich, Zug, Schaffhausen, and Schwyz";"Lung";"15-29";"Female";"2002";"0.00"
"Incidence";"Zurich, Zug, Schaffhausen, and Schwyz";"Lung";"15-29";"Female";"2003";"0.91"
"Incidence";"Zurich, Zug, Schaffhausen, and Schwyz";"Lung";"15-29";"Female";"2004";"0.00"
"Incidence";"Zurich, Zug, Schaffhausen, and Schwyz";"Lung";"15-29";"Female";"2005";"1.79"
"Incidence";"Zurich, Zug, Schaffhausen, and Schwyz";"Lung";"15-29";"Female";"2006";"0.00"
"Incidence";"Zurich, Zug, Schaffhausen, and Schwyz";"Lung";"15-29";"Female";"2007";"1.74"
"Incidence";"Zurich, Zug, Schaffhausen, and Schwyz";"Lung";"15-29";"Female";"2008";"0.85"
"Incidence";"Zurich, Zug, Schaffhausen, and Schwyz";"Lung";"15-29";"Female";"2009";"0.00"
"Incidence";"Zurich, Zug, Schaffhausen, and Schwyz";"Lung";"15-29";"Female";"2010";"0.00"
"Incidence";"Zurich, Zug, Schaffhausen, and Schwyz";"Lung";"15-29";"Female";"2011";"0.00"
"Incidence";"Zurich, Zug, Schaffhausen, and Schwyz";"Lung";"15-29";"Female";"2012";"0.00"
"Incidence";"Zurich, Zug, Schaffhausen, and Schwyz";"Lung";"15-29";"Female";"2013";"0.00"
"Incidence";"Zurich, Zug, Schaffhausen, and Schwyz";"Lung";"15-29";"Female";"2014";"0.00"
"Incidence";"Zurich, Zug, Schaffhausen, and Schwyz";"Lung";"15-29";"Female";"2015";"0.75"
"Incidence";"Zurich, Zug, Schaffhausen, and Schwyz";"Lung";"15-29";"Female";"2016";"0.74"
"Incidence";"Zurich, Zug, Schaffhausen, and Schwyz";"Lung";"15-29";"Female";"2017";"0.74"
"Incidence";"Zurich, Zug, Schaffhausen, and Schwyz";"Lung";"15-29";"Female";"2018";"0.00"
"Incidence";"Zurich, Zug, Schaffhausen, and Schwyz";"Lung";"15-29";"Female";"2019";"1.49"
"Incidence";"Neuchatel and Jura";"Lung";"15-29";"Male";"1980";"0.00"
"Incidence";"Neuchatel and Jura";"Lung";"15-29";"Male";"1981";"5.98"
"Incidence";"Neuchatel and Jura";"Lung";"15-29";"Male";"1982";"0.00"
"Incidence";"Neuchatel and Jura";"Lung";"15-29";"Male";"1983";"0.00"
"Incidence";"Neuchatel and Jura";"Lung";"15-29";"Male";"1984";"0.00"
"Incidence";"Neuchatel and Jura";"Lung";"15-29";"Male";"1985";"0.00"
"Incidence";"Neuchatel and Jura";"Lung";"15-29";"Male";"1986";"0.00"
"Incidence";"Neuchatel and Jura";"Lung";"15-29";"Male";"1987";"0.00"
"Incidence";"Neuchatel and Jura";"Lung";"15-29";"Male";"1988";"0.00"
"Incidence";"Neuchatel and Jura";"Lung";"15-29";"Male";"1989";"5.71"
"Incidence";"Neuchatel and Jura";"Lung";"15-29";"Male";"1990";"0.00"
"Incidence";"Neuchatel and Jura";"Lung";"15-29";"Male";"1991";"0.00"
"Incidence";"Neuchatel and Jura";"Lung";"15-29";"Male";"1992";"0.00"
"Incidence";"Neuchatel and Jura";"Lung";"15-29";"Male";"1993";"0.00"
"Incidence";"Neuchatel and Jura";"Lung";"15-29";"Male";"1994";"0.00"
"Incidence";"Neuchatel and Jura";"Lung";"15-29";"Male";"1995";"6.08"
"Incidence";"Neuchatel and Jura";"Lung";"15-29";"Male";"1996";"0.00"
"Incidence";"Neuchatel and Jura";"Lung";"15-29";"Male";"1997";"0.00"
"Incidence";"Neuchatel and Jura";"Lung";"15-29";"Male";"1998";"0.00"
"Incidence";"Neuchatel and Jura";"Lung";"15-29";"Male";"1999";"0.00"
"Incidence";"Neuchatel and Jura";"Lung";"15-29";"Male";"2000";"0.00"
"Incidence";"Neuchatel and Jura";"Lung";"15-29";"Male";"2001";"0.00"
"Incidence";"Neuchatel and Jura";"Lung";"15-29";"Male";"2002";"0.00"
"Incidence";"Neuchatel and Jura";"Lung";"15-29";"Male";"2003";"0.00"
"Incidence";"Neuchatel and Jura";"Lung";"15-29";"Male";"2004";"6.91"
"Incidence";"Neuchatel and Jura";"Lung";"15-29";"Male";"2005";"0.00"
"Incidence";"Neuchatel and Jura";"Lung";"15-29";"Male";"2006";"0.00"
"Incidence";"Neuchatel and Jura";"Lung";"15-29";"Male";"2007";"0.00"
"Incidence";"Neuchatel and Jura";"Lung";"15-29";"Male";"2008";"0.00"
"Incidence";"Neuchatel and Jura";"Lung";"15-29";"Male";"2009";"0.00"
"Incidence";"Neuchatel and Jura";"Lung";"15-29";"Male";"2010";"0.00"
"Incidence";"Neuchatel and Jura";"Lung";"15-29";"Male";"2011";"0.00"
"Incidence";"Neuchatel and Jura";"Lung";"15-29";"Male";"2012";"0.00"
"Incidence";"Neuchatel and Jura";"Lung";"15-29";"Male";"2013";"0.00"
"Incidence";"Neuchatel and Jura";"Lung";"15-29";"Male";"2014";"0.00"
"Incidence";"Neuchatel and Jura";"Lung";"15-29";"Male";"2015";"0.00"
"Incidence";"Neuchatel and Jura";"Lung";"15-29";"Male";"2016";"0.00"
"Incidence";"Neuchatel and Jura";"Lung";"15-29";"Male";"2017";"0.00"
"Incidence";"Neuchatel and Jura";"Lung";"15-29";"Male";"2018";"0.00"
"Incidence";"Neuchatel and Jura";"Lung";"15-29";"Male";"2019";"0.00"
"Incidence";"East Switzerland";"Lung";"15-29";"Male";"1980";"0.00"
"Incidence";"East Switzerland";"Lung";"15-29";"Male";"1981";"0.00"
"Incidence";"East Switzerland";"Lung";"15-29";"Male";"1982";"0.00"
"Incidence";"East Switzerland";"Lung";"15-29";"Male";"1983";"0.00"
"Incidence";"East Switzerland";"Lung";"15-29";"Male";"1984";"0.00"
"Incidence";"East Switzerland";"Lung";"15-29";"Male";"1985";"1.80"
"Incidence";"East Switzerland";"Lung";"15-29";"Male";"1986";"1.80"
"Incidence";"East Switzerland";"Lung";"15-29";"Male";"1987";"0.00"
"Incidence";"East Switzerland";"Lung";"15-29";"Male";"1988";"1.80"
"Incidence";"East Switzerland";"Lung";"15-29";"Male";"1989";"0.00"
"Incidence";"East Switzerland";"Lung";"15-29";"Male";"1990";"0.00"
"Incidence";"East Switzerland";"Lung";"15-29";"Male";"1991";"0.00"
"Incidence";"East Switzerland";"Lung";"15-29";"Male";"1992";"0.00"
"Incidence";"East Switzerland";"Lung";"15-29";"Male";"1993";"1.78"
"Incidence";"East Switzerland";"Lung";"15-29";"Male";"1994";"0.00"
"Incidence";"East Switzerland";"Lung";"15-29";"Male";"1995";"0.00"
"Incidence";"East Switzerland";"Lung";"15-29";"Male";"1996";"0.00"
"Incidence";"East Switzerland";"Lung";"15-29";"Male";"1997";"0.00"
"Incidence";"East Switzerland";"Lung";"15-29";"Male";"1998";"0.00"
"Incidence";"East Switzerland";"Lung";"15-29";"Male";"1999";"0.00"
"Incidence";"East Switzerland";"Lung";"15-29";"Male";"2000";"2.05"
"Incidence";"East Switzerland";"Lung";"15-29";"Male";"2001";"0.00"
"Incidence";"East Switzerland";"Lung";"15-29";"Male";"2002";"0.00"
"Incidence";"East Switzerland";"Lung";"15-29";"Male";"2003";"0.00"
"Incidence";"East Switzerland";"Lung";"15-29";"Male";"2004";"0.00"
"Incidence";"East Switzerland";"Lung";"15-29";"Male";"2005";"0.00"
"Incidence";"East Switzerland";"Lung";"15-29";"Male";"2006";"1.94"
"Incidence";"East Switzerland";"Lung";"15-29";"Male";"2007";"0.00"
"Incidence";"East Switzerland";"Lung";"15-29";"Male";"2008";"1.89"
"Incidence";"East Switzerland";"Lung";"15-29";"Male";"2009";"0.00"
"Incidence";"East Switzerland";"Lung";"15-29";"Male";"2010";"0.00"
"Incidence";"East Switzerland";"Lung";"15-29";"Male";"2011";"0.00"
"Incidence";"East Switzerland";"Lung";"15-29";"Male";"2012";"0.00"
"Incidence";"East Switzerland";"Lung";"15-29";"Male";"2013";"1.20"
"Incidence";"East Switzerland";"Lung";"15-29";"Male";"2014";"0.00"
"Incidence";"East Switzerland";"Lung";"15-29";"Male";"2015";"0.00"
"Incidence";"East Switzerland";"Lung";"15-29";"Male";"2016";"0.00"
"Incidence";"East Switzerland";"Lung";"15-29";"Male";"2017";"0.00"
"Incidence";"East Switzerland";"Lung";"15-29";"Male";"2018";"0.00"
"Incidence";"East Switzerland";"Lung";"15-29";"Male";"2019";"0.00"
"Incidence";"Geneva";"Lung";"15-29";"Male";"1980";"0.00"
"Incidence";"Geneva";"Lung";"15-29";"Male";"1981";"2.78"
"Incidence";"Geneva";"Lung";"15-29";"Male";"1982";"2.68"
"Incidence";"Geneva";"Lung";"15-29";"Male";"1983";"0.00"
"Incidence";"Geneva";"Lung";"15-29";"Male";"1984";"0.00"
"Incidence";"Geneva";"Lung";"15-29";"Male";"1985";"0.00"
"Incidence";"Geneva";"Lung";"15-29";"Male";"1986";"0.00"
"Incidence";"Geneva";"Lung";"15-29";"Male";"1987";"0.00"
"Incidence";"Geneva";"Lung";"15-29";"Male";"1988";"0.00"
"Incidence";"Geneva";"Lung";"15-29";"Male";"1989";"0.00"
"Incidence";"Geneva";"Lung";"15-29";"Male";"1990";"0.00"
"Incidence";"Geneva";"Lung";"15-29";"Male";"1991";"0.00"
"Incidence";"Geneva";"Lung";"15-29";"Male";"1992";"0.00"
"Incidence";"Geneva";"Lung";"15-29";"Male";"1993";"0.00"
"Incidence";"Geneva";"Lung";"15-29";"Male";"1994";"0.00"
"Incidence";"Geneva";"Lung";"15-29";"Male";"1995";"0.00"
"Incidence";"Geneva";"Lung";"15-29";"Male";"1996";"0.00"
"Incidence";"Geneva";"Lung";"15-29";"Male";"1997";"0.00"
"Incidence";"Geneva";"Lung";"15-29";"Male";"1998";"0.00"
"Incidence";"Geneva";"Lung";"15-29";"Male";"1999";"0.00"
"Incidence";"Geneva";"Lung";"15-29";"Male";"2000";"0.00"
"Incidence";"Geneva";"Lung";"15-29";"Male";"2001";"0.00"
"Incidence";"Geneva";"Lung";"15-29";"Male";"2002";"0.00"
"Incidence";"Geneva";"Lung";"15-29";"Male";"2003";"0.00"
"Incidence";"Geneva";"Lung";"15-29";"Male";"2004";"0.00"
"Incidence";"Geneva";"Lung";"15-29";"Male";"2005";"0.00"
"Incidence";"Geneva";"Lung";"15-29";"Male";"2006";"0.00"
"Incidence";"Geneva";"Lung";"15-29";"Male";"2007";"0.00"
"Incidence";"Geneva";"Lung";"15-29";"Male";"2008";"0.00"
"Incidence";"Geneva";"Lung";"15-29";"Male";"2009";"0.00"
"Incidence";"Geneva";"Lung";"15-29";"Male";"2010";"0.00"
"Incidence";"Geneva";"Lung";"15-29";"Male";"2011";"0.00"
"Incidence";"Geneva";"Lung";"15-29";"Male";"2012";"0.00"
"Incidence";"Geneva";"Lung";"15-29";"Male";"2013";"2.29"
"Incidence";"Geneva";"Lung";"15-29";"Male";"2014";"0.00"
"Incidence";"Geneva";"Lung";"15-29";"Male";"2015";"0.00"
"Incidence";"Geneva";"Lung";"15-29";"Male";"2016";"0.00"
"Incidence";"Geneva";"Lung";"15-29";"Male";"2017";"0.00"
"Incidence";"Geneva";"Lung";"15-29";"Male";"2018";"0.00"
"Incidence";"Geneva";"Lung";"15-29";"Male";"2019";"0.00"
"Incidence";"Zurich, Zug, Schaffhausen, and Schwyz";"Lung";"15-29";"Male";"1980";"0.00"
"Incidence";"Zurich, Zug, Schaffhausen, and Schwyz";"Lung";"15-29";"Male";"1981";"0.00"
"Incidence";"Zurich, Zug, Schaffhausen, and Schwyz";"Lung";"15-29";"Male";"1982";"0.00"
"Incidence";"Zurich, Zug, Schaffhausen, and Schwyz";"Lung";"15-29";"Male";"1983";"0.00"
"Incidence";"Zurich, Zug, Schaffhausen, and Schwyz";"Lung";"15-29";"Male";"1984";"0.00"
"Incidence";"Zurich, Zug, Schaffhausen, and Schwyz";"Lung";"15-29";"Male";"1985";"0.76"
"Incidence";"Zurich, Zug, Schaffhausen, and Schwyz";"Lung";"15-29";"Male";"1986";"0.76"
"Incidence";"Zurich, Zug, Schaffhausen, and Schwyz";"Lung";"15-29";"Male";"1987";"0.00"
"Incidence";"Zurich, Zug, Schaffhausen, and Schwyz";"Lung";"15-29";"Male";"1988";"0.00"
"Incidence";"Zurich, Zug, Schaffhausen, and Schwyz";"Lung";"15-29";"Male";"1989";"0.00"
"Incidence";"Zurich, Zug, Schaffhausen, and Schwyz";"Lung";"15-29";"Male";"1990";"1.59"
"Incidence";"Zurich, Zug, Schaffhausen, and Schwyz";"Lung";"15-29";"Male";"1991";"0.00"
"Incidence";"Zurich, Zug, Schaffhausen, and Schwyz";"Lung";"15-29";"Male";"1992";"1.67"
"Incidence";"Zurich, Zug, Schaffhausen, and Schwyz";"Lung";"15-29";"Male";"1993";"0.00"
"Incidence";"Zurich, Zug, Schaffhausen, and Schwyz";"Lung";"15-29";"Male";"1994";"0.00"
"Incidence";"Zurich, Zug, Schaffhausen, and Schwyz";"Lung";"15-29";"Male";"1995";"0.00"
"Incidence";"Zurich, Zug, Schaffhausen, and Schwyz";"Lung";"15-29";"Male";"1996";"0.00"
"Incidence";"Zurich, Zug, Schaffhausen, and Schwyz";"Lung";"15-29";"Male";"1997";"0.00"
"Incidence";"Zurich, Zug, Schaffhausen, and Schwyz";"Lung";"15-29";"Male";"1998";"0.00"
"Incidence";"Zurich, Zug, Schaffhausen, and Schwyz";"Lung";"15-29";"Male";"1999";"0.00"
"Incidence";"Zurich, Zug, Schaffhausen, and Schwyz";"Lung";"15-29";"Male";"2000";"0.00"
"Incidence";"Zurich, Zug, Schaffhausen, and Schwyz";"Lung";"15-29";"Male";"2001";"0.00"
"Incidence";"Zurich, Zug, Schaffhausen, and Schwyz";"Lung";"15-29";"Male";"2002";"1.81"
"Incidence";"Zurich, Zug, Schaffhausen, and Schwyz";"Lung";"15-29";"Male";"2003";"0.90"
"Incidence";"Zurich, Zug, Schaffhausen, and Schwyz";"Lung";"15-29";"Male";"2004";"0.00"
"Incidence";"Zurich, Zug, Schaffhausen, and Schwyz";"Lung";"15-29";"Male";"2005";"0.88"
"Incidence";"Zurich, Zug, Schaffhausen, and Schwyz";"Lung";"15-29";"Male";"2006";"0.86"
"Incidence";"Zurich, Zug, Schaffhausen, and Schwyz";"Lung";"15-29";"Male";"2007";"0.00"
"Incidence";"Zurich, Zug, Schaffhausen, and Schwyz";"Lung";"15-29";"Male";"2008";"0.00"
"Incidence";"Zurich, Zug, Schaffhausen, and Schwyz";"Lung";"15-29";"Male";"2009";"0.80"
"Incidence";"Zurich, Zug, Schaffhausen, and Schwyz";"Lung";"15-29";"Male";"2010";"0.00"
"Incidence";"Zurich, Zug, Schaffhausen, and Schwyz";"Lung";"15-29";"Male";"2011";"0.74"
"Incidence";"Zurich, Zug, Schaffhausen, and Schwyz";"Lung";"15-29";"Male";"2012";"0.74"
"Incidence";"Zurich, Zug, Schaffhausen, and Schwyz";"Lung";"15-29";"Male";"2013";"0.74"
"Incidence";"Zurich, Zug, Schaffhausen, and Schwyz";"Lung";"15-29";"Male";"2014";"0.00"
"Incidence";"Zurich, Zug, Schaffhausen, and Schwyz";"Lung";"15-29";"Male";"2015";"0.00"
"Incidence";"Zurich, Zug, Schaffhausen, and Schwyz";"Lung";"15-29";"Male";"2016";"0.00"
"Incidence";"Zurich, Zug, Schaffhausen, and Schwyz";"Lung";"15-29";"Male";"2017";"0.00"
"Incidence";"Zurich, Zug, Schaffhausen, and Schwyz";"Lung";"15-29";"Male";"2018";"0.71"
"Incidence";"Zurich, Zug, Schaffhausen, and Schwyz";"Lung";"15-29";"Male";"2019";"0.00"
"Incidence";"Vaud";"Lung";"15-29";"Male";"1980";"0.00"
"Incidence";"Vaud";"Lung";"15-29";"Male";"1981";"0.00"
"Incidence";"Vaud";"Lung";"15-29";"Male";"1982";"0.00"
"Incidence";"Vaud";"Lung";"15-29";"Male";"1983";"0.00"
"Incidence";"Vaud";"Lung";"15-29";"Male";"1984";"0.00"
"Incidence";"Vaud";"Lung";"15-29";"Male";"1985";"0.00"
"Incidence";"Vaud";"Lung";"15-29";"Male";"1986";"1.64"
"Incidence";"Vaud";"Lung";"15-29";"Male";"1987";"1.63"
"Incidence";"Vaud";"Lung";"15-29";"Male";"1988";"1.62"
"Incidence";"Vaud";"Lung";"15-29";"Male";"1989";"1.62"
"Incidence";"Vaud";"Lung";"15-29";"Male";"1990";"1.61"
"Incidence";"Vaud";"Lung";"15-29";"Male";"1991";"0.00"
"Incidence";"Vaud";"Lung";"15-29";"Male";"1992";"3.28"
"Incidence";"Vaud";"Lung";"15-29";"Male";"1993";"0.00"
"Incidence";"Vaud";"Lung";"15-29";"Male";"1994";"0.00"
"Incidence";"Vaud";"Lung";"15-29";"Male";"1995";"0.00"
"Incidence";"Vaud";"Lung";"15-29";"Male";"1996";"0.00"
"Incidence";"Vaud";"Lung";"15-29";"Male";"1997";"0.00"
"Incidence";"Vaud";"Lung";"15-29";"Male";"1998";"0.00"
"Incidence";"Vaud";"Lung";"15-29";"Male";"1999";"0.00"
"Incidence";"Vaud";"Lung";"15-29";"Male";"2000";"0.00"
"Incidence";"Vaud";"Lung";"15-29";"Male";"2001";"0.00"
"Incidence";"Vaud";"Lung";"15-29";"Male";"2002";"0.00"
"Incidence";"Vaud";"Lung";"15-29";"Male";"2003";"0.00"
"Incidence";"Vaud";"Lung";"15-29";"Male";"2004";"0.00"
"Incidence";"Vaud";"Lung";"15-29";"Male";"2005";"0.00"
"Incidence";"Vaud";"Lung";"15-29";"Male";"2006";"0.00"
"Incidence";"Vaud";"Lung";"15-29";"Male";"2007";"0.00"
"Incidence";"Vaud";"Lung";"15-29";"Male";"2008";"0.00"
"Incidence";"Vaud";"Lung";"15-29";"Male";"2009";"0.00"
"Incidence";"Vaud";"Lung";"15-29";"Male";"2010";"1.46"
"Incidence";"Vaud";"Lung";"15-29";"Male";"2011";"0.00"
"Incidence";"Vaud";"Lung";"15-29";"Male";"2012";"2.80"
"Incidence";"Vaud";"Lung";"15-29";"Male";"2013";"0.00"
"Incidence";"Vaud";"Lung";"15-29";"Male";"2014";"0.00"
"Incidence";"Vaud";"Lung";"15-29";"Male";"2015";"0.00"
"Incidence";"Vaud";"Lung";"15-29";"Male";"2016";"0.00"
"Incidence";"Vaud";"Lung";"15-29";"Male";"2017";"1.28"
"Incidence";"Geneva";"Lung";"15-29";"Female";"1980";"0.00"
"Incidence";"Geneva";"Lung";"15-29";"Female";"1981";"0.00"
"Incidence";"Geneva";"Lung";"15-29";"Female";"1982";"0.00"
"Incidence";"Geneva";"Lung";"15-29";"Female";"1983";"0.00"
"Incidence";"Geneva";"Lung";"15-29";"Female";"1984";"0.00"
"Incidence";"Geneva";"Lung";"15-29";"Female";"1985";"0.00"
"Incidence";"Geneva";"Lung";"15-29";"Female";"1986";"2.45"
"Incidence";"Geneva";"Lung";"15-29";"Female";"1987";"0.00"
"Incidence";"Geneva";"Lung";"15-29";"Female";"1988";"0.00"
"Incidence";"Geneva";"Lung";"15-29";"Female";"1989";"0.00"
"Incidence";"Geneva";"Lung";"15-29";"Female";"1990";"0.00"
"Incidence";"Geneva";"Lung";"15-29";"Female";"1991";"0.00"
"Incidence";"Geneva";"Lung";"15-29";"Female";"1992";"4.97"
"Incidence";"Geneva";"Lung";"15-29";"Female";"1993";"0.00"
"Incidence";"Geneva";"Lung";"15-29";"Female";"1994";"0.00"
"Incidence";"Geneva";"Lung";"15-29";"Female";"1995";"0.00"
"Incidence";"Geneva";"Lung";"15-29";"Female";"1996";"0.00"
"Incidence";"Geneva";"Lung";"15-29";"Female";"1997";"0.00"
"Incidence";"Geneva";"Lung";"15-29";"Female";"1998";"2.68"
"Incidence";"Geneva";"Lung";"15-29";"Female";"1999";"0.00"
"Incidence";"Geneva";"Lung";"15-29";"Female";"2000";"0.00"
"Incidence";"Geneva";"Lung";"15-29";"Female";"2001";"0.00"
"Incidence";"Geneva";"Lung";"15-29";"Female";"2002";"0.00"
"Incidence";"Geneva";"Lung";"15-29";"Female";"2003";"0.00"
"Incidence";"Geneva";"Lung";"15-29";"Female";"2004";"0.00"
"Incidence";"Geneva";"Lung";"15-29";"Female";"2005";"2.56"
"Incidence";"Geneva";"Lung";"15-29";"Female";"2006";"0.00"
"Incidence";"Geneva";"Lung";"15-29";"Female";"2007";"0.00"
"Incidence";"Geneva";"Lung";"15-29";"Female";"2008";"0.00"
"Incidence";"Geneva";"Lung";"15-29";"Female";"2009";"0.00"
"Incidence";"Geneva";"Lung";"15-29";"Female";"2010";"0.00"
"Incidence";"Geneva";"Lung";"15-29";"Female";"2011";"0.00"
"Incidence";"Geneva";"Lung";"15-29";"Female";"2012";"0.00"
"Incidence";"Geneva";"Lung";"15-29";"Female";"2013";"4.61"
"Incidence";"Geneva";"Lung";"15-29";"Female";"2014";"0.00"
"Incidence";"Geneva";"Lung";"15-29";"Female";"2015";"0.00"
"Incidence";"Geneva";"Lung";"15-29";"Female";"2016";"0.00"
"Incidence";"Geneva";"Lung";"15-29";"Female";"2017";"2.20"
"Incidence";"Geneva";"Lung";"15-29";"Female";"2018";"0.00"
"Incidence";"Geneva";"Lung";"15-29";"Female";"2019";"0.00"
"Incidence";"Vaud";"Lung";"15-29";"Female";"1980";"0.00"
"Incidence";"Vaud";"Lung";"15-29";"Female";"1981";"0.00"
"Incidence";"Vaud";"Lung";"15-29";"Female";"1982";"0.00"
"Incidence";"Vaud";"Lung";"15-29";"Female";"1983";"0.00"
"Incidence";"Vaud";"Lung";"15-29";"Female";"1984";"0.00"
"Incidence";"Vaud";"Lung";"15-29";"Female";"1985";"0.00"
"Incidence";"Vaud";"Lung";"15-29";"Female";"1986";"0.00"
"Incidence";"Vaud";"Lung";"15-29";"Female";"1987";"0.00"
"Incidence";"Vaud";"Lung";"15-29";"Female";"1988";"3.24"
"Incidence";"Vaud";"Lung";"15-29";"Female";"1989";"0.00"
"Incidence";"Vaud";"Lung";"15-29";"Female";"1990";"0.00"
"Incidence";"Vaud";"Lung";"15-29";"Female";"1991";"0.00"
"Incidence";"Vaud";"Lung";"15-29";"Female";"1992";"0.00"
"Incidence";"Vaud";"Lung";"15-29";"Female";"1993";"0.00"
"Incidence";"Vaud";"Lung";"15-29";"Female";"1994";"0.00"
"Incidence";"Vaud";"Lung";"15-29";"Female";"1995";"0.00"
"Incidence";"Vaud";"Lung";"15-29";"Female";"1996";"0.00"
"Incidence";"Vaud";"Lung";"15-29";"Female";"1997";"0.00"
"Incidence";"Vaud";"Lung";"15-29";"Female";"1998";"0.00"
"Incidence";"Vaud";"Lung";"15-29";"Female";"1999";"1.75"
"Incidence";"Vaud";"Lung";"15-29";"Female";"2000";"0.00"
"Incidence";"Vaud";"Lung";"15-29";"Female";"2001";"0.00"
"Incidence";"Vaud";"Lung";"15-29";"Female";"2002";"0.00"
"Incidence";"Vaud";"Lung";"15-29";"Female";"2003";"0.00"
"Incidence";"Vaud";"Lung";"15-29";"Female";"2004";"0.00"
"Incidence";"Vaud";"Lung";"15-29";"Female";"2005";"1.70"
"Incidence";"Vaud";"Lung";"15-29";"Female";"2006";"1.67"
"Incidence";"Vaud";"Lung";"15-29";"Female";"2007";"1.63"
"Incidence";"Vaud";"Lung";"15-29";"Female";"2008";"0.00"
"Incidence";"Vaud";"Lung";"15-29";"Female";"2009";"0.00"
"Incidence";"Vaud";"Lung";"15-29";"Female";"2010";"0.00"
"Incidence";"Vaud";"Lung";"15-29";"Female";"2011";"0.00"
"Incidence";"Vaud";"Lung";"15-29";"Female";"2012";"1.44"
"Incidence";"Vaud";"Lung";"15-29";"Female";"2013";"0.00"
"Incidence";"Vaud";"Lung";"15-29";"Female";"2014";"0.00"
"Incidence";"Vaud";"Lung";"15-29";"Female";"2015";"0.00"
"Incidence";"Vaud";"Lung";"15-29";"Female";"2016";"0.00"
"Incidence";"Vaud";"Lung";"15-29";"Female";"2017";"0.00"
"Incidence";"East Switzerland";"Lung";"15-29";"Female";"1980";"0.00"
"Incidence";"East Switzerland";"Lung";"15-29";"Female";"1981";"0.00"
"Incidence";"East Switzerland";"Lung";"15-29";"Female";"1982";"0.00"
"Incidence";"East Switzerland";"Lung";"15-29";"Female";"1983";"0.00"
"Incidence";"East Switzerland";"Lung";"15-29";"Female";"1984";"0.00"
"Incidence";"East Switzerland";"Lung";"15-29";"Female";"1985";"0.00"
"Incidence";"East Switzerland";"Lung";"15-29";"Female";"1986";"0.00"
"Incidence";"East Switzerland";"Lung";"15-29";"Female";"1987";"0.00"
"Incidence";"East Switzerland";"Lung";"15-29";"Female";"1988";"0.00"
"Incidence";"East Switzerland";"Lung";"15-29";"Female";"1989";"0.00"
"Incidence";"East Switzerland";"Lung";"15-29";"Female";"1990";"0.00"
"Incidence";"East Switzerland";"Lung";"15-29";"Female";"1991";"0.00"
"Incidence";"East Switzerland";"Lung";"15-29";"Female";"1992";"1.83"
"Incidence";"East Switzerland";"Lung";"15-29";"Female";"1993";"0.00"
"Incidence";"East Switzerland";"Lung";"15-29";"Female";"1994";"0.00"
"Incidence";"East Switzerland";"Lung";"15-29";"Female";"1995";"0.00"
"Incidence";"East Switzerland";"Lung";"15-29";"Female";"1996";"0.00"
"Incidence";"East Switzerland";"Lung";"15-29";"Female";"1997";"0.00"
"Incidence";"East Switzerland";"Lung";"15-29";"Female";"1998";"0.00"
"Incidence";"East Switzerland";"Lung";"15-29";"Female";"1999";"0.00"
"Incidence";"East Switzerland";"Lung";"15-29";"Female";"2000";"0.00"
"Incidence";"East Switzerland";"Lung";"15-29";"Female";"2001";"0.00"
"Incidence";"East Switzerland";"Lung";"15-29";"Female";"2002";"2.02"
"Incidence";"East Switzerland";"Lung";"15-29";"Female";"2003";"0.00"
"Incidence";"East Switzerland";"Lung";"15-29";"Female";"2004";"0.00"
"Incidence";"East Switzerland";"Lung";"15-29";"Female";"2005";"2.02"
"Incidence";"East Switzerland";"Lung";"15-29";"Female";"2006";"0.00"
"Incidence";"East Switzerland";"Lung";"15-29";"Female";"2007";"0.00"
"Incidence";"East Switzerland";"Lung";"15-29";"Female";"2008";"0.00"
"Incidence";"East Switzerland";"Lung";"15-29";"Female";"2009";"3.97"
"Incidence";"East Switzerland";"Lung";"15-29";"Female";"2010";"0.00"
"Incidence";"East Switzerland";"Lung";"15-29";"Female";"2011";"0.00"
"Incidence";"East Switzerland";"Lung";"15-29";"Female";"2012";"0.00"
"Incidence";"East Switzerland";"Lung";"15-29";"Female";"2013";"0.00"
"Incidence";"East Switzerland";"Lung";"15-29";"Female";"2014";"0.00"
"Incidence";"East Switzerland";"Lung";"15-29";"Female";"2015";"1.29"
"Incidence";"East Switzerland";"Lung";"15-29";"Female";"2016";"0.00"
"Incidence";"East Switzerland";"Lung";"15-29";"Female";"2017";"0.00"
"Incidence";"East Switzerland";"Lung";"15-29";"Female";"2018";"0.00"
"Incidence";"East Switzerland";"Lung";"15-29";"Female";"2019";"0.00"
"Incidence";"Vaud";"Lung";"30-44";"Female";"1980";"8.38"
"Incidence";"Vaud";"Lung";"30-44";"Female";"1981";"4.99"
"Incidence";"Vaud";"Lung";"30-44";"Female";"1982";"0.00"
"Incidence";"Vaud";"Lung";"30-44";"Female";"1983";"3.24"
"Incidence";"Vaud";"Lung";"30-44";"Female";"1984";"3.19"
"Incidence";"Vaud";"Lung";"30-44";"Female";"1985";"7.88"
"Incidence";"Vaud";"Lung";"30-44";"Female";"1986";"4.67"
"Incidence";"Vaud";"Lung";"30-44";"Female";"1987";"9.23"
"Incidence";"Vaud";"Lung";"30-44";"Female";"1988";"3.02"
"Incidence";"Vaud";"Lung";"30-44";"Female";"1989";"5.97"
"Incidence";"Vaud";"Lung";"30-44";"Female";"1990";"4.42"
"Incidence";"Vaud";"Lung";"30-44";"Female";"1991";"2.91"
"Incidence";"Vaud";"Lung";"30-44";"Female";"1992";"8.66"
"Incidence";"Vaud";"Lung";"30-44";"Female";"1993";"1.43"
"Incidence";"Vaud";"Lung";"30-44";"Female";"1994";"7.10"
"Incidence";"Vaud";"Lung";"30-44";"Female";"1995";"9.83"
"Incidence";"Vaud";"Lung";"30-44";"Female";"1996";"6.97"
"Incidence";"Vaud";"Lung";"30-44";"Female";"1997";"1.39"
"Incidence";"Vaud";"Lung";"30-44";"Female";"1998";"8.27"
"Incidence";"Vaud";"Lung";"30-44";"Female";"1999";"10.94"
"Incidence";"Vaud";"Lung";"30-44";"Female";"2000";"4.07"
"Incidence";"Vaud";"Lung";"30-44";"Female";"2001";"4.02"
"Incidence";"Vaud";"Lung";"30-44";"Female";"2002";"5.26"
"Incidence";"Vaud";"Lung";"30-44";"Female";"2003";"0.00"
"Incidence";"Vaud";"Lung";"30-44";"Female";"2004";"6.43"
"Incidence";"Vaud";"Lung";"30-44";"Female";"2005";"3.83"
"Incidence";"Vaud";"Lung";"30-44";"Female";"2006";"1.27"
"Incidence";"Vaud";"Lung";"30-44";"Female";"2007";"1.27"
"Incidence";"Vaud";"Lung";"30-44";"Female";"2008";"6.28"
"Incidence";"Vaud";"Lung";"30-44";"Female";"2009";"3.73"
"Incidence";"Vaud";"Lung";"30-44";"Female";"2010";"4.95"
"Incidence";"Vaud";"Lung";"30-44";"Female";"2011";"1.23"
"Incidence";"Vaud";"Lung";"30-44";"Female";"2012";"9.78"
"Incidence";"Vaud";"Lung";"30-44";"Female";"2013";"3.64"
"Incidence";"Vaud";"Lung";"30-44";"Female";"2014";"6.00"
"Incidence";"Vaud";"Lung";"30-44";"Female";"2015";"5.94"
"Incidence";"Vaud";"Lung";"30-44";"Female";"2016";"4.70"
"Incidence";"Vaud";"Lung";"30-44";"Female";"2017";"2.33"
"Incidence";"East Switzerland";"Lung";"30-44";"Male";"1980";"10.82"
"Incidence";"East Switzerland";"Lung";"30-44";"Male";"1981";"2.13"
"Incidence";"East Switzerland";"Lung";"30-44";"Male";"1982";"10.35"
"Incidence";"East Switzerland";"Lung";"30-44";"Male";"1983";"8.11"
"Incidence";"East Switzerland";"Lung";"30-44";"Male";"1984";"3.99"
"Incidence";"East Switzerland";"Lung";"30-44";"Male";"1985";"3.92"
"Incidence";"East Switzerland";"Lung";"30-44";"Male";"1986";"3.85"
"Incidence";"East Switzerland";"Lung";"30-44";"Male";"1987";"3.80"
"Incidence";"East Switzerland";"Lung";"30-44";"Male";"1988";"5.64"
"Incidence";"East Switzerland";"Lung";"30-44";"Male";"1989";"14.92"
"Incidence";"East Switzerland";"Lung";"30-44";"Male";"1990";"12.92"
"Incidence";"East Switzerland";"Lung";"30-44";"Male";"1991";"7.22"
"Incidence";"East Switzerland";"Lung";"30-44";"Male";"1992";"10.53"
"Incidence";"East Switzerland";"Lung";"30-44";"Male";"1993";"8.59"
"Incidence";"East Switzerland";"Lung";"30-44";"Male";"1994";"1.68"
"Incidence";"East Switzerland";"Lung";"30-44";"Male";"1995";"9.91"
"Incidence";"East Switzerland";"Lung";"30-44";"Male";"1996";"3.25"
"Incidence";"East Switzerland";"Lung";"30-44";"Male";"1997";"8.05"
"Incidence";"East Switzerland";"Lung";"30-44";"Male";"1998";"6.40"
"Incidence";"East Switzerland";"Lung";"30-44";"Male";"1999";"0.00"
"Incidence";"East Switzerland";"Lung";"30-44";"Male";"2000";"11.12"
"Incidence";"East Switzerland";"Lung";"30-44";"Male";"2001";"3.21"
"Incidence";"East Switzerland";"Lung";"30-44";"Male";"2002";"6.48"
"Incidence";"East Switzerland";"Lung";"30-44";"Male";"2003";"3.24"
"Incidence";"East Switzerland";"Lung";"30-44";"Male";"2004";"0.00"
"Incidence";"East Switzerland";"Lung";"30-44";"Male";"2005";"1.64"
"Incidence";"East Switzerland";"Lung";"30-44";"Male";"2006";"1.65"
"Incidence";"East Switzerland";"Lung";"30-44";"Male";"2007";"8.27"
"Incidence";"East Switzerland";"Lung";"30-44";"Male";"2008";"4.96"
"Incidence";"East Switzerland";"Lung";"30-44";"Male";"2009";"1.66"
"Incidence";"East Switzerland";"Lung";"30-44";"Male";"2010";"1.68"
"Incidence";"East Switzerland";"Lung";"30-44";"Male";"2011";"5.18"
"Incidence";"East Switzerland";"Lung";"30-44";"Male";"2012";"4.84"
"Incidence";"East Switzerland";"Lung";"30-44";"Male";"2013";"4.80"
"Incidence";"East Switzerland";"Lung";"30-44";"Male";"2014";"1.19"
"Incidence";"East Switzerland";"Lung";"30-44";"Male";"2015";"2.36"
"Incidence";"East Switzerland";"Lung";"30-44";"Male";"2016";"3.50"
"Incidence";"East Switzerland";"Lung";"30-44";"Male";"2017";"1.16"
"Incidence";"East Switzerland";"Lung";"30-44";"Male";"2018";"4.57"
"Incidence";"East Switzerland";"Lung";"30-44";"Male";"2019";"1.12"
"Incidence";"East Switzerland";"Lung";"30-44";"Female";"1980";"0.00"
"Incidence";"East Switzerland";"Lung";"30-44";"Female";"1981";"4.49"
"Incidence";"East Switzerland";"Lung";"30-44";"Female";"1982";"6.60"
"Incidence";"East Switzerland";"Lung";"30-44";"Female";"1983";"0.00"
"Incidence";"East Switzerland";"Lung";"30-44";"Female";"1984";"6.38"
"Incidence";"East Switzerland";"Lung";"30-44";"Female";"1985";"2.10"
"Incidence";"East Switzerland";"Lung";"30-44";"Female";"1986";"8.26"
"Incidence";"East Switzerland";"Lung";"30-44";"Female";"1987";"2.03"
"Incidence";"East Switzerland";"Lung";"30-44";"Female";"1988";"6.01"
"Incidence";"East Switzerland";"Lung";"30-44";"Female";"1989";"1.97"
"Incidence";"East Switzerland";"Lung";"30-44";"Female";"1990";"3.88"
"Incidence";"East Switzerland";"Lung";"30-44";"Female";"1991";"5.72"
"Incidence";"East Switzerland";"Lung";"30-44";"Female";"1992";"5.59"
"Incidence";"East Switzerland";"Lung";"30-44";"Female";"1993";"7.25"
"Incidence";"East Switzerland";"Lung";"30-44";"Female";"1994";"8.84"
"Incidence";"East Switzerland";"Lung";"30-44";"Female";"1995";"3.46"
"Incidence";"East Switzerland";"Lung";"30-44";"Female";"1996";"3.39"
"Incidence";"East Switzerland";"Lung";"30-44";"Female";"1997";"5.00"
"Incidence";"East Switzerland";"Lung";"30-44";"Female";"1998";"1.65"
"Incidence";"East Switzerland";"Lung";"30-44";"Female";"1999";"4.90"
"Incidence";"East Switzerland";"Lung";"30-44";"Female";"2000";"3.24"
"Incidence";"East Switzerland";"Lung";"30-44";"Female";"2001";"0.00"
"Incidence";"East Switzerland";"Lung";"30-44";"Female";"2002";"1.64"
"Incidence";"East Switzerland";"Lung";"30-44";"Female";"2003";"8.22"
"Incidence";"East Switzerland";"Lung";"30-44";"Female";"2004";"1.65"
"Incidence";"East Switzerland";"Lung";"30-44";"Female";"2005";"0.00"
"Incidence";"East Switzerland";"Lung";"30-44";"Female";"2006";"10.04"
"Incidence";"East Switzerland";"Lung";"30-44";"Female";"2007";"3.37"
"Incidence";"East Switzerland";"Lung";"30-44";"Female";"2008";"5.09"
"Incidence";"East Switzerland";"Lung";"30-44";"Female";"2009";"5.13"
"Incidence";"East Switzerland";"Lung";"30-44";"Female";"2010";"3.45"
"Incidence";"East Switzerland";"Lung";"30-44";"Female";"2011";"3.55"
"Incidence";"East Switzerland";"Lung";"30-44";"Female";"2012";"2.49"
"Incidence";"East Switzerland";"Lung";"30-44";"Female";"2013";"1.25"
"Incidence";"East Switzerland";"Lung";"30-44";"Female";"2014";"1.25"
"Incidence";"East Switzerland";"Lung";"30-44";"Female";"2015";"2.49"
"Incidence";"East Switzerland";"Lung";"30-44";"Female";"2016";"2.47"
"Incidence";"East Switzerland";"Lung";"30-44";"Female";"2017";"1.22"
"Incidence";"East Switzerland";"Lung";"30-44";"Female";"2018";"1.21"
"Incidence";"East Switzerland";"Lung";"30-44";"Female";"2019";"3.59"
"Incidence";"Vaud";"Lung";"30-44";"Male";"1980";"3.45"
"Incidence";"Vaud";"Lung";"30-44";"Male";"1981";"6.83"
"Incidence";"Vaud";"Lung";"30-44";"Male";"1982";"8.42"
"Incidence";"Vaud";"Lung";"30-44";"Male";"1983";"21.59"
"Incidence";"Vaud";"Lung";"30-44";"Male";"1984";"9.83"
"Incidence";"Vaud";"Lung";"30-44";"Male";"1985";"9.69"
"Incidence";"Vaud";"Lung";"30-44";"Male";"1986";"7.93"
"Incidence";"Vaud";"Lung";"30-44";"Male";"1987";"7.78"
"Incidence";"Vaud";"Lung";"30-44";"Male";"1988";"9.12"
"Incidence";"Vaud";"Lung";"30-44";"Male";"1989";"25.29"
"Incidence";"Vaud";"Lung";"30-44";"Male";"1990";"7.29"
"Incidence";"Vaud";"Lung";"30-44";"Male";"1991";"10.13"
"Incidence";"Vaud";"Lung";"30-44";"Male";"1992";"7.21"
"Incidence";"Vaud";"Lung";"30-44";"Male";"1993";"8.58"
"Incidence";"Vaud";"Lung";"30-44";"Male";"1994";"7.08"
"Incidence";"Vaud";"Lung";"30-44";"Male";"1995";"11.17"
"Incidence";"Vaud";"Lung";"30-44";"Male";"1996";"8.32"
"Incidence";"Vaud";"Lung";"30-44";"Male";"1997";"8.31"
"Incidence";"Vaud";"Lung";"30-44";"Male";"1998";"6.91"
"Incidence";"Vaud";"Lung";"30-44";"Male";"1999";"8.26"
"Incidence";"Vaud";"Lung";"30-44";"Male";"2000";"9.60"
"Incidence";"Vaud";"Lung";"30-44";"Male";"2001";"8.19"
"Incidence";"Vaud";"Lung";"30-44";"Male";"2002";"6.75"
"Incidence";"Vaud";"Lung";"30-44";"Male";"2003";"4.01"
"Incidence";"Vaud";"Lung";"30-44";"Male";"2004";"2.65"
"Incidence";"Vaud";"Lung";"30-44";"Male";"2005";"5.28"
"Incidence";"Vaud";"Lung";"30-44";"Male";"2006";"5.27"
"Incidence";"Vaud";"Lung";"30-44";"Male";"2007";"7.87"
"Incidence";"Vaud";"Lung";"30-44";"Male";"2008";"2.60"
"Incidence";"Vaud";"Lung";"30-44";"Male";"2009";"3.84"
"Incidence";"Vaud";"Lung";"30-44";"Male";"2010";"0.00"
"Incidence";"Vaud";"Lung";"30-44";"Male";"2011";"1.26"
"Incidence";"Vaud";"Lung";"30-44";"Male";"2012";"4.99"
"Incidence";"Vaud";"Lung";"30-44";"Male";"2013";"4.94"
"Incidence";"Vaud";"Lung";"30-44";"Male";"2014";"3.65"
"Incidence";"Vaud";"Lung";"30-44";"Male";"2015";"6.00"
"Incidence";"Vaud";"Lung";"30-44";"Male";"2016";"5.93"
"Incidence";"Vaud";"Lung";"30-44";"Male";"2017";"0.00"
"Incidence";"Neuchatel and Jura";"Lung";"30-44";"Male";"1980";"6.06"
"Incidence";"Neuchatel and Jura";"Lung";"30-44";"Male";"1981";"6.03"
"Incidence";"Neuchatel and Jura";"Lung";"30-44";"Male";"1982";"6.01"
"Incidence";"Neuchatel and Jura";"Lung";"30-44";"Male";"1983";"0.00"
"Incidence";"Neuchatel and Jura";"Lung";"30-44";"Male";"1984";"18.04"
"Incidence";"Neuchatel and Jura";"Lung";"30-44";"Male";"1985";"11.92"
"Incidence";"Neuchatel and Jura";"Lung";"30-44";"Male";"1986";"5.89"
"Incidence";"Neuchatel and Jura";"Lung";"30-44";"Male";"1987";"11.70"
"Incidence";"Neuchatel and Jura";"Lung";"30-44";"Male";"1988";"11.73"
"Incidence";"Neuchatel and Jura";"Lung";"30-44";"Male";"1989";"17.56"
"Incidence";"Neuchatel and Jura";"Lung";"30-44";"Male";"1990";"0.00"
"Incidence";"Neuchatel and Jura";"Lung";"30-44";"Male";"1991";"11.26"
"Incidence";"Neuchatel and Jura";"Lung";"30-44";"Male";"1992";"16.52"
"Incidence";"Neuchatel and Jura";"Lung";"30-44";"Male";"1993";"10.96"
"Incidence";"Neuchatel and Jura";"Lung";"30-44";"Male";"1994";"10.86"
"Incidence";"Neuchatel and Jura";"Lung";"30-44";"Male";"1995";"16.11"
"Incidence";"Neuchatel and Jura";"Lung";"30-44";"Male";"1996";"5.31"
"Incidence";"Neuchatel and Jura";"Lung";"30-44";"Male";"1997";"10.56"
"Incidence";"Neuchatel and Jura";"Lung";"30-44";"Male";"1998";"0.00"
"Incidence";"Neuchatel and Jura";"Lung";"30-44";"Male";"1999";"5.21"
"Incidence";"Neuchatel and Jura";"Lung";"30-44";"Male";"2000";"10.40"
"Incidence";"Neuchatel and Jura";"Lung";"30-44";"Male";"2001";"0.00"
"Incidence";"Neuchatel and Jura";"Lung";"30-44";"Male";"2002";"10.28"
"Incidence";"Neuchatel and Jura";"Lung";"30-44";"Male";"2003";"5.15"
"Incidence";"Neuchatel and Jura";"Lung";"30-44";"Male";"2004";"0.00"
"Incidence";"Neuchatel and Jura";"Lung";"30-44";"Male";"2005";"3.77"
"Incidence";"Neuchatel and Jura";"Lung";"30-44";"Male";"2006";"11.44"
"Incidence";"Neuchatel and Jura";"Lung";"30-44";"Male";"2007";"0.00"
"Incidence";"Neuchatel and Jura";"Lung";"30-44";"Male";"2008";"3.89"
"Incidence";"Neuchatel and Jura";"Lung";"30-44";"Male";"2009";"7.92"
"Incidence";"Neuchatel and Jura";"Lung";"30-44";"Male";"2010";"12.13"
"Incidence";"Neuchatel and Jura";"Lung";"30-44";"Male";"2011";"12.21"
"Incidence";"Neuchatel and Jura";"Lung";"30-44";"Male";"2012";"8.13"
"Incidence";"Neuchatel and Jura";"Lung";"30-44";"Male";"2013";"0.00"
"Incidence";"Neuchatel and Jura";"Lung";"30-44";"Male";"2014";"12.22"
"Incidence";"Neuchatel and Jura";"Lung";"30-44";"Male";"2015";"8.18"
"Incidence";"Neuchatel and Jura";"Lung";"30-44";"Male";"2016";"8.23"
"Incidence";"Neuchatel and Jura";"Lung";"30-44";"Male";"2017";"8.30"
"Incidence";"Neuchatel and Jura";"Lung";"30-44";"Male";"2018";"8.38"
"Incidence";"Neuchatel and Jura";"Lung";"30-44";"Male";"2019";"0.00"
"Incidence";"Neuchatel and Jura";"Lung";"30-44";"Female";"1980";"0.00"
"Incidence";"Neuchatel and Jura";"Lung";"30-44";"Female";"1981";"5.95"
"Incidence";"Neuchatel and Jura";"Lung";"30-44";"Female";"1982";"0.00"
"Incidence";"Neuchatel and Jura";"Lung";"30-44";"Female";"1983";"5.96"
"Incidence";"Neuchatel and Jura";"Lung";"30-44";"Female";"1984";"11.91"
"Incidence";"Neuchatel and Jura";"Lung";"30-44";"Female";"1985";"5.95"
"Incidence";"Neuchatel and Jura";"Lung";"30-44";"Female";"1986";"5.92"
"Incidence";"Neuchatel and Jura";"Lung";"30-44";"Female";"1987";"0.00"
"Incidence";"Neuchatel and Jura";"Lung";"30-44";"Female";"1988";"11.81"
"Incidence";"Neuchatel and Jura";"Lung";"30-44";"Female";"1989";"5.92"
"Incidence";"Neuchatel and Jura";"Lung";"30-44";"Female";"1990";"5.89"
"Incidence";"Neuchatel and Jura";"Lung";"30-44";"Female";"1991";"11.44"
"Incidence";"Neuchatel and Jura";"Lung";"30-44";"Female";"1992";"0.00"
"Incidence";"Neuchatel and Jura";"Lung";"30-44";"Female";"1993";"5.55"
"Incidence";"Neuchatel and Jura";"Lung";"30-44";"Female";"1994";"0.00"
"Incidence";"Neuchatel and Jura";"Lung";"30-44";"Female";"1995";"16.33"
"Incidence";"Neuchatel and Jura";"Lung";"30-44";"Female";"1996";"0.00"
"Incidence";"Neuchatel and Jura";"Lung";"30-44";"Female";"1997";"0.00"
"Incidence";"Neuchatel and Jura";"Lung";"30-44";"Female";"1998";"10.65"
"Incidence";"Neuchatel and Jura";"Lung";"30-44";"Female";"1999";"10.70"
"Incidence";"Neuchatel and Jura";"Lung";"30-44";"Female";"2000";"0.00"
"Incidence";"Neuchatel and Jura";"Lung";"30-44";"Female";"2001";"0.00"
"Incidence";"Neuchatel and Jura";"Lung";"30-44";"Female";"2002";"15.51"
"Incidence";"Neuchatel and Jura";"Lung";"30-44";"Female";"2003";"10.31"
"Incidence";"Neuchatel and Jura";"Lung";"30-44";"Female";"2004";"15.47"
"Incidence";"Neuchatel and Jura";"Lung";"30-44";"Female";"2005";"11.19"
"Incidence";"Neuchatel and Jura";"Lung";"30-44";"Female";"2006";"7.53"
"Incidence";"Neuchatel and Jura";"Lung";"30-44";"Female";"2007";"3.80"
"Incidence";"Neuchatel and Jura";"Lung";"30-44";"Female";"2008";"3.84"
"Incidence";"Neuchatel and Jura";"Lung";"30-44";"Female";"2009";"3.89"
"Incidence";"Neuchatel and Jura";"Lung";"30-44";"Female";"2010";"3.96"
"Incidence";"Neuchatel and Jura";"Lung";"30-44";"Female";"2011";"7.97"
"Incidence";"Neuchatel and Jura";"Lung";"30-44";"Female";"2012";"7.99"
"Incidence";"Neuchatel and Jura";"Lung";"30-44";"Female";"2013";"0.00"
"Incidence";"Neuchatel and Jura";"Lung";"30-44";"Female";"2014";"4.03"
"Incidence";"Neuchatel and Jura";"Lung";"30-44";"Female";"2015";"0.00"
"Incidence";"Neuchatel and Jura";"Lung";"30-44";"Female";"2016";"4.07"
"Incidence";"Neuchatel and Jura";"Lung";"30-44";"Female";"2017";"0.00"
"Incidence";"Neuchatel and Jura";"Lung";"30-44";"Female";"2018";"0.00"
"Incidence";"Neuchatel and Jura";"Lung";"30-44";"Female";"2019";"4.17"
"Incidence";"Geneva";"Lung";"30-44";"Female";"1980";"0.00"
"Incidence";"Geneva";"Lung";"30-44";"Female";"1981";"2.21"
"Incidence";"Geneva";"Lung";"30-44";"Female";"1982";"8.74"
"Incidence";"Geneva";"Lung";"30-44";"Female";"1983";"6.51"
"Incidence";"Geneva";"Lung";"30-44";"Female";"1984";"6.48"
"Incidence";"Geneva";"Lung";"30-44";"Female";"1985";"6.46"
"Incidence";"Geneva";"Lung";"30-44";"Female";"1986";"4.32"
"Incidence";"Geneva";"Lung";"30-44";"Female";"1987";"4.34"
"Incidence";"Geneva";"Lung";"30-44";"Female";"1988";"2.16"
"Incidence";"Geneva";"Lung";"30-44";"Female";"1989";"4.31"
"Incidence";"Geneva";"Lung";"30-44";"Female";"1990";"4.31"
"Incidence";"Geneva";"Lung";"30-44";"Female";"1991";"2.14"
"Incidence";"Geneva";"Lung";"30-44";"Female";"1992";"6.37"
"Incidence";"Geneva";"Lung";"30-44";"Female";"1993";"6.34"
"Incidence";"Geneva";"Lung";"30-44";"Female";"1994";"8.34"
"Incidence";"Geneva";"Lung";"30-44";"Female";"1995";"6.14"
"Incidence";"Geneva";"Lung";"30-44";"Female";"1996";"10.12"
"Incidence";"Geneva";"Lung";"30-44";"Female";"1997";"14.04"
"Incidence";"Geneva";"Lung";"30-44";"Female";"1998";"5.96"
"Incidence";"Geneva";"Lung";"30-44";"Female";"1999";"3.93"
"Incidence";"Geneva";"Lung";"30-44";"Female";"2000";"3.88"
"Incidence";"Geneva";"Lung";"30-44";"Female";"2001";"3.81"
"Incidence";"Geneva";"Lung";"30-44";"Female";"2002";"5.63"
"Incidence";"Geneva";"Lung";"30-44";"Female";"2003";"5.56"
"Incidence";"Geneva";"Lung";"30-44";"Female";"2004";"1.84"
"Incidence";"Geneva";"Lung";"30-44";"Female";"2005";"0.00"
"Incidence";"Geneva";"Lung";"30-44";"Female";"2006";"0.00"
"Incidence";"Geneva";"Lung";"30-44";"Female";"2007";"5.49"
"Incidence";"Geneva";"Lung";"30-44";"Female";"2008";"1.82"
"Incidence";"Geneva";"Lung";"30-44";"Female";"2009";"0.00"
"Incidence";"Geneva";"Lung";"30-44";"Female";"2010";"3.61"
"Incidence";"Geneva";"Lung";"30-44";"Female";"2011";"5.44"
"Incidence";"Geneva";"Lung";"30-44";"Female";"2012";"3.65"
"Incidence";"Geneva";"Lung";"30-44";"Female";"2013";"1.82"
"Incidence";"Geneva";"Lung";"30-44";"Female";"2014";"7.21"
"Incidence";"Geneva";"Lung";"30-44";"Female";"2015";"1.78"
"Incidence";"Geneva";"Lung";"30-44";"Female";"2016";"3.53"
"Incidence";"Geneva";"Lung";"30-44";"Female";"2017";"1.75"
"Incidence";"Geneva";"Lung";"30-44";"Female";"2018";"0.00"
"Incidence";"Geneva";"Lung";"30-44";"Female";"2019";"1.72"
"Incidence";"Geneva";"Lung";"30-44";"Male";"1980";"12.20"
"Incidence";"Geneva";"Lung";"30-44";"Male";"1981";"9.54"
"Incidence";"Geneva";"Lung";"30-44";"Male";"1982";"13.97"
"Incidence";"Geneva";"Lung";"30-44";"Male";"1983";"9.28"
"Incidence";"Geneva";"Lung";"30-44";"Male";"1984";"11.53"
"Incidence";"Geneva";"Lung";"30-44";"Male";"1985";"11.46"
"Incidence";"Geneva";"Lung";"30-44";"Male";"1986";"6.84"
"Incidence";"Geneva";"Lung";"30-44";"Male";"1987";"9.10"
"Incidence";"Geneva";"Lung";"30-44";"Male";"1988";"9.04"
"Incidence";"Geneva";"Lung";"30-44";"Male";"1989";"15.66"
"Incidence";"Geneva";"Lung";"30-44";"Male";"1990";"6.72"
"Incidence";"Geneva";"Lung";"30-44";"Male";"1991";"15.70"
"Incidence";"Geneva";"Lung";"30-44";"Male";"1992";"13.39"
"Incidence";"Geneva";"Lung";"30-44";"Male";"1993";"8.84"
"Incidence";"Geneva";"Lung";"30-44";"Male";"1994";"8.68"
"Incidence";"Geneva";"Lung";"30-44";"Male";"1995";"4.26"
"Incidence";"Geneva";"Lung";"30-44";"Male";"1996";"4.23"
"Incidence";"Geneva";"Lung";"30-44";"Male";"1997";"2.10"
"Incidence";"Geneva";"Lung";"30-44";"Male";"1998";"8.31"
"Incidence";"Geneva";"Lung";"30-44";"Male";"1999";"10.28"
"Incidence";"Geneva";"Lung";"30-44";"Male";"2000";"6.10"
"Incidence";"Geneva";"Lung";"30-44";"Male";"2001";"12.02"
"Incidence";"Geneva";"Lung";"30-44";"Male";"2002";"7.89"
"Incidence";"Geneva";"Lung";"30-44";"Male";"2003";"0.00"
"Incidence";"Geneva";"Lung";"30-44";"Male";"2004";"3.87"
"Incidence";"Geneva";"Lung";"30-44";"Male";"2005";"5.81"
"Incidence";"Geneva";"Lung";"30-44";"Male";"2006";"7.75"
"Incidence";"Geneva";"Lung";"30-44";"Male";"2007";"3.86"
"Incidence";"Geneva";"Lung";"30-44";"Male";"2008";"9.55"
"Incidence";"Geneva";"Lung";"30-44";"Male";"2009";"7.58"
"Incidence";"Geneva";"Lung";"30-44";"Male";"2010";"0.00"
"Incidence";"Geneva";"Lung";"30-44";"Male";"2011";"3.79"
"Incidence";"Geneva";"Lung";"30-44";"Male";"2012";"5.71"
"Incidence";"Geneva";"Lung";"30-44";"Male";"2013";"1.90"
"Incidence";"Geneva";"Lung";"30-44";"Male";"2014";"1.87"
"Incidence";"Geneva";"Lung";"30-44";"Male";"2015";"1.84"
"Incidence";"Geneva";"Lung";"30-44";"Male";"2016";"5.48"
"Incidence";"Geneva";"Lung";"30-44";"Male";"2017";"3.64"
"Incidence";"Geneva";"Lung";"30-44";"Male";"2018";"3.61"
"Incidence";"Geneva";"Lung";"30-44";"Male";"2019";"3.59"
"Incidence";"Zurich, Zug, Schaffhausen, and Schwyz";"Lung";"30-44";"Male";"1980";"5.34"
"Incidence";"Zurich, Zug, Schaffhausen, and Schwyz";"Lung";"30-44";"Male";"1981";"5.27"
"Incidence";"Zurich, Zug, Schaffhausen, and Schwyz";"Lung";"30-44";"Male";"1982";"12.57"
"Incidence";"Zurich, Zug, Schaffhausen, and Schwyz";"Lung";"30-44";"Male";"1983";"5.89"
"Incidence";"Zurich, Zug, Schaffhausen, and Schwyz";"Lung";"30-44";"Male";"1984";"5.14"
"Incidence";"Zurich, Zug, Schaffhausen, and Schwyz";"Lung";"30-44";"Male";"1985";"10.97"
"Incidence";"Zurich, Zug, Schaffhausen, and Schwyz";"Lung";"30-44";"Male";"1986";"11.66"
"Incidence";"Zurich, Zug, Schaffhausen, and Schwyz";"Lung";"30-44";"Male";"1987";"4.35"
"Incidence";"Zurich, Zug, Schaffhausen, and Schwyz";"Lung";"30-44";"Male";"1988";"6.50"
"Incidence";"Zurich, Zug, Schaffhausen, and Schwyz";"Lung";"30-44";"Male";"1989";"3.60"
"Incidence";"Zurich, Zug, Schaffhausen, and Schwyz";"Lung";"30-44";"Male";"1990";"7.17"
"Incidence";"Zurich, Zug, Schaffhausen, and Schwyz";"Lung";"30-44";"Male";"1991";"4.32"
"Incidence";"Zurich, Zug, Schaffhausen, and Schwyz";"Lung";"30-44";"Male";"1992";"6.49"
"Incidence";"Zurich, Zug, Schaffhausen, and Schwyz";"Lung";"30-44";"Male";"1993";"6.43"
"Incidence";"Zurich, Zug, Schaffhausen, and Schwyz";"Lung";"30-44";"Male";"1994";"7.06"
"Incidence";"Zurich, Zug, Schaffhausen, and Schwyz";"Lung";"30-44";"Male";"1995";"5.58"
"Incidence";"Zurich, Zug, Schaffhausen, and Schwyz";"Lung";"30-44";"Male";"1996";"4.84"
"Incidence";"Zurich, Zug, Schaffhausen, and Schwyz";"Lung";"30-44";"Male";"1997";"6.17"
"Incidence";"Zurich, Zug, Schaffhausen, and Schwyz";"Lung";"30-44";"Male";"1998";"5.45"
"Incidence";"Zurich, Zug, Schaffhausen, and Schwyz";"Lung";"30-44";"Male";"1999";"6.07"
"Incidence";"Zurich, Zug, Schaffhausen, and Schwyz";"Lung";"30-44";"Male";"2000";"8.65"
"Incidence";"Zurich, Zug, Schaffhausen, and Schwyz";"Lung";"30-44";"Male";"2001";"5.14"
"Incidence";"Zurich, Zug, Schaffhausen, and Schwyz";"Lung";"30-44";"Male";"2002";"6.86"
"Incidence";"Zurich, Zug, Schaffhausen, and Schwyz";"Lung";"30-44";"Male";"2003";"7.44"
"Incidence";"Zurich, Zug, Schaffhausen, and Schwyz";"Lung";"30-44";"Male";"2004";"3.72"
"Incidence";"Zurich, Zug, Schaffhausen, and Schwyz";"Lung";"30-44";"Male";"2005";"6.19"
"Incidence";"Zurich, Zug, Schaffhausen, and Schwyz";"Lung";"30-44";"Male";"2006";"2.48"
"Incidence";"Zurich, Zug, Schaffhausen, and Schwyz";"Lung";"30-44";"Male";"2007";"6.17"
"Incidence";"Zurich, Zug, Schaffhausen, and Schwyz";"Lung";"30-44";"Male";"2008";"4.26"
"Incidence";"Zurich, Zug, Schaffhausen, and Schwyz";"Lung";"30-44";"Male";"2009";"4.23"
"Incidence";"Zurich, Zug, Schaffhausen, and Schwyz";"Lung";"30-44";"Male";"2010";"1.81"
"Incidence";"Zurich, Zug, Schaffhausen, and Schwyz";"Lung";"30-44";"Male";"2011";"5.46"
"Incidence";"Zurich, Zug, Schaffhausen, and Schwyz";"Lung";"30-44";"Male";"2012";"4.81"
"Incidence";"Zurich, Zug, Schaffhausen, and Schwyz";"Lung";"30-44";"Male";"2013";"4.26"
"Incidence";"Zurich, Zug, Schaffhausen, and Schwyz";"Lung";"30-44";"Male";"2014";"4.23"
"Incidence";"Zurich, Zug, Schaffhausen, and Schwyz";"Lung";"30-44";"Male";"2015";"3.14"
"Incidence";"Zurich, Zug, Schaffhausen, and Schwyz";"Lung";"30-44";"Male";"2016";"3.11"
"Incidence";"Zurich, Zug, Schaffhausen, and Schwyz";"Lung";"30-44";"Male";"2017";"3.59"
"Incidence";"Zurich, Zug, Schaffhausen, and Schwyz";"Lung";"30-44";"Male";"2018";"2.53"
"Incidence";"Zurich, Zug, Schaffhausen, and Schwyz";"Lung";"30-44";"Male";"2019";"2.00"
"Incidence";"Zurich, Zug, Schaffhausen, and Schwyz";"Lung";"30-44";"Female";"1980";"2.29"
"Incidence";"Zurich, Zug, Schaffhausen, and Schwyz";"Lung";"30-44";"Female";"1981";"2.28"
"Incidence";"Zurich, Zug, Schaffhausen, and Schwyz";"Lung";"30-44";"Female";"1982";"3.01"
"Incidence";"Zurich, Zug, Schaffhausen, and Schwyz";"Lung";"30-44";"Female";"1983";"2.99"
"Incidence";"Zurich, Zug, Schaffhausen, and Schwyz";"Lung";"30-44";"Female";"1984";"4.48"
"Incidence";"Zurich, Zug, Schaffhausen, and Schwyz";"Lung";"30-44";"Female";"1985";"2.23"
"Incidence";"Zurich, Zug, Schaffhausen, and Schwyz";"Lung";"30-44";"Female";"1986";"2.22"
"Incidence";"Zurich, Zug, Schaffhausen, and Schwyz";"Lung";"30-44";"Female";"1987";"3.69"
"Incidence";"Zurich, Zug, Schaffhausen, and Schwyz";"Lung";"30-44";"Female";"1988";"2.21"
"Incidence";"Zurich, Zug, Schaffhausen, and Schwyz";"Lung";"30-44";"Female";"1989";"2.94"
"Incidence";"Zurich, Zug, Schaffhausen, and Schwyz";"Lung";"30-44";"Female";"1990";"3.66"
"Incidence";"Zurich, Zug, Schaffhausen, and Schwyz";"Lung";"30-44";"Female";"1991";"5.11"
"Incidence";"Zurich, Zug, Schaffhausen, and Schwyz";"Lung";"30-44";"Female";"1992";"5.09"
"Incidence";"Zurich, Zug, Schaffhausen, and Schwyz";"Lung";"30-44";"Female";"1993";"2.16"
"Incidence";"Zurich, Zug, Schaffhausen, and Schwyz";"Lung";"30-44";"Female";"1994";"3.57"
"Incidence";"Zurich, Zug, Schaffhausen, and Schwyz";"Lung";"30-44";"Female";"1995";"6.36"
"Incidence";"Zurich, Zug, Schaffhausen, and Schwyz";"Lung";"30-44";"Female";"1996";"6.99"
"Incidence";"Zurich, Zug, Schaffhausen, and Schwyz";"Lung";"30-44";"Female";"1997";"3.47"
"Incidence";"Zurich, Zug, Schaffhausen, and Schwyz";"Lung";"30-44";"Female";"1998";"5.52"
"Incidence";"Zurich, Zug, Schaffhausen, and Schwyz";"Lung";"30-44";"Female";"1999";"6.15"
"Incidence";"Zurich, Zug, Schaffhausen, and Schwyz";"Lung";"30-44";"Female";"2000";"4.05"
"Incidence";"Zurich, Zug, Schaffhausen, and Schwyz";"Lung";"30-44";"Female";"2001";"2.64"
"Incidence";"Zurich, Zug, Schaffhausen, and Schwyz";"Lung";"30-44";"Female";"2002";"0.00"
"Incidence";"Zurich, Zug, Schaffhausen, and Schwyz";"Lung";"30-44";"Female";"2003";"3.21"
"Incidence";"Zurich, Zug, Schaffhausen, and Schwyz";"Lung";"30-44";"Female";"2004";"2.56"
"Incidence";"Zurich, Zug, Schaffhausen, and Schwyz";"Lung";"30-44";"Female";"2005";"3.83"
"Incidence";"Zurich, Zug, Schaffhausen, and Schwyz";"Lung";"30-44";"Female";"2006";"3.84"
"Incidence";"Zurich, Zug, Schaffhausen, and Schwyz";"Lung";"30-44";"Female";"2007";"3.18"
"Incidence";"Zurich, Zug, Schaffhausen, and Schwyz";"Lung";"30-44";"Female";"2008";"4.42"
"Incidence";"Zurich, Zug, Schaffhausen, and Schwyz";"Lung";"30-44";"Female";"2009";"1.88"
"Incidence";"Zurich, Zug, Schaffhausen, and Schwyz";"Lung";"30-44";"Female";"2010";"3.12"
"Incidence";"Zurich, Zug, Schaffhausen, and Schwyz";"Lung";"30-44";"Female";"2011";"6.23"
"Incidence";"Zurich, Zug, Schaffhausen, and Schwyz";"Lung";"30-44";"Female";"2012";"3.90"
"Incidence";"Zurich, Zug, Schaffhausen, and Schwyz";"Lung";"30-44";"Female";"2013";"3.87"
"Incidence";"Zurich, Zug, Schaffhausen, and Schwyz";"Lung";"30-44";"Female";"2014";"3.84"
"Incidence";"Zurich, Zug, Schaffhausen, and Schwyz";"Lung";"30-44";"Female";"2015";"3.25"
"Incidence";"Zurich, Zug, Schaffhausen, and Schwyz";"Lung";"30-44";"Female";"2016";"1.61"
"Incidence";"Zurich, Zug, Schaffhausen, and Schwyz";"Lung";"30-44";"Female";"2017";"3.70"
"Incidence";"Zurich, Zug, Schaffhausen, and Schwyz";"Lung";"30-44";"Female";"2018";"2.60"
"Incidence";"Zurich, Zug, Schaffhausen, and Schwyz";"Lung";"30-44";"Female";"2019";"2.05"
"Incidence";"Vaud";"Lung";"45-59";"Male";"1980";"144.82"
"Incidence";"Vaud";"Lung";"45-59";"Male";"1981";"154.45"
"Incidence";"Vaud";"Lung";"45-59";"Male";"1982";"95.98"
"Incidence";"Vaud";"Lung";"45-59";"Male";"1983";"119.33"
"Incidence";"Vaud";"Lung";"45-59";"Male";"1984";"129.37"
"Incidence";"Vaud";"Lung";"45-59";"Male";"1985";"117.80"
"Incidence";"Vaud";"Lung";"45-59";"Male";"1986";"101.69"
"Incidence";"Vaud";"Lung";"45-59";"Male";"1987";"101.78"
"Incidence";"Vaud";"Lung";"45-59";"Male";"1988";"115.13"
"Incidence";"Vaud";"Lung";"45-59";"Male";"1989";"129.54"
"Incidence";"Vaud";"Lung";"45-59";"Male";"1990";"105.13"
"Incidence";"Vaud";"Lung";"45-59";"Male";"1991";"106.42"
"Incidence";"Vaud";"Lung";"45-59";"Male";"1992";"89.96"
"Incidence";"Vaud";"Lung";"45-59";"Male";"1993";"77.69"
"Incidence";"Vaud";"Lung";"45-59";"Male";"1994";"90.70"
"Incidence";"Vaud";"Lung";"45-59";"Male";"1995";"91.36"
"Incidence";"Vaud";"Lung";"45-59";"Male";"1996";"85.22"
"Incidence";"Vaud";"Lung";"45-59";"Male";"1997";"91.42"
"Incidence";"Vaud";"Lung";"45-59";"Male";"1998";"76.91"
"Incidence";"Vaud";"Lung";"45-59";"Male";"1999";"96.44"
"Incidence";"Vaud";"Lung";"45-59";"Male";"2000";"78.64"
"Incidence";"Vaud";"Lung";"45-59";"Male";"2001";"85.82"
"Incidence";"Vaud";"Lung";"45-59";"Male";"2002";"93.89"
"Incidence";"Vaud";"Lung";"45-59";"Male";"2003";"81.07"
"Incidence";"Vaud";"Lung";"45-59";"Male";"2004";"84.84"
"Incidence";"Vaud";"Lung";"45-59";"Male";"2005";"97.92"
"Incidence";"Vaud";"Lung";"45-59";"Male";"2006";"75.37"
"Incidence";"Vaud";"Lung";"45-59";"Male";"2007";"56.18"
"Incidence";"Vaud";"Lung";"45-59";"Male";"2008";"74.14"
"Incidence";"Vaud";"Lung";"45-59";"Male";"2009";"51.80"
"Incidence";"Vaud";"Lung";"45-59";"Male";"2010";"51.70"
"Incidence";"Vaud";"Lung";"45-59";"Male";"2011";"47.36"
"Incidence";"Vaud";"Lung";"45-59";"Male";"2012";"52.61"
"Incidence";"Vaud";"Lung";"45-59";"Male";"2013";"59.07"
"Incidence";"Vaud";"Lung";"45-59";"Male";"2014";"61.40"
"Incidence";"Vaud";"Lung";"45-59";"Male";"2015";"54.01"
"Incidence";"Vaud";"Lung";"45-59";"Male";"2016";"50.70"
"Incidence";"Vaud";"Lung";"45-59";"Male";"2017";"42.88"
"Incidence";"Neuchatel and Jura";"Lung";"45-59";"Female";"1980";"12.98"
"Incidence";"Neuchatel and Jura";"Lung";"45-59";"Female";"1981";"0.00"
"Incidence";"Neuchatel and Jura";"Lung";"45-59";"Female";"1982";"19.67"
"Incidence";"Neuchatel and Jura";"Lung";"45-59";"Female";"1983";"26.61"
"Incidence";"Neuchatel and Jura";"Lung";"45-59";"Female";"1984";"6.74"
"Incidence";"Neuchatel and Jura";"Lung";"45-59";"Female";"1985";"33.87"
"Incidence";"Neuchatel and Jura";"Lung";"45-59";"Female";"1986";"33.93"
"Incidence";"Neuchatel and Jura";"Lung";"45-59";"Female";"1987";"20.30"
"Incidence";"Neuchatel and Jura";"Lung";"45-59";"Female";"1988";"6.72"
"Incidence";"Neuchatel and Jura";"Lung";"45-59";"Female";"1989";"13.37"
"Incidence";"Neuchatel and Jura";"Lung";"45-59";"Female";"1990";"26.57"
"Incidence";"Neuchatel and Jura";"Lung";"45-59";"Female";"1991";"26.34"
"Incidence";"Neuchatel and Jura";"Lung";"45-59";"Female";"1992";"39.25"
"Incidence";"Neuchatel and Jura";"Lung";"45-59";"Female";"1993";"32.39"
"Incidence";"Neuchatel and Jura";"Lung";"45-59";"Female";"1994";"25.56"
"Incidence";"Neuchatel and Jura";"Lung";"45-59";"Female";"1995";"25.32"
"Incidence";"Neuchatel and Jura";"Lung";"45-59";"Female";"1996";"37.76"
"Incidence";"Neuchatel and Jura";"Lung";"45-59";"Female";"1997";"18.75"
"Incidence";"Neuchatel and Jura";"Lung";"45-59";"Female";"1998";"37.10"
"Incidence";"Neuchatel and Jura";"Lung";"45-59";"Female";"1999";"24.74"
"Incidence";"Neuchatel and Jura";"Lung";"45-59";"Female";"2000";"30.75"
"Incidence";"Neuchatel and Jura";"Lung";"45-59";"Female";"2001";"54.48"
"Incidence";"Neuchatel and Jura";"Lung";"45-59";"Female";"2002";"42.08"
"Incidence";"Neuchatel and Jura";"Lung";"45-59";"Female";"2003";"71.90"
"Incidence";"Neuchatel and Jura";"Lung";"45-59";"Female";"2004";"29.80"
"Incidence";"Neuchatel and Jura";"Lung";"45-59";"Female";"2005";"62.92"
"Incidence";"Neuchatel and Jura";"Lung";"45-59";"Female";"2006";"37.63"
"Incidence";"Neuchatel and Jura";"Lung";"45-59";"Female";"2007";"37.45"
"Incidence";"Neuchatel and Jura";"Lung";"45-59";"Female";"2008";"61.79"
"Incidence";"Neuchatel and Jura";"Lung";"45-59";"Female";"2009";"28.41"
"Incidence";"Neuchatel and Jura";"Lung";"45-59";"Female";"2010";"67.86"
"Incidence";"Neuchatel and Jura";"Lung";"45-59";"Female";"2011";"39.40"
"Incidence";"Neuchatel and Jura";"Lung";"45-59";"Female";"2012";"46.67"
"Incidence";"Neuchatel and Jura";"Lung";"45-59";"Female";"2013";"38.25"
"Incidence";"Neuchatel and Jura";"Lung";"45-59";"Female";"2014";"22.60"
"Incidence";"Neuchatel and Jura";"Lung";"45-59";"Female";"2015";"52.14"
"Incidence";"Neuchatel and Jura";"Lung";"45-59";"Female";"2016";"33.20"
"Incidence";"Neuchatel and Jura";"Lung";"45-59";"Female";"2017";"66.11"
"Incidence";"Neuchatel and Jura";"Lung";"45-59";"Female";"2018";"62.30"
"Incidence";"Neuchatel and Jura";"Lung";"45-59";"Female";"2019";"29.28"
"Incidence";"East Switzerland";"Lung";"45-59";"Male";"1980";"121.73"
"Incidence";"East Switzerland";"Lung";"45-59";"Male";"1981";"94.23"
"Incidence";"East Switzerland";"Lung";"45-59";"Male";"1982";"116.30"
"Incidence";"East Switzerland";"Lung";"45-59";"Male";"1983";"138.23"
"Incidence";"East Switzerland";"Lung";"45-59";"Male";"1984";"96.80"
"Incidence";"East Switzerland";"Lung";"45-59";"Male";"1985";"56.13"
"Incidence";"East Switzerland";"Lung";"45-59";"Male";"1986";"110.19"
"Incidence";"East Switzerland";"Lung";"45-59";"Male";"1987";"75.31"
"Incidence";"East Switzerland";"Lung";"45-59";"Male";"1988";"96.75"
"Incidence";"East Switzerland";"Lung";"45-59";"Male";"1989";"81.22"
"Incidence";"East Switzerland";"Lung";"45-59";"Male";"1990";"76.31"
"Incidence";"East Switzerland";"Lung";"45-59";"Male";"1991";"89.04"
"Incidence";"East Switzerland";"Lung";"45-59";"Male";"1992";"70.76"
"Incidence";"East Switzerland";"Lung";"45-59";"Male";"1993";"55.05"
"Incidence";"East Switzerland";"Lung";"45-59";"Male";"1994";"100.68"
"Incidence";"East Switzerland";"Lung";"45-59";"Male";"1995";"68.00"
"Incidence";"East Switzerland";"Lung";"45-59";"Male";"1996";"58.17"
"Incidence";"East Switzerland";"Lung";"45-59";"Male";"1997";"63.57"
"Incidence";"East Switzerland";"Lung";"45-59";"Male";"1998";"85.55"
"Incidence";"East Switzerland";"Lung";"45-59";"Male";"1999";"65.64"
"Incidence";"East Switzerland";"Lung";"45-59";"Male";"2000";"68.52"
"Incidence";"East Switzerland";"Lung";"45-59";"Male";"2001";"65.52"
"Incidence";"East Switzerland";"Lung";"45-59";"Male";"2002";"62.56"
"Incidence";"East Switzerland";"Lung";"45-59";"Male";"2003";"48.17"
"Incidence";"East Switzerland";"Lung";"45-59";"Male";"2004";"79.85"
"Incidence";"East Switzerland";"Lung";"45-59";"Male";"2005";"41.26"
"Incidence";"East Switzerland";"Lung";"45-59";"Male";"2006";"49.88"
"Incidence";"East Switzerland";"Lung";"45-59";"Male";"2007";"68.76"
"Incidence";"East Switzerland";"Lung";"45-59";"Male";"2008";"47.69"
"Incidence";"East Switzerland";"Lung";"45-59";"Male";"2009";"70.65"
"Incidence";"East Switzerland";"Lung";"45-59";"Male";"2010";"53.97"
"Incidence";"East Switzerland";"Lung";"45-59";"Male";"2011";"56.19"
"Incidence";"East Switzerland";"Lung";"45-59";"Male";"2012";"43.31"
"Incidence";"East Switzerland";"Lung";"45-59";"Male";"2013";"44.64"
"Incidence";"East Switzerland";"Lung";"45-59";"Male";"2014";"51.33"
"Incidence";"East Switzerland";"Lung";"45-59";"Male";"2015";"42.53"
"Incidence";"East Switzerland";"Lung";"45-59";"Male";"2016";"52.64"
"Incidence";"East Switzerland";"Lung";"45-59";"Male";"2017";"46.44"
"Incidence";"East Switzerland";"Lung";"45-59";"Male";"2018";"44.53"
"Incidence";"East Switzerland";"Lung";"45-59";"Male";"2019";"38.53"
"Incidence";"Geneva";"Lung";"45-59";"Female";"1980";"41.18"
"Incidence";"Geneva";"Lung";"45-59";"Female";"1981";"14.55"
"Incidence";"Geneva";"Lung";"45-59";"Female";"1982";"14.30"
"Incidence";"Geneva";"Lung";"45-59";"Female";"1983";"25.49"
"Incidence";"Geneva";"Lung";"45-59";"Female";"1984";"19.69"
"Incidence";"Geneva";"Lung";"45-59";"Female";"1985";"22.29"
"Incidence";"Geneva";"Lung";"45-59";"Female";"1986";"33.01"
"Incidence";"Geneva";"Lung";"45-59";"Female";"1987";"35.16"
"Incidence";"Geneva";"Lung";"45-59";"Female";"1988";"21.13"
"Incidence";"Geneva";"Lung";"45-59";"Female";"1989";"41.20"
"Incidence";"Geneva";"Lung";"45-59";"Female";"1990";"22.77"
"Incidence";"Geneva";"Lung";"45-59";"Female";"1991";"17.35"
"Incidence";"Geneva";"Lung";"45-59";"Female";"1992";"29.11"
"Incidence";"Geneva";"Lung";"45-59";"Female";"1993";"21.57"
"Incidence";"Geneva";"Lung";"45-59";"Female";"1994";"30.86"
"Incidence";"Geneva";"Lung";"45-59";"Female";"1995";"32.88"
"Incidence";"Geneva";"Lung";"45-59";"Female";"1996";"21.01"
"Incidence";"Geneva";"Lung";"45-59";"Female";"1997";"41.87"
"Incidence";"Geneva";"Lung";"45-59";"Female";"1998";"30.05"
"Incidence";"Geneva";"Lung";"45-59";"Female";"1999";"38.99"
"Incidence";"Geneva";"Lung";"45-59";"Female";"2000";"50.10"
"Incidence";"Geneva";"Lung";"45-59";"Female";"2001";"33.98"
"Incidence";"Geneva";"Lung";"45-59";"Female";"2002";"45.13"
"Incidence";"Geneva";"Lung";"45-59";"Female";"2003";"42.78"
"Incidence";"Geneva";"Lung";"45-59";"Female";"2004";"33.78"
"Incidence";"Geneva";"Lung";"45-59";"Female";"2005";"47.19"
"Incidence";"Geneva";"Lung";"45-59";"Female";"2006";"33.63"
"Incidence";"Geneva";"Lung";"45-59";"Female";"2007";"46.96"
"Incidence";"Geneva";"Lung";"45-59";"Female";"2008";"37.58"
"Incidence";"Geneva";"Lung";"45-59";"Female";"2009";"43.24"
"Incidence";"Geneva";"Lung";"45-59";"Female";"2010";"38.00"
"Incidence";"Geneva";"Lung";"45-59";"Female";"2011";"53.94"
"Incidence";"Geneva";"Lung";"45-59";"Female";"2012";"34.75"
"Incidence";"Geneva";"Lung";"45-59";"Female";"2013";"32.14"
"Incidence";"Geneva";"Lung";"45-59";"Female";"2014";"49.17"
"Incidence";"Geneva";"Lung";"45-59";"Female";"2015";"42.32"
"Incidence";"Geneva";"Lung";"45-59";"Female";"2016";"32.11"
"Incidence";"Geneva";"Lung";"45-59";"Female";"2017";"46.53"
"Incidence";"Geneva";"Lung";"45-59";"Female";"2018";"34.81"
"Incidence";"Geneva";"Lung";"45-59";"Female";"2019";"23.49"
"Incidence";"Zurich, Zug, Schaffhausen, and Schwyz";"Lung";"45-59";"Female";"1980";"14.48"
"Incidence";"Zurich, Zug, Schaffhausen, and Schwyz";"Lung";"45-59";"Female";"1981";"17.28"
"Incidence";"Zurich, Zug, Schaffhausen, and Schwyz";"Lung";"45-59";"Female";"1982";"21.91"
"Incidence";"Zurich, Zug, Schaffhausen, and Schwyz";"Lung";"45-59";"Female";"1983";"17.06"
"Incidence";"Zurich, Zug, Schaffhausen, and Schwyz";"Lung";"45-59";"Female";"1984";"21.65"
"Incidence";"Zurich, Zug, Schaffhausen, and Schwyz";"Lung";"45-59";"Female";"1985";"13.10"
"Incidence";"Zurich, Zug, Schaffhausen, and Schwyz";"Lung";"45-59";"Female";"1986";"18.57"
"Incidence";"Zurich, Zug, Schaffhausen, and Schwyz";"Lung";"45-59";"Female";"1987";"24.80"
"Incidence";"Zurich, Zug, Schaffhausen, and Schwyz";"Lung";"45-59";"Female";"1988";"22.64"
"Incidence";"Zurich, Zug, Schaffhausen, and Schwyz";"Lung";"45-59";"Female";"1989";"22.31"
"Incidence";"Zurich, Zug, Schaffhausen, and Schwyz";"Lung";"45-59";"Female";"1990";"29.95"
"Incidence";"Zurich, Zug, Schaffhausen, and Schwyz";"Lung";"45-59";"Female";"1991";"28.64"
"Incidence";"Zurich, Zug, Schaffhausen, and Schwyz";"Lung";"45-59";"Female";"1992";"34.18"
"Incidence";"Zurich, Zug, Schaffhausen, and Schwyz";"Lung";"45-59";"Female";"1993";"27.82"
"Incidence";"Zurich, Zug, Schaffhausen, and Schwyz";"Lung";"45-59";"Female";"1994";"30.79"
"Incidence";"Zurich, Zug, Schaffhausen, and Schwyz";"Lung";"45-59";"Female";"1995";"25.50"
"Incidence";"Zurich, Zug, Schaffhausen, and Schwyz";"Lung";"45-59";"Female";"1996";"25.30"
"Incidence";"Zurich, Zug, Schaffhausen, and Schwyz";"Lung";"45-59";"Female";"1997";"25.10"
"Incidence";"Zurich, Zug, Schaffhausen, and Schwyz";"Lung";"45-59";"Female";"1998";"29.69"
"Incidence";"Zurich, Zug, Schaffhausen, and Schwyz";"Lung";"45-59";"Female";"1999";"31.83"
"Incidence";"Zurich, Zug, Schaffhausen, and Schwyz";"Lung";"45-59";"Female";"2000";"41.01"
"Incidence";"Zurich, Zug, Schaffhausen, and Schwyz";"Lung";"45-59";"Female";"2001";"36.10"
"Incidence";"Zurich, Zug, Schaffhausen, and Schwyz";"Lung";"45-59";"Female";"2002";"32.80"
"Incidence";"Zurich, Zug, Schaffhausen, and Schwyz";"Lung";"45-59";"Female";"2003";"47.29"
"Incidence";"Zurich, Zug, Schaffhausen, and Schwyz";"Lung";"45-59";"Female";"2004";"40.03"
"Incidence";"Zurich, Zug, Schaffhausen, and Schwyz";"Lung";"45-59";"Female";"2005";"51.11"
"Incidence";"Zurich, Zug, Schaffhausen, and Schwyz";"Lung";"45-59";"Female";"2006";"38.51"
"Incidence";"Zurich, Zug, Schaffhausen, and Schwyz";"Lung";"45-59";"Female";"2007";"36.51"
"Incidence";"Zurich, Zug, Schaffhausen, and Schwyz";"Lung";"45-59";"Female";"2008";"37.32"
"Incidence";"Zurich, Zug, Schaffhausen, and Schwyz";"Lung";"45-59";"Female";"2009";"45.87"
"Incidence";"Zurich, Zug, Schaffhausen, and Schwyz";"Lung";"45-59";"Female";"2010";"30.90"
"Incidence";"Zurich, Zug, Schaffhausen, and Schwyz";"Lung";"45-59";"Female";"2011";"34.32"
"Incidence";"Zurich, Zug, Schaffhausen, and Schwyz";"Lung";"45-59";"Female";"2012";"35.59"
"Incidence";"Zurich, Zug, Schaffhausen, and Schwyz";"Lung";"45-59";"Female";"2013";"36.13"
"Incidence";"Zurich, Zug, Schaffhausen, and Schwyz";"Lung";"45-59";"Female";"2014";"35.45"
"Incidence";"Zurich, Zug, Schaffhausen, and Schwyz";"Lung";"45-59";"Female";"2015";"38.40"
"Incidence";"Zurich, Zug, Schaffhausen, and Schwyz";"Lung";"45-59";"Female";"2016";"34.92"
"Incidence";"Zurich, Zug, Schaffhausen, and Schwyz";"Lung";"45-59";"Female";"2017";"32.21"
"Incidence";"Zurich, Zug, Schaffhausen, and Schwyz";"Lung";"45-59";"Female";"2018";"31.93"
"Incidence";"Zurich, Zug, Schaffhausen, and Schwyz";"Lung";"45-59";"Female";"2019";"32.27"
"Incidence";"Geneva";"Lung";"45-59";"Male";"1980";"121.96"
"Incidence";"Geneva";"Lung";"45-59";"Male";"1981";"114.51"
"Incidence";"Geneva";"Lung";"45-59";"Male";"1982";"148.13"
"Incidence";"Geneva";"Lung";"45-59";"Male";"1983";"116.97"
"Incidence";"Geneva";"Lung";"45-59";"Male";"1984";"138.56"
"Incidence";"Geneva";"Lung";"45-59";"Male";"1985";"119.54"
"Incidence";"Geneva";"Lung";"45-59";"Male";"1986";"104.20"
"Incidence";"Geneva";"Lung";"45-59";"Male";"1987";"94.37"
"Incidence";"Geneva";"Lung";"45-59";"Male";"1988";"84.14"
"Incidence";"Geneva";"Lung";"45-59";"Male";"1989";"87.85"
"Incidence";"Geneva";"Lung";"45-59";"Male";"1990";"73.68"
"Incidence";"Geneva";"Lung";"45-59";"Male";"1991";"95.89"
"Incidence";"Geneva";"Lung";"45-59";"Male";"1992";"76.92"
"Incidence";"Geneva";"Lung";"45-59";"Male";"1993";"61.24"
"Incidence";"Geneva";"Lung";"45-59";"Male";"1994";"78.54"
"Incidence";"Geneva";"Lung";"45-59";"Male";"1995";"98.02"
"Incidence";"Geneva";"Lung";"45-59";"Male";"1996";"85.62"
"Incidence";"Geneva";"Lung";"45-59";"Male";"1997";"88.65"
"Incidence";"Geneva";"Lung";"45-59";"Male";"1998";"101.05"
"Incidence";"Geneva";"Lung";"45-59";"Male";"1999";"103.18"
"Incidence";"Geneva";"Lung";"45-59";"Male";"2000";"87.47"
"Incidence";"Geneva";"Lung";"45-59";"Male";"2001";"69.33"
"Incidence";"Geneva";"Lung";"45-59";"Male";"2002";"49.03"
"Incidence";"Geneva";"Lung";"45-59";"Male";"2003";"58.32"
"Incidence";"Geneva";"Lung";"45-59";"Male";"2004";"89.28"
"Incidence";"Geneva";"Lung";"45-59";"Male";"2005";"91.00"
"Incidence";"Geneva";"Lung";"45-59";"Male";"2006";"71.40"
"Incidence";"Geneva";"Lung";"45-59";"Male";"2007";"59.01"
"Incidence";"Geneva";"Lung";"45-59";"Male";"2008";"69.55"
"Incidence";"Geneva";"Lung";"45-59";"Male";"2009";"63.10"
"Incidence";"Geneva";"Lung";"45-59";"Male";"2010";"59.15"
"Incidence";"Geneva";"Lung";"45-59";"Male";"2011";"55.76"
"Incidence";"Geneva";"Lung";"45-59";"Male";"2012";"44.21"
"Incidence";"Geneva";"Lung";"45-59";"Male";"2013";"61.83"
"Incidence";"Geneva";"Lung";"45-59";"Male";"2014";"40.28"
"Incidence";"Geneva";"Lung";"45-59";"Male";"2015";"43.41"
"Incidence";"Geneva";"Lung";"45-59";"Male";"2016";"38.85"
"Incidence";"Geneva";"Lung";"45-59";"Male";"2017";"36.37"
"Incidence";"Geneva";"Lung";"45-59";"Male";"2018";"47.22"
"Incidence";"Geneva";"Lung";"45-59";"Male";"2019";"54.21"
"Incidence";"East Switzerland";"Lung";"45-59";"Female";"1980";"13.58"
"Incidence";"East Switzerland";"Lung";"45-59";"Female";"1981";"13.59"
"Incidence";"East Switzerland";"Lung";"45-59";"Female";"1982";"13.57"
"Incidence";"East Switzerland";"Lung";"45-59";"Female";"1983";"18.91"
"Incidence";"East Switzerland";"Lung";"45-59";"Female";"1984";"13.41"
"Incidence";"East Switzerland";"Lung";"45-59";"Female";"1985";"10.65"
"Incidence";"East Switzerland";"Lung";"45-59";"Female";"1986";"23.79"
"Incidence";"East Switzerland";"Lung";"45-59";"Female";"1987";"5.22"
"Incidence";"East Switzerland";"Lung";"45-59";"Female";"1988";"23.12"
"Incidence";"East Switzerland";"Lung";"45-59";"Female";"1989";"17.67"
"Incidence";"East Switzerland";"Lung";"45-59";"Female";"1990";"9.91"
"Incidence";"East Switzerland";"Lung";"45-59";"Female";"1991";"14.70"
"Incidence";"East Switzerland";"Lung";"45-59";"Female";"1992";"29.06"
"Incidence";"East Switzerland";"Lung";"45-59";"Female";"1993";"21.36"
"Incidence";"East Switzerland";"Lung";"45-59";"Female";"1994";"25.61"
"Incidence";"East Switzerland";"Lung";"45-59";"Female";"1995";"32.03"
"Incidence";"East Switzerland";"Lung";"45-59";"Female";"1996";"13.50"
"Incidence";"East Switzerland";"Lung";"45-59";"Female";"1997";"44.35"
"Incidence";"East Switzerland";"Lung";"45-59";"Female";"1998";"26.26"
"Incidence";"East Switzerland";"Lung";"45-59";"Female";"1999";"19.39"
"Incidence";"East Switzerland";"Lung";"45-59";"Female";"2000";"44.50"
"Incidence";"East Switzerland";"Lung";"45-59";"Female";"2001";"43.82"
"Incidence";"East Switzerland";"Lung";"45-59";"Female";"2002";"38.95"
"Incidence";"East Switzerland";"Lung";"45-59";"Female";"2003";"32.22"
"Incidence";"East Switzerland";"Lung";"45-59";"Female";"2004";"45.56"
"Incidence";"East Switzerland";"Lung";"45-59";"Female";"2005";"40.85"
"Incidence";"East Switzerland";"Lung";"45-59";"Female";"2006";"36.23"
"Incidence";"East Switzerland";"Lung";"45-59";"Female";"2007";"35.45"
"Incidence";"East Switzerland";"Lung";"45-59";"Female";"2008";"38.23"
"Incidence";"East Switzerland";"Lung";"45-59";"Female";"2009";"39.07"
"Incidence";"East Switzerland";"Lung";"45-59";"Female";"2010";"27.76"
"Incidence";"East Switzerland";"Lung";"45-59";"Female";"2011";"28.84"
"Incidence";"East Switzerland";"Lung";"45-59";"Female";"2012";"38.02"
"Incidence";"East Switzerland";"Lung";"45-59";"Female";"2013";"28.46"
"Incidence";"East Switzerland";"Lung";"45-59";"Female";"2014";"20.45"
"Incidence";"East Switzerland";"Lung";"45-59";"Female";"2015";"38.29"
"Incidence";"East Switzerland";"Lung";"45-59";"Female";"2016";"53.89"
"Incidence";"East Switzerland";"Lung";"45-59";"Female";"2017";"29.55"
"Incidence";"East Switzerland";"Lung";"45-59";"Female";"2018";"31.73"
"Incidence";"East Switzerland";"Lung";"45-59";"Female";"2019";"29.72"
"Incidence";"Zurich, Zug, Schaffhausen, and Schwyz";"Lung";"45-59";"Male";"1980";"98.01"
"Incidence";"Zurich, Zug, Schaffhausen, and Schwyz";"Lung";"45-59";"Male";"1981";"105.63"
"Incidence";"Zurich, Zug, Schaffhausen, and Schwyz";"Lung";"45-59";"Male";"1982";"90.28"
"Incidence";"Zurich, Zug, Schaffhausen, and Schwyz";"Lung";"45-59";"Male";"1983";"79.40"
"Incidence";"Zurich, Zug, Schaffhausen, and Schwyz";"Lung";"45-59";"Male";"1984";"83.41"
"Incidence";"Zurich, Zug, Schaffhausen, and Schwyz";"Lung";"45-59";"Male";"1985";"76.65"
"Incidence";"Zurich, Zug, Schaffhausen, and Schwyz";"Lung";"45-59";"Male";"1986";"69.92"
"Incidence";"Zurich, Zug, Schaffhausen, and Schwyz";"Lung";"45-59";"Male";"1987";"76.16"
"Incidence";"Zurich, Zug, Schaffhausen, and Schwyz";"Lung";"45-59";"Male";"1988";"82.89"
"Incidence";"Zurich, Zug, Schaffhausen, and Schwyz";"Lung";"45-59";"Male";"1989";"80.43"
"Incidence";"Zurich, Zug, Schaffhausen, and Schwyz";"Lung";"45-59";"Male";"1990";"72.78"
"Incidence";"Zurich, Zug, Schaffhausen, and Schwyz";"Lung";"45-59";"Male";"1991";"76.88"
"Incidence";"Zurich, Zug, Schaffhausen, and Schwyz";"Lung";"45-59";"Male";"1992";"68.11"
"Incidence";"Zurich, Zug, Schaffhausen, and Schwyz";"Lung";"45-59";"Male";"1993";"86.91"
"Incidence";"Zurich, Zug, Schaffhausen, and Schwyz";"Lung";"45-59";"Male";"1994";"70.01"
"Incidence";"Zurich, Zug, Schaffhausen, and Schwyz";"Lung";"45-59";"Male";"1995";"73.50"
"Incidence";"Zurich, Zug, Schaffhausen, and Schwyz";"Lung";"45-59";"Male";"1996";"73.85"
"Incidence";"Zurich, Zug, Schaffhausen, and Schwyz";"Lung";"45-59";"Male";"1997";"61.86"
"Incidence";"Zurich, Zug, Schaffhausen, and Schwyz";"Lung";"45-59";"Male";"1998";"73.63"
"Incidence";"Zurich, Zug, Schaffhausen, and Schwyz";"Lung";"45-59";"Male";"1999";"69.81"
"Incidence";"Zurich, Zug, Schaffhausen, and Schwyz";"Lung";"45-59";"Male";"2000";"63.53"
"Incidence";"Zurich, Zug, Schaffhausen, and Schwyz";"Lung";"45-59";"Male";"2001";"56.69"
"Incidence";"Zurich, Zug, Schaffhausen, and Schwyz";"Lung";"45-59";"Male";"2002";"61.05"
"Incidence";"Zurich, Zug, Schaffhausen, and Schwyz";"Lung";"45-59";"Male";"2003";"51.90"
"Incidence";"Zurich, Zug, Schaffhausen, and Schwyz";"Lung";"45-59";"Male";"2004";"74.10"
"Incidence";"Zurich, Zug, Schaffhausen, and Schwyz";"Lung";"45-59";"Male";"2005";"70.30"
"Incidence";"Zurich, Zug, Schaffhausen, and Schwyz";"Lung";"45-59";"Male";"2006";"52.68"
"Incidence";"Zurich, Zug, Schaffhausen, and Schwyz";"Lung";"45-59";"Male";"2007";"56.28"
"Incidence";"Zurich, Zug, Schaffhausen, and Schwyz";"Lung";"45-59";"Male";"2008";"54.15"
"Incidence";"Zurich, Zug, Schaffhausen, and Schwyz";"Lung";"45-59";"Male";"2009";"51.85"
"Incidence";"Zurich, Zug, Schaffhausen, and Schwyz";"Lung";"45-59";"Male";"2010";"51.14"
"Incidence";"Zurich, Zug, Schaffhausen, and Schwyz";"Lung";"45-59";"Male";"2011";"46.96"
"Incidence";"Zurich, Zug, Schaffhausen, and Schwyz";"Lung";"45-59";"Male";"2012";"40.98"
"Incidence";"Zurich, Zug, Schaffhausen, and Schwyz";"Lung";"45-59";"Male";"2013";"34.14"
"Incidence";"Zurich, Zug, Schaffhausen, and Schwyz";"Lung";"45-59";"Male";"2014";"47.79"
"Incidence";"Zurich, Zug, Schaffhausen, and Schwyz";"Lung";"45-59";"Male";"2015";"41.74"
"Incidence";"Zurich, Zug, Schaffhausen, and Schwyz";"Lung";"45-59";"Male";"2016";"35.50"
"Incidence";"Zurich, Zug, Schaffhausen, and Schwyz";"Lung";"45-59";"Male";"2017";"36.19"
"Incidence";"Zurich, Zug, Schaffhausen, and Schwyz";"Lung";"45-59";"Male";"2018";"40.75"
"Incidence";"Zurich, Zug, Schaffhausen, and Schwyz";"Lung";"45-59";"Male";"2019";"39.90"
"Incidence";"Vaud";"Lung";"45-59";"Female";"1980";"14.45"
"Incidence";"Vaud";"Lung";"45-59";"Female";"1981";"12.35"
"Incidence";"Vaud";"Lung";"45-59";"Female";"1982";"18.46"
"Incidence";"Vaud";"Lung";"45-59";"Female";"1983";"6.15"
"Incidence";"Vaud";"Lung";"45-59";"Female";"1984";"24.60"
"Incidence";"Vaud";"Lung";"45-59";"Female";"1985";"32.70"
"Incidence";"Vaud";"Lung";"45-59";"Female";"1986";"20.31"
"Incidence";"Vaud";"Lung";"45-59";"Female";"1987";"32.06"
"Incidence";"Vaud";"Lung";"45-59";"Female";"1988";"31.36"
"Incidence";"Vaud";"Lung";"45-59";"Female";"1989";"24.86"
"Incidence";"Vaud";"Lung";"45-59";"Female";"1990";"18.69"
"Incidence";"Vaud";"Lung";"45-59";"Female";"1991";"38.40"
"Incidence";"Vaud";"Lung";"45-59";"Female";"1992";"37.63"
"Incidence";"Vaud";"Lung";"45-59";"Female";"1993";"40.38"
"Incidence";"Vaud";"Lung";"45-59";"Female";"1994";"34.43"
"Incidence";"Vaud";"Lung";"45-59";"Female";"1995";"18.63"
"Incidence";"Vaud";"Lung";"45-59";"Female";"1996";"41.81"
"Incidence";"Vaud";"Lung";"45-59";"Female";"1997";"53.06"
"Incidence";"Vaud";"Lung";"45-59";"Female";"1998";"44.32"
"Incidence";"Vaud";"Lung";"45-59";"Female";"1999";"61.59"
"Incidence";"Vaud";"Lung";"45-59";"Female";"2000";"38.40"
"Incidence";"Vaud";"Lung";"45-59";"Female";"2001";"52.20"
"Incidence";"Vaud";"Lung";"45-59";"Female";"2002";"49.86"
"Incidence";"Vaud";"Lung";"45-59";"Female";"2003";"50.71"
"Incidence";"Vaud";"Lung";"45-59";"Female";"2004";"36.57"
"Incidence";"Vaud";"Lung";"45-59";"Female";"2005";"45.27"
"Incidence";"Vaud";"Lung";"45-59";"Female";"2006";"59.81"
"Incidence";"Vaud";"Lung";"45-59";"Female";"2007";"47.32"
"Incidence";"Vaud";"Lung";"45-59";"Female";"2008";"40.61"
"Incidence";"Vaud";"Lung";"45-59";"Female";"2009";"36.80"
"Incidence";"Vaud";"Lung";"45-59";"Female";"2010";"44.19"
"Incidence";"Vaud";"Lung";"45-59";"Female";"2011";"53.69"
"Incidence";"Vaud";"Lung";"45-59";"Female";"2012";"33.99"
"Incidence";"Vaud";"Lung";"45-59";"Female";"2013";"37.03"
"Incidence";"Vaud";"Lung";"45-59";"Female";"2014";"39.91"
"Incidence";"Vaud";"Lung";"45-59";"Female";"2015";"48.82"
"Incidence";"Vaud";"Lung";"45-59";"Female";"2016";"25.09"
"Incidence";"Vaud";"Lung";"45-59";"Female";"2017";"51.67"
"Incidence";"Neuchatel and Jura";"Lung";"45-59";"Male";"1980";"106.67"
"Incidence";"Neuchatel and Jura";"Lung";"45-59";"Male";"1981";"92.22"
"Incidence";"Neuchatel and Jura";"Lung";"45-59";"Male";"1982";"114.00"
"Incidence";"Neuchatel and Jura";"Lung";"45-59";"Male";"1983";"194.88"
"Incidence";"Neuchatel and Jura";"Lung";"45-59";"Male";"1984";"138.91"
"Incidence";"Neuchatel and Jura";"Lung";"45-59";"Male";"1985";"147.42"
"Incidence";"Neuchatel and Jura";"Lung";"45-59";"Male";"1986";"117.76"
"Incidence";"Neuchatel and Jura";"Lung";"45-59";"Male";"1987";"124.05"
"Incidence";"Neuchatel and Jura";"Lung";"45-59";"Male";"1988";"86.36"
"Incidence";"Neuchatel and Jura";"Lung";"45-59";"Male";"1989";"141.83"
"Incidence";"Neuchatel and Jura";"Lung";"45-59";"Male";"1990";"111.65"
"Incidence";"Neuchatel and Jura";"Lung";"45-59";"Male";"1991";"123.27"
"Incidence";"Neuchatel and Jura";"Lung";"45-59";"Male";"1992";"107.64"
"Incidence";"Neuchatel and Jura";"Lung";"45-59";"Male";"1993";"145.58"
"Incidence";"Neuchatel and Jura";"Lung";"45-59";"Male";"1994";"78.44"
"Incidence";"Neuchatel and Jura";"Lung";"45-59";"Male";"1995";"90.70"
"Incidence";"Neuchatel and Jura";"Lung";"45-59";"Male";"1996";"96.44"
"Incidence";"Neuchatel and Jura";"Lung";"45-59";"Male";"1997";"63.87"
"Incidence";"Neuchatel and Jura";"Lung";"45-59";"Male";"1998";"57.01"
"Incidence";"Neuchatel and Jura";"Lung";"45-59";"Male";"1999";"111.84"
"Incidence";"Neuchatel and Jura";"Lung";"45-59";"Male";"2000";"116.69"
"Incidence";"Neuchatel and Jura";"Lung";"45-59";"Male";"2001";"85.82"
"Incidence";"Neuchatel and Jura";"Lung";"45-59";"Male";"2002";"60.82"
"Incidence";"Neuchatel and Jura";"Lung";"45-59";"Male";"2003";"78.84"
"Incidence";"Neuchatel and Jura";"Lung";"45-59";"Male";"2004";"60.36"
"Incidence";"Neuchatel and Jura";"Lung";"45-59";"Male";"2005";"67.09"
"Incidence";"Neuchatel and Jura";"Lung";"45-59";"Male";"2006";"100.22"
"Incidence";"Neuchatel and Jura";"Lung";"45-59";"Male";"2007";"116.18"
"Incidence";"Neuchatel and Jura";"Lung";"45-59";"Male";"2008";"57.38"
"Incidence";"Neuchatel and Jura";"Lung";"45-59";"Male";"2009";"60.53"
"Incidence";"Neuchatel and Jura";"Lung";"45-59";"Male";"2010";"91.37"
"Incidence";"Neuchatel and Jura";"Lung";"45-59";"Male";"2011";"90.33"
"Incidence";"Neuchatel and Jura";"Lung";"45-59";"Male";"2012";"54.27"
"Incidence";"Neuchatel and Jura";"Lung";"45-59";"Male";"2013";"76.05"
"Incidence";"Neuchatel and Jura";"Lung";"45-59";"Male";"2014";"59.86"
"Incidence";"Neuchatel and Jura";"Lung";"45-59";"Male";"2015";"66.71"
"Incidence";"Neuchatel and Jura";"Lung";"45-59";"Male";"2016";"77.38"
"Incidence";"Neuchatel and Jura";"Lung";"45-59";"Male";"2017";"62.41"
"Incidence";"Neuchatel and Jura";"Lung";"45-59";"Male";"2018";"51.45"
"Incidence";"Neuchatel and Jura";"Lung";"45-59";"Male";"2019";"22.19"
"Incidence";"East Switzerland";"Lung";"60-74";"Male";"1980";"313.47"
"Incidence";"East Switzerland";"Lung";"60-74";"Male";"1981";"323.62"
"Incidence";"East Switzerland";"Lung";"60-74";"Male";"1982";"348.22"
"Incidence";"East Switzerland";"Lung";"60-74";"Male";"1983";"328.51"
"Incidence";"East Switzerland";"Lung";"60-74";"Male";"1984";"316.36"
"Incidence";"East Switzerland";"Lung";"60-74";"Male";"1985";"222.54"
"Incidence";"East Switzerland";"Lung";"60-74";"Male";"1986";"333.79"
"Incidence";"East Switzerland";"Lung";"60-74";"Male";"1987";"212.30"
"Incidence";"East Switzerland";"Lung";"60-74";"Male";"1988";"317.80"
"Incidence";"East Switzerland";"Lung";"60-74";"Male";"1989";"367.43"
"Incidence";"East Switzerland";"Lung";"60-74";"Male";"1990";"276.87"
"Incidence";"East Switzerland";"Lung";"60-74";"Male";"1991";"290.79"
"Incidence";"East Switzerland";"Lung";"60-74";"Male";"1992";"311.56"
"Incidence";"East Switzerland";"Lung";"60-74";"Male";"1993";"304.90"
"Incidence";"East Switzerland";"Lung";"60-74";"Male";"1994";"245.65"
"Incidence";"East Switzerland";"Lung";"60-74";"Male";"1995";"286.42"
"Incidence";"East Switzerland";"Lung";"60-74";"Male";"1996";"218.17"
"Incidence";"East Switzerland";"Lung";"60-74";"Male";"1997";"252.04"
"Incidence";"East Switzerland";"Lung";"60-74";"Male";"1998";"291.85"
"Incidence";"East Switzerland";"Lung";"60-74";"Male";"1999";"245.45"
"Incidence";"East Switzerland";"Lung";"60-74";"Male";"2000";"227.32"
"Incidence";"East Switzerland";"Lung";"60-74";"Male";"2001";"294.73"
"Incidence";"East Switzerland";"Lung";"60-74";"Male";"2002";"218.76"
"Incidence";"East Switzerland";"Lung";"60-74";"Male";"2003";"244.20"
"Incidence";"East Switzerland";"Lung";"60-74";"Male";"2004";"264.44"
"Incidence";"East Switzerland";"Lung";"60-74";"Male";"2005";"240.82"
"Incidence";"East Switzerland";"Lung";"60-74";"Male";"2006";"218.60"
"Incidence";"East Switzerland";"Lung";"60-74";"Male";"2007";"212.13"
"Incidence";"East Switzerland";"Lung";"60-74";"Male";"2008";"172.49"
"Incidence";"East Switzerland";"Lung";"60-74";"Male";"2009";"238.61"
"Incidence";"East Switzerland";"Lung";"60-74";"Male";"2010";"196.03"
"Incidence";"East Switzerland";"Lung";"60-74";"Male";"2011";"220.73"
"Incidence";"East Switzerland";"Lung";"60-74";"Male";"2012";"203.24"
"Incidence";"East Switzerland";"Lung";"60-74";"Male";"2013";"234.66"
"Incidence";"East Switzerland";"Lung";"60-74";"Male";"2014";"204.01"
"Incidence";"East Switzerland";"Lung";"60-74";"Male";"2015";"224.45"
"Incidence";"East Switzerland";"Lung";"60-74";"Male";"2016";"217.45"
"Incidence";"East Switzerland";"Lung";"60-74";"Male";"2017";"230.51"
"Incidence";"East Switzerland";"Lung";"60-74";"Male";"2018";"236.40"
"Incidence";"East Switzerland";"Lung";"60-74";"Male";"2019";"201.42"
"Incidence";"Vaud";"Lung";"60-74";"Male";"1980";"418.44"
"Incidence";"Vaud";"Lung";"60-74";"Male";"1981";"396.01"
"Incidence";"Vaud";"Lung";"60-74";"Male";"1982";"340.81"
"Incidence";"Vaud";"Lung";"60-74";"Male";"1983";"360.60"
"Incidence";"Vaud";"Lung";"60-74";"Male";"1984";"330.67"
"Incidence";"Vaud";"Lung";"60-74";"Male";"1985";"388.29"
"Incidence";"Vaud";"Lung";"60-74";"Male";"1986";"427.95"
"Incidence";"Vaud";"Lung";"60-74";"Male";"1987";"281.59"
"Incidence";"Vaud";"Lung";"60-74";"Male";"1988";"434.03"
"Incidence";"Vaud";"Lung";"60-74";"Male";"1989";"376.54"
"Incidence";"Vaud";"Lung";"60-74";"Male";"1990";"381.29"
"Incidence";"Vaud";"Lung";"60-74";"Male";"1991";"370.34"
"Incidence";"Vaud";"Lung";"60-74";"Male";"1992";"355.33"
"Incidence";"Vaud";"Lung";"60-74";"Male";"1993";"345.93"
"Incidence";"Vaud";"Lung";"60-74";"Male";"1994";"353.67"
"Incidence";"Vaud";"Lung";"60-74";"Male";"1995";"330.75"
"Incidence";"Vaud";"Lung";"60-74";"Male";"1996";"395.99"
"Incidence";"Vaud";"Lung";"60-74";"Male";"1997";"329.98"
"Incidence";"Vaud";"Lung";"60-74";"Male";"1998";"311.49"
"Incidence";"Vaud";"Lung";"60-74";"Male";"1999";"288.99"
"Incidence";"Vaud";"Lung";"60-74";"Male";"2000";"269.69"
"Incidence";"Vaud";"Lung";"60-74";"Male";"2001";"308.48"
"Incidence";"Vaud";"Lung";"60-74";"Male";"2002";"249.13"
"Incidence";"Vaud";"Lung";"60-74";"Male";"2003";"272.72"
"Incidence";"Vaud";"Lung";"60-74";"Male";"2004";"262.13"
"Incidence";"Vaud";"Lung";"60-74";"Male";"2005";"279.91"
"Incidence";"Vaud";"Lung";"60-74";"Male";"2006";"269.42"
"Incidence";"Vaud";"Lung";"60-74";"Male";"2007";"261.59"
"Incidence";"Vaud";"Lung";"60-74";"Male";"2008";"249.73"
"Incidence";"Vaud";"Lung";"60-74";"Male";"2009";"256.93"
"Incidence";"Vaud";"Lung";"60-74";"Male";"2010";"271.29"
"Incidence";"Vaud";"Lung";"60-74";"Male";"2011";"216.64"
"Incidence";"Vaud";"Lung";"60-74";"Male";"2012";"255.67"
"Incidence";"Vaud";"Lung";"60-74";"Male";"2013";"242.60"
"Incidence";"Vaud";"Lung";"60-74";"Male";"2014";"270.53"
"Incidence";"Vaud";"Lung";"60-74";"Male";"2015";"258.92"
"Incidence";"Vaud";"Lung";"60-74";"Male";"2016";"263.75"
"Incidence";"Vaud";"Lung";"60-74";"Male";"2017";"233.00"
"Incidence";"Geneva";"Lung";"60-74";"Male";"1980";"419.47"
"Incidence";"Geneva";"Lung";"60-74";"Male";"1981";"418.53"
"Incidence";"Geneva";"Lung";"60-74";"Male";"1982";"504.26"
"Incidence";"Geneva";"Lung";"60-74";"Male";"1983";"375.11"
"Incidence";"Geneva";"Lung";"60-74";"Male";"1984";"417.64"
"Incidence";"Geneva";"Lung";"60-74";"Male";"1985";"352.87"
"Incidence";"Geneva";"Lung";"60-74";"Male";"1986";"331.92"
"Incidence";"Geneva";"Lung";"60-74";"Male";"1987";"376.80"
"Incidence";"Geneva";"Lung";"60-74";"Male";"1988";"404.33"
"Incidence";"Geneva";"Lung";"60-74";"Male";"1989";"434.41"
"Incidence";"Geneva";"Lung";"60-74";"Male";"1990";"325.97"
"Incidence";"Geneva";"Lung";"60-74";"Male";"1991";"296.03"
"Incidence";"Geneva";"Lung";"60-74";"Male";"1992";"274.45"
"Incidence";"Geneva";"Lung";"60-74";"Male";"1993";"343.91"
"Incidence";"Geneva";"Lung";"60-74";"Male";"1994";"244.18"
"Incidence";"Geneva";"Lung";"60-74";"Male";"1995";"343.60"
"Incidence";"Geneva";"Lung";"60-74";"Male";"1996";"285.87"
"Incidence";"Geneva";"Lung";"60-74";"Male";"1997";"238.21"
"Incidence";"Geneva";"Lung";"60-74";"Male";"1998";"286.81"
"Incidence";"Geneva";"Lung";"60-74";"Male";"1999";"248.72"
"Incidence";"Geneva";"Lung";"60-74";"Male";"2000";"266.03"
"Incidence";"Geneva";"Lung";"60-74";"Male";"2001";"310.68"
"Incidence";"Geneva";"Lung";"60-74";"Male";"2002";"255.36"
"Incidence";"Geneva";"Lung";"60-74";"Male";"2003";"301.33"
"Incidence";"Geneva";"Lung";"60-74";"Male";"2004";"279.24"
"Incidence";"Geneva";"Lung";"60-74";"Male";"2005";"238.83"
"Incidence";"Geneva";"Lung";"60-74";"Male";"2006";"226.24"
"Incidence";"Geneva";"Lung";"60-74";"Male";"2007";"229.60"
"Incidence";"Geneva";"Lung";"60-74";"Male";"2008";"240.41"
"Incidence";"Geneva";"Lung";"60-74";"Male";"2009";"271.87"
"Incidence";"Geneva";"Lung";"60-74";"Male";"2010";"226.71"
"Incidence";"Geneva";"Lung";"60-74";"Male";"2011";"256.86"
"Incidence";"Geneva";"Lung";"60-74";"Male";"2012";"265.98"
"Incidence";"Geneva";"Lung";"60-74";"Male";"2013";"239.66"
"Incidence";"Geneva";"Lung";"60-74";"Male";"2014";"230.66"
"Incidence";"Geneva";"Lung";"60-74";"Male";"2015";"264.59"
"Incidence";"Geneva";"Lung";"60-74";"Male";"2016";"261.52"
"Incidence";"Geneva";"Lung";"60-74";"Male";"2017";"246.73"
"Incidence";"Geneva";"Lung";"60-74";"Male";"2018";"245.56"
"Incidence";"Geneva";"Lung";"60-74";"Male";"2019";"175.36"
"Incidence";"Neuchatel and Jura";"Lung";"60-74";"Male";"1980";"405.72"
"Incidence";"Neuchatel and Jura";"Lung";"60-74";"Male";"1981";"327.75"
"Incidence";"Neuchatel and Jura";"Lung";"60-74";"Male";"1982";"468.04"
"Incidence";"Neuchatel and Jura";"Lung";"60-74";"Male";"1983";"422.64"
"Incidence";"Neuchatel and Jura";"Lung";"60-74";"Male";"1984";"358.29"
"Incidence";"Neuchatel and Jura";"Lung";"60-74";"Male";"1985";"458.20"
"Incidence";"Neuchatel and Jura";"Lung";"60-74";"Male";"1986";"496.13"
"Incidence";"Neuchatel and Jura";"Lung";"60-74";"Male";"1987";"361.75"
"Incidence";"Neuchatel and Jura";"Lung";"60-74";"Male";"1988";"349.67"
"Incidence";"Neuchatel and Jura";"Lung";"60-74";"Male";"1989";"388.43"
"Incidence";"Neuchatel and Jura";"Lung";"60-74";"Male";"1990";"426.38"
"Incidence";"Neuchatel and Jura";"Lung";"60-74";"Male";"1991";"462.12"
"Incidence";"Neuchatel and Jura";"Lung";"60-74";"Male";"1992";"391.77"
"Incidence";"Neuchatel and Jura";"Lung";"60-74";"Male";"1993";"410.02"
"Incidence";"Neuchatel and Jura";"Lung";"60-74";"Male";"1994";"407.51"
"Incidence";"Neuchatel and Jura";"Lung";"60-74";"Male";"1995";"387.28"
"Incidence";"Neuchatel and Jura";"Lung";"60-74";"Male";"1996";"311.81"
"Incidence";"Neuchatel and Jura";"Lung";"60-74";"Male";"1997";"344.76"
"Incidence";"Neuchatel and Jura";"Lung";"60-74";"Male";"1998";"356.24"
"Incidence";"Neuchatel and Jura";"Lung";"60-74";"Male";"1999";"313.51"
"Incidence";"Neuchatel and Jura";"Lung";"60-74";"Male";"2000";"313.88"
"Incidence";"Neuchatel and Jura";"Lung";"60-74";"Male";"2001";"298.61"
"Incidence";"Neuchatel and Jura";"Lung";"60-74";"Male";"2002";"337.45"
"Incidence";"Neuchatel and Jura";"Lung";"60-74";"Male";"2003";"310.51"
"Incidence";"Neuchatel and Jura";"Lung";"60-74";"Male";"2004";"329.78"
"Incidence";"Neuchatel and Jura";"Lung";"60-74";"Male";"2005";"291.31"
"Incidence";"Neuchatel and Jura";"Lung";"60-74";"Male";"2006";"321.44"
"Incidence";"Neuchatel and Jura";"Lung";"60-74";"Male";"2007";"276.03"
"Incidence";"Neuchatel and Jura";"Lung";"60-74";"Male";"2008";"262.75"
"Incidence";"Neuchatel and Jura";"Lung";"60-74";"Male";"2009";"251.21"
"Incidence";"Neuchatel and Jura";"Lung";"60-74";"Male";"2010";"298.52"
"Incidence";"Neuchatel and Jura";"Lung";"60-74";"Male";"2011";"359.67"
"Incidence";"Neuchatel and Jura";"Lung";"60-74";"Male";"2012";"267.09"
"Incidence";"Neuchatel and Jura";"Lung";"60-74";"Male";"2013";"285.31"
"Incidence";"Neuchatel and Jura";"Lung";"60-74";"Male";"2014";"263.82"
"Incidence";"Neuchatel and Jura";"Lung";"60-74";"Male";"2015";"274.70"
"Incidence";"Neuchatel and Jura";"Lung";"60-74";"Male";"2016";"206.35"
"Incidence";"Neuchatel and Jura";"Lung";"60-74";"Male";"2017";"277.90"
"Incidence";"Neuchatel and Jura";"Lung";"60-74";"Male";"2018";"329.61"
"Incidence";"Neuchatel and Jura";"Lung";"60-74";"Male";"2019";"275.47"
"Incidence";"Zurich, Zug, Schaffhausen, and Schwyz";"Lung";"60-74";"Male";"1980";"307.99"
"Incidence";"Zurich, Zug, Schaffhausen, and Schwyz";"Lung";"60-74";"Male";"1981";"378.53"
"Incidence";"Zurich, Zug, Schaffhausen, and Schwyz";"Lung";"60-74";"Male";"1982";"286.83"
"Incidence";"Zurich, Zug, Schaffhausen, and Schwyz";"Lung";"60-74";"Male";"1983";"331.04"
"Incidence";"Zurich, Zug, Schaffhausen, and Schwyz";"Lung";"60-74";"Male";"1984";"315.66"
"Incidence";"Zurich, Zug, Schaffhausen, and Schwyz";"Lung";"60-74";"Male";"1985";"389.40"
"Incidence";"Zurich, Zug, Schaffhausen, and Schwyz";"Lung";"60-74";"Male";"1986";"316.77"
"Incidence";"Zurich, Zug, Schaffhausen, and Schwyz";"Lung";"60-74";"Male";"1987";"320.79"
"Incidence";"Zurich, Zug, Schaffhausen, and Schwyz";"Lung";"60-74";"Male";"1988";"345.74"
"Incidence";"Zurich, Zug, Schaffhausen, and Schwyz";"Lung";"60-74";"Male";"1989";"337.78"
"Incidence";"Zurich, Zug, Schaffhausen, and Schwyz";"Lung";"60-74";"Male";"1990";"299.72"
"Incidence";"Zurich, Zug, Schaffhausen, and Schwyz";"Lung";"60-74";"Male";"1991";"279.06"
"Incidence";"Zurich, Zug, Schaffhausen, and Schwyz";"Lung";"60-74";"Male";"1992";"286.85"
"Incidence";"Zurich, Zug, Schaffhausen, and Schwyz";"Lung";"60-74";"Male";"1993";"246.14"
"Incidence";"Zurich, Zug, Schaffhausen, and Schwyz";"Lung";"60-74";"Male";"1994";"264.02"
"Incidence";"Zurich, Zug, Schaffhausen, and Schwyz";"Lung";"60-74";"Male";"1995";"270.10"
"Incidence";"Zurich, Zug, Schaffhausen, and Schwyz";"Lung";"60-74";"Male";"1996";"284.47"
"Incidence";"Zurich, Zug, Schaffhausen, and Schwyz";"Lung";"60-74";"Male";"1997";"262.11"
"Incidence";"Zurich, Zug, Schaffhausen, and Schwyz";"Lung";"60-74";"Male";"1998";"264.81"
"Incidence";"Zurich, Zug, Schaffhausen, and Schwyz";"Lung";"60-74";"Male";"1999";"231.20"
"Incidence";"Zurich, Zug, Schaffhausen, and Schwyz";"Lung";"60-74";"Male";"2000";"246.58"
"Incidence";"Zurich, Zug, Schaffhausen, and Schwyz";"Lung";"60-74";"Male";"2001";"208.64"
"Incidence";"Zurich, Zug, Schaffhausen, and Schwyz";"Lung";"60-74";"Male";"2002";"239.67"
"Incidence";"Zurich, Zug, Schaffhausen, and Schwyz";"Lung";"60-74";"Male";"2003";"242.16"
"Incidence";"Zurich, Zug, Schaffhausen, and Schwyz";"Lung";"60-74";"Male";"2004";"223.29"
"Incidence";"Zurich, Zug, Schaffhausen, and Schwyz";"Lung";"60-74";"Male";"2005";"219.80"
"Incidence";"Zurich, Zug, Schaffhausen, and Schwyz";"Lung";"60-74";"Male";"2006";"201.29"
"Incidence";"Zurich, Zug, Schaffhausen, and Schwyz";"Lung";"60-74";"Male";"2007";"224.82"
"Incidence";"Zurich, Zug, Schaffhausen, and Schwyz";"Lung";"60-74";"Male";"2008";"230.66"
"Incidence";"Zurich, Zug, Schaffhausen, and Schwyz";"Lung";"60-74";"Male";"2009";"185.71"
"Incidence";"Zurich, Zug, Schaffhausen, and Schwyz";"Lung";"60-74";"Male";"2010";"212.59"
"Incidence";"Zurich, Zug, Schaffhausen, and Schwyz";"Lung";"60-74";"Male";"2011";"193.08"
"Incidence";"Zurich, Zug, Schaffhausen, and Schwyz";"Lung";"60-74";"Male";"2012";"199.60"
"Incidence";"Zurich, Zug, Schaffhausen, and Schwyz";"Lung";"60-74";"Male";"2013";"190.05"
"Incidence";"Zurich, Zug, Schaffhausen, and Schwyz";"Lung";"60-74";"Male";"2014";"206.42"
"Incidence";"Zurich, Zug, Schaffhausen, and Schwyz";"Lung";"60-74";"Male";"2015";"202.49"
"Incidence";"Zurich, Zug, Schaffhausen, and Schwyz";"Lung";"60-74";"Male";"2016";"207.98"
"Incidence";"Zurich, Zug, Schaffhausen, and Schwyz";"Lung";"60-74";"Male";"2017";"201.29"
"Incidence";"Zurich, Zug, Schaffhausen, and Schwyz";"Lung";"60-74";"Male";"2018";"203.07"
"Incidence";"Zurich, Zug, Schaffhausen, and Schwyz";"Lung";"60-74";"Male";"2019";"205.46"
"Incidence";"East Switzerland";"Lung";"60-74";"Female";"1980";"18.60"
"Incidence";"East Switzerland";"Lung";"60-74";"Female";"1981";"24.74"
"Incidence";"East Switzerland";"Lung";"60-74";"Female";"1982";"40.11"
"Incidence";"East Switzerland";"Lung";"60-74";"Female";"1983";"49.34"
"Incidence";"East Switzerland";"Lung";"60-74";"Female";"1984";"39.96"
"Incidence";"East Switzerland";"Lung";"60-74";"Female";"1985";"55.00"
"Incidence";"East Switzerland";"Lung";"60-74";"Female";"1986";"51.72"
"Incidence";"East Switzerland";"Lung";"60-74";"Female";"1987";"36.48"
"Incidence";"East Switzerland";"Lung";"60-74";"Female";"1988";"30.40"
"Incidence";"East Switzerland";"Lung";"60-74";"Female";"1989";"33.41"
"Incidence";"East Switzerland";"Lung";"60-74";"Female";"1990";"48.31"
"Incidence";"East Switzerland";"Lung";"60-74";"Female";"1991";"36.49"
"Incidence";"East Switzerland";"Lung";"60-74";"Female";"1992";"73.38"
"Incidence";"East Switzerland";"Lung";"60-74";"Female";"1993";"45.34"
"Incidence";"East Switzerland";"Lung";"60-74";"Female";"1994";"62.89"
"Incidence";"East Switzerland";"Lung";"60-74";"Female";"1995";"44.75"
"Incidence";"East Switzerland";"Lung";"60-74";"Female";"1996";"50.82"
"Incidence";"East Switzerland";"Lung";"60-74";"Female";"1997";"56.83"
"Incidence";"East Switzerland";"Lung";"60-74";"Female";"1998";"47.77"
"Incidence";"East Switzerland";"Lung";"60-74";"Female";"1999";"62.39"
"Incidence";"East Switzerland";"Lung";"60-74";"Female";"2000";"94.45"
"Incidence";"East Switzerland";"Lung";"60-74";"Female";"2001";"73.56"
"Incidence";"East Switzerland";"Lung";"60-74";"Female";"2002";"64.24"
"Incidence";"East Switzerland";"Lung";"60-74";"Female";"2003";"66.07"
"Incidence";"East Switzerland";"Lung";"60-74";"Female";"2004";"98.78"
"Incidence";"East Switzerland";"Lung";"60-74";"Female";"2005";"66.47"
"Incidence";"East Switzerland";"Lung";"60-74";"Female";"2006";"70.49"
"Incidence";"East Switzerland";"Lung";"60-74";"Female";"2007";"87.60"
"Incidence";"East Switzerland";"Lung";"60-74";"Female";"2008";"75.33"
"Incidence";"East Switzerland";"Lung";"60-74";"Female";"2009";"109.31"
"Incidence";"East Switzerland";"Lung";"60-74";"Female";"2010";"109.54"
"Incidence";"East Switzerland";"Lung";"60-74";"Female";"2011";"88.53"
"Incidence";"East Switzerland";"Lung";"60-74";"Female";"2012";"123.09"
"Incidence";"East Switzerland";"Lung";"60-74";"Female";"2013";"161.36"
"Incidence";"East Switzerland";"Lung";"60-74";"Female";"2014";"128.81"
"Incidence";"East Switzerland";"Lung";"60-74";"Female";"2015";"121.32"
"Incidence";"East Switzerland";"Lung";"60-74";"Female";"2016";"144.69"
"Incidence";"East Switzerland";"Lung";"60-74";"Female";"2017";"153.41"
"Incidence";"East Switzerland";"Lung";"60-74";"Female";"2018";"126.67"
"Incidence";"East Switzerland";"Lung";"60-74";"Female";"2019";"154.43"
"Incidence";"Vaud";"Lung";"60-74";"Female";"1980";"25.35"
"Incidence";"Vaud";"Lung";"60-74";"Female";"1981";"32.73"
"Incidence";"Vaud";"Lung";"60-74";"Female";"1982";"34.85"
"Incidence";"Vaud";"Lung";"60-74";"Female";"1983";"56.94"
"Incidence";"Vaud";"Lung";"60-74";"Female";"1984";"69.12"
"Incidence";"Vaud";"Lung";"60-74";"Female";"1985";"29.58"
"Incidence";"Vaud";"Lung";"60-74";"Female";"1986";"59.11"
"Incidence";"Vaud";"Lung";"60-74";"Female";"1987";"41.86"
"Incidence";"Vaud";"Lung";"60-74";"Female";"1988";"68.89"
"Incidence";"Vaud";"Lung";"60-74";"Female";"1989";"58.90"
"Incidence";"Vaud";"Lung";"60-74";"Female";"1990";"48.73"
"Incidence";"Vaud";"Lung";"60-74";"Female";"1991";"60.36"
"Incidence";"Vaud";"Lung";"60-74";"Female";"1992";"69.62"
"Incidence";"Vaud";"Lung";"60-74";"Female";"1993";"73.84"
"Incidence";"Vaud";"Lung";"60-74";"Female";"1994";"103.83"
"Incidence";"Vaud";"Lung";"60-74";"Female";"1995";"82.27"
"Incidence";"Vaud";"Lung";"60-74";"Female";"1996";"77.53"
"Incidence";"Vaud";"Lung";"60-74";"Female";"1997";"86.96"
"Incidence";"Vaud";"Lung";"60-74";"Female";"1998";"89.14"
"Incidence";"Vaud";"Lung";"60-74";"Female";"1999";"86.58"
"Incidence";"Vaud";"Lung";"60-74";"Female";"2000";"84.32"
"Incidence";"Vaud";"Lung";"60-74";"Female";"2001";"128.37"
"Incidence";"Vaud";"Lung";"60-74";"Female";"2002";"108.99"
"Incidence";"Vaud";"Lung";"60-74";"Female";"2003";"118.91"
"Incidence";"Vaud";"Lung";"60-74";"Female";"2004";"127.37"
"Incidence";"Vaud";"Lung";"60-74";"Female";"2005";"135.79"
"Incidence";"Vaud";"Lung";"60-74";"Female";"2006";"158.46"
"Incidence";"Vaud";"Lung";"60-74";"Female";"2007";"135.43"
"Incidence";"Vaud";"Lung";"60-74";"Female";"2008";"145.88"
"Incidence";"Vaud";"Lung";"60-74";"Female";"2009";"126.50"
"Incidence";"Vaud";"Lung";"60-74";"Female";"2010";"133.77"
"Incidence";"Vaud";"Lung";"60-74";"Female";"2011";"129.43"
"Incidence";"Vaud";"Lung";"60-74";"Female";"2012";"123.41"
"Incidence";"Vaud";"Lung";"60-74";"Female";"2013";"152.56"
"Incidence";"Vaud";"Lung";"60-74";"Female";"2014";"139.13"
"Incidence";"Vaud";"Lung";"60-74";"Female";"2015";"135.29"
"Incidence";"Vaud";"Lung";"60-74";"Female";"2016";"163.46"
"Incidence";"Vaud";"Lung";"60-74";"Female";"2017";"151.57"
"Incidence";"Neuchatel and Jura";"Lung";"60-74";"Female";"1980";"8.38"
"Incidence";"Neuchatel and Jura";"Lung";"60-74";"Female";"1981";"41.66"
"Incidence";"Neuchatel and Jura";"Lung";"60-74";"Female";"1982";"57.81"
"Incidence";"Neuchatel and Jura";"Lung";"60-74";"Female";"1983";"57.47"
"Incidence";"Neuchatel and Jura";"Lung";"60-74";"Female";"1984";"40.91"
"Incidence";"Neuchatel and Jura";"Lung";"60-74";"Female";"1985";"48.97"
"Incidence";"Neuchatel and Jura";"Lung";"60-74";"Female";"1986";"48.67"
"Incidence";"Neuchatel and Jura";"Lung";"60-74";"Female";"1987";"40.40"
"Incidence";"Neuchatel and Jura";"Lung";"60-74";"Female";"1988";"88.66"
"Incidence";"Neuchatel and Jura";"Lung";"60-74";"Female";"1989";"56.08"
"Incidence";"Neuchatel and Jura";"Lung";"60-74";"Female";"1990";"87.31"
"Incidence";"Neuchatel and Jura";"Lung";"60-74";"Female";"1991";"102.65"
"Incidence";"Neuchatel and Jura";"Lung";"60-74";"Female";"1992";"31.34"
"Incidence";"Neuchatel and Jura";"Lung";"60-74";"Female";"1993";"77.35"
"Incidence";"Neuchatel and Jura";"Lung";"60-74";"Female";"1994";"76.78"
"Incidence";"Neuchatel and Jura";"Lung";"60-74";"Female";"1995";"68.92"
"Incidence";"Neuchatel and Jura";"Lung";"60-74";"Female";"1996";"107.75"
"Incidence";"Neuchatel and Jura";"Lung";"60-74";"Female";"1997";"100.98"
"Incidence";"Neuchatel and Jura";"Lung";"60-74";"Female";"1998";"102.27"
"Incidence";"Neuchatel and Jura";"Lung";"60-74";"Female";"1999";"64.29"
"Incidence";"Neuchatel and Jura";"Lung";"60-74";"Female";"2000";"112.95"
"Incidence";"Neuchatel and Jura";"Lung";"60-74";"Female";"2001";"96.84"
"Incidence";"Neuchatel and Jura";"Lung";"60-74";"Female";"2002";"81.03"
"Incidence";"Neuchatel and Jura";"Lung";"60-74";"Female";"2003";"112.34"
"Incidence";"Neuchatel and Jura";"Lung";"60-74";"Female";"2004";"127.17"
"Incidence";"Neuchatel and Jura";"Lung";"60-74";"Female";"2005";"146.56"
"Incidence";"Neuchatel and Jura";"Lung";"60-74";"Female";"2006";"111.18"
"Incidence";"Neuchatel and Jura";"Lung";"60-74";"Female";"2007";"136.74"
"Incidence";"Neuchatel and Jura";"Lung";"60-74";"Female";"2008";"140.14"
"Incidence";"Neuchatel and Jura";"Lung";"60-74";"Female";"2009";"174.71"
"Incidence";"Neuchatel and Jura";"Lung";"60-74";"Female";"2010";"130.24"
"Incidence";"Neuchatel and Jura";"Lung";"60-74";"Female";"2011";"150.78"
"Incidence";"Neuchatel and Jura";"Lung";"60-74";"Female";"2012";"181.06"
"Incidence";"Neuchatel and Jura";"Lung";"60-74";"Female";"2013";"142.34"
"Incidence";"Neuchatel and Jura";"Lung";"60-74";"Female";"2014";"165.45"
"Incidence";"Neuchatel and Jura";"Lung";"60-74";"Female";"2015";"128.76"
"Incidence";"Neuchatel and Jura";"Lung";"60-74";"Female";"2016";"146.61"
"Incidence";"Neuchatel and Jura";"Lung";"60-74";"Female";"2017";"203.29"
"Incidence";"Neuchatel and Jura";"Lung";"60-74";"Female";"2018";"212.60"
"Incidence";"Neuchatel and Jura";"Lung";"60-74";"Female";"2019";"269.48"
"Incidence";"Zurich, Zug, Schaffhausen, and Schwyz";"Lung";"60-74";"Female";"1980";"35.67"
"Incidence";"Zurich, Zug, Schaffhausen, and Schwyz";"Lung";"60-74";"Female";"1981";"42.11"
"Incidence";"Zurich, Zug, Schaffhausen, and Schwyz";"Lung";"60-74";"Female";"1982";"49.93"
"Incidence";"Zurich, Zug, Schaffhausen, and Schwyz";"Lung";"60-74";"Female";"1983";"56.50"
"Incidence";"Zurich, Zug, Schaffhausen, and Schwyz";"Lung";"60-74";"Female";"1984";"48.92"
"Incidence";"Zurich, Zug, Schaffhausen, and Schwyz";"Lung";"60-74";"Female";"1985";"52.81"
"Incidence";"Zurich, Zug, Schaffhausen, and Schwyz";"Lung";"60-74";"Female";"1986";"57.87"
"Incidence";"Zurich, Zug, Schaffhausen, and Schwyz";"Lung";"60-74";"Female";"1987";"55.18"
"Incidence";"Zurich, Zug, Schaffhausen, and Schwyz";"Lung";"60-74";"Female";"1988";"43.49"
"Incidence";"Zurich, Zug, Schaffhausen, and Schwyz";"Lung";"60-74";"Female";"1989";"45.74"
"Incidence";"Zurich, Zug, Schaffhausen, and Schwyz";"Lung";"60-74";"Female";"1990";"43.94"
"Incidence";"Zurich, Zug, Schaffhausen, and Schwyz";"Lung";"60-74";"Female";"1991";"56.67"
"Incidence";"Zurich, Zug, Schaffhausen, and Schwyz";"Lung";"60-74";"Female";"1992";"70.29"
"Incidence";"Zurich, Zug, Schaffhausen, and Schwyz";"Lung";"60-74";"Female";"1993";"75.52"
"Incidence";"Zurich, Zug, Schaffhausen, and Schwyz";"Lung";"60-74";"Female";"1994";"68.69"
"Incidence";"Zurich, Zug, Schaffhausen, and Schwyz";"Lung";"60-74";"Female";"1995";"71.62"
"Incidence";"Zurich, Zug, Schaffhausen, and Schwyz";"Lung";"60-74";"Female";"1996";"53.77"
"Incidence";"Zurich, Zug, Schaffhausen, and Schwyz";"Lung";"60-74";"Female";"1997";"53.62"
"Incidence";"Zurich, Zug, Schaffhausen, and Schwyz";"Lung";"60-74";"Female";"1998";"68.47"
"Incidence";"Zurich, Zug, Schaffhausen, and Schwyz";"Lung";"60-74";"Female";"1999";"86.40"
"Incidence";"Zurich, Zug, Schaffhausen, and Schwyz";"Lung";"60-74";"Female";"2000";"83.50"
"Incidence";"Zurich, Zug, Schaffhausen, and Schwyz";"Lung";"60-74";"Female";"2001";"99.90"
"Incidence";"Zurich, Zug, Schaffhausen, and Schwyz";"Lung";"60-74";"Female";"2002";"70.73"
"Incidence";"Zurich, Zug, Schaffhausen, and Schwyz";"Lung";"60-74";"Female";"2003";"82.91"
"Incidence";"Zurich, Zug, Schaffhausen, and Schwyz";"Lung";"60-74";"Female";"2004";"99.95"
"Incidence";"Zurich, Zug, Schaffhausen, and Schwyz";"Lung";"60-74";"Female";"2005";"103.65"
"Incidence";"Zurich, Zug, Schaffhausen, and Schwyz";"Lung";"60-74";"Female";"2006";"109.24"
"Incidence";"Zurich, Zug, Schaffhausen, and Schwyz";"Lung";"60-74";"Female";"2007";"121.62"
"Incidence";"Zurich, Zug, Schaffhausen, and Schwyz";"Lung";"60-74";"Female";"2008";"117.32"
"Incidence";"Zurich, Zug, Schaffhausen, and Schwyz";"Lung";"60-74";"Female";"2009";"122.14"
"Incidence";"Zurich, Zug, Schaffhausen, and Schwyz";"Lung";"60-74";"Female";"2010";"111.44"
"Incidence";"Zurich, Zug, Schaffhausen, and Schwyz";"Lung";"60-74";"Female";"2011";"133.72"
"Incidence";"Zurich, Zug, Schaffhausen, and Schwyz";"Lung";"60-74";"Female";"2012";"126.74"
"Incidence";"Zurich, Zug, Schaffhausen, and Schwyz";"Lung";"60-74";"Female";"2013";"123.32"
"Incidence";"Zurich, Zug, Schaffhausen, and Schwyz";"Lung";"60-74";"Female";"2014";"125.29"
"Incidence";"Zurich, Zug, Schaffhausen, and Schwyz";"Lung";"60-74";"Female";"2015";"133.91"
"Incidence";"Zurich, Zug, Schaffhausen, and Schwyz";"Lung";"60-74";"Female";"2016";"111.33"
"Incidence";"Zurich, Zug, Schaffhausen, and Schwyz";"Lung";"60-74";"Female";"2017";"168.80"
"Incidence";"Zurich, Zug, Schaffhausen, and Schwyz";"Lung";"60-74";"Female";"2018";"132.74"
"Incidence";"Zurich, Zug, Schaffhausen, and Schwyz";"Lung";"60-74";"Female";"2019";"166.44"
"Incidence";"Geneva";"Lung";"60-74";"Female";"1980";"81.30"
"Incidence";"Geneva";"Lung";"60-74";"Female";"1981";"34.03"
"Incidence";"Geneva";"Lung";"60-74";"Female";"1982";"54.60"
"Incidence";"Geneva";"Lung";"60-74";"Female";"1983";"54.36"
"Incidence";"Geneva";"Lung";"60-74";"Female";"1984";"79.58"
"Incidence";"Geneva";"Lung";"60-74";"Female";"1985";"116.80"
"Incidence";"Geneva";"Lung";"60-74";"Female";"1986";"116.54"
"Incidence";"Geneva";"Lung";"60-74";"Female";"1987";"91.22"
"Incidence";"Geneva";"Lung";"60-74";"Female";"1988";"49.43"
"Incidence";"Geneva";"Lung";"60-74";"Female";"1989";"82.01"
"Incidence";"Geneva";"Lung";"60-74";"Female";"1990";"84.94"
"Incidence";"Geneva";"Lung";"60-74";"Female";"1991";"98.43"
"Incidence";"Geneva";"Lung";"60-74";"Female";"1992";"88.38"
"Incidence";"Geneva";"Lung";"60-74";"Female";"1993";"86.73"
"Incidence";"Geneva";"Lung";"60-74";"Female";"1994";"92.76"
"Incidence";"Geneva";"Lung";"60-74";"Female";"1995";"114.08"
"Incidence";"Geneva";"Lung";"60-74";"Female";"1996";"58.68"
"Incidence";"Geneva";"Lung";"60-74";"Female";"1997";"87.73"
"Incidence";"Geneva";"Lung";"60-74";"Female";"1998";"116.02"
"Incidence";"Geneva";"Lung";"60-74";"Female";"1999";"100.39"
"Incidence";"Geneva";"Lung";"60-74";"Female";"2000";"113.51"
"Incidence";"Geneva";"Lung";"60-74";"Female";"2001";"97.80"
"Incidence";"Geneva";"Lung";"60-74";"Female";"2002";"112.96"
"Incidence";"Geneva";"Lung";"60-74";"Female";"2003";"87.12"
"Incidence";"Geneva";"Lung";"60-74";"Female";"2004";"121.19"
"Incidence";"Geneva";"Lung";"60-74";"Female";"2005";"118.86"
"Incidence";"Geneva";"Lung";"60-74";"Female";"2006";"107.37"
"Incidence";"Geneva";"Lung";"60-74";"Female";"2007";"114.63"
"Incidence";"Geneva";"Lung";"60-74";"Female";"2008";"112.56"
"Incidence";"Geneva";"Lung";"60-74";"Female";"2009";"119.90"
"Incidence";"Geneva";"Lung";"60-74";"Female";"2010";"139.20"
"Incidence";"Geneva";"Lung";"60-74";"Female";"2011";"102.68"
"Incidence";"Geneva";"Lung";"60-74";"Female";"2012";"154.51"
"Incidence";"Geneva";"Lung";"60-74";"Female";"2013";"130.11"
"Incidence";"Geneva";"Lung";"60-74";"Female";"2014";"117.02"
"Incidence";"Geneva";"Lung";"60-74";"Female";"2015";"158.19"
"Incidence";"Geneva";"Lung";"60-74";"Female";"2016";"166.06"
"Incidence";"Geneva";"Lung";"60-74";"Female";"2017";"149.34"
"Incidence";"Geneva";"Lung";"60-74";"Female";"2018";"161.02"
"Incidence";"Geneva";"Lung";"60-74";"Female";"2019";"200.48"
"Incidence";"Zurich, Zug, Schaffhausen, and Schwyz";"Lung";"75-89";"Female";"1980";"40.28"
"Incidence";"Zurich, Zug, Schaffhausen, and Schwyz";"Lung";"75-89";"Female";"1981";"49.92"
"Incidence";"Zurich, Zug, Schaffhausen, and Schwyz";"Lung";"75-89";"Female";"1982";"53.62"
"Incidence";"Zurich, Zug, Schaffhausen, and Schwyz";"Lung";"75-89";"Female";"1983";"68.84"
"Incidence";"Zurich, Zug, Schaffhausen, and Schwyz";"Lung";"75-89";"Female";"1984";"53.28"
"Incidence";"Zurich, Zug, Schaffhausen, and Schwyz";"Lung";"75-89";"Female";"1985";"40.67"
"Incidence";"Zurich, Zug, Schaffhausen, and Schwyz";"Lung";"75-89";"Female";"1986";"75.30"
"Incidence";"Zurich, Zug, Schaffhausen, and Schwyz";"Lung";"75-89";"Female";"1987";"69.80"
"Incidence";"Zurich, Zug, Schaffhausen, and Schwyz";"Lung";"75-89";"Female";"1988";"56.02"
"Incidence";"Zurich, Zug, Schaffhausen, and Schwyz";"Lung";"75-89";"Female";"1989";"49.15"
"Incidence";"Zurich, Zug, Schaffhausen, and Schwyz";"Lung";"75-89";"Female";"1990";"72.83"
"Incidence";"Zurich, Zug, Schaffhausen, and Schwyz";"Lung";"75-89";"Female";"1991";"76.50"
"Incidence";"Zurich, Zug, Schaffhausen, and Schwyz";"Lung";"75-89";"Female";"1992";"90.66"
"Incidence";"Zurich, Zug, Schaffhausen, and Schwyz";"Lung";"75-89";"Female";"1993";"106.36"
"Incidence";"Zurich, Zug, Schaffhausen, and Schwyz";"Lung";"75-89";"Female";"1994";"85.76"
"Incidence";"Zurich, Zug, Schaffhausen, and Schwyz";"Lung";"75-89";"Female";"1995";"68.65"
"Incidence";"Zurich, Zug, Schaffhausen, and Schwyz";"Lung";"75-89";"Female";"1996";"78.76"
"Incidence";"Zurich, Zug, Schaffhausen, and Schwyz";"Lung";"75-89";"Female";"1997";"103.60"
"Incidence";"Zurich, Zug, Schaffhausen, and Schwyz";"Lung";"75-89";"Female";"1998";"90.38"
"Incidence";"Zurich, Zug, Schaffhausen, and Schwyz";"Lung";"75-89";"Female";"1999";"106.50"
"Incidence";"Zurich, Zug, Schaffhausen, and Schwyz";"Lung";"75-89";"Female";"2000";"72.50"
"Incidence";"Zurich, Zug, Schaffhausen, and Schwyz";"Lung";"75-89";"Female";"2001";"111.10"
"Incidence";"Zurich, Zug, Schaffhausen, and Schwyz";"Lung";"75-89";"Female";"2002";"66.99"
"Incidence";"Zurich, Zug, Schaffhausen, and Schwyz";"Lung";"75-89";"Female";"2003";"87.74"
"Incidence";"Zurich, Zug, Schaffhausen, and Schwyz";"Lung";"75-89";"Female";"2004";"117.26"
"Incidence";"Zurich, Zug, Schaffhausen, and Schwyz";"Lung";"75-89";"Female";"2005";"98.04"
"Incidence";"Zurich, Zug, Schaffhausen, and Schwyz";"Lung";"75-89";"Female";"2006";"129.28"
"Incidence";"Zurich, Zug, Schaffhausen, and Schwyz";"Lung";"75-89";"Female";"2007";"110.80"
"Incidence";"Zurich, Zug, Schaffhausen, and Schwyz";"Lung";"75-89";"Female";"2008";"141.49"
"Incidence";"Zurich, Zug, Schaffhausen, and Schwyz";"Lung";"75-89";"Female";"2009";"132.38"
"Incidence";"Zurich, Zug, Schaffhausen, and Schwyz";"Lung";"75-89";"Female";"2010";"139.30"
"Incidence";"Zurich, Zug, Schaffhausen, and Schwyz";"Lung";"75-89";"Female";"2011";"157.56"
"Incidence";"Zurich, Zug, Schaffhausen, and Schwyz";"Lung";"75-89";"Female";"2012";"147.82"
"Incidence";"Zurich, Zug, Schaffhausen, and Schwyz";"Lung";"75-89";"Female";"2013";"141.52"
"Incidence";"Zurich, Zug, Schaffhausen, and Schwyz";"Lung";"75-89";"Female";"2014";"117.93"
"Incidence";"Zurich, Zug, Schaffhausen, and Schwyz";"Lung";"75-89";"Female";"2015";"146.77"
"Incidence";"Zurich, Zug, Schaffhausen, and Schwyz";"Lung";"75-89";"Female";"2016";"192.29"
"Incidence";"Zurich, Zug, Schaffhausen, and Schwyz";"Lung";"75-89";"Female";"2017";"190.08"
"Incidence";"Zurich, Zug, Schaffhausen, and Schwyz";"Lung";"75-89";"Female";"2018";"175.96"
"Incidence";"Zurich, Zug, Schaffhausen, and Schwyz";"Lung";"75-89";"Female";"2019";"147.95"
"Incidence";"East Switzerland";"Lung";"75-89";"Female";"1980";"25.12"
"Incidence";"East Switzerland";"Lung";"75-89";"Female";"1981";"12.44"
"Incidence";"East Switzerland";"Lung";"75-89";"Female";"1982";"0.00"
"Incidence";"East Switzerland";"Lung";"75-89";"Female";"1983";"35.43"
"Incidence";"East Switzerland";"Lung";"75-89";"Female";"1984";"51.73"
"Incidence";"East Switzerland";"Lung";"75-89";"Female";"1985";"55.81"
"Incidence";"East Switzerland";"Lung";"75-89";"Female";"1986";"54.27"
"Incidence";"East Switzerland";"Lung";"75-89";"Female";"1987";"31.80"
"Incidence";"East Switzerland";"Lung";"75-89";"Female";"1988";"25.98"
"Incidence";"East Switzerland";"Lung";"75-89";"Female";"1989";"35.68"
"Incidence";"East Switzerland";"Lung";"75-89";"Female";"1990";"35.37"
"Incidence";"East Switzerland";"Lung";"75-89";"Female";"1991";"40.64"
"Incidence";"East Switzerland";"Lung";"75-89";"Female";"1992";"56.21"
"Incidence";"East Switzerland";"Lung";"75-89";"Female";"1993";"51.24"
"Incidence";"East Switzerland";"Lung";"75-89";"Female";"1994";"61.47"
"Incidence";"East Switzerland";"Lung";"75-89";"Female";"1995";"56.05"
"Incidence";"East Switzerland";"Lung";"75-89";"Female";"1996";"40.33"
"Incidence";"East Switzerland";"Lung";"75-89";"Female";"1997";"55.00"
"Incidence";"East Switzerland";"Lung";"75-89";"Female";"1998";"44.82"
"Incidence";"East Switzerland";"Lung";"75-89";"Female";"1999";"59.24"
"Incidence";"East Switzerland";"Lung";"75-89";"Female";"2000";"48.78"
"Incidence";"East Switzerland";"Lung";"75-89";"Female";"2001";"95.17"
"Incidence";"East Switzerland";"Lung";"75-89";"Female";"2002";"93.20"
"Incidence";"East Switzerland";"Lung";"75-89";"Female";"2003";"120.83"
"Incidence";"East Switzerland";"Lung";"75-89";"Female";"2004";"83.35"
"Incidence";"East Switzerland";"Lung";"75-89";"Female";"2005";"78.04"
"Incidence";"East Switzerland";"Lung";"75-89";"Female";"2006";"86.21"
"Incidence";"East Switzerland";"Lung";"75-89";"Female";"2007";"80.76"
"Incidence";"East Switzerland";"Lung";"75-89";"Female";"2008";"88.88"
"Incidence";"East Switzerland";"Lung";"75-89";"Female";"2009";"74.81"
"Incidence";"East Switzerland";"Lung";"75-89";"Female";"2010";"104.68"
"Incidence";"East Switzerland";"Lung";"75-89";"Female";"2011";"91.00"
"Incidence";"East Switzerland";"Lung";"75-89";"Female";"2012";"120.71"
"Incidence";"East Switzerland";"Lung";"75-89";"Female";"2013";"125.73"
"Incidence";"East Switzerland";"Lung";"75-89";"Female";"2014";"144.95"
"Incidence";"East Switzerland";"Lung";"75-89";"Female";"2015";"116.72"
"Incidence";"East Switzerland";"Lung";"75-89";"Female";"2016";"167.04"
"Incidence";"East Switzerland";"Lung";"75-89";"Female";"2017";"133.00"
"Incidence";"East Switzerland";"Lung";"75-89";"Female";"2018";"165.63"
"Incidence";"East Switzerland";"Lung";"75-89";"Female";"2019";"153.25"
"Incidence";"Zurich, Zug, Schaffhausen, and Schwyz";"Lung";"75-89";"Male";"1980";"397.29"
"Incidence";"Zurich, Zug, Schaffhausen, and Schwyz";"Lung";"75-89";"Male";"1981";"397.16"
"Incidence";"Zurich, Zug, Schaffhausen, and Schwyz";"Lung";"75-89";"Male";"1982";"427.95"
"Incidence";"Zurich, Zug, Schaffhausen, and Schwyz";"Lung";"75-89";"Male";"1983";"523.65"
"Incidence";"Zurich, Zug, Schaffhausen, and Schwyz";"Lung";"75-89";"Male";"1984";"464.83"
"Incidence";"Zurich, Zug, Schaffhausen, and Schwyz";"Lung";"75-89";"Male";"1985";"456.81"
"Incidence";"Zurich, Zug, Schaffhausen, and Schwyz";"Lung";"75-89";"Male";"1986";"499.60"
"Incidence";"Zurich, Zug, Schaffhausen, and Schwyz";"Lung";"75-89";"Male";"1987";"414.65"
"Incidence";"Zurich, Zug, Schaffhausen, and Schwyz";"Lung";"75-89";"Male";"1988";"424.95"
"Incidence";"Zurich, Zug, Schaffhausen, and Schwyz";"Lung";"75-89";"Male";"1989";"476.74"
"Incidence";"Zurich, Zug, Schaffhausen, and Schwyz";"Lung";"75-89";"Male";"1990";"453.10"
"Incidence";"Zurich, Zug, Schaffhausen, and Schwyz";"Lung";"75-89";"Male";"1991";"394.05"
"Incidence";"Zurich, Zug, Schaffhausen, and Schwyz";"Lung";"75-89";"Male";"1992";"442.57"
"Incidence";"Zurich, Zug, Schaffhausen, and Schwyz";"Lung";"75-89";"Male";"1993";"419.38"
"Incidence";"Zurich, Zug, Schaffhausen, and Schwyz";"Lung";"75-89";"Male";"1994";"445.98"
"Incidence";"Zurich, Zug, Schaffhausen, and Schwyz";"Lung";"75-89";"Male";"1995";"326.52"
"Incidence";"Zurich, Zug, Schaffhausen, and Schwyz";"Lung";"75-89";"Male";"1996";"431.54"
"Incidence";"Zurich, Zug, Schaffhausen, and Schwyz";"Lung";"75-89";"Male";"1997";"360.12"
"Incidence";"Zurich, Zug, Schaffhausen, and Schwyz";"Lung";"75-89";"Male";"1998";"377.16"
"Incidence";"Zurich, Zug, Schaffhausen, and Schwyz";"Lung";"75-89";"Male";"1999";"337.92"
"Incidence";"Zurich, Zug, Schaffhausen, and Schwyz";"Lung";"75-89";"Male";"2000";"338.74"
"Incidence";"Zurich, Zug, Schaffhausen, and Schwyz";"Lung";"75-89";"Male";"2001";"457.84"
"Incidence";"Zurich, Zug, Schaffhausen, and Schwyz";"Lung";"75-89";"Male";"2002";"300.51"
"Incidence";"Zurich, Zug, Schaffhausen, and Schwyz";"Lung";"75-89";"Male";"2003";"372.82"
"Incidence";"Zurich, Zug, Schaffhausen, and Schwyz";"Lung";"75-89";"Male";"2004";"347.21"
"Incidence";"Zurich, Zug, Schaffhausen, and Schwyz";"Lung";"75-89";"Male";"2005";"323.90"
"Incidence";"Zurich, Zug, Schaffhausen, and Schwyz";"Lung";"75-89";"Male";"2006";"323.88"
"Incidence";"Zurich, Zug, Schaffhausen, and Schwyz";"Lung";"75-89";"Male";"2007";"343.96"
"Incidence";"Zurich, Zug, Schaffhausen, and Schwyz";"Lung";"75-89";"Male";"2008";"348.81"
"Incidence";"Zurich, Zug, Schaffhausen, and Schwyz";"Lung";"75-89";"Male";"2009";"368.95"
"Incidence";"Zurich, Zug, Schaffhausen, and Schwyz";"Lung";"75-89";"Male";"2010";"331.71"
"Incidence";"Zurich, Zug, Schaffhausen, and Schwyz";"Lung";"75-89";"Male";"2011";"321.15"
"Incidence";"Zurich, Zug, Schaffhausen, and Schwyz";"Lung";"75-89";"Male";"2012";"358.71"
"Incidence";"Zurich, Zug, Schaffhausen, and Schwyz";"Lung";"75-89";"Male";"2013";"364.49"
"Incidence";"Zurich, Zug, Schaffhausen, and Schwyz";"Lung";"75-89";"Male";"2014";"291.45"
"Incidence";"Zurich, Zug, Schaffhausen, and Schwyz";"Lung";"75-89";"Male";"2015";"329.92"
"Incidence";"Zurich, Zug, Schaffhausen, and Schwyz";"Lung";"75-89";"Male";"2016";"311.50"
"Incidence";"Zurich, Zug, Schaffhausen, and Schwyz";"Lung";"75-89";"Male";"2017";"312.25"
"Incidence";"Zurich, Zug, Schaffhausen, and Schwyz";"Lung";"75-89";"Male";"2018";"304.16"
"Incidence";"Zurich, Zug, Schaffhausen, and Schwyz";"Lung";"75-89";"Male";"2019";"294.52"
"Incidence";"Geneva";"Lung";"75-89";"Male";"1980";"680.38"
"Incidence";"Geneva";"Lung";"75-89";"Male";"1981";"513.11"
"Incidence";"Geneva";"Lung";"75-89";"Male";"1982";"392.50"
"Incidence";"Geneva";"Lung";"75-89";"Male";"1983";"506.48"
"Incidence";"Geneva";"Lung";"75-89";"Male";"1984";"462.17"
"Incidence";"Geneva";"Lung";"75-89";"Male";"1985";"437.32"
"Incidence";"Geneva";"Lung";"75-89";"Male";"1986";"632.27"
"Incidence";"Geneva";"Lung";"75-89";"Male";"1987";"508.51"
"Incidence";"Geneva";"Lung";"75-89";"Male";"1988";"541.97"
"Incidence";"Geneva";"Lung";"75-89";"Male";"1989";"467.10"
"Incidence";"Geneva";"Lung";"75-89";"Male";"1990";"398.87"
"Incidence";"Geneva";"Lung";"75-89";"Male";"1991";"397.72"
"Incidence";"Geneva";"Lung";"75-89";"Male";"1992";"394.26"
"Incidence";"Geneva";"Lung";"75-89";"Male";"1993";"409.81"
"Incidence";"Geneva";"Lung";"75-89";"Male";"1994";"396.64"
"Incidence";"Geneva";"Lung";"75-89";"Male";"1995";"628.09"
"Incidence";"Geneva";"Lung";"75-89";"Male";"1996";"387.95"
"Incidence";"Geneva";"Lung";"75-89";"Male";"1997";"580.73"
"Incidence";"Geneva";"Lung";"75-89";"Male";"1998";"419.36"
"Incidence";"Geneva";"Lung";"75-89";"Male";"1999";"613.68"
"Incidence";"Geneva";"Lung";"75-89";"Male";"2000";"316.07"
"Incidence";"Geneva";"Lung";"75-89";"Male";"2001";"454.31"
"Incidence";"Geneva";"Lung";"75-89";"Male";"2002";"386.91"
"Incidence";"Geneva";"Lung";"75-89";"Male";"2003";"557.82"
"Incidence";"Geneva";"Lung";"75-89";"Male";"2004";"362.58"
"Incidence";"Geneva";"Lung";"75-89";"Male";"2005";"569.69"
"Incidence";"Geneva";"Lung";"75-89";"Male";"2006";"444.42"
"Incidence";"Geneva";"Lung";"75-89";"Male";"2007";"401.04"
"Incidence";"Geneva";"Lung";"75-89";"Male";"2008";"504.75"
"Incidence";"Geneva";"Lung";"75-89";"Male";"2009";"472.30"
"Incidence";"Geneva";"Lung";"75-89";"Male";"2010";"399.63"
"Incidence";"Geneva";"Lung";"75-89";"Male";"2011";"281.68"
"Incidence";"Geneva";"Lung";"75-89";"Male";"2012";"323.08"
"Incidence";"Geneva";"Lung";"75-89";"Male";"2013";"423.85"
"Incidence";"Geneva";"Lung";"75-89";"Male";"2014";"312.62"
"Incidence";"Geneva";"Lung";"75-89";"Male";"2015";"423.97"
"Incidence";"Geneva";"Lung";"75-89";"Male";"2016";"450.29"
"Incidence";"Geneva";"Lung";"75-89";"Male";"2017";"345.76"
"Incidence";"Geneva";"Lung";"75-89";"Male";"2018";"375.91"
"Incidence";"Geneva";"Lung";"75-89";"Male";"2019";"351.01"
"Incidence";"Geneva";"Lung";"75-89";"Female";"1980";"69.68"
"Incidence";"Geneva";"Lung";"75-89";"Female";"1981";"84.27"
"Incidence";"Geneva";"Lung";"75-89";"Female";"1982";"75.04"
"Incidence";"Geneva";"Lung";"75-89";"Female";"1983";"66.02"
"Incidence";"Geneva";"Lung";"75-89";"Female";"1984";"100.37"
"Incidence";"Geneva";"Lung";"75-89";"Female";"1985";"112.34"
"Incidence";"Geneva";"Lung";"75-89";"Female";"1986";"89.43"
"Incidence";"Geneva";"Lung";"75-89";"Female";"1987";"128.86"
"Incidence";"Geneva";"Lung";"75-89";"Female";"1988";"87.33"
"Incidence";"Geneva";"Lung";"75-89";"Female";"1989";"146.30"
"Incidence";"Geneva";"Lung";"75-89";"Female";"1990";"205.49"
"Incidence";"Geneva";"Lung";"75-89";"Female";"1991";"105.77"
"Incidence";"Geneva";"Lung";"75-89";"Female";"1992";"99.41"
"Incidence";"Geneva";"Lung";"75-89";"Female";"1993";"113.84"
"Incidence";"Geneva";"Lung";"75-89";"Female";"1994";"60.48"
"Incidence";"Geneva";"Lung";"75-89";"Female";"1995";"107.02"
"Incidence";"Geneva";"Lung";"75-89";"Female";"1996";"99.42"
"Incidence";"Geneva";"Lung";"75-89";"Female";"1997";"157.61"
"Incidence";"Geneva";"Lung";"75-89";"Female";"1998";"136.93"
"Incidence";"Geneva";"Lung";"75-89";"Female";"1999";"168.19"
"Incidence";"Geneva";"Lung";"75-89";"Female";"2000";"165.56"
"Incidence";"Geneva";"Lung";"75-89";"Female";"2001";"162.91"
"Incidence";"Geneva";"Lung";"75-89";"Female";"2002";"129.67"
"Incidence";"Geneva";"Lung";"75-89";"Female";"2003";"85.31"
"Incidence";"Geneva";"Lung";"75-89";"Female";"2004";"150.34"
"Incidence";"Geneva";"Lung";"75-89";"Female";"2005";"158.81"
"Incidence";"Geneva";"Lung";"75-89";"Female";"2006";"172.29"
"Incidence";"Geneva";"Lung";"75-89";"Female";"2007";"123.67"
"Incidence";"Geneva";"Lung";"75-89";"Female";"2008";"164.58"
"Incidence";"Geneva";"Lung";"75-89";"Female";"2009";"187.94"
"Incidence";"Geneva";"Lung";"75-89";"Female";"2010";"153.84"
"Incidence";"Geneva";"Lung";"75-89";"Female";"2011";"136.87"
"Incidence";"Geneva";"Lung";"75-89";"Female";"2012";"203.32"
"Incidence";"Geneva";"Lung";"75-89";"Female";"2013";"128.40"
"Incidence";"Geneva";"Lung";"75-89";"Female";"2014";"207.36"
"Incidence";"Geneva";"Lung";"75-89";"Female";"2015";"209.60"
"Incidence";"Geneva";"Lung";"75-89";"Female";"2016";"235.49"
"Incidence";"Geneva";"Lung";"75-89";"Female";"2017";"230.55"
"Incidence";"Geneva";"Lung";"75-89";"Female";"2018";"131.54"
"Incidence";"Geneva";"Lung";"75-89";"Female";"2019";"141.96"
"Incidence";"Neuchatel and Jura";"Lung";"75-89";"Female";"1980";"48.02"
"Incidence";"Neuchatel and Jura";"Lung";"75-89";"Female";"1981";"31.88"
"Incidence";"Neuchatel and Jura";"Lung";"75-89";"Female";"1982";"47.15"
"Incidence";"Neuchatel and Jura";"Lung";"75-89";"Female";"1983";"46.15"
"Incidence";"Neuchatel and Jura";"Lung";"75-89";"Female";"1984";"15.00"
"Incidence";"Neuchatel and Jura";"Lung";"75-89";"Female";"1985";"43.96"
"Incidence";"Neuchatel and Jura";"Lung";"75-89";"Female";"1986";"72.05"
"Incidence";"Neuchatel and Jura";"Lung";"75-89";"Female";"1987";"56.63"
"Incidence";"Neuchatel and Jura";"Lung";"75-89";"Female";"1988";"27.72"
"Incidence";"Neuchatel and Jura";"Lung";"75-89";"Female";"1989";"54.38"
"Incidence";"Neuchatel and Jura";"Lung";"75-89";"Female";"1990";"94.72"
"Incidence";"Neuchatel and Jura";"Lung";"75-89";"Female";"1991";"69.08"
"Incidence";"Neuchatel and Jura";"Lung";"75-89";"Female";"1992";"112.33"
"Incidence";"Neuchatel and Jura";"Lung";"75-89";"Female";"1993";"70.11"
"Incidence";"Neuchatel and Jura";"Lung";"75-89";"Female";"1994";"98.06"
"Incidence";"Neuchatel and Jura";"Lung";"75-89";"Female";"1995";"27.74"
"Incidence";"Neuchatel and Jura";"Lung";"75-89";"Female";"1996";"81.64"
"Incidence";"Neuchatel and Jura";"Lung";"75-89";"Female";"1997";"53.43"
"Incidence";"Neuchatel and Jura";"Lung";"75-89";"Female";"1998";"157.55"
"Incidence";"Neuchatel and Jura";"Lung";"75-89";"Female";"1999";"104.35"
"Incidence";"Neuchatel and Jura";"Lung";"75-89";"Female";"2000";"154.58"
"Incidence";"Neuchatel and Jura";"Lung";"75-89";"Female";"2001";"37.77"
"Incidence";"Neuchatel and Jura";"Lung";"75-89";"Female";"2002";"99.30"
"Incidence";"Neuchatel and Jura";"Lung";"75-89";"Female";"2003";"122.35"
"Incidence";"Neuchatel and Jura";"Lung";"75-89";"Female";"2004";"108.24"
"Incidence";"Neuchatel and Jura";"Lung";"75-89";"Female";"2005";"102.98"
"Incidence";"Neuchatel and Jura";"Lung";"75-89";"Female";"2006";"160.76"
"Incidence";"Neuchatel and Jura";"Lung";"75-89";"Female";"2007";"133.04"
"Incidence";"Neuchatel and Jura";"Lung";"75-89";"Female";"2008";"90.13"
"Incidence";"Neuchatel and Jura";"Lung";"75-89";"Female";"2009";"122.05"
"Incidence";"Neuchatel and Jura";"Lung";"75-89";"Female";"2010";"146.26"
"Incidence";"Neuchatel and Jura";"Lung";"75-89";"Female";"2011";"106.35"
"Incidence";"Neuchatel and Jura";"Lung";"75-89";"Female";"2012";"190.00"
"Incidence";"Neuchatel and Jura";"Lung";"75-89";"Female";"2013";"124.66"
"Incidence";"Neuchatel and Jura";"Lung";"75-89";"Female";"2014";"257.99"
"Incidence";"Neuchatel and Jura";"Lung";"75-89";"Female";"2015";"124.55"
"Incidence";"Neuchatel and Jura";"Lung";"75-89";"Female";"2016";"198.74"
"Incidence";"Neuchatel and Jura";"Lung";"75-89";"Female";"2017";"189.35"
"Incidence";"Neuchatel and Jura";"Lung";"75-89";"Female";"2018";"178.84"
"Incidence";"Neuchatel and Jura";"Lung";"75-89";"Female";"2019";"168.20"
"Incidence";"Vaud";"Lung";"75-89";"Female";"1980";"29.81"
"Incidence";"Vaud";"Lung";"75-89";"Female";"1981";"73.53"
"Incidence";"Vaud";"Lung";"75-89";"Female";"1982";"62.00"
"Incidence";"Vaud";"Lung";"75-89";"Female";"1983";"78.69"
"Incidence";"Vaud";"Lung";"75-89";"Female";"1984";"31.49"
"Incidence";"Vaud";"Lung";"75-89";"Female";"1985";"35.00"
"Incidence";"Vaud";"Lung";"75-89";"Female";"1986";"63.71"
"Incidence";"Vaud";"Lung";"75-89";"Female";"1987";"45.59"
"Incidence";"Vaud";"Lung";"75-89";"Female";"1988";"97.96"
"Incidence";"Vaud";"Lung";"75-89";"Female";"1989";"52.43"
"Incidence";"Vaud";"Lung";"75-89";"Female";"1990";"44.05"
"Incidence";"Vaud";"Lung";"75-89";"Female";"1991";"84.02"
"Incidence";"Vaud";"Lung";"75-89";"Female";"1992";"84.01"
"Incidence";"Vaud";"Lung";"75-89";"Female";"1993";"96.40"
"Incidence";"Vaud";"Lung";"75-89";"Female";"1994";"104.73"
"Incidence";"Vaud";"Lung";"75-89";"Female";"1995";"76.00"
"Incidence";"Vaud";"Lung";"75-89";"Female";"1996";"98.64"
"Incidence";"Vaud";"Lung";"75-89";"Female";"1997";"77.68"
"Incidence";"Vaud";"Lung";"75-89";"Female";"1998";"111.12"
"Incidence";"Vaud";"Lung";"75-89";"Female";"1999";"117.13"
"Incidence";"Vaud";"Lung";"75-89";"Female";"2000";"96.86"
"Incidence";"Vaud";"Lung";"75-89";"Female";"2001";"81.13"
"Incidence";"Vaud";"Lung";"75-89";"Female";"2002";"84.98"
"Incidence";"Vaud";"Lung";"75-89";"Female";"2003";"114.76"
"Incidence";"Vaud";"Lung";"75-89";"Female";"2004";"113.69"
"Incidence";"Vaud";"Lung";"75-89";"Female";"2005";"86.64"
"Incidence";"Vaud";"Lung";"75-89";"Female";"2006";"152.64"
"Incidence";"Vaud";"Lung";"75-89";"Female";"2007";"129.87"
"Incidence";"Vaud";"Lung";"75-89";"Female";"2008";"170.01"
"Incidence";"Vaud";"Lung";"75-89";"Female";"2009";"133.38"
"Incidence";"Vaud";"Lung";"75-89";"Female";"2010";"159.03"
"Incidence";"Vaud";"Lung";"75-89";"Female";"2011";"151.77"
"Incidence";"Vaud";"Lung";"75-89";"Female";"2012";"155.00"
"Incidence";"Vaud";"Lung";"75-89";"Female";"2013";"167.94"
"Incidence";"Vaud";"Lung";"75-89";"Female";"2014";"169.86"
"Incidence";"Vaud";"Lung";"75-89";"Female";"2015";"138.60"
"Incidence";"Vaud";"Lung";"75-89";"Female";"2016";"156.44"
"Incidence";"Vaud";"Lung";"75-89";"Female";"2017";"150.19"
"Incidence";"East Switzerland";"Lung";"75-89";"Male";"1980";"302.08"
"Incidence";"East Switzerland";"Lung";"75-89";"Male";"1981";"333.65"
"Incidence";"East Switzerland";"Lung";"75-89";"Male";"1982";"490.57"
"Incidence";"East Switzerland";"Lung";"75-89";"Male";"1983";"360.69"
"Incidence";"East Switzerland";"Lung";"75-89";"Male";"1984";"391.43"
"Incidence";"East Switzerland";"Lung";"75-89";"Male";"1985";"330.07"
"Incidence";"East Switzerland";"Lung";"75-89";"Male";"1986";"445.95"
"Incidence";"East Switzerland";"Lung";"75-89";"Male";"1987";"412.49"
"Incidence";"East Switzerland";"Lung";"75-89";"Male";"1988";"463.68"
"Incidence";"East Switzerland";"Lung";"75-89";"Male";"1989";"431.95"
"Incidence";"East Switzerland";"Lung";"75-89";"Male";"1990";"345.77"
"Incidence";"East Switzerland";"Lung";"75-89";"Male";"1991";"450.65"
"Incidence";"East Switzerland";"Lung";"75-89";"Male";"1992";"357.44"
"Incidence";"East Switzerland";"Lung";"75-89";"Male";"1993";"347.63"
"Incidence";"East Switzerland";"Lung";"75-89";"Male";"1994";"399.90"
"Incidence";"East Switzerland";"Lung";"75-89";"Male";"1995";"355.27"
"Incidence";"East Switzerland";"Lung";"75-89";"Male";"1996";"307.68"
"Incidence";"East Switzerland";"Lung";"75-89";"Male";"1997";"397.58"
"Incidence";"East Switzerland";"Lung";"75-89";"Male";"1998";"487.52"
"Incidence";"East Switzerland";"Lung";"75-89";"Male";"1999";"208.27"
"Incidence";"East Switzerland";"Lung";"75-89";"Male";"2000";"279.43"
"Incidence";"East Switzerland";"Lung";"75-89";"Male";"2001";"401.20"
"Incidence";"East Switzerland";"Lung";"75-89";"Male";"2002";"401.73"
"Incidence";"East Switzerland";"Lung";"75-89";"Male";"2003";"352.21"
"Incidence";"East Switzerland";"Lung";"75-89";"Male";"2004";"364.36"
"Incidence";"East Switzerland";"Lung";"75-89";"Male";"2005";"351.78"
"Incidence";"East Switzerland";"Lung";"75-89";"Male";"2006";"435.62"
"Incidence";"East Switzerland";"Lung";"75-89";"Male";"2007";"307.85"
"Incidence";"East Switzerland";"Lung";"75-89";"Male";"2008";"358.45"
"Incidence";"East Switzerland";"Lung";"75-89";"Male";"2009";"364.17"
"Incidence";"East Switzerland";"Lung";"75-89";"Male";"2010";"333.46"
"Incidence";"East Switzerland";"Lung";"75-89";"Male";"2011";"386.15"
"Incidence";"East Switzerland";"Lung";"75-89";"Male";"2012";"334.22"
"Incidence";"East Switzerland";"Lung";"75-89";"Male";"2013";"333.38"
"Incidence";"East Switzerland";"Lung";"75-89";"Male";"2014";"267.93"
"Incidence";"East Switzerland";"Lung";"75-89";"Male";"2015";"301.08"
"Incidence";"East Switzerland";"Lung";"75-89";"Male";"2016";"302.87"
"Incidence";"East Switzerland";"Lung";"75-89";"Male";"2017";"306.10"
"Incidence";"East Switzerland";"Lung";"75-89";"Male";"2018";"328.95"
"Incidence";"East Switzerland";"Lung";"75-89";"Male";"2019";"300.63"
"Incidence";"Neuchatel and Jura";"Lung";"75-89";"Male";"1980";"344.40"
"Incidence";"Neuchatel and Jura";"Lung";"75-89";"Male";"1981";"371.80"
"Incidence";"Neuchatel and Jura";"Lung";"75-89";"Male";"1982";"574.63"
"Incidence";"Neuchatel and Jura";"Lung";"75-89";"Male";"1983";"353.15"
"Incidence";"Neuchatel and Jura";"Lung";"75-89";"Male";"1984";"486.27"
"Incidence";"Neuchatel and Jura";"Lung";"75-89";"Male";"1985";"473.80"
"Incidence";"Neuchatel and Jura";"Lung";"75-89";"Male";"1986";"274.05"
"Incidence";"Neuchatel and Jura";"Lung";"75-89";"Male";"1987";"406.67"
"Incidence";"Neuchatel and Jura";"Lung";"75-89";"Male";"1988";"481.41"
"Incidence";"Neuchatel and Jura";"Lung";"75-89";"Male";"1989";"288.11"
"Incidence";"Neuchatel and Jura";"Lung";"75-89";"Male";"1990";"360.22"
"Incidence";"Neuchatel and Jura";"Lung";"75-89";"Male";"1991";"497.58"
"Incidence";"Neuchatel and Jura";"Lung";"75-89";"Male";"1992";"531.99"
"Incidence";"Neuchatel and Jura";"Lung";"75-89";"Male";"1993";"288.52"
"Incidence";"Neuchatel and Jura";"Lung";"75-89";"Male";"1994";"413.12"
"Incidence";"Neuchatel and Jura";"Lung";"75-89";"Male";"1995";"351.89"
"Incidence";"Neuchatel and Jura";"Lung";"75-89";"Male";"1996";"363.20"
"Incidence";"Neuchatel and Jura";"Lung";"75-89";"Male";"1997";"350.14"
"Incidence";"Neuchatel and Jura";"Lung";"75-89";"Male";"1998";"341.06"
"Incidence";"Neuchatel and Jura";"Lung";"75-89";"Male";"1999";"263.65"
"Incidence";"Neuchatel and Jura";"Lung";"75-89";"Male";"2000";"409.44"
"Incidence";"Neuchatel and Jura";"Lung";"75-89";"Male";"2001";"621.65"
"Incidence";"Neuchatel and Jura";"Lung";"75-89";"Male";"2002";"522.96"
"Incidence";"Neuchatel and Jura";"Lung";"75-89";"Male";"2003";"346.34"
"Incidence";"Neuchatel and Jura";"Lung";"75-89";"Male";"2004";"380.23"
"Incidence";"Neuchatel and Jura";"Lung";"75-89";"Male";"2005";"480.50"
"Incidence";"Neuchatel and Jura";"Lung";"75-89";"Male";"2006";"249.53"
"Incidence";"Neuchatel and Jura";"Lung";"75-89";"Male";"2007";"382.75"
"Incidence";"Neuchatel and Jura";"Lung";"75-89";"Male";"2008";"337.84"
"Incidence";"Neuchatel and Jura";"Lung";"75-89";"Male";"2009";"383.90"
"Incidence";"Neuchatel and Jura";"Lung";"75-89";"Male";"2010";"364.82"
"Incidence";"Neuchatel and Jura";"Lung";"75-89";"Male";"2011";"460.83"
"Incidence";"Neuchatel and Jura";"Lung";"75-89";"Male";"2012";"319.09"
"Incidence";"Neuchatel and Jura";"Lung";"75-89";"Male";"2013";"499.54"
"Incidence";"Neuchatel and Jura";"Lung";"75-89";"Male";"2014";"493.96"
"Incidence";"Neuchatel and Jura";"Lung";"75-89";"Male";"2015";"374.05"
"Incidence";"Neuchatel and Jura";"Lung";"75-89";"Male";"2016";"381.07"
"Incidence";"Neuchatel and Jura";"Lung";"75-89";"Male";"2017";"370.42"
"Incidence";"Neuchatel and Jura";"Lung";"75-89";"Male";"2018";"393.18"
"Incidence";"Neuchatel and Jura";"Lung";"75-89";"Male";"2019";"276.20"
"Incidence";"Vaud";"Lung";"75-89";"Male";"1980";"455.03"
"Incidence";"Vaud";"Lung";"75-89";"Male";"1981";"343.17"
"Incidence";"Vaud";"Lung";"75-89";"Male";"1982";"315.48"
"Incidence";"Vaud";"Lung";"75-89";"Male";"1983";"306.58"
"Incidence";"Vaud";"Lung";"75-89";"Male";"1984";"372.17"
"Incidence";"Vaud";"Lung";"75-89";"Male";"1985";"394.60"
"Incidence";"Vaud";"Lung";"75-89";"Male";"1986";"463.43"
"Incidence";"Vaud";"Lung";"75-89";"Male";"1987";"378.54"
"Incidence";"Vaud";"Lung";"75-89";"Male";"1988";"438.73"
"Incidence";"Vaud";"Lung";"75-89";"Male";"1989";"417.61"
"Incidence";"Vaud";"Lung";"75-89";"Male";"1990";"379.09"
"Incidence";"Vaud";"Lung";"75-89";"Male";"1991";"495.36"
"Incidence";"Vaud";"Lung";"75-89";"Male";"1992";"393.80"
"Incidence";"Vaud";"Lung";"75-89";"Male";"1993";"447.07"
"Incidence";"Vaud";"Lung";"75-89";"Male";"1994";"386.42"
"Incidence";"Vaud";"Lung";"75-89";"Male";"1995";"373.43"
"Incidence";"Vaud";"Lung";"75-89";"Male";"1996";"392.20"
"Incidence";"Vaud";"Lung";"75-89";"Male";"1997";"326.36"
"Incidence";"Vaud";"Lung";"75-89";"Male";"1998";"251.94"
"Incidence";"Vaud";"Lung";"75-89";"Male";"1999";"387.86"
"Incidence";"Vaud";"Lung";"75-89";"Male";"2000";"453.94"
"Incidence";"Vaud";"Lung";"75-89";"Male";"2001";"379.14"
"Incidence";"Vaud";"Lung";"75-89";"Male";"2002";"482.02"
"Incidence";"Vaud";"Lung";"75-89";"Male";"2003";"414.20"
"Incidence";"Vaud";"Lung";"75-89";"Male";"2004";"350.94"
"Incidence";"Vaud";"Lung";"75-89";"Male";"2005";"391.32"
"Incidence";"Vaud";"Lung";"75-89";"Male";"2006";"423.97"
"Incidence";"Vaud";"Lung";"75-89";"Male";"2007";"321.60"
"Incidence";"Vaud";"Lung";"75-89";"Male";"2008";"308.18"
"Incidence";"Vaud";"Lung";"75-89";"Male";"2009";"372.70"
"Incidence";"Vaud";"Lung";"75-89";"Male";"2010";"434.17"
"Incidence";"Vaud";"Lung";"75-89";"Male";"2011";"296.92"
"Incidence";"Vaud";"Lung";"75-89";"Male";"2012";"335.96"
"Incidence";"Vaud";"Lung";"75-89";"Male";"2013";"323.56"
"Incidence";"Vaud";"Lung";"75-89";"Male";"2014";"361.32"
"Incidence";"Vaud";"Lung";"75-89";"Male";"2015";"403.38"
"Incidence";"Vaud";"Lung";"75-89";"Male";"2016";"394.39"
"Incidence";"Vaud";"Lung";"75-89";"Male";"2017";"293.13"
"Incidence";"Vaud";"Lung";"90-95+";"Male";"1980";"0.00"
"Incidence";"Vaud";"Lung";"90-95+";"Male";"1981";"252.53"
"Incidence";"Vaud";"Lung";"90-95+";"Male";"1982";"246.61"
"Incidence";"Vaud";"Lung";"90-95+";"Male";"1983";"236.69"
"Incidence";"Vaud";"Lung";"90-95+";"Male";"1984";"441.99"
"Incidence";"Vaud";"Lung";"90-95+";"Male";"1985";"0.00"
"Incidence";"Vaud";"Lung";"90-95+";"Male";"1986";"379.87"
"Incidence";"Vaud";"Lung";"90-95+";"Male";"1987";"177.30"
"Incidence";"Vaud";"Lung";"90-95+";"Male";"1988";"334.17"
"Incidence";"Vaud";"Lung";"90-95+";"Male";"1989";"311.53"
"Incidence";"Vaud";"Lung";"90-95+";"Male";"1990";"0.00"
"Incidence";"Vaud";"Lung";"90-95+";"Male";"1991";"141.44"
"Incidence";"Vaud";"Lung";"90-95+";"Male";"1992";"131.93"
"Incidence";"Vaud";"Lung";"90-95+";"Male";"1993";"121.95"
"Incidence";"Vaud";"Lung";"90-95+";"Male";"1994";"0.00"
"Incidence";"Vaud";"Lung";"90-95+";"Male";"1995";"209.42"
"Incidence";"Vaud";"Lung";"90-95+";"Male";"1996";"301.96"
"Incidence";"Vaud";"Lung";"90-95+";"Male";"1997";"95.69"
"Incidence";"Vaud";"Lung";"90-95+";"Male";"1998";"94.25"
"Incidence";"Vaud";"Lung";"90-95+";"Male";"1999";"189.84"
"Incidence";"Vaud";"Lung";"90-95+";"Male";"2000";"560.22"
"Incidence";"Vaud";"Lung";"90-95+";"Male";"2001";"266.90"
"Incidence";"Vaud";"Lung";"90-95+";"Male";"2002";"0.00"
"Incidence";"Vaud";"Lung";"90-95+";"Male";"2003";"0.00"
"Incidence";"Vaud";"Lung";"90-95+";"Male";"2004";"255.21"
"Incidence";"Vaud";"Lung";"90-95+";"Male";"2005";"84.53"
"Incidence";"Vaud";"Lung";"90-95+";"Male";"2006";"0.00"
"Incidence";"Vaud";"Lung";"90-95+";"Male";"2007";"83.40"
"Incidence";"Vaud";"Lung";"90-95+";"Male";"2008";"167.01"
"Incidence";"Vaud";"Lung";"90-95+";"Male";"2009";"396.51"
"Incidence";"Vaud";"Lung";"90-95+";"Male";"2010";"147.60"
"Incidence";"Vaud";"Lung";"90-95+";"Male";"2011";"408.44"
"Incidence";"Vaud";"Lung";"90-95+";"Male";"2012";"386.35"
"Incidence";"Vaud";"Lung";"90-95+";"Male";"2013";"250.86"
"Incidence";"Vaud";"Lung";"90-95+";"Male";"2014";"236.06"
"Incidence";"Vaud";"Lung";"90-95+";"Male";"2015";"163.40"
"Incidence";"Vaud";"Lung";"90-95+";"Male";"2016";"255.56"
"Incidence";"Vaud";"Lung";"90-95+";"Male";"2017";"99.23"
"Incidence";"East Switzerland";"Lung";"90-95+";"Male";"1980";"256.41"
"Incidence";"East Switzerland";"Lung";"90-95+";"Male";"1981";"259.74"
"Incidence";"East Switzerland";"Lung";"90-95+";"Male";"1982";"0.00"
"Incidence";"East Switzerland";"Lung";"90-95+";"Male";"1983";"527.70"
"Incidence";"East Switzerland";"Lung";"90-95+";"Male";"1984";"261.78"
"Incidence";"East Switzerland";"Lung";"90-95+";"Male";"1985";"250.63"
"Incidence";"East Switzerland";"Lung";"90-95+";"Male";"1986";"0.00"
"Incidence";"East Switzerland";"Lung";"90-95+";"Male";"1987";"0.00"
"Incidence";"East Switzerland";"Lung";"90-95+";"Male";"1988";"0.00"
"Incidence";"East Switzerland";"Lung";"90-95+";"Male";"1989";"0.00"
"Incidence";"East Switzerland";"Lung";"90-95+";"Male";"1990";"0.00"
"Incidence";"East Switzerland";"Lung";"90-95+";"Male";"1991";"200.40"
"Incidence";"East Switzerland";"Lung";"90-95+";"Male";"1992";"0.00"
"Incidence";"East Switzerland";"Lung";"90-95+";"Male";"1993";"543.48"
"Incidence";"East Switzerland";"Lung";"90-95+";"Male";"1994";"0.00"
"Incidence";"East Switzerland";"Lung";"90-95+";"Male";"1995";"157.85"
"Incidence";"East Switzerland";"Lung";"90-95+";"Male";"1996";"0.00"
"Incidence";"East Switzerland";"Lung";"90-95+";"Male";"1997";"426.74"
"Incidence";"East Switzerland";"Lung";"90-95+";"Male";"1998";"274.54"
"Incidence";"East Switzerland";"Lung";"90-95+";"Male";"1999";"258.73"
"Incidence";"East Switzerland";"Lung";"90-95+";"Male";"2000";"122.85"
"Incidence";"East Switzerland";"Lung";"90-95+";"Male";"2001";"232.96"
"Incidence";"East Switzerland";"Lung";"90-95+";"Male";"2002";"109.65"
"Incidence";"East Switzerland";"Lung";"90-95+";"Male";"2003";"102.15"
"Incidence";"East Switzerland";"Lung";"90-95+";"Male";"2004";"0.00"
"Incidence";"East Switzerland";"Lung";"90-95+";"Male";"2005";"182.90"
"Incidence";"East Switzerland";"Lung";"90-95+";"Male";"2006";"0.00"
"Incidence";"East Switzerland";"Lung";"90-95+";"Male";"2007";"255.65"
"Incidence";"East Switzerland";"Lung";"90-95+";"Male";"2008";"164.07"
"Incidence";"East Switzerland";"Lung";"90-95+";"Male";"2009";"243.51"
"Incidence";"East Switzerland";"Lung";"90-95+";"Male";"2010";"79.21"
"Incidence";"East Switzerland";"Lung";"90-95+";"Male";"2011";"84.85"
"Incidence";"East Switzerland";"Lung";"90-95+";"Male";"2012";"63.73"
"Incidence";"East Switzerland";"Lung";"90-95+";"Male";"2013";"244.87"
"Incidence";"East Switzerland";"Lung";"90-95+";"Male";"2014";"234.67"
"Incidence";"East Switzerland";"Lung";"90-95+";"Male";"2015";"169.64"
"Incidence";"East Switzerland";"Lung";"90-95+";"Male";"2016";"436.44"
"Incidence";"East Switzerland";"Lung";"90-95+";"Male";"2017";"213.28"
"Incidence";"East Switzerland";"Lung";"90-95+";"Male";"2018";"154.04"
"Incidence";"East Switzerland";"Lung";"90-95+";"Male";"2019";"193.70"
"Incidence";"East Switzerland";"Lung";"90-95+";"Female";"1980";"0.00"
"Incidence";"East Switzerland";"Lung";"90-95+";"Female";"1981";"108.81"
"Incidence";"East Switzerland";"Lung";"90-95+";"Female";"1982";"0.00"
"Incidence";"East Switzerland";"Lung";"90-95+";"Female";"1983";"97.56"
"Incidence";"East Switzerland";"Lung";"90-95+";"Female";"1984";"94.21"
"Incidence";"East Switzerland";"Lung";"90-95+";"Female";"1985";"0.00"
"Incidence";"East Switzerland";"Lung";"90-95+";"Female";"1986";"0.00"
"Incidence";"East Switzerland";"Lung";"90-95+";"Female";"1987";"0.00"
"Incidence";"East Switzerland";"Lung";"90-95+";"Female";"1988";"0.00"
"Incidence";"East Switzerland";"Lung";"90-95+";"Female";"1989";"0.00"
"Incidence";"East Switzerland";"Lung";"90-95+";"Female";"1990";"0.00"
"Incidence";"East Switzerland";"Lung";"90-95+";"Female";"1991";"58.69"
"Incidence";"East Switzerland";"Lung";"90-95+";"Female";"1992";"0.00"
"Incidence";"East Switzerland";"Lung";"90-95+";"Female";"1993";"0.00"
"Incidence";"East Switzerland";"Lung";"90-95+";"Female";"1994";"0.00"
"Incidence";"East Switzerland";"Lung";"90-95+";"Female";"1995";"0.00"
"Incidence";"East Switzerland";"Lung";"90-95+";"Female";"1996";"139.73"
"Incidence";"East Switzerland";"Lung";"90-95+";"Female";"1997";"44.59"
"Incidence";"East Switzerland";"Lung";"90-95+";"Female";"1998";"0.00"
"Incidence";"East Switzerland";"Lung";"90-95+";"Female";"1999";"0.00"
"Incidence";"East Switzerland";"Lung";"90-95+";"Female";"2000";"41.27"
"Incidence";"East Switzerland";"Lung";"90-95+";"Female";"2001";"121.36"
"Incidence";"East Switzerland";"Lung";"90-95+";"Female";"2002";"78.09"
"Incidence";"East Switzerland";"Lung";"90-95+";"Female";"2003";"36.91"
"Incidence";"East Switzerland";"Lung";"90-95+";"Female";"2004";"70.41"
"Incidence";"East Switzerland";"Lung";"90-95+";"Female";"2005";"103.25"
"Incidence";"East Switzerland";"Lung";"90-95+";"Female";"2006";"34.50"
"Incidence";"East Switzerland";"Lung";"90-95+";"Female";"2007";"68.49"
"Incidence";"East Switzerland";"Lung";"90-95+";"Female";"2008";"0.00"
"Incidence";"East Switzerland";"Lung";"90-95+";"Female";"2009";"0.00"
"Incidence";"East Switzerland";"Lung";"90-95+";"Female";"2010";"32.64"
"Incidence";"East Switzerland";"Lung";"90-95+";"Female";"2011";"98.90"
"Incidence";"East Switzerland";"Lung";"90-95+";"Female";"2012";"48.59"
"Incidence";"East Switzerland";"Lung";"90-95+";"Female";"2013";"23.36"
"Incidence";"East Switzerland";"Lung";"90-95+";"Female";"2014";"66.78"
"Incidence";"East Switzerland";"Lung";"90-95+";"Female";"2015";"21.24"
"Incidence";"East Switzerland";"Lung";"90-95+";"Female";"2016";"142.70"
"Incidence";"East Switzerland";"Lung";"90-95+";"Female";"2017";"79.29"
"Incidence";"East Switzerland";"Lung";"90-95+";"Female";"2018";"19.43"
"Incidence";"East Switzerland";"Lung";"90-95+";"Female";"2019";"38.09"
"Incidence";"Zurich, Zug, Schaffhausen, and Schwyz";"Lung";"90-95+";"Female";"1980";"55.07"
"Incidence";"Zurich, Zug, Schaffhausen, and Schwyz";"Lung";"90-95+";"Female";"1981";"53.42"
"Incidence";"Zurich, Zug, Schaffhausen, and Schwyz";"Lung";"90-95+";"Female";"1982";"0.00"
"Incidence";"Zurich, Zug, Schaffhausen, and Schwyz";"Lung";"90-95+";"Female";"1983";"45.97"
"Incidence";"Zurich, Zug, Schaffhausen, and Schwyz";"Lung";"90-95+";"Female";"1984";"42.55"
"Incidence";"Zurich, Zug, Schaffhausen, and Schwyz";"Lung";"90-95+";"Female";"1985";"0.00"
"Incidence";"Zurich, Zug, Schaffhausen, and Schwyz";"Lung";"90-95+";"Female";"1986";"75.92"
"Incidence";"Zurich, Zug, Schaffhausen, and Schwyz";"Lung";"90-95+";"Female";"1987";"36.19"
"Incidence";"Zurich, Zug, Schaffhausen, and Schwyz";"Lung";"90-95+";"Female";"1988";"207.94"
"Incidence";"Zurich, Zug, Schaffhausen, and Schwyz";"Lung";"90-95+";"Female";"1989";"0.00"
"Incidence";"Zurich, Zug, Schaffhausen, and Schwyz";"Lung";"90-95+";"Female";"1990";"0.00"
"Incidence";"Zurich, Zug, Schaffhausen, and Schwyz";"Lung";"90-95+";"Female";"1991";"83.34"
"Incidence";"Zurich, Zug, Schaffhausen, and Schwyz";"Lung";"90-95+";"Female";"1992";"47.60"
"Incidence";"Zurich, Zug, Schaffhausen, and Schwyz";"Lung";"90-95+";"Female";"1993";"67.24"
"Incidence";"Zurich, Zug, Schaffhausen, and Schwyz";"Lung";"90-95+";"Female";"1994";"0.00"
"Incidence";"Zurich, Zug, Schaffhausen, and Schwyz";"Lung";"90-95+";"Female";"1995";"0.00"
"Incidence";"Zurich, Zug, Schaffhausen, and Schwyz";"Lung";"90-95+";"Female";"1996";"39.56"
"Incidence";"Zurich, Zug, Schaffhausen, and Schwyz";"Lung";"90-95+";"Female";"1997";"19.14"
"Incidence";"Zurich, Zug, Schaffhausen, and Schwyz";"Lung";"90-95+";"Female";"1998";"110.15"
"Incidence";"Zurich, Zug, Schaffhausen, and Schwyz";"Lung";"90-95+";"Female";"1999";"17.74"
"Incidence";"Zurich, Zug, Schaffhausen, and Schwyz";"Lung";"90-95+";"Female";"2000";"69.23"
"Incidence";"Zurich, Zug, Schaffhausen, and Schwyz";"Lung";"90-95+";"Female";"2001";"63.85"
"Incidence";"Zurich, Zug, Schaffhausen, and Schwyz";"Lung";"90-95+";"Female";"2002";"29.49"
"Incidence";"Zurich, Zug, Schaffhausen, and Schwyz";"Lung";"90-95+";"Female";"2003";"71.77"
"Incidence";"Zurich, Zug, Schaffhausen, and Schwyz";"Lung";"90-95+";"Female";"2004";"56.52"
"Incidence";"Zurich, Zug, Schaffhausen, and Schwyz";"Lung";"90-95+";"Female";"2005";"28.11"
"Incidence";"Zurich, Zug, Schaffhausen, and Schwyz";"Lung";"90-95+";"Female";"2006";"14.02"
"Incidence";"Zurich, Zug, Schaffhausen, and Schwyz";"Lung";"90-95+";"Female";"2007";"41.96"
"Incidence";"Zurich, Zug, Schaffhausen, and Schwyz";"Lung";"90-95+";"Female";"2008";"13.93"
"Incidence";"Zurich, Zug, Schaffhausen, and Schwyz";"Lung";"90-95+";"Female";"2009";"83.04"
"Incidence";"Zurich, Zug, Schaffhausen, and Schwyz";"Lung";"90-95+";"Female";"2010";"13.41"
"Incidence";"Zurich, Zug, Schaffhausen, and Schwyz";"Lung";"90-95+";"Female";"2011";"76.12"
"Incidence";"Zurich, Zug, Schaffhausen, and Schwyz";"Lung";"90-95+";"Female";"2012";"63.74"
"Incidence";"Zurich, Zug, Schaffhausen, and Schwyz";"Lung";"90-95+";"Female";"2013";"147.49"
"Incidence";"Zurich, Zug, Schaffhausen, and Schwyz";"Lung";"90-95+";"Female";"2014";"106.82"
"Incidence";"Zurich, Zug, Schaffhausen, and Schwyz";"Lung";"90-95+";"Female";"2015";"103.87"
"Incidence";"Zurich, Zug, Schaffhausen, and Schwyz";"Lung";"90-95+";"Female";"2016";"67.01"
"Incidence";"Zurich, Zug, Schaffhausen, and Schwyz";"Lung";"90-95+";"Female";"2017";"64.38"
"Incidence";"Zurich, Zug, Schaffhausen, and Schwyz";"Lung";"90-95+";"Female";"2018";"72.81"
"Incidence";"Zurich, Zug, Schaffhausen, and Schwyz";"Lung";"90-95+";"Female";"2019";"60.30"
"Incidence";"Zurich, Zug, Schaffhausen, and Schwyz";"Lung";"90-95+";"Male";"1980";"489.40"
"Incidence";"Zurich, Zug, Schaffhausen, and Schwyz";"Lung";"90-95+";"Male";"1981";"157.98"
"Incidence";"Zurich, Zug, Schaffhausen, and Schwyz";"Lung";"90-95+";"Male";"1982";"0.00"
"Incidence";"Zurich, Zug, Schaffhausen, and Schwyz";"Lung";"90-95+";"Male";"1983";"431.65"
"Incidence";"Zurich, Zug, Schaffhausen, and Schwyz";"Lung";"90-95+";"Male";"1984";"273.22"
"Incidence";"Zurich, Zug, Schaffhausen, and Schwyz";"Lung";"90-95+";"Male";"1985";"261.61"
"Incidence";"Zurich, Zug, Schaffhausen, and Schwyz";"Lung";"90-95+";"Male";"1986";"380.23"
"Incidence";"Zurich, Zug, Schaffhausen, and Schwyz";"Lung";"90-95+";"Male";"1987";"0.00"
"Incidence";"Zurich, Zug, Schaffhausen, and Schwyz";"Lung";"90-95+";"Male";"1988";"239.66"
"Incidence";"Zurich, Zug, Schaffhausen, and Schwyz";"Lung";"90-95+";"Male";"1989";"338.41"
"Incidence";"Zurich, Zug, Schaffhausen, and Schwyz";"Lung";"90-95+";"Male";"1990";"209.75"
"Incidence";"Zurich, Zug, Schaffhausen, and Schwyz";"Lung";"90-95+";"Male";"1991";"89.81"
"Incidence";"Zurich, Zug, Schaffhausen, and Schwyz";"Lung";"90-95+";"Male";"1992";"235.76"
"Incidence";"Zurich, Zug, Schaffhausen, and Schwyz";"Lung";"90-95+";"Male";"1993";"296.63"
"Incidence";"Zurich, Zug, Schaffhausen, and Schwyz";"Lung";"90-95+";"Male";"1994";"422.39"
"Incidence";"Zurich, Zug, Schaffhausen, and Schwyz";"Lung";"90-95+";"Male";"1995";"340.37"
"Incidence";"Zurich, Zug, Schaffhausen, and Schwyz";"Lung";"90-95+";"Male";"1996";"194.49"
"Incidence";"Zurich, Zug, Schaffhausen, and Schwyz";"Lung";"90-95+";"Male";"1997";"432.90"
"Incidence";"Zurich, Zug, Schaffhausen, and Schwyz";"Lung";"90-95+";"Male";"1998";"531.29"
"Incidence";"Zurich, Zug, Schaffhausen, and Schwyz";"Lung";"90-95+";"Male";"1999";"454.55"
"Incidence";"Zurich, Zug, Schaffhausen, and Schwyz";"Lung";"90-95+";"Male";"2000";"387.17"
"Incidence";"Zurich, Zug, Schaffhausen, and Schwyz";"Lung";"90-95+";"Male";"2001";"361.57"
"Incidence";"Zurich, Zug, Schaffhausen, and Schwyz";"Lung";"90-95+";"Male";"2002";"143.88"
"Incidence";"Zurich, Zug, Schaffhausen, and Schwyz";"Lung";"90-95+";"Male";"2003";"184.16"
"Incidence";"Zurich, Zug, Schaffhausen, and Schwyz";"Lung";"90-95+";"Male";"2004";"176.41"
"Incidence";"Zurich, Zug, Schaffhausen, and Schwyz";"Lung";"90-95+";"Male";"2005";"128.07"
"Incidence";"Zurich, Zug, Schaffhausen, and Schwyz";"Lung";"90-95+";"Male";"2006";"208.81"
"Incidence";"Zurich, Zug, Schaffhausen, and Schwyz";"Lung";"90-95+";"Male";"2007";"285.25"
"Incidence";"Zurich, Zug, Schaffhausen, and Schwyz";"Lung";"90-95+";"Male";"2008";"242.23"
"Incidence";"Zurich, Zug, Schaffhausen, and Schwyz";"Lung";"90-95+";"Male";"2009";"118.37"
"Incidence";"Zurich, Zug, Schaffhausen, and Schwyz";"Lung";"90-95+";"Male";"2010";"186.71"
"Incidence";"Zurich, Zug, Schaffhausen, and Schwyz";"Lung";"90-95+";"Male";"2011";"207.94"
"Incidence";"Zurich, Zug, Schaffhausen, and Schwyz";"Lung";"90-95+";"Male";"2012";"477.82"
"Incidence";"Zurich, Zug, Schaffhausen, and Schwyz";"Lung";"90-95+";"Male";"2013";"64.03"
"Incidence";"Zurich, Zug, Schaffhausen, and Schwyz";"Lung";"90-95+";"Male";"2014";"241.36"
"Incidence";"Zurich, Zug, Schaffhausen, and Schwyz";"Lung";"90-95+";"Male";"2015";"287.36"
"Incidence";"Zurich, Zug, Schaffhausen, and Schwyz";"Lung";"90-95+";"Male";"2016";"248.10"
"Incidence";"Zurich, Zug, Schaffhausen, and Schwyz";"Lung";"90-95+";"Male";"2017";"210.39"
"Incidence";"Zurich, Zug, Schaffhausen, and Schwyz";"Lung";"90-95+";"Male";"2018";"250.38"
"Incidence";"Zurich, Zug, Schaffhausen, and Schwyz";"Lung";"90-95+";"Male";"2019";"237.25"
"Incidence";"Geneva";"Lung";"90-95+";"Male";"1980";"0.00"
"Incidence";"Geneva";"Lung";"90-95+";"Male";"1981";"396.04"
"Incidence";"Geneva";"Lung";"90-95+";"Male";"1982";"355.24"
"Incidence";"Geneva";"Lung";"90-95+";"Male";"1983";"332.23"
"Incidence";"Geneva";"Lung";"90-95+";"Male";"1984";"0.00"
"Incidence";"Geneva";"Lung";"90-95+";"Male";"1985";"642.05"
"Incidence";"Geneva";"Lung";"90-95+";"Male";"1986";"917.43"
"Incidence";"Geneva";"Lung";"90-95+";"Male";"1987";"292.40"
"Incidence";"Geneva";"Lung";"90-95+";"Male";"1988";"854.70"
"Incidence";"Geneva";"Lung";"90-95+";"Male";"1989";"1117.32"
"Incidence";"Geneva";"Lung";"90-95+";"Male";"1990";"0.00"
"Incidence";"Geneva";"Lung";"90-95+";"Male";"1991";"968.52"
"Incidence";"Geneva";"Lung";"90-95+";"Male";"1992";"0.00"
"Incidence";"Geneva";"Lung";"90-95+";"Male";"1993";"986.19"
"Incidence";"Geneva";"Lung";"90-95+";"Male";"1994";"568.18"
"Incidence";"Geneva";"Lung";"90-95+";"Male";"1995";"553.00"
"Incidence";"Geneva";"Lung";"90-95+";"Male";"1996";"358.10"
"Incidence";"Geneva";"Lung";"90-95+";"Male";"1997";"687.29"
"Incidence";"Geneva";"Lung";"90-95+";"Male";"1998";"162.07"
"Incidence";"Geneva";"Lung";"90-95+";"Male";"1999";"152.21"
"Incidence";"Geneva";"Lung";"90-95+";"Male";"2000";"437.64"
"Incidence";"Geneva";"Lung";"90-95+";"Male";"2001";"433.21"
"Incidence";"Geneva";"Lung";"90-95+";"Male";"2002";"142.96"
"Incidence";"Geneva";"Lung";"90-95+";"Male";"2003";"278.16"
"Incidence";"Geneva";"Lung";"90-95+";"Male";"2004";"0.00"
"Incidence";"Geneva";"Lung";"90-95+";"Male";"2005";"522.19"
"Incidence";"Geneva";"Lung";"90-95+";"Male";"2006";"129.03"
"Incidence";"Geneva";"Lung";"90-95+";"Male";"2007";"513.48"
"Incidence";"Geneva";"Lung";"90-95+";"Male";"2008";"0.00"
"Incidence";"Geneva";"Lung";"90-95+";"Male";"2009";"0.00"
"Incidence";"Geneva";"Lung";"90-95+";"Male";"2010";"118.41"
"Incidence";"Geneva";"Lung";"90-95+";"Male";"2011";"106.44"
"Incidence";"Geneva";"Lung";"90-95+";"Male";"2012";"198.61"
"Incidence";"Geneva";"Lung";"90-95+";"Male";"2013";"383.88"
"Incidence";"Geneva";"Lung";"90-95+";"Male";"2014";"363.64"
"Incidence";"Geneva";"Lung";"90-95+";"Male";"2015";"254.78"
"Incidence";"Geneva";"Lung";"90-95+";"Male";"2016";"320.51"
"Incidence";"Geneva";"Lung";"90-95+";"Male";"2017";"152.79"
"Incidence";"Geneva";"Lung";"90-95+";"Male";"2018";"219.78"
"Incidence";"Geneva";"Lung";"90-95+";"Male";"2019";"138.46"
"Incidence";"Geneva";"Lung";"90-95+";"Female";"1980";"0.00"
"Incidence";"Geneva";"Lung";"90-95+";"Female";"1981";"0.00"
"Incidence";"Geneva";"Lung";"90-95+";"Female";"1982";"117.58"
"Incidence";"Geneva";"Lung";"90-95+";"Female";"1983";"0.00"
"Incidence";"Geneva";"Lung";"90-95+";"Female";"1984";"0.00"
"Incidence";"Geneva";"Lung";"90-95+";"Female";"1985";"195.22"
"Incidence";"Geneva";"Lung";"90-95+";"Female";"1986";"0.00"
"Incidence";"Geneva";"Lung";"90-95+";"Female";"1987";"0.00"
"Incidence";"Geneva";"Lung";"90-95+";"Female";"1988";"83.96"
"Incidence";"Geneva";"Lung";"90-95+";"Female";"1989";"79.62"
"Incidence";"Geneva";"Lung";"90-95+";"Female";"1990";"295.64"
"Incidence";"Geneva";"Lung";"90-95+";"Female";"1991";"65.25"
"Incidence";"Geneva";"Lung";"90-95+";"Female";"1992";"114.12"
"Incidence";"Geneva";"Lung";"90-95+";"Female";"1993";"0.00"
"Incidence";"Geneva";"Lung";"90-95+";"Female";"1994";"206.66"
"Incidence";"Geneva";"Lung";"90-95+";"Female";"1995";"148.37"
"Incidence";"Geneva";"Lung";"90-95+";"Female";"1996";"47.92"
"Incidence";"Geneva";"Lung";"90-95+";"Female";"1997";"0.00"
"Incidence";"Geneva";"Lung";"90-95+";"Female";"1998";"135.59"
"Incidence";"Geneva";"Lung";"90-95+";"Female";"1999";"43.57"
"Incidence";"Geneva";"Lung";"90-95+";"Female";"2000";"210.61"
"Incidence";"Geneva";"Lung";"90-95+";"Female";"2001";"205.13"
"Incidence";"Geneva";"Lung";"90-95+";"Female";"2002";"40.15"
"Incidence";"Geneva";"Lung";"90-95+";"Female";"2003";"79.40"
"Incidence";"Geneva";"Lung";"90-95+";"Female";"2004";"117.12"
"Incidence";"Geneva";"Lung";"90-95+";"Female";"2005";"115.83"
"Incidence";"Geneva";"Lung";"90-95+";"Female";"2006";"155.64"
"Incidence";"Geneva";"Lung";"90-95+";"Female";"2007";"39.39"
"Incidence";"Geneva";"Lung";"90-95+";"Female";"2008";"79.65"
"Incidence";"Geneva";"Lung";"90-95+";"Female";"2009";"78.94"
"Incidence";"Geneva";"Lung";"90-95+";"Female";"2010";"226.33"
"Incidence";"Geneva";"Lung";"90-95+";"Female";"2011";"144.14"
"Incidence";"Geneva";"Lung";"90-95+";"Female";"2012";"68.91"
"Incidence";"Geneva";"Lung";"90-95+";"Female";"2013";"131.90"
"Incidence";"Geneva";"Lung";"90-95+";"Female";"2014";"63.26"
"Incidence";"Geneva";"Lung";"90-95+";"Female";"2015";"91.55"
"Incidence";"Geneva";"Lung";"90-95+";"Female";"2016";"59.29"
"Incidence";"Geneva";"Lung";"90-95+";"Female";"2017";"228.44"
"Incidence";"Geneva";"Lung";"90-95+";"Female";"2018";"138.08"
"Incidence";"Geneva";"Lung";"90-95+";"Female";"2019";"53.67"
"Incidence";"Vaud";"Lung";"90-95+";"Female";"1980";"157.73"
"Incidence";"Vaud";"Lung";"90-95+";"Female";"1981";"0.00"
"Incidence";"Vaud";"Lung";"90-95+";"Female";"1982";"0.00"
"Incidence";"Vaud";"Lung";"90-95+";"Female";"1983";"0.00"
"Incidence";"Vaud";"Lung";"90-95+";"Female";"1984";"0.00"
"Incidence";"Vaud";"Lung";"90-95+";"Female";"1985";"0.00"
"Incidence";"Vaud";"Lung";"90-95+";"Female";"1986";"122.89"
"Incidence";"Vaud";"Lung";"90-95+";"Female";"1987";"0.00"
"Incidence";"Vaud";"Lung";"90-95+";"Female";"1988";"0.00"
"Incidence";"Vaud";"Lung";"90-95+";"Female";"1989";"0.00"
"Incidence";"Vaud";"Lung";"90-95+";"Female";"1990";"0.00"
"Incidence";"Vaud";"Lung";"90-95+";"Female";"1991";"134.68"
"Incidence";"Vaud";"Lung";"90-95+";"Female";"1992";"43.20"
"Incidence";"Vaud";"Lung";"90-95+";"Female";"1993";"84.58"
"Incidence";"Vaud";"Lung";"90-95+";"Female";"1994";"163.67"
"Incidence";"Vaud";"Lung";"90-95+";"Female";"1995";"38.48"
"Incidence";"Vaud";"Lung";"90-95+";"Female";"1996";"109.41"
"Incidence";"Vaud";"Lung";"90-95+";"Female";"1997";"0.00"
"Incidence";"Vaud";"Lung";"90-95+";"Female";"1998";"33.54"
"Incidence";"Vaud";"Lung";"90-95+";"Female";"1999";"0.00"
"Incidence";"Vaud";"Lung";"90-95+";"Female";"2000";"62.60"
"Incidence";"Vaud";"Lung";"90-95+";"Female";"2001";"0.00"
"Incidence";"Vaud";"Lung";"90-95+";"Female";"2002";"58.12"
"Incidence";"Vaud";"Lung";"90-95+";"Female";"2003";"57.19"
"Incidence";"Vaud";"Lung";"90-95+";"Female";"2004";"27.66"
"Incidence";"Vaud";"Lung";"90-95+";"Female";"2005";"27.26"
"Incidence";"Vaud";"Lung";"90-95+";"Female";"2006";"0.00"
"Incidence";"Vaud";"Lung";"90-95+";"Female";"2007";"53.13"
"Incidence";"Vaud";"Lung";"90-95+";"Female";"2008";"52.92"
"Incidence";"Vaud";"Lung";"90-95+";"Female";"2009";"131.37"
"Incidence";"Vaud";"Lung";"90-95+";"Female";"2010";"100.96"
"Incidence";"Vaud";"Lung";"90-95+";"Female";"2011";"94.59"
"Incidence";"Vaud";"Lung";"90-95+";"Female";"2012";"44.91"
"Incidence";"Vaud";"Lung";"90-95+";"Female";"2013";"129.55"
"Incidence";"Vaud";"Lung";"90-95+";"Female";"2014";"123.72"
"Incidence";"Vaud";"Lung";"90-95+";"Female";"2015";"79.59"
"Incidence";"Vaud";"Lung";"90-95+";"Female";"2016";"96.28"
"Incidence";"Vaud";"Lung";"90-95+";"Female";"2017";"75.21"
"Incidence";"Neuchatel and Jura";"Lung";"90-95+";"Female";"1980";"0.00"
"Incidence";"Neuchatel and Jura";"Lung";"90-95+";"Female";"1981";"0.00"
"Incidence";"Neuchatel and Jura";"Lung";"90-95+";"Female";"1982";"212.99"
"Incidence";"Neuchatel and Jura";"Lung";"90-95+";"Female";"1983";"0.00"
"Incidence";"Neuchatel and Jura";"Lung";"90-95+";"Female";"1984";"198.02"
"Incidence";"Neuchatel and Jura";"Lung";"90-95+";"Female";"1985";"191.20"
"Incidence";"Neuchatel and Jura";"Lung";"90-95+";"Female";"1986";"367.31"
"Incidence";"Neuchatel and Jura";"Lung";"90-95+";"Female";"1987";"0.00"
"Incidence";"Neuchatel and Jura";"Lung";"90-95+";"Female";"1988";"0.00"
"Incidence";"Neuchatel and Jura";"Lung";"90-95+";"Female";"1989";"0.00"
"Incidence";"Neuchatel and Jura";"Lung";"90-95+";"Female";"1990";"0.00"
"Incidence";"Neuchatel and Jura";"Lung";"90-95+";"Female";"1991";"0.00"
"Incidence";"Neuchatel and Jura";"Lung";"90-95+";"Female";"1992";"139.96"
"Incidence";"Neuchatel and Jura";"Lung";"90-95+";"Female";"1993";"0.00"
"Incidence";"Neuchatel and Jura";"Lung";"90-95+";"Female";"1994";"0.00"
"Incidence";"Neuchatel and Jura";"Lung";"90-95+";"Female";"1995";"0.00"
"Incidence";"Neuchatel and Jura";"Lung";"90-95+";"Female";"1996";"0.00"
"Incidence";"Neuchatel and Jura";"Lung";"90-95+";"Female";"1997";"0.00"
"Incidence";"Neuchatel and Jura";"Lung";"90-95+";"Female";"1998";"0.00"
"Incidence";"Neuchatel and Jura";"Lung";"90-95+";"Female";"1999";"110.86"
"Incidence";"Neuchatel and Jura";"Lung";"90-95+";"Female";"2000";"0.00"
"Incidence";"Neuchatel and Jura";"Lung";"90-95+";"Female";"2001";"0.00"
"Incidence";"Neuchatel and Jura";"Lung";"90-95+";"Female";"2002";"96.67"
"Incidence";"Neuchatel and Jura";"Lung";"90-95+";"Female";"2003";"0.00"
"Incidence";"Neuchatel and Jura";"Lung";"90-95+";"Female";"2004";"0.00"
"Incidence";"Neuchatel and Jura";"Lung";"90-95+";"Female";"2005";"0.00"
"Incidence";"Neuchatel and Jura";"Lung";"90-95+";"Female";"2006";"63.17"
"Incidence";"Neuchatel and Jura";"Lung";"90-95+";"Female";"2007";"0.00"
"Incidence";"Neuchatel and Jura";"Lung";"90-95+";"Female";"2008";"60.85"
"Incidence";"Neuchatel and Jura";"Lung";"90-95+";"Female";"2009";"0.00"
"Incidence";"Neuchatel and Jura";"Lung";"90-95+";"Female";"2010";"55.59"
"Incidence";"Neuchatel and Jura";"Lung";"90-95+";"Female";"2011";"57.39"
"Incidence";"Neuchatel and Jura";"Lung";"90-95+";"Female";"2012";"0.00"
"Incidence";"Neuchatel and Jura";"Lung";"90-95+";"Female";"2013";"169.40"
"Incidence";"Neuchatel and Jura";"Lung";"90-95+";"Female";"2014";"52.99"
"Incidence";"Neuchatel and Jura";"Lung";"90-95+";"Female";"2015";"0.00"
"Incidence";"Neuchatel and Jura";"Lung";"90-95+";"Female";"2016";"0.00"
"Incidence";"Neuchatel and Jura";"Lung";"90-95+";"Female";"2017";"144.82"
"Incidence";"Neuchatel and Jura";"Lung";"90-95+";"Female";"2018";"0.00"
"Incidence";"Neuchatel and Jura";"Lung";"90-95+";"Female";"2019";"92.02"
"Incidence";"Neuchatel and Jura";"Lung";"90-95+";"Male";"1980";"0.00"
"Incidence";"Neuchatel and Jura";"Lung";"90-95+";"Male";"1981";"0.00"
"Incidence";"Neuchatel and Jura";"Lung";"90-95+";"Male";"1982";"0.00"
"Incidence";"Neuchatel and Jura";"Lung";"90-95+";"Male";"1983";"0.00"
"Incidence";"Neuchatel and Jura";"Lung";"90-95+";"Male";"1984";"0.00"
"Incidence";"Neuchatel and Jura";"Lung";"90-95+";"Male";"1985";"0.00"
"Incidence";"Neuchatel and Jura";"Lung";"90-95+";"Male";"1986";"0.00"
"Incidence";"Neuchatel and Jura";"Lung";"90-95+";"Male";"1987";"0.00"
"Incidence";"Neuchatel and Jura";"Lung";"90-95+";"Male";"1988";"573.07"
"Incidence";"Neuchatel and Jura";"Lung";"90-95+";"Male";"1989";"0.00"
"Incidence";"Neuchatel and Jura";"Lung";"90-95+";"Male";"1990";"0.00"
"Incidence";"Neuchatel and Jura";"Lung";"90-95+";"Male";"1991";"487.80"
"Incidence";"Neuchatel and Jura";"Lung";"90-95+";"Male";"1992";"0.00"
"Incidence";"Neuchatel and Jura";"Lung";"90-95+";"Male";"1993";"0.00"
"Incidence";"Neuchatel and Jura";"Lung";"90-95+";"Male";"1994";"0.00"
"Incidence";"Neuchatel and Jura";"Lung";"90-95+";"Male";"1995";"0.00"
"Incidence";"Neuchatel and Jura";"Lung";"90-95+";"Male";"1996";"0.00"
"Incidence";"Neuchatel and Jura";"Lung";"90-95+";"Male";"1997";"395.26"
"Incidence";"Neuchatel and Jura";"Lung";"90-95+";"Male";"1998";"0.00"
"Incidence";"Neuchatel and Jura";"Lung";"90-95+";"Male";"1999";"362.32"
"Incidence";"Neuchatel and Jura";"Lung";"90-95+";"Male";"2000";"0.00"
"Incidence";"Neuchatel and Jura";"Lung";"90-95+";"Male";"2001";"0.00"
"Incidence";"Neuchatel and Jura";"Lung";"90-95+";"Male";"2002";"308.64"
"Incidence";"Neuchatel and Jura";"Lung";"90-95+";"Male";"2003";"299.40"
"Incidence";"Neuchatel and Jura";"Lung";"90-95+";"Male";"2004";"554.79"
"Incidence";"Neuchatel and Jura";"Lung";"90-95+";"Male";"2005";"0.00"
"Incidence";"Neuchatel and Jura";"Lung";"90-95+";"Male";"2006";"0.00"
"Incidence";"Neuchatel and Jura";"Lung";"90-95+";"Male";"2007";"0.00"
"Incidence";"Neuchatel and Jura";"Lung";"90-95+";"Male";"2008";"0.00"
"Incidence";"Neuchatel and Jura";"Lung";"90-95+";"Male";"2009";"343.94"
"Incidence";"Neuchatel and Jura";"Lung";"90-95+";"Male";"2010";"302.34"
"Incidence";"Neuchatel and Jura";"Lung";"90-95+";"Male";"2011";"151.63"
"Incidence";"Neuchatel and Jura";"Lung";"90-95+";"Male";"2012";"158.73"
"Incidence";"Neuchatel and Jura";"Lung";"90-95+";"Male";"2013";"310.80"
"Incidence";"Neuchatel and Jura";"Lung";"90-95+";"Male";"2014";"0.00"
"Incidence";"Neuchatel and Jura";"Lung";"90-95+";"Male";"2015";"0.00"
"Incidence";"Neuchatel and Jura";"Lung";"90-95+";"Male";"2016";"0.00"
"Incidence";"Neuchatel and Jura";"Lung";"90-95+";"Male";"2017";"138.03"
"Incidence";"Neuchatel and Jura";"Lung";"90-95+";"Male";"2018";"265.78"
"Incidence";"Neuchatel and Jura";"Lung";"90-95+";"Male";"2019";"125.00"
"Incidence";"Basel";"Lung";"0-14";"Male";"1981";"0.00"
"Incidence";"Basel";"Lung";"0-14";"Male";"1982";"0.00"
"Incidence";"Basel";"Lung";"0-14";"Male";"1983";"0.00"
"Incidence";"Basel";"Lung";"0-14";"Male";"1984";"0.00"
"Incidence";"Basel";"Lung";"0-14";"Male";"1985";"0.00"
"Incidence";"Basel";"Lung";"0-14";"Male";"1986";"0.00"
"Incidence";"Basel";"Lung";"0-14";"Male";"1987";"0.00"
"Incidence";"Basel";"Lung";"0-14";"Male";"1988";"0.00"
"Incidence";"Basel";"Lung";"0-14";"Male";"1989";"0.00"
"Incidence";"Basel";"Lung";"0-14";"Male";"1990";"0.00"
"Incidence";"Basel";"Lung";"0-14";"Male";"1991";"0.00"
"Incidence";"Basel";"Lung";"0-14";"Male";"1992";"0.00"
"Incidence";"Basel";"Lung";"0-14";"Male";"1993";"0.00"
"Incidence";"Basel";"Lung";"0-14";"Male";"1994";"0.00"
"Incidence";"Basel";"Lung";"0-14";"Male";"1995";"0.00"
"Incidence";"Basel";"Lung";"0-14";"Male";"1996";"0.00"
"Incidence";"Basel";"Lung";"0-14";"Male";"1997";"0.00"
"Incidence";"Basel";"Lung";"0-14";"Male";"1998";"0.00"
"Incidence";"Basel";"Lung";"0-14";"Male";"1999";"0.00"
"Incidence";"Basel";"Lung";"0-14";"Male";"2000";"0.00"
"Incidence";"Basel";"Lung";"0-14";"Male";"2001";"0.00"
"Incidence";"Basel";"Lung";"0-14";"Male";"2002";"0.00"
"Incidence";"Basel";"Lung";"0-14";"Male";"2003";"0.00"
"Incidence";"Basel";"Lung";"0-14";"Male";"2004";"0.00"
"Incidence";"Basel";"Lung";"0-14";"Male";"2005";"0.00"
"Incidence";"Basel";"Lung";"0-14";"Male";"2006";"0.00"
"Incidence";"Basel";"Lung";"0-14";"Male";"2007";"0.00"
"Incidence";"Basel";"Lung";"0-14";"Male";"2008";"0.00"
"Incidence";"Basel";"Lung";"0-14";"Male";"2009";"0.00"
"Incidence";"Basel";"Lung";"0-14";"Male";"2010";"0.00"
"Incidence";"Basel";"Lung";"0-14";"Male";"2011";"0.00"
"Incidence";"Basel";"Lung";"0-14";"Male";"2012";"0.00"
"Incidence";"Basel";"Lung";"0-14";"Male";"2013";"0.00"
"Incidence";"Basel";"Lung";"0-14";"Male";"2014";"0.00"
"Incidence";"Basel";"Lung";"0-14";"Male";"2015";"0.00"
"Incidence";"Basel";"Lung";"0-14";"Male";"2016";"0.00"
"Incidence";"Basel";"Lung";"0-14";"Male";"2017";"0.00"
"Incidence";"Basel";"Lung";"0-14";"Male";"2018";"0.00"
"Incidence";"Basel";"Lung";"0-14";"Male";"2019";"0.00"
"Incidence";"Basel";"Lung";"0-14";"Female";"1981";"0.00"
"Incidence";"Basel";"Lung";"0-14";"Female";"1982";"0.00"
"Incidence";"Basel";"Lung";"0-14";"Female";"1983";"0.00"
"Incidence";"Basel";"Lung";"0-14";"Female";"1984";"0.00"
"Incidence";"Basel";"Lung";"0-14";"Female";"1985";"0.00"
"Incidence";"Basel";"Lung";"0-14";"Female";"1986";"0.00"
"Incidence";"Basel";"Lung";"0-14";"Female";"1987";"0.00"
"Incidence";"Basel";"Lung";"0-14";"Female";"1988";"0.00"
"Incidence";"Basel";"Lung";"0-14";"Female";"1989";"0.00"
"Incidence";"Basel";"Lung";"0-14";"Female";"1990";"0.00"
"Incidence";"Basel";"Lung";"0-14";"Female";"1991";"0.00"
"Incidence";"Basel";"Lung";"0-14";"Female";"1992";"0.00"
"Incidence";"Basel";"Lung";"0-14";"Female";"1993";"0.00"
"Incidence";"Basel";"Lung";"0-14";"Female";"1994";"0.00"
"Incidence";"Basel";"Lung";"0-14";"Female";"1995";"0.00"
"Incidence";"Basel";"Lung";"0-14";"Female";"1996";"0.00"
"Incidence";"Basel";"Lung";"0-14";"Female";"1997";"0.00"
"Incidence";"Basel";"Lung";"0-14";"Female";"1998";"0.00"
"Incidence";"Basel";"Lung";"0-14";"Female";"1999";"0.00"
"Incidence";"Basel";"Lung";"0-14";"Female";"2000";"0.00"
"Incidence";"Basel";"Lung";"0-14";"Female";"2001";"0.00"
"Incidence";"Basel";"Lung";"0-14";"Female";"2002";"0.00"
"Incidence";"Basel";"Lung";"0-14";"Female";"2003";"0.00"
"Incidence";"Basel";"Lung";"0-14";"Female";"2004";"0.00"
"Incidence";"Basel";"Lung";"0-14";"Female";"2005";"0.00"
"Incidence";"Basel";"Lung";"0-14";"Female";"2006";"0.00"
"Incidence";"Basel";"Lung";"0-14";"Female";"2007";"0.00"
"Incidence";"Basel";"Lung";"0-14";"Female";"2008";"0.00"
"Incidence";"Basel";"Lung";"0-14";"Female";"2009";"0.00"
"Incidence";"Basel";"Lung";"0-14";"Female";"2010";"0.00"
"Incidence";"Basel";"Lung";"0-14";"Female";"2011";"0.00"
"Incidence";"Basel";"Lung";"0-14";"Female";"2012";"0.00"
"Incidence";"Basel";"Lung";"0-14";"Female";"2013";"0.00"
"Incidence";"Basel";"Lung";"0-14";"Female";"2014";"0.00"
"Incidence";"Basel";"Lung";"0-14";"Female";"2015";"0.00"
"Incidence";"Basel";"Lung";"0-14";"Female";"2016";"0.00"
"Incidence";"Basel";"Lung";"0-14";"Female";"2017";"0.00"
"Incidence";"Basel";"Lung";"0-14";"Female";"2018";"0.00"
"Incidence";"Basel";"Lung";"0-14";"Female";"2019";"0.00"
"Incidence";"Basel";"Lung";"15-29";"Female";"1981";"0.00"
"Incidence";"Basel";"Lung";"15-29";"Female";"1982";"0.00"
"Incidence";"Basel";"Lung";"15-29";"Female";"1983";"0.00"
"Incidence";"Basel";"Lung";"15-29";"Female";"1984";"0.00"
"Incidence";"Basel";"Lung";"15-29";"Female";"1985";"0.00"
"Incidence";"Basel";"Lung";"15-29";"Female";"1986";"0.00"
"Incidence";"Basel";"Lung";"15-29";"Female";"1987";"0.00"
"Incidence";"Basel";"Lung";"15-29";"Female";"1988";"0.00"
"Incidence";"Basel";"Lung";"15-29";"Female";"1989";"2.24"
"Incidence";"Basel";"Lung";"15-29";"Female";"1990";"2.27"
"Incidence";"Basel";"Lung";"15-29";"Female";"1991";"0.00"
"Incidence";"Basel";"Lung";"15-29";"Female";"1992";"0.00"
"Incidence";"Basel";"Lung";"15-29";"Female";"1993";"0.00"
"Incidence";"Basel";"Lung";"15-29";"Female";"1994";"0.00"
"Incidence";"Basel";"Lung";"15-29";"Female";"1995";"0.00"
"Incidence";"Basel";"Lung";"15-29";"Female";"1996";"0.00"
"Incidence";"Basel";"Lung";"15-29";"Female";"1997";"0.00"
"Incidence";"Basel";"Lung";"15-29";"Female";"1998";"0.00"
"Incidence";"Basel";"Lung";"15-29";"Female";"1999";"0.00"
"Incidence";"Basel";"Lung";"15-29";"Female";"2000";"2.73"
"Incidence";"Basel";"Lung";"15-29";"Female";"2001";"0.00"
"Incidence";"Basel";"Lung";"15-29";"Female";"2002";"0.00"
"Incidence";"Basel";"Lung";"15-29";"Female";"2003";"0.00"
"Incidence";"Basel";"Lung";"15-29";"Female";"2004";"0.00"
"Incidence";"Basel";"Lung";"15-29";"Female";"2005";"0.00"
"Incidence";"Basel";"Lung";"15-29";"Female";"2006";"0.00"
"Incidence";"Basel";"Lung";"15-29";"Female";"2007";"2.61"
"Incidence";"Basel";"Lung";"15-29";"Female";"2008";"0.00"
"Incidence";"Basel";"Lung";"15-29";"Female";"2009";"0.00"
"Incidence";"Basel";"Lung";"15-29";"Female";"2010";"0.00"
"Incidence";"Basel";"Lung";"15-29";"Female";"2011";"0.00"
"Incidence";"Basel";"Lung";"15-29";"Female";"2012";"0.00"
"Incidence";"Basel";"Lung";"15-29";"Female";"2013";"0.00"
"Incidence";"Basel";"Lung";"15-29";"Female";"2014";"2.56"
"Incidence";"Basel";"Lung";"15-29";"Female";"2015";"0.00"
"Incidence";"Basel";"Lung";"15-29";"Female";"2016";"0.00"
"Incidence";"Basel";"Lung";"15-29";"Female";"2017";"0.00"
"Incidence";"Basel";"Lung";"15-29";"Female";"2018";"0.00"
"Incidence";"Basel";"Lung";"15-29";"Female";"2019";"0.00"
"Incidence";"Basel";"Lung";"15-29";"Male";"1981";"2.08"
"Incidence";"Basel";"Lung";"15-29";"Male";"1982";"0.00"
"Incidence";"Basel";"Lung";"15-29";"Male";"1983";"2.08"
"Incidence";"Basel";"Lung";"15-29";"Male";"1984";"0.00"
"Incidence";"Basel";"Lung";"15-29";"Male";"1985";"0.00"
"Incidence";"Basel";"Lung";"15-29";"Male";"1986";"0.00"
"Incidence";"Basel";"Lung";"15-29";"Male";"1987";"2.11"
"Incidence";"Basel";"Lung";"15-29";"Male";"1988";"2.13"
"Incidence";"Basel";"Lung";"15-29";"Male";"1989";"0.00"
"Incidence";"Basel";"Lung";"15-29";"Male";"1990";"0.00"
"Incidence";"Basel";"Lung";"15-29";"Male";"1991";"2.21"
"Incidence";"Basel";"Lung";"15-29";"Male";"1992";"0.00"
"Incidence";"Basel";"Lung";"15-29";"Male";"1993";"0.00"
"Incidence";"Basel";"Lung";"15-29";"Male";"1994";"0.00"
"Incidence";"Basel";"Lung";"15-29";"Male";"1995";"2.44"
"Incidence";"Basel";"Lung";"15-29";"Male";"1996";"2.50"
"Incidence";"Basel";"Lung";"15-29";"Male";"1997";"0.00"
"Incidence";"Basel";"Lung";"15-29";"Male";"1998";"0.00"
"Incidence";"Basel";"Lung";"15-29";"Male";"1999";"0.00"
"Incidence";"Basel";"Lung";"15-29";"Male";"2000";"0.00"
"Incidence";"Basel";"Lung";"15-29";"Male";"2001";"0.00"
"Incidence";"Basel";"Lung";"15-29";"Male";"2002";"0.00"
"Incidence";"Basel";"Lung";"15-29";"Male";"2003";"0.00"
"Incidence";"Basel";"Lung";"15-29";"Male";"2004";"2.68"
"Incidence";"Basel";"Lung";"15-29";"Male";"2005";"0.00"
"Incidence";"Basel";"Lung";"15-29";"Male";"2006";"0.00"
"Incidence";"Basel";"Lung";"15-29";"Male";"2007";"0.00"
"Incidence";"Basel";"Lung";"15-29";"Male";"2008";"0.00"
"Incidence";"Basel";"Lung";"15-29";"Male";"2009";"0.00"
"Incidence";"Basel";"Lung";"15-29";"Male";"2010";"0.00"
"Incidence";"Basel";"Lung";"15-29";"Male";"2011";"0.00"
"Incidence";"Basel";"Lung";"15-29";"Male";"2012";"0.00"
"Incidence";"Basel";"Lung";"15-29";"Male";"2013";"0.00"
"Incidence";"Basel";"Lung";"15-29";"Male";"2014";"0.00"
"Incidence";"Basel";"Lung";"15-29";"Male";"2015";"0.00"
"Incidence";"Basel";"Lung";"15-29";"Male";"2016";"0.00"
"Incidence";"Basel";"Lung";"15-29";"Male";"2017";"0.00"
"Incidence";"Basel";"Lung";"15-29";"Male";"2018";"0.00"
"Incidence";"Basel";"Lung";"15-29";"Male";"2019";"0.00"
"Incidence";"Basel";"Lung";"30-44";"Female";"1981";"2.05"
"Incidence";"Basel";"Lung";"30-44";"Female";"1982";"4.15"
"Incidence";"Basel";"Lung";"30-44";"Female";"1983";"4.15"
"Incidence";"Basel";"Lung";"30-44";"Female";"1984";"4.17"
"Incidence";"Basel";"Lung";"30-44";"Female";"1985";"6.28"
"Incidence";"Basel";"Lung";"30-44";"Female";"1986";"4.20"
"Incidence";"Basel";"Lung";"30-44";"Female";"1987";"4.23"
"Incidence";"Basel";"Lung";"30-44";"Female";"1988";"4.26"
"Incidence";"Basel";"Lung";"30-44";"Female";"1989";"8.57"
"Incidence";"Basel";"Lung";"30-44";"Female";"1990";"2.14"
"Incidence";"Basel";"Lung";"30-44";"Female";"1991";"0.00"
"Incidence";"Basel";"Lung";"30-44";"Female";"1992";"4.11"
"Incidence";"Basel";"Lung";"30-44";"Female";"1993";"4.07"
"Incidence";"Basel";"Lung";"30-44";"Female";"1994";"6.17"
"Incidence";"Basel";"Lung";"30-44";"Female";"1995";"4.01"
"Incidence";"Basel";"Lung";"30-44";"Female";"1996";"1.99"
"Incidence";"Basel";"Lung";"30-44";"Female";"1997";"7.91"
"Incidence";"Basel";"Lung";"30-44";"Female";"1998";"5.92"
"Incidence";"Basel";"Lung";"30-44";"Female";"1999";"3.94"
"Incidence";"Basel";"Lung";"30-44";"Female";"2000";"0.00"
"Incidence";"Basel";"Lung";"30-44";"Female";"2001";"11.81"
"Incidence";"Basel";"Lung";"30-44";"Female";"2002";"3.95"
"Incidence";"Basel";"Lung";"30-44";"Female";"2003";"7.92"
"Incidence";"Basel";"Lung";"30-44";"Female";"2004";"0.00"
"Incidence";"Basel";"Lung";"30-44";"Female";"2005";"4.04"
"Incidence";"Basel";"Lung";"30-44";"Female";"2006";"4.11"
"Incidence";"Basel";"Lung";"30-44";"Female";"2007";"4.15"
"Incidence";"Basel";"Lung";"30-44";"Female";"2008";"4.18"
"Incidence";"Basel";"Lung";"30-44";"Female";"2009";"2.11"
"Incidence";"Basel";"Lung";"30-44";"Female";"2010";"2.12"
"Incidence";"Basel";"Lung";"30-44";"Female";"2011";"4.27"
"Incidence";"Basel";"Lung";"30-44";"Female";"2012";"2.15"
"Incidence";"Basel";"Lung";"30-44";"Female";"2013";"0.00"
"Incidence";"Basel";"Lung";"30-44";"Female";"2014";"4.10"
"Incidence";"Basel";"Lung";"30-44";"Female";"2015";"6.13"
"Incidence";"Basel";"Lung";"30-44";"Female";"2016";"0.00"
"Incidence";"Basel";"Lung";"30-44";"Female";"2017";"2.01"
"Incidence";"Basel";"Lung";"30-44";"Female";"2018";"3.98"
"Incidence";"Basel";"Lung";"30-44";"Female";"2019";"1.97"
"Incidence";"Basel";"Lung";"30-44";"Male";"1981";"6.27"
"Incidence";"Basel";"Lung";"30-44";"Male";"1982";"8.40"
"Incidence";"Basel";"Lung";"30-44";"Male";"1983";"10.49"
"Incidence";"Basel";"Lung";"30-44";"Male";"1984";"8.44"
"Incidence";"Basel";"Lung";"30-44";"Male";"1985";"4.24"
"Incidence";"Basel";"Lung";"30-44";"Male";"1986";"4.25"
"Incidence";"Basel";"Lung";"30-44";"Male";"1987";"10.69"
"Incidence";"Basel";"Lung";"30-44";"Male";"1988";"2.15"
"Incidence";"Basel";"Lung";"30-44";"Male";"1989";"15.14"
"Incidence";"Basel";"Lung";"30-44";"Male";"1990";"2.15"
"Incidence";"Basel";"Lung";"30-44";"Male";"1991";"0.00"
"Incidence";"Basel";"Lung";"30-44";"Male";"1992";"4.06"
"Incidence";"Basel";"Lung";"30-44";"Male";"1993";"8.01"
"Incidence";"Basel";"Lung";"30-44";"Male";"1994";"4.04"
"Incidence";"Basel";"Lung";"30-44";"Male";"1995";"5.92"
"Incidence";"Basel";"Lung";"30-44";"Male";"1996";"9.80"
"Incidence";"Basel";"Lung";"30-44";"Male";"1997";"5.84"
"Incidence";"Basel";"Lung";"30-44";"Male";"1998";"5.83"
"Incidence";"Basel";"Lung";"30-44";"Male";"1999";"5.84"
"Incidence";"Basel";"Lung";"30-44";"Male";"2000";"3.90"
"Incidence";"Basel";"Lung";"30-44";"Male";"2001";"1.96"
"Incidence";"Basel";"Lung";"30-44";"Male";"2002";"3.94"
"Incidence";"Basel";"Lung";"30-44";"Male";"2003";"7.91"
"Incidence";"Basel";"Lung";"30-44";"Male";"2004";"2.00"
"Incidence";"Basel";"Lung";"30-44";"Male";"2005";"6.08"
"Incidence";"Basel";"Lung";"30-44";"Male";"2006";"0.00"
"Incidence";"Basel";"Lung";"30-44";"Male";"2007";"4.18"
"Incidence";"Basel";"Lung";"30-44";"Male";"2008";"6.31"
"Incidence";"Basel";"Lung";"30-44";"Male";"2009";"6.34"
"Incidence";"Basel";"Lung";"30-44";"Male";"2010";"6.38"
"Incidence";"Basel";"Lung";"30-44";"Male";"2011";"6.43"
"Incidence";"Basel";"Lung";"30-44";"Male";"2012";"2.16"
"Incidence";"Basel";"Lung";"30-44";"Male";"2013";"6.21"
"Incidence";"Basel";"Lung";"30-44";"Male";"2014";"4.12"
"Incidence";"Basel";"Lung";"30-44";"Male";"2015";"6.13"
"Incidence";"Basel";"Lung";"30-44";"Male";"2016";"2.03"
"Incidence";"Basel";"Lung";"30-44";"Male";"2017";"4.03"
"Incidence";"Basel";"Lung";"30-44";"Male";"2018";"4.00"
"Incidence";"Basel";"Lung";"30-44";"Male";"2019";"0.00"
"Incidence";"Basel";"Lung";"45-59";"Female";"1981";"14.04"
"Incidence";"Basel";"Lung";"45-59";"Female";"1982";"18.98"
"Incidence";"Basel";"Lung";"45-59";"Female";"1983";"33.14"
"Incidence";"Basel";"Lung";"45-59";"Female";"1984";"23.62"
"Incidence";"Basel";"Lung";"45-59";"Female";"1985";"18.87"
"Incidence";"Basel";"Lung";"45-59";"Female";"1986";"21.18"
"Incidence";"Basel";"Lung";"45-59";"Female";"1987";"35.07"
"Incidence";"Basel";"Lung";"45-59";"Female";"1988";"20.90"
"Incidence";"Basel";"Lung";"45-59";"Female";"1989";"13.89"
"Incidence";"Basel";"Lung";"45-59";"Female";"1990";"11.52"
"Incidence";"Basel";"Lung";"45-59";"Female";"1991";"18.33"
"Incidence";"Basel";"Lung";"45-59";"Female";"1992";"47.81"
"Incidence";"Basel";"Lung";"45-59";"Female";"1993";"31.58"
"Incidence";"Basel";"Lung";"45-59";"Female";"1994";"40.87"
"Incidence";"Basel";"Lung";"45-59";"Female";"1995";"40.05"
"Incidence";"Basel";"Lung";"45-59";"Female";"1996";"35.54"
"Incidence";"Basel";"Lung";"45-59";"Female";"1997";"48.81"
"Incidence";"Basel";"Lung";"45-59";"Female";"1998";"26.57"
"Incidence";"Basel";"Lung";"45-59";"Female";"1999";"37.61"
"Incidence";"Basel";"Lung";"45-59";"Female";"2000";"22.11"
"Incidence";"Basel";"Lung";"45-59";"Female";"2001";"37.53"
"Incidence";"Basel";"Lung";"45-59";"Female";"2002";"41.87"
"Incidence";"Basel";"Lung";"45-59";"Female";"2003";"32.96"
"Incidence";"Basel";"Lung";"45-59";"Female";"2004";"30.61"
"Incidence";"Basel";"Lung";"45-59";"Female";"2005";"39.13"
"Incidence";"Basel";"Lung";"45-59";"Female";"2006";"32.45"
"Incidence";"Basel";"Lung";"45-59";"Female";"2007";"40.91"
"Incidence";"Basel";"Lung";"45-59";"Female";"2008";"51.26"
"Incidence";"Basel";"Lung";"45-59";"Female";"2009";"35.86"
"Incidence";"Basel";"Lung";"45-59";"Female";"2010";"45.79"
"Incidence";"Basel";"Lung";"45-59";"Female";"2011";"39.08"
"Incidence";"Basel";"Lung";"45-59";"Female";"2012";"36.63"
"Incidence";"Basel";"Lung";"45-59";"Female";"2013";"40.28"
"Incidence";"Basel";"Lung";"45-59";"Female";"2014";"49.13"
"Incidence";"Basel";"Lung";"45-59";"Female";"2015";"31.77"
"Incidence";"Basel";"Lung";"45-59";"Female";"2016";"53.86"
"Incidence";"Basel";"Lung";"45-59";"Female";"2017";"27.81"
"Incidence";"Basel";"Lung";"45-59";"Female";"2018";"33.45"
"Incidence";"Basel";"Lung";"45-59";"Female";"2019";"24.22"
"Incidence";"Basel";"Lung";"45-59";"Male";"1981";"113.73"
"Incidence";"Basel";"Lung";"45-59";"Male";"1982";"137.19"
"Incidence";"Basel";"Lung";"45-59";"Male";"1983";"116.77"
"Incidence";"Basel";"Lung";"45-59";"Male";"1984";"80.97"
"Incidence";"Basel";"Lung";"45-59";"Male";"1985";"113.23"
"Incidence";"Basel";"Lung";"45-59";"Male";"1986";"87.61"
"Incidence";"Basel";"Lung";"45-59";"Male";"1987";"116.96"
"Incidence";"Basel";"Lung";"45-59";"Male";"1988";"79.14"
"Incidence";"Basel";"Lung";"45-59";"Male";"1989";"78.52"
"Incidence";"Basel";"Lung";"45-59";"Male";"1990";"63.20"
"Incidence";"Basel";"Lung";"45-59";"Male";"1991";"88.76"
"Incidence";"Basel";"Lung";"45-59";"Male";"1992";"78.17"
"Incidence";"Basel";"Lung";"45-59";"Male";"1993";"68.13"
"Incidence";"Basel";"Lung";"45-59";"Male";"1994";"61.71"
"Incidence";"Basel";"Lung";"45-59";"Male";"1995";"78.85"
"Incidence";"Basel";"Lung";"45-59";"Male";"1996";"80.86"
"Incidence";"Basel";"Lung";"45-59";"Male";"1997";"69.13"
"Incidence";"Basel";"Lung";"45-59";"Male";"1998";"71.20"
"Incidence";"Basel";"Lung";"45-59";"Male";"1999";"87.11"
"Incidence";"Basel";"Lung";"45-59";"Male";"2000";"68.46"
"Incidence";"Basel";"Lung";"45-59";"Male";"2001";"95.15"
"Incidence";"Basel";"Lung";"45-59";"Male";"2002";"81.00"
"Incidence";"Basel";"Lung";"45-59";"Male";"2003";"62.72"
"Incidence";"Basel";"Lung";"45-59";"Male";"2004";"60.30"
"Incidence";"Basel";"Lung";"45-59";"Male";"2005";"68.82"
"Incidence";"Basel";"Lung";"45-59";"Male";"2006";"57.28"
"Incidence";"Basel";"Lung";"45-59";"Male";"2007";"69.91"
"Incidence";"Basel";"Lung";"45-59";"Male";"2008";"71.16"
"Incidence";"Basel";"Lung";"45-59";"Male";"2009";"61.56"
"Incidence";"Basel";"Lung";"45-59";"Male";"2010";"43.86"
"Incidence";"Basel";"Lung";"45-59";"Male";"2011";"74.13"
"Incidence";"Basel";"Lung";"45-59";"Male";"2012";"38.67"
"Incidence";"Basel";"Lung";"45-59";"Male";"2013";"49.74"
"Incidence";"Basel";"Lung";"45-59";"Male";"2014";"54.72"
"Incidence";"Basel";"Lung";"45-59";"Male";"2015";"43.01"
"Incidence";"Basel";"Lung";"45-59";"Male";"2016";"42.87"
"Incidence";"Basel";"Lung";"45-59";"Male";"2017";"39.15"
"Incidence";"Basel";"Lung";"45-59";"Male";"2018";"50.49"
"Incidence";"Basel";"Lung";"45-59";"Male";"2019";"50.68"
"Incidence";"Basel";"Lung";"60-74";"Male";"1981";"332.17"
"Incidence";"Basel";"Lung";"60-74";"Male";"1982";"393.33"
"Incidence";"Basel";"Lung";"60-74";"Male";"1983";"358.14"
"Incidence";"Basel";"Lung";"60-74";"Male";"1984";"379.45"
"Incidence";"Basel";"Lung";"60-74";"Male";"1985";"353.19"
"Incidence";"Basel";"Lung";"60-74";"Male";"1986";"330.85"
"Incidence";"Basel";"Lung";"60-74";"Male";"1987";"373.80"
"Incidence";"Basel";"Lung";"60-74";"Male";"1988";"363.01"
"Incidence";"Basel";"Lung";"60-74";"Male";"1989";"348.23"
"Incidence";"Basel";"Lung";"60-74";"Male";"1990";"346.26"
"Incidence";"Basel";"Lung";"60-74";"Male";"1991";"285.32"
"Incidence";"Basel";"Lung";"60-74";"Male";"1992";"317.45"
"Incidence";"Basel";"Lung";"60-74";"Male";"1993";"355.54"
"Incidence";"Basel";"Lung";"60-74";"Male";"1994";"220.02"
"Incidence";"Basel";"Lung";"60-74";"Male";"1995";"265.27"
"Incidence";"Basel";"Lung";"60-74";"Male";"1996";"304.81"
"Incidence";"Basel";"Lung";"60-74";"Male";"1997";"255.87"
"Incidence";"Basel";"Lung";"60-74";"Male";"1998";"227.83"
"Incidence";"Basel";"Lung";"60-74";"Male";"1999";"318.49"
"Incidence";"Basel";"Lung";"60-74";"Male";"2000";"262.41"
"Incidence";"Basel";"Lung";"60-74";"Male";"2001";"259.77"
"Incidence";"Basel";"Lung";"60-74";"Male";"2002";"243.03"
"Incidence";"Basel";"Lung";"60-74";"Male";"2003";"239.38"
"Incidence";"Basel";"Lung";"60-74";"Male";"2004";"197.69"
"Incidence";"Basel";"Lung";"60-74";"Male";"2005";"226.71"
"Incidence";"Basel";"Lung";"60-74";"Male";"2006";"233.16"
"Incidence";"Basel";"Lung";"60-74";"Male";"2007";"254.40"
"Incidence";"Basel";"Lung";"60-74";"Male";"2008";"184.42"
"Incidence";"Basel";"Lung";"60-74";"Male";"2009";"167.31"
"Incidence";"Basel";"Lung";"60-74";"Male";"2010";"198.23"
"Incidence";"Basel";"Lung";"60-74";"Male";"2011";"208.77"
"Incidence";"Basel";"Lung";"60-74";"Male";"2012";"216.17"
"Incidence";"Basel";"Lung";"60-74";"Male";"2013";"218.72"
"Incidence";"Basel";"Lung";"60-74";"Male";"2014";"186.27"
"Incidence";"Basel";"Lung";"60-74";"Male";"2015";"219.77"
"Incidence";"Basel";"Lung";"60-74";"Male";"2016";"198.59"
"Incidence";"Basel";"Lung";"60-74";"Male";"2017";"202.07"
"Incidence";"Basel";"Lung";"60-74";"Male";"2018";"184.65"
"Incidence";"Basel";"Lung";"60-74";"Male";"2019";"250.89"
"Incidence";"Basel";"Lung";"60-74";"Female";"1981";"46.16"
"Incidence";"Basel";"Lung";"60-74";"Female";"1982";"40.33"
"Incidence";"Basel";"Lung";"60-74";"Female";"1983";"55.88"
"Incidence";"Basel";"Lung";"60-74";"Female";"1984";"52.75"
"Incidence";"Basel";"Lung";"60-74";"Female";"1985";"49.49"
"Incidence";"Basel";"Lung";"60-74";"Female";"1986";"80.02"
"Incidence";"Basel";"Lung";"60-74";"Female";"1987";"48.98"
"Incidence";"Basel";"Lung";"60-74";"Female";"1988";"76.11"
"Incidence";"Basel";"Lung";"60-74";"Female";"1989";"72.58"
"Incidence";"Basel";"Lung";"60-74";"Female";"1990";"71.84"
"Incidence";"Basel";"Lung";"60-74";"Female";"1991";"82.22"
"Incidence";"Basel";"Lung";"60-74";"Female";"1992";"43.18"
"Incidence";"Basel";"Lung";"60-74";"Female";"1993";"96.47"
"Incidence";"Basel";"Lung";"60-74";"Female";"1994";"71.19"
"Incidence";"Basel";"Lung";"60-74";"Female";"1995";"44.67"
"Incidence";"Basel";"Lung";"60-74";"Female";"1996";"78.20"
"Incidence";"Basel";"Lung";"60-74";"Female";"1997";"95.03"
"Incidence";"Basel";"Lung";"60-74";"Female";"1998";"83.71"
"Incidence";"Basel";"Lung";"60-74";"Female";"1999";"89.26"
"Incidence";"Basel";"Lung";"60-74";"Female";"2000";"72.51"
"Incidence";"Basel";"Lung";"60-74";"Female";"2001";"94.61"
"Incidence";"Basel";"Lung";"60-74";"Female";"2002";"94.05"
"Incidence";"Basel";"Lung";"60-74";"Female";"2003";"93.29"
"Incidence";"Basel";"Lung";"60-74";"Female";"2004";"81.94"
"Incidence";"Basel";"Lung";"60-74";"Female";"2005";"105.92"
"Incidence";"Basel";"Lung";"60-74";"Female";"2006";"110.52"
"Incidence";"Basel";"Lung";"60-74";"Female";"2007";"106.95"
"Incidence";"Basel";"Lung";"60-74";"Female";"2008";"129.61"
"Incidence";"Basel";"Lung";"60-74";"Female";"2009";"120.41"
"Incidence";"Basel";"Lung";"60-74";"Female";"2010";"93.48"
"Incidence";"Basel";"Lung";"60-74";"Female";"2011";"119.10"
"Incidence";"Basel";"Lung";"60-74";"Female";"2012";"152.39"
"Incidence";"Basel";"Lung";"60-74";"Female";"2013";"126.14"
"Incidence";"Basel";"Lung";"60-74";"Female";"2014";"125.46"
"Incidence";"Basel";"Lung";"60-74";"Female";"2015";"164.14"
"Incidence";"Basel";"Lung";"60-74";"Female";"2016";"156.07"
"Incidence";"Basel";"Lung";"60-74";"Female";"2017";"167.54"
"Incidence";"Basel";"Lung";"60-74";"Female";"2018";"181.30"
"Incidence";"Basel";"Lung";"60-74";"Female";"2019";"177.60"
"Incidence";"Basel";"Lung";"75-89";"Female";"1981";"59.94"
"Incidence";"Basel";"Lung";"75-89";"Female";"1982";"94.49"
"Incidence";"Basel";"Lung";"75-89";"Female";"1983";"45.84"
"Incidence";"Basel";"Lung";"75-89";"Female";"1984";"77.94"
"Incidence";"Basel";"Lung";"75-89";"Female";"1985";"103.10"
"Incidence";"Basel";"Lung";"75-89";"Female";"1986";"37.18"
"Incidence";"Basel";"Lung";"75-89";"Female";"1987";"57.26"
"Incidence";"Basel";"Lung";"75-89";"Female";"1988";"81.76"
"Incidence";"Basel";"Lung";"75-89";"Female";"1989";"60.35"
"Incidence";"Basel";"Lung";"75-89";"Female";"1990";"90.23"
"Incidence";"Basel";"Lung";"75-89";"Female";"1991";"90.77"
"Incidence";"Basel";"Lung";"75-89";"Female";"1992";"86.27"
"Incidence";"Basel";"Lung";"75-89";"Female";"1993";"86.95"
"Incidence";"Basel";"Lung";"75-89";"Female";"1994";"114.08"
"Incidence";"Basel";"Lung";"75-89";"Female";"1995";"71.23"
"Incidence";"Basel";"Lung";"75-89";"Female";"1996";"89.93"
"Incidence";"Basel";"Lung";"75-89";"Female";"1997";"98.51"
"Incidence";"Basel";"Lung";"75-89";"Female";"1998";"88.29"
"Incidence";"Basel";"Lung";"75-89";"Female";"1999";"87.32"
"Incidence";"Basel";"Lung";"75-89";"Female";"2000";"109.84"
"Incidence";"Basel";"Lung";"75-89";"Female";"2001";"84.80"
"Incidence";"Basel";"Lung";"75-89";"Female";"2002";"79.28"
"Incidence";"Basel";"Lung";"75-89";"Female";"2003";"129.35"
"Incidence";"Basel";"Lung";"75-89";"Female";"2004";"86.31"
"Incidence";"Basel";"Lung";"75-89";"Female";"2005";"120.41"
"Incidence";"Basel";"Lung";"75-89";"Female";"2006";"96.23"
"Incidence";"Basel";"Lung";"75-89";"Female";"2007";"107.01"
"Incidence";"Basel";"Lung";"75-89";"Female";"2008";"155.61"
"Incidence";"Basel";"Lung";"75-89";"Female";"2009";"116.29"
"Incidence";"Basel";"Lung";"75-89";"Female";"2010";"119.32"
"Incidence";"Basel";"Lung";"75-89";"Female";"2011";"143.10"
"Incidence";"Basel";"Lung";"75-89";"Female";"2012";"122.00"
"Incidence";"Basel";"Lung";"75-89";"Female";"2013";"195.73"
"Incidence";"Basel";"Lung";"75-89";"Female";"2014";"175.11"
"Incidence";"Basel";"Lung";"75-89";"Female";"2015";"146.99"
"Incidence";"Basel";"Lung";"75-89";"Female";"2016";"183.89"
"Incidence";"Basel";"Lung";"75-89";"Female";"2017";"192.85"
"Incidence";"Basel";"Lung";"75-89";"Female";"2018";"179.11"
"Incidence";"Basel";"Lung";"75-89";"Female";"2019";"206.71"
"Incidence";"Basel";"Lung";"75-89";"Male";"1981";"573.79"
"Incidence";"Basel";"Lung";"75-89";"Male";"1982";"598.49"
"Incidence";"Basel";"Lung";"75-89";"Male";"1983";"565.64"
"Incidence";"Basel";"Lung";"75-89";"Male";"1984";"383.12"
"Incidence";"Basel";"Lung";"75-89";"Male";"1985";"541.72"
"Incidence";"Basel";"Lung";"75-89";"Male";"1986";"466.13"
"Incidence";"Basel";"Lung";"75-89";"Male";"1987";"566.17"
"Incidence";"Basel";"Lung";"75-89";"Male";"1988";"482.95"
"Incidence";"Basel";"Lung";"75-89";"Male";"1989";"396.38"
"Incidence";"Basel";"Lung";"75-89";"Male";"1990";"434.24"
"Incidence";"Basel";"Lung";"75-89";"Male";"1991";"376.83"
"Incidence";"Basel";"Lung";"75-89";"Male";"1992";"423.46"
"Incidence";"Basel";"Lung";"75-89";"Male";"1993";"433.13"
"Incidence";"Basel";"Lung";"75-89";"Male";"1994";"419.53"
"Incidence";"Basel";"Lung";"75-89";"Male";"1995";"275.84"
"Incidence";"Basel";"Lung";"75-89";"Male";"1996";"341.34"
"Incidence";"Basel";"Lung";"75-89";"Male";"1997";"492.30"
"Incidence";"Basel";"Lung";"75-89";"Male";"1998";"271.82"
"Incidence";"Basel";"Lung";"75-89";"Male";"1999";"291.16"
"Incidence";"Basel";"Lung";"75-89";"Male";"2000";"351.88"
"Incidence";"Basel";"Lung";"75-89";"Male";"2001";"295.52"
"Incidence";"Basel";"Lung";"75-89";"Male";"2002";"408.24"
"Incidence";"Basel";"Lung";"75-89";"Male";"2003";"397.37"
"Incidence";"Basel";"Lung";"75-89";"Male";"2004";"310.42"
"Incidence";"Basel";"Lung";"75-89";"Male";"2005";"403.55"
"Incidence";"Basel";"Lung";"75-89";"Male";"2006";"313.08"
"Incidence";"Basel";"Lung";"75-89";"Male";"2007";"284.06"
"Incidence";"Basel";"Lung";"75-89";"Male";"2008";"324.39"
"Incidence";"Basel";"Lung";"75-89";"Male";"2009";"302.06"
"Incidence";"Basel";"Lung";"75-89";"Male";"2010";"345.70"
"Incidence";"Basel";"Lung";"75-89";"Male";"2011";"277.07"
"Incidence";"Basel";"Lung";"75-89";"Male";"2012";"248.17"
"Incidence";"Basel";"Lung";"75-89";"Male";"2013";"391.04"
"Incidence";"Basel";"Lung";"75-89";"Male";"2014";"360.42"
"Incidence";"Basel";"Lung";"75-89";"Male";"2015";"399.66"
"Incidence";"Basel";"Lung";"75-89";"Male";"2016";"307.52"
"Incidence";"Basel";"Lung";"75-89";"Male";"2017";"392.16"
"Incidence";"Basel";"Lung";"75-89";"Male";"2018";"362.03"
"Incidence";"Basel";"Lung";"75-89";"Male";"2019";"296.11"
"Incidence";"Basel";"Lung";"90-95+";"Female";"1981";"0.00"
"Incidence";"Basel";"Lung";"90-95+";"Female";"1982";"113.51"
"Incidence";"Basel";"Lung";"90-95+";"Female";"1983";"106.95"
"Incidence";"Basel";"Lung";"90-95+";"Female";"1984";"0.00"
"Incidence";"Basel";"Lung";"90-95+";"Female";"1985";"0.00"
"Incidence";"Basel";"Lung";"90-95+";"Female";"1986";"331.81"
"Incidence";"Basel";"Lung";"90-95+";"Female";"1987";"156.56"
"Incidence";"Basel";"Lung";"90-95+";"Female";"1988";"145.40"
"Incidence";"Basel";"Lung";"90-95+";"Female";"1989";"66.23"
"Incidence";"Basel";"Lung";"90-95+";"Female";"1990";"0.00"
"Incidence";"Basel";"Lung";"90-95+";"Female";"1991";"112.96"
"Incidence";"Basel";"Lung";"90-95+";"Female";"1992";"108.23"
"Incidence";"Basel";"Lung";"90-95+";"Female";"1993";"0.00"
"Incidence";"Basel";"Lung";"90-95+";"Female";"1994";"100.28"
"Incidence";"Basel";"Lung";"90-95+";"Female";"1995";"46.41"
"Incidence";"Basel";"Lung";"90-95+";"Female";"1996";"0.00"
"Incidence";"Basel";"Lung";"90-95+";"Female";"1997";"0.00"
"Incidence";"Basel";"Lung";"90-95+";"Female";"1998";"40.59"
"Incidence";"Basel";"Lung";"90-95+";"Female";"1999";"77.88"
"Incidence";"Basel";"Lung";"90-95+";"Female";"2000";"75.08"
"Incidence";"Basel";"Lung";"90-95+";"Female";"2001";"0.00"
"Incidence";"Basel";"Lung";"90-95+";"Female";"2002";"70.39"
"Incidence";"Basel";"Lung";"90-95+";"Female";"2003";"70.65"
"Incidence";"Basel";"Lung";"90-95+";"Female";"2004";"35.02"
"Incidence";"Basel";"Lung";"90-95+";"Female";"2005";"68.72"
"Incidence";"Basel";"Lung";"90-95+";"Female";"2006";"69.22"
"Incidence";"Basel";"Lung";"90-95+";"Female";"2007";"34.58"
"Incidence";"Basel";"Lung";"90-95+";"Female";"2008";"34.32"
"Incidence";"Basel";"Lung";"90-95+";"Female";"2009";"34.47"
"Incidence";"Basel";"Lung";"90-95+";"Female";"2010";"134.54"
"Incidence";"Basel";"Lung";"90-95+";"Female";"2011";"62.93"
"Incidence";"Basel";"Lung";"90-95+";"Female";"2012";"0.00"
"Incidence";"Basel";"Lung";"90-95+";"Female";"2013";"27.84"
"Incidence";"Basel";"Lung";"90-95+";"Female";"2014";"107.99"
"Incidence";"Basel";"Lung";"90-95+";"Female";"2015";"210.53"
"Incidence";"Basel";"Lung";"90-95+";"Female";"2016";"51.30"
"Incidence";"Basel";"Lung";"90-95+";"Female";"2017";"0.00"
"Incidence";"Basel";"Lung";"90-95+";"Female";"2018";"144.68"
"Incidence";"Basel";"Lung";"90-95+";"Female";"2019";"116.05"
"Incidence";"Basel";"Lung";"90-95+";"Male";"1981";"0.00"
"Incidence";"Basel";"Lung";"90-95+";"Male";"1982";"1149.43"
"Incidence";"Basel";"Lung";"90-95+";"Male";"1983";"362.98"
"Incidence";"Basel";"Lung";"90-95+";"Male";"1984";"332.78"
"Incidence";"Basel";"Lung";"90-95+";"Male";"1985";"319.49"
"Incidence";"Basel";"Lung";"90-95+";"Male";"1986";"613.50"
"Incidence";"Basel";"Lung";"90-95+";"Male";"1987";"0.00"
"Incidence";"Basel";"Lung";"90-95+";"Male";"1988";"806.45"
"Incidence";"Basel";"Lung";"90-95+";"Male";"1989";"0.00"
"Incidence";"Basel";"Lung";"90-95+";"Male";"1990";"0.00"
"Incidence";"Basel";"Lung";"90-95+";"Male";"1991";"427.35"
"Incidence";"Basel";"Lung";"90-95+";"Male";"1992";"205.97"
"Incidence";"Basel";"Lung";"90-95+";"Male";"1993";"391.39"
"Incidence";"Basel";"Lung";"90-95+";"Male";"1994";"0.00"
"Incidence";"Basel";"Lung";"90-95+";"Male";"1995";"176.83"
"Incidence";"Basel";"Lung";"90-95+";"Male";"1996";"167.93"
"Incidence";"Basel";"Lung";"90-95+";"Male";"1997";"316.96"
"Incidence";"Basel";"Lung";"90-95+";"Male";"1998";"146.84"
"Incidence";"Basel";"Lung";"90-95+";"Male";"1999";"0.00"
"Incidence";"Basel";"Lung";"90-95+";"Male";"2000";"0.00"
"Incidence";"Basel";"Lung";"90-95+";"Male";"2001";"123.15"
"Incidence";"Basel";"Lung";"90-95+";"Male";"2002";"118.91"
"Incidence";"Basel";"Lung";"90-95+";"Male";"2003";"116.48"
"Incidence";"Basel";"Lung";"90-95+";"Male";"2004";"110.44"
"Incidence";"Basel";"Lung";"90-95+";"Male";"2005";"316.96"
"Incidence";"Basel";"Lung";"90-95+";"Male";"2006";"105.04"
"Incidence";"Basel";"Lung";"90-95+";"Male";"2007";"103.09"
"Incidence";"Basel";"Lung";"90-95+";"Male";"2008";"201.41"
"Incidence";"Basel";"Lung";"90-95+";"Male";"2009";"0.00"
"Incidence";"Basel";"Lung";"90-95+";"Male";"2010";"481.93"
"Incidence";"Basel";"Lung";"90-95+";"Male";"2011";"180.67"
"Incidence";"Basel";"Lung";"90-95+";"Male";"2012";"255.75"
"Incidence";"Basel";"Lung";"90-95+";"Male";"2013";"467.65"
"Incidence";"Basel";"Lung";"90-95+";"Male";"2014";"217.00"
"Incidence";"Basel";"Lung";"90-95+";"Male";"2015";"347.46"
"Incidence";"Basel";"Lung";"90-95+";"Male";"2016";"199.20"
"Incidence";"Basel";"Lung";"90-95+";"Male";"2017";"189.51"
"Incidence";"Basel";"Lung";"90-95+";"Male";"2018";"240.53"
"Incidence";"Basel";"Lung";"90-95+";"Male";"2019";"112.68"
"Incidence";"Graubünden and Glarus";"Lung";"0-14";"Female";"1989";"0.00"
"Incidence";"Graubünden and Glarus";"Lung";"0-14";"Female";"1990";"0.00"
"Incidence";"Graubünden and Glarus";"Lung";"0-14";"Female";"1991";"0.00"
"Incidence";"Graubünden and Glarus";"Lung";"0-14";"Female";"1992";"0.00"
"Incidence";"Graubünden and Glarus";"Lung";"0-14";"Female";"1993";"0.00"
"Incidence";"Graubünden and Glarus";"Lung";"0-14";"Female";"1994";"0.00"
"Incidence";"Graubünden and Glarus";"Lung";"0-14";"Female";"1995";"0.00"
"Incidence";"Graubünden and Glarus";"Lung";"0-14";"Female";"1996";"0.00"
"Incidence";"Graubünden and Glarus";"Lung";"0-14";"Female";"1997";"0.00"
"Incidence";"Graubünden and Glarus";"Lung";"0-14";"Female";"1998";"0.00"
"Incidence";"Graubünden and Glarus";"Lung";"0-14";"Female";"1999";"0.00"
"Incidence";"Graubünden and Glarus";"Lung";"0-14";"Female";"2000";"0.00"
"Incidence";"Graubünden and Glarus";"Lung";"0-14";"Female";"2001";"0.00"
"Incidence";"Graubünden and Glarus";"Lung";"0-14";"Female";"2002";"0.00"
"Incidence";"Graubünden and Glarus";"Lung";"0-14";"Female";"2003";"0.00"
"Incidence";"Graubünden and Glarus";"Lung";"0-14";"Female";"2004";"0.00"
"Incidence";"Graubünden and Glarus";"Lung";"0-14";"Female";"2005";"0.00"
"Incidence";"Graubünden and Glarus";"Lung";"0-14";"Female";"2006";"0.00"
"Incidence";"Graubünden and Glarus";"Lung";"0-14";"Female";"2007";"0.00"
"Incidence";"Graubünden and Glarus";"Lung";"0-14";"Female";"2008";"0.00"
"Incidence";"Graubünden and Glarus";"Lung";"0-14";"Female";"2009";"0.00"
"Incidence";"Graubünden and Glarus";"Lung";"0-14";"Female";"2010";"0.00"
"Incidence";"Graubünden and Glarus";"Lung";"0-14";"Female";"2011";"0.00"
"Incidence";"Graubünden and Glarus";"Lung";"0-14";"Female";"2012";"0.00"
"Incidence";"Graubünden and Glarus";"Lung";"0-14";"Female";"2013";"0.00"
"Incidence";"Graubünden and Glarus";"Lung";"0-14";"Female";"2014";"0.00"
"Incidence";"Graubünden and Glarus";"Lung";"0-14";"Female";"2015";"0.00"
"Incidence";"Graubünden and Glarus";"Lung";"0-14";"Female";"2016";"0.00"
"Incidence";"Graubünden and Glarus";"Lung";"0-14";"Female";"2017";"0.00"
"Incidence";"Graubünden and Glarus";"Lung";"0-14";"Female";"2018";"0.00"
"Incidence";"Graubünden and Glarus";"Lung";"0-14";"Female";"2019";"0.00"
"Incidence";"Valais";"Lung";"0-14";"Male";"1989";"0.00"
"Incidence";"Valais";"Lung";"0-14";"Male";"1990";"0.00"
"Incidence";"Valais";"Lung";"0-14";"Male";"1991";"0.00"
"Incidence";"Valais";"Lung";"0-14";"Male";"1992";"0.00"
"Incidence";"Valais";"Lung";"0-14";"Male";"1993";"0.00"
"Incidence";"Valais";"Lung";"0-14";"Male";"1994";"0.00"
"Incidence";"Valais";"Lung";"0-14";"Male";"1995";"0.00"
"Incidence";"Valais";"Lung";"0-14";"Male";"1996";"0.00"
"Incidence";"Valais";"Lung";"0-14";"Male";"1997";"0.00"
"Incidence";"Valais";"Lung";"0-14";"Male";"1998";"0.00"
"Incidence";"Valais";"Lung";"0-14";"Male";"1999";"0.00"
"Incidence";"Valais";"Lung";"0-14";"Male";"2000";"0.00"
"Incidence";"Valais";"Lung";"0-14";"Male";"2001";"0.00"
"Incidence";"Valais";"Lung";"0-14";"Male";"2002";"0.00"
"Incidence";"Valais";"Lung";"0-14";"Male";"2003";"0.00"
"Incidence";"Valais";"Lung";"0-14";"Male";"2004";"0.00"
"Incidence";"Valais";"Lung";"0-14";"Male";"2005";"0.00"
"Incidence";"Valais";"Lung";"0-14";"Male";"2006";"0.00"
"Incidence";"Valais";"Lung";"0-14";"Male";"2007";"0.00"
"Incidence";"Valais";"Lung";"0-14";"Male";"2008";"0.00"
"Incidence";"Valais";"Lung";"0-14";"Male";"2009";"0.00"
"Incidence";"Valais";"Lung";"0-14";"Male";"2010";"0.00"
"Incidence";"Valais";"Lung";"0-14";"Male";"2011";"0.00"
"Incidence";"Valais";"Lung";"0-14";"Male";"2012";"0.00"
"Incidence";"Valais";"Lung";"0-14";"Male";"2013";"0.00"
"Incidence";"Valais";"Lung";"0-14";"Male";"2014";"0.00"
"Incidence";"Valais";"Lung";"0-14";"Male";"2015";"0.00"
"Incidence";"Valais";"Lung";"0-14";"Male";"2016";"0.00"
"Incidence";"Valais";"Lung";"0-14";"Male";"2017";"0.00"
"Incidence";"Valais";"Lung";"0-14";"Male";"2018";"0.00"
"Incidence";"Valais";"Lung";"0-14";"Male";"2019";"0.00"
"Incidence";"Graubünden and Glarus";"Lung";"0-14";"Male";"1989";"0.00"
"Incidence";"Graubünden and Glarus";"Lung";"0-14";"Male";"1990";"0.00"
"Incidence";"Graubünden and Glarus";"Lung";"0-14";"Male";"1991";"0.00"
"Incidence";"Graubünden and Glarus";"Lung";"0-14";"Male";"1992";"0.00"
"Incidence";"Graubünden and Glarus";"Lung";"0-14";"Male";"1993";"0.00"
"Incidence";"Graubünden and Glarus";"Lung";"0-14";"Male";"1994";"0.00"
"Incidence";"Graubünden and Glarus";"Lung";"0-14";"Male";"1995";"0.00"
"Incidence";"Graubünden and Glarus";"Lung";"0-14";"Male";"1996";"0.00"
"Incidence";"Graubünden and Glarus";"Lung";"0-14";"Male";"1997";"0.00"
"Incidence";"Graubünden and Glarus";"Lung";"0-14";"Male";"1998";"0.00"
"Incidence";"Graubünden and Glarus";"Lung";"0-14";"Male";"1999";"0.00"
"Incidence";"Graubünden and Glarus";"Lung";"0-14";"Male";"2000";"0.00"
"Incidence";"Graubünden and Glarus";"Lung";"0-14";"Male";"2001";"0.00"
"Incidence";"Graubünden and Glarus";"Lung";"0-14";"Male";"2002";"0.00"
"Incidence";"Graubünden and Glarus";"Lung";"0-14";"Male";"2003";"0.00"
"Incidence";"Graubünden and Glarus";"Lung";"0-14";"Male";"2004";"0.00"
"Incidence";"Graubünden and Glarus";"Lung";"0-14";"Male";"2005";"0.00"
"Incidence";"Graubünden and Glarus";"Lung";"0-14";"Male";"2006";"0.00"
"Incidence";"Graubünden and Glarus";"Lung";"0-14";"Male";"2007";"0.00"
"Incidence";"Graubünden and Glarus";"Lung";"0-14";"Male";"2008";"0.00"
"Incidence";"Graubünden and Glarus";"Lung";"0-14";"Male";"2009";"0.00"
"Incidence";"Graubünden and Glarus";"Lung";"0-14";"Male";"2010";"0.00"
"Incidence";"Graubünden and Glarus";"Lung";"0-14";"Male";"2011";"0.00"
"Incidence";"Graubünden and Glarus";"Lung";"0-14";"Male";"2012";"0.00"
"Incidence";"Graubünden and Glarus";"Lung";"0-14";"Male";"2013";"0.00"
"Incidence";"Graubünden and Glarus";"Lung";"0-14";"Male";"2014";"0.00"
"Incidence";"Graubünden and Glarus";"Lung";"0-14";"Male";"2015";"0.00"
"Incidence";"Graubünden and Glarus";"Lung";"0-14";"Male";"2016";"0.00"
"Incidence";"Graubünden and Glarus";"Lung";"0-14";"Male";"2017";"0.00"
"Incidence";"Graubünden and Glarus";"Lung";"0-14";"Male";"2018";"0.00"
"Incidence";"Graubünden and Glarus";"Lung";"0-14";"Male";"2019";"0.00"
"Incidence";"Valais";"Lung";"0-14";"Female";"1989";"0.00"
"Incidence";"Valais";"Lung";"0-14";"Female";"1990";"0.00"
"Incidence";"Valais";"Lung";"0-14";"Female";"1991";"0.00"
"Incidence";"Valais";"Lung";"0-14";"Female";"1992";"0.00"
"Incidence";"Valais";"Lung";"0-14";"Female";"1993";"0.00"
"Incidence";"Valais";"Lung";"0-14";"Female";"1994";"0.00"
"Incidence";"Valais";"Lung";"0-14";"Female";"1995";"0.00"
"Incidence";"Valais";"Lung";"0-14";"Female";"1996";"0.00"
"Incidence";"Valais";"Lung";"0-14";"Female";"1997";"0.00"
"Incidence";"Valais";"Lung";"0-14";"Female";"1998";"0.00"
"Incidence";"Valais";"Lung";"0-14";"Female";"1999";"0.00"
"Incidence";"Valais";"Lung";"0-14";"Female";"2000";"0.00"
"Incidence";"Valais";"Lung";"0-14";"Female";"2001";"0.00"
"Incidence";"Valais";"Lung";"0-14";"Female";"2002";"0.00"
"Incidence";"Valais";"Lung";"0-14";"Female";"2003";"0.00"
"Incidence";"Valais";"Lung";"0-14";"Female";"2004";"0.00"
"Incidence";"Valais";"Lung";"0-14";"Female";"2005";"0.00"
"Incidence";"Valais";"Lung";"0-14";"Female";"2006";"0.00"
"Incidence";"Valais";"Lung";"0-14";"Female";"2007";"0.00"
"Incidence";"Valais";"Lung";"0-14";"Female";"2008";"0.00"
"Incidence";"Valais";"Lung";"0-14";"Female";"2009";"0.00"
"Incidence";"Valais";"Lung";"0-14";"Female";"2010";"0.00"
"Incidence";"Valais";"Lung";"0-14";"Female";"2011";"0.00"
"Incidence";"Valais";"Lung";"0-14";"Female";"2012";"0.00"
"Incidence";"Valais";"Lung";"0-14";"Female";"2013";"0.00"
"Incidence";"Valais";"Lung";"0-14";"Female";"2014";"0.00"
"Incidence";"Valais";"Lung";"0-14";"Female";"2015";"0.00"
"Incidence";"Valais";"Lung";"0-14";"Female";"2016";"0.00"
"Incidence";"Valais";"Lung";"0-14";"Female";"2017";"0.00"
"Incidence";"Valais";"Lung";"0-14";"Female";"2018";"0.00"
"Incidence";"Valais";"Lung";"0-14";"Female";"2019";"0.00"
"Incidence";"Valais";"Lung";"15-29";"Female";"1989";"0.00"
"Incidence";"Valais";"Lung";"15-29";"Female";"1990";"0.00"
"Incidence";"Valais";"Lung";"15-29";"Female";"1991";"0.00"
"Incidence";"Valais";"Lung";"15-29";"Female";"1992";"0.00"
"Incidence";"Valais";"Lung";"15-29";"Female";"1993";"0.00"
"Incidence";"Valais";"Lung";"15-29";"Female";"1994";"0.00"
"Incidence";"Valais";"Lung";"15-29";"Female";"1995";"6.70"
"Incidence";"Valais";"Lung";"15-29";"Female";"1996";"0.00"
"Incidence";"Valais";"Lung";"15-29";"Female";"1997";"0.00"
"Incidence";"Valais";"Lung";"15-29";"Female";"1998";"0.00"
"Incidence";"Valais";"Lung";"15-29";"Female";"1999";"0.00"
"Incidence";"Valais";"Lung";"15-29";"Female";"2000";"3.75"
"Incidence";"Valais";"Lung";"15-29";"Female";"2001";"0.00"
"Incidence";"Valais";"Lung";"15-29";"Female";"2002";"0.00"
"Incidence";"Valais";"Lung";"15-29";"Female";"2003";"3.77"
"Incidence";"Valais";"Lung";"15-29";"Female";"2004";"0.00"
"Incidence";"Valais";"Lung";"15-29";"Female";"2005";"0.00"
"Incidence";"Valais";"Lung";"15-29";"Female";"2006";"3.64"
"Incidence";"Valais";"Lung";"15-29";"Female";"2007";"0.00"
"Incidence";"Valais";"Lung";"15-29";"Female";"2008";"0.00"
"Incidence";"Valais";"Lung";"15-29";"Female";"2009";"0.00"
"Incidence";"Valais";"Lung";"15-29";"Female";"2010";"0.00"
"Incidence";"Valais";"Lung";"15-29";"Female";"2011";"3.37"
"Incidence";"Valais";"Lung";"15-29";"Female";"2012";"0.00"
"Incidence";"Valais";"Lung";"15-29";"Female";"2013";"0.00"
"Incidence";"Valais";"Lung";"15-29";"Female";"2014";"0.00"
"Incidence";"Valais";"Lung";"15-29";"Female";"2015";"0.00"
"Incidence";"Valais";"Lung";"15-29";"Female";"2016";"0.00"
"Incidence";"Valais";"Lung";"15-29";"Female";"2017";"0.00"
"Incidence";"Valais";"Lung";"15-29";"Female";"2018";"0.00"
"Incidence";"Valais";"Lung";"15-29";"Female";"2019";"3.37"
"Incidence";"Valais";"Lung";"15-29";"Male";"1989";"0.00"
"Incidence";"Valais";"Lung";"15-29";"Male";"1990";"0.00"
"Incidence";"Valais";"Lung";"15-29";"Male";"1991";"0.00"
"Incidence";"Valais";"Lung";"15-29";"Male";"1992";"0.00"
"Incidence";"Valais";"Lung";"15-29";"Male";"1993";"0.00"
"Incidence";"Valais";"Lung";"15-29";"Male";"1994";"0.00"
"Incidence";"Valais";"Lung";"15-29";"Male";"1995";"0.00"
"Incidence";"Valais";"Lung";"15-29";"Male";"1996";"3.42"
"Incidence";"Valais";"Lung";"15-29";"Male";"1997";"0.00"
"Incidence";"Valais";"Lung";"15-29";"Male";"1998";"0.00"
"Incidence";"Valais";"Lung";"15-29";"Male";"1999";"0.00"
"Incidence";"Valais";"Lung";"15-29";"Male";"2000";"0.00"
"Incidence";"Valais";"Lung";"15-29";"Male";"2001";"0.00"
"Incidence";"Valais";"Lung";"15-29";"Male";"2002";"0.00"
"Incidence";"Valais";"Lung";"15-29";"Male";"2003";"0.00"
"Incidence";"Valais";"Lung";"15-29";"Male";"2004";"0.00"
"Incidence";"Valais";"Lung";"15-29";"Male";"2005";"0.00"
"Incidence";"Valais";"Lung";"15-29";"Male";"2006";"3.50"
"Incidence";"Valais";"Lung";"15-29";"Male";"2007";"0.00"
"Incidence";"Valais";"Lung";"15-29";"Male";"2008";"0.00"
"Incidence";"Valais";"Lung";"15-29";"Male";"2009";"0.00"
"Incidence";"Valais";"Lung";"15-29";"Male";"2010";"0.00"
"Incidence";"Valais";"Lung";"15-29";"Male";"2011";"0.00"
"Incidence";"Valais";"Lung";"15-29";"Male";"2012";"0.00"
"Incidence";"Valais";"Lung";"15-29";"Male";"2013";"0.00"
"Incidence";"Valais";"Lung";"15-29";"Male";"2014";"0.00"
"Incidence";"Valais";"Lung";"15-29";"Male";"2015";"0.00"
"Incidence";"Valais";"Lung";"15-29";"Male";"2016";"0.00"
"Incidence";"Valais";"Lung";"15-29";"Male";"2017";"0.00"
"Incidence";"Valais";"Lung";"15-29";"Male";"2018";"0.00"
"Incidence";"Valais";"Lung";"15-29";"Male";"2019";"0.00"
"Incidence";"Graubünden and Glarus";"Lung";"15-29";"Female";"1989";"0.00"
"Incidence";"Graubünden and Glarus";"Lung";"15-29";"Female";"1990";"0.00"
"Incidence";"Graubünden and Glarus";"Lung";"15-29";"Female";"1991";"0.00"
"Incidence";"Graubünden and Glarus";"Lung";"15-29";"Female";"1992";"0.00"
"Incidence";"Graubünden and Glarus";"Lung";"15-29";"Female";"1993";"0.00"
"Incidence";"Graubünden and Glarus";"Lung";"15-29";"Female";"1994";"0.00"
"Incidence";"Graubünden and Glarus";"Lung";"15-29";"Female";"1995";"0.00"
"Incidence";"Graubünden and Glarus";"Lung";"15-29";"Female";"1996";"0.00"
"Incidence";"Graubünden and Glarus";"Lung";"15-29";"Female";"1997";"0.00"
"Incidence";"Graubünden and Glarus";"Lung";"15-29";"Female";"1998";"0.00"
"Incidence";"Graubünden and Glarus";"Lung";"15-29";"Female";"1999";"0.00"
"Incidence";"Graubünden and Glarus";"Lung";"15-29";"Female";"2000";"0.00"
"Incidence";"Graubünden and Glarus";"Lung";"15-29";"Female";"2001";"0.00"
"Incidence";"Graubünden and Glarus";"Lung";"15-29";"Female";"2002";"0.00"
"Incidence";"Graubünden and Glarus";"Lung";"15-29";"Female";"2003";"0.00"
"Incidence";"Graubünden and Glarus";"Lung";"15-29";"Female";"2004";"0.00"
"Incidence";"Graubünden and Glarus";"Lung";"15-29";"Female";"2005";"0.00"
"Incidence";"Graubünden and Glarus";"Lung";"15-29";"Female";"2006";"0.00"
"Incidence";"Graubünden and Glarus";"Lung";"15-29";"Female";"2007";"0.00"
"Incidence";"Graubünden and Glarus";"Lung";"15-29";"Female";"2008";"0.00"
"Incidence";"Graubünden and Glarus";"Lung";"15-29";"Female";"2009";"0.00"
"Incidence";"Graubünden and Glarus";"Lung";"15-29";"Female";"2010";"0.00"
"Incidence";"Graubünden and Glarus";"Lung";"15-29";"Female";"2011";"0.00"
"Incidence";"Graubünden and Glarus";"Lung";"15-29";"Female";"2012";"0.00"
"Incidence";"Graubünden and Glarus";"Lung";"15-29";"Female";"2013";"0.00"
"Incidence";"Graubünden and Glarus";"Lung";"15-29";"Female";"2014";"0.00"
"Incidence";"Graubünden and Glarus";"Lung";"15-29";"Female";"2015";"0.00"
"Incidence";"Graubünden and Glarus";"Lung";"15-29";"Female";"2016";"0.00"
"Incidence";"Graubünden and Glarus";"Lung";"15-29";"Female";"2017";"0.00"
"Incidence";"Graubünden and Glarus";"Lung";"15-29";"Female";"2018";"0.00"
"Incidence";"Graubünden and Glarus";"Lung";"15-29";"Female";"2019";"5.30"
"Incidence";"Graubünden and Glarus";"Lung";"15-29";"Male";"1989";"0.00"
"Incidence";"Graubünden and Glarus";"Lung";"15-29";"Male";"1990";"5.43"
"Incidence";"Graubünden and Glarus";"Lung";"15-29";"Male";"1991";"5.19"
"Incidence";"Graubünden and Glarus";"Lung";"15-29";"Male";"1992";"0.00"
"Incidence";"Graubünden and Glarus";"Lung";"15-29";"Male";"1993";"0.00"
"Incidence";"Graubünden and Glarus";"Lung";"15-29";"Male";"1994";"0.00"
"Incidence";"Graubünden and Glarus";"Lung";"15-29";"Male";"1995";"0.00"
"Incidence";"Graubünden and Glarus";"Lung";"15-29";"Male";"1996";"0.00"
"Incidence";"Graubünden and Glarus";"Lung";"15-29";"Male";"1997";"0.00"
"Incidence";"Graubünden and Glarus";"Lung";"15-29";"Male";"1998";"0.00"
"Incidence";"Graubünden and Glarus";"Lung";"15-29";"Male";"1999";"0.00"
"Incidence";"Graubünden and Glarus";"Lung";"15-29";"Male";"2000";"0.00"
"Incidence";"Graubünden and Glarus";"Lung";"15-29";"Male";"2001";"4.97"
"Incidence";"Graubünden and Glarus";"Lung";"15-29";"Male";"2002";"0.00"
"Incidence";"Graubünden and Glarus";"Lung";"15-29";"Male";"2003";"0.00"
"Incidence";"Graubünden and Glarus";"Lung";"15-29";"Male";"2004";"0.00"
"Incidence";"Graubünden and Glarus";"Lung";"15-29";"Male";"2005";"0.00"
"Incidence";"Graubünden and Glarus";"Lung";"15-29";"Male";"2006";"0.00"
"Incidence";"Graubünden and Glarus";"Lung";"15-29";"Male";"2007";"0.00"
"Incidence";"Graubünden and Glarus";"Lung";"15-29";"Male";"2008";"0.00"
"Incidence";"Graubünden and Glarus";"Lung";"15-29";"Male";"2009";"4.88"
"Incidence";"Graubünden and Glarus";"Lung";"15-29";"Male";"2010";"0.00"
"Incidence";"Graubünden and Glarus";"Lung";"15-29";"Male";"2011";"0.00"
"Incidence";"Graubünden and Glarus";"Lung";"15-29";"Male";"2012";"0.00"
"Incidence";"Graubünden and Glarus";"Lung";"15-29";"Male";"2013";"0.00"
"Incidence";"Graubünden and Glarus";"Lung";"15-29";"Male";"2014";"0.00"
"Incidence";"Graubünden and Glarus";"Lung";"15-29";"Male";"2015";"0.00"
"Incidence";"Graubünden and Glarus";"Lung";"15-29";"Male";"2016";"0.00"
"Incidence";"Graubünden and Glarus";"Lung";"15-29";"Male";"2017";"4.66"
"Incidence";"Graubünden and Glarus";"Lung";"15-29";"Male";"2018";"4.75"
"Incidence";"Graubünden and Glarus";"Lung";"15-29";"Male";"2019";"0.00"
"Incidence";"Graubünden and Glarus";"Lung";"30-44";"Female";"1989";"0.00"
"Incidence";"Graubünden and Glarus";"Lung";"30-44";"Female";"1990";"5.52"
"Incidence";"Graubünden and Glarus";"Lung";"30-44";"Female";"1991";"5.32"
"Incidence";"Graubünden and Glarus";"Lung";"30-44";"Female";"1992";"4.21"
"Incidence";"Graubünden and Glarus";"Lung";"30-44";"Female";"1993";"0.00"
"Incidence";"Graubünden and Glarus";"Lung";"30-44";"Female";"1994";"7.95"
"Incidence";"Graubünden and Glarus";"Lung";"30-44";"Female";"1995";"3.89"
"Incidence";"Graubünden and Glarus";"Lung";"30-44";"Female";"1996";"0.00"
"Incidence";"Graubünden and Glarus";"Lung";"30-44";"Female";"1997";"0.00"
"Incidence";"Graubünden and Glarus";"Lung";"30-44";"Female";"1998";"7.50"
"Incidence";"Graubünden and Glarus";"Lung";"30-44";"Female";"1999";"3.72"
"Incidence";"Graubünden and Glarus";"Lung";"30-44";"Female";"2000";"0.00"
"Incidence";"Graubünden and Glarus";"Lung";"30-44";"Female";"2001";"0.00"
"Incidence";"Graubünden and Glarus";"Lung";"30-44";"Female";"2002";"3.79"
"Incidence";"Graubünden and Glarus";"Lung";"30-44";"Female";"2003";"0.00"
"Incidence";"Graubünden and Glarus";"Lung";"30-44";"Female";"2004";"3.82"
"Incidence";"Graubünden and Glarus";"Lung";"30-44";"Female";"2005";"3.86"
"Incidence";"Graubünden and Glarus";"Lung";"30-44";"Female";"2006";"0.00"
"Incidence";"Graubünden and Glarus";"Lung";"30-44";"Female";"2007";"0.00"
"Incidence";"Graubünden and Glarus";"Lung";"30-44";"Female";"2008";"4.03"
"Incidence";"Graubünden and Glarus";"Lung";"30-44";"Female";"2009";"0.00"
"Incidence";"Graubünden and Glarus";"Lung";"30-44";"Female";"2010";"0.00"
"Incidence";"Graubünden and Glarus";"Lung";"30-44";"Female";"2011";"4.22"
"Incidence";"Graubünden and Glarus";"Lung";"30-44";"Female";"2012";"0.00"
"Incidence";"Graubünden and Glarus";"Lung";"30-44";"Female";"2013";"4.43"
"Incidence";"Graubünden and Glarus";"Lung";"30-44";"Female";"2014";"0.00"
"Incidence";"Graubünden and Glarus";"Lung";"30-44";"Female";"2015";"4.47"
"Incidence";"Graubünden and Glarus";"Lung";"30-44";"Female";"2016";"0.00"
"Incidence";"Graubünden and Glarus";"Lung";"30-44";"Female";"2017";"0.00"
"Incidence";"Graubünden and Glarus";"Lung";"30-44";"Female";"2018";"0.00"
"Incidence";"Graubünden and Glarus";"Lung";"30-44";"Female";"2019";"0.00"
"Incidence";"Valais";"Lung";"30-44";"Female";"1989";"3.90"
"Incidence";"Valais";"Lung";"30-44";"Female";"1990";"0.00"
"Incidence";"Valais";"Lung";"30-44";"Female";"1991";"3.59"
"Incidence";"Valais";"Lung";"30-44";"Female";"1992";"3.38"
"Incidence";"Valais";"Lung";"30-44";"Female";"1993";"6.58"
"Incidence";"Valais";"Lung";"30-44";"Female";"1994";"3.21"
"Incidence";"Valais";"Lung";"30-44";"Female";"1995";"12.57"
"Incidence";"Valais";"Lung";"30-44";"Female";"1996";"12.38"
"Incidence";"Valais";"Lung";"30-44";"Female";"1997";"6.11"
"Incidence";"Valais";"Lung";"30-44";"Female";"1998";"3.02"
"Incidence";"Valais";"Lung";"30-44";"Female";"1999";"3.01"
"Incidence";"Valais";"Lung";"30-44";"Female";"2000";"0.00"
"Incidence";"Valais";"Lung";"30-44";"Female";"2001";"8.98"
"Incidence";"Valais";"Lung";"30-44";"Female";"2002";"2.97"
"Incidence";"Valais";"Lung";"30-44";"Female";"2003";"5.92"
"Incidence";"Valais";"Lung";"30-44";"Female";"2004";"0.00"
"Incidence";"Valais";"Lung";"30-44";"Female";"2005";"5.95"
"Incidence";"Valais";"Lung";"30-44";"Female";"2006";"5.98"
"Incidence";"Valais";"Lung";"30-44";"Female";"2007";"0.00"
"Incidence";"Valais";"Lung";"30-44";"Female";"2008";"0.00"
"Incidence";"Valais";"Lung";"30-44";"Female";"2009";"3.04"
"Incidence";"Valais";"Lung";"30-44";"Female";"2010";"3.06"
"Incidence";"Valais";"Lung";"30-44";"Female";"2011";"6.17"
"Incidence";"Valais";"Lung";"30-44";"Female";"2012";"3.11"
"Incidence";"Valais";"Lung";"30-44";"Female";"2013";"3.11"
"Incidence";"Valais";"Lung";"30-44";"Female";"2014";"6.20"
"Incidence";"Valais";"Lung";"30-44";"Female";"2015";"0.00"
"Incidence";"Valais";"Lung";"30-44";"Female";"2016";"3.06"
"Incidence";"Valais";"Lung";"30-44";"Female";"2017";"0.00"
"Incidence";"Valais";"Lung";"30-44";"Female";"2018";"6.06"
"Incidence";"Valais";"Lung";"30-44";"Female";"2019";"3.01"
"Incidence";"Valais";"Lung";"30-44";"Male";"1989";"15.20"
"Incidence";"Valais";"Lung";"30-44";"Male";"1990";"3.71"
"Incidence";"Valais";"Lung";"30-44";"Male";"1991";"13.83"
"Incidence";"Valais";"Lung";"30-44";"Male";"1992";"6.49"
"Incidence";"Valais";"Lung";"30-44";"Male";"1993";"0.00"
"Incidence";"Valais";"Lung";"30-44";"Male";"1994";"18.64"
"Incidence";"Valais";"Lung";"30-44";"Male";"1995";"18.33"
"Incidence";"Valais";"Lung";"30-44";"Male";"1996";"9.06"
"Incidence";"Valais";"Lung";"30-44";"Male";"1997";"11.98"
"Incidence";"Valais";"Lung";"30-44";"Male";"1998";"11.92"
"Incidence";"Valais";"Lung";"30-44";"Male";"1999";"5.96"
"Incidence";"Valais";"Lung";"30-44";"Male";"2000";"8.97"
"Incidence";"Valais";"Lung";"30-44";"Male";"2001";"0.00"
"Incidence";"Valais";"Lung";"30-44";"Male";"2002";"5.95"
"Incidence";"Valais";"Lung";"30-44";"Male";"2003";"8.89"
"Incidence";"Valais";"Lung";"30-44";"Male";"2004";"0.00"
"Incidence";"Valais";"Lung";"30-44";"Male";"2005";"0.00"
"Incidence";"Valais";"Lung";"30-44";"Male";"2006";"5.99"
"Incidence";"Valais";"Lung";"30-44";"Male";"2007";"3.01"
"Incidence";"Valais";"Lung";"30-44";"Male";"2008";"3.01"
"Incidence";"Valais";"Lung";"30-44";"Male";"2009";"6.04"
"Incidence";"Valais";"Lung";"30-44";"Male";"2010";"6.06"
"Incidence";"Valais";"Lung";"30-44";"Male";"2011";"3.05"
"Incidence";"Valais";"Lung";"30-44";"Male";"2012";"6.09"
"Incidence";"Valais";"Lung";"30-44";"Male";"2013";"3.02"
"Incidence";"Valais";"Lung";"30-44";"Male";"2014";"0.00"
"Incidence";"Valais";"Lung";"30-44";"Male";"2015";"5.97"
"Incidence";"Valais";"Lung";"30-44";"Male";"2016";"5.94"
"Incidence";"Valais";"Lung";"30-44";"Male";"2017";"5.93"
"Incidence";"Valais";"Lung";"30-44";"Male";"2018";"0.00"
"Incidence";"Valais";"Lung";"30-44";"Male";"2019";"2.92"
"Incidence";"Graubünden and Glarus";"Lung";"30-44";"Male";"1989";"5.24"
"Incidence";"Graubünden and Glarus";"Lung";"30-44";"Male";"1990";"5.19"
"Incidence";"Graubünden and Glarus";"Lung";"30-44";"Male";"1991";"9.94"
"Incidence";"Graubünden and Glarus";"Lung";"30-44";"Male";"1992";"7.76"
"Incidence";"Graubünden and Glarus";"Lung";"30-44";"Male";"1993";"3.77"
"Incidence";"Graubünden and Glarus";"Lung";"30-44";"Male";"1994";"0.00"
"Incidence";"Graubünden and Glarus";"Lung";"30-44";"Male";"1995";"3.59"
"Incidence";"Graubünden and Glarus";"Lung";"30-44";"Male";"1996";"7.07"
"Incidence";"Graubünden and Glarus";"Lung";"30-44";"Male";"1997";"7.00"
"Incidence";"Graubünden and Glarus";"Lung";"30-44";"Male";"1998";"3.49"
"Incidence";"Graubünden and Glarus";"Lung";"30-44";"Male";"1999";"3.51"
"Incidence";"Graubünden and Glarus";"Lung";"30-44";"Male";"2000";"3.53"
"Incidence";"Graubünden and Glarus";"Lung";"30-44";"Male";"2001";"3.63"
"Incidence";"Graubünden and Glarus";"Lung";"30-44";"Male";"2002";"3.72"
"Incidence";"Graubünden and Glarus";"Lung";"30-44";"Male";"2003";"7.40"
"Incidence";"Graubünden and Glarus";"Lung";"30-44";"Male";"2004";"7.36"
"Incidence";"Graubünden and Glarus";"Lung";"30-44";"Male";"2005";"0.00"
"Incidence";"Graubünden and Glarus";"Lung";"30-44";"Male";"2006";"0.00"
"Incidence";"Graubünden and Glarus";"Lung";"30-44";"Male";"2007";"7.55"
"Incidence";"Graubünden and Glarus";"Lung";"30-44";"Male";"2008";"11.40"
"Incidence";"Graubünden and Glarus";"Lung";"30-44";"Male";"2009";"0.00"
"Incidence";"Graubünden and Glarus";"Lung";"30-44";"Male";"2010";"0.00"
"Incidence";"Graubünden and Glarus";"Lung";"30-44";"Male";"2011";"4.03"
"Incidence";"Graubünden and Glarus";"Lung";"30-44";"Male";"2012";"0.00"
"Incidence";"Graubünden and Glarus";"Lung";"30-44";"Male";"2013";"8.43"
"Incidence";"Graubünden and Glarus";"Lung";"30-44";"Male";"2014";"0.00"
"Incidence";"Graubünden and Glarus";"Lung";"30-44";"Male";"2015";"0.00"
"Incidence";"Graubünden and Glarus";"Lung";"30-44";"Male";"2016";"4.26"
"Incidence";"Graubünden and Glarus";"Lung";"30-44";"Male";"2017";"8.56"
"Incidence";"Graubünden and Glarus";"Lung";"30-44";"Male";"2018";"8.53"
"Incidence";"Graubünden and Glarus";"Lung";"30-44";"Male";"2019";"4.23"
"Incidence";"Graubünden and Glarus";"Lung";"45-59";"Male";"1989";"82.00"
"Incidence";"Graubünden and Glarus";"Lung";"45-59";"Male";"1990";"113.25"
"Incidence";"Graubünden and Glarus";"Lung";"45-59";"Male";"1991";"91.72"
"Incidence";"Graubünden and Glarus";"Lung";"45-59";"Male";"1992";"112.03"
"Incidence";"Graubünden and Glarus";"Lung";"45-59";"Male";"1993";"77.83"
"Incidence";"Graubünden and Glarus";"Lung";"45-59";"Male";"1994";"70.38"
"Incidence";"Graubünden and Glarus";"Lung";"45-59";"Male";"1995";"73.23"
"Incidence";"Graubünden and Glarus";"Lung";"45-59";"Male";"1996";"90.54"
"Incidence";"Graubünden and Glarus";"Lung";"45-59";"Male";"1997";"74.74"
"Incidence";"Graubünden and Glarus";"Lung";"45-59";"Male";"1998";"68.63"
"Incidence";"Graubünden and Glarus";"Lung";"45-59";"Male";"1999";"76.06"
"Incidence";"Graubünden and Glarus";"Lung";"45-59";"Male";"2000";"70.24"
"Incidence";"Graubünden and Glarus";"Lung";"45-59";"Male";"2001";"60.97"
"Incidence";"Graubünden and Glarus";"Lung";"45-59";"Male";"2002";"51.81"
"Incidence";"Graubünden and Glarus";"Lung";"45-59";"Male";"2003";"72.09"
"Incidence";"Graubünden and Glarus";"Lung";"45-59";"Male";"2004";"62.57"
"Incidence";"Graubünden and Glarus";"Lung";"45-59";"Male";"2005";"90.42"
"Incidence";"Graubünden and Glarus";"Lung";"45-59";"Male";"2006";"44.54"
"Incidence";"Graubünden and Glarus";"Lung";"45-59";"Male";"2007";"59.69"
"Incidence";"Graubünden and Glarus";"Lung";"45-59";"Male";"2008";"46.84"
"Incidence";"Graubünden and Glarus";"Lung";"45-59";"Male";"2009";"49.75"
"Incidence";"Graubünden and Glarus";"Lung";"45-59";"Male";"2010";"52.55"
"Incidence";"Graubünden and Glarus";"Lung";"45-59";"Male";"2011";"55.64"
"Incidence";"Graubünden and Glarus";"Lung";"45-59";"Male";"2012";"40.51"
"Incidence";"Graubünden and Glarus";"Lung";"45-59";"Male";"2013";"61.90"
"Incidence";"Graubünden and Glarus";"Lung";"45-59";"Male";"2014";"46.82"
"Incidence";"Graubünden and Glarus";"Lung";"45-59";"Male";"2015";"50.07"
"Incidence";"Graubünden and Glarus";"Lung";"45-59";"Male";"2016";"56.94"
"Incidence";"Graubünden and Glarus";"Lung";"45-59";"Male";"2017";"35.60"
"Incidence";"Graubünden and Glarus";"Lung";"45-59";"Male";"2018";"28.65"
"Incidence";"Graubünden and Glarus";"Lung";"45-59";"Male";"2019";"54.08"
"Incidence";"Valais";"Lung";"45-59";"Male";"1989";"84.96"
"Incidence";"Valais";"Lung";"45-59";"Male";"1990";"112.15"
"Incidence";"Valais";"Lung";"45-59";"Male";"1991";"71.12"
"Incidence";"Valais";"Lung";"45-59";"Male";"1992";"55.35"
"Incidence";"Valais";"Lung";"45-59";"Male";"1993";"129.91"
"Incidence";"Valais";"Lung";"45-59";"Male";"1994";"95.93"
"Incidence";"Valais";"Lung";"45-59";"Male";"1995";"64.10"
"Incidence";"Valais";"Lung";"45-59";"Male";"1996";"66.85"
"Incidence";"Valais";"Lung";"45-59";"Male";"1997";"110.46"
"Incidence";"Valais";"Lung";"45-59";"Male";"1998";"96.43"
"Incidence";"Valais";"Lung";"45-59";"Male";"1999";"94.57"
"Incidence";"Valais";"Lung";"45-59";"Male";"2000";"81.02"
"Incidence";"Valais";"Lung";"45-59";"Male";"2001";"52.61"
"Incidence";"Valais";"Lung";"45-59";"Male";"2002";"76.70"
"Incidence";"Valais";"Lung";"45-59";"Male";"2003";"78.29"
"Incidence";"Valais";"Lung";"45-59";"Male";"2004";"66.01"
"Incidence";"Valais";"Lung";"45-59";"Male";"2005";"61.20"
"Incidence";"Valais";"Lung";"45-59";"Male";"2006";"66.52"
"Incidence";"Valais";"Lung";"45-59";"Male";"2007";"94.21"
"Incidence";"Valais";"Lung";"45-59";"Male";"2008";"57.06"
"Incidence";"Valais";"Lung";"45-59";"Male";"2009";"64.79"
"Incidence";"Valais";"Lung";"45-59";"Male";"2010";"57.05"
"Incidence";"Valais";"Lung";"45-59";"Male";"2011";"52.50"
"Incidence";"Valais";"Lung";"45-59";"Male";"2012";"34.03"
"Incidence";"Valais";"Lung";"45-59";"Male";"2013";"55.32"
"Incidence";"Valais";"Lung";"45-59";"Male";"2014";"51.37"
"Incidence";"Valais";"Lung";"45-59";"Male";"2015";"47.90"
"Incidence";"Valais";"Lung";"45-59";"Male";"2016";"52.65"
"Incidence";"Valais";"Lung";"45-59";"Male";"2017";"54.89"
"Incidence";"Valais";"Lung";"45-59";"Male";"2018";"57.32"
"Incidence";"Valais";"Lung";"45-59";"Male";"2019";"52.11"
"Incidence";"Graubünden and Glarus";"Lung";"45-59";"Female";"1989";"35.79"
"Incidence";"Graubünden and Glarus";"Lung";"45-59";"Female";"1990";"7.05"
"Incidence";"Graubünden and Glarus";"Lung";"45-59";"Female";"1991";"13.81"
"Incidence";"Graubünden and Glarus";"Lung";"45-59";"Female";"1992";"33.41"
"Incidence";"Graubünden and Glarus";"Lung";"45-59";"Female";"1993";"21.82"
"Incidence";"Graubünden and Glarus";"Lung";"45-59";"Female";"1994";"21.31"
"Incidence";"Graubünden and Glarus";"Lung";"45-59";"Female";"1995";"41.67"
"Incidence";"Graubünden and Glarus";"Lung";"45-59";"Female";"1996";"25.56"
"Incidence";"Graubünden and Glarus";"Lung";"45-59";"Female";"1997";"15.12"
"Incidence";"Graubünden and Glarus";"Lung";"45-59";"Female";"1998";"14.87"
"Incidence";"Graubünden and Glarus";"Lung";"45-59";"Female";"1999";"19.43"
"Incidence";"Graubünden and Glarus";"Lung";"45-59";"Female";"2000";"23.82"
"Incidence";"Graubünden and Glarus";"Lung";"45-59";"Female";"2001";"37.45"
"Incidence";"Graubünden and Glarus";"Lung";"45-59";"Female";"2002";"27.62"
"Incidence";"Graubünden and Glarus";"Lung";"45-59";"Female";"2003";"36.19"
"Incidence";"Graubünden and Glarus";"Lung";"45-59";"Female";"2004";"26.71"
"Incidence";"Graubünden and Glarus";"Lung";"45-59";"Female";"2005";"65.62"
"Incidence";"Graubünden and Glarus";"Lung";"45-59";"Female";"2006";"30.12"
"Incidence";"Graubünden and Glarus";"Lung";"45-59";"Female";"2007";"50.78"
"Incidence";"Graubünden and Glarus";"Lung";"45-59";"Female";"2008";"12.43"
"Incidence";"Graubünden and Glarus";"Lung";"45-59";"Female";"2009";"48.75"
"Incidence";"Graubünden and Glarus";"Lung";"45-59";"Female";"2010";"47.97"
"Incidence";"Graubünden and Glarus";"Lung";"45-59";"Female";"2011";"31.34"
"Incidence";"Graubünden and Glarus";"Lung";"45-59";"Female";"2012";"38.41"
"Incidence";"Graubünden and Glarus";"Lung";"45-59";"Female";"2013";"34.08"
"Incidence";"Graubünden and Glarus";"Lung";"45-59";"Female";"2014";"63.56"
"Incidence";"Graubünden and Glarus";"Lung";"45-59";"Female";"2015";"40.72"
"Incidence";"Graubünden and Glarus";"Lung";"45-59";"Female";"2016";"22.08"
"Incidence";"Graubünden and Glarus";"Lung";"45-59";"Female";"2017";"29.45"
"Incidence";"Graubünden and Glarus";"Lung";"45-59";"Female";"2018";"33.28"
"Incidence";"Graubünden and Glarus";"Lung";"45-59";"Female";"2019";"29.74"
"Incidence";"Valais";"Lung";"45-59";"Female";"1989";"4.98"
"Incidence";"Valais";"Lung";"45-59";"Female";"1990";"19.56"
"Incidence";"Valais";"Lung";"45-59";"Female";"1991";"33.31"
"Incidence";"Valais";"Lung";"45-59";"Female";"1992";"46.21"
"Incidence";"Valais";"Lung";"45-59";"Female";"1993";"31.51"
"Incidence";"Valais";"Lung";"45-59";"Female";"1994";"26.35"
"Incidence";"Valais";"Lung";"45-59";"Female";"1995";"42.98"
"Incidence";"Valais";"Lung";"45-59";"Female";"1996";"29.44"
"Incidence";"Valais";"Lung";"45-59";"Female";"1997";"28.82"
"Incidence";"Valais";"Lung";"45-59";"Female";"1998";"40.22"
"Incidence";"Valais";"Lung";"45-59";"Female";"1999";"58.89"
"Incidence";"Valais";"Lung";"45-59";"Female";"2000";"53.75"
"Incidence";"Valais";"Lung";"45-59";"Female";"2001";"37.46"
"Incidence";"Valais";"Lung";"45-59";"Female";"2002";"43.87"
"Incidence";"Valais";"Lung";"45-59";"Female";"2003";"46.60"
"Incidence";"Valais";"Lung";"45-59";"Female";"2004";"24.55"
"Incidence";"Valais";"Lung";"45-59";"Female";"2005";"41.01"
"Incidence";"Valais";"Lung";"45-59";"Female";"2006";"46.72"
"Incidence";"Valais";"Lung";"45-59";"Female";"2007";"48.99"
"Incidence";"Valais";"Lung";"45-59";"Female";"2008";"35.11"
"Incidence";"Valais";"Lung";"45-59";"Female";"2009";"52.85"
"Incidence";"Valais";"Lung";"45-59";"Female";"2010";"48.30"
"Incidence";"Valais";"Lung";"45-59";"Female";"2011";"49.84"
"Incidence";"Valais";"Lung";"45-59";"Female";"2012";"45.68"
"Incidence";"Valais";"Lung";"45-59";"Female";"2013";"44.67"
"Incidence";"Valais";"Lung";"45-59";"Female";"2014";"32.88"
"Incidence";"Valais";"Lung";"45-59";"Female";"2015";"43.14"
"Incidence";"Valais";"Lung";"45-59";"Female";"2016";"45.25"
"Incidence";"Valais";"Lung";"45-59";"Female";"2017";"36.87"
"Incidence";"Valais";"Lung";"45-59";"Female";"2018";"44.45"
"Incidence";"Valais";"Lung";"45-59";"Female";"2019";"44.43"
"Incidence";"Valais";"Lung";"60-74";"Female";"1989";"44.84"
"Incidence";"Valais";"Lung";"60-74";"Female";"1990";"37.77"
"Incidence";"Valais";"Lung";"60-74";"Female";"1991";"79.96"
"Incidence";"Valais";"Lung";"60-74";"Female";"1992";"59.86"
"Incidence";"Valais";"Lung";"60-74";"Female";"1993";"58.47"
"Incidence";"Valais";"Lung";"60-74";"Female";"1994";"62.92"
"Incidence";"Valais";"Lung";"60-74";"Female";"1995";"56.26"
"Incidence";"Valais";"Lung";"60-74";"Female";"1996";"72.56"
"Incidence";"Valais";"Lung";"60-74";"Female";"1997";"44.31"
"Incidence";"Valais";"Lung";"60-74";"Female";"1998";"93.22"
"Incidence";"Valais";"Lung";"60-74";"Female";"1999";"119.56"
"Incidence";"Valais";"Lung";"60-74";"Female";"2000";"86.01"
"Incidence";"Valais";"Lung";"60-74";"Female";"2001";"89.55"
"Incidence";"Valais";"Lung";"60-74";"Female";"2002";"81.97"
"Incidence";"Valais";"Lung";"60-74";"Female";"2003";"149.16"
"Incidence";"Valais";"Lung";"60-74";"Female";"2004";"67.55"
"Incidence";"Valais";"Lung";"60-74";"Female";"2005";"56.39"
"Incidence";"Valais";"Lung";"60-74";"Female";"2006";"123.19"
"Incidence";"Valais";"Lung";"60-74";"Female";"2007";"92.85"
"Incidence";"Valais";"Lung";"60-74";"Female";"2008";"133.00"
"Incidence";"Valais";"Lung";"60-74";"Female";"2009";"133.47"
"Incidence";"Valais";"Lung";"60-74";"Female";"2010";"109.70"
"Incidence";"Valais";"Lung";"60-74";"Female";"2011";"169.53"
"Incidence";"Valais";"Lung";"60-74";"Female";"2012";"110.98"
"Incidence";"Valais";"Lung";"60-74";"Female";"2013";"123.08"
"Incidence";"Valais";"Lung";"60-74";"Female";"2014";"149.11"
"Incidence";"Valais";"Lung";"60-74";"Female";"2015";"159.86"
"Incidence";"Valais";"Lung";"60-74";"Female";"2016";"139.41"
"Incidence";"Valais";"Lung";"60-74";"Female";"2017";"102.84"
"Incidence";"Valais";"Lung";"60-74";"Female";"2018";"175.54"
"Incidence";"Valais";"Lung";"60-74";"Female";"2019";"149.60"
"Incidence";"Graubünden and Glarus";"Lung";"60-74";"Male";"1989";"281.58"
"Incidence";"Graubünden and Glarus";"Lung";"60-74";"Male";"1990";"331.67"
"Incidence";"Graubünden and Glarus";"Lung";"60-74";"Male";"1991";"301.51"
"Incidence";"Graubünden and Glarus";"Lung";"60-74";"Male";"1992";"381.71"
"Incidence";"Graubünden and Glarus";"Lung";"60-74";"Male";"1993";"386.49"
"Incidence";"Graubünden and Glarus";"Lung";"60-74";"Male";"1994";"303.39"
"Incidence";"Graubünden and Glarus";"Lung";"60-74";"Male";"1995";"238.32"
"Incidence";"Graubünden and Glarus";"Lung";"60-74";"Male";"1996";"380.17"
"Incidence";"Graubünden and Glarus";"Lung";"60-74";"Male";"1997";"299.79"
"Incidence";"Graubünden and Glarus";"Lung";"60-74";"Male";"1998";"313.28"
"Incidence";"Graubünden and Glarus";"Lung";"60-74";"Male";"1999";"286.15"
"Incidence";"Graubünden and Glarus";"Lung";"60-74";"Male";"2000";"319.11"
"Incidence";"Graubünden and Glarus";"Lung";"60-74";"Male";"2001";"287.75"
"Incidence";"Graubünden and Glarus";"Lung";"60-74";"Male";"2002";"236.42"
"Incidence";"Graubünden and Glarus";"Lung";"60-74";"Male";"2003";"272.87"
"Incidence";"Graubünden and Glarus";"Lung";"60-74";"Male";"2004";"334.11"
"Incidence";"Graubünden and Glarus";"Lung";"60-74";"Male";"2005";"259.74"
"Incidence";"Graubünden and Glarus";"Lung";"60-74";"Male";"2006";"325.89"
"Incidence";"Graubünden and Glarus";"Lung";"60-74";"Male";"2007";"286.27"
"Incidence";"Graubünden and Glarus";"Lung";"60-74";"Male";"2008";"259.31"
"Incidence";"Graubünden and Glarus";"Lung";"60-74";"Male";"2009";"197.43"
"Incidence";"Graubünden and Glarus";"Lung";"60-74";"Male";"2010";"255.65"
"Incidence";"Graubünden and Glarus";"Lung";"60-74";"Male";"2011";"262.51"
"Incidence";"Graubünden and Glarus";"Lung";"60-74";"Male";"2012";"257.29"
"Incidence";"Graubünden and Glarus";"Lung";"60-74";"Male";"2013";"187.70"
"Incidence";"Graubünden and Glarus";"Lung";"60-74";"Male";"2014";"259.38"
"Incidence";"Graubünden and Glarus";"Lung";"60-74";"Male";"2015";"213.62"
"Incidence";"Graubünden and Glarus";"Lung";"60-74";"Male";"2016";"233.63"
"Incidence";"Graubünden and Glarus";"Lung";"60-74";"Male";"2017";"247.87"
"Incidence";"Graubünden and Glarus";"Lung";"60-74";"Male";"2018";"206.03"
"Incidence";"Graubünden and Glarus";"Lung";"60-74";"Male";"2019";"207.35"
"Incidence";"Valais";"Lung";"60-74";"Male";"1989";"317.18"
"Incidence";"Valais";"Lung";"60-74";"Male";"1990";"372.16"
"Incidence";"Valais";"Lung";"60-74";"Male";"1991";"291.17"
"Incidence";"Valais";"Lung";"60-74";"Male";"1992";"348.33"
"Incidence";"Valais";"Lung";"60-74";"Male";"1993";"298.42"
"Incidence";"Valais";"Lung";"60-74";"Male";"1994";"284.39"
"Incidence";"Valais";"Lung";"60-74";"Male";"1995";"418.59"
"Incidence";"Valais";"Lung";"60-74";"Male";"1996";"274.73"
"Incidence";"Valais";"Lung";"60-74";"Male";"1997";"244.18"
"Incidence";"Valais";"Lung";"60-74";"Male";"1998";"353.56"
"Incidence";"Valais";"Lung";"60-74";"Male";"1999";"285.18"
"Incidence";"Valais";"Lung";"60-74";"Male";"2000";"359.94"
"Incidence";"Valais";"Lung";"60-74";"Male";"2001";"356.74"
"Incidence";"Valais";"Lung";"60-74";"Male";"2002";"280.85"
"Incidence";"Valais";"Lung";"60-74";"Male";"2003";"276.34"
"Incidence";"Valais";"Lung";"60-74";"Male";"2004";"261.16"
"Incidence";"Valais";"Lung";"60-74";"Male";"2005";"226.93"
"Incidence";"Valais";"Lung";"60-74";"Male";"2006";"244.45"
"Incidence";"Valais";"Lung";"60-74";"Male";"2007";"289.11"
"Incidence";"Valais";"Lung";"60-74";"Male";"2008";"317.02"
"Incidence";"Valais";"Lung";"60-74";"Male";"2009";"198.78"
"Incidence";"Valais";"Lung";"60-74";"Male";"2010";"227.52"
"Incidence";"Valais";"Lung";"60-74";"Male";"2011";"202.84"
"Incidence";"Valais";"Lung";"60-74";"Male";"2012";"172.06"
"Incidence";"Valais";"Lung";"60-74";"Male";"2013";"260.21"
"Incidence";"Valais";"Lung";"60-74";"Male";"2014";"203.15"
"Incidence";"Valais";"Lung";"60-74";"Male";"2015";"266.29"
"Incidence";"Valais";"Lung";"60-74";"Male";"2016";"212.00"
"Incidence";"Valais";"Lung";"60-74";"Male";"2017";"284.59"
"Incidence";"Valais";"Lung";"60-74";"Male";"2018";"225.64"
"Incidence";"Valais";"Lung";"60-74";"Male";"2019";"229.07"
"Incidence";"Graubünden and Glarus";"Lung";"60-74";"Female";"1989";"41.66"
"Incidence";"Graubünden and Glarus";"Lung";"60-74";"Female";"1990";"41.63"
"Incidence";"Graubünden and Glarus";"Lung";"60-74";"Female";"1991";"49.77"
"Incidence";"Graubünden and Glarus";"Lung";"60-74";"Female";"1992";"53.54"
"Incidence";"Graubünden and Glarus";"Lung";"60-74";"Female";"1993";"66.41"
"Incidence";"Graubünden and Glarus";"Lung";"60-74";"Female";"1994";"65.95"
"Incidence";"Graubünden and Glarus";"Lung";"60-74";"Female";"1995";"46.06"
"Incidence";"Graubünden and Glarus";"Lung";"60-74";"Female";"1996";"39.46"
"Incidence";"Graubünden and Glarus";"Lung";"60-74";"Female";"1997";"39.36"
"Incidence";"Graubünden and Glarus";"Lung";"60-74";"Female";"1998";"32.70"
"Incidence";"Graubünden and Glarus";"Lung";"60-74";"Female";"1999";"97.86"
"Incidence";"Graubünden and Glarus";"Lung";"60-74";"Female";"2000";"65.11"
"Incidence";"Graubünden and Glarus";"Lung";"60-74";"Female";"2001";"38.70"
"Incidence";"Graubünden and Glarus";"Lung";"60-74";"Female";"2002";"51.03"
"Incidence";"Graubünden and Glarus";"Lung";"60-74";"Female";"2003";"88.37"
"Incidence";"Graubünden and Glarus";"Lung";"60-74";"Female";"2004";"86.99"
"Incidence";"Graubünden and Glarus";"Lung";"60-74";"Female";"2005";"104.05"
"Incidence";"Graubünden and Glarus";"Lung";"60-74";"Female";"2006";"96.44"
"Incidence";"Graubünden and Glarus";"Lung";"60-74";"Female";"2007";"100.48"
"Incidence";"Graubünden and Glarus";"Lung";"60-74";"Female";"2008";"98.58"
"Incidence";"Graubünden and Glarus";"Lung";"60-74";"Female";"2009";"85.25"
"Incidence";"Graubünden and Glarus";"Lung";"60-74";"Female";"2010";"100.22"
"Incidence";"Graubünden and Glarus";"Lung";"60-74";"Female";"2011";"102.45"
"Incidence";"Graubünden and Glarus";"Lung";"60-74";"Female";"2012";"88.83"
"Incidence";"Graubünden and Glarus";"Lung";"60-74";"Female";"2013";"112.73"
"Incidence";"Graubünden and Glarus";"Lung";"60-74";"Female";"2014";"95.54"
"Incidence";"Graubünden and Glarus";"Lung";"60-74";"Female";"2015";"83.81"
"Incidence";"Graubünden and Glarus";"Lung";"60-74";"Female";"2016";"159.29"
"Incidence";"Graubünden and Glarus";"Lung";"60-74";"Female";"2017";"156.12"
"Incidence";"Graubünden and Glarus";"Lung";"60-74";"Female";"2018";"134.83"
"Incidence";"Graubünden and Glarus";"Lung";"60-74";"Female";"2019";"114.36"
"Incidence";"Graubünden and Glarus";"Lung";"75-89";"Male";"1989";"293.33"
"Incidence";"Graubünden and Glarus";"Lung";"75-89";"Male";"1990";"264.90"
"Incidence";"Graubünden and Glarus";"Lung";"75-89";"Male";"1991";"288.91"
"Incidence";"Graubünden and Glarus";"Lung";"75-89";"Male";"1992";"542.95"
"Incidence";"Graubünden and Glarus";"Lung";"75-89";"Male";"1993";"308.02"
"Incidence";"Graubünden and Glarus";"Lung";"75-89";"Male";"1994";"284.85"
"Incidence";"Graubünden and Glarus";"Lung";"75-89";"Male";"1995";"371.61"
"Incidence";"Graubünden and Glarus";"Lung";"75-89";"Male";"1996";"345.30"
"Incidence";"Graubünden and Glarus";"Lung";"75-89";"Male";"1997";"431.15"
"Incidence";"Graubünden and Glarus";"Lung";"75-89";"Male";"1998";"444.33"
"Incidence";"Graubünden and Glarus";"Lung";"75-89";"Male";"1999";"403.58"
"Incidence";"Graubünden and Glarus";"Lung";"75-89";"Male";"2000";"433.09"
"Incidence";"Graubünden and Glarus";"Lung";"75-89";"Male";"2001";"387.34"
"Incidence";"Graubünden and Glarus";"Lung";"75-89";"Male";"2002";"494.19"
"Incidence";"Graubünden and Glarus";"Lung";"75-89";"Male";"2003";"409.23"
"Incidence";"Graubünden and Glarus";"Lung";"75-89";"Male";"2004";"487.29"
"Incidence";"Graubünden and Glarus";"Lung";"75-89";"Male";"2005";"368.03"
"Incidence";"Graubünden and Glarus";"Lung";"75-89";"Male";"2006";"250.25"
"Incidence";"Graubünden and Glarus";"Lung";"75-89";"Male";"2007";"429.81"
"Incidence";"Graubünden and Glarus";"Lung";"75-89";"Male";"2008";"376.42"
"Incidence";"Graubünden and Glarus";"Lung";"75-89";"Male";"2009";"250.79"
"Incidence";"Graubünden and Glarus";"Lung";"75-89";"Male";"2010";"508.39"
"Incidence";"Graubünden and Glarus";"Lung";"75-89";"Male";"2011";"339.90"
"Incidence";"Graubünden and Glarus";"Lung";"75-89";"Male";"2012";"441.41"
"Incidence";"Graubünden and Glarus";"Lung";"75-89";"Male";"2013";"403.74"
"Incidence";"Graubünden and Glarus";"Lung";"75-89";"Male";"2014";"444.15"
"Incidence";"Graubünden and Glarus";"Lung";"75-89";"Male";"2015";"366.39"
"Incidence";"Graubünden and Glarus";"Lung";"75-89";"Male";"2016";"438.62"
"Incidence";"Graubünden and Glarus";"Lung";"75-89";"Male";"2017";"318.10"
"Incidence";"Graubünden and Glarus";"Lung";"75-89";"Male";"2018";"225.34"
"Incidence";"Graubünden and Glarus";"Lung";"75-89";"Male";"2019";"364.85"
"Incidence";"Graubünden and Glarus";"Lung";"75-89";"Female";"1989";"89.09"
"Incidence";"Graubünden and Glarus";"Lung";"75-89";"Female";"1990";"87.08"
"Incidence";"Graubünden and Glarus";"Lung";"75-89";"Female";"1991";"71.44"
"Incidence";"Graubünden and Glarus";"Lung";"75-89";"Female";"1992";"11.34"
"Incidence";"Graubünden and Glarus";"Lung";"75-89";"Female";"1993";"67.83"
"Incidence";"Graubünden and Glarus";"Lung";"75-89";"Female";"1994";"90.40"
"Incidence";"Graubünden and Glarus";"Lung";"75-89";"Female";"1995";"67.19"
"Incidence";"Graubünden and Glarus";"Lung";"75-89";"Female";"1996";"77.22"
"Incidence";"Graubünden and Glarus";"Lung";"75-89";"Female";"1997";"87.28"
"Incidence";"Graubünden and Glarus";"Lung";"75-89";"Female";"1998";"43.24"
"Incidence";"Graubünden and Glarus";"Lung";"75-89";"Female";"1999";"53.45"
"Incidence";"Graubünden and Glarus";"Lung";"75-89";"Female";"2000";"63.20"
"Incidence";"Graubünden and Glarus";"Lung";"75-89";"Female";"2001";"102.81"
"Incidence";"Graubünden and Glarus";"Lung";"75-89";"Female";"2002";"60.52"
"Incidence";"Graubünden and Glarus";"Lung";"75-89";"Female";"2003";"160.75"
"Incidence";"Graubünden and Glarus";"Lung";"75-89";"Female";"2004";"30.01"
"Incidence";"Graubünden and Glarus";"Lung";"75-89";"Female";"2005";"69.31"
"Incidence";"Graubünden and Glarus";"Lung";"75-89";"Female";"2006";"127.48"
"Incidence";"Graubünden and Glarus";"Lung";"75-89";"Female";"2007";"125.94"
"Incidence";"Graubünden and Glarus";"Lung";"75-89";"Female";"2008";"95.80"
"Incidence";"Graubünden and Glarus";"Lung";"75-89";"Female";"2009";"114.36"
"Incidence";"Graubünden and Glarus";"Lung";"75-89";"Female";"2010";"66.39"
"Incidence";"Graubünden and Glarus";"Lung";"75-89";"Female";"2011";"112.27"
"Incidence";"Graubünden and Glarus";"Lung";"75-89";"Female";"2012";"128.87"
"Incidence";"Graubünden and Glarus";"Lung";"75-89";"Female";"2013";"191.37"
"Incidence";"Graubünden and Glarus";"Lung";"75-89";"Female";"2014";"108.31"
"Incidence";"Graubünden and Glarus";"Lung";"75-89";"Female";"2015";"116.54"
"Incidence";"Graubünden and Glarus";"Lung";"75-89";"Female";"2016";"177.27"
"Incidence";"Graubünden and Glarus";"Lung";"75-89";"Female";"2017";"139.08"
"Incidence";"Graubünden and Glarus";"Lung";"75-89";"Female";"2018";"136.05"
"Incidence";"Graubünden and Glarus";"Lung";"75-89";"Female";"2019";"157.84"
"Incidence";"Valais";"Lung";"75-89";"Female";"1989";"13.84"
"Incidence";"Valais";"Lung";"75-89";"Female";"1990";"13.43"
"Incidence";"Valais";"Lung";"75-89";"Female";"1991";"39.17"
"Incidence";"Valais";"Lung";"75-89";"Female";"1992";"38.27"
"Incidence";"Valais";"Lung";"75-89";"Female";"1993";"62.32"
"Incidence";"Valais";"Lung";"75-89";"Female";"1994";"48.61"
"Incidence";"Valais";"Lung";"75-89";"Female";"1995";"11.82"
"Incidence";"Valais";"Lung";"75-89";"Female";"1996";"79.66"
"Incidence";"Valais";"Lung";"75-89";"Female";"1997";"87.68"
"Incidence";"Valais";"Lung";"75-89";"Female";"1998";"95.25"
"Incidence";"Valais";"Lung";"75-89";"Female";"1999";"132.95"
"Incidence";"Valais";"Lung";"75-89";"Female";"2000";"69.46"
"Incidence";"Valais";"Lung";"75-89";"Female";"2001";"66.76"
"Incidence";"Valais";"Lung";"75-89";"Female";"2002";"101.26"
"Incidence";"Valais";"Lung";"75-89";"Female";"2003";"53.99"
"Incidence";"Valais";"Lung";"75-89";"Female";"2004";"79.13"
"Incidence";"Valais";"Lung";"75-89";"Female";"2005";"111.50"
"Incidence";"Valais";"Lung";"75-89";"Female";"2006";"117.15"
"Incidence";"Valais";"Lung";"75-89";"Female";"2007";"122.33"
"Incidence";"Valais";"Lung";"75-89";"Female";"2008";"135.51"
"Incidence";"Valais";"Lung";"75-89";"Female";"2009";"219.21"
"Incidence";"Valais";"Lung";"75-89";"Female";"2010";"130.59"
"Incidence";"Valais";"Lung";"75-89";"Female";"2011";"173.62"
"Incidence";"Valais";"Lung";"75-89";"Female";"2012";"141.23"
"Incidence";"Valais";"Lung";"75-89";"Female";"2013";"124.45"
"Incidence";"Valais";"Lung";"75-89";"Female";"2014";"201.03"
"Incidence";"Valais";"Lung";"75-89";"Female";"2015";"112.45"
"Incidence";"Valais";"Lung";"75-89";"Female";"2016";"198.85"
"Incidence";"Valais";"Lung";"75-89";"Female";"2017";"219.90"
"Incidence";"Valais";"Lung";"75-89";"Female";"2018";"219.57"
"Incidence";"Valais";"Lung";"75-89";"Female";"2019";"200.19"
"Incidence";"Valais";"Lung";"75-89";"Male";"1989";"401.83"
"Incidence";"Valais";"Lung";"75-89";"Male";"1990";"344.68"
"Incidence";"Valais";"Lung";"75-89";"Male";"1991";"334.94"
"Incidence";"Valais";"Lung";"75-89";"Male";"1992";"325.27"
"Incidence";"Valais";"Lung";"75-89";"Male";"1993";"278.88"
"Incidence";"Valais";"Lung";"75-89";"Male";"1994";"273.52"
"Incidence";"Valais";"Lung";"75-89";"Male";"1995";"322.34"
"Incidence";"Valais";"Lung";"75-89";"Male";"1996";"440.45"
"Incidence";"Valais";"Lung";"75-89";"Male";"1997";"285.56"
"Incidence";"Valais";"Lung";"75-89";"Male";"1998";"345.07"
"Incidence";"Valais";"Lung";"75-89";"Male";"1999";"484.14"
"Incidence";"Valais";"Lung";"75-89";"Male";"2000";"502.55"
"Incidence";"Valais";"Lung";"75-89";"Male";"2001";"311.19"
"Incidence";"Valais";"Lung";"75-89";"Male";"2002";"359.01"
"Incidence";"Valais";"Lung";"75-89";"Male";"2003";"463.10"
"Incidence";"Valais";"Lung";"75-89";"Male";"2004";"350.90"
"Incidence";"Valais";"Lung";"75-89";"Male";"2005";"423.38"
"Incidence";"Valais";"Lung";"75-89";"Male";"2006";"408.73"
"Incidence";"Valais";"Lung";"75-89";"Male";"2007";"416.38"
"Incidence";"Valais";"Lung";"75-89";"Male";"2008";"398.48"
"Incidence";"Valais";"Lung";"75-89";"Male";"2009";"477.10"
"Incidence";"Valais";"Lung";"75-89";"Male";"2010";"414.87"
"Incidence";"Valais";"Lung";"75-89";"Male";"2011";"520.27"
"Incidence";"Valais";"Lung";"75-89";"Male";"2012";"367.65"
"Incidence";"Valais";"Lung";"75-89";"Male";"2013";"294.13"
"Incidence";"Valais";"Lung";"75-89";"Male";"2014";"460.74"
"Incidence";"Valais";"Lung";"75-89";"Male";"2015";"314.92"
"Incidence";"Valais";"Lung";"75-89";"Male";"2016";"388.64"
"Incidence";"Valais";"Lung";"75-89";"Male";"2017";"346.21"
"Incidence";"Valais";"Lung";"75-89";"Male";"2018";"255.34"
"Incidence";"Valais";"Lung";"75-89";"Male";"2019";"456.10"
"Incidence";"Valais";"Lung";"90-95+";"Female";"1989";"224.47"
"Incidence";"Valais";"Lung";"90-95+";"Female";"1990";"0.00"
"Incidence";"Valais";"Lung";"90-95+";"Female";"1991";"0.00"
"Incidence";"Valais";"Lung";"90-95+";"Female";"1992";"0.00"
"Incidence";"Valais";"Lung";"90-95+";"Female";"1993";"0.00"
"Incidence";"Valais";"Lung";"90-95+";"Female";"1994";"0.00"
"Incidence";"Valais";"Lung";"90-95+";"Female";"1995";"143.06"
"Incidence";"Valais";"Lung";"90-95+";"Female";"1996";"0.00"
"Incidence";"Valais";"Lung";"90-95+";"Female";"1997";"0.00"
"Incidence";"Valais";"Lung";"90-95+";"Female";"1998";"0.00"
"Incidence";"Valais";"Lung";"90-95+";"Female";"1999";"0.00"
"Incidence";"Valais";"Lung";"90-95+";"Female";"2000";"0.00"
"Incidence";"Valais";"Lung";"90-95+";"Female";"2001";"0.00"
"Incidence";"Valais";"Lung";"90-95+";"Female";"2002";"89.65"
"Incidence";"Valais";"Lung";"90-95+";"Female";"2003";"0.00"
"Incidence";"Valais";"Lung";"90-95+";"Female";"2004";"161.55"
"Incidence";"Valais";"Lung";"90-95+";"Female";"2005";"0.00"
"Incidence";"Valais";"Lung";"90-95+";"Female";"2006";"74.82"
"Incidence";"Valais";"Lung";"90-95+";"Female";"2007";"73.48"
"Incidence";"Valais";"Lung";"90-95+";"Female";"2008";"0.00"
"Incidence";"Valais";"Lung";"90-95+";"Female";"2009";"0.00"
"Incidence";"Valais";"Lung";"90-95+";"Female";"2010";"64.06"
"Incidence";"Valais";"Lung";"90-95+";"Female";"2011";"128.29"
"Incidence";"Valais";"Lung";"90-95+";"Female";"2012";"129.37"
"Incidence";"Valais";"Lung";"90-95+";"Female";"2013";"122.44"
"Incidence";"Valais";"Lung";"90-95+";"Female";"2014";"57.97"
"Incidence";"Valais";"Lung";"90-95+";"Female";"2015";"55.49"
"Incidence";"Valais";"Lung";"90-95+";"Female";"2016";"0.00"
"Incidence";"Valais";"Lung";"90-95+";"Female";"2017";"0.00"
"Incidence";"Valais";"Lung";"90-95+";"Female";"2018";"204.92"
"Incidence";"Valais";"Lung";"90-95+";"Female";"2019";"97.80"
"Incidence";"Valais";"Lung";"90-95+";"Male";"1989";"0.00"
"Incidence";"Valais";"Lung";"90-95+";"Male";"1990";"0.00"
"Incidence";"Valais";"Lung";"90-95+";"Male";"1991";"569.80"
"Incidence";"Valais";"Lung";"90-95+";"Male";"1992";"0.00"
"Incidence";"Valais";"Lung";"90-95+";"Male";"1993";"0.00"
"Incidence";"Valais";"Lung";"90-95+";"Male";"1994";"0.00"
"Incidence";"Valais";"Lung";"90-95+";"Male";"1995";"0.00"
"Incidence";"Valais";"Lung";"90-95+";"Male";"1996";"0.00"
"Incidence";"Valais";"Lung";"90-95+";"Male";"1997";"0.00"
"Incidence";"Valais";"Lung";"90-95+";"Male";"1998";"331.67"
"Incidence";"Valais";"Lung";"90-95+";"Male";"1999";"936.04"
"Incidence";"Valais";"Lung";"90-95+";"Male";"2000";"294.99"
"Incidence";"Valais";"Lung";"90-95+";"Male";"2001";"280.11"
"Incidence";"Valais";"Lung";"90-95+";"Male";"2002";"518.81"
"Incidence";"Valais";"Lung";"90-95+";"Male";"2003";"0.00"
"Incidence";"Valais";"Lung";"90-95+";"Male";"2004";"450.96"
"Incidence";"Valais";"Lung";"90-95+";"Male";"2005";"410.68"
"Incidence";"Valais";"Lung";"90-95+";"Male";"2006";"387.22"
"Incidence";"Valais";"Lung";"90-95+";"Male";"2007";"0.00"
"Incidence";"Valais";"Lung";"90-95+";"Male";"2008";"380.59"
"Incidence";"Valais";"Lung";"90-95+";"Male";"2009";"0.00"
"Incidence";"Valais";"Lung";"90-95+";"Male";"2010";"372.09"
"Incidence";"Valais";"Lung";"90-95+";"Male";"2011";"543.48"
"Incidence";"Valais";"Lung";"90-95+";"Male";"2012";"353.67"
"Incidence";"Valais";"Lung";"90-95+";"Male";"2013";"330.03"
"Incidence";"Valais";"Lung";"90-95+";"Male";"2014";"308.17"
"Incidence";"Valais";"Lung";"90-95+";"Male";"2015";"0.00"
"Incidence";"Valais";"Lung";"90-95+";"Male";"2016";"275.29"
"Incidence";"Valais";"Lung";"90-95+";"Male";"2017";"129.95"
"Incidence";"Valais";"Lung";"90-95+";"Male";"2018";"492.61"
"Incidence";"Valais";"Lung";"90-95+";"Male";"2019";"117.44"
"Incidence";"Graubünden and Glarus";"Lung";"90-95+";"Female";"1989";"0.00"
"Incidence";"Graubünden and Glarus";"Lung";"90-95+";"Female";"1990";"0.00"
"Incidence";"Graubünden and Glarus";"Lung";"90-95+";"Female";"1991";"0.00"
"Incidence";"Graubünden and Glarus";"Lung";"90-95+";"Female";"1992";"0.00"
"Incidence";"Graubünden and Glarus";"Lung";"90-95+";"Female";"1993";"144.51"
"Incidence";"Graubünden and Glarus";"Lung";"90-95+";"Female";"1994";"0.00"
"Incidence";"Graubünden and Glarus";"Lung";"90-95+";"Female";"1995";"0.00"
"Incidence";"Graubünden and Glarus";"Lung";"90-95+";"Female";"1996";"118.20"
"Incidence";"Graubünden and Glarus";"Lung";"90-95+";"Female";"1997";"0.00"
"Incidence";"Graubünden and Glarus";"Lung";"90-95+";"Female";"1998";"0.00"
"Incidence";"Graubünden and Glarus";"Lung";"90-95+";"Female";"1999";"0.00"
"Incidence";"Graubünden and Glarus";"Lung";"90-95+";"Female";"2000";"0.00"
"Incidence";"Graubünden and Glarus";"Lung";"90-95+";"Female";"2001";"0.00"
"Incidence";"Graubünden and Glarus";"Lung";"90-95+";"Female";"2002";"0.00"
"Incidence";"Graubünden and Glarus";"Lung";"90-95+";"Female";"2003";"81.70"
"Incidence";"Graubünden and Glarus";"Lung";"90-95+";"Female";"2004";"0.00"
"Incidence";"Graubünden and Glarus";"Lung";"90-95+";"Female";"2005";"77.10"
"Incidence";"Graubünden and Glarus";"Lung";"90-95+";"Female";"2006";"0.00"
"Incidence";"Graubünden and Glarus";"Lung";"90-95+";"Female";"2007";"0.00"
"Incidence";"Graubünden and Glarus";"Lung";"90-95+";"Female";"2008";"0.00"
"Incidence";"Graubünden and Glarus";"Lung";"90-95+";"Female";"2009";"72.99"
"Incidence";"Graubünden and Glarus";"Lung";"90-95+";"Female";"2010";"0.00"
"Incidence";"Graubünden and Glarus";"Lung";"90-95+";"Female";"2011";"143.88"
"Incidence";"Graubünden and Glarus";"Lung";"90-95+";"Female";"2012";"73.53"
"Incidence";"Graubünden and Glarus";"Lung";"90-95+";"Female";"2013";"72.60"
"Incidence";"Graubünden and Glarus";"Lung";"90-95+";"Female";"2014";"0.00"
"Incidence";"Graubünden and Glarus";"Lung";"90-95+";"Female";"2015";"68.10"
"Incidence";"Graubünden and Glarus";"Lung";"90-95+";"Female";"2016";"0.00"
"Incidence";"Graubünden and Glarus";"Lung";"90-95+";"Female";"2017";"0.00"
"Incidence";"Graubünden and Glarus";"Lung";"90-95+";"Female";"2018";"188.80"
"Incidence";"Graubünden and Glarus";"Lung";"90-95+";"Female";"2019";"122.21"
"Incidence";"Graubünden and Glarus";"Lung";"90-95+";"Male";"1989";"626.96"
"Incidence";"Graubünden and Glarus";"Lung";"90-95+";"Male";"1990";"588.24"
"Incidence";"Graubünden and Glarus";"Lung";"90-95+";"Male";"1991";"568.18"
"Incidence";"Graubünden and Glarus";"Lung";"90-95+";"Male";"1992";"402.41"
"Incidence";"Graubünden and Glarus";"Lung";"90-95+";"Male";"1993";"373.83"
"Incidence";"Graubünden and Glarus";"Lung";"90-95+";"Male";"1994";"0.00"
"Incidence";"Graubünden and Glarus";"Lung";"90-95+";"Male";"1995";"751.88"
"Incidence";"Graubünden and Glarus";"Lung";"90-95+";"Male";"1996";"373.13"
"Incidence";"Graubünden and Glarus";"Lung";"90-95+";"Male";"1997";"0.00"
"Incidence";"Graubünden and Glarus";"Lung";"90-95+";"Male";"1998";"0.00"
"Incidence";"Graubünden and Glarus";"Lung";"90-95+";"Male";"1999";"622.08"
"Incidence";"Graubünden and Glarus";"Lung";"90-95+";"Male";"2000";"0.00"
"Incidence";"Graubünden and Glarus";"Lung";"90-95+";"Male";"2001";"0.00"
"Incidence";"Graubünden and Glarus";"Lung";"90-95+";"Male";"2002";"0.00"
"Incidence";"Graubünden and Glarus";"Lung";"90-95+";"Male";"2003";"0.00"
"Incidence";"Graubünden and Glarus";"Lung";"90-95+";"Male";"2004";"205.76"
"Incidence";"Graubünden and Glarus";"Lung";"90-95+";"Male";"2005";"0.00"
"Incidence";"Graubünden and Glarus";"Lung";"90-95+";"Male";"2006";"0.00"
"Incidence";"Graubünden and Glarus";"Lung";"90-95+";"Male";"2007";"0.00"
"Incidence";"Graubünden and Glarus";"Lung";"90-95+";"Male";"2008";"186.05"
"Incidence";"Graubünden and Glarus";"Lung";"90-95+";"Male";"2009";"0.00"
"Incidence";"Graubünden and Glarus";"Lung";"90-95+";"Male";"2010";"0.00"
"Incidence";"Graubünden and Glarus";"Lung";"90-95+";"Male";"2011";"181.00"
"Incidence";"Graubünden and Glarus";"Lung";"90-95+";"Male";"2012";"385.36"
"Incidence";"Graubünden and Glarus";"Lung";"90-95+";"Male";"2013";"373.48"
"Incidence";"Graubünden and Glarus";"Lung";"90-95+";"Male";"2014";"521.74"
"Incidence";"Graubünden and Glarus";"Lung";"90-95+";"Male";"2015";"659.52"
"Incidence";"Graubünden and Glarus";"Lung";"90-95+";"Male";"2016";"624.02"
"Incidence";"Graubünden and Glarus";"Lung";"90-95+";"Male";"2017";"148.37"
"Incidence";"Graubünden and Glarus";"Lung";"90-95+";"Male";"2018";"146.09"
"Incidence";"Graubünden and Glarus";"Lung";"90-95+";"Male";"2019";"142.86"
"Mortality";"Basel";"Lung";"0-14";"Female";"1995";"0.00"
"Mortality";"Basel";"Lung";"0-14";"Female";"1996";"0.00"
"Mortality";"Basel";"Lung";"0-14";"Female";"1997";"0.00"
"Mortality";"Basel";"Lung";"0-14";"Female";"1998";"0.00"
"Mortality";"Basel";"Lung";"0-14";"Female";"1999";"0.00"
"Mortality";"Basel";"Lung";"0-14";"Female";"2000";"0.00"
"Mortality";"Basel";"Lung";"0-14";"Female";"2001";"0.00"
"Mortality";"Basel";"Lung";"0-14";"Female";"2002";"0.00"
"Mortality";"Basel";"Lung";"0-14";"Female";"2003";"0.00"
"Mortality";"Basel";"Lung";"0-14";"Female";"2004";"0.00"
"Mortality";"Basel";"Lung";"0-14";"Female";"2005";"0.00"
"Mortality";"Basel";"Lung";"0-14";"Female";"2006";"0.00"
"Mortality";"Basel";"Lung";"0-14";"Female";"2007";"0.00"
"Mortality";"Basel";"Lung";"0-14";"Female";"2008";"0.00"
"Mortality";"Basel";"Lung";"0-14";"Female";"2009";"0.00"
"Mortality";"Basel";"Lung";"0-14";"Female";"2010";"0.00"
"Mortality";"Basel";"Lung";"0-14";"Female";"2011";"0.00"
"Mortality";"Basel";"Lung";"0-14";"Female";"2012";"0.00"
"Mortality";"Basel";"Lung";"0-14";"Female";"2013";"0.00"
"Mortality";"Basel";"Lung";"0-14";"Female";"2014";"0.00"
"Mortality";"Basel";"Lung";"0-14";"Female";"2015";"0.00"
"Mortality";"Basel";"Lung";"0-14";"Female";"2016";"0.00"
"Mortality";"Basel";"Lung";"0-14";"Female";"2017";"0.00"
"Mortality";"Basel";"Lung";"0-14";"Female";"2018";"0.00"
"Mortality";"Zurich, Zug, Schaffhausen, and Schwyz";"Lung";"0-14";"Male";"1995";"0.00"
"Mortality";"Zurich, Zug, Schaffhausen, and Schwyz";"Lung";"0-14";"Male";"1996";"0.00"
"Mortality";"Zurich, Zug, Schaffhausen, and Schwyz";"Lung";"0-14";"Male";"1997";"0.00"
"Mortality";"Zurich, Zug, Schaffhausen, and Schwyz";"Lung";"0-14";"Male";"1998";"0.00"
"Mortality";"Zurich, Zug, Schaffhausen, and Schwyz";"Lung";"0-14";"Male";"1999";"0.00"
"Mortality";"Zurich, Zug, Schaffhausen, and Schwyz";"Lung";"0-14";"Male";"2000";"0.00"
"Mortality";"Zurich, Zug, Schaffhausen, and Schwyz";"Lung";"0-14";"Male";"2001";"0.00"
"Mortality";"Zurich, Zug, Schaffhausen, and Schwyz";"Lung";"0-14";"Male";"2002";"0.00"
"Mortality";"Zurich, Zug, Schaffhausen, and Schwyz";"Lung";"0-14";"Male";"2003";"0.00"
"Mortality";"Zurich, Zug, Schaffhausen, and Schwyz";"Lung";"0-14";"Male";"2004";"0.00"
"Mortality";"Zurich, Zug, Schaffhausen, and Schwyz";"Lung";"0-14";"Male";"2005";"0.00"
"Mortality";"Zurich, Zug, Schaffhausen, and Schwyz";"Lung";"0-14";"Male";"2006";"0.00"
"Mortality";"Zurich, Zug, Schaffhausen, and Schwyz";"Lung";"0-14";"Male";"2007";"0.00"
"Mortality";"Zurich, Zug, Schaffhausen, and Schwyz";"Lung";"0-14";"Male";"2008";"0.00"
"Mortality";"Zurich, Zug, Schaffhausen, and Schwyz";"Lung";"0-14";"Male";"2009";"0.00"
"Mortality";"Zurich, Zug, Schaffhausen, and Schwyz";"Lung";"0-14";"Male";"2010";"0.00"
"Mortality";"Zurich, Zug, Schaffhausen, and Schwyz";"Lung";"0-14";"Male";"2011";"0.00"
"Mortality";"Zurich, Zug, Schaffhausen, and Schwyz";"Lung";"0-14";"Male";"2012";"0.00"
"Mortality";"Zurich, Zug, Schaffhausen, and Schwyz";"Lung";"0-14";"Male";"2013";"0.00"
"Mortality";"Zurich, Zug, Schaffhausen, and Schwyz";"Lung";"0-14";"Male";"2014";"0.00"
"Mortality";"Zurich, Zug, Schaffhausen, and Schwyz";"Lung";"0-14";"Male";"2015";"0.00"
"Mortality";"Zurich, Zug, Schaffhausen, and Schwyz";"Lung";"0-14";"Male";"2016";"0.00"
"Mortality";"Zurich, Zug, Schaffhausen, and Schwyz";"Lung";"0-14";"Male";"2017";"0.00"
"Mortality";"Zurich, Zug, Schaffhausen, and Schwyz";"Lung";"0-14";"Male";"2018";"0.00"
"Mortality";"Vaud";"Lung";"0-14";"Male";"1995";"0.00"
"Mortality";"Vaud";"Lung";"0-14";"Male";"1996";"0.00"
"Mortality";"Vaud";"Lung";"0-14";"Male";"1997";"0.00"
"Mortality";"Vaud";"Lung";"0-14";"Male";"1998";"0.00"
"Mortality";"Vaud";"Lung";"0-14";"Male";"1999";"0.00"
"Mortality";"Vaud";"Lung";"0-14";"Male";"2000";"1.75"
"Mortality";"Vaud";"Lung";"0-14";"Male";"2001";"0.00"
"Mortality";"Vaud";"Lung";"0-14";"Male";"2002";"0.00"
"Mortality";"Vaud";"Lung";"0-14";"Male";"2003";"0.00"
"Mortality";"Vaud";"Lung";"0-14";"Male";"2004";"0.00"
"Mortality";"Vaud";"Lung";"0-14";"Male";"2005";"0.00"
"Mortality";"Vaud";"Lung";"0-14";"Male";"2006";"0.00"
"Mortality";"Vaud";"Lung";"0-14";"Male";"2007";"0.00"
"Mortality";"Vaud";"Lung";"0-14";"Male";"2008";"0.00"
"Mortality";"Vaud";"Lung";"0-14";"Male";"2009";"0.00"
"Mortality";"Vaud";"Lung";"0-14";"Male";"2010";"0.00"
"Mortality";"Vaud";"Lung";"0-14";"Male";"2011";"0.00"
"Mortality";"Vaud";"Lung";"0-14";"Male";"2012";"0.00"
"Mortality";"Vaud";"Lung";"0-14";"Male";"2013";"0.00"
"Mortality";"Vaud";"Lung";"0-14";"Male";"2014";"0.00"
"Mortality";"Vaud";"Lung";"0-14";"Male";"2015";"0.00"
"Mortality";"Vaud";"Lung";"0-14";"Male";"2016";"0.00"
"Mortality";"Vaud";"Lung";"0-14";"Male";"2017";"0.00"
"Mortality";"Zurich, Zug, Schaffhausen, and Schwyz";"Lung";"0-14";"Female";"1995";"0.00"
"Mortality";"Zurich, Zug, Schaffhausen, and Schwyz";"Lung";"0-14";"Female";"1996";"0.00"
"Mortality";"Zurich, Zug, Schaffhausen, and Schwyz";"Lung";"0-14";"Female";"1997";"0.00"
"Mortality";"Zurich, Zug, Schaffhausen, and Schwyz";"Lung";"0-14";"Female";"1998";"0.00"
"Mortality";"Zurich, Zug, Schaffhausen, and Schwyz";"Lung";"0-14";"Female";"1999";"0.00"
"Mortality";"Zurich, Zug, Schaffhausen, and Schwyz";"Lung";"0-14";"Female";"2000";"0.00"
"Mortality";"Zurich, Zug, Schaffhausen, and Schwyz";"Lung";"0-14";"Female";"2001";"0.00"
"Mortality";"Zurich, Zug, Schaffhausen, and Schwyz";"Lung";"0-14";"Female";"2002";"0.00"
"Mortality";"Zurich, Zug, Schaffhausen, and Schwyz";"Lung";"0-14";"Female";"2003";"0.00"
"Mortality";"Zurich, Zug, Schaffhausen, and Schwyz";"Lung";"0-14";"Female";"2004";"0.00"
"Mortality";"Zurich, Zug, Schaffhausen, and Schwyz";"Lung";"0-14";"Female";"2005";"0.00"
"Mortality";"Zurich, Zug, Schaffhausen, and Schwyz";"Lung";"0-14";"Female";"2006";"0.00"
"Mortality";"Zurich, Zug, Schaffhausen, and Schwyz";"Lung";"0-14";"Female";"2007";"0.00"
"Mortality";"Zurich, Zug, Schaffhausen, and Schwyz";"Lung";"0-14";"Female";"2008";"0.00"
"Mortality";"Zurich, Zug, Schaffhausen, and Schwyz";"Lung";"0-14";"Female";"2009";"0.00"
"Mortality";"Zurich, Zug, Schaffhausen, and Schwyz";"Lung";"0-14";"Female";"2010";"0.00"
"Mortality";"Zurich, Zug, Schaffhausen, and Schwyz";"Lung";"0-14";"Female";"2011";"0.00"
"Mortality";"Zurich, Zug, Schaffhausen, and Schwyz";"Lung";"0-14";"Female";"2012";"0.00"
"Mortality";"Zurich, Zug, Schaffhausen, and Schwyz";"Lung";"0-14";"Female";"2013";"0.00"
"Mortality";"Zurich, Zug, Schaffhausen, and Schwyz";"Lung";"0-14";"Female";"2014";"0.00"
"Mortality";"Zurich, Zug, Schaffhausen, and Schwyz";"Lung";"0-14";"Female";"2015";"0.00"
"Mortality";"Zurich, Zug, Schaffhausen, and Schwyz";"Lung";"0-14";"Female";"2016";"0.00"
"Mortality";"Zurich, Zug, Schaffhausen, and Schwyz";"Lung";"0-14";"Female";"2017";"0.00"
"Mortality";"Zurich, Zug, Schaffhausen, and Schwyz";"Lung";"0-14";"Female";"2018";"0.00"
"Mortality";"Basel";"Lung";"0-14";"Male";"1995";"0.00"
"Mortality";"Basel";"Lung";"0-14";"Male";"1996";"0.00"
"Mortality";"Basel";"Lung";"0-14";"Male";"1997";"0.00"
"Mortality";"Basel";"Lung";"0-14";"Male";"1998";"0.00"
"Mortality";"Basel";"Lung";"0-14";"Male";"1999";"0.00"
"Mortality";"Basel";"Lung";"0-14";"Male";"2000";"0.00"
"Mortality";"Basel";"Lung";"0-14";"Male";"2001";"0.00"
"Mortality";"Basel";"Lung";"0-14";"Male";"2002";"0.00"
"Mortality";"Basel";"Lung";"0-14";"Male";"2003";"0.00"
"Mortality";"Basel";"Lung";"0-14";"Male";"2004";"0.00"
"Mortality";"Basel";"Lung";"0-14";"Male";"2005";"0.00"
"Mortality";"Basel";"Lung";"0-14";"Male";"2006";"0.00"
"Mortality";"Basel";"Lung";"0-14";"Male";"2007";"0.00"
"Mortality";"Basel";"Lung";"0-14";"Male";"2008";"0.00"
"Mortality";"Basel";"Lung";"0-14";"Male";"2009";"0.00"
"Mortality";"Basel";"Lung";"0-14";"Male";"2010";"0.00"
"Mortality";"Basel";"Lung";"0-14";"Male";"2011";"0.00"
"Mortality";"Basel";"Lung";"0-14";"Male";"2012";"0.00"
"Mortality";"Basel";"Lung";"0-14";"Male";"2013";"0.00"
"Mortality";"Basel";"Lung";"0-14";"Male";"2014";"0.00"
"Mortality";"Basel";"Lung";"0-14";"Male";"2015";"0.00"
"Mortality";"Basel";"Lung";"0-14";"Male";"2016";"0.00"
"Mortality";"Basel";"Lung";"0-14";"Male";"2017";"0.00"
"Mortality";"Basel";"Lung";"0-14";"Male";"2018";"0.00"
"Mortality";"Geneva";"Lung";"0-14";"Female";"1995";"0.00"
"Mortality";"Geneva";"Lung";"0-14";"Female";"1996";"0.00"
"Mortality";"Geneva";"Lung";"0-14";"Female";"1997";"0.00"
"Mortality";"Geneva";"Lung";"0-14";"Female";"1998";"0.00"
"Mortality";"Geneva";"Lung";"0-14";"Female";"1999";"0.00"
"Mortality";"Geneva";"Lung";"0-14";"Female";"2000";"0.00"
"Mortality";"Geneva";"Lung";"0-14";"Female";"2001";"0.00"
"Mortality";"Geneva";"Lung";"0-14";"Female";"2002";"0.00"
"Mortality";"Geneva";"Lung";"0-14";"Female";"2003";"0.00"
"Mortality";"Geneva";"Lung";"0-14";"Female";"2004";"0.00"
"Mortality";"Geneva";"Lung";"0-14";"Female";"2005";"0.00"
"Mortality";"Geneva";"Lung";"0-14";"Female";"2006";"0.00"
"Mortality";"Geneva";"Lung";"0-14";"Female";"2007";"0.00"
"Mortality";"Geneva";"Lung";"0-14";"Female";"2008";"0.00"
"Mortality";"Geneva";"Lung";"0-14";"Female";"2009";"0.00"
"Mortality";"Geneva";"Lung";"0-14";"Female";"2010";"0.00"
"Mortality";"Geneva";"Lung";"0-14";"Female";"2011";"0.00"
"Mortality";"Geneva";"Lung";"0-14";"Female";"2012";"0.00"
"Mortality";"Geneva";"Lung";"0-14";"Female";"2013";"0.00"
"Mortality";"Geneva";"Lung";"0-14";"Female";"2014";"0.00"
"Mortality";"Geneva";"Lung";"0-14";"Female";"2015";"0.00"
"Mortality";"Geneva";"Lung";"0-14";"Female";"2016";"0.00"
"Mortality";"Geneva";"Lung";"0-14";"Female";"2017";"0.00"
"Mortality";"Geneva";"Lung";"0-14";"Female";"2018";"0.00"
"Mortality";"Graubünden and Glarus";"Lung";"0-14";"Male";"1995";"0.00"
"Mortality";"Graubünden and Glarus";"Lung";"0-14";"Male";"1996";"0.00"
"Mortality";"Graubünden and Glarus";"Lung";"0-14";"Male";"1997";"0.00"
"Mortality";"Graubünden and Glarus";"Lung";"0-14";"Male";"1998";"0.00"
"Mortality";"Graubünden and Glarus";"Lung";"0-14";"Male";"1999";"0.00"
"Mortality";"Graubünden and Glarus";"Lung";"0-14";"Male";"2000";"0.00"
"Mortality";"Graubünden and Glarus";"Lung";"0-14";"Male";"2001";"0.00"
"Mortality";"Graubünden and Glarus";"Lung";"0-14";"Male";"2002";"0.00"
"Mortality";"Graubünden and Glarus";"Lung";"0-14";"Male";"2003";"0.00"
"Mortality";"Graubünden and Glarus";"Lung";"0-14";"Male";"2004";"0.00"
"Mortality";"Graubünden and Glarus";"Lung";"0-14";"Male";"2005";"0.00"
"Mortality";"Graubünden and Glarus";"Lung";"0-14";"Male";"2006";"0.00"
"Mortality";"Graubünden and Glarus";"Lung";"0-14";"Male";"2007";"0.00"
"Mortality";"Graubünden and Glarus";"Lung";"0-14";"Male";"2008";"0.00"
"Mortality";"Graubünden and Glarus";"Lung";"0-14";"Male";"2009";"0.00"
"Mortality";"Graubünden and Glarus";"Lung";"0-14";"Male";"2010";"0.00"
"Mortality";"Graubünden and Glarus";"Lung";"0-14";"Male";"2011";"0.00"
"Mortality";"Graubünden and Glarus";"Lung";"0-14";"Male";"2012";"0.00"
"Mortality";"Graubünden and Glarus";"Lung";"0-14";"Male";"2013";"0.00"
"Mortality";"Graubünden and Glarus";"Lung";"0-14";"Male";"2014";"0.00"
"Mortality";"Graubünden and Glarus";"Lung";"0-14";"Male";"2015";"0.00"
"Mortality";"Graubünden and Glarus";"Lung";"0-14";"Male";"2016";"0.00"
"Mortality";"Graubünden and Glarus";"Lung";"0-14";"Male";"2017";"0.00"
"Mortality";"Graubünden and Glarus";"Lung";"0-14";"Male";"2018";"0.00"
"Mortality";"Graubünden and Glarus";"Lung";"0-14";"Female";"1995";"0.00"
"Mortality";"Graubünden and Glarus";"Lung";"0-14";"Female";"1996";"0.00"
"Mortality";"Graubünden and Glarus";"Lung";"0-14";"Female";"1997";"0.00"
"Mortality";"Graubünden and Glarus";"Lung";"0-14";"Female";"1998";"0.00"
"Mortality";"Graubünden and Glarus";"Lung";"0-14";"Female";"1999";"0.00"
"Mortality";"Graubünden and Glarus";"Lung";"0-14";"Female";"2000";"0.00"
"Mortality";"Graubünden and Glarus";"Lung";"0-14";"Female";"2001";"0.00"
"Mortality";"Graubünden and Glarus";"Lung";"0-14";"Female";"2002";"0.00"
"Mortality";"Graubünden and Glarus";"Lung";"0-14";"Female";"2003";"0.00"
"Mortality";"Graubünden and Glarus";"Lung";"0-14";"Female";"2004";"0.00"
"Mortality";"Graubünden and Glarus";"Lung";"0-14";"Female";"2005";"0.00"
"Mortality";"Graubünden and Glarus";"Lung";"0-14";"Female";"2006";"0.00"
"Mortality";"Graubünden and Glarus";"Lung";"0-14";"Female";"2007";"0.00"
"Mortality";"Graubünden and Glarus";"Lung";"0-14";"Female";"2008";"0.00"
"Mortality";"Graubünden and Glarus";"Lung";"0-14";"Female";"2009";"0.00"
"Mortality";"Graubünden and Glarus";"Lung";"0-14";"Female";"2010";"0.00"
"Mortality";"Graubünden and Glarus";"Lung";"0-14";"Female";"2011";"0.00"
"Mortality";"Graubünden and Glarus";"Lung";"0-14";"Female";"2012";"0.00"
"Mortality";"Graubünden and Glarus";"Lung";"0-14";"Female";"2013";"0.00"
"Mortality";"Graubünden and Glarus";"Lung";"0-14";"Female";"2014";"0.00"
"Mortality";"Graubünden and Glarus";"Lung";"0-14";"Female";"2015";"0.00"
"Mortality";"Graubünden and Glarus";"Lung";"0-14";"Female";"2016";"0.00"
"Mortality";"Graubünden and Glarus";"Lung";"0-14";"Female";"2017";"0.00"
"Mortality";"Graubünden and Glarus";"Lung";"0-14";"Female";"2018";"0.00"
"Mortality";"Vaud";"Lung";"0-14";"Female";"1995";"0.00"
"Mortality";"Vaud";"Lung";"0-14";"Female";"1996";"0.00"
"Mortality";"Vaud";"Lung";"0-14";"Female";"1997";"0.00"
"Mortality";"Vaud";"Lung";"0-14";"Female";"1998";"0.00"
"Mortality";"Vaud";"Lung";"0-14";"Female";"1999";"0.00"
"Mortality";"Vaud";"Lung";"0-14";"Female";"2000";"0.00"
"Mortality";"Vaud";"Lung";"0-14";"Female";"2001";"0.00"
"Mortality";"Vaud";"Lung";"0-14";"Female";"2002";"0.00"
"Mortality";"Vaud";"Lung";"0-14";"Female";"2003";"0.00"
"Mortality";"Vaud";"Lung";"0-14";"Female";"2004";"0.00"
"Mortality";"Vaud";"Lung";"0-14";"Female";"2005";"0.00"
"Mortality";"Vaud";"Lung";"0-14";"Female";"2006";"0.00"
"Mortality";"Vaud";"Lung";"0-14";"Female";"2007";"0.00"
"Mortality";"Vaud";"Lung";"0-14";"Female";"2008";"0.00"
"Mortality";"Vaud";"Lung";"0-14";"Female";"2009";"0.00"
"Mortality";"Vaud";"Lung";"0-14";"Female";"2010";"0.00"
"Mortality";"Vaud";"Lung";"0-14";"Female";"2011";"0.00"
"Mortality";"Vaud";"Lung";"0-14";"Female";"2012";"0.00"
"Mortality";"Vaud";"Lung";"0-14";"Female";"2013";"0.00"
"Mortality";"Vaud";"Lung";"0-14";"Female";"2014";"0.00"
"Mortality";"Vaud";"Lung";"0-14";"Female";"2015";"0.00"
"Mortality";"Vaud";"Lung";"0-14";"Female";"2016";"0.00"
"Mortality";"Vaud";"Lung";"0-14";"Female";"2017";"0.00"
"Mortality";"Geneva";"Lung";"0-14";"Male";"1995";"0.00"
"Mortality";"Geneva";"Lung";"0-14";"Male";"1996";"0.00"
"Mortality";"Geneva";"Lung";"0-14";"Male";"1997";"0.00"
"Mortality";"Geneva";"Lung";"0-14";"Male";"1998";"0.00"
"Mortality";"Geneva";"Lung";"0-14";"Male";"1999";"0.00"
"Mortality";"Geneva";"Lung";"0-14";"Male";"2000";"0.00"
"Mortality";"Geneva";"Lung";"0-14";"Male";"2001";"0.00"
"Mortality";"Geneva";"Lung";"0-14";"Male";"2002";"0.00"
"Mortality";"Geneva";"Lung";"0-14";"Male";"2003";"0.00"
"Mortality";"Geneva";"Lung";"0-14";"Male";"2004";"0.00"
"Mortality";"Geneva";"Lung";"0-14";"Male";"2005";"0.00"
"Mortality";"Geneva";"Lung";"0-14";"Male";"2006";"0.00"
"Mortality";"Geneva";"Lung";"0-14";"Male";"2007";"0.00"
"Mortality";"Geneva";"Lung";"0-14";"Male";"2008";"0.00"
"Mortality";"Geneva";"Lung";"0-14";"Male";"2009";"0.00"
"Mortality";"Geneva";"Lung";"0-14";"Male";"2010";"0.00"
"Mortality";"Geneva";"Lung";"0-14";"Male";"2011";"0.00"
"Mortality";"Geneva";"Lung";"0-14";"Male";"2012";"0.00"
"Mortality";"Geneva";"Lung";"0-14";"Male";"2013";"0.00"
"Mortality";"Geneva";"Lung";"0-14";"Male";"2014";"0.00"
"Mortality";"Geneva";"Lung";"0-14";"Male";"2015";"0.00"
"Mortality";"Geneva";"Lung";"0-14";"Male";"2016";"0.00"
"Mortality";"Geneva";"Lung";"0-14";"Male";"2017";"0.00"
"Mortality";"Geneva";"Lung";"0-14";"Male";"2018";"0.00"
"Mortality";"Valais";"Lung";"0-14";"Female";"1995";"0.00"
"Mortality";"Valais";"Lung";"0-14";"Female";"1996";"0.00"
"Mortality";"Valais";"Lung";"0-14";"Female";"1997";"0.00"
"Mortality";"Valais";"Lung";"0-14";"Female";"1998";"0.00"
"Mortality";"Valais";"Lung";"0-14";"Female";"1999";"0.00"
"Mortality";"Valais";"Lung";"0-14";"Female";"2000";"0.00"
"Mortality";"Valais";"Lung";"0-14";"Female";"2001";"0.00"
"Mortality";"Valais";"Lung";"0-14";"Female";"2002";"0.00"
"Mortality";"Valais";"Lung";"0-14";"Female";"2003";"0.00"
"Mortality";"Valais";"Lung";"0-14";"Female";"2004";"0.00"
"Mortality";"Valais";"Lung";"0-14";"Female";"2005";"0.00"
"Mortality";"Valais";"Lung";"0-14";"Female";"2006";"0.00"
"Mortality";"Valais";"Lung";"0-14";"Female";"2007";"0.00"
"Mortality";"Valais";"Lung";"0-14";"Female";"2008";"0.00"
"Mortality";"Valais";"Lung";"0-14";"Female";"2009";"0.00"
"Mortality";"Valais";"Lung";"0-14";"Female";"2010";"0.00"
"Mortality";"Valais";"Lung";"0-14";"Female";"2011";"0.00"
"Mortality";"Valais";"Lung";"0-14";"Female";"2012";"0.00"
"Mortality";"Valais";"Lung";"0-14";"Female";"2013";"0.00"
"Mortality";"Valais";"Lung";"0-14";"Female";"2014";"0.00"
"Mortality";"Valais";"Lung";"0-14";"Female";"2015";"0.00"
"Mortality";"Valais";"Lung";"0-14";"Female";"2016";"0.00"
"Mortality";"Valais";"Lung";"0-14";"Female";"2017";"0.00"
"Mortality";"Valais";"Lung";"0-14";"Female";"2018";"0.00"
"Mortality";"Valais";"Lung";"0-14";"Male";"1995";"0.00"
"Mortality";"Valais";"Lung";"0-14";"Male";"1996";"0.00"
"Mortality";"Valais";"Lung";"0-14";"Male";"1997";"0.00"
"Mortality";"Valais";"Lung";"0-14";"Male";"1998";"0.00"
"Mortality";"Valais";"Lung";"0-14";"Male";"1999";"0.00"
"Mortality";"Valais";"Lung";"0-14";"Male";"2000";"0.00"
"Mortality";"Valais";"Lung";"0-14";"Male";"2001";"0.00"
"Mortality";"Valais";"Lung";"0-14";"Male";"2002";"0.00"
"Mortality";"Valais";"Lung";"0-14";"Male";"2003";"0.00"
"Mortality";"Valais";"Lung";"0-14";"Male";"2004";"0.00"
"Mortality";"Valais";"Lung";"0-14";"Male";"2005";"0.00"
"Mortality";"Valais";"Lung";"0-14";"Male";"2006";"0.00"
"Mortality";"Valais";"Lung";"0-14";"Male";"2007";"0.00"
"Mortality";"Valais";"Lung";"0-14";"Male";"2008";"0.00"
"Mortality";"Valais";"Lung";"0-14";"Male";"2009";"0.00"
"Mortality";"Valais";"Lung";"0-14";"Male";"2010";"0.00"
"Mortality";"Valais";"Lung";"0-14";"Male";"2011";"0.00"
"Mortality";"Valais";"Lung";"0-14";"Male";"2012";"0.00"
"Mortality";"Valais";"Lung";"0-14";"Male";"2013";"0.00"
"Mortality";"Valais";"Lung";"0-14";"Male";"2014";"0.00"
"Mortality";"Valais";"Lung";"0-14";"Male";"2015";"0.00"
"Mortality";"Valais";"Lung";"0-14";"Male";"2016";"0.00"
"Mortality";"Valais";"Lung";"0-14";"Male";"2017";"0.00"
"Mortality";"Valais";"Lung";"0-14";"Male";"2018";"0.00"
"Mortality";"Graubünden and Glarus";"Lung";"15-29";"Female";"1995";"0.00"
"Mortality";"Graubünden and Glarus";"Lung";"15-29";"Female";"1996";"0.00"
"Mortality";"Graubünden and Glarus";"Lung";"15-29";"Female";"1997";"0.00"
"Mortality";"Graubünden and Glarus";"Lung";"15-29";"Female";"1998";"0.00"
"Mortality";"Graubünden and Glarus";"Lung";"15-29";"Female";"1999";"0.00"
"Mortality";"Graubünden and Glarus";"Lung";"15-29";"Female";"2000";"0.00"
"Mortality";"Graubünden and Glarus";"Lung";"15-29";"Female";"2001";"0.00"
"Mortality";"Graubünden and Glarus";"Lung";"15-29";"Female";"2002";"0.00"
"Mortality";"Graubünden and Glarus";"Lung";"15-29";"Female";"2003";"0.00"
"Mortality";"Graubünden and Glarus";"Lung";"15-29";"Female";"2004";"0.00"
"Mortality";"Graubünden and Glarus";"Lung";"15-29";"Female";"2005";"0.00"
"Mortality";"Graubünden and Glarus";"Lung";"15-29";"Female";"2006";"0.00"
"Mortality";"Graubünden and Glarus";"Lung";"15-29";"Female";"2007";"0.00"
"Mortality";"Graubünden and Glarus";"Lung";"15-29";"Female";"2008";"0.00"
"Mortality";"Graubünden and Glarus";"Lung";"15-29";"Female";"2009";"0.00"
"Mortality";"Graubünden and Glarus";"Lung";"15-29";"Female";"2010";"0.00"
"Mortality";"Graubünden and Glarus";"Lung";"15-29";"Female";"2011";"0.00"
"Mortality";"Graubünden and Glarus";"Lung";"15-29";"Female";"2012";"0.00"
"Mortality";"Graubünden and Glarus";"Lung";"15-29";"Female";"2013";"0.00"
"Mortality";"Graubünden and Glarus";"Lung";"15-29";"Female";"2014";"0.00"
"Mortality";"Graubünden and Glarus";"Lung";"15-29";"Female";"2015";"0.00"
"Mortality";"Graubünden and Glarus";"Lung";"15-29";"Female";"2016";"0.00"
"Mortality";"Graubünden and Glarus";"Lung";"15-29";"Female";"2017";"0.00"
"Mortality";"Graubünden and Glarus";"Lung";"15-29";"Female";"2018";"0.00"
"Mortality";"Graubünden and Glarus";"Lung";"15-29";"Male";"1995";"0.00"
"Mortality";"Graubünden and Glarus";"Lung";"15-29";"Male";"1996";"0.00"
"Mortality";"Graubünden and Glarus";"Lung";"15-29";"Male";"1997";"0.00"
"Mortality";"Graubünden and Glarus";"Lung";"15-29";"Male";"1998";"0.00"
"Mortality";"Graubünden and Glarus";"Lung";"15-29";"Male";"1999";"0.00"
"Mortality";"Graubünden and Glarus";"Lung";"15-29";"Male";"2000";"0.00"
"Mortality";"Graubünden and Glarus";"Lung";"15-29";"Male";"2001";"0.00"
"Mortality";"Graubünden and Glarus";"Lung";"15-29";"Male";"2002";"4.89"
"Mortality";"Graubünden and Glarus";"Lung";"15-29";"Male";"2003";"0.00"
"Mortality";"Graubünden and Glarus";"Lung";"15-29";"Male";"2004";"0.00"
"Mortality";"Graubünden and Glarus";"Lung";"15-29";"Male";"2005";"0.00"
"Mortality";"Graubünden and Glarus";"Lung";"15-29";"Male";"2006";"0.00"
"Mortality";"Graubünden and Glarus";"Lung";"15-29";"Male";"2007";"0.00"
"Mortality";"Graubünden and Glarus";"Lung";"15-29";"Male";"2008";"0.00"
"Mortality";"Graubünden and Glarus";"Lung";"15-29";"Male";"2009";"0.00"
"Mortality";"Graubünden and Glarus";"Lung";"15-29";"Male";"2010";"0.00"
"Mortality";"Graubünden and Glarus";"Lung";"15-29";"Male";"2011";"0.00"
"Mortality";"Graubünden and Glarus";"Lung";"15-29";"Male";"2012";"0.00"
"Mortality";"Graubünden and Glarus";"Lung";"15-29";"Male";"2013";"0.00"
"Mortality";"Graubünden and Glarus";"Lung";"15-29";"Male";"2014";"0.00"
"Mortality";"Graubünden and Glarus";"Lung";"15-29";"Male";"2015";"0.00"
"Mortality";"Graubünden and Glarus";"Lung";"15-29";"Male";"2016";"0.00"
"Mortality";"Graubünden and Glarus";"Lung";"15-29";"Male";"2017";"4.66"
"Mortality";"Graubünden and Glarus";"Lung";"15-29";"Male";"2018";"0.00"
"Mortality";"Geneva";"Lung";"15-29";"Male";"1995";"0.00"
"Mortality";"Geneva";"Lung";"15-29";"Male";"1996";"0.00"
"Mortality";"Geneva";"Lung";"15-29";"Male";"1997";"0.00"
"Mortality";"Geneva";"Lung";"15-29";"Male";"1998";"0.00"
"Mortality";"Geneva";"Lung";"15-29";"Male";"1999";"0.00"
"Mortality";"Geneva";"Lung";"15-29";"Male";"2000";"0.00"
"Mortality";"Geneva";"Lung";"15-29";"Male";"2001";"0.00"
"Mortality";"Geneva";"Lung";"15-29";"Male";"2002";"0.00"
"Mortality";"Geneva";"Lung";"15-29";"Male";"2003";"0.00"
"Mortality";"Geneva";"Lung";"15-29";"Male";"2004";"0.00"
"Mortality";"Geneva";"Lung";"15-29";"Male";"2005";"0.00"
"Mortality";"Geneva";"Lung";"15-29";"Male";"2006";"0.00"
"Mortality";"Geneva";"Lung";"15-29";"Male";"2007";"0.00"
"Mortality";"Geneva";"Lung";"15-29";"Male";"2008";"0.00"
"Mortality";"Geneva";"Lung";"15-29";"Male";"2009";"0.00"
"Mortality";"Geneva";"Lung";"15-29";"Male";"2010";"0.00"
"Mortality";"Geneva";"Lung";"15-29";"Male";"2011";"0.00"
"Mortality";"Geneva";"Lung";"15-29";"Male";"2012";"0.00"
"Mortality";"Geneva";"Lung";"15-29";"Male";"2013";"2.29"
"Mortality";"Geneva";"Lung";"15-29";"Male";"2014";"0.00"
"Mortality";"Geneva";"Lung";"15-29";"Male";"2015";"0.00"
"Mortality";"Geneva";"Lung";"15-29";"Male";"2016";"0.00"
"Mortality";"Geneva";"Lung";"15-29";"Male";"2017";"0.00"
"Mortality";"Geneva";"Lung";"15-29";"Male";"2018";"0.00"
"Mortality";"Geneva";"Lung";"15-29";"Female";"1995";"0.00"
"Mortality";"Geneva";"Lung";"15-29";"Female";"1996";"0.00"
"Mortality";"Geneva";"Lung";"15-29";"Female";"1997";"0.00"
"Mortality";"Geneva";"Lung";"15-29";"Female";"1998";"0.00"
"Mortality";"Geneva";"Lung";"15-29";"Female";"1999";"0.00"
"Mortality";"Geneva";"Lung";"15-29";"Female";"2000";"0.00"
"Mortality";"Geneva";"Lung";"15-29";"Female";"2001";"0.00"
"Mortality";"Geneva";"Lung";"15-29";"Female";"2002";"0.00"
"Mortality";"Geneva";"Lung";"15-29";"Female";"2003";"0.00"
"Mortality";"Geneva";"Lung";"15-29";"Female";"2004";"0.00"
"Mortality";"Geneva";"Lung";"15-29";"Female";"2005";"0.00"
"Mortality";"Geneva";"Lung";"15-29";"Female";"2006";"0.00"
"Mortality";"Geneva";"Lung";"15-29";"Female";"2007";"0.00"
"Mortality";"Geneva";"Lung";"15-29";"Female";"2008";"0.00"
"Mortality";"Geneva";"Lung";"15-29";"Female";"2009";"0.00"
"Mortality";"Geneva";"Lung";"15-29";"Female";"2010";"0.00"
"Mortality";"Geneva";"Lung";"15-29";"Female";"2011";"0.00"
"Mortality";"Geneva";"Lung";"15-29";"Female";"2012";"0.00"
"Mortality";"Geneva";"Lung";"15-29";"Female";"2013";"0.00"
"Mortality";"Geneva";"Lung";"15-29";"Female";"2014";"0.00"
"Mortality";"Geneva";"Lung";"15-29";"Female";"2015";"0.00"
"Mortality";"Geneva";"Lung";"15-29";"Female";"2016";"0.00"
"Mortality";"Geneva";"Lung";"15-29";"Female";"2017";"0.00"
"Mortality";"Geneva";"Lung";"15-29";"Female";"2018";"0.00"
"Mortality";"Basel";"Lung";"15-29";"Female";"1995";"0.00"
"Mortality";"Basel";"Lung";"15-29";"Female";"1996";"0.00"
"Mortality";"Basel";"Lung";"15-29";"Female";"1997";"0.00"
"Mortality";"Basel";"Lung";"15-29";"Female";"1998";"0.00"
"Mortality";"Basel";"Lung";"15-29";"Female";"1999";"0.00"
"Mortality";"Basel";"Lung";"15-29";"Female";"2000";"2.73"
"Mortality";"Basel";"Lung";"15-29";"Female";"2001";"0.00"
"Mortality";"Basel";"Lung";"15-29";"Female";"2002";"0.00"
"Mortality";"Basel";"Lung";"15-29";"Female";"2003";"0.00"
"Mortality";"Basel";"Lung";"15-29";"Female";"2004";"0.00"
"Mortality";"Basel";"Lung";"15-29";"Female";"2005";"0.00"
"Mortality";"Basel";"Lung";"15-29";"Female";"2006";"0.00"
"Mortality";"Basel";"Lung";"15-29";"Female";"2007";"0.00"
"Mortality";"Basel";"Lung";"15-29";"Female";"2008";"0.00"
"Mortality";"Basel";"Lung";"15-29";"Female";"2009";"0.00"
"Mortality";"Basel";"Lung";"15-29";"Female";"2010";"0.00"
"Mortality";"Basel";"Lung";"15-29";"Female";"2011";"0.00"
"Mortality";"Basel";"Lung";"15-29";"Female";"2012";"0.00"
"Mortality";"Basel";"Lung";"15-29";"Female";"2013";"0.00"
"Mortality";"Basel";"Lung";"15-29";"Female";"2014";"0.00"
"Mortality";"Basel";"Lung";"15-29";"Female";"2015";"0.00"
"Mortality";"Basel";"Lung";"15-29";"Female";"2016";"0.00"
"Mortality";"Basel";"Lung";"15-29";"Female";"2017";"0.00"
"Mortality";"Basel";"Lung";"15-29";"Female";"2018";"0.00"
"Mortality";"Basel";"Lung";"15-29";"Male";"1995";"2.44"
"Mortality";"Basel";"Lung";"15-29";"Male";"1996";"0.00"
"Mortality";"Basel";"Lung";"15-29";"Male";"1997";"0.00"
"Mortality";"Basel";"Lung";"15-29";"Male";"1998";"0.00"
"Mortality";"Basel";"Lung";"15-29";"Male";"1999";"0.00"
"Mortality";"Basel";"Lung";"15-29";"Male";"2000";"0.00"
"Mortality";"Basel";"Lung";"15-29";"Male";"2001";"0.00"
"Mortality";"Basel";"Lung";"15-29";"Male";"2002";"0.00"
"Mortality";"Basel";"Lung";"15-29";"Male";"2003";"0.00"
"Mortality";"Basel";"Lung";"15-29";"Male";"2004";"0.00"
"Mortality";"Basel";"Lung";"15-29";"Male";"2005";"0.00"
"Mortality";"Basel";"Lung";"15-29";"Male";"2006";"0.00"
"Mortality";"Basel";"Lung";"15-29";"Male";"2007";"0.00"
"Mortality";"Basel";"Lung";"15-29";"Male";"2008";"0.00"
"Mortality";"Basel";"Lung";"15-29";"Male";"2009";"0.00"
"Mortality";"Basel";"Lung";"15-29";"Male";"2010";"0.00"
"Mortality";"Basel";"Lung";"15-29";"Male";"2011";"0.00"
"Mortality";"Basel";"Lung";"15-29";"Male";"2012";"0.00"
"Mortality";"Basel";"Lung";"15-29";"Male";"2013";"0.00"
"Mortality";"Basel";"Lung";"15-29";"Male";"2014";"0.00"
"Mortality";"Basel";"Lung";"15-29";"Male";"2015";"0.00"
"Mortality";"Basel";"Lung";"15-29";"Male";"2016";"0.00"
"Mortality";"Basel";"Lung";"15-29";"Male";"2017";"0.00"
"Mortality";"Basel";"Lung";"15-29";"Male";"2018";"0.00"
"Mortality";"Zurich, Zug, Schaffhausen, and Schwyz";"Lung";"15-29";"Female";"1995";"0.00"
"Mortality";"Zurich, Zug, Schaffhausen, and Schwyz";"Lung";"15-29";"Female";"1996";"0.00"
"Mortality";"Zurich, Zug, Schaffhausen, and Schwyz";"Lung";"15-29";"Female";"1997";"0.00"
"Mortality";"Zurich, Zug, Schaffhausen, and Schwyz";"Lung";"15-29";"Female";"1998";"0.00"
"Mortality";"Zurich, Zug, Schaffhausen, and Schwyz";"Lung";"15-29";"Female";"1999";"0.00"
"Mortality";"Zurich, Zug, Schaffhausen, and Schwyz";"Lung";"15-29";"Female";"2000";"0.92"
"Mortality";"Zurich, Zug, Schaffhausen, and Schwyz";"Lung";"15-29";"Female";"2001";"0.00"
"Mortality";"Zurich, Zug, Schaffhausen, and Schwyz";"Lung";"15-29";"Female";"2002";"0.00"
"Mortality";"Zurich, Zug, Schaffhausen, and Schwyz";"Lung";"15-29";"Female";"2003";"0.00"
"Mortality";"Zurich, Zug, Schaffhausen, and Schwyz";"Lung";"15-29";"Female";"2004";"0.90"
"Mortality";"Zurich, Zug, Schaffhausen, and Schwyz";"Lung";"15-29";"Female";"2005";"0.00"
"Mortality";"Zurich, Zug, Schaffhausen, and Schwyz";"Lung";"15-29";"Female";"2006";"0.00"
"Mortality";"Zurich, Zug, Schaffhausen, and Schwyz";"Lung";"15-29";"Female";"2007";"0.00"
"Mortality";"Zurich, Zug, Schaffhausen, and Schwyz";"Lung";"15-29";"Female";"2008";"0.00"
"Mortality";"Zurich, Zug, Schaffhausen, and Schwyz";"Lung";"15-29";"Female";"2009";"0.00"
"Mortality";"Zurich, Zug, Schaffhausen, and Schwyz";"Lung";"15-29";"Female";"2010";"0.00"
"Mortality";"Zurich, Zug, Schaffhausen, and Schwyz";"Lung";"15-29";"Female";"2011";"0.00"
"Mortality";"Zurich, Zug, Schaffhausen, and Schwyz";"Lung";"15-29";"Female";"2012";"0.00"
"Mortality";"Zurich, Zug, Schaffhausen, and Schwyz";"Lung";"15-29";"Female";"2013";"0.00"
"Mortality";"Zurich, Zug, Schaffhausen, and Schwyz";"Lung";"15-29";"Female";"2014";"0.00"
"Mortality";"Zurich, Zug, Schaffhausen, and Schwyz";"Lung";"15-29";"Female";"2015";"0.00"
"Mortality";"Zurich, Zug, Schaffhausen, and Schwyz";"Lung";"15-29";"Female";"2016";"0.00"
"Mortality";"Zurich, Zug, Schaffhausen, and Schwyz";"Lung";"15-29";"Female";"2017";"0.74"
"Mortality";"Zurich, Zug, Schaffhausen, and Schwyz";"Lung";"15-29";"Female";"2018";"0.00"
"Mortality";"Zurich, Zug, Schaffhausen, and Schwyz";"Lung";"15-29";"Male";"1995";"0.00"
"Mortality";"Zurich, Zug, Schaffhausen, and Schwyz";"Lung";"15-29";"Male";"1996";"0.89"
"Mortality";"Zurich, Zug, Schaffhausen, and Schwyz";"Lung";"15-29";"Male";"1997";"0.00"
"Mortality";"Zurich, Zug, Schaffhausen, and Schwyz";"Lung";"15-29";"Male";"1998";"0.00"
"Mortality";"Zurich, Zug, Schaffhausen, and Schwyz";"Lung";"15-29";"Male";"1999";"0.00"
"Mortality";"Zurich, Zug, Schaffhausen, and Schwyz";"Lung";"15-29";"Male";"2000";"0.00"
"Mortality";"Zurich, Zug, Schaffhausen, and Schwyz";"Lung";"15-29";"Male";"2001";"0.00"
"Mortality";"Zurich, Zug, Schaffhausen, and Schwyz";"Lung";"15-29";"Male";"2002";"0.00"
"Mortality";"Zurich, Zug, Schaffhausen, and Schwyz";"Lung";"15-29";"Male";"2003";"0.90"
"Mortality";"Zurich, Zug, Schaffhausen, and Schwyz";"Lung";"15-29";"Male";"2004";"0.00"
"Mortality";"Zurich, Zug, Schaffhausen, and Schwyz";"Lung";"15-29";"Male";"2005";"0.00"
"Mortality";"Zurich, Zug, Schaffhausen, and Schwyz";"Lung";"15-29";"Male";"2006";"0.00"
"Mortality";"Zurich, Zug, Schaffhausen, and Schwyz";"Lung";"15-29";"Male";"2007";"0.00"
"Mortality";"Zurich, Zug, Schaffhausen, and Schwyz";"Lung";"15-29";"Male";"2008";"0.00"
"Mortality";"Zurich, Zug, Schaffhausen, and Schwyz";"Lung";"15-29";"Male";"2009";"0.00"
"Mortality";"Zurich, Zug, Schaffhausen, and Schwyz";"Lung";"15-29";"Male";"2010";"0.00"
"Mortality";"Zurich, Zug, Schaffhausen, and Schwyz";"Lung";"15-29";"Male";"2011";"0.00"
"Mortality";"Zurich, Zug, Schaffhausen, and Schwyz";"Lung";"15-29";"Male";"2012";"0.00"
"Mortality";"Zurich, Zug, Schaffhausen, and Schwyz";"Lung";"15-29";"Male";"2013";"0.00"
"Mortality";"Zurich, Zug, Schaffhausen, and Schwyz";"Lung";"15-29";"Male";"2014";"0.73"
"Mortality";"Zurich, Zug, Schaffhausen, and Schwyz";"Lung";"15-29";"Male";"2015";"0.00"
"Mortality";"Zurich, Zug, Schaffhausen, and Schwyz";"Lung";"15-29";"Male";"2016";"0.00"
"Mortality";"Zurich, Zug, Schaffhausen, and Schwyz";"Lung";"15-29";"Male";"2017";"0.00"
"Mortality";"Zurich, Zug, Schaffhausen, and Schwyz";"Lung";"15-29";"Male";"2018";"0.00"
"Mortality";"Vaud";"Lung";"15-29";"Male";"1995";"0.00"
"Mortality";"Vaud";"Lung";"15-29";"Male";"1996";"0.00"
"Mortality";"Vaud";"Lung";"15-29";"Male";"1997";"0.00"
"Mortality";"Vaud";"Lung";"15-29";"Male";"1998";"0.00"
"Mortality";"Vaud";"Lung";"15-29";"Male";"1999";"0.00"
"Mortality";"Vaud";"Lung";"15-29";"Male";"2000";"0.00"
"Mortality";"Vaud";"Lung";"15-29";"Male";"2001";"0.00"
"Mortality";"Vaud";"Lung";"15-29";"Male";"2002";"0.00"
"Mortality";"Vaud";"Lung";"15-29";"Male";"2003";"0.00"
"Mortality";"Vaud";"Lung";"15-29";"Male";"2004";"0.00"
"Mortality";"Vaud";"Lung";"15-29";"Male";"2005";"0.00"
"Mortality";"Vaud";"Lung";"15-29";"Male";"2006";"0.00"
"Mortality";"Vaud";"Lung";"15-29";"Male";"2007";"0.00"
"Mortality";"Vaud";"Lung";"15-29";"Male";"2008";"0.00"
"Mortality";"Vaud";"Lung";"15-29";"Male";"2009";"0.00"
"Mortality";"Vaud";"Lung";"15-29";"Male";"2010";"0.00"
"Mortality";"Vaud";"Lung";"15-29";"Male";"2011";"0.00"
"Mortality";"Vaud";"Lung";"15-29";"Male";"2012";"0.00"
"Mortality";"Vaud";"Lung";"15-29";"Male";"2013";"0.00"
"Mortality";"Vaud";"Lung";"15-29";"Male";"2014";"0.00"
"Mortality";"Vaud";"Lung";"15-29";"Male";"2015";"0.00"
"Mortality";"Vaud";"Lung";"15-29";"Male";"2016";"0.00"
"Mortality";"Vaud";"Lung";"15-29";"Male";"2017";"0.00"
"Mortality";"Valais";"Lung";"15-29";"Female";"1995";"0.00"
"Mortality";"Valais";"Lung";"15-29";"Female";"1996";"0.00"
"Mortality";"Valais";"Lung";"15-29";"Female";"1997";"0.00"
"Mortality";"Valais";"Lung";"15-29";"Female";"1998";"0.00"
"Mortality";"Valais";"Lung";"15-29";"Female";"1999";"0.00"
"Mortality";"Valais";"Lung";"15-29";"Female";"2000";"0.00"
"Mortality";"Valais";"Lung";"15-29";"Female";"2001";"3.79"
"Mortality";"Valais";"Lung";"15-29";"Female";"2002";"0.00"
"Mortality";"Valais";"Lung";"15-29";"Female";"2003";"0.00"
"Mortality";"Valais";"Lung";"15-29";"Female";"2004";"0.00"
"Mortality";"Valais";"Lung";"15-29";"Female";"2005";"0.00"
"Mortality";"Valais";"Lung";"15-29";"Female";"2006";"0.00"
"Mortality";"Valais";"Lung";"15-29";"Female";"2007";"0.00"
"Mortality";"Valais";"Lung";"15-29";"Female";"2008";"0.00"
"Mortality";"Valais";"Lung";"15-29";"Female";"2009";"0.00"
"Mortality";"Valais";"Lung";"15-29";"Female";"2010";"0.00"
"Mortality";"Valais";"Lung";"15-29";"Female";"2011";"0.00"
"Mortality";"Valais";"Lung";"15-29";"Female";"2012";"0.00"
"Mortality";"Valais";"Lung";"15-29";"Female";"2013";"0.00"
"Mortality";"Valais";"Lung";"15-29";"Female";"2014";"0.00"
"Mortality";"Valais";"Lung";"15-29";"Female";"2015";"0.00"
"Mortality";"Valais";"Lung";"15-29";"Female";"2016";"0.00"
"Mortality";"Valais";"Lung";"15-29";"Female";"2017";"0.00"
"Mortality";"Valais";"Lung";"15-29";"Female";"2018";"0.00"
"Mortality";"Valais";"Lung";"15-29";"Male";"1995";"0.00"
"Mortality";"Valais";"Lung";"15-29";"Male";"1996";"0.00"
"Mortality";"Valais";"Lung";"15-29";"Male";"1997";"0.00"
"Mortality";"Valais";"Lung";"15-29";"Male";"1998";"0.00"
"Mortality";"Valais";"Lung";"15-29";"Male";"1999";"0.00"
"Mortality";"Valais";"Lung";"15-29";"Male";"2000";"0.00"
"Mortality";"Valais";"Lung";"15-29";"Male";"2001";"0.00"
"Mortality";"Valais";"Lung";"15-29";"Male";"2002";"0.00"
"Mortality";"Valais";"Lung";"15-29";"Male";"2003";"0.00"
"Mortality";"Valais";"Lung";"15-29";"Male";"2004";"0.00"
"Mortality";"Valais";"Lung";"15-29";"Male";"2005";"0.00"
"Mortality";"Valais";"Lung";"15-29";"Male";"2006";"0.00"
"Mortality";"Valais";"Lung";"15-29";"Male";"2007";"0.00"
"Mortality";"Valais";"Lung";"15-29";"Male";"2008";"3.37"
"Mortality";"Valais";"Lung";"15-29";"Male";"2009";"0.00"
"Mortality";"Valais";"Lung";"15-29";"Male";"2010";"0.00"
"Mortality";"Valais";"Lung";"15-29";"Male";"2011";"0.00"
"Mortality";"Valais";"Lung";"15-29";"Male";"2012";"0.00"
"Mortality";"Valais";"Lung";"15-29";"Male";"2013";"0.00"
"Mortality";"Valais";"Lung";"15-29";"Male";"2014";"0.00"
"Mortality";"Valais";"Lung";"15-29";"Male";"2015";"0.00"
"Mortality";"Valais";"Lung";"15-29";"Male";"2016";"0.00"
"Mortality";"Valais";"Lung";"15-29";"Male";"2017";"0.00"
"Mortality";"Valais";"Lung";"15-29";"Male";"2018";"0.00"
"Mortality";"Vaud";"Lung";"15-29";"Female";"1995";"0.00"
"Mortality";"Vaud";"Lung";"15-29";"Female";"1996";"0.00"
"Mortality";"Vaud";"Lung";"15-29";"Female";"1997";"0.00"
"Mortality";"Vaud";"Lung";"15-29";"Female";"1998";"0.00"
"Mortality";"Vaud";"Lung";"15-29";"Female";"1999";"0.00"
"Mortality";"Vaud";"Lung";"15-29";"Female";"2000";"0.00"
"Mortality";"Vaud";"Lung";"15-29";"Female";"2001";"0.00"
"Mortality";"Vaud";"Lung";"15-29";"Female";"2002";"0.00"
"Mortality";"Vaud";"Lung";"15-29";"Female";"2003";"0.00"
"Mortality";"Vaud";"Lung";"15-29";"Female";"2004";"0.00"
"Mortality";"Vaud";"Lung";"15-29";"Female";"2005";"0.00"
"Mortality";"Vaud";"Lung";"15-29";"Female";"2006";"1.67"
"Mortality";"Vaud";"Lung";"15-29";"Female";"2007";"0.00"
"Mortality";"Vaud";"Lung";"15-29";"Female";"2008";"0.00"
"Mortality";"Vaud";"Lung";"15-29";"Female";"2009";"0.00"
"Mortality";"Vaud";"Lung";"15-29";"Female";"2010";"0.00"
"Mortality";"Vaud";"Lung";"15-29";"Female";"2011";"0.00"
"Mortality";"Vaud";"Lung";"15-29";"Female";"2012";"0.00"
"Mortality";"Vaud";"Lung";"15-29";"Female";"2013";"0.00"
"Mortality";"Vaud";"Lung";"15-29";"Female";"2014";"0.00"
"Mortality";"Vaud";"Lung";"15-29";"Female";"2015";"0.00"
"Mortality";"Vaud";"Lung";"15-29";"Female";"2016";"0.00"
"Mortality";"Vaud";"Lung";"15-29";"Female";"2017";"0.00"
"Mortality";"Valais";"Lung";"30-44";"Male";"1995";"9.16"
"Mortality";"Valais";"Lung";"30-44";"Male";"1996";"9.06"
"Mortality";"Valais";"Lung";"30-44";"Male";"1997";"3.00"
"Mortality";"Valais";"Lung";"30-44";"Male";"1998";"5.96"
"Mortality";"Valais";"Lung";"30-44";"Male";"1999";"2.98"
"Mortality";"Valais";"Lung";"30-44";"Male";"2000";"0.00"
"Mortality";"Valais";"Lung";"30-44";"Male";"2001";"14.93"
"Mortality";"Valais";"Lung";"30-44";"Male";"2002";"2.97"
"Mortality";"Valais";"Lung";"30-44";"Male";"2003";"14.82"
"Mortality";"Valais";"Lung";"30-44";"Male";"2004";"0.00"
"Mortality";"Valais";"Lung";"30-44";"Male";"2005";"0.00"
"Mortality";"Valais";"Lung";"30-44";"Male";"2006";"0.00"
"Mortality";"Valais";"Lung";"30-44";"Male";"2007";"3.01"
"Mortality";"Valais";"Lung";"30-44";"Male";"2008";"0.00"
"Mortality";"Valais";"Lung";"30-44";"Male";"2009";"3.02"
"Mortality";"Valais";"Lung";"30-44";"Male";"2010";"3.03"
"Mortality";"Valais";"Lung";"30-44";"Male";"2011";"3.05"
"Mortality";"Valais";"Lung";"30-44";"Male";"2012";"3.05"
"Mortality";"Valais";"Lung";"30-44";"Male";"2013";"12.08"
"Mortality";"Valais";"Lung";"30-44";"Male";"2014";"0.00"
"Mortality";"Valais";"Lung";"30-44";"Male";"2015";"0.00"
"Mortality";"Valais";"Lung";"30-44";"Male";"2016";"2.97"
"Mortality";"Valais";"Lung";"30-44";"Male";"2017";"2.96"
"Mortality";"Valais";"Lung";"30-44";"Male";"2018";"2.95"
"Mortality";"Vaud";"Lung";"30-44";"Male";"1995";"1.40"
"Mortality";"Vaud";"Lung";"30-44";"Male";"1996";"1.39"
"Mortality";"Vaud";"Lung";"30-44";"Male";"1997";"12.46"
"Mortality";"Vaud";"Lung";"30-44";"Male";"1998";"4.15"
"Mortality";"Vaud";"Lung";"30-44";"Male";"1999";"5.51"
"Mortality";"Vaud";"Lung";"30-44";"Male";"2000";"1.37"
"Mortality";"Vaud";"Lung";"30-44";"Male";"2001";"6.82"
"Mortality";"Vaud";"Lung";"30-44";"Male";"2002";"1.35"
"Mortality";"Vaud";"Lung";"30-44";"Male";"2003";"0.00"
"Mortality";"Vaud";"Lung";"30-44";"Male";"2004";"0.00"
"Mortality";"Vaud";"Lung";"30-44";"Male";"2005";"5.28"
"Mortality";"Vaud";"Lung";"30-44";"Male";"2006";"1.32"
"Mortality";"Vaud";"Lung";"30-44";"Male";"2007";"2.62"
"Mortality";"Vaud";"Lung";"30-44";"Male";"2008";"0.00"
"Mortality";"Vaud";"Lung";"30-44";"Male";"2009";"1.28"
"Mortality";"Vaud";"Lung";"30-44";"Male";"2010";"1.27"
"Mortality";"Vaud";"Lung";"30-44";"Male";"2011";"0.00"
"Mortality";"Vaud";"Lung";"30-44";"Male";"2012";"1.25"
"Mortality";"Vaud";"Lung";"30-44";"Male";"2013";"1.24"
"Mortality";"Vaud";"Lung";"30-44";"Male";"2014";"0.00"
"Mortality";"Vaud";"Lung";"30-44";"Male";"2015";"2.40"
"Mortality";"Vaud";"Lung";"30-44";"Male";"2016";"1.19"
"Mortality";"Vaud";"Lung";"30-44";"Male";"2017";"1.17"
"Mortality";"Basel";"Lung";"30-44";"Male";"1995";"3.95"
"Mortality";"Basel";"Lung";"30-44";"Male";"1996";"5.88"
"Mortality";"Basel";"Lung";"30-44";"Male";"1997";"5.84"
"Mortality";"Basel";"Lung";"30-44";"Male";"1998";"3.89"
"Mortality";"Basel";"Lung";"30-44";"Male";"1999";"1.95"
"Mortality";"Basel";"Lung";"30-44";"Male";"2000";"1.95"
"Mortality";"Basel";"Lung";"30-44";"Male";"2001";"0.00"
"Mortality";"Basel";"Lung";"30-44";"Male";"2002";"1.97"
"Mortality";"Basel";"Lung";"30-44";"Male";"2003";"7.91"
"Mortality";"Basel";"Lung";"30-44";"Male";"2004";"3.99"
"Mortality";"Basel";"Lung";"30-44";"Male";"2005";"4.05"
"Mortality";"Basel";"Lung";"30-44";"Male";"2006";"0.00"
"Mortality";"Basel";"Lung";"30-44";"Male";"2007";"4.18"
"Mortality";"Basel";"Lung";"30-44";"Male";"2008";"2.10"
"Mortality";"Basel";"Lung";"30-44";"Male";"2009";"0.00"
"Mortality";"Basel";"Lung";"30-44";"Male";"2010";"4.25"
"Mortality";"Basel";"Lung";"30-44";"Male";"2011";"2.14"
"Mortality";"Basel";"Lung";"30-44";"Male";"2012";"0.00"
"Mortality";"Basel";"Lung";"30-44";"Male";"2013";"2.07"
"Mortality";"Basel";"Lung";"30-44";"Male";"2014";"4.12"
"Mortality";"Basel";"Lung";"30-44";"Male";"2015";"2.04"
"Mortality";"Basel";"Lung";"30-44";"Male";"2016";"2.03"
"Mortality";"Basel";"Lung";"30-44";"Male";"2017";"2.01"
"Mortality";"Basel";"Lung";"30-44";"Male";"2018";"4.00"
"Mortality";"Geneva";"Lung";"30-44";"Female";"1995";"4.10"
"Mortality";"Geneva";"Lung";"30-44";"Female";"1996";"2.02"
"Mortality";"Geneva";"Lung";"30-44";"Female";"1997";"8.02"
"Mortality";"Geneva";"Lung";"30-44";"Female";"1998";"11.92"
"Mortality";"Geneva";"Lung";"30-44";"Female";"1999";"5.90"
"Mortality";"Geneva";"Lung";"30-44";"Female";"2000";"0.00"
"Mortality";"Geneva";"Lung";"30-44";"Female";"2001";"3.81"
"Mortality";"Geneva";"Lung";"30-44";"Female";"2002";"1.88"
"Mortality";"Geneva";"Lung";"30-44";"Female";"2003";"5.56"
"Mortality";"Geneva";"Lung";"30-44";"Female";"2004";"0.00"
"Mortality";"Geneva";"Lung";"30-44";"Female";"2005";"0.00"
"Mortality";"Geneva";"Lung";"30-44";"Female";"2006";"3.66"
"Mortality";"Geneva";"Lung";"30-44";"Female";"2007";"0.00"
"Mortality";"Geneva";"Lung";"30-44";"Female";"2008";"1.82"
"Mortality";"Geneva";"Lung";"30-44";"Female";"2009";"0.00"
"Mortality";"Geneva";"Lung";"30-44";"Female";"2010";"0.00"
"Mortality";"Geneva";"Lung";"30-44";"Female";"2011";"0.00"
"Mortality";"Geneva";"Lung";"30-44";"Female";"2012";"1.82"
"Mortality";"Geneva";"Lung";"30-44";"Female";"2013";"0.00"
"Mortality";"Geneva";"Lung";"30-44";"Female";"2014";"1.80"
"Mortality";"Geneva";"Lung";"30-44";"Female";"2015";"0.00"
"Mortality";"Geneva";"Lung";"30-44";"Female";"2016";"0.00"
"Mortality";"Geneva";"Lung";"30-44";"Female";"2017";"1.75"
"Mortality";"Geneva";"Lung";"30-44";"Female";"2018";"0.00"
"Mortality";"Graubünden and Glarus";"Lung";"30-44";"Female";"1995";"0.00"
"Mortality";"Graubünden and Glarus";"Lung";"30-44";"Female";"1996";"3.83"
"Mortality";"Graubünden and Glarus";"Lung";"30-44";"Female";"1997";"0.00"
"Mortality";"Graubünden and Glarus";"Lung";"30-44";"Female";"1998";"3.75"
"Mortality";"Graubünden and Glarus";"Lung";"30-44";"Female";"1999";"7.45"
"Mortality";"Graubünden and Glarus";"Lung";"30-44";"Female";"2000";"0.00"
"Mortality";"Graubünden and Glarus";"Lung";"30-44";"Female";"2001";"0.00"
"Mortality";"Graubünden and Glarus";"Lung";"30-44";"Female";"2002";"0.00"
"Mortality";"Graubünden and Glarus";"Lung";"30-44";"Female";"2003";"0.00"
"Mortality";"Graubünden and Glarus";"Lung";"30-44";"Female";"2004";"0.00"
"Mortality";"Graubünden and Glarus";"Lung";"30-44";"Female";"2005";"0.00"
"Mortality";"Graubünden and Glarus";"Lung";"30-44";"Female";"2006";"0.00"
"Mortality";"Graubünden and Glarus";"Lung";"30-44";"Female";"2007";"0.00"
"Mortality";"Graubünden and Glarus";"Lung";"30-44";"Female";"2008";"4.03"
"Mortality";"Graubünden and Glarus";"Lung";"30-44";"Female";"2009";"0.00"
"Mortality";"Graubünden and Glarus";"Lung";"30-44";"Female";"2010";"0.00"
"Mortality";"Graubünden and Glarus";"Lung";"30-44";"Female";"2011";"0.00"
"Mortality";"Graubünden and Glarus";"Lung";"30-44";"Female";"2012";"0.00"
"Mortality";"Graubünden and Glarus";"Lung";"30-44";"Female";"2013";"0.00"
"Mortality";"Graubünden and Glarus";"Lung";"30-44";"Female";"2014";"0.00"
"Mortality";"Graubünden and Glarus";"Lung";"30-44";"Female";"2015";"4.47"
"Mortality";"Graubünden and Glarus";"Lung";"30-44";"Female";"2016";"4.49"
"Mortality";"Graubünden and Glarus";"Lung";"30-44";"Female";"2017";"0.00"
"Mortality";"Graubünden and Glarus";"Lung";"30-44";"Female";"2018";"0.00"
"Mortality";"Graubünden and Glarus";"Lung";"30-44";"Male";"1995";"0.00"
"Mortality";"Graubünden and Glarus";"Lung";"30-44";"Male";"1996";"3.54"
"Mortality";"Graubünden and Glarus";"Lung";"30-44";"Male";"1997";"3.50"
"Mortality";"Graubünden and Glarus";"Lung";"30-44";"Male";"1998";"3.49"
"Mortality";"Graubünden and Glarus";"Lung";"30-44";"Male";"1999";"0.00"
"Mortality";"Graubünden and Glarus";"Lung";"30-44";"Male";"2000";"7.07"
"Mortality";"Graubünden and Glarus";"Lung";"30-44";"Male";"2001";"0.00"
"Mortality";"Graubünden and Glarus";"Lung";"30-44";"Male";"2002";"3.72"
"Mortality";"Graubünden and Glarus";"Lung";"30-44";"Male";"2003";"3.70"
"Mortality";"Graubünden and Glarus";"Lung";"30-44";"Male";"2004";"3.68"
"Mortality";"Graubünden and Glarus";"Lung";"30-44";"Male";"2005";"0.00"
"Mortality";"Graubünden and Glarus";"Lung";"30-44";"Male";"2006";"0.00"
"Mortality";"Graubünden and Glarus";"Lung";"30-44";"Male";"2007";"0.00"
"Mortality";"Graubünden and Glarus";"Lung";"30-44";"Male";"2008";"0.00"
"Mortality";"Graubünden and Glarus";"Lung";"30-44";"Male";"2009";"7.68"
"Mortality";"Graubünden and Glarus";"Lung";"30-44";"Male";"2010";"3.88"
"Mortality";"Graubünden and Glarus";"Lung";"30-44";"Male";"2011";"0.00"
"Mortality";"Graubünden and Glarus";"Lung";"30-44";"Male";"2012";"0.00"
"Mortality";"Graubünden and Glarus";"Lung";"30-44";"Male";"2013";"4.21"
"Mortality";"Graubünden and Glarus";"Lung";"30-44";"Male";"2014";"0.00"
"Mortality";"Graubünden and Glarus";"Lung";"30-44";"Male";"2015";"0.00"
"Mortality";"Graubünden and Glarus";"Lung";"30-44";"Male";"2016";"0.00"
"Mortality";"Graubünden and Glarus";"Lung";"30-44";"Male";"2017";"0.00"
"Mortality";"Graubünden and Glarus";"Lung";"30-44";"Male";"2018";"4.26"
"Mortality";"Geneva";"Lung";"30-44";"Male";"1995";"4.26"
"Mortality";"Geneva";"Lung";"30-44";"Male";"1996";"2.12"
"Mortality";"Geneva";"Lung";"30-44";"Male";"1997";"4.20"
"Mortality";"Geneva";"Lung";"30-44";"Male";"1998";"4.16"
"Mortality";"Geneva";"Lung";"30-44";"Male";"1999";"2.06"
"Mortality";"Geneva";"Lung";"30-44";"Male";"2000";"2.03"
"Mortality";"Geneva";"Lung";"30-44";"Male";"2001";"10.02"
"Mortality";"Geneva";"Lung";"30-44";"Male";"2002";"3.95"
"Mortality";"Geneva";"Lung";"30-44";"Male";"2003";"0.00"
"Mortality";"Geneva";"Lung";"30-44";"Male";"2004";"0.00"
"Mortality";"Geneva";"Lung";"30-44";"Male";"2005";"1.94"
"Mortality";"Geneva";"Lung";"30-44";"Male";"2006";"5.81"
"Mortality";"Geneva";"Lung";"30-44";"Male";"2007";"3.86"
"Mortality";"Geneva";"Lung";"30-44";"Male";"2008";"7.64"
"Mortality";"Geneva";"Lung";"30-44";"Male";"2009";"3.79"
"Mortality";"Geneva";"Lung";"30-44";"Male";"2010";"0.00"
"Mortality";"Geneva";"Lung";"30-44";"Male";"2011";"1.90"
"Mortality";"Geneva";"Lung";"30-44";"Male";"2012";"0.00"
"Mortality";"Geneva";"Lung";"30-44";"Male";"2013";"1.90"
"Mortality";"Geneva";"Lung";"30-44";"Male";"2014";"1.87"
"Mortality";"Geneva";"Lung";"30-44";"Male";"2015";"0.00"
"Mortality";"Geneva";"Lung";"30-44";"Male";"2016";"1.83"
"Mortality";"Geneva";"Lung";"30-44";"Male";"2017";"1.82"
"Mortality";"Geneva";"Lung";"30-44";"Male";"2018";"1.81"
"Mortality";"Basel";"Lung";"30-44";"Female";"1995";"4.01"
"Mortality";"Basel";"Lung";"30-44";"Female";"1996";"1.99"
"Mortality";"Basel";"Lung";"30-44";"Female";"1997";"1.98"
"Mortality";"Basel";"Lung";"30-44";"Female";"1998";"0.00"
"Mortality";"Basel";"Lung";"30-44";"Female";"1999";"3.94"
"Mortality";"Basel";"Lung";"30-44";"Female";"2000";"1.97"
"Mortality";"Basel";"Lung";"30-44";"Female";"2001";"1.97"
"Mortality";"Basel";"Lung";"30-44";"Female";"2002";"9.87"
"Mortality";"Basel";"Lung";"30-44";"Female";"2003";"1.98"
"Mortality";"Basel";"Lung";"30-44";"Female";"2004";"5.98"
"Mortality";"Basel";"Lung";"30-44";"Female";"2005";"4.04"
"Mortality";"Basel";"Lung";"30-44";"Female";"2006";"4.11"
"Mortality";"Basel";"Lung";"30-44";"Female";"2007";"2.07"
"Mortality";"Basel";"Lung";"30-44";"Female";"2008";"2.09"
"Mortality";"Basel";"Lung";"30-44";"Female";"2009";"2.11"
"Mortality";"Basel";"Lung";"30-44";"Female";"2010";"2.12"
"Mortality";"Basel";"Lung";"30-44";"Female";"2011";"2.14"
"Mortality";"Basel";"Lung";"30-44";"Female";"2012";"2.15"
"Mortality";"Basel";"Lung";"30-44";"Female";"2013";"2.06"
"Mortality";"Basel";"Lung";"30-44";"Female";"2014";"0.00"
"Mortality";"Basel";"Lung";"30-44";"Female";"2015";"0.00"
"Mortality";"Basel";"Lung";"30-44";"Female";"2016";"2.03"
"Mortality";"Basel";"Lung";"30-44";"Female";"2017";"2.01"
"Mortality";"Basel";"Lung";"30-44";"Female";"2018";"0.00"
"Mortality";"Zurich, Zug, Schaffhausen, and Schwyz";"Lung";"30-44";"Female";"1995";"2.83"
"Mortality";"Zurich, Zug, Schaffhausen, and Schwyz";"Lung";"30-44";"Female";"1996";"2.80"
"Mortality";"Zurich, Zug, Schaffhausen, and Schwyz";"Lung";"30-44";"Female";"1997";"2.78"
"Mortality";"Zurich, Zug, Schaffhausen, and Schwyz";"Lung";"30-44";"Female";"1998";"2.76"
"Mortality";"Zurich, Zug, Schaffhausen, and Schwyz";"Lung";"30-44";"Female";"1999";"3.42"
"Mortality";"Zurich, Zug, Schaffhausen, and Schwyz";"Lung";"30-44";"Female";"2000";"3.38"
"Mortality";"Zurich, Zug, Schaffhausen, and Schwyz";"Lung";"30-44";"Female";"2001";"1.98"
"Mortality";"Zurich, Zug, Schaffhausen, and Schwyz";"Lung";"30-44";"Female";"2002";"0.00"
"Mortality";"Zurich, Zug, Schaffhausen, and Schwyz";"Lung";"30-44";"Female";"2003";"0.64"
"Mortality";"Zurich, Zug, Schaffhausen, and Schwyz";"Lung";"30-44";"Female";"2004";"1.28"
"Mortality";"Zurich, Zug, Schaffhausen, and Schwyz";"Lung";"30-44";"Female";"2005";"1.28"
"Mortality";"Zurich, Zug, Schaffhausen, and Schwyz";"Lung";"30-44";"Female";"2006";"1.28"
"Mortality";"Zurich, Zug, Schaffhausen, and Schwyz";"Lung";"30-44";"Female";"2007";"1.91"
"Mortality";"Zurich, Zug, Schaffhausen, and Schwyz";"Lung";"30-44";"Female";"2008";"1.89"
"Mortality";"Zurich, Zug, Schaffhausen, and Schwyz";"Lung";"30-44";"Female";"2009";"3.13"
"Mortality";"Zurich, Zug, Schaffhausen, and Schwyz";"Lung";"30-44";"Female";"2010";"1.25"
"Mortality";"Zurich, Zug, Schaffhausen, and Schwyz";"Lung";"30-44";"Female";"2011";"1.70"
"Mortality";"Zurich, Zug, Schaffhausen, and Schwyz";"Lung";"30-44";"Female";"2012";"1.11"
"Mortality";"Zurich, Zug, Schaffhausen, and Schwyz";"Lung";"30-44";"Female";"2013";"1.11"
"Mortality";"Zurich, Zug, Schaffhausen, and Schwyz";"Lung";"30-44";"Female";"2014";"1.10"
"Mortality";"Zurich, Zug, Schaffhausen, and Schwyz";"Lung";"30-44";"Female";"2015";"2.71"
"Mortality";"Zurich, Zug, Schaffhausen, and Schwyz";"Lung";"30-44";"Female";"2016";"1.61"
"Mortality";"Zurich, Zug, Schaffhausen, and Schwyz";"Lung";"30-44";"Female";"2017";"0.53"
"Mortality";"Zurich, Zug, Schaffhausen, and Schwyz";"Lung";"30-44";"Female";"2018";"1.04"
"Mortality";"Zurich, Zug, Schaffhausen, and Schwyz";"Lung";"30-44";"Male";"1995";"6.98"
"Mortality";"Zurich, Zug, Schaffhausen, and Schwyz";"Lung";"30-44";"Male";"1996";"2.07"
"Mortality";"Zurich, Zug, Schaffhausen, and Schwyz";"Lung";"30-44";"Male";"1997";"4.12"
"Mortality";"Zurich, Zug, Schaffhausen, and Schwyz";"Lung";"30-44";"Male";"1998";"2.04"
"Mortality";"Zurich, Zug, Schaffhausen, and Schwyz";"Lung";"30-44";"Male";"1999";"4.72"
"Mortality";"Zurich, Zug, Schaffhausen, and Schwyz";"Lung";"30-44";"Male";"2000";"3.99"
"Mortality";"Zurich, Zug, Schaffhausen, and Schwyz";"Lung";"30-44";"Male";"2001";"3.21"
"Mortality";"Zurich, Zug, Schaffhausen, and Schwyz";"Lung";"30-44";"Male";"2002";"3.12"
"Mortality";"Zurich, Zug, Schaffhausen, and Schwyz";"Lung";"30-44";"Male";"2003";"3.10"
"Mortality";"Zurich, Zug, Schaffhausen, and Schwyz";"Lung";"30-44";"Male";"2004";"4.34"
"Mortality";"Zurich, Zug, Schaffhausen, and Schwyz";"Lung";"30-44";"Male";"2005";"3.10"
"Mortality";"Zurich, Zug, Schaffhausen, and Schwyz";"Lung";"30-44";"Male";"2006";"1.24"
"Mortality";"Zurich, Zug, Schaffhausen, and Schwyz";"Lung";"30-44";"Male";"2007";"1.23"
"Mortality";"Zurich, Zug, Schaffhausen, and Schwyz";"Lung";"30-44";"Male";"2008";"1.82"
"Mortality";"Zurich, Zug, Schaffhausen, and Schwyz";"Lung";"30-44";"Male";"2009";"4.23"
"Mortality";"Zurich, Zug, Schaffhausen, and Schwyz";"Lung";"30-44";"Male";"2010";"3.01"
"Mortality";"Zurich, Zug, Schaffhausen, and Schwyz";"Lung";"30-44";"Male";"2011";"2.18"
"Mortality";"Zurich, Zug, Schaffhausen, and Schwyz";"Lung";"30-44";"Male";"2012";"2.67"
"Mortality";"Zurich, Zug, Schaffhausen, and Schwyz";"Lung";"30-44";"Male";"2013";"0.53"
"Mortality";"Zurich, Zug, Schaffhausen, and Schwyz";"Lung";"30-44";"Male";"2014";"3.70"
"Mortality";"Zurich, Zug, Schaffhausen, and Schwyz";"Lung";"30-44";"Male";"2015";"1.05"
"Mortality";"Zurich, Zug, Schaffhausen, and Schwyz";"Lung";"30-44";"Male";"2016";"1.55"
"Mortality";"Zurich, Zug, Schaffhausen, and Schwyz";"Lung";"30-44";"Male";"2017";"1.03"
"Mortality";"Zurich, Zug, Schaffhausen, and Schwyz";"Lung";"30-44";"Male";"2018";"1.01"
"Mortality";"Valais";"Lung";"30-44";"Female";"1995";"3.14"
"Mortality";"Valais";"Lung";"30-44";"Female";"1996";"9.28"
"Mortality";"Valais";"Lung";"30-44";"Female";"1997";"0.00"
"Mortality";"Valais";"Lung";"30-44";"Female";"1998";"0.00"
"Mortality";"Valais";"Lung";"30-44";"Female";"1999";"3.01"
"Mortality";"Valais";"Lung";"30-44";"Female";"2000";"0.00"
"Mortality";"Valais";"Lung";"30-44";"Female";"2001";"2.99"
"Mortality";"Valais";"Lung";"30-44";"Female";"2002";"0.00"
"Mortality";"Valais";"Lung";"30-44";"Female";"2003";"0.00"
"Mortality";"Valais";"Lung";"30-44";"Female";"2004";"8.88"
"Mortality";"Valais";"Lung";"30-44";"Female";"2005";"0.00"
"Mortality";"Valais";"Lung";"30-44";"Female";"2006";"2.99"
"Mortality";"Valais";"Lung";"30-44";"Female";"2007";"0.00"
"Mortality";"Valais";"Lung";"30-44";"Female";"2008";"3.02"
"Mortality";"Valais";"Lung";"30-44";"Female";"2009";"0.00"
"Mortality";"Valais";"Lung";"30-44";"Female";"2010";"3.06"
"Mortality";"Valais";"Lung";"30-44";"Female";"2011";"0.00"
"Mortality";"Valais";"Lung";"30-44";"Female";"2012";"0.00"
"Mortality";"Valais";"Lung";"30-44";"Female";"2013";"3.11"
"Mortality";"Valais";"Lung";"30-44";"Female";"2014";"3.10"
"Mortality";"Valais";"Lung";"30-44";"Female";"2015";"0.00"
"Mortality";"Valais";"Lung";"30-44";"Female";"2016";"0.00"
"Mortality";"Valais";"Lung";"30-44";"Female";"2017";"3.04"
"Mortality";"Valais";"Lung";"30-44";"Female";"2018";"0.00"
"Mortality";"Vaud";"Lung";"30-44";"Female";"1995";"5.62"
"Mortality";"Vaud";"Lung";"30-44";"Female";"1996";"5.58"
"Mortality";"Vaud";"Lung";"30-44";"Female";"1997";"1.39"
"Mortality";"Vaud";"Lung";"30-44";"Female";"1998";"0.00"
"Mortality";"Vaud";"Lung";"30-44";"Female";"1999";"5.47"
"Mortality";"Vaud";"Lung";"30-44";"Female";"2000";"5.42"
"Mortality";"Vaud";"Lung";"30-44";"Female";"2001";"6.70"
"Mortality";"Vaud";"Lung";"30-44";"Female";"2002";"1.31"
"Mortality";"Vaud";"Lung";"30-44";"Female";"2003";"1.30"
"Mortality";"Vaud";"Lung";"30-44";"Female";"2004";"1.29"
"Mortality";"Vaud";"Lung";"30-44";"Female";"2005";"3.83"
"Mortality";"Vaud";"Lung";"30-44";"Female";"2006";"0.00"
"Mortality";"Vaud";"Lung";"30-44";"Female";"2007";"1.27"
"Mortality";"Vaud";"Lung";"30-44";"Female";"2008";"2.51"
"Mortality";"Vaud";"Lung";"30-44";"Female";"2009";"0.00"
"Mortality";"Vaud";"Lung";"30-44";"Female";"2010";"2.47"
"Mortality";"Vaud";"Lung";"30-44";"Female";"2011";"3.69"
"Mortality";"Vaud";"Lung";"30-44";"Female";"2012";"1.22"
"Mortality";"Vaud";"Lung";"30-44";"Female";"2013";"1.21"
"Mortality";"Vaud";"Lung";"30-44";"Female";"2014";"1.20"
"Mortality";"Vaud";"Lung";"30-44";"Female";"2015";"3.56"
"Mortality";"Vaud";"Lung";"30-44";"Female";"2016";"4.70"
"Mortality";"Vaud";"Lung";"30-44";"Female";"2017";"1.17"
"Mortality";"Vaud";"Lung";"45-59";"Female";"1995";"27.09"
"Mortality";"Vaud";"Lung";"45-59";"Female";"1996";"16.73"
"Mortality";"Vaud";"Lung";"45-59";"Female";"1997";"21.56"
"Mortality";"Vaud";"Lung";"45-59";"Female";"1998";"27.91"
"Mortality";"Vaud";"Lung";"45-59";"Female";"1999";"29.17"
"Mortality";"Vaud";"Lung";"45-59";"Female";"2000";"32.00"
"Mortality";"Vaud";"Lung";"45-59";"Female";"2001";"36.38"
"Mortality";"Vaud";"Lung";"45-59";"Female";"2002";"37.39"
"Mortality";"Vaud";"Lung";"45-59";"Female";"2003";"30.74"
"Mortality";"Vaud";"Lung";"45-59";"Female";"2004";"33.52"
"Mortality";"Vaud";"Lung";"45-59";"Female";"2005";"33.20"
"Mortality";"Vaud";"Lung";"45-59";"Female";"2006";"25.42"
"Mortality";"Vaud";"Lung";"45-59";"Female";"2007";"28.10"
"Mortality";"Vaud";"Lung";"45-59";"Female";"2008";"29.01"
"Mortality";"Vaud";"Lung";"45-59";"Female";"2009";"16.98"
"Mortality";"Vaud";"Lung";"45-59";"Female";"2010";"19.33"
"Mortality";"Vaud";"Lung";"45-59";"Female";"2011";"29.53"
"Mortality";"Vaud";"Lung";"45-59";"Female";"2012";"32.68"
"Mortality";"Vaud";"Lung";"45-59";"Female";"2013";"14.04"
"Mortality";"Vaud";"Lung";"45-59";"Female";"2014";"23.70"
"Mortality";"Vaud";"Lung";"45-59";"Female";"2015";"19.53"
"Mortality";"Vaud";"Lung";"45-59";"Female";"2016";"17.92"
"Mortality";"Vaud";"Lung";"45-59";"Female";"2017";"22.31"
"Mortality";"Vaud";"Lung";"45-59";"Male";"1995";"57.98"
"Mortality";"Vaud";"Lung";"45-59";"Male";"1996";"41.74"
"Mortality";"Vaud";"Lung";"45-59";"Male";"1997";"65.54"
"Mortality";"Vaud";"Lung";"45-59";"Male";"1998";"41.02"
"Mortality";"Vaud";"Lung";"45-59";"Male";"1999";"55.84"
"Mortality";"Vaud";"Lung";"45-59";"Male";"2000";"71.94"
"Mortality";"Vaud";"Lung";"45-59";"Male";"2001";"62.72"
"Mortality";"Vaud";"Lung";"45-59";"Male";"2002";"37.23"
"Mortality";"Vaud";"Lung";"45-59";"Male";"2003";"46.10"
"Mortality";"Vaud";"Lung";"45-59";"Male";"2004";"43.99"
"Mortality";"Vaud";"Lung";"45-59";"Male";"2005";"41.96"
"Mortality";"Vaud";"Lung";"45-59";"Male";"2006";"58.45"
"Mortality";"Vaud";"Lung";"45-59";"Male";"2007";"54.66"
"Mortality";"Vaud";"Lung";"45-59";"Male";"2008";"47.45"
"Mortality";"Vaud";"Lung";"45-59";"Male";"2009";"43.17"
"Mortality";"Vaud";"Lung";"45-59";"Male";"2010";"34.93"
"Mortality";"Vaud";"Lung";"45-59";"Male";"2011";"27.06"
"Mortality";"Vaud";"Lung";"45-59";"Male";"2012";"32.88"
"Mortality";"Vaud";"Lung";"45-59";"Male";"2013";"30.82"
"Mortality";"Vaud";"Lung";"45-59";"Male";"2014";"35.08"
"Mortality";"Vaud";"Lung";"45-59";"Male";"2015";"36.82"
"Mortality";"Vaud";"Lung";"45-59";"Male";"2016";"25.35"
"Mortality";"Vaud";"Lung";"45-59";"Male";"2017";"16.68"
"Mortality";"Valais";"Lung";"45-59";"Male";"1995";"55.55"
"Mortality";"Valais";"Lung";"45-59";"Male";"1996";"58.50"
"Mortality";"Valais";"Lung";"45-59";"Male";"1997";"49.09"
"Mortality";"Valais";"Lung";"45-59";"Male";"1998";"88.39"
"Mortality";"Valais";"Lung";"45-59";"Male";"1999";"47.28"
"Mortality";"Valais";"Lung";"45-59";"Male";"2000";"57.87"
"Mortality";"Valais";"Lung";"45-59";"Male";"2001";"60.13"
"Mortality";"Valais";"Lung";"45-59";"Male";"2002";"51.13"
"Mortality";"Valais";"Lung";"45-59";"Male";"2003";"49.82"
"Mortality";"Valais";"Lung";"45-59";"Male";"2004";"41.69"
"Mortality";"Valais";"Lung";"45-59";"Male";"2005";"37.40"
"Mortality";"Valais";"Lung";"45-59";"Male";"2006";"49.89"
"Mortality";"Valais";"Lung";"45-59";"Male";"2007";"38.99"
"Mortality";"Valais";"Lung";"45-59";"Male";"2008";"57.06"
"Mortality";"Valais";"Lung";"45-59";"Male";"2009";"33.94"
"Mortality";"Valais";"Lung";"45-59";"Male";"2010";"57.05"
"Mortality";"Valais";"Lung";"45-59";"Male";"2011";"35.00"
"Mortality";"Valais";"Lung";"45-59";"Male";"2012";"34.03"
"Mortality";"Valais";"Lung";"45-59";"Male";"2013";"41.49"
"Mortality";"Valais";"Lung";"45-59";"Male";"2014";"16.22"
"Mortality";"Valais";"Lung";"45-59";"Male";"2015";"45.24"
"Mortality";"Valais";"Lung";"45-59";"Male";"2016";"36.85"
"Mortality";"Valais";"Lung";"45-59";"Male";"2017";"23.53"
"Mortality";"Valais";"Lung";"45-59";"Male";"2018";"46.90"
"Mortality";"Zurich, Zug, Schaffhausen, and Schwyz";"Lung";"45-59";"Female";"1995";"14.81"
"Mortality";"Zurich, Zug, Schaffhausen, and Schwyz";"Lung";"45-59";"Female";"1996";"15.51"
"Mortality";"Zurich, Zug, Schaffhausen, and Schwyz";"Lung";"45-59";"Female";"1997";"15.38"
"Mortality";"Zurich, Zug, Schaffhausen, and Schwyz";"Lung";"45-59";"Female";"1998";"22.46"
"Mortality";"Zurich, Zug, Schaffhausen, and Schwyz";"Lung";"45-59";"Female";"1999";"16.71"
"Mortality";"Zurich, Zug, Schaffhausen, and Schwyz";"Lung";"45-59";"Female";"2000";"22.08"
"Mortality";"Zurich, Zug, Schaffhausen, and Schwyz";"Lung";"45-59";"Female";"2001";"27.47"
"Mortality";"Zurich, Zug, Schaffhausen, and Schwyz";"Lung";"45-59";"Female";"2002";"22.65"
"Mortality";"Zurich, Zug, Schaffhausen, and Schwyz";"Lung";"45-59";"Female";"2003";"17.05"
"Mortality";"Zurich, Zug, Schaffhausen, and Schwyz";"Lung";"45-59";"Female";"2004";"26.94"
"Mortality";"Zurich, Zug, Schaffhausen, and Schwyz";"Lung";"45-59";"Female";"2005";"25.18"
"Mortality";"Zurich, Zug, Schaffhausen, and Schwyz";"Lung";"45-59";"Female";"2006";"24.92"
"Mortality";"Zurich, Zug, Schaffhausen, and Schwyz";"Lung";"45-59";"Female";"2007";"25.34"
"Mortality";"Zurich, Zug, Schaffhausen, and Schwyz";"Lung";"45-59";"Female";"2008";"23.42"
"Mortality";"Zurich, Zug, Schaffhausen, and Schwyz";"Lung";"45-59";"Female";"2009";"29.39"
"Mortality";"Zurich, Zug, Schaffhausen, and Schwyz";"Lung";"45-59";"Female";"2010";"22.47"
"Mortality";"Zurich, Zug, Schaffhausen, and Schwyz";"Lung";"45-59";"Female";"2011";"21.61"
"Mortality";"Zurich, Zug, Schaffhausen, and Schwyz";"Lung";"45-59";"Female";"2012";"11.86"
"Mortality";"Zurich, Zug, Schaffhausen, and Schwyz";"Lung";"45-59";"Female";"2013";"22.05"
"Mortality";"Zurich, Zug, Schaffhausen, and Schwyz";"Lung";"45-59";"Female";"2014";"18.02"
"Mortality";"Zurich, Zug, Schaffhausen, and Schwyz";"Lung";"45-59";"Female";"2015";"13.59"
"Mortality";"Zurich, Zug, Schaffhausen, and Schwyz";"Lung";"45-59";"Female";"2016";"15.71"
"Mortality";"Zurich, Zug, Schaffhausen, and Schwyz";"Lung";"45-59";"Female";"2017";"11.50"
"Mortality";"Zurich, Zug, Schaffhausen, and Schwyz";"Lung";"45-59";"Female";"2018";"15.39"
"Mortality";"Zurich, Zug, Schaffhausen, and Schwyz";"Lung";"45-59";"Male";"1995";"46.77"
"Mortality";"Zurich, Zug, Schaffhausen, and Schwyz";"Lung";"45-59";"Male";"1996";"49.79"
"Mortality";"Zurich, Zug, Schaffhausen, and Schwyz";"Lung";"45-59";"Male";"1997";"49.49"
"Mortality";"Zurich, Zug, Schaffhausen, and Schwyz";"Lung";"45-59";"Male";"1998";"52.36"
"Mortality";"Zurich, Zug, Schaffhausen, and Schwyz";"Lung";"45-59";"Male";"1999";"45.46"
"Mortality";"Zurich, Zug, Schaffhausen, and Schwyz";"Lung";"45-59";"Male";"2000";"46.64"
"Mortality";"Zurich, Zug, Schaffhausen, and Schwyz";"Lung";"45-59";"Male";"2001";"44.71"
"Mortality";"Zurich, Zug, Schaffhausen, and Schwyz";"Lung";"45-59";"Male";"2002";"39.65"
"Mortality";"Zurich, Zug, Schaffhausen, and Schwyz";"Lung";"45-59";"Male";"2003";"37.74"
"Mortality";"Zurich, Zug, Schaffhausen, and Schwyz";"Lung";"45-59";"Male";"2004";"47.58"
"Mortality";"Zurich, Zug, Schaffhausen, and Schwyz";"Lung";"45-59";"Male";"2005";"44.04"
"Mortality";"Zurich, Zug, Schaffhausen, and Schwyz";"Lung";"45-59";"Male";"2006";"33.59"
"Mortality";"Zurich, Zug, Schaffhausen, and Schwyz";"Lung";"45-59";"Male";"2007";"40.52"
"Mortality";"Zurich, Zug, Schaffhausen, and Schwyz";"Lung";"45-59";"Male";"2008";"33.66"
"Mortality";"Zurich, Zug, Schaffhausen, and Schwyz";"Lung";"45-59";"Male";"2009";"34.10"
"Mortality";"Zurich, Zug, Schaffhausen, and Schwyz";"Lung";"45-59";"Male";"2010";"29.71"
"Mortality";"Zurich, Zug, Schaffhausen, and Schwyz";"Lung";"45-59";"Male";"2011";"21.62"
"Mortality";"Zurich, Zug, Schaffhausen, and Schwyz";"Lung";"45-59";"Male";"2012";"31.34"
"Mortality";"Zurich, Zug, Schaffhausen, and Schwyz";"Lung";"45-59";"Male";"2013";"21.78"
"Mortality";"Zurich, Zug, Schaffhausen, and Schwyz";"Lung";"45-59";"Male";"2014";"21.88"
"Mortality";"Zurich, Zug, Schaffhausen, and Schwyz";"Lung";"45-59";"Male";"2015";"23.13"
"Mortality";"Zurich, Zug, Schaffhausen, and Schwyz";"Lung";"45-59";"Male";"2016";"18.86"
"Mortality";"Zurich, Zug, Schaffhausen, and Schwyz";"Lung";"45-59";"Male";"2017";"20.29"
"Mortality";"Zurich, Zug, Schaffhausen, and Schwyz";"Lung";"45-59";"Male";"2018";"13.58"
"Mortality";"Geneva";"Lung";"45-59";"Male";"1995";"50.27"
"Mortality";"Geneva";"Lung";"45-59";"Male";"1996";"62.95"
"Mortality";"Geneva";"Lung";"45-59";"Male";"1997";"70.92"
"Mortality";"Geneva";"Lung";"45-59";"Male";"1998";"48.00"
"Mortality";"Geneva";"Lung";"45-59";"Male";"1999";"50.33"
"Mortality";"Geneva";"Lung";"45-59";"Male";"2000";"57.48"
"Mortality";"Geneva";"Lung";"45-59";"Male";"2001";"42.09"
"Mortality";"Geneva";"Lung";"45-59";"Male";"2002";"58.84"
"Mortality";"Geneva";"Lung";"45-59";"Male";"2003";"46.17"
"Mortality";"Geneva";"Lung";"45-59";"Male";"2004";"28.96"
"Mortality";"Geneva";"Lung";"45-59";"Male";"2005";"35.92"
"Mortality";"Geneva";"Lung";"45-59";"Male";"2006";"54.74"
"Mortality";"Geneva";"Lung";"45-59";"Male";"2007";"42.49"
"Mortality";"Geneva";"Lung";"45-59";"Male";"2008";"44.05"
"Mortality";"Geneva";"Lung";"45-59";"Male";"2009";"42.82"
"Mortality";"Geneva";"Lung";"45-59";"Male";"2010";"39.43"
"Mortality";"Geneva";"Lung";"45-59";"Male";"2011";"23.59"
"Mortality";"Geneva";"Lung";"45-59";"Male";"2012";"23.16"
"Mortality";"Geneva";"Lung";"45-59";"Male";"2013";"39.16"
"Mortality";"Geneva";"Lung";"45-59";"Male";"2014";"38.26"
"Mortality";"Geneva";"Lung";"45-59";"Male";"2015";"17.76"
"Mortality";"Geneva";"Lung";"45-59";"Male";"2016";"23.31"
"Mortality";"Geneva";"Lung";"45-59";"Male";"2017";"26.80"
"Mortality";"Geneva";"Lung";"45-59";"Male";"2018";"28.33"
"Mortality";"Basel";"Lung";"45-59";"Male";"1995";"51.02"
"Mortality";"Basel";"Lung";"45-59";"Male";"1996";"64.69"
"Mortality";"Basel";"Lung";"45-59";"Male";"1997";"69.13"
"Mortality";"Basel";"Lung";"45-59";"Male";"1998";"55.13"
"Mortality";"Basel";"Lung";"45-59";"Male";"1999";"52.72"
"Mortality";"Basel";"Lung";"45-59";"Male";"2000";"70.74"
"Mortality";"Basel";"Lung";"45-59";"Male";"2001";"65.70"
"Mortality";"Basel";"Lung";"45-59";"Male";"2002";"60.75"
"Mortality";"Basel";"Lung";"45-59";"Male";"2003";"58.24"
"Mortality";"Basel";"Lung";"45-59";"Male";"2004";"62.54"
"Mortality";"Basel";"Lung";"45-59";"Male";"2005";"48.84"
"Mortality";"Basel";"Lung";"45-59";"Male";"2006";"50.67"
"Mortality";"Basel";"Lung";"45-59";"Male";"2007";"61.17"
"Mortality";"Basel";"Lung";"45-59";"Male";"2008";"60.38"
"Mortality";"Basel";"Lung";"45-59";"Male";"2009";"38.21"
"Mortality";"Basel";"Lung";"45-59";"Male";"2010";"48.04"
"Mortality";"Basel";"Lung";"45-59";"Male";"2011";"26.77"
"Mortality";"Basel";"Lung";"45-59";"Male";"2012";"38.67"
"Mortality";"Basel";"Lung";"45-59";"Male";"2013";"30.61"
"Mortality";"Basel";"Lung";"45-59";"Male";"2014";"24.53"
"Mortality";"Basel";"Lung";"45-59";"Male";"2015";"24.31"
"Mortality";"Basel";"Lung";"45-59";"Male";"2016";"22.37"
"Mortality";"Basel";"Lung";"45-59";"Male";"2017";"22.37"
"Mortality";"Basel";"Lung";"45-59";"Male";"2018";"29.92"
"Mortality";"Basel";"Lung";"45-59";"Female";"1995";"15.57"
"Mortality";"Basel";"Lung";"45-59";"Female";"1996";"24.43"
"Mortality";"Basel";"Lung";"45-59";"Female";"1997";"31.06"
"Mortality";"Basel";"Lung";"45-59";"Female";"1998";"28.78"
"Mortality";"Basel";"Lung";"45-59";"Female";"1999";"19.91"
"Mortality";"Basel";"Lung";"45-59";"Female";"2000";"28.74"
"Mortality";"Basel";"Lung";"45-59";"Female";"2001";"28.70"
"Mortality";"Basel";"Lung";"45-59";"Female";"2002";"35.26"
"Mortality";"Basel";"Lung";"45-59";"Female";"2003";"21.97"
"Mortality";"Basel";"Lung";"45-59";"Female";"2004";"19.68"
"Mortality";"Basel";"Lung";"45-59";"Female";"2005";"34.78"
"Mortality";"Basel";"Lung";"45-59";"Female";"2006";"28.13"
"Mortality";"Basel";"Lung";"45-59";"Female";"2007";"27.99"
"Mortality";"Basel";"Lung";"45-59";"Female";"2008";"32.04"
"Mortality";"Basel";"Lung";"45-59";"Female";"2009";"35.86"
"Mortality";"Basel";"Lung";"45-59";"Female";"2010";"18.73"
"Mortality";"Basel";"Lung";"45-59";"Female";"2011";"22.62"
"Mortality";"Basel";"Lung";"45-59";"Female";"2012";"32.56"
"Mortality";"Basel";"Lung";"45-59";"Female";"2013";"23.02"
"Mortality";"Basel";"Lung";"45-59";"Female";"2014";"22.67"
"Mortality";"Basel";"Lung";"45-59";"Female";"2015";"29.90"
"Mortality";"Basel";"Lung";"45-59";"Female";"2016";"24.15"
"Mortality";"Basel";"Lung";"45-59";"Female";"2017";"16.69"
"Mortality";"Basel";"Lung";"45-59";"Female";"2018";"13.01"
"Mortality";"Graubünden and Glarus";"Lung";"45-59";"Male";"1995";"53.70"
"Mortality";"Graubünden and Glarus";"Lung";"45-59";"Male";"1996";"38.12"
"Mortality";"Graubünden and Glarus";"Lung";"45-59";"Male";"1997";"37.37"
"Mortality";"Graubünden and Glarus";"Lung";"45-59";"Male";"1998";"82.36"
"Mortality";"Graubünden and Glarus";"Lung";"45-59";"Male";"1999";"40.26"
"Mortality";"Graubünden and Glarus";"Lung";"45-59";"Male";"2000";"43.90"
"Mortality";"Graubünden and Glarus";"Lung";"45-59";"Male";"2001";"43.55"
"Mortality";"Graubünden and Glarus";"Lung";"45-59";"Male";"2002";"30.22"
"Mortality";"Graubünden and Glarus";"Lung";"45-59";"Male";"2003";"38.16"
"Mortality";"Graubünden and Glarus";"Lung";"45-59";"Male";"2004";"50.05"
"Mortality";"Graubünden and Glarus";"Lung";"45-59";"Male";"2005";"57.54"
"Mortality";"Graubünden and Glarus";"Lung";"45-59";"Male";"2006";"48.59"
"Mortality";"Graubünden and Glarus";"Lung";"45-59";"Male";"2007";"39.79"
"Mortality";"Graubünden and Glarus";"Lung";"45-59";"Male";"2008";"39.04"
"Mortality";"Graubünden and Glarus";"Lung";"45-59";"Male";"2009";"26.79"
"Mortality";"Graubünden and Glarus";"Lung";"45-59";"Male";"2010";"41.29"
"Mortality";"Graubünden and Glarus";"Lung";"45-59";"Male";"2011";"37.09"
"Mortality";"Graubünden and Glarus";"Lung";"45-59";"Male";"2012";"22.09"
"Mortality";"Graubünden and Glarus";"Lung";"45-59";"Male";"2013";"32.77"
"Mortality";"Graubünden and Glarus";"Lung";"45-59";"Male";"2014";"36.02"
"Mortality";"Graubünden and Glarus";"Lung";"45-59";"Male";"2015";"25.04"
"Mortality";"Graubünden and Glarus";"Lung";"45-59";"Male";"2016";"39.14"
"Mortality";"Graubünden and Glarus";"Lung";"45-59";"Male";"2017";"35.60"
"Mortality";"Graubünden and Glarus";"Lung";"45-59";"Male";"2018";"25.07"
"Mortality";"Valais";"Lung";"45-59";"Female";"1995";"47.28"
"Mortality";"Valais";"Lung";"45-59";"Female";"1996";"25.23"
"Mortality";"Valais";"Lung";"45-59";"Female";"1997";"24.70"
"Mortality";"Valais";"Lung";"45-59";"Female";"1998";"28.16"
"Mortality";"Valais";"Lung";"45-59";"Female";"1999";"35.33"
"Mortality";"Valais";"Lung";"45-59";"Female";"2000";"34.56"
"Mortality";"Valais";"Lung";"45-59";"Female";"2001";"18.73"
"Mortality";"Valais";"Lung";"45-59";"Female";"2002";"18.28"
"Mortality";"Valais";"Lung";"45-59";"Female";"2003";"21.51"
"Mortality";"Valais";"Lung";"45-59";"Female";"2004";"14.03"
"Mortality";"Valais";"Lung";"45-59";"Female";"2005";"34.17"
"Mortality";"Valais";"Lung";"45-59";"Female";"2006";"23.36"
"Mortality";"Valais";"Lung";"45-59";"Female";"2007";"35.93"
"Mortality";"Valais";"Lung";"45-59";"Female";"2008";"31.92"
"Mortality";"Valais";"Lung";"45-59";"Female";"2009";"21.76"
"Mortality";"Valais";"Lung";"45-59";"Female";"2010";"36.22"
"Mortality";"Valais";"Lung";"45-59";"Female";"2011";"29.32"
"Mortality";"Valais";"Lung";"45-59";"Female";"2012";"31.40"
"Mortality";"Valais";"Lung";"45-59";"Female";"2013";"22.34"
"Mortality";"Valais";"Lung";"45-59";"Female";"2014";"19.18"
"Mortality";"Valais";"Lung";"45-59";"Female";"2015";"24.27"
"Mortality";"Valais";"Lung";"45-59";"Female";"2016";"21.30"
"Mortality";"Valais";"Lung";"45-59";"Female";"2017";"23.70"
"Mortality";"Valais";"Lung";"45-59";"Female";"2018";"15.69"
"Mortality";"Geneva";"Lung";"45-59";"Female";"1995";"9.39"
"Mortality";"Geneva";"Lung";"45-59";"Female";"1996";"18.67"
"Mortality";"Geneva";"Lung";"45-59";"Female";"1997";"27.92"
"Mortality";"Geneva";"Lung";"45-59";"Female";"1998";"20.80"
"Mortality";"Geneva";"Lung";"45-59";"Female";"1999";"13.76"
"Mortality";"Geneva";"Lung";"45-59";"Female";"2000";"22.77"
"Mortality";"Geneva";"Lung";"45-59";"Female";"2001";"31.72"
"Mortality";"Geneva";"Lung";"45-59";"Female";"2002";"22.56"
"Mortality";"Geneva";"Lung";"45-59";"Female";"2003";"27.02"
"Mortality";"Geneva";"Lung";"45-59";"Female";"2004";"27.02"
"Mortality";"Geneva";"Lung";"45-59";"Female";"2005";"29.22"
"Mortality";"Geneva";"Lung";"45-59";"Female";"2006";"17.94"
"Mortality";"Geneva";"Lung";"45-59";"Female";"2007";"11.18"
"Mortality";"Geneva";"Lung";"45-59";"Female";"2008";"17.69"
"Mortality";"Geneva";"Lung";"45-59";"Female";"2009";"25.95"
"Mortality";"Geneva";"Lung";"45-59";"Female";"2010";"27.44"
"Mortality";"Geneva";"Lung";"45-59";"Female";"2011";"18.67"
"Mortality";"Geneva";"Lung";"45-59";"Female";"2012";"26.57"
"Mortality";"Geneva";"Lung";"45-59";"Female";"2013";"34.14"
"Mortality";"Geneva";"Lung";"45-59";"Female";"2014";"25.57"
"Mortality";"Geneva";"Lung";"45-59";"Female";"2015";"7.69"
"Mortality";"Geneva";"Lung";"45-59";"Female";"2016";"9.44"
"Mortality";"Geneva";"Lung";"45-59";"Female";"2017";"20.47"
"Mortality";"Geneva";"Lung";"45-59";"Female";"2018";"27.48"
"Mortality";"Graubünden and Glarus";"Lung";"45-59";"Female";"1995";"15.63"
"Mortality";"Graubünden and Glarus";"Lung";"45-59";"Female";"1996";"20.45"
"Mortality";"Graubünden and Glarus";"Lung";"45-59";"Female";"1997";"10.08"
"Mortality";"Graubünden and Glarus";"Lung";"45-59";"Female";"1998";"9.91"
"Mortality";"Graubünden and Glarus";"Lung";"45-59";"Female";"1999";"4.86"
"Mortality";"Graubünden and Glarus";"Lung";"45-59";"Female";"2000";"14.29"
"Mortality";"Graubünden and Glarus";"Lung";"45-59";"Female";"2001";"9.36"
"Mortality";"Graubünden and Glarus";"Lung";"45-59";"Female";"2002";"18.42"
"Mortality";"Graubünden and Glarus";"Lung";"45-59";"Female";"2003";"49.76"
"Mortality";"Graubünden and Glarus";"Lung";"45-59";"Female";"2004";"22.26"
"Mortality";"Graubünden and Glarus";"Lung";"45-59";"Female";"2005";"39.37"
"Mortality";"Graubünden and Glarus";"Lung";"45-59";"Female";"2006";"38.72"
"Mortality";"Graubünden and Glarus";"Lung";"45-59";"Female";"2007";"21.16"
"Mortality";"Graubünden and Glarus";"Lung";"45-59";"Female";"2008";"29.01"
"Mortality";"Graubünden and Glarus";"Lung";"45-59";"Female";"2009";"20.31"
"Mortality";"Graubünden and Glarus";"Lung";"45-59";"Female";"2010";"31.98"
"Mortality";"Graubünden and Glarus";"Lung";"45-59";"Female";"2011";"15.67"
"Mortality";"Graubünden and Glarus";"Lung";"45-59";"Female";"2012";"34.56"
"Mortality";"Graubünden and Glarus";"Lung";"45-59";"Female";"2013";"18.93"
"Mortality";"Graubünden and Glarus";"Lung";"45-59";"Female";"2014";"33.65"
"Mortality";"Graubünden and Glarus";"Lung";"45-59";"Female";"2015";"22.21"
"Mortality";"Graubünden and Glarus";"Lung";"45-59";"Female";"2016";"22.08"
"Mortality";"Graubünden and Glarus";"Lung";"45-59";"Female";"2017";"25.77"
"Mortality";"Graubünden and Glarus";"Lung";"45-59";"Female";"2018";"11.09"
"Mortality";"Basel";"Lung";"60-74";"Female";"1995";"41.88"
"Mortality";"Basel";"Lung";"60-74";"Female";"1996";"69.82"
"Mortality";"Basel";"Lung";"60-74";"Female";"1997";"78.26"
"Mortality";"Basel";"Lung";"60-74";"Female";"1998";"72.55"
"Mortality";"Basel";"Lung";"60-74";"Female";"1999";"53.00"
"Mortality";"Basel";"Lung";"60-74";"Female";"2000";"108.77"
"Mortality";"Basel";"Lung";"60-74";"Female";"2001";"61.22"
"Mortality";"Basel";"Lung";"60-74";"Female";"2002";"80.22"
"Mortality";"Basel";"Lung";"60-74";"Female";"2003";"79.57"
"Mortality";"Basel";"Lung";"60-74";"Female";"2004";"71.01"
"Mortality";"Basel";"Lung";"60-74";"Female";"2005";"70.61"
"Mortality";"Basel";"Lung";"60-74";"Female";"2006";"83.56"
"Mortality";"Basel";"Lung";"60-74";"Female";"2007";"85.56"
"Mortality";"Basel";"Lung";"60-74";"Female";"2008";"108.45"
"Mortality";"Basel";"Lung";"60-74";"Female";"2009";"78.53"
"Mortality";"Basel";"Lung";"60-74";"Female";"2010";"98.67"
"Mortality";"Basel";"Lung";"60-74";"Female";"2011";"144.99"
"Mortality";"Basel";"Lung";"60-74";"Female";"2012";"87.82"
"Mortality";"Basel";"Lung";"60-74";"Female";"2013";"89.04"
"Mortality";"Basel";"Lung";"60-74";"Female";"2014";"86.10"
"Mortality";"Basel";"Lung";"60-74";"Female";"2015";"93.10"
"Mortality";"Basel";"Lung";"60-74";"Female";"2016";"85.35"
"Mortality";"Basel";"Lung";"60-74";"Female";"2017";"89.84"
"Mortality";"Basel";"Lung";"60-74";"Female";"2018";"106.36"
"Mortality";"Graubünden and Glarus";"Lung";"60-74";"Male";"1995";"238.32"
"Mortality";"Graubünden and Glarus";"Lung";"60-74";"Male";"1996";"285.13"
"Mortality";"Graubünden and Glarus";"Lung";"60-74";"Male";"1997";"220.90"
"Mortality";"Graubünden and Glarus";"Lung";"60-74";"Male";"1998";"187.97"
"Mortality";"Graubünden and Glarus";"Lung";"60-74";"Male";"1999";"208.81"
"Mortality";"Graubünden and Glarus";"Lung";"60-74";"Male";"2000";"250.73"
"Mortality";"Graubünden and Glarus";"Lung";"60-74";"Male";"2001";"258.24"
"Mortality";"Graubünden and Glarus";"Lung";"60-74";"Male";"2002";"229.25"
"Mortality";"Graubünden and Glarus";"Lung";"60-74";"Male";"2003";"153.93"
"Mortality";"Graubünden and Glarus";"Lung";"60-74";"Male";"2004";"279.56"
"Mortality";"Graubünden and Glarus";"Lung";"60-74";"Male";"2005";"226.44"
"Mortality";"Graubünden and Glarus";"Lung";"60-74";"Male";"2006";"175.98"
"Mortality";"Graubünden and Glarus";"Lung";"60-74";"Male";"2007";"241.74"
"Mortality";"Graubünden and Glarus";"Lung";"60-74";"Male";"2008";"197.57"
"Mortality";"Graubünden and Glarus";"Lung";"60-74";"Male";"2009";"203.41"
"Mortality";"Graubünden and Glarus";"Lung";"60-74";"Male";"2010";"174.31"
"Mortality";"Graubünden and Glarus";"Lung";"60-74";"Male";"2011";"195.49"
"Mortality";"Graubünden and Glarus";"Lung";"60-74";"Male";"2012";"155.45"
"Mortality";"Graubünden and Glarus";"Lung";"60-74";"Male";"2013";"177.27"
"Mortality";"Graubünden and Glarus";"Lung";"60-74";"Male";"2014";"111.89"
"Mortality";"Graubünden and Glarus";"Lung";"60-74";"Male";"2015";"203.69"
"Mortality";"Graubünden and Glarus";"Lung";"60-74";"Male";"2016";"121.68"
"Mortality";"Graubünden and Glarus";"Lung";"60-74";"Male";"2017";"147.77"
"Mortality";"Graubünden and Glarus";"Lung";"60-74";"Male";"2018";"126.43"
"Mortality";"Vaud";"Lung";"60-74";"Female";"1995";"79.92"
"Mortality";"Vaud";"Lung";"60-74";"Female";"1996";"70.48"
"Mortality";"Vaud";"Lung";"60-74";"Female";"1997";"75.20"
"Mortality";"Vaud";"Lung";"60-74";"Female";"1998";"65.68"
"Mortality";"Vaud";"Lung";"60-74";"Female";"1999";"46.80"
"Mortality";"Vaud";"Lung";"60-74";"Female";"2000";"91.35"
"Mortality";"Vaud";"Lung";"60-74";"Female";"2001";"67.68"
"Mortality";"Vaud";"Lung";"60-74";"Female";"2002";"74.21"
"Mortality";"Vaud";"Lung";"60-74";"Female";"2003";"100.61"
"Mortality";"Vaud";"Lung";"60-74";"Female";"2004";"87.15"
"Mortality";"Vaud";"Lung";"60-74";"Female";"2005";"76.65"
"Mortality";"Vaud";"Lung";"60-74";"Female";"2006";"81.37"
"Mortality";"Vaud";"Lung";"60-74";"Female";"2007";"100.01"
"Mortality";"Vaud";"Lung";"60-74";"Female";"2008";"87.13"
"Mortality";"Vaud";"Lung";"60-74";"Female";"2009";"92.90"
"Mortality";"Vaud";"Lung";"60-74";"Female";"2010";"58.16"
"Mortality";"Vaud";"Lung";"60-74";"Female";"2011";"64.71"
"Mortality";"Vaud";"Lung";"60-74";"Female";"2012";"86.01"
"Mortality";"Vaud";"Lung";"60-74";"Female";"2013";"93.74"
"Mortality";"Vaud";"Lung";"60-74";"Female";"2014";"104.80"
"Mortality";"Vaud";"Lung";"60-74";"Female";"2015";"78.33"
"Mortality";"Vaud";"Lung";"60-74";"Female";"2016";"77.34"
"Mortality";"Vaud";"Lung";"60-74";"Female";"2017";"83.63"
"Mortality";"Vaud";"Lung";"60-74";"Male";"1995";"238.72"
"Mortality";"Vaud";"Lung";"60-74";"Male";"1996";"203.73"
"Mortality";"Vaud";"Lung";"60-74";"Male";"1997";"286.94"
"Mortality";"Vaud";"Lung";"60-74";"Male";"1998";"257.19"
"Mortality";"Vaud";"Lung";"60-74";"Male";"1999";"201.16"
"Mortality";"Vaud";"Lung";"60-74";"Male";"2000";"210.69"
"Mortality";"Vaud";"Lung";"60-74";"Male";"2001";"241.78"
"Mortality";"Vaud";"Lung";"60-74";"Male";"2002";"191.64"
"Mortality";"Vaud";"Lung";"60-74";"Male";"2003";"200.53"
"Mortality";"Vaud";"Lung";"60-74";"Male";"2004";"199.84"
"Mortality";"Vaud";"Lung";"60-74";"Male";"2005";"191.65"
"Mortality";"Vaud";"Lung";"60-74";"Male";"2006";"200.84"
"Mortality";"Vaud";"Lung";"60-74";"Male";"2007";"178.36"
"Mortality";"Vaud";"Lung";"60-74";"Male";"2008";"242.79"
"Mortality";"Vaud";"Lung";"60-74";"Male";"2009";"155.51"
"Mortality";"Vaud";"Lung";"60-74";"Male";"2010";"167.62"
"Mortality";"Vaud";"Lung";"60-74";"Male";"2011";"164.65"
"Mortality";"Vaud";"Lung";"60-74";"Male";"2012";"202.41"
"Mortality";"Vaud";"Lung";"60-74";"Male";"2013";"169.40"
"Mortality";"Vaud";"Lung";"60-74";"Male";"2014";"145.51"
"Mortality";"Vaud";"Lung";"60-74";"Male";"2015";"176.63"
"Mortality";"Vaud";"Lung";"60-74";"Male";"2016";"163.37"
"Mortality";"Vaud";"Lung";"60-74";"Male";"2017";"132.03"
"Mortality";"Valais";"Lung";"60-74";"Female";"1995";"33.76"
"Mortality";"Valais";"Lung";"60-74";"Female";"1996";"27.91"
"Mortality";"Valais";"Lung";"60-74";"Female";"1997";"49.84"
"Mortality";"Valais";"Lung";"60-74";"Female";"1998";"43.87"
"Mortality";"Valais";"Lung";"60-74";"Female";"1999";"92.38"
"Mortality";"Valais";"Lung";"60-74";"Female";"2000";"53.76"
"Mortality";"Valais";"Lung";"60-74";"Female";"2001";"57.94"
"Mortality";"Valais";"Lung";"60-74";"Female";"2002";"35.86"
"Mortality";"Valais";"Lung";"60-74";"Female";"2003";"104.41"
"Mortality";"Valais";"Lung";"60-74";"Female";"2004";"72.38"
"Mortality";"Valais";"Lung";"60-74";"Female";"2005";"75.19"
"Mortality";"Valais";"Lung";"60-74";"Female";"2006";"82.13"
"Mortality";"Valais";"Lung";"60-74";"Female";"2007";"70.74"
"Mortality";"Valais";"Lung";"60-74";"Female";"2008";"90.10"
"Mortality";"Valais";"Lung";"60-74";"Female";"2009";"83.42"
"Mortality";"Valais";"Lung";"60-74";"Female";"2010";"101.57"
"Mortality";"Valais";"Lung";"60-74";"Female";"2011";"134.05"
"Mortality";"Valais";"Lung";"60-74";"Female";"2012";"72.71"
"Mortality";"Valais";"Lung";"60-74";"Female";"2013";"108.16"
"Mortality";"Valais";"Lung";"60-74";"Female";"2014";"94.56"
"Mortality";"Valais";"Lung";"60-74";"Female";"2015";"92.36"
"Mortality";"Valais";"Lung";"60-74";"Female";"2016";"101.07"
"Mortality";"Valais";"Lung";"60-74";"Female";"2017";"71.99"
"Mortality";"Valais";"Lung";"60-74";"Female";"2018";"94.52"
"Mortality";"Geneva";"Lung";"60-74";"Female";"1995";"80.96"
"Mortality";"Geneva";"Lung";"60-74";"Female";"1996";"58.68"
"Mortality";"Geneva";"Lung";"60-74";"Female";"1997";"36.55"
"Mortality";"Geneva";"Lung";"60-74";"Female";"1998";"94.27"
"Mortality";"Geneva";"Lung";"60-74";"Female";"1999";"64.53"
"Mortality";"Geneva";"Lung";"60-74";"Female";"2000";"81.58"
"Mortality";"Geneva";"Lung";"60-74";"Female";"2001";"83.83"
"Mortality";"Geneva";"Lung";"60-74";"Female";"2002";"65.04"
"Mortality";"Geneva";"Lung";"60-74";"Female";"2003";"60.32"
"Mortality";"Geneva";"Lung";"60-74";"Female";"2004";"81.88"
"Mortality";"Geneva";"Lung";"60-74";"Female";"2005";"51.40"
"Mortality";"Geneva";"Lung";"60-74";"Female";"2006";"82.11"
"Mortality";"Geneva";"Lung";"60-74";"Female";"2007";"74.36"
"Mortality";"Geneva";"Lung";"60-74";"Female";"2008";"76.06"
"Mortality";"Geneva";"Lung";"60-74";"Female";"2009";"71.94"
"Mortality";"Geneva";"Lung";"60-74";"Female";"2010";"85.89"
"Mortality";"Geneva";"Lung";"60-74";"Female";"2011";"102.68"
"Mortality";"Geneva";"Lung";"60-74";"Female";"2012";"96.20"
"Mortality";"Geneva";"Lung";"60-74";"Female";"2013";"80.96"
"Mortality";"Geneva";"Lung";"60-74";"Female";"2014";"77.06"
"Mortality";"Geneva";"Lung";"60-74";"Female";"2015";"96.05"
"Mortality";"Geneva";"Lung";"60-74";"Female";"2016";"109.77"
"Mortality";"Geneva";"Lung";"60-74";"Female";"2017";"107.08"
"Mortality";"Geneva";"Lung";"60-74";"Female";"2018";"64.97"
"Mortality";"Basel";"Lung";"60-74";"Male";"1995";"213.60"
"Mortality";"Basel";"Lung";"60-74";"Male";"1996";"267.14"
"Mortality";"Basel";"Lung";"60-74";"Male";"1997";"191.05"
"Mortality";"Basel";"Lung";"60-74";"Male";"1998";"227.83"
"Mortality";"Basel";"Lung";"60-74";"Male";"1999";"233.79"
"Mortality";"Basel";"Lung";"60-74";"Male";"2000";"215.31"
"Mortality";"Basel";"Lung";"60-74";"Male";"2001";"279.75"
"Mortality";"Basel";"Lung";"60-74";"Male";"2002";"210.19"
"Mortality";"Basel";"Lung";"60-74";"Male";"2003";"216.73"
"Mortality";"Basel";"Lung";"60-74";"Male";"2004";"191.31"
"Mortality";"Basel";"Lung";"60-74";"Male";"2005";"233.01"
"Mortality";"Basel";"Lung";"60-74";"Male";"2006";"167.87"
"Mortality";"Basel";"Lung";"60-74";"Male";"2007";"229.88"
"Mortality";"Basel";"Lung";"60-74";"Male";"2008";"181.39"
"Mortality";"Basel";"Lung";"60-74";"Male";"2009";"155.36"
"Mortality";"Basel";"Lung";"60-74";"Male";"2010";"139.06"
"Mortality";"Basel";"Lung";"60-74";"Male";"2011";"188.19"
"Mortality";"Basel";"Lung";"60-74";"Male";"2012";"184.04"
"Mortality";"Basel";"Lung";"60-74";"Male";"2013";"141.20"
"Mortality";"Basel";"Lung";"60-74";"Male";"2014";"142.44"
"Mortality";"Basel";"Lung";"60-74";"Male";"2015";"141.09"
"Mortality";"Basel";"Lung";"60-74";"Male";"2016";"123.45"
"Mortality";"Basel";"Lung";"60-74";"Male";"2017";"138.26"
"Mortality";"Basel";"Lung";"60-74";"Male";"2018";"142.44"
"Mortality";"Valais";"Lung";"60-74";"Male";"1995";"272.42"
"Mortality";"Valais";"Lung";"60-74";"Male";"1996";"268.19"
"Mortality";"Valais";"Lung";"60-74";"Male";"1997";"199.20"
"Mortality";"Valais";"Lung";"60-74";"Male";"1998";"258.85"
"Mortality";"Valais";"Lung";"60-74";"Male";"1999";"179.79"
"Mortality";"Valais";"Lung";"60-74";"Male";"2000";"311.14"
"Mortality";"Valais";"Lung";"60-74";"Male";"2001";"225.93"
"Mortality";"Valais";"Lung";"60-74";"Male";"2002";"269.39"
"Mortality";"Valais";"Lung";"60-74";"Male";"2003";"193.44"
"Mortality";"Valais";"Lung";"60-74";"Male";"2004";"207.86"
"Mortality";"Valais";"Lung";"60-74";"Male";"2005";"242.40"
"Mortality";"Valais";"Lung";"60-74";"Male";"2006";"179.60"
"Mortality";"Valais";"Lung";"60-74";"Male";"2007";"226.47"
"Mortality";"Valais";"Lung";"60-74";"Male";"2008";"293.71"
"Mortality";"Valais";"Lung";"60-74";"Male";"2009";"176.20"
"Mortality";"Valais";"Lung";"60-74";"Male";"2010";"161.89"
"Mortality";"Valais";"Lung";"60-74";"Male";"2011";"169.03"
"Mortality";"Valais";"Lung";"60-74";"Male";"2012";"147.48"
"Mortality";"Valais";"Lung";"60-74";"Male";"2013";"188.15"
"Mortality";"Valais";"Lung";"60-74";"Male";"2014";"144.55"
"Mortality";"Valais";"Lung";"60-74";"Male";"2015";"148.36"
"Mortality";"Valais";"Lung";"60-74";"Male";"2016";"137.62"
"Mortality";"Valais";"Lung";"60-74";"Male";"2017";"131.35"
"Mortality";"Valais";"Lung";"60-74";"Male";"2018";"150.43"
"Mortality";"Zurich, Zug, Schaffhausen, and Schwyz";"Lung";"60-74";"Male";"1995";"201.51"
"Mortality";"Zurich, Zug, Schaffhausen, and Schwyz";"Lung";"60-74";"Male";"1996";"234.94"
"Mortality";"Zurich, Zug, Schaffhausen, and Schwyz";"Lung";"60-74";"Male";"1997";"215.85"
"Mortality";"Zurich, Zug, Schaffhausen, and Schwyz";"Lung";"60-74";"Male";"1998";"237.08"
"Mortality";"Zurich, Zug, Schaffhausen, and Schwyz";"Lung";"60-74";"Male";"1999";"176.48"
"Mortality";"Zurich, Zug, Schaffhausen, and Schwyz";"Lung";"60-74";"Male";"2000";"180.55"
"Mortality";"Zurich, Zug, Schaffhausen, and Schwyz";"Lung";"60-74";"Male";"2001";"176.75"
"Mortality";"Zurich, Zug, Schaffhausen, and Schwyz";"Lung";"60-74";"Male";"2002";"186.26"
"Mortality";"Zurich, Zug, Schaffhausen, and Schwyz";"Lung";"60-74";"Male";"2003";"183.84"
"Mortality";"Zurich, Zug, Schaffhausen, and Schwyz";"Lung";"60-74";"Male";"2004";"157.91"
"Mortality";"Zurich, Zug, Schaffhausen, and Schwyz";"Lung";"60-74";"Male";"2005";"196.98"
"Mortality";"Zurich, Zug, Schaffhausen, and Schwyz";"Lung";"60-74";"Male";"2006";"134.58"
"Mortality";"Zurich, Zug, Schaffhausen, and Schwyz";"Lung";"60-74";"Male";"2007";"142.65"
"Mortality";"Zurich, Zug, Schaffhausen, and Schwyz";"Lung";"60-74";"Male";"2008";"176.06"
"Mortality";"Zurich, Zug, Schaffhausen, and Schwyz";"Lung";"60-74";"Male";"2009";"151.84"
"Mortality";"Zurich, Zug, Schaffhausen, and Schwyz";"Lung";"60-74";"Male";"2010";"146.02"
"Mortality";"Zurich, Zug, Schaffhausen, and Schwyz";"Lung";"60-74";"Male";"2011";"123.49"
"Mortality";"Zurich, Zug, Schaffhausen, and Schwyz";"Lung";"60-74";"Male";"2012";"124.99"
"Mortality";"Zurich, Zug, Schaffhausen, and Schwyz";"Lung";"60-74";"Male";"2013";"131.80"
"Mortality";"Zurich, Zug, Schaffhausen, and Schwyz";"Lung";"60-74";"Male";"2014";"140.44"
"Mortality";"Zurich, Zug, Schaffhausen, and Schwyz";"Lung";"60-74";"Male";"2015";"127.26"
"Mortality";"Zurich, Zug, Schaffhausen, and Schwyz";"Lung";"60-74";"Male";"2016";"100.78"
"Mortality";"Zurich, Zug, Schaffhausen, and Schwyz";"Lung";"60-74";"Male";"2017";"125.13"
"Mortality";"Zurich, Zug, Schaffhausen, and Schwyz";"Lung";"60-74";"Male";"2018";"132.98"
"Mortality";"Geneva";"Lung";"60-74";"Male";"1995";"207.97"
"Mortality";"Geneva";"Lung";"60-74";"Male";"1996";"241.21"
"Mortality";"Geneva";"Lung";"60-74";"Male";"1997";"176.45"
"Mortality";"Geneva";"Lung";"60-74";"Male";"1998";"195.55"
"Mortality";"Geneva";"Lung";"60-74";"Male";"1999";"197.26"
"Mortality";"Geneva";"Lung";"60-74";"Male";"2000";"190.02"
"Mortality";"Geneva";"Lung";"60-74";"Male";"2001";"202.98"
"Mortality";"Geneva";"Lung";"60-74";"Male";"2002";"162.13"
"Mortality";"Geneva";"Lung";"60-74";"Male";"2003";"206.17"
"Mortality";"Geneva";"Lung";"60-74";"Male";"2004";"205.55"
"Mortality";"Geneva";"Lung";"60-74";"Male";"2005";"204.71"
"Mortality";"Geneva";"Lung";"60-74";"Male";"2006";"155.77"
"Mortality";"Geneva";"Lung";"60-74";"Male";"2007";"167.64"
"Mortality";"Geneva";"Lung";"60-74";"Male";"2008";"161.47"
"Mortality";"Geneva";"Lung";"60-74";"Male";"2009";"173.01"
"Mortality";"Geneva";"Lung";"60-74";"Male";"2010";"160.44"
"Mortality";"Geneva";"Lung";"60-74";"Male";"2011";"197.85"
"Mortality";"Geneva";"Lung";"60-74";"Male";"2012";"141.62"
"Mortality";"Geneva";"Lung";"60-74";"Male";"2013";"191.73"
"Mortality";"Geneva";"Lung";"60-74";"Male";"2014";"125.51"
"Mortality";"Geneva";"Lung";"60-74";"Male";"2015";"157.41"
"Mortality";"Geneva";"Lung";"60-74";"Male";"2016";"168.83"
"Mortality";"Geneva";"Lung";"60-74";"Male";"2017";"174.35"
"Mortality";"Geneva";"Lung";"60-74";"Male";"2018";"160.43"
"Mortality";"Zurich, Zug, Schaffhausen, and Schwyz";"Lung";"60-74";"Female";"1995";"61.05"
"Mortality";"Zurich, Zug, Schaffhausen, and Schwyz";"Lung";"60-74";"Female";"1996";"68.96"
"Mortality";"Zurich, Zug, Schaffhausen, and Schwyz";"Lung";"60-74";"Female";"1997";"37.30"
"Mortality";"Zurich, Zug, Schaffhausen, and Schwyz";"Lung";"60-74";"Female";"1998";"51.06"
"Mortality";"Zurich, Zug, Schaffhausen, and Schwyz";"Lung";"60-74";"Female";"1999";"56.45"
"Mortality";"Zurich, Zug, Schaffhausen, and Schwyz";"Lung";"60-74";"Female";"2000";"64.05"
"Mortality";"Zurich, Zug, Schaffhausen, and Schwyz";"Lung";"60-74";"Female";"2001";"69.25"
"Mortality";"Zurich, Zug, Schaffhausen, and Schwyz";"Lung";"60-74";"Female";"2002";"58.38"
"Mortality";"Zurich, Zug, Schaffhausen, and Schwyz";"Lung";"60-74";"Female";"2003";"61.91"
"Mortality";"Zurich, Zug, Schaffhausen, and Schwyz";"Lung";"60-74";"Female";"2004";"59.75"
"Mortality";"Zurich, Zug, Schaffhausen, and Schwyz";"Lung";"60-74";"Female";"2005";"76.94"
"Mortality";"Zurich, Zug, Schaffhausen, and Schwyz";"Lung";"60-74";"Female";"2006";"85.08"
"Mortality";"Zurich, Zug, Schaffhausen, and Schwyz";"Lung";"60-74";"Female";"2007";"80.39"
"Mortality";"Zurich, Zug, Schaffhausen, and Schwyz";"Lung";"60-74";"Female";"2008";"67.76"
"Mortality";"Zurich, Zug, Schaffhausen, and Schwyz";"Lung";"60-74";"Female";"2009";"70.50"
"Mortality";"Zurich, Zug, Schaffhausen, and Schwyz";"Lung";"60-74";"Female";"2010";"77.22"
"Mortality";"Zurich, Zug, Schaffhausen, and Schwyz";"Lung";"60-74";"Female";"2011";"78.08"
"Mortality";"Zurich, Zug, Schaffhausen, and Schwyz";"Lung";"60-74";"Female";"2012";"81.54"
"Mortality";"Zurich, Zug, Schaffhausen, and Schwyz";"Lung";"60-74";"Female";"2013";"71.72"
"Mortality";"Zurich, Zug, Schaffhausen, and Schwyz";"Lung";"60-74";"Female";"2014";"77.77"
"Mortality";"Zurich, Zug, Schaffhausen, and Schwyz";"Lung";"60-74";"Female";"2015";"92.11"
"Mortality";"Zurich, Zug, Schaffhausen, and Schwyz";"Lung";"60-74";"Female";"2016";"63.25"
"Mortality";"Zurich, Zug, Schaffhausen, and Schwyz";"Lung";"60-74";"Female";"2017";"72.70"
"Mortality";"Zurich, Zug, Schaffhausen, and Schwyz";"Lung";"60-74";"Female";"2018";"74.67"
"Mortality";"Graubünden and Glarus";"Lung";"60-74";"Female";"1995";"32.90"
"Mortality";"Graubünden and Glarus";"Lung";"60-74";"Female";"1996";"13.15"
"Mortality";"Graubünden and Glarus";"Lung";"60-74";"Female";"1997";"26.24"
"Mortality";"Graubünden and Glarus";"Lung";"60-74";"Female";"1998";"26.16"
"Mortality";"Graubünden and Glarus";"Lung";"60-74";"Female";"1999";"32.62"
"Mortality";"Graubünden and Glarus";"Lung";"60-74";"Female";"2000";"32.56"
"Mortality";"Graubünden and Glarus";"Lung";"60-74";"Female";"2001";"45.15"
"Mortality";"Graubünden and Glarus";"Lung";"60-74";"Female";"2002";"51.03"
"Mortality";"Graubünden and Glarus";"Lung";"60-74";"Female";"2003";"44.18"
"Mortality";"Graubünden and Glarus";"Lung";"60-74";"Female";"2004";"68.35"
"Mortality";"Graubünden and Glarus";"Lung";"60-74";"Female";"2005";"104.05"
"Mortality";"Graubünden and Glarus";"Lung";"60-74";"Female";"2006";"96.44"
"Mortality";"Graubünden and Glarus";"Lung";"60-74";"Female";"2007";"65.01"
"Mortality";"Graubünden and Glarus";"Lung";"60-74";"Female";"2008";"40.59"
"Mortality";"Graubünden and Glarus";"Lung";"60-74";"Female";"2009";"68.20"
"Mortality";"Graubünden and Glarus";"Lung";"60-74";"Female";"2010";"72.38"
"Mortality";"Graubünden and Glarus";"Lung";"60-74";"Female";"2011";"64.71"
"Mortality";"Graubünden and Glarus";"Lung";"60-74";"Female";"2012";"99.28"
"Mortality";"Graubünden and Glarus";"Lung";"60-74";"Female";"2013";"51.24"
"Mortality";"Graubünden and Glarus";"Lung";"60-74";"Female";"2014";"90.51"
"Mortality";"Graubünden and Glarus";"Lung";"60-74";"Female";"2015";"44.37"
"Mortality";"Graubünden and Glarus";"Lung";"60-74";"Female";"2016";"91.71"
"Mortality";"Graubünden and Glarus";"Lung";"60-74";"Female";"2017";"80.43"
"Mortality";"Graubünden and Glarus";"Lung";"60-74";"Female";"2018";"83.69"
"Mortality";"Vaud";"Lung";"75-89";"Male";"1995";"380.61"
"Mortality";"Vaud";"Lung";"75-89";"Male";"1996";"308.16"
"Mortality";"Vaud";"Lung";"75-89";"Male";"1997";"360.36"
"Mortality";"Vaud";"Lung";"75-89";"Male";"1998";"238.68"
"Mortality";"Vaud";"Lung";"75-89";"Male";"1999";"342.61"
"Mortality";"Vaud";"Lung";"75-89";"Male";"2000";"397.20"
"Mortality";"Vaud";"Lung";"75-89";"Male";"2001";"447.51"
"Mortality";"Vaud";"Lung";"75-89";"Male";"2002";"381.86"
"Mortality";"Vaud";"Lung";"75-89";"Male";"2003";"407.92"
"Mortality";"Vaud";"Lung";"75-89";"Male";"2004";"338.63"
"Mortality";"Vaud";"Lung";"75-89";"Male";"2005";"337.14"
"Mortality";"Vaud";"Lung";"75-89";"Male";"2006";"435.74"
"Mortality";"Vaud";"Lung";"75-89";"Male";"2007";"304.37"
"Mortality";"Vaud";"Lung";"75-89";"Male";"2008";"313.78"
"Mortality";"Vaud";"Lung";"75-89";"Male";"2009";"317.90"
"Mortality";"Vaud";"Lung";"75-89";"Male";"2010";"337.68"
"Mortality";"Vaud";"Lung";"75-89";"Male";"2011";"371.15"
"Mortality";"Vaud";"Lung";"75-89";"Male";"2012";"304.46"
"Mortality";"Vaud";"Lung";"75-89";"Male";"2013";"292.74"
"Mortality";"Vaud";"Lung";"75-89";"Male";"2014";"276.01"
"Mortality";"Vaud";"Lung";"75-89";"Male";"2015";"260.72"
"Mortality";"Vaud";"Lung";"75-89";"Male";"2016";"312.63"
"Mortality";"Vaud";"Lung";"75-89";"Male";"2017";"279.17"
"Mortality";"Graubünden and Glarus";"Lung";"75-89";"Male";"1995";"408.77"
"Mortality";"Graubünden and Glarus";"Lung";"75-89";"Male";"1996";"327.12"
"Mortality";"Graubünden and Glarus";"Lung";"75-89";"Male";"1997";"395.22"
"Mortality";"Graubünden and Glarus";"Lung";"75-89";"Male";"1998";"319.91"
"Mortality";"Graubünden and Glarus";"Lung";"75-89";"Male";"1999";"245.66"
"Mortality";"Graubünden and Glarus";"Lung";"75-89";"Male";"2000";"346.47"
"Mortality";"Graubünden and Glarus";"Lung";"75-89";"Male";"2001";"404.18"
"Mortality";"Graubünden and Glarus";"Lung";"75-89";"Male";"2002";"378.88"
"Mortality";"Graubünden and Glarus";"Lung";"75-89";"Male";"2003";"441.97"
"Mortality";"Graubünden and Glarus";"Lung";"75-89";"Male";"2004";"438.56"
"Mortality";"Graubünden and Glarus";"Lung";"75-89";"Male";"2005";"336.03"
"Mortality";"Graubünden and Glarus";"Lung";"75-89";"Male";"2006";"281.54"
"Mortality";"Graubünden and Glarus";"Lung";"75-89";"Male";"2007";"399.11"
"Mortality";"Graubünden and Glarus";"Lung";"75-89";"Male";"2008";"406.53"
"Mortality";"Graubünden and Glarus";"Lung";"75-89";"Male";"2009";"295.05"
"Mortality";"Graubünden and Glarus";"Lung";"75-89";"Male";"2010";"319.56"
"Mortality";"Graubünden and Glarus";"Lung";"75-89";"Male";"2011";"396.54"
"Mortality";"Graubünden and Glarus";"Lung";"75-89";"Male";"2012";"386.23"
"Mortality";"Graubünden and Glarus";"Lung";"75-89";"Male";"2013";"390.28"
"Mortality";"Graubünden and Glarus";"Lung";"75-89";"Male";"2014";"287.39"
"Mortality";"Graubünden and Glarus";"Lung";"75-89";"Male";"2015";"265.32"
"Mortality";"Graubünden and Glarus";"Lung";"75-89";"Male";"2016";"304.60"
"Mortality";"Graubünden and Glarus";"Lung";"75-89";"Male";"2017";"329.88"
"Mortality";"Graubünden and Glarus";"Lung";"75-89";"Male";"2018";"281.67"
"Mortality";"Valais";"Lung";"75-89";"Female";"1995";"47.28"
"Mortality";"Valais";"Lung";"75-89";"Female";"1996";"56.90"
"Mortality";"Valais";"Lung";"75-89";"Female";"1997";"65.76"
"Mortality";"Valais";"Lung";"75-89";"Female";"1998";"137.59"
"Mortality";"Valais";"Lung";"75-89";"Female";"1999";"81.82"
"Mortality";"Valais";"Lung";"75-89";"Female";"2000";"148.85"
"Mortality";"Valais";"Lung";"75-89";"Female";"2001";"57.22"
"Mortality";"Valais";"Lung";"75-89";"Female";"2002";"92.05"
"Mortality";"Valais";"Lung";"75-89";"Female";"2003";"44.99"
"Mortality";"Valais";"Lung";"75-89";"Female";"2004";"43.96"
"Mortality";"Valais";"Lung";"75-89";"Female";"2005";"102.92"
"Mortality";"Valais";"Lung";"75-89";"Female";"2006";"100.41"
"Mortality";"Valais";"Lung";"75-89";"Female";"2007";"89.71"
"Mortality";"Valais";"Lung";"75-89";"Female";"2008";"119.57"
"Mortality";"Valais";"Lung";"75-89";"Female";"2009";"117.44"
"Mortality";"Valais";"Lung";"75-89";"Female";"2010";"107.54"
"Mortality";"Valais";"Lung";"75-89";"Female";"2011";"75.49"
"Mortality";"Valais";"Lung";"75-89";"Female";"2012";"133.80"
"Mortality";"Valais";"Lung";"75-89";"Female";"2013";"161.05"
"Mortality";"Valais";"Lung";"75-89";"Female";"2014";"129.24"
"Mortality";"Valais";"Lung";"75-89";"Female";"2015";"119.48"
"Mortality";"Valais";"Lung";"75-89";"Female";"2016";"130.28"
"Mortality";"Valais";"Lung";"75-89";"Female";"2017";"193.25"
"Mortality";"Valais";"Lung";"75-89";"Female";"2018";"180.83"
"Mortality";"Vaud";"Lung";"75-89";"Female";"1995";"84.00"
"Mortality";"Vaud";"Lung";"75-89";"Female";"1996";"82.86"
"Mortality";"Vaud";"Lung";"75-89";"Female";"1997";"73.80"
"Mortality";"Vaud";"Lung";"75-89";"Female";"1998";"84.30"
"Mortality";"Vaud";"Lung";"75-89";"Female";"1999";"124.69"
"Mortality";"Vaud";"Lung";"75-89";"Female";"2000";"70.78"
"Mortality";"Vaud";"Lung";"75-89";"Female";"2001";"84.82"
"Mortality";"Vaud";"Lung";"75-89";"Female";"2002";"110.85"
"Mortality";"Vaud";"Lung";"75-89";"Female";"2003";"96.25"
"Mortality";"Vaud";"Lung";"75-89";"Female";"2004";"106.36"
"Mortality";"Vaud";"Lung";"75-89";"Female";"2005";"101.08"
"Mortality";"Vaud";"Lung";"75-89";"Female";"2006";"102.95"
"Mortality";"Vaud";"Lung";"75-89";"Female";"2007";"133.38"
"Mortality";"Vaud";"Lung";"75-89";"Female";"2008";"124.91"
"Mortality";"Vaud";"Lung";"75-89";"Female";"2009";"112.86"
"Mortality";"Vaud";"Lung";"75-89";"Female";"2010";"125.19"
"Mortality";"Vaud";"Lung";"75-89";"Female";"2011";"148.40"
"Mortality";"Vaud";"Lung";"75-89";"Female";"2012";"141.52"
"Mortality";"Vaud";"Lung";"75-89";"Female";"2013";"130.99"
"Mortality";"Vaud";"Lung";"75-89";"Female";"2014";"146.55"
"Mortality";"Vaud";"Lung";"75-89";"Female";"2015";"82.50"
"Mortality";"Vaud";"Lung";"75-89";"Female";"2016";"110.81"
"Mortality";"Vaud";"Lung";"75-89";"Female";"2017";"115.04"
"Mortality";"Zurich, Zug, Schaffhausen, and Schwyz";"Lung";"75-89";"Male";"1995";"326.52"
"Mortality";"Zurich, Zug, Schaffhausen, and Schwyz";"Lung";"75-89";"Male";"1996";"416.13"
"Mortality";"Zurich, Zug, Schaffhausen, and Schwyz";"Lung";"75-89";"Male";"1997";"341.17"
"Mortality";"Zurich, Zug, Schaffhausen, and Schwyz";"Lung";"75-89";"Male";"1998";"392.10"
"Mortality";"Zurich, Zug, Schaffhausen, and Schwyz";"Lung";"75-89";"Male";"1999";"312.21"
"Mortality";"Zurich, Zug, Schaffhausen, and Schwyz";"Lung";"75-89";"Male";"2000";"331.53"
"Mortality";"Zurich, Zug, Schaffhausen, and Schwyz";"Lung";"75-89";"Male";"2001";"388.47"
"Mortality";"Zurich, Zug, Schaffhausen, and Schwyz";"Lung";"75-89";"Male";"2002";"303.84"
"Mortality";"Zurich, Zug, Schaffhausen, and Schwyz";"Lung";"75-89";"Male";"2003";"317.23"
"Mortality";"Zurich, Zug, Schaffhausen, and Schwyz";"Lung";"75-89";"Male";"2004";"273.94"
"Mortality";"Zurich, Zug, Schaffhausen, and Schwyz";"Lung";"75-89";"Male";"2005";"367.09"
"Mortality";"Zurich, Zug, Schaffhausen, and Schwyz";"Lung";"75-89";"Male";"2006";"254.90"
"Mortality";"Zurich, Zug, Schaffhausen, and Schwyz";"Lung";"75-89";"Male";"2007";"291.49"
"Mortality";"Zurich, Zug, Schaffhausen, and Schwyz";"Lung";"75-89";"Male";"2008";"334.63"
"Mortality";"Zurich, Zug, Schaffhausen, and Schwyz";"Lung";"75-89";"Male";"2009";"308.38"
"Mortality";"Zurich, Zug, Schaffhausen, and Schwyz";"Lung";"75-89";"Male";"2010";"329.04"
"Mortality";"Zurich, Zug, Schaffhausen, and Schwyz";"Lung";"75-89";"Male";"2011";"243.30"
"Mortality";"Zurich, Zug, Schaffhausen, and Schwyz";"Lung";"75-89";"Male";"2012";"251.81"
"Mortality";"Zurich, Zug, Schaffhausen, and Schwyz";"Lung";"75-89";"Male";"2013";"292.52"
"Mortality";"Zurich, Zug, Schaffhausen, and Schwyz";"Lung";"75-89";"Male";"2014";"273.38"
"Mortality";"Zurich, Zug, Schaffhausen, and Schwyz";"Lung";"75-89";"Male";"2015";"237.55"
"Mortality";"Zurich, Zug, Schaffhausen, and Schwyz";"Lung";"75-89";"Male";"2016";"245.36"
"Mortality";"Zurich, Zug, Schaffhausen, and Schwyz";"Lung";"75-89";"Male";"2017";"242.40"
"Mortality";"Zurich, Zug, Schaffhausen, and Schwyz";"Lung";"75-89";"Male";"2018";"258.73"
"Mortality";"Basel";"Lung";"75-89";"Male";"1995";"332.91"
"Mortality";"Basel";"Lung";"75-89";"Male";"1996";"387.47"
"Mortality";"Basel";"Lung";"75-89";"Male";"1997";"420.69"
"Mortality";"Basel";"Lung";"75-89";"Male";"1998";"429.65"
"Mortality";"Basel";"Lung";"75-89";"Male";"1999";"308.29"
"Mortality";"Basel";"Lung";"75-89";"Male";"2000";"427.28"
"Mortality";"Basel";"Lung";"75-89";"Male";"2001";"426.86"
"Mortality";"Basel";"Lung";"75-89";"Male";"2002";"352.21"
"Mortality";"Basel";"Lung";"75-89";"Male";"2003";"420.74"
"Mortality";"Basel";"Lung";"75-89";"Male";"2004";"370.99"
"Mortality";"Basel";"Lung";"75-89";"Male";"2005";"381.54"
"Mortality";"Basel";"Lung";"75-89";"Male";"2006";"405.58"
"Mortality";"Basel";"Lung";"75-89";"Male";"2007";"339.49"
"Mortality";"Basel";"Lung";"75-89";"Male";"2008";"297.36"
"Mortality";"Basel";"Lung";"75-89";"Male";"2009";"315.19"
"Mortality";"Basel";"Lung";"75-89";"Male";"2010";"396.91"
"Mortality";"Basel";"Lung";"75-89";"Male";"2011";"390.42"
"Mortality";"Basel";"Lung";"75-89";"Male";"2012";"304.01"
"Mortality";"Basel";"Lung";"75-89";"Male";"2013";"284.39"
"Mortality";"Basel";"Lung";"75-89";"Male";"2014";"354.61"
"Mortality";"Basel";"Lung";"75-89";"Male";"2015";"251.21"
"Mortality";"Basel";"Lung";"75-89";"Male";"2016";"363.43"
"Mortality";"Basel";"Lung";"75-89";"Male";"2017";"354.03"
"Mortality";"Basel";"Lung";"75-89";"Male";"2018";"239.58"
"Mortality";"Valais";"Lung";"75-89";"Male";"1995";"208.57"
"Mortality";"Valais";"Lung";"75-89";"Male";"1996";"385.39"
"Mortality";"Valais";"Lung";"75-89";"Male";"1997";"339.10"
"Mortality";"Valais";"Lung";"75-89";"Male";"1998";"379.57"
"Mortality";"Valais";"Lung";"75-89";"Male";"1999";"450.75"
"Mortality";"Valais";"Lung";"75-89";"Male";"2000";"470.13"
"Mortality";"Valais";"Lung";"75-89";"Male";"2001";"435.66"
"Mortality";"Valais";"Lung";"75-89";"Male";"2002";"254.30"
"Mortality";"Valais";"Lung";"75-89";"Male";"2003";"390.74"
"Mortality";"Valais";"Lung";"75-89";"Male";"2004";"421.08"
"Mortality";"Valais";"Lung";"75-89";"Male";"2005";"368.75"
"Mortality";"Valais";"Lung";"75-89";"Male";"2006";"395.54"
"Mortality";"Valais";"Lung";"75-89";"Male";"2007";"277.59"
"Mortality";"Valais";"Lung";"75-89";"Male";"2008";"301.88"
"Mortality";"Valais";"Lung";"75-89";"Male";"2009";"372.37"
"Mortality";"Valais";"Lung";"75-89";"Male";"2010";"403.66"
"Mortality";"Valais";"Lung";"75-89";"Male";"2011";"249.30"
"Mortality";"Valais";"Lung";"75-89";"Male";"2012";"493.70"
"Mortality";"Valais";"Lung";"75-89";"Male";"2013";"273.85"
"Mortality";"Valais";"Lung";"75-89";"Male";"2014";"401.92"
"Mortality";"Valais";"Lung";"75-89";"Male";"2015";"209.94"
"Mortality";"Valais";"Lung";"75-89";"Male";"2016";"277.60"
"Mortality";"Valais";"Lung";"75-89";"Male";"2017";"363.96"
"Mortality";"Valais";"Lung";"75-89";"Male";"2018";"306.41"
"Mortality";"Graubünden and Glarus";"Lung";"75-89";"Female";"1995";"89.59"
"Mortality";"Graubünden and Glarus";"Lung";"75-89";"Female";"1996";"77.22"
"Mortality";"Graubünden and Glarus";"Lung";"75-89";"Female";"1997";"87.28"
"Mortality";"Graubünden and Glarus";"Lung";"75-89";"Female";"1998";"64.86"
"Mortality";"Graubünden and Glarus";"Lung";"75-89";"Female";"1999";"32.07"
"Mortality";"Graubünden and Glarus";"Lung";"75-89";"Female";"2000";"63.20"
"Mortality";"Graubünden and Glarus";"Lung";"75-89";"Female";"2001";"82.25"
"Mortality";"Graubünden and Glarus";"Lung";"75-89";"Female";"2002";"50.43"
"Mortality";"Graubünden and Glarus";"Lung";"75-89";"Female";"2003";"120.56"
"Mortality";"Graubünden and Glarus";"Lung";"75-89";"Female";"2004";"70.02"
"Mortality";"Graubünden and Glarus";"Lung";"75-89";"Female";"2005";"49.50"
"Mortality";"Graubünden and Glarus";"Lung";"75-89";"Female";"2006";"78.45"
"Mortality";"Graubünden and Glarus";"Lung";"75-89";"Female";"2007";"87.19"
"Mortality";"Graubünden and Glarus";"Lung";"75-89";"Female";"2008";"86.22"
"Mortality";"Graubünden and Glarus";"Lung";"75-89";"Female";"2009";"104.83"
"Mortality";"Graubünden and Glarus";"Lung";"75-89";"Female";"2010";"75.87"
"Mortality";"Graubünden and Glarus";"Lung";"75-89";"Female";"2011";"84.20"
"Mortality";"Graubünden and Glarus";"Lung";"75-89";"Female";"2012";"110.46"
"Mortality";"Graubünden and Glarus";"Lung";"75-89";"Female";"2013";"154.92"
"Mortality";"Graubünden and Glarus";"Lung";"75-89";"Female";"2014";"117.34"
"Mortality";"Graubünden and Glarus";"Lung";"75-89";"Female";"2015";"125.51"
"Mortality";"Graubünden and Glarus";"Lung";"75-89";"Female";"2016";"88.63"
"Mortality";"Graubünden and Glarus";"Lung";"75-89";"Female";"2017";"147.77"
"Mortality";"Graubünden and Glarus";"Lung";"75-89";"Female";"2018";"136.05"
"Mortality";"Geneva";"Lung";"75-89";"Male";"1995";"320.73"
"Mortality";"Geneva";"Lung";"75-89";"Male";"1996";"426.74"
"Mortality";"Geneva";"Lung";"75-89";"Male";"1997";"429.24"
"Mortality";"Geneva";"Lung";"75-89";"Male";"1998";"370.03"
"Mortality";"Geneva";"Lung";"75-89";"Male";"1999";"409.12"
"Mortality";"Geneva";"Lung";"75-89";"Male";"2000";"292.65"
"Mortality";"Geneva";"Lung";"75-89";"Male";"2001";"386.17"
"Mortality";"Geneva";"Lung";"75-89";"Male";"2002";"210.04"
"Mortality";"Geneva";"Lung";"75-89";"Male";"2003";"504.18"
"Mortality";"Geneva";"Lung";"75-89";"Male";"2004";"227.91"
"Mortality";"Geneva";"Lung";"75-89";"Male";"2005";"389.79"
"Mortality";"Geneva";"Lung";"75-89";"Male";"2006";"425.10"
"Mortality";"Geneva";"Lung";"75-89";"Male";"2007";"317.11"
"Mortality";"Geneva";"Lung";"75-89";"Male";"2008";"396.59"
"Mortality";"Geneva";"Lung";"75-89";"Male";"2009";"332.36"
"Mortality";"Geneva";"Lung";"75-89";"Male";"2010";"433.64"
"Mortality";"Geneva";"Lung";"75-89";"Male";"2011";"273.39"
"Mortality";"Geneva";"Lung";"75-89";"Male";"2012";"234.23"
"Mortality";"Geneva";"Lung";"75-89";"Male";"2013";"290.41"
"Mortality";"Geneva";"Lung";"75-89";"Male";"2014";"312.62"
"Mortality";"Geneva";"Lung";"75-89";"Male";"2015";"371.90"
"Mortality";"Geneva";"Lung";"75-89";"Male";"2016";"326.82"
"Mortality";"Geneva";"Lung";"75-89";"Male";"2017";"218.75"
"Mortality";"Geneva";"Lung";"75-89";"Male";"2018";"300.73"
"Mortality";"Basel";"Lung";"75-89";"Female";"1995";"91.58"
"Mortality";"Basel";"Lung";"75-89";"Female";"1996";"94.92"
"Mortality";"Basel";"Lung";"75-89";"Female";"1997";"93.58"
"Mortality";"Basel";"Lung";"75-89";"Female";"1998";"112.81"
"Mortality";"Basel";"Lung";"75-89";"Female";"1999";"116.43"
"Mortality";"Basel";"Lung";"75-89";"Female";"2000";"148.04"
"Mortality";"Basel";"Lung";"75-89";"Female";"2001";"103.64"
"Mortality";"Basel";"Lung";"75-89";"Female";"2002";"93.27"
"Mortality";"Basel";"Lung";"75-89";"Female";"2003";"129.35"
"Mortality";"Basel";"Lung";"75-89";"Female";"2004";"104.48"
"Mortality";"Basel";"Lung";"75-89";"Female";"2005";"107.03"
"Mortality";"Basel";"Lung";"75-89";"Female";"2006";"87.48"
"Mortality";"Basel";"Lung";"75-89";"Female";"2007";"119.85"
"Mortality";"Basel";"Lung";"75-89";"Female";"2008";"142.99"
"Mortality";"Basel";"Lung";"75-89";"Female";"2009";"145.37"
"Mortality";"Basel";"Lung";"75-89";"Female";"2010";"148.12"
"Mortality";"Basel";"Lung";"75-89";"Female";"2011";"134.93"
"Mortality";"Basel";"Lung";"75-89";"Female";"2012";"113.87"
"Mortality";"Basel";"Lung";"75-89";"Female";"2013";"144.84"
"Mortality";"Basel";"Lung";"75-89";"Female";"2014";"120.63"
"Mortality";"Basel";"Lung";"75-89";"Female";"2015";"170.20"
"Mortality";"Basel";"Lung";"75-89";"Female";"2016";"157.08"
"Mortality";"Basel";"Lung";"75-89";"Female";"2017";"124.78"
"Mortality";"Basel";"Lung";"75-89";"Female";"2018";"149.26"
"Mortality";"Zurich, Zug, Schaffhausen, and Schwyz";"Lung";"75-89";"Female";"1995";"68.65"
"Mortality";"Zurich, Zug, Schaffhausen, and Schwyz";"Lung";"75-89";"Female";"1996";"63.86"
"Mortality";"Zurich, Zug, Schaffhausen, and Schwyz";"Lung";"75-89";"Female";"1997";"74.00"
"Mortality";"Zurich, Zug, Schaffhausen, and Schwyz";"Lung";"75-89";"Female";"1998";"75.67"
"Mortality";"Zurich, Zug, Schaffhausen, and Schwyz";"Lung";"75-89";"Female";"1999";"108.59"
"Mortality";"Zurich, Zug, Schaffhausen, and Schwyz";"Lung";"75-89";"Female";"2000";"91.14"
"Mortality";"Zurich, Zug, Schaffhausen, and Schwyz";"Lung";"75-89";"Female";"2001";"80.80"
"Mortality";"Zurich, Zug, Schaffhausen, and Schwyz";"Lung";"75-89";"Female";"2002";"63.05"
"Mortality";"Zurich, Zug, Schaffhausen, and Schwyz";"Lung";"75-89";"Female";"2003";"66.29"
"Mortality";"Zurich, Zug, Schaffhausen, and Schwyz";"Lung";"75-89";"Female";"2004";"121.11"
"Mortality";"Zurich, Zug, Schaffhausen, and Schwyz";"Lung";"75-89";"Female";"2005";"67.87"
"Mortality";"Zurich, Zug, Schaffhausen, and Schwyz";"Lung";"75-89";"Female";"2006";"110.81"
"Mortality";"Zurich, Zug, Schaffhausen, and Schwyz";"Lung";"75-89";"Female";"2007";"105.35"
"Mortality";"Zurich, Zug, Schaffhausen, and Schwyz";"Lung";"75-89";"Female";"2008";"93.13"
"Mortality";"Zurich, Zug, Schaffhausen, and Schwyz";"Lung";"75-89";"Female";"2009";"120.02"
"Mortality";"Zurich, Zug, Schaffhausen, and Schwyz";"Lung";"75-89";"Female";"2010";"135.82"
"Mortality";"Zurich, Zug, Schaffhausen, and Schwyz";"Lung";"75-89";"Female";"2011";"122.19"
"Mortality";"Zurich, Zug, Schaffhausen, and Schwyz";"Lung";"75-89";"Female";"2012";"111.26"
"Mortality";"Zurich, Zug, Schaffhausen, and Schwyz";"Lung";"75-89";"Female";"2013";"124.22"
"Mortality";"Zurich, Zug, Schaffhausen, and Schwyz";"Lung";"75-89";"Female";"2014";"97.76"
"Mortality";"Zurich, Zug, Schaffhausen, and Schwyz";"Lung";"75-89";"Female";"2015";"108.55"
"Mortality";"Zurich, Zug, Schaffhausen, and Schwyz";"Lung";"75-89";"Female";"2016";"120.18"
"Mortality";"Zurich, Zug, Schaffhausen, and Schwyz";"Lung";"75-89";"Female";"2017";"144.40"
"Mortality";"Zurich, Zug, Schaffhausen, and Schwyz";"Lung";"75-89";"Female";"2018";"137.01"
"Mortality";"Geneva";"Lung";"75-89";"Female";"1995";"100.33"
"Mortality";"Geneva";"Lung";"75-89";"Female";"1996";"79.54"
"Mortality";"Geneva";"Lung";"75-89";"Female";"1997";"98.51"
"Mortality";"Geneva";"Lung";"75-89";"Female";"1998";"97.81"
"Mortality";"Geneva";"Lung";"75-89";"Female";"1999";"116.44"
"Mortality";"Geneva";"Lung";"75-89";"Female";"2000";"133.72"
"Mortality";"Geneva";"Lung";"75-89";"Female";"2001";"131.58"
"Mortality";"Geneva";"Lung";"75-89";"Female";"2002";"111.15"
"Mortality";"Geneva";"Lung";"75-89";"Female";"2003";"146.25"
"Mortality";"Geneva";"Lung";"75-89";"Female";"2004";"132.30"
"Mortality";"Geneva";"Lung";"75-89";"Female";"2005";"123.52"
"Mortality";"Geneva";"Lung";"75-89";"Female";"2006";"120.61"
"Mortality";"Geneva";"Lung";"75-89";"Female";"2007";"140.54"
"Mortality";"Geneva";"Lung";"75-89";"Female";"2008";"98.75"
"Mortality";"Geneva";"Lung";"75-89";"Female";"2009";"128.88"
"Mortality";"Geneva";"Lung";"75-89";"Female";"2010";"132.62"
"Mortality";"Geneva";"Lung";"75-89";"Female";"2011";"115.82"
"Mortality";"Geneva";"Lung";"75-89";"Female";"2012";"135.54"
"Mortality";"Geneva";"Lung";"75-89";"Female";"2013";"143.80"
"Mortality";"Geneva";"Lung";"75-89";"Female";"2014";"146.67"
"Mortality";"Geneva";"Lung";"75-89";"Female";"2015";"149.71"
"Mortality";"Geneva";"Lung";"75-89";"Female";"2016";"191.34"
"Mortality";"Geneva";"Lung";"75-89";"Female";"2017";"134.49"
"Mortality";"Geneva";"Lung";"75-89";"Female";"2018";"136.24"
"Mortality";"Graubünden and Glarus";"Lung";"90-95+";"Male";"1995";"0.00"
"Mortality";"Graubünden and Glarus";"Lung";"90-95+";"Male";"1996";"0.00"
"Mortality";"Graubünden and Glarus";"Lung";"90-95+";"Male";"1997";"0.00"
"Mortality";"Graubünden and Glarus";"Lung";"90-95+";"Male";"1998";"0.00"
"Mortality";"Graubünden and Glarus";"Lung";"90-95+";"Male";"1999";"622.08"
"Mortality";"Graubünden and Glarus";"Lung";"90-95+";"Male";"2000";"0.00"
"Mortality";"Graubünden and Glarus";"Lung";"90-95+";"Male";"2001";"0.00"
"Mortality";"Graubünden and Glarus";"Lung";"90-95+";"Male";"2002";"0.00"
"Mortality";"Graubünden and Glarus";"Lung";"90-95+";"Male";"2003";"0.00"
"Mortality";"Graubünden and Glarus";"Lung";"90-95+";"Male";"2004";"205.76"
"Mortality";"Graubünden and Glarus";"Lung";"90-95+";"Male";"2005";"0.00"
"Mortality";"Graubünden and Glarus";"Lung";"90-95+";"Male";"2006";"0.00"
"Mortality";"Graubünden and Glarus";"Lung";"90-95+";"Male";"2007";"0.00"
"Mortality";"Graubünden and Glarus";"Lung";"90-95+";"Male";"2008";"186.05"
"Mortality";"Graubünden and Glarus";"Lung";"90-95+";"Male";"2009";"181.00"
"Mortality";"Graubünden and Glarus";"Lung";"90-95+";"Male";"2010";"0.00"
"Mortality";"Graubünden and Glarus";"Lung";"90-95+";"Male";"2011";"181.00"
"Mortality";"Graubünden and Glarus";"Lung";"90-95+";"Male";"2012";"385.36"
"Mortality";"Graubünden and Glarus";"Lung";"90-95+";"Male";"2013";"373.48"
"Mortality";"Graubünden and Glarus";"Lung";"90-95+";"Male";"2014";"173.91"
"Mortality";"Graubünden and Glarus";"Lung";"90-95+";"Male";"2015";"989.28"
"Mortality";"Graubünden and Glarus";"Lung";"90-95+";"Male";"2016";"468.02"
"Mortality";"Graubünden and Glarus";"Lung";"90-95+";"Male";"2017";"296.74"
"Mortality";"Graubünden and Glarus";"Lung";"90-95+";"Male";"2018";"0.00"
"Mortality";"Basel";"Lung";"90-95+";"Female";"1995";"0.00"
"Mortality";"Basel";"Lung";"90-95+";"Female";"1996";"0.00"
"Mortality";"Basel";"Lung";"90-95+";"Female";"1997";"127.61"
"Mortality";"Basel";"Lung";"90-95+";"Female";"1998";"81.19"
"Mortality";"Basel";"Lung";"90-95+";"Female";"1999";"38.94"
"Mortality";"Basel";"Lung";"90-95+";"Female";"2000";"37.54"
"Mortality";"Basel";"Lung";"90-95+";"Female";"2001";"72.19"
"Mortality";"Basel";"Lung";"90-95+";"Female";"2002";"70.39"
"Mortality";"Basel";"Lung";"90-95+";"Female";"2003";"211.94"
"Mortality";"Basel";"Lung";"90-95+";"Female";"2004";"35.02"
"Mortality";"Basel";"Lung";"90-95+";"Female";"2005";"68.72"
"Mortality";"Basel";"Lung";"90-95+";"Female";"2006";"34.61"
"Mortality";"Basel";"Lung";"90-95+";"Female";"2007";"103.73"
"Mortality";"Basel";"Lung";"90-95+";"Female";"2008";"34.32"
"Mortality";"Basel";"Lung";"90-95+";"Female";"2009";"103.41"
"Mortality";"Basel";"Lung";"90-95+";"Female";"2010";"100.91"
"Mortality";"Basel";"Lung";"90-95+";"Female";"2011";"157.33"
"Mortality";"Basel";"Lung";"90-95+";"Female";"2012";"0.00"
"Mortality";"Basel";"Lung";"90-95+";"Female";"2013";"55.69"
"Mortality";"Basel";"Lung";"90-95+";"Female";"2014";"80.99"
"Mortality";"Basel";"Lung";"90-95+";"Female";"2015";"236.84"
"Mortality";"Basel";"Lung";"90-95+";"Female";"2016";"102.60"
"Mortality";"Basel";"Lung";"90-95+";"Female";"2017";"74.76"
"Mortality";"Basel";"Lung";"90-95+";"Female";"2018";"120.57"
"Mortality";"Geneva";"Lung";"90-95+";"Male";"1995";"553.00"
"Mortality";"Geneva";"Lung";"90-95+";"Male";"1996";"0.00"
"Mortality";"Geneva";"Lung";"90-95+";"Male";"1997";"515.46"
"Mortality";"Geneva";"Lung";"90-95+";"Male";"1998";"324.15"
"Mortality";"Geneva";"Lung";"90-95+";"Male";"1999";"0.00"
"Mortality";"Geneva";"Lung";"90-95+";"Male";"2000";"583.52"
"Mortality";"Geneva";"Lung";"90-95+";"Male";"2001";"288.81"
"Mortality";"Geneva";"Lung";"90-95+";"Male";"2002";"285.92"
"Mortality";"Geneva";"Lung";"90-95+";"Male";"2003";"139.08"
"Mortality";"Geneva";"Lung";"90-95+";"Male";"2004";"268.46"
"Mortality";"Geneva";"Lung";"90-95+";"Male";"2005";"261.10"
"Mortality";"Geneva";"Lung";"90-95+";"Male";"2006";"129.03"
"Mortality";"Geneva";"Lung";"90-95+";"Male";"2007";"256.74"
"Mortality";"Geneva";"Lung";"90-95+";"Male";"2008";"0.00"
"Mortality";"Geneva";"Lung";"90-95+";"Male";"2009";"127.47"
"Mortality";"Geneva";"Lung";"90-95+";"Male";"2010";"355.24"
"Mortality";"Geneva";"Lung";"90-95+";"Male";"2011";"106.44"
"Mortality";"Geneva";"Lung";"90-95+";"Male";"2012";"198.61"
"Mortality";"Geneva";"Lung";"90-95+";"Male";"2013";"383.88"
"Mortality";"Geneva";"Lung";"90-95+";"Male";"2014";"272.73"
"Mortality";"Geneva";"Lung";"90-95+";"Male";"2015";"509.55"
"Mortality";"Geneva";"Lung";"90-95+";"Male";"2016";"240.38"
"Mortality";"Geneva";"Lung";"90-95+";"Male";"2017";"229.18"
"Mortality";"Geneva";"Lung";"90-95+";"Male";"2018";"146.52"
"Mortality";"Valais";"Lung";"90-95+";"Male";"1995";"388.35"
"Mortality";"Valais";"Lung";"90-95+";"Male";"1996";"0.00"
"Mortality";"Valais";"Lung";"90-95+";"Male";"1997";"0.00"
"Mortality";"Valais";"Lung";"90-95+";"Male";"1998";"331.67"
"Mortality";"Valais";"Lung";"90-95+";"Male";"1999";"624.02"
"Mortality";"Valais";"Lung";"90-95+";"Male";"2000";"294.99"
"Mortality";"Valais";"Lung";"90-95+";"Male";"2001";"280.11"
"Mortality";"Valais";"Lung";"90-95+";"Male";"2002";"259.40"
"Mortality";"Valais";"Lung";"90-95+";"Male";"2003";"481.93"
"Mortality";"Valais";"Lung";"90-95+";"Male";"2004";"0.00"
"Mortality";"Valais";"Lung";"90-95+";"Male";"2005";"205.34"
"Mortality";"Valais";"Lung";"90-95+";"Male";"2006";"387.22"
"Mortality";"Valais";"Lung";"90-95+";"Male";"2007";"0.00"
"Mortality";"Valais";"Lung";"90-95+";"Male";"2008";"190.29"
"Mortality";"Valais";"Lung";"90-95+";"Male";"2009";"192.49"
"Mortality";"Valais";"Lung";"90-95+";"Male";"2010";"0.00"
"Mortality";"Valais";"Lung";"90-95+";"Male";"2011";"362.32"
"Mortality";"Valais";"Lung";"90-95+";"Male";"2012";"1061.01"
"Mortality";"Valais";"Lung";"90-95+";"Male";"2013";"165.02"
"Mortality";"Valais";"Lung";"90-95+";"Male";"2014";"616.33"
"Mortality";"Valais";"Lung";"90-95+";"Male";"2015";"291.12"
"Mortality";"Valais";"Lung";"90-95+";"Male";"2016";"0.00"
"Mortality";"Valais";"Lung";"90-95+";"Male";"2017";"259.91"
"Mortality";"Valais";"Lung";"90-95+";"Male";"2018";"615.76"
"Mortality";"Graubünden and Glarus";"Lung";"90-95+";"Female";"1995";"0.00"
"Mortality";"Graubünden and Glarus";"Lung";"90-95+";"Female";"1996";"118.20"
"Mortality";"Graubünden and Glarus";"Lung";"90-95+";"Female";"1997";"0.00"
"Mortality";"Graubünden and Glarus";"Lung";"90-95+";"Female";"1998";"0.00"
"Mortality";"Graubünden and Glarus";"Lung";"90-95+";"Female";"1999";"0.00"
"Mortality";"Graubünden and Glarus";"Lung";"90-95+";"Female";"2000";"0.00"
"Mortality";"Graubünden and Glarus";"Lung";"90-95+";"Female";"2001";"95.15"
"Mortality";"Graubünden and Glarus";"Lung";"90-95+";"Female";"2002";"0.00"
"Mortality";"Graubünden and Glarus";"Lung";"90-95+";"Female";"2003";"81.70"
"Mortality";"Graubünden and Glarus";"Lung";"90-95+";"Female";"2004";"0.00"
"Mortality";"Graubünden and Glarus";"Lung";"90-95+";"Female";"2005";"154.20"
"Mortality";"Graubünden and Glarus";"Lung";"90-95+";"Female";"2006";"75.73"
"Mortality";"Graubünden and Glarus";"Lung";"90-95+";"Female";"2007";"0.00"
"Mortality";"Graubünden and Glarus";"Lung";"90-95+";"Female";"2008";"73.64"
"Mortality";"Graubünden and Glarus";"Lung";"90-95+";"Female";"2009";"0.00"
"Mortality";"Graubünden and Glarus";"Lung";"90-95+";"Female";"2010";"71.58"
"Mortality";"Graubünden and Glarus";"Lung";"90-95+";"Female";"2011";"143.88"
"Mortality";"Graubünden and Glarus";"Lung";"90-95+";"Female";"2012";"0.00"
"Mortality";"Graubünden and Glarus";"Lung";"90-95+";"Female";"2013";"72.60"
"Mortality";"Graubünden and Glarus";"Lung";"90-95+";"Female";"2014";"70.70"
"Mortality";"Graubünden and Glarus";"Lung";"90-95+";"Female";"2015";"0.00"
"Mortality";"Graubünden and Glarus";"Lung";"90-95+";"Female";"2016";"65.66"
"Mortality";"Graubünden and Glarus";"Lung";"90-95+";"Female";"2017";"64.16"
"Mortality";"Graubünden and Glarus";"Lung";"90-95+";"Female";"2018";"188.80"
"Mortality";"Zurich, Zug, Schaffhausen, and Schwyz";"Lung";"90-95+";"Female";"1995";"40.86"
"Mortality";"Zurich, Zug, Schaffhausen, and Schwyz";"Lung";"90-95+";"Female";"1996";"0.00"
"Mortality";"Zurich, Zug, Schaffhausen, and Schwyz";"Lung";"90-95+";"Female";"1997";"19.14"
"Mortality";"Zurich, Zug, Schaffhausen, and Schwyz";"Lung";"90-95+";"Female";"1998";"91.79"
"Mortality";"Zurich, Zug, Schaffhausen, and Schwyz";"Lung";"90-95+";"Female";"1999";"17.74"
"Mortality";"Zurich, Zug, Schaffhausen, and Schwyz";"Lung";"90-95+";"Female";"2000";"34.62"
"Mortality";"Zurich, Zug, Schaffhausen, and Schwyz";"Lung";"90-95+";"Female";"2001";"47.89"
"Mortality";"Zurich, Zug, Schaffhausen, and Schwyz";"Lung";"90-95+";"Female";"2002";"29.49"
"Mortality";"Zurich, Zug, Schaffhausen, and Schwyz";"Lung";"90-95+";"Female";"2003";"43.06"
"Mortality";"Zurich, Zug, Schaffhausen, and Schwyz";"Lung";"90-95+";"Female";"2004";"113.03"
"Mortality";"Zurich, Zug, Schaffhausen, and Schwyz";"Lung";"90-95+";"Female";"2005";"14.05"
"Mortality";"Zurich, Zug, Schaffhausen, and Schwyz";"Lung";"90-95+";"Female";"2006";"56.08"
"Mortality";"Zurich, Zug, Schaffhausen, and Schwyz";"Lung";"90-95+";"Female";"2007";"41.96"
"Mortality";"Zurich, Zug, Schaffhausen, and Schwyz";"Lung";"90-95+";"Female";"2008";"27.87"
"Mortality";"Zurich, Zug, Schaffhausen, and Schwyz";"Lung";"90-95+";"Female";"2009";"83.04"
"Mortality";"Zurich, Zug, Schaffhausen, and Schwyz";"Lung";"90-95+";"Female";"2010";"53.63"
"Mortality";"Zurich, Zug, Schaffhausen, and Schwyz";"Lung";"90-95+";"Female";"2011";"38.06"
"Mortality";"Zurich, Zug, Schaffhausen, and Schwyz";"Lung";"90-95+";"Female";"2012";"63.74"
"Mortality";"Zurich, Zug, Schaffhausen, and Schwyz";"Lung";"90-95+";"Female";"2013";"98.33"
"Mortality";"Zurich, Zug, Schaffhausen, and Schwyz";"Lung";"90-95+";"Female";"2014";"71.22"
"Mortality";"Zurich, Zug, Schaffhausen, and Schwyz";"Lung";"90-95+";"Female";"2015";"138.49"
"Mortality";"Zurich, Zug, Schaffhausen, and Schwyz";"Lung";"90-95+";"Female";"2016";"89.35"
"Mortality";"Zurich, Zug, Schaffhausen, and Schwyz";"Lung";"90-95+";"Female";"2017";"118.04"
"Mortality";"Zurich, Zug, Schaffhausen, and Schwyz";"Lung";"90-95+";"Female";"2018";"93.61"
"Mortality";"Zurich, Zug, Schaffhausen, and Schwyz";"Lung";"90-95+";"Male";"1995";"204.22"
"Mortality";"Zurich, Zug, Schaffhausen, and Schwyz";"Lung";"90-95+";"Male";"1996";"388.98"
"Mortality";"Zurich, Zug, Schaffhausen, and Schwyz";"Lung";"90-95+";"Male";"1997";"309.21"
"Mortality";"Zurich, Zug, Schaffhausen, and Schwyz";"Lung";"90-95+";"Male";"1998";"295.16"
"Mortality";"Zurich, Zug, Schaffhausen, and Schwyz";"Lung";"90-95+";"Male";"1999";"397.73"
"Mortality";"Zurich, Zug, Schaffhausen, and Schwyz";"Lung";"90-95+";"Male";"2000";"387.17"
"Mortality";"Zurich, Zug, Schaffhausen, and Schwyz";"Lung";"90-95+";"Male";"2001";"464.88"
"Mortality";"Zurich, Zug, Schaffhausen, and Schwyz";"Lung";"90-95+";"Male";"2002";"143.88"
"Mortality";"Zurich, Zug, Schaffhausen, and Schwyz";"Lung";"90-95+";"Male";"2003";"322.28"
"Mortality";"Zurich, Zug, Schaffhausen, and Schwyz";"Lung";"90-95+";"Male";"2004";"176.41"
"Mortality";"Zurich, Zug, Schaffhausen, and Schwyz";"Lung";"90-95+";"Male";"2005";"213.45"
"Mortality";"Zurich, Zug, Schaffhausen, and Schwyz";"Lung";"90-95+";"Male";"2006";"417.62"
"Mortality";"Zurich, Zug, Schaffhausen, and Schwyz";"Lung";"90-95+";"Male";"2007";"163.00"
"Mortality";"Zurich, Zug, Schaffhausen, and Schwyz";"Lung";"90-95+";"Male";"2008";"201.86"
"Mortality";"Zurich, Zug, Schaffhausen, and Schwyz";"Lung";"90-95+";"Male";"2009";"197.28"
"Mortality";"Zurich, Zug, Schaffhausen, and Schwyz";"Lung";"90-95+";"Male";"2010";"149.37"
"Mortality";"Zurich, Zug, Schaffhausen, and Schwyz";"Lung";"90-95+";"Male";"2011";"311.90"
"Mortality";"Zurich, Zug, Schaffhausen, and Schwyz";"Lung";"90-95+";"Male";"2012";"409.56"
"Mortality";"Zurich, Zug, Schaffhausen, and Schwyz";"Lung";"90-95+";"Male";"2013";"256.12"
"Mortality";"Zurich, Zug, Schaffhausen, and Schwyz";"Lung";"90-95+";"Male";"2014";"301.70"
"Mortality";"Zurich, Zug, Schaffhausen, and Schwyz";"Lung";"90-95+";"Male";"2015";"258.62"
"Mortality";"Zurich, Zug, Schaffhausen, and Schwyz";"Lung";"90-95+";"Male";"2016";"275.67"
"Mortality";"Zurich, Zug, Schaffhausen, and Schwyz";"Lung";"90-95+";"Male";"2017";"236.69"
"Mortality";"Zurich, Zug, Schaffhausen, and Schwyz";"Lung";"90-95+";"Male";"2018";"175.26"
"Mortality";"Geneva";"Lung";"90-95+";"Female";"1995";"98.91"
"Mortality";"Geneva";"Lung";"90-95+";"Female";"1996";"143.75"
"Mortality";"Geneva";"Lung";"90-95+";"Female";"1997";"0.00"
"Mortality";"Geneva";"Lung";"90-95+";"Female";"1998";"45.20"
"Mortality";"Geneva";"Lung";"90-95+";"Female";"1999";"43.57"
"Mortality";"Geneva";"Lung";"90-95+";"Female";"2000";"126.37"
"Mortality";"Geneva";"Lung";"90-95+";"Female";"2001";"123.08"
"Mortality";"Geneva";"Lung";"90-95+";"Female";"2002";"0.00"
"Mortality";"Geneva";"Lung";"90-95+";"Female";"2003";"0.00"
"Mortality";"Geneva";"Lung";"90-95+";"Female";"2004";"78.08"
"Mortality";"Geneva";"Lung";"90-95+";"Female";"2005";"0.00"
"Mortality";"Geneva";"Lung";"90-95+";"Female";"2006";"155.64"
"Mortality";"Geneva";"Lung";"90-95+";"Female";"2007";"78.79"
"Mortality";"Geneva";"Lung";"90-95+";"Female";"2008";"119.47"
"Mortality";"Geneva";"Lung";"90-95+";"Female";"2009";"78.94"
"Mortality";"Geneva";"Lung";"90-95+";"Female";"2010";"150.89"
"Mortality";"Geneva";"Lung";"90-95+";"Female";"2011";"144.14"
"Mortality";"Geneva";"Lung";"90-95+";"Female";"2012";"172.27"
"Mortality";"Geneva";"Lung";"90-95+";"Female";"2013";"131.90"
"Mortality";"Geneva";"Lung";"90-95+";"Female";"2014";"31.63"
"Mortality";"Geneva";"Lung";"90-95+";"Female";"2015";"30.52"
"Mortality";"Geneva";"Lung";"90-95+";"Female";"2016";"148.21"
"Mortality";"Geneva";"Lung";"90-95+";"Female";"2017";"199.89"
"Mortality";"Geneva";"Lung";"90-95+";"Female";"2018";"220.93"
"Mortality";"Vaud";"Lung";"90-95+";"Female";"1995";"76.95"
"Mortality";"Vaud";"Lung";"90-95+";"Female";"1996";"109.41"
"Mortality";"Vaud";"Lung";"90-95+";"Female";"1997";"0.00"
"Mortality";"Vaud";"Lung";"90-95+";"Female";"1998";"67.08"
"Mortality";"Vaud";"Lung";"90-95+";"Female";"1999";"0.00"
"Mortality";"Vaud";"Lung";"90-95+";"Female";"2000";"31.30"
"Mortality";"Vaud";"Lung";"90-95+";"Female";"2001";"29.87"
"Mortality";"Vaud";"Lung";"90-95+";"Female";"2002";"116.25"
"Mortality";"Vaud";"Lung";"90-95+";"Female";"2003";"28.60"
"Mortality";"Vaud";"Lung";"90-95+";"Female";"2004";"27.66"
"Mortality";"Vaud";"Lung";"90-95+";"Female";"2005";"54.53"
"Mortality";"Vaud";"Lung";"90-95+";"Female";"2006";"27.12"
"Mortality";"Vaud";"Lung";"90-95+";"Female";"2007";"53.13"
"Mortality";"Vaud";"Lung";"90-95+";"Female";"2008";"79.38"
"Mortality";"Vaud";"Lung";"90-95+";"Female";"2009";"157.65"
"Mortality";"Vaud";"Lung";"90-95+";"Female";"2010";"126.20"
"Mortality";"Vaud";"Lung";"90-95+";"Female";"2011";"118.23"
"Mortality";"Vaud";"Lung";"90-95+";"Female";"2012";"44.91"
"Mortality";"Vaud";"Lung";"90-95+";"Female";"2013";"172.73"
"Mortality";"Vaud";"Lung";"90-95+";"Female";"2014";"61.86"
"Mortality";"Vaud";"Lung";"90-95+";"Female";"2015";"119.39"
"Mortality";"Vaud";"Lung";"90-95+";"Female";"2016";"115.54"
"Mortality";"Vaud";"Lung";"90-95+";"Female";"2017";"94.01"
"Mortality";"Valais";"Lung";"90-95+";"Female";"1995";"143.06"
"Mortality";"Valais";"Lung";"90-95+";"Female";"1996";"0.00"
"Mortality";"Valais";"Lung";"90-95+";"Female";"1997";"0.00"
"Mortality";"Valais";"Lung";"90-95+";"Female";"1998";"0.00"
"Mortality";"Valais";"Lung";"90-95+";"Female";"1999";"0.00"
"Mortality";"Valais";"Lung";"90-95+";"Female";"2000";"114.68"
"Mortality";"Valais";"Lung";"90-95+";"Female";"2001";"0.00"
"Mortality";"Valais";"Lung";"90-95+";"Female";"2002";"89.65"
"Mortality";"Valais";"Lung";"90-95+";"Female";"2003";"85.18"
"Mortality";"Valais";"Lung";"90-95+";"Female";"2004";"161.55"
"Mortality";"Valais";"Lung";"90-95+";"Female";"2005";"0.00"
"Mortality";"Valais";"Lung";"90-95+";"Female";"2006";"0.00"
"Mortality";"Valais";"Lung";"90-95+";"Female";"2007";"0.00"
"Mortality";"Valais";"Lung";"90-95+";"Female";"2008";"72.83"
"Mortality";"Valais";"Lung";"90-95+";"Female";"2009";"0.00"
"Mortality";"Valais";"Lung";"90-95+";"Female";"2010";"64.06"
"Mortality";"Valais";"Lung";"90-95+";"Female";"2011";"128.29"
"Mortality";"Valais";"Lung";"90-95+";"Female";"2012";"64.68"
"Mortality";"Valais";"Lung";"90-95+";"Female";"2013";"122.44"
"Mortality";"Valais";"Lung";"90-95+";"Female";"2014";"115.94"
"Mortality";"Valais";"Lung";"90-95+";"Female";"2015";"0.00"
"Mortality";"Valais";"Lung";"90-95+";"Female";"2016";"53.59"
"Mortality";"Valais";"Lung";"90-95+";"Female";"2017";"0.00"
"Mortality";"Valais";"Lung";"90-95+";"Female";"2018";"153.69"
"Mortality";"Basel";"Lung";"90-95+";"Male";"1995";"0.00"
"Mortality";"Basel";"Lung";"90-95+";"Male";"1996";"0.00"
"Mortality";"Basel";"Lung";"90-95+";"Male";"1997";"316.96"
"Mortality";"Basel";"Lung";"90-95+";"Male";"1998";"146.84"
"Mortality";"Basel";"Lung";"90-95+";"Male";"1999";"277.97"
"Mortality";"Basel";"Lung";"90-95+";"Male";"2000";"132.80"
"Mortality";"Basel";"Lung";"90-95+";"Male";"2001";"369.46"
"Mortality";"Basel";"Lung";"90-95+";"Male";"2002";"118.91"
"Mortality";"Basel";"Lung";"90-95+";"Male";"2003";"0.00"
"Mortality";"Basel";"Lung";"90-95+";"Male";"2004";"110.44"
"Mortality";"Basel";"Lung";"90-95+";"Male";"2005";"105.65"
"Mortality";"Basel";"Lung";"90-95+";"Male";"2006";"105.04"
"Mortality";"Basel";"Lung";"90-95+";"Male";"2007";"206.19"
"Mortality";"Basel";"Lung";"90-95+";"Male";"2008";"201.41"
"Mortality";"Basel";"Lung";"90-95+";"Male";"2009";"100.10"
"Mortality";"Basel";"Lung";"90-95+";"Male";"2010";"578.31"
"Mortality";"Basel";"Lung";"90-95+";"Male";"2011";"180.67"
"Mortality";"Basel";"Lung";"90-95+";"Male";"2012";"341.01"
"Mortality";"Basel";"Lung";"90-95+";"Male";"2013";"467.65"
"Mortality";"Basel";"Lung";"90-95+";"Male";"2014";"144.67"
"Mortality";"Basel";"Lung";"90-95+";"Male";"2015";"486.45"
"Mortality";"Basel";"Lung";"90-95+";"Male";"2016";"199.20"
"Mortality";"Basel";"Lung";"90-95+";"Male";"2017";"315.86"
"Mortality";"Basel";"Lung";"90-95+";"Male";"2018";"180.40"
"Mortality";"Vaud";"Lung";"90-95+";"Male";"1995";"314.14"
"Mortality";"Vaud";"Lung";"90-95+";"Male";"1996";"402.62"
"Mortality";"Vaud";"Lung";"90-95+";"Male";"1997";"95.69"
"Mortality";"Vaud";"Lung";"90-95+";"Male";"1998";"94.25"
"Mortality";"Vaud";"Lung";"90-95+";"Male";"1999";"379.69"
"Mortality";"Vaud";"Lung";"90-95+";"Male";"2000";"560.22"
"Mortality";"Vaud";"Lung";"90-95+";"Male";"2001";"355.87"
"Mortality";"Vaud";"Lung";"90-95+";"Male";"2002";"176.60"
"Mortality";"Vaud";"Lung";"90-95+";"Male";"2003";"0.00"
"Mortality";"Vaud";"Lung";"90-95+";"Male";"2004";"255.21"
"Mortality";"Vaud";"Lung";"90-95+";"Male";"2005";"338.12"
"Mortality";"Vaud";"Lung";"90-95+";"Male";"2006";"84.14"
"Mortality";"Vaud";"Lung";"90-95+";"Male";"2007";"417.01"
"Mortality";"Vaud";"Lung";"90-95+";"Male";"2008";"250.52"
"Mortality";"Vaud";"Lung";"90-95+";"Male";"2009";"317.21"
"Mortality";"Vaud";"Lung";"90-95+";"Male";"2010";"295.20"
"Mortality";"Vaud";"Lung";"90-95+";"Male";"2011";"204.22"
"Mortality";"Vaud";"Lung";"90-95+";"Male";"2012";"772.70"
"Mortality";"Vaud";"Lung";"90-95+";"Male";"2013";"439.01"
"Mortality";"Vaud";"Lung";"90-95+";"Male";"2014";"177.04"
"Mortality";"Vaud";"Lung";"90-95+";"Male";"2015";"54.47"
"Mortality";"Vaud";"Lung";"90-95+";"Male";"2016";"255.56"
"Mortality";"Vaud";"Lung";"90-95+";"Male";"2017";"248.08"
"Incidence";"Ticino";"Lung";"0-14";"Female";"1996";"0.00"
"Incidence";"Ticino";"Lung";"0-14";"Female";"1997";"0.00"
"Incidence";"Ticino";"Lung";"0-14";"Female";"1998";"0.00"
"Incidence";"Ticino";"Lung";"0-14";"Female";"1999";"0.00"
"Incidence";"Ticino";"Lung";"0-14";"Female";"2000";"0.00"
"Incidence";"Ticino";"Lung";"0-14";"Female";"2001";"0.00"
"Incidence";"Ticino";"Lung";"0-14";"Female";"2002";"0.00"
"Incidence";"Ticino";"Lung";"0-14";"Female";"2003";"0.00"
"Incidence";"Ticino";"Lung";"0-14";"Female";"2004";"0.00"
"Incidence";"Ticino";"Lung";"0-14";"Female";"2005";"0.00"
"Incidence";"Ticino";"Lung";"0-14";"Female";"2006";"0.00"
"Incidence";"Ticino";"Lung";"0-14";"Female";"2007";"0.00"
"Incidence";"Ticino";"Lung";"0-14";"Female";"2008";"0.00"
"Incidence";"Ticino";"Lung";"0-14";"Female";"2009";"0.00"
"Incidence";"Ticino";"Lung";"0-14";"Female";"2010";"0.00"
"Incidence";"Ticino";"Lung";"0-14";"Female";"2011";"0.00"
"Incidence";"Ticino";"Lung";"0-14";"Female";"2012";"0.00"
"Incidence";"Ticino";"Lung";"0-14";"Female";"2013";"0.00"
"Incidence";"Ticino";"Lung";"0-14";"Female";"2014";"0.00"
"Incidence";"Ticino";"Lung";"0-14";"Female";"2015";"0.00"
"Incidence";"Ticino";"Lung";"0-14";"Female";"2016";"0.00"
"Incidence";"Ticino";"Lung";"0-14";"Female";"2017";"0.00"
"Incidence";"Ticino";"Lung";"0-14";"Female";"2018";"0.00"
"Incidence";"Ticino";"Lung";"0-14";"Female";"2019";"0.00"
"Incidence";"Ticino";"Lung";"0-14";"Male";"1996";"0.00"
"Incidence";"Ticino";"Lung";"0-14";"Male";"1997";"0.00"
"Incidence";"Ticino";"Lung";"0-14";"Male";"1998";"0.00"
"Incidence";"Ticino";"Lung";"0-14";"Male";"1999";"0.00"
"Incidence";"Ticino";"Lung";"0-14";"Male";"2000";"0.00"
"Incidence";"Ticino";"Lung";"0-14";"Male";"2001";"0.00"
"Incidence";"Ticino";"Lung";"0-14";"Male";"2002";"0.00"
"Incidence";"Ticino";"Lung";"0-14";"Male";"2003";"0.00"
"Incidence";"Ticino";"Lung";"0-14";"Male";"2004";"0.00"
"Incidence";"Ticino";"Lung";"0-14";"Male";"2005";"0.00"
"Incidence";"Ticino";"Lung";"0-14";"Male";"2006";"0.00"
"Incidence";"Ticino";"Lung";"0-14";"Male";"2007";"0.00"
"Incidence";"Ticino";"Lung";"0-14";"Male";"2008";"0.00"
"Incidence";"Ticino";"Lung";"0-14";"Male";"2009";"0.00"
"Incidence";"Ticino";"Lung";"0-14";"Male";"2010";"0.00"
"Incidence";"Ticino";"Lung";"0-14";"Male";"2011";"0.00"
"Incidence";"Ticino";"Lung";"0-14";"Male";"2012";"0.00"
"Incidence";"Ticino";"Lung";"0-14";"Male";"2013";"4.15"
"Incidence";"Ticino";"Lung";"0-14";"Male";"2014";"0.00"
"Incidence";"Ticino";"Lung";"0-14";"Male";"2015";"0.00"
"Incidence";"Ticino";"Lung";"0-14";"Male";"2016";"0.00"
"Incidence";"Ticino";"Lung";"0-14";"Male";"2017";"0.00"
"Incidence";"Ticino";"Lung";"0-14";"Male";"2018";"0.00"
"Incidence";"Ticino";"Lung";"0-14";"Male";"2019";"0.00"
"Mortality";"Ticino";"Lung";"0-14";"Male";"1996";"0.00"
"Mortality";"Ticino";"Lung";"0-14";"Male";"1997";"0.00"
"Mortality";"Ticino";"Lung";"0-14";"Male";"1998";"0.00"
"Mortality";"Ticino";"Lung";"0-14";"Male";"1999";"0.00"
"Mortality";"Ticino";"Lung";"0-14";"Male";"2000";"0.00"
"Mortality";"Ticino";"Lung";"0-14";"Male";"2001";"0.00"
"Mortality";"Ticino";"Lung";"0-14";"Male";"2002";"0.00"
"Mortality";"Ticino";"Lung";"0-14";"Male";"2003";"0.00"
"Mortality";"Ticino";"Lung";"0-14";"Male";"2004";"0.00"
"Mortality";"Ticino";"Lung";"0-14";"Male";"2005";"0.00"
"Mortality";"Ticino";"Lung";"0-14";"Male";"2006";"0.00"
"Mortality";"Ticino";"Lung";"0-14";"Male";"2007";"0.00"
"Mortality";"Ticino";"Lung";"0-14";"Male";"2008";"0.00"
"Mortality";"Ticino";"Lung";"0-14";"Male";"2009";"0.00"
"Mortality";"Ticino";"Lung";"0-14";"Male";"2010";"0.00"
"Mortality";"Ticino";"Lung";"0-14";"Male";"2011";"0.00"
"Mortality";"Ticino";"Lung";"0-14";"Male";"2012";"0.00"
"Mortality";"Ticino";"Lung";"0-14";"Male";"2013";"0.00"
"Mortality";"Ticino";"Lung";"0-14";"Male";"2014";"0.00"
"Mortality";"Ticino";"Lung";"0-14";"Male";"2015";"0.00"
"Mortality";"Ticino";"Lung";"0-14";"Male";"2016";"0.00"
"Mortality";"Ticino";"Lung";"0-14";"Male";"2017";"0.00"
"Mortality";"Ticino";"Lung";"0-14";"Male";"2018";"0.00"
"Mortality";"Ticino";"Lung";"0-14";"Female";"1996";"0.00"
"Mortality";"Ticino";"Lung";"0-14";"Female";"1997";"0.00"
"Mortality";"Ticino";"Lung";"0-14";"Female";"1998";"0.00"
"Mortality";"Ticino";"Lung";"0-14";"Female";"1999";"0.00"
"Mortality";"Ticino";"Lung";"0-14";"Female";"2000";"0.00"
"Mortality";"Ticino";"Lung";"0-14";"Female";"2001";"0.00"
"Mortality";"Ticino";"Lung";"0-14";"Female";"2002";"0.00"
"Mortality";"Ticino";"Lung";"0-14";"Female";"2003";"0.00"
"Mortality";"Ticino";"Lung";"0-14";"Female";"2004";"0.00"
"Mortality";"Ticino";"Lung";"0-14";"Female";"2005";"0.00"
"Mortality";"Ticino";"Lung";"0-14";"Female";"2006";"0.00"
"Mortality";"Ticino";"Lung";"0-14";"Female";"2007";"0.00"
"Mortality";"Ticino";"Lung";"0-14";"Female";"2008";"0.00"
"Mortality";"Ticino";"Lung";"0-14";"Female";"2009";"0.00"
"Mortality";"Ticino";"Lung";"0-14";"Female";"2010";"0.00"
"Mortality";"Ticino";"Lung";"0-14";"Female";"2011";"0.00"
"Mortality";"Ticino";"Lung";"0-14";"Female";"2012";"0.00"
"Mortality";"Ticino";"Lung";"0-14";"Female";"2013";"0.00"
"Mortality";"Ticino";"Lung";"0-14";"Female";"2014";"0.00"
"Mortality";"Ticino";"Lung";"0-14";"Female";"2015";"0.00"
"Mortality";"Ticino";"Lung";"0-14";"Female";"2016";"0.00"
"Mortality";"Ticino";"Lung";"0-14";"Female";"2017";"0.00"
"Mortality";"Ticino";"Lung";"0-14";"Female";"2018";"0.00"
"Mortality";"Ticino";"Lung";"15-29";"Male";"1996";"0.00"
"Mortality";"Ticino";"Lung";"15-29";"Male";"1997";"0.00"
"Mortality";"Ticino";"Lung";"15-29";"Male";"1998";"0.00"
"Mortality";"Ticino";"Lung";"15-29";"Male";"1999";"0.00"
"Mortality";"Ticino";"Lung";"15-29";"Male";"2000";"0.00"
"Mortality";"Ticino";"Lung";"15-29";"Male";"2001";"0.00"
"Mortality";"Ticino";"Lung";"15-29";"Male";"2002";"0.00"
"Mortality";"Ticino";"Lung";"15-29";"Male";"2003";"0.00"
"Mortality";"Ticino";"Lung";"15-29";"Male";"2004";"0.00"
"Mortality";"Ticino";"Lung";"15-29";"Male";"2005";"0.00"
"Mortality";"Ticino";"Lung";"15-29";"Male";"2006";"0.00"
"Mortality";"Ticino";"Lung";"15-29";"Male";"2007";"3.91"
"Mortality";"Ticino";"Lung";"15-29";"Male";"2008";"0.00"
"Mortality";"Ticino";"Lung";"15-29";"Male";"2009";"0.00"
"Mortality";"Ticino";"Lung";"15-29";"Male";"2010";"0.00"
"Mortality";"Ticino";"Lung";"15-29";"Male";"2011";"0.00"
"Mortality";"Ticino";"Lung";"15-29";"Male";"2012";"0.00"
"Mortality";"Ticino";"Lung";"15-29";"Male";"2013";"0.00"
"Mortality";"Ticino";"Lung";"15-29";"Male";"2014";"0.00"
"Mortality";"Ticino";"Lung";"15-29";"Male";"2015";"0.00"
"Mortality";"Ticino";"Lung";"15-29";"Male";"2016";"0.00"
"Mortality";"Ticino";"Lung";"15-29";"Male";"2017";"0.00"
"Mortality";"Ticino";"Lung";"15-29";"Male";"2018";"0.00"
"Mortality";"Ticino";"Lung";"15-29";"Female";"1996";"0.00"
"Mortality";"Ticino";"Lung";"15-29";"Female";"1997";"0.00"
"Mortality";"Ticino";"Lung";"15-29";"Female";"1998";"0.00"
"Mortality";"Ticino";"Lung";"15-29";"Female";"1999";"0.00"
"Mortality";"Ticino";"Lung";"15-29";"Female";"2000";"0.00"
"Mortality";"Ticino";"Lung";"15-29";"Female";"2001";"0.00"
"Mortality";"Ticino";"Lung";"15-29";"Female";"2002";"0.00"
"Mortality";"Ticino";"Lung";"15-29";"Female";"2003";"0.00"
"Mortality";"Ticino";"Lung";"15-29";"Female";"2004";"0.00"
"Mortality";"Ticino";"Lung";"15-29";"Female";"2005";"0.00"
"Mortality";"Ticino";"Lung";"15-29";"Female";"2006";"0.00"
"Mortality";"Ticino";"Lung";"15-29";"Female";"2007";"0.00"
"Mortality";"Ticino";"Lung";"15-29";"Female";"2008";"0.00"
"Mortality";"Ticino";"Lung";"15-29";"Female";"2009";"0.00"
"Mortality";"Ticino";"Lung";"15-29";"Female";"2010";"0.00"
"Mortality";"Ticino";"Lung";"15-29";"Female";"2011";"0.00"
"Mortality";"Ticino";"Lung";"15-29";"Female";"2012";"0.00"
"Mortality";"Ticino";"Lung";"15-29";"Female";"2013";"0.00"
"Mortality";"Ticino";"Lung";"15-29";"Female";"2014";"0.00"
"Mortality";"Ticino";"Lung";"15-29";"Female";"2015";"0.00"
"Mortality";"Ticino";"Lung";"15-29";"Female";"2016";"0.00"
"Mortality";"Ticino";"Lung";"15-29";"Female";"2017";"0.00"
"Mortality";"Ticino";"Lung";"15-29";"Female";"2018";"0.00"
"Incidence";"Ticino";"Lung";"15-29";"Female";"1996";"3.32"
"Incidence";"Ticino";"Lung";"15-29";"Female";"1997";"0.00"
"Incidence";"Ticino";"Lung";"15-29";"Female";"1998";"0.00"
"Incidence";"Ticino";"Lung";"15-29";"Female";"1999";"0.00"
"Incidence";"Ticino";"Lung";"15-29";"Female";"2000";"0.00"
"Incidence";"Ticino";"Lung";"15-29";"Female";"2001";"3.77"
"Incidence";"Ticino";"Lung";"15-29";"Female";"2002";"0.00"
"Incidence";"Ticino";"Lung";"15-29";"Female";"2003";"0.00"
"Incidence";"Ticino";"Lung";"15-29";"Female";"2004";"3.91"
"Incidence";"Ticino";"Lung";"15-29";"Female";"2005";"0.00"
"Incidence";"Ticino";"Lung";"15-29";"Female";"2006";"0.00"
"Incidence";"Ticino";"Lung";"15-29";"Female";"2007";"3.91"
"Incidence";"Ticino";"Lung";"15-29";"Female";"2008";"0.00"
"Incidence";"Ticino";"Lung";"15-29";"Female";"2009";"0.00"
"Incidence";"Ticino";"Lung";"15-29";"Female";"2010";"0.00"
"Incidence";"Ticino";"Lung";"15-29";"Female";"2011";"0.00"
"Incidence";"Ticino";"Lung";"15-29";"Female";"2012";"0.00"
"Incidence";"Ticino";"Lung";"15-29";"Female";"2013";"0.00"
"Incidence";"Ticino";"Lung";"15-29";"Female";"2014";"0.00"
"Incidence";"Ticino";"Lung";"15-29";"Female";"2015";"0.00"
"Incidence";"Ticino";"Lung";"15-29";"Female";"2016";"0.00"
"Incidence";"Ticino";"Lung";"15-29";"Female";"2017";"3.71"
"Incidence";"Ticino";"Lung";"15-29";"Female";"2018";"0.00"
"Incidence";"Ticino";"Lung";"15-29";"Female";"2019";"3.77"
"Incidence";"Ticino";"Lung";"15-29";"Male";"1996";"0.00"
"Incidence";"Ticino";"Lung";"15-29";"Male";"1997";"3.47"
"Incidence";"Ticino";"Lung";"15-29";"Male";"1998";"0.00"
"Incidence";"Ticino";"Lung";"15-29";"Male";"1999";"0.00"
"Incidence";"Ticino";"Lung";"15-29";"Male";"2000";"0.00"
"Incidence";"Ticino";"Lung";"15-29";"Male";"2001";"0.00"
"Incidence";"Ticino";"Lung";"15-29";"Male";"2002";"0.00"
"Incidence";"Ticino";"Lung";"15-29";"Male";"2003";"0.00"
"Incidence";"Ticino";"Lung";"15-29";"Male";"2004";"3.96"
"Incidence";"Ticino";"Lung";"15-29";"Male";"2005";"0.00"
"Incidence";"Ticino";"Lung";"15-29";"Male";"2006";"3.95"
"Incidence";"Ticino";"Lung";"15-29";"Male";"2007";"0.00"
"Incidence";"Ticino";"Lung";"15-29";"Male";"2008";"0.00"
"Incidence";"Ticino";"Lung";"15-29";"Male";"2009";"0.00"
"Incidence";"Ticino";"Lung";"15-29";"Male";"2010";"0.00"
"Incidence";"Ticino";"Lung";"15-29";"Male";"2011";"0.00"
"Incidence";"Ticino";"Lung";"15-29";"Male";"2012";"0.00"
"Incidence";"Ticino";"Lung";"15-29";"Male";"2013";"0.00"
"Incidence";"Ticino";"Lung";"15-29";"Male";"2014";"0.00"
"Incidence";"Ticino";"Lung";"15-29";"Male";"2015";"0.00"
"Incidence";"Ticino";"Lung";"15-29";"Male";"2016";"0.00"
"Incidence";"Ticino";"Lung";"15-29";"Male";"2017";"0.00"
"Incidence";"Ticino";"Lung";"15-29";"Male";"2018";"0.00"
"Incidence";"Ticino";"Lung";"15-29";"Male";"2019";"0.00"
"Incidence";"Ticino";"Lung";"30-44";"Male";"1996";"5.71"
"Incidence";"Ticino";"Lung";"30-44";"Male";"1997";"11.28"
"Incidence";"Ticino";"Lung";"30-44";"Male";"1998";"8.36"
"Incidence";"Ticino";"Lung";"30-44";"Male";"1999";"5.50"
"Incidence";"Ticino";"Lung";"30-44";"Male";"2000";"10.85"
"Incidence";"Ticino";"Lung";"30-44";"Male";"2001";"5.37"
"Incidence";"Ticino";"Lung";"30-44";"Male";"2002";"2.66"
"Incidence";"Ticino";"Lung";"30-44";"Male";"2003";"2.63"
"Incidence";"Ticino";"Lung";"30-44";"Male";"2004";"5.24"
"Incidence";"Ticino";"Lung";"30-44";"Male";"2005";"10.46"
"Incidence";"Ticino";"Lung";"30-44";"Male";"2006";"7.87"
"Incidence";"Ticino";"Lung";"30-44";"Male";"2007";"5.27"
"Incidence";"Ticino";"Lung";"30-44";"Male";"2008";"2.64"
"Incidence";"Ticino";"Lung";"30-44";"Male";"2009";"5.35"
"Incidence";"Ticino";"Lung";"30-44";"Male";"2010";"2.71"
"Incidence";"Ticino";"Lung";"30-44";"Male";"2011";"2.78"
"Incidence";"Ticino";"Lung";"30-44";"Male";"2012";"8.53"
"Incidence";"Ticino";"Lung";"30-44";"Male";"2013";"8.58"
"Incidence";"Ticino";"Lung";"30-44";"Male";"2014";"5.78"
"Incidence";"Ticino";"Lung";"30-44";"Male";"2015";"5.87"
"Incidence";"Ticino";"Lung";"30-44";"Male";"2016";"5.96"
"Incidence";"Ticino";"Lung";"30-44";"Male";"2017";"6.08"
"Incidence";"Ticino";"Lung";"30-44";"Male";"2018";"6.22"
"Incidence";"Ticino";"Lung";"30-44";"Male";"2019";"3.18"
"Mortality";"Ticino";"Lung";"30-44";"Male";"1996";"5.71"
"Mortality";"Ticino";"Lung";"30-44";"Male";"1997";"8.46"
"Mortality";"Ticino";"Lung";"30-44";"Male";"1998";"2.79"
"Mortality";"Ticino";"Lung";"30-44";"Male";"1999";"2.75"
"Mortality";"Ticino";"Lung";"30-44";"Male";"2000";"8.14"
"Mortality";"Ticino";"Lung";"30-44";"Male";"2001";"5.37"
"Mortality";"Ticino";"Lung";"30-44";"Male";"2002";"5.32"
"Mortality";"Ticino";"Lung";"30-44";"Male";"2003";"5.27"
"Mortality";"Ticino";"Lung";"30-44";"Male";"2004";"2.62"
"Mortality";"Ticino";"Lung";"30-44";"Male";"2005";"7.85"
"Mortality";"Ticino";"Lung";"30-44";"Male";"2006";"5.25"
"Mortality";"Ticino";"Lung";"30-44";"Male";"2007";"5.27"
"Mortality";"Ticino";"Lung";"30-44";"Male";"2008";"5.29"
"Mortality";"Ticino";"Lung";"30-44";"Male";"2009";"0.00"
"Mortality";"Ticino";"Lung";"30-44";"Male";"2010";"8.14"
"Mortality";"Ticino";"Lung";"30-44";"Male";"2011";"0.00"
"Mortality";"Ticino";"Lung";"30-44";"Male";"2012";"5.69"
"Mortality";"Ticino";"Lung";"30-44";"Male";"2013";"8.58"
"Mortality";"Ticino";"Lung";"30-44";"Male";"2014";"5.78"
"Mortality";"Ticino";"Lung";"30-44";"Male";"2015";"5.87"
"Mortality";"Ticino";"Lung";"30-44";"Male";"2016";"2.98"
"Mortality";"Ticino";"Lung";"30-44";"Male";"2017";"3.04"
"Mortality";"Ticino";"Lung";"30-44";"Male";"2018";"3.11"
"Mortality";"Ticino";"Lung";"30-44";"Female";"1996";"2.82"
"Mortality";"Ticino";"Lung";"30-44";"Female";"1997";"8.34"
"Mortality";"Ticino";"Lung";"30-44";"Female";"1998";"2.75"
"Mortality";"Ticino";"Lung";"30-44";"Female";"1999";"2.71"
"Mortality";"Ticino";"Lung";"30-44";"Female";"2000";"2.67"
"Mortality";"Ticino";"Lung";"30-44";"Female";"2001";"2.61"
"Mortality";"Ticino";"Lung";"30-44";"Female";"2002";"5.13"
"Mortality";"Ticino";"Lung";"30-44";"Female";"2003";"5.08"
"Mortality";"Ticino";"Lung";"30-44";"Female";"2004";"5.04"
"Mortality";"Ticino";"Lung";"30-44";"Female";"2005";"7.56"
"Mortality";"Ticino";"Lung";"30-44";"Female";"2006";"0.00"
"Mortality";"Ticino";"Lung";"30-44";"Female";"2007";"0.00"
"Mortality";"Ticino";"Lung";"30-44";"Female";"2008";"0.00"
"Mortality";"Ticino";"Lung";"30-44";"Female";"2009";"2.57"
"Mortality";"Ticino";"Lung";"30-44";"Female";"2010";"2.60"
"Mortality";"Ticino";"Lung";"30-44";"Female";"2011";"5.37"
"Mortality";"Ticino";"Lung";"30-44";"Female";"2012";"2.77"
"Mortality";"Ticino";"Lung";"30-44";"Female";"2013";"2.79"
"Mortality";"Ticino";"Lung";"30-44";"Female";"2014";"0.00"
"Mortality";"Ticino";"Lung";"30-44";"Female";"2015";"0.00"
"Mortality";"Ticino";"Lung";"30-44";"Female";"2016";"0.00"
"Mortality";"Ticino";"Lung";"30-44";"Female";"2017";"0.00"
"Mortality";"Ticino";"Lung";"30-44";"Female";"2018";"3.03"
"Incidence";"Ticino";"Lung";"30-44";"Female";"1996";"8.47"
"Incidence";"Ticino";"Lung";"30-44";"Female";"1997";"0.00"
"Incidence";"Ticino";"Lung";"30-44";"Female";"1998";"5.49"
"Incidence";"Ticino";"Lung";"30-44";"Female";"1999";"5.41"
"Incidence";"Ticino";"Lung";"30-44";"Female";"2000";"2.67"
"Incidence";"Ticino";"Lung";"30-44";"Female";"2001";"7.84"
"Incidence";"Ticino";"Lung";"30-44";"Female";"2002";"17.96"
"Incidence";"Ticino";"Lung";"30-44";"Female";"2003";"0.00"
"Incidence";"Ticino";"Lung";"30-44";"Female";"2004";"7.56"
"Incidence";"Ticino";"Lung";"30-44";"Female";"2005";"2.52"
"Incidence";"Ticino";"Lung";"30-44";"Female";"2006";"2.53"
"Incidence";"Ticino";"Lung";"30-44";"Female";"2007";"5.07"
"Incidence";"Ticino";"Lung";"30-44";"Female";"2008";"5.10"
"Incidence";"Ticino";"Lung";"30-44";"Female";"2009";"5.15"
"Incidence";"Ticino";"Lung";"30-44";"Female";"2010";"5.21"
"Incidence";"Ticino";"Lung";"30-44";"Female";"2011";"5.37"
"Incidence";"Ticino";"Lung";"30-44";"Female";"2012";"5.53"
"Incidence";"Ticino";"Lung";"30-44";"Female";"2013";"2.79"
"Incidence";"Ticino";"Lung";"30-44";"Female";"2014";"0.00"
"Incidence";"Ticino";"Lung";"30-44";"Female";"2015";"0.00"
"Incidence";"Ticino";"Lung";"30-44";"Female";"2016";"0.00"
"Incidence";"Ticino";"Lung";"30-44";"Female";"2017";"8.87"
"Incidence";"Ticino";"Lung";"30-44";"Female";"2018";"3.03"
"Incidence";"Ticino";"Lung";"30-44";"Female";"2019";"0.00"
"Incidence";"Ticino";"Lung";"45-59";"Female";"1996";"28.59"
"Incidence";"Ticino";"Lung";"45-59";"Female";"1997";"31.57"
"Incidence";"Ticino";"Lung";"45-59";"Female";"1998";"21.93"
"Incidence";"Ticino";"Lung";"45-59";"Female";"1999";"43.61"
"Incidence";"Ticino";"Lung";"45-59";"Female";"2000";"27.96"
"Incidence";"Ticino";"Lung";"45-59";"Female";"2001";"27.81"
"Incidence";"Ticino";"Lung";"45-59";"Female";"2002";"48.98"
"Incidence";"Ticino";"Lung";"45-59";"Female";"2003";"39.56"
"Incidence";"Ticino";"Lung";"45-59";"Female";"2004";"24.21"
"Incidence";"Ticino";"Lung";"45-59";"Female";"2005";"21.00"
"Incidence";"Ticino";"Lung";"45-59";"Female";"2006";"38.66"
"Incidence";"Ticino";"Lung";"45-59";"Female";"2007";"17.63"
"Incidence";"Ticino";"Lung";"45-59";"Female";"2008";"20.20"
"Incidence";"Ticino";"Lung";"45-59";"Female";"2009";"50.73"
"Incidence";"Ticino";"Lung";"45-59";"Female";"2010";"74.06"
"Incidence";"Ticino";"Lung";"45-59";"Female";"2011";"51.11"
"Incidence";"Ticino";"Lung";"45-59";"Female";"2012";"44.82"
"Incidence";"Ticino";"Lung";"45-59";"Female";"2013";"43.59"
"Incidence";"Ticino";"Lung";"45-59";"Female";"2014";"44.96"
"Incidence";"Ticino";"Lung";"45-59";"Female";"2015";"17.12"
"Incidence";"Ticino";"Lung";"45-59";"Female";"2016";"33.61"
"Incidence";"Ticino";"Lung";"45-59";"Female";"2017";"30.79"
"Incidence";"Ticino";"Lung";"45-59";"Female";"2018";"44.66"
"Incidence";"Ticino";"Lung";"45-59";"Female";"2019";"32.77"
"Mortality";"Ticino";"Lung";"45-59";"Female";"1996";"15.88"
"Mortality";"Ticino";"Lung";"45-59";"Female";"1997";"34.73"
"Mortality";"Ticino";"Lung";"45-59";"Female";"1998";"12.53"
"Mortality";"Ticino";"Lung";"45-59";"Female";"1999";"28.03"
"Mortality";"Ticino";"Lung";"45-59";"Female";"2000";"18.64"
"Mortality";"Ticino";"Lung";"45-59";"Female";"2001";"9.27"
"Mortality";"Ticino";"Lung";"45-59";"Female";"2002";"24.49"
"Mortality";"Ticino";"Lung";"45-59";"Female";"2003";"27.39"
"Mortality";"Ticino";"Lung";"45-59";"Female";"2004";"27.24"
"Mortality";"Ticino";"Lung";"45-59";"Female";"2005";"21.00"
"Mortality";"Ticino";"Lung";"45-59";"Female";"2006";"20.81"
"Mortality";"Ticino";"Lung";"45-59";"Female";"2007";"17.63"
"Mortality";"Ticino";"Lung";"45-59";"Female";"2008";"2.89"
"Mortality";"Ticino";"Lung";"45-59";"Female";"2009";"19.73"
"Mortality";"Ticino";"Lung";"45-59";"Female";"2010";"16.46"
"Mortality";"Ticino";"Lung";"45-59";"Female";"2011";"45.73"
"Mortality";"Ticino";"Lung";"45-59";"Female";"2012";"42.18"
"Mortality";"Ticino";"Lung";"45-59";"Female";"2013";"25.64"
"Mortality";"Ticino";"Lung";"45-59";"Female";"2014";"12.49"
"Mortality";"Ticino";"Lung";"45-59";"Female";"2015";"12.23"
"Mortality";"Ticino";"Lung";"45-59";"Female";"2016";"28.81"
"Mortality";"Ticino";"Lung";"45-59";"Female";"2017";"21.32"
"Mortality";"Ticino";"Lung";"45-59";"Female";"2018";"14.10"
"Mortality";"Ticino";"Lung";"45-59";"Male";"1996";"41.99"
"Mortality";"Ticino";"Lung";"45-59";"Male";"1997";"61.27"
"Mortality";"Ticino";"Lung";"45-59";"Male";"1998";"70.97"
"Mortality";"Ticino";"Lung";"45-59";"Male";"1999";"25.80"
"Mortality";"Ticino";"Lung";"45-59";"Male";"2000";"51.43"
"Mortality";"Ticino";"Lung";"45-59";"Male";"2001";"38.40"
"Mortality";"Ticino";"Lung";"45-59";"Male";"2002";"50.92"
"Mortality";"Ticino";"Lung";"45-59";"Male";"2003";"69.47"
"Mortality";"Ticino";"Lung";"45-59";"Male";"2004";"59.35"
"Mortality";"Ticino";"Lung";"45-59";"Male";"2005";"40.09"
"Mortality";"Ticino";"Lung";"45-59";"Male";"2006";"42.64"
"Mortality";"Ticino";"Lung";"45-59";"Male";"2007";"44.98"
"Mortality";"Ticino";"Lung";"45-59";"Male";"2008";"35.13"
"Mortality";"Ticino";"Lung";"45-59";"Male";"2009";"22.73"
"Mortality";"Ticino";"Lung";"45-59";"Male";"2010";"33.02"
"Mortality";"Ticino";"Lung";"45-59";"Male";"2011";"40.21"
"Mortality";"Ticino";"Lung";"45-59";"Male";"2012";"15.72"
"Mortality";"Ticino";"Lung";"45-59";"Male";"2013";"33.04"
"Mortality";"Ticino";"Lung";"45-59";"Male";"2014";"22.19"
"Mortality";"Ticino";"Lung";"45-59";"Male";"2015";"24.10"
"Mortality";"Ticino";"Lung";"45-59";"Male";"2016";"18.99"
"Mortality";"Ticino";"Lung";"45-59";"Male";"2017";"35.33"
"Mortality";"Ticino";"Lung";"45-59";"Male";"2018";"11.75"
"Incidence";"Ticino";"Lung";"45-59";"Male";"1996";"71.06"
"Incidence";"Ticino";"Lung";"45-59";"Male";"1997";"87.07"
"Incidence";"Ticino";"Lung";"45-59";"Male";"1998";"80.64"
"Incidence";"Ticino";"Lung";"45-59";"Male";"1999";"90.30"
"Incidence";"Ticino";"Lung";"45-59";"Male";"2000";"70.72"
"Incidence";"Ticino";"Lung";"45-59";"Male";"2001";"70.40"
"Incidence";"Ticino";"Lung";"45-59";"Male";"2002";"76.37"
"Incidence";"Ticino";"Lung";"45-59";"Male";"2003";"78.94"
"Incidence";"Ticino";"Lung";"45-59";"Male";"2004";"65.60"
"Incidence";"Ticino";"Lung";"45-59";"Male";"2005";"61.68"
"Incidence";"Ticino";"Lung";"45-59";"Male";"2006";"91.37"
"Incidence";"Ticino";"Lung";"45-59";"Male";"2007";"56.97"
"Incidence";"Ticino";"Lung";"45-59";"Male";"2008";"49.76"
"Incidence";"Ticino";"Lung";"45-59";"Male";"2009";"53.99"
"Incidence";"Ticino";"Lung";"45-59";"Male";"2010";"41.27"
"Incidence";"Ticino";"Lung";"45-59";"Male";"2011";"45.58"
"Incidence";"Ticino";"Lung";"45-59";"Male";"2012";"41.93"
"Incidence";"Ticino";"Lung";"45-59";"Male";"2013";"55.92"
"Incidence";"Ticino";"Lung";"45-59";"Male";"2014";"64.09"
"Incidence";"Ticino";"Lung";"45-59";"Male";"2015";"28.92"
"Incidence";"Ticino";"Lung";"45-59";"Male";"2016";"47.48"
"Incidence";"Ticino";"Lung";"45-59";"Male";"2017";"37.69"
"Incidence";"Ticino";"Lung";"45-59";"Male";"2018";"42.30"
"Incidence";"Ticino";"Lung";"45-59";"Male";"2019";"37.72"
"Mortality";"Ticino";"Lung";"60-74";"Male";"1996";"264.96"
"Mortality";"Ticino";"Lung";"60-74";"Male";"1997";"244.82"
"Mortality";"Ticino";"Lung";"60-74";"Male";"1998";"308.56"
"Mortality";"Ticino";"Lung";"60-74";"Male";"1999";"242.28"
"Mortality";"Ticino";"Lung";"60-74";"Male";"2000";"264.38"
"Mortality";"Ticino";"Lung";"60-74";"Male";"2001";"202.23"
"Mortality";"Ticino";"Lung";"60-74";"Male";"2002";"223.55"
"Mortality";"Ticino";"Lung";"60-74";"Male";"2003";"226.15"
"Mortality";"Ticino";"Lung";"60-74";"Male";"2004";"182.05"
"Mortality";"Ticino";"Lung";"60-74";"Male";"2005";"165.08"
"Mortality";"Ticino";"Lung";"60-74";"Male";"2006";"196.62"
"Mortality";"Ticino";"Lung";"60-74";"Male";"2007";"226.23"
"Mortality";"Ticino";"Lung";"60-74";"Male";"2008";"190.63"
"Mortality";"Ticino";"Lung";"60-74";"Male";"2009";"187.09"
"Mortality";"Ticino";"Lung";"60-74";"Male";"2010";"206.17"
"Mortality";"Ticino";"Lung";"60-74";"Male";"2011";"153.09"
"Mortality";"Ticino";"Lung";"60-74";"Male";"2012";"173.36"
"Mortality";"Ticino";"Lung";"60-74";"Male";"2013";"156.93"
"Mortality";"Ticino";"Lung";"60-74";"Male";"2014";"225.34"
"Mortality";"Ticino";"Lung";"60-74";"Male";"2015";"174.29"
"Mortality";"Ticino";"Lung";"60-74";"Male";"2016";"162.39"
"Mortality";"Ticino";"Lung";"60-74";"Male";"2017";"164.77"
"Mortality";"Ticino";"Lung";"60-74";"Male";"2018";"157.45"
"Incidence";"Ticino";"Lung";"60-74";"Male";"1996";"332.49"
"Incidence";"Ticino";"Lung";"60-74";"Male";"1997";"336.63"
"Incidence";"Ticino";"Lung";"60-74";"Male";"1998";"338.42"
"Incidence";"Ticino";"Lung";"60-74";"Male";"1999";"305.28"
"Incidence";"Ticino";"Lung";"60-74";"Male";"2000";"297.43"
"Incidence";"Ticino";"Lung";"60-74";"Male";"2001";"326.32"
"Incidence";"Ticino";"Lung";"60-74";"Male";"2002";"344.26"
"Incidence";"Ticino";"Lung";"60-74";"Male";"2003";"304.43"
"Incidence";"Ticino";"Lung";"60-74";"Male";"2004";"254.03"
"Incidence";"Ticino";"Lung";"60-74";"Male";"2005";"293.02"
"Incidence";"Ticino";"Lung";"60-74";"Male";"2006";"308.97"
"Incidence";"Ticino";"Lung";"60-74";"Male";"2007";"280.84"
"Incidence";"Ticino";"Lung";"60-74";"Male";"2008";"305.01"
"Incidence";"Ticino";"Lung";"60-74";"Male";"2009";"179.61"
"Incidence";"Ticino";"Lung";"60-74";"Male";"2010";"268.76"
"Incidence";"Ticino";"Lung";"60-74";"Male";"2011";"240.58"
"Incidence";"Ticino";"Lung";"60-74";"Male";"2012";"299.77"
"Incidence";"Ticino";"Lung";"60-74";"Male";"2013";"267.49"
"Incidence";"Ticino";"Lung";"60-74";"Male";"2014";"278.15"
"Incidence";"Ticino";"Lung";"60-74";"Male";"2015";"257.94"
"Incidence";"Ticino";"Lung";"60-74";"Male";"2016";"255.67"
"Incidence";"Ticino";"Lung";"60-74";"Male";"2017";"264.32"
"Incidence";"Ticino";"Lung";"60-74";"Male";"2018";"301.21"
"Incidence";"Ticino";"Lung";"60-74";"Male";"2019";"214.77"
"Mortality";"Ticino";"Lung";"60-74";"Female";"1996";"48.75"
"Mortality";"Ticino";"Lung";"60-74";"Female";"1997";"64.85"
"Mortality";"Ticino";"Lung";"60-74";"Female";"1998";"36.28"
"Mortality";"Ticino";"Lung";"60-74";"Female";"1999";"59.94"
"Mortality";"Ticino";"Lung";"60-74";"Female";"2000";"74.88"
"Mortality";"Ticino";"Lung";"60-74";"Female";"2001";"50.22"
"Mortality";"Ticino";"Lung";"60-74";"Female";"2002";"94.87"
"Mortality";"Ticino";"Lung";"60-74";"Female";"2003";"70.96"
"Mortality";"Ticino";"Lung";"60-74";"Female";"2004";"73.41"
"Mortality";"Ticino";"Lung";"60-74";"Female";"2005";"46.85"
"Mortality";"Ticino";"Lung";"60-74";"Female";"2006";"109.41"
"Mortality";"Ticino";"Lung";"60-74";"Female";"2007";"79.49"
"Mortality";"Ticino";"Lung";"60-74";"Female";"2008";"71.16"
"Mortality";"Ticino";"Lung";"60-74";"Female";"2009";"73.39"
"Mortality";"Ticino";"Lung";"60-74";"Female";"2010";"65.98"
"Mortality";"Ticino";"Lung";"60-74";"Female";"2011";"59.01"
"Mortality";"Ticino";"Lung";"60-74";"Female";"2012";"123.54"
"Mortality";"Ticino";"Lung";"60-74";"Female";"2013";"89.96"
"Mortality";"Ticino";"Lung";"60-74";"Female";"2014";"76.29"
"Mortality";"Ticino";"Lung";"60-74";"Female";"2015";"60.02"
"Mortality";"Ticino";"Lung";"60-74";"Female";"2016";"85.09"
"Mortality";"Ticino";"Lung";"60-74";"Female";"2017";"87.83"
"Mortality";"Ticino";"Lung";"60-74";"Female";"2018";"71.88"
"Incidence";"Ticino";"Lung";"60-74";"Female";"1996";"85.32"
"Incidence";"Ticino";"Lung";"60-74";"Female";"1997";"81.06"
"Incidence";"Ticino";"Lung";"60-74";"Female";"1998";"52.40"
"Incidence";"Ticino";"Lung";"60-74";"Female";"1999";"83.91"
"Incidence";"Ticino";"Lung";"60-74";"Female";"2000";"98.52"
"Incidence";"Ticino";"Lung";"60-74";"Female";"2001";"73.40"
"Incidence";"Ticino";"Lung";"60-74";"Female";"2002";"91.08"
"Incidence";"Ticino";"Lung";"60-74";"Female";"2003";"108.31"
"Incidence";"Ticino";"Lung";"60-74";"Female";"2004";"124.80"
"Incidence";"Ticino";"Lung";"60-74";"Female";"2005";"93.71"
"Incidence";"Ticino";"Lung";"60-74";"Female";"2006";"98.82"
"Incidence";"Ticino";"Lung";"60-74";"Female";"2007";"169.34"
"Incidence";"Ticino";"Lung";"60-74";"Female";"2008";"91.50"
"Incidence";"Ticino";"Lung";"60-74";"Female";"2009";"90.07"
"Incidence";"Ticino";"Lung";"60-74";"Female";"2010";"148.45"
"Incidence";"Ticino";"Lung";"60-74";"Female";"2011";"173.76"
"Incidence";"Ticino";"Lung";"60-74";"Female";"2012";"156.04"
"Incidence";"Ticino";"Lung";"60-74";"Female";"2013";"125.30"
"Incidence";"Ticino";"Lung";"60-74";"Female";"2014";"174.83"
"Incidence";"Ticino";"Lung";"60-74";"Female";"2015";"132.67"
"Incidence";"Ticino";"Lung";"60-74";"Female";"2016";"144.96"
"Incidence";"Ticino";"Lung";"60-74";"Female";"2017";"156.85"
"Incidence";"Ticino";"Lung";"60-74";"Female";"2018";"134.39"
"Incidence";"Ticino";"Lung";"60-74";"Female";"2019";"187.23"
"Incidence";"Ticino";"Lung";"75-89";"Female";"1996";"63.64"
"Incidence";"Ticino";"Lung";"75-89";"Female";"1997";"55.57"
"Incidence";"Ticino";"Lung";"75-89";"Female";"1998";"95.81"
"Incidence";"Ticino";"Lung";"75-89";"Female";"1999";"74.25"
"Incidence";"Ticino";"Lung";"75-89";"Female";"2000";"86.53"
"Incidence";"Ticino";"Lung";"75-89";"Female";"2001";"91.28"
"Incidence";"Ticino";"Lung";"75-89";"Female";"2002";"83.14"
"Incidence";"Ticino";"Lung";"75-89";"Female";"2003";"107.63"
"Incidence";"Ticino";"Lung";"75-89";"Female";"2004";"81.55"
"Incidence";"Ticino";"Lung";"75-89";"Female";"2005";"111.43"
"Incidence";"Ticino";"Lung";"75-89";"Female";"2006";"170.05"
"Incidence";"Ticino";"Lung";"75-89";"Female";"2007";"172.56"
"Incidence";"Ticino";"Lung";"75-89";"Female";"2008";"116.17"
"Incidence";"Ticino";"Lung";"75-89";"Female";"2009";"158.89"
"Incidence";"Ticino";"Lung";"75-89";"Female";"2010";"105.66"
"Incidence";"Ticino";"Lung";"75-89";"Female";"2011";"121.49"
"Incidence";"Ticino";"Lung";"75-89";"Female";"2012";"181.81"
"Incidence";"Ticino";"Lung";"75-89";"Female";"2013";"146.40"
"Incidence";"Ticino";"Lung";"75-89";"Female";"2014";"143.51"
"Incidence";"Ticino";"Lung";"75-89";"Female";"2015";"140.51"
"Incidence";"Ticino";"Lung";"75-89";"Female";"2016";"147.34"
"Incidence";"Ticino";"Lung";"75-89";"Female";"2017";"198.97"
"Incidence";"Ticino";"Lung";"75-89";"Female";"2018";"234.33"
"Incidence";"Ticino";"Lung";"75-89";"Female";"2019";"205.51"
"Incidence";"Ticino";"Lung";"75-89";"Male";"1996";"329.87"
"Incidence";"Ticino";"Lung";"75-89";"Male";"1997";"309.02"
"Incidence";"Ticino";"Lung";"75-89";"Male";"1998";"515.94"
"Incidence";"Ticino";"Lung";"75-89";"Male";"1999";"376.43"
"Incidence";"Ticino";"Lung";"75-89";"Male";"2000";"407.15"
"Incidence";"Ticino";"Lung";"75-89";"Male";"2001";"323.22"
"Incidence";"Ticino";"Lung";"75-89";"Male";"2002";"471.76"
"Incidence";"Ticino";"Lung";"75-89";"Male";"2003";"426.64"
"Incidence";"Ticino";"Lung";"75-89";"Male";"2004";"382.92"
"Incidence";"Ticino";"Lung";"75-89";"Male";"2005";"394.26"
"Incidence";"Ticino";"Lung";"75-89";"Male";"2006";"391.01"
"Incidence";"Ticino";"Lung";"75-89";"Male";"2007";"458.45"
"Incidence";"Ticino";"Lung";"75-89";"Male";"2008";"468.22"
"Incidence";"Ticino";"Lung";"75-89";"Male";"2009";"457.84"
"Incidence";"Ticino";"Lung";"75-89";"Male";"2010";"482.70"
"Incidence";"Ticino";"Lung";"75-89";"Male";"2011";"439.97"
"Incidence";"Ticino";"Lung";"75-89";"Male";"2012";"332.51"
"Incidence";"Ticino";"Lung";"75-89";"Male";"2013";"588.09"
"Incidence";"Ticino";"Lung";"75-89";"Male";"2014";"484.07"
"Incidence";"Ticino";"Lung";"75-89";"Male";"2015";"388.97"
"Incidence";"Ticino";"Lung";"75-89";"Male";"2016";"446.49"
"Incidence";"Ticino";"Lung";"75-89";"Male";"2017";"416.57"
"Incidence";"Ticino";"Lung";"75-89";"Male";"2018";"402.68"
"Incidence";"Ticino";"Lung";"75-89";"Male";"2019";"453.62"
"Mortality";"Ticino";"Lung";"75-89";"Male";"1996";"343.62"
"Mortality";"Ticino";"Lung";"75-89";"Male";"1997";"376.19"
"Mortality";"Ticino";"Lung";"75-89";"Male";"1998";"555.63"
"Mortality";"Ticino";"Lung";"75-89";"Male";"1999";"480.27"
"Mortality";"Ticino";"Lung";"75-89";"Male";"2000";"356.26"
"Mortality";"Ticino";"Lung";"75-89";"Male";"2001";"298.36"
"Mortality";"Ticino";"Lung";"75-89";"Male";"2002";"411.27"
"Mortality";"Ticino";"Lung";"75-89";"Male";"2003";"450.34"
"Mortality";"Ticino";"Lung";"75-89";"Male";"2004";"371.32"
"Mortality";"Ticino";"Lung";"75-89";"Male";"2005";"382.99"
"Mortality";"Ticino";"Lung";"75-89";"Male";"2006";"358.42"
"Mortality";"Ticino";"Lung";"75-89";"Male";"2007";"437.61"
"Mortality";"Ticino";"Lung";"75-89";"Male";"2008";"388.52"
"Mortality";"Ticino";"Lung";"75-89";"Male";"2009";"438.76"
"Mortality";"Ticino";"Lung";"75-89";"Male";"2010";"409.84"
"Mortality";"Ticino";"Lung";"75-89";"Male";"2011";"510.36"
"Mortality";"Ticino";"Lung";"75-89";"Male";"2012";"366.61"
"Mortality";"Ticino";"Lung";"75-89";"Male";"2013";"424.73"
"Mortality";"Ticino";"Lung";"75-89";"Male";"2014";"327.92"
"Mortality";"Ticino";"Lung";"75-89";"Male";"2015";"516.14"
"Mortality";"Ticino";"Lung";"75-89";"Male";"2016";"309.66"
"Mortality";"Ticino";"Lung";"75-89";"Male";"2017";"409.62"
"Mortality";"Ticino";"Lung";"75-89";"Male";"2018";"416.11"
"Mortality";"Ticino";"Lung";"75-89";"Female";"1996";"84.85"
"Mortality";"Ticino";"Lung";"75-89";"Female";"1997";"62.52"
"Mortality";"Ticino";"Lung";"75-89";"Female";"1998";"75.28"
"Mortality";"Ticino";"Lung";"75-89";"Female";"1999";"81.00"
"Mortality";"Ticino";"Lung";"75-89";"Female";"2000";"73.22"
"Mortality";"Ticino";"Lung";"75-89";"Female";"2001";"52.16"
"Mortality";"Ticino";"Lung";"75-89";"Female";"2002";"127.91"
"Mortality";"Ticino";"Lung";"75-89";"Female";"2003";"69.64"
"Mortality";"Ticino";"Lung";"75-89";"Female";"2004";"87.82"
"Mortality";"Ticino";"Lung";"75-89";"Female";"2005";"136.19"
"Mortality";"Ticino";"Lung";"75-89";"Female";"2006";"176.13"
"Mortality";"Ticino";"Lung";"75-89";"Female";"2007";"124.96"
"Mortality";"Ticino";"Lung";"75-89";"Female";"2008";"156.84"
"Mortality";"Ticino";"Lung";"75-89";"Female";"2009";"124.84"
"Mortality";"Ticino";"Lung";"75-89";"Female";"2010";"105.66"
"Mortality";"Ticino";"Lung";"75-89";"Female";"2011";"149.11"
"Mortality";"Ticino";"Lung";"75-89";"Female";"2012";"88.15"
"Mortality";"Ticino";"Lung";"75-89";"Female";"2013";"146.40"
"Mortality";"Ticino";"Lung";"75-89";"Female";"2014";"100.99"
"Mortality";"Ticino";"Lung";"75-89";"Female";"2015";"150.92"
"Mortality";"Ticino";"Lung";"75-89";"Female";"2016";"111.77"
"Mortality";"Ticino";"Lung";"75-89";"Female";"2017";"154.20"
"Mortality";"Ticino";"Lung";"75-89";"Female";"2018";"161.10"
"Incidence";"Ticino";"Lung";"90-95+";"Female";"1996";"123.46"
"Incidence";"Ticino";"Lung";"90-95+";"Female";"1997";"0.00"
"Incidence";"Ticino";"Lung";"90-95+";"Female";"1998";"0.00"
"Incidence";"Ticino";"Lung";"90-95+";"Female";"1999";"151.71"
"Incidence";"Ticino";"Lung";"90-95+";"Female";"2000";"94.18"
"Incidence";"Ticino";"Lung";"90-95+";"Female";"2001";"44.85"
"Incidence";"Ticino";"Lung";"90-95+";"Female";"2002";"42.51"
"Incidence";"Ticino";"Lung";"90-95+";"Female";"2003";"122.15"
"Incidence";"Ticino";"Lung";"90-95+";"Female";"2004";"79.16"
"Incidence";"Ticino";"Lung";"90-95+";"Female";"2005";"0.00"
"Incidence";"Ticino";"Lung";"90-95+";"Female";"2006";"109.69"
"Incidence";"Ticino";"Lung";"90-95+";"Female";"2007";"0.00"
"Incidence";"Ticino";"Lung";"90-95+";"Female";"2008";"0.00"
"Incidence";"Ticino";"Lung";"90-95+";"Female";"2009";"105.80"
"Incidence";"Ticino";"Lung";"90-95+";"Female";"2010";"67.92"
"Incidence";"Ticino";"Lung";"90-95+";"Female";"2011";"0.00"
"Incidence";"Ticino";"Lung";"90-95+";"Female";"2012";"182.52"
"Incidence";"Ticino";"Lung";"90-95+";"Female";"2013";"105.28"
"Incidence";"Ticino";"Lung";"90-95+";"Female";"2014";"33.29"
"Incidence";"Ticino";"Lung";"90-95+";"Female";"2015";"223.25"
"Incidence";"Ticino";"Lung";"90-95+";"Female";"2016";"61.97"
"Incidence";"Ticino";"Lung";"90-95+";"Female";"2017";"60.14"
"Incidence";"Ticino";"Lung";"90-95+";"Female";"2018";"58.41"
"Incidence";"Ticino";"Lung";"90-95+";"Female";"2019";"57.07"
"Incidence";"Ticino";"Lung";"90-95+";"Male";"1996";"0.00"
"Incidence";"Ticino";"Lung";"90-95+";"Male";"1997";"207.25"
"Incidence";"Ticino";"Lung";"90-95+";"Male";"1998";"195.69"
"Incidence";"Ticino";"Lung";"90-95+";"Male";"1999";"187.09"
"Incidence";"Ticino";"Lung";"90-95+";"Male";"2000";"176.52"
"Incidence";"Ticino";"Lung";"90-95+";"Male";"2001";"169.64"
"Incidence";"Ticino";"Lung";"90-95+";"Male";"2002";"0.00"
"Incidence";"Ticino";"Lung";"90-95+";"Male";"2003";"147.49"
"Incidence";"Ticino";"Lung";"90-95+";"Male";"2004";"275.29"
"Incidence";"Ticino";"Lung";"90-95+";"Male";"2005";"260.08"
"Incidence";"Ticino";"Lung";"90-95+";"Male";"2006";"247.68"
"Incidence";"Ticino";"Lung";"90-95+";"Male";"2007";"117.58"
"Incidence";"Ticino";"Lung";"90-95+";"Male";"2008";"228.44"
"Incidence";"Ticino";"Lung";"90-95+";"Male";"2009";"111.67"
"Incidence";"Ticino";"Lung";"90-95+";"Male";"2010";"321.89"
"Incidence";"Ticino";"Lung";"90-95+";"Male";"2011";"0.00"
"Incidence";"Ticino";"Lung";"90-95+";"Male";"2012";"573.07"
"Incidence";"Ticino";"Lung";"90-95+";"Male";"2013";"763.36"
"Incidence";"Ticino";"Lung";"90-95+";"Male";"2014";"518.40"
"Incidence";"Ticino";"Lung";"90-95+";"Male";"2015";"601.50"
"Incidence";"Ticino";"Lung";"90-95+";"Male";"2016";"97.09"
"Incidence";"Ticino";"Lung";"90-95+";"Male";"2017";"280.77"
"Incidence";"Ticino";"Lung";"90-95+";"Male";"2018";"270.15"
"Incidence";"Ticino";"Lung";"90-95+";"Male";"2019";"0.00"
"Mortality";"Ticino";"Lung";"90-95+";"Male";"1996";"0.00"
"Mortality";"Ticino";"Lung";"90-95+";"Male";"1997";"207.25"
"Mortality";"Ticino";"Lung";"90-95+";"Male";"1998";"391.39"
"Mortality";"Ticino";"Lung";"90-95+";"Male";"1999";"0.00"
"Mortality";"Ticino";"Lung";"90-95+";"Male";"2000";"176.52"
"Mortality";"Ticino";"Lung";"90-95+";"Male";"2001";"339.27"
"Mortality";"Ticino";"Lung";"90-95+";"Male";"2002";"160.26"
"Mortality";"Ticino";"Lung";"90-95+";"Male";"2003";"442.48"
"Mortality";"Ticino";"Lung";"90-95+";"Male";"2004";"275.29"
"Mortality";"Ticino";"Lung";"90-95+";"Male";"2005";"0.00"
"Mortality";"Ticino";"Lung";"90-95+";"Male";"2006";"247.68"
"Mortality";"Ticino";"Lung";"90-95+";"Male";"2007";"117.58"
"Mortality";"Ticino";"Lung";"90-95+";"Male";"2008";"114.22"
"Mortality";"Ticino";"Lung";"90-95+";"Male";"2009";"223.34"
"Mortality";"Ticino";"Lung";"90-95+";"Male";"2010";"536.48"
"Mortality";"Ticino";"Lung";"90-95+";"Male";"2011";"221.61"
"Mortality";"Ticino";"Lung";"90-95+";"Male";"2012";"573.07"
"Mortality";"Ticino";"Lung";"90-95+";"Male";"2013";"654.31"
"Mortality";"Ticino";"Lung";"90-95+";"Male";"2014";"311.04"
"Mortality";"Ticino";"Lung";"90-95+";"Male";"2015";"501.25"
"Mortality";"Ticino";"Lung";"90-95+";"Male";"2016";"291.26"
"Mortality";"Ticino";"Lung";"90-95+";"Male";"2017";"280.77"
"Mortality";"Ticino";"Lung";"90-95+";"Male";"2018";"540.30"
"Mortality";"Ticino";"Lung";"90-95+";"Female";"1996";"61.73"
"Mortality";"Ticino";"Lung";"90-95+";"Female";"1997";"0.00"
"Mortality";"Ticino";"Lung";"90-95+";"Female";"1998";"54.42"
"Mortality";"Ticino";"Lung";"90-95+";"Female";"1999";"151.71"
"Mortality";"Ticino";"Lung";"90-95+";"Female";"2000";"94.18"
"Mortality";"Ticino";"Lung";"90-95+";"Female";"2001";"89.71"
"Mortality";"Ticino";"Lung";"90-95+";"Female";"2002";"0.00"
"Mortality";"Ticino";"Lung";"90-95+";"Female";"2003";"162.87"
"Mortality";"Ticino";"Lung";"90-95+";"Female";"2004";"39.58"
"Mortality";"Ticino";"Lung";"90-95+";"Female";"2005";"113.92"
"Mortality";"Ticino";"Lung";"90-95+";"Female";"2006";"73.13"
"Mortality";"Ticino";"Lung";"90-95+";"Female";"2007";"35.56"
"Mortality";"Ticino";"Lung";"90-95+";"Female";"2008";"70.88"
"Mortality";"Ticino";"Lung";"90-95+";"Female";"2009";"70.53"
"Mortality";"Ticino";"Lung";"90-95+";"Female";"2010";"101.88"
"Mortality";"Ticino";"Lung";"90-95+";"Female";"2011";"35.01"
"Mortality";"Ticino";"Lung";"90-95+";"Female";"2012";"146.01"
"Mortality";"Ticino";"Lung";"90-95+";"Female";"2013";"105.28"
"Mortality";"Ticino";"Lung";"90-95+";"Female";"2014";"99.88"
"Mortality";"Ticino";"Lung";"90-95+";"Female";"2015";"95.68"
"Mortality";"Ticino";"Lung";"90-95+";"Female";"2016";"61.97"
"Mortality";"Ticino";"Lung";"90-95+";"Female";"2017";"60.14"
"Mortality";"Ticino";"Lung";"90-95+";"Female";"2018";"87.62"
"Mortality";"Neuchatel and Jura";"Lung";"0-14";"Male";"2005";"0.00"
"Mortality";"Neuchatel and Jura";"Lung";"0-14";"Male";"2006";"0.00"
"Mortality";"Neuchatel and Jura";"Lung";"0-14";"Male";"2007";"0.00"
"Mortality";"Neuchatel and Jura";"Lung";"0-14";"Male";"2008";"0.00"
"Mortality";"Neuchatel and Jura";"Lung";"0-14";"Male";"2009";"0.00"
"Mortality";"Neuchatel and Jura";"Lung";"0-14";"Male";"2010";"0.00"
"Mortality";"Neuchatel and Jura";"Lung";"0-14";"Male";"2011";"0.00"
"Mortality";"Neuchatel and Jura";"Lung";"0-14";"Male";"2012";"0.00"
"Mortality";"Neuchatel and Jura";"Lung";"0-14";"Male";"2013";"0.00"
"Mortality";"Neuchatel and Jura";"Lung";"0-14";"Male";"2014";"0.00"
"Mortality";"Neuchatel and Jura";"Lung";"0-14";"Male";"2015";"0.00"
"Mortality";"Neuchatel and Jura";"Lung";"0-14";"Male";"2016";"0.00"
"Mortality";"Neuchatel and Jura";"Lung";"0-14";"Male";"2017";"0.00"
"Mortality";"Neuchatel and Jura";"Lung";"0-14";"Male";"2018";"0.00"
"Mortality";"Neuchatel and Jura";"Lung";"0-14";"Female";"2005";"0.00"
"Mortality";"Neuchatel and Jura";"Lung";"0-14";"Female";"2006";"0.00"
"Mortality";"Neuchatel and Jura";"Lung";"0-14";"Female";"2007";"0.00"
"Mortality";"Neuchatel and Jura";"Lung";"0-14";"Female";"2008";"0.00"
"Mortality";"Neuchatel and Jura";"Lung";"0-14";"Female";"2009";"0.00"
"Mortality";"Neuchatel and Jura";"Lung";"0-14";"Female";"2010";"0.00"
"Mortality";"Neuchatel and Jura";"Lung";"0-14";"Female";"2011";"0.00"
"Mortality";"Neuchatel and Jura";"Lung";"0-14";"Female";"2012";"0.00"
"Mortality";"Neuchatel and Jura";"Lung";"0-14";"Female";"2013";"0.00"
"Mortality";"Neuchatel and Jura";"Lung";"0-14";"Female";"2014";"0.00"
"Mortality";"Neuchatel and Jura";"Lung";"0-14";"Female";"2015";"0.00"
"Mortality";"Neuchatel and Jura";"Lung";"0-14";"Female";"2016";"0.00"
"Mortality";"Neuchatel and Jura";"Lung";"0-14";"Female";"2017";"0.00"
"Mortality";"Neuchatel and Jura";"Lung";"0-14";"Female";"2018";"0.00"
"Mortality";"Neuchatel and Jura";"Lung";"15-29";"Male";"2005";"4.76"
"Mortality";"Neuchatel and Jura";"Lung";"15-29";"Male";"2006";"0.00"
"Mortality";"Neuchatel and Jura";"Lung";"15-29";"Male";"2007";"0.00"
"Mortality";"Neuchatel and Jura";"Lung";"15-29";"Male";"2008";"0.00"
"Mortality";"Neuchatel and Jura";"Lung";"15-29";"Male";"2009";"0.00"
"Mortality";"Neuchatel and Jura";"Lung";"15-29";"Male";"2010";"0.00"
"Mortality";"Neuchatel and Jura";"Lung";"15-29";"Male";"2011";"0.00"
"Mortality";"Neuchatel and Jura";"Lung";"15-29";"Male";"2012";"0.00"
"Mortality";"Neuchatel and Jura";"Lung";"15-29";"Male";"2013";"0.00"
"Mortality";"Neuchatel and Jura";"Lung";"15-29";"Male";"2014";"0.00"
"Mortality";"Neuchatel and Jura";"Lung";"15-29";"Male";"2015";"0.00"
"Mortality";"Neuchatel and Jura";"Lung";"15-29";"Male";"2016";"0.00"
"Mortality";"Neuchatel and Jura";"Lung";"15-29";"Male";"2017";"0.00"
"Mortality";"Neuchatel and Jura";"Lung";"15-29";"Male";"2018";"0.00"
"Mortality";"Neuchatel and Jura";"Lung";"15-29";"Female";"2005";"0.00"
"Mortality";"Neuchatel and Jura";"Lung";"15-29";"Female";"2006";"0.00"
"Mortality";"Neuchatel and Jura";"Lung";"15-29";"Female";"2007";"0.00"
"Mortality";"Neuchatel and Jura";"Lung";"15-29";"Female";"2008";"0.00"
"Mortality";"Neuchatel and Jura";"Lung";"15-29";"Female";"2009";"0.00"
"Mortality";"Neuchatel and Jura";"Lung";"15-29";"Female";"2010";"0.00"
"Mortality";"Neuchatel and Jura";"Lung";"15-29";"Female";"2011";"0.00"
"Mortality";"Neuchatel and Jura";"Lung";"15-29";"Female";"2012";"0.00"
"Mortality";"Neuchatel and Jura";"Lung";"15-29";"Female";"2013";"0.00"
"Mortality";"Neuchatel and Jura";"Lung";"15-29";"Female";"2014";"0.00"
"Mortality";"Neuchatel and Jura";"Lung";"15-29";"Female";"2015";"0.00"
"Mortality";"Neuchatel and Jura";"Lung";"15-29";"Female";"2016";"0.00"
"Mortality";"Neuchatel and Jura";"Lung";"15-29";"Female";"2017";"0.00"
"Mortality";"Neuchatel and Jura";"Lung";"15-29";"Female";"2018";"0.00"
"Mortality";"Neuchatel and Jura";"Lung";"30-44";"Male";"2005";"0.00"
"Mortality";"Neuchatel and Jura";"Lung";"30-44";"Male";"2006";"3.81"
"Mortality";"Neuchatel and Jura";"Lung";"30-44";"Male";"2007";"3.85"
"Mortality";"Neuchatel and Jura";"Lung";"30-44";"Male";"2008";"3.89"
"Mortality";"Neuchatel and Jura";"Lung";"30-44";"Male";"2009";"0.00"
"Mortality";"Neuchatel and Jura";"Lung";"30-44";"Male";"2010";"12.13"
"Mortality";"Neuchatel and Jura";"Lung";"30-44";"Male";"2011";"4.07"
"Mortality";"Neuchatel and Jura";"Lung";"30-44";"Male";"2012";"4.06"
"Mortality";"Neuchatel and Jura";"Lung";"30-44";"Male";"2013";"8.14"
"Mortality";"Neuchatel and Jura";"Lung";"30-44";"Male";"2014";"4.07"
"Mortality";"Neuchatel and Jura";"Lung";"30-44";"Male";"2015";"8.18"
"Mortality";"Neuchatel and Jura";"Lung";"30-44";"Male";"2016";"4.11"
"Mortality";"Neuchatel and Jura";"Lung";"30-44";"Male";"2017";"8.30"
"Mortality";"Neuchatel and Jura";"Lung";"30-44";"Male";"2018";"0.00"
"Mortality";"Neuchatel and Jura";"Lung";"30-44";"Female";"2005";"11.19"
"Mortality";"Neuchatel and Jura";"Lung";"30-44";"Female";"2006";"7.53"
"Mortality";"Neuchatel and Jura";"Lung";"30-44";"Female";"2007";"3.80"
"Mortality";"Neuchatel and Jura";"Lung";"30-44";"Female";"2008";"3.84"
"Mortality";"Neuchatel and Jura";"Lung";"30-44";"Female";"2009";"0.00"
"Mortality";"Neuchatel and Jura";"Lung";"30-44";"Female";"2010";"3.96"
"Mortality";"Neuchatel and Jura";"Lung";"30-44";"Female";"2011";"0.00"
"Mortality";"Neuchatel and Jura";"Lung";"30-44";"Female";"2012";"3.99"
"Mortality";"Neuchatel and Jura";"Lung";"30-44";"Female";"2013";"0.00"
"Mortality";"Neuchatel and Jura";"Lung";"30-44";"Female";"2014";"0.00"
"Mortality";"Neuchatel and Jura";"Lung";"30-44";"Female";"2015";"0.00"
"Mortality";"Neuchatel and Jura";"Lung";"30-44";"Female";"2016";"0.00"
"Mortality";"Neuchatel and Jura";"Lung";"30-44";"Female";"2017";"0.00"
"Mortality";"Neuchatel and Jura";"Lung";"30-44";"Female";"2018";"0.00"
"Mortality";"Neuchatel and Jura";"Lung";"45-59";"Female";"2005";"29.36"
"Mortality";"Neuchatel and Jura";"Lung";"45-59";"Female";"2006";"50.17"
"Mortality";"Neuchatel and Jura";"Lung";"45-59";"Female";"2007";"24.97"
"Mortality";"Neuchatel and Jura";"Lung";"45-59";"Female";"2008";"24.72"
"Mortality";"Neuchatel and Jura";"Lung";"45-59";"Female";"2009";"44.64"
"Mortality";"Neuchatel and Jura";"Lung";"45-59";"Female";"2010";"39.92"
"Mortality";"Neuchatel and Jura";"Lung";"45-59";"Female";"2011";"31.52"
"Mortality";"Neuchatel and Jura";"Lung";"45-59";"Female";"2012";"35.00"
"Mortality";"Neuchatel and Jura";"Lung";"45-59";"Female";"2013";"22.95"
"Mortality";"Neuchatel and Jura";"Lung";"45-59";"Female";"2014";"18.83"
"Mortality";"Neuchatel and Jura";"Lung";"45-59";"Female";"2015";"14.90"
"Mortality";"Neuchatel and Jura";"Lung";"45-59";"Female";"2016";"25.82"
"Mortality";"Neuchatel and Jura";"Lung";"45-59";"Female";"2017";"22.04"
"Mortality";"Neuchatel and Jura";"Lung";"45-59";"Female";"2018";"43.97"
"Mortality";"Neuchatel and Jura";"Lung";"45-59";"Male";"2005";"75.48"
"Mortality";"Neuchatel and Jura";"Lung";"45-59";"Male";"2006";"33.41"
"Mortality";"Neuchatel and Jura";"Lung";"45-59";"Male";"2007";"58.09"
"Mortality";"Neuchatel and Jura";"Lung";"45-59";"Male";"2008";"65.57"
"Mortality";"Neuchatel and Jura";"Lung";"45-59";"Male";"2009";"28.25"
"Mortality";"Neuchatel and Jura";"Lung";"45-59";"Male";"2010";"43.70"
"Mortality";"Neuchatel and Jura";"Lung";"45-59";"Male";"2011";"54.99"
"Mortality";"Neuchatel and Jura";"Lung";"45-59";"Male";"2012";"46.51"
"Mortality";"Neuchatel and Jura";"Lung";"45-59";"Male";"2013";"26.62"
"Mortality";"Neuchatel and Jura";"Lung";"45-59";"Male";"2014";"56.12"
"Mortality";"Neuchatel and Jura";"Lung";"45-59";"Male";"2015";"25.94"
"Mortality";"Neuchatel and Jura";"Lung";"45-59";"Male";"2016";"44.22"
"Mortality";"Neuchatel and Jura";"Lung";"45-59";"Male";"2017";"36.71"
"Mortality";"Neuchatel and Jura";"Lung";"45-59";"Male";"2018";"22.05"
"Mortality";"Neuchatel and Jura";"Lung";"60-74";"Male";"2005";"233.05"
"Mortality";"Neuchatel and Jura";"Lung";"60-74";"Male";"2006";"214.29"
"Mortality";"Neuchatel and Jura";"Lung";"60-74";"Male";"2007";"208.56"
"Mortality";"Neuchatel and Jura";"Lung";"60-74";"Male";"2008";"250.81"
"Mortality";"Neuchatel and Jura";"Lung";"60-74";"Male";"2009";"210.32"
"Mortality";"Neuchatel and Jura";"Lung";"60-74";"Male";"2010";"200.92"
"Mortality";"Neuchatel and Jura";"Lung";"60-74";"Male";"2011";"285.45"
"Mortality";"Neuchatel and Jura";"Lung";"60-74";"Male";"2012";"210.26"
"Mortality";"Neuchatel and Jura";"Lung";"60-74";"Male";"2013";"184.61"
"Mortality";"Neuchatel and Jura";"Lung";"60-74";"Male";"2014";"203.36"
"Mortality";"Neuchatel and Jura";"Lung";"60-74";"Male";"2015";"129.27"
"Mortality";"Neuchatel and Jura";"Lung";"60-74";"Male";"2016";"201.06"
"Mortality";"Neuchatel and Jura";"Lung";"60-74";"Male";"2017";"183.52"
"Mortality";"Neuchatel and Jura";"Lung";"60-74";"Male";"2018";"245.90"
"Mortality";"Neuchatel and Jura";"Lung";"60-74";"Female";"2005";"84.55"
"Mortality";"Neuchatel and Jura";"Lung";"60-74";"Female";"2006";"116.73"
"Mortality";"Neuchatel and Jura";"Lung";"60-74";"Female";"2007";"82.04"
"Mortality";"Neuchatel and Jura";"Lung";"60-74";"Female";"2008";"86.24"
"Mortality";"Neuchatel and Jura";"Lung";"60-74";"Female";"2009";"121.77"
"Mortality";"Neuchatel and Jura";"Lung";"60-74";"Female";"2010";"119.82"
"Mortality";"Neuchatel and Jura";"Lung";"60-74";"Female";"2011";"93.59"
"Mortality";"Neuchatel and Jura";"Lung";"60-74";"Female";"2012";"113.81"
"Mortality";"Neuchatel and Jura";"Lung";"60-74";"Female";"2013";"101.67"
"Mortality";"Neuchatel and Jura";"Lung";"60-74";"Female";"2014";"150.41"
"Mortality";"Neuchatel and Jura";"Lung";"60-74";"Female";"2015";"89.14"
"Mortality";"Neuchatel and Jura";"Lung";"60-74";"Female";"2016";"117.28"
"Mortality";"Neuchatel and Jura";"Lung";"60-74";"Female";"2017";"125.84"
"Mortality";"Neuchatel and Jura";"Lung";"60-74";"Female";"2018";"125.63"
"Mortality";"Neuchatel and Jura";"Lung";"75-89";"Female";"2005";"111.56"
"Mortality";"Neuchatel and Jura";"Lung";"75-89";"Female";"2006";"143.84"
"Mortality";"Neuchatel and Jura";"Lung";"75-89";"Female";"2007";"124.72"
"Mortality";"Neuchatel and Jura";"Lung";"75-89";"Female";"2008";"73.74"
"Mortality";"Neuchatel and Jura";"Lung";"75-89";"Female";"2009";"154.60"
"Mortality";"Neuchatel and Jura";"Lung";"75-89";"Female";"2010";"130.01"
"Mortality";"Neuchatel and Jura";"Lung";"75-89";"Female";"2011";"106.35"
"Mortality";"Neuchatel and Jura";"Lung";"75-89";"Female";"2012";"123.91"
"Mortality";"Neuchatel and Jura";"Lung";"75-89";"Female";"2013";"141.28"
"Mortality";"Neuchatel and Jura";"Lung";"75-89";"Female";"2014";"124.83"
"Mortality";"Neuchatel and Jura";"Lung";"75-89";"Female";"2015";"141.15"
"Mortality";"Neuchatel and Jura";"Lung";"75-89";"Female";"2016";"165.62"
"Mortality";"Neuchatel and Jura";"Lung";"75-89";"Female";"2017";"107.02"
"Mortality";"Neuchatel and Jura";"Lung";"75-89";"Female";"2018";"170.71"
"Mortality";"Neuchatel and Jura";"Lung";"75-89";"Male";"2005";"423.97"
"Mortality";"Neuchatel and Jura";"Lung";"75-89";"Male";"2006";"415.89"
"Mortality";"Neuchatel and Jura";"Lung";"75-89";"Male";"2007";"341.74"
"Mortality";"Neuchatel and Jura";"Lung";"75-89";"Male";"2008";"216.22"
"Mortality";"Neuchatel and Jura";"Lung";"75-89";"Male";"2009";"383.90"
"Mortality";"Neuchatel and Jura";"Lung";"75-89";"Male";"2010";"312.70"
"Mortality";"Neuchatel and Jura";"Lung";"75-89";"Male";"2011";"342.33"
"Mortality";"Neuchatel and Jura";"Lung";"75-89";"Male";"2012";"332.38"
"Mortality";"Neuchatel and Jura";"Lung";"75-89";"Male";"2013";"446.96"
"Mortality";"Neuchatel and Jura";"Lung";"75-89";"Male";"2014";"441.96"
"Mortality";"Neuchatel and Jura";"Lung";"75-89";"Male";"2015";"335.35"
"Mortality";"Neuchatel and Jura";"Lung";"75-89";"Male";"2016";"393.78"
"Mortality";"Neuchatel and Jura";"Lung";"75-89";"Male";"2017";"345.72"
"Mortality";"Neuchatel and Jura";"Lung";"75-89";"Male";"2018";"309.78"
"Mortality";"Neuchatel and Jura";"Lung";"90-95+";"Male";"2005";"0.00"
"Mortality";"Neuchatel and Jura";"Lung";"90-95+";"Male";"2006";"0.00"
"Mortality";"Neuchatel and Jura";"Lung";"90-95+";"Male";"2007";"0.00"
"Mortality";"Neuchatel and Jura";"Lung";"90-95+";"Male";"2008";"0.00"
"Mortality";"Neuchatel and Jura";"Lung";"90-95+";"Male";"2009";"343.94"
"Mortality";"Neuchatel and Jura";"Lung";"90-95+";"Male";"2010";"151.17"
"Mortality";"Neuchatel and Jura";"Lung";"90-95+";"Male";"2011";"303.26"
"Mortality";"Neuchatel and Jura";"Lung";"90-95+";"Male";"2012";"158.73"
"Mortality";"Neuchatel and Jura";"Lung";"90-95+";"Male";"2013";"621.60"
"Mortality";"Neuchatel and Jura";"Lung";"90-95+";"Male";"2014";"151.86"
"Mortality";"Neuchatel and Jura";"Lung";"90-95+";"Male";"2015";"146.63"
"Mortality";"Neuchatel and Jura";"Lung";"90-95+";"Male";"2016";"0.00"
"Mortality";"Neuchatel and Jura";"Lung";"90-95+";"Male";"2017";"276.05"
"Mortality";"Neuchatel and Jura";"Lung";"90-95+";"Male";"2018";"398.67"
"Mortality";"Neuchatel and Jura";"Lung";"90-95+";"Female";"2005";"0.00"
"Mortality";"Neuchatel and Jura";"Lung";"90-95+";"Female";"2006";"63.17"
"Mortality";"Neuchatel and Jura";"Lung";"90-95+";"Female";"2007";"0.00"
"Mortality";"Neuchatel and Jura";"Lung";"90-95+";"Female";"2008";"0.00"
"Mortality";"Neuchatel and Jura";"Lung";"90-95+";"Female";"2009";"0.00"
"Mortality";"Neuchatel and Jura";"Lung";"90-95+";"Female";"2010";"0.00"
"Mortality";"Neuchatel and Jura";"Lung";"90-95+";"Female";"2011";"57.39"
"Mortality";"Neuchatel and Jura";"Lung";"90-95+";"Female";"2012";"0.00"
"Mortality";"Neuchatel and Jura";"Lung";"90-95+";"Female";"2013";"112.93"
"Mortality";"Neuchatel and Jura";"Lung";"90-95+";"Female";"2014";"52.99"
"Mortality";"Neuchatel and Jura";"Lung";"90-95+";"Female";"2015";"51.56"
"Mortality";"Neuchatel and Jura";"Lung";"90-95+";"Female";"2016";"0.00"
"Mortality";"Neuchatel and Jura";"Lung";"90-95+";"Female";"2017";"96.55"
"Mortality";"Neuchatel and Jura";"Lung";"90-95+";"Female";"2018";"0.00"
"Incidence";"Fribourg";"Lung";"0-14";"Male";"2006";"0.00"
"Incidence";"Fribourg";"Lung";"0-14";"Male";"2007";"0.00"
"Incidence";"Fribourg";"Lung";"0-14";"Male";"2008";"0.00"
"Incidence";"Fribourg";"Lung";"0-14";"Male";"2009";"0.00"
"Incidence";"Fribourg";"Lung";"0-14";"Male";"2010";"0.00"
"Incidence";"Fribourg";"Lung";"0-14";"Male";"2011";"0.00"
"Incidence";"Fribourg";"Lung";"0-14";"Male";"2012";"0.00"
"Incidence";"Fribourg";"Lung";"0-14";"Male";"2013";"0.00"
"Incidence";"Fribourg";"Lung";"0-14";"Male";"2014";"0.00"
"Incidence";"Fribourg";"Lung";"0-14";"Male";"2015";"0.00"
"Incidence";"Fribourg";"Lung";"0-14";"Male";"2016";"0.00"
"Incidence";"Fribourg";"Lung";"0-14";"Male";"2017";"0.00"
"Incidence";"Fribourg";"Lung";"0-14";"Male";"2018";"0.00"
"Incidence";"Fribourg";"Lung";"0-14";"Male";"2019";"0.00"
"Incidence";"Fribourg";"Lung";"0-14";"Female";"2006";"0.00"
"Incidence";"Fribourg";"Lung";"0-14";"Female";"2007";"0.00"
"Incidence";"Fribourg";"Lung";"0-14";"Female";"2008";"0.00"
"Incidence";"Fribourg";"Lung";"0-14";"Female";"2009";"0.00"
"Incidence";"Fribourg";"Lung";"0-14";"Female";"2010";"0.00"
"Incidence";"Fribourg";"Lung";"0-14";"Female";"2011";"0.00"
"Incidence";"Fribourg";"Lung";"0-14";"Female";"2012";"0.00"
"Incidence";"Fribourg";"Lung";"0-14";"Female";"2013";"0.00"
"Incidence";"Fribourg";"Lung";"0-14";"Female";"2014";"0.00"
"Incidence";"Fribourg";"Lung";"0-14";"Female";"2015";"0.00"
"Incidence";"Fribourg";"Lung";"0-14";"Female";"2016";"0.00"
"Incidence";"Fribourg";"Lung";"0-14";"Female";"2017";"0.00"
"Incidence";"Fribourg";"Lung";"0-14";"Female";"2018";"0.00"
"Incidence";"Fribourg";"Lung";"0-14";"Female";"2019";"0.00"
"Mortality";"Fribourg";"Lung";"0-14";"Male";"2006";"0.00"
"Mortality";"Fribourg";"Lung";"0-14";"Male";"2007";"0.00"
"Mortality";"Fribourg";"Lung";"0-14";"Male";"2008";"0.00"
"Mortality";"Fribourg";"Lung";"0-14";"Male";"2009";"0.00"
"Mortality";"Fribourg";"Lung";"0-14";"Male";"2010";"0.00"
"Mortality";"Fribourg";"Lung";"0-14";"Male";"2011";"0.00"
"Mortality";"Fribourg";"Lung";"0-14";"Male";"2012";"0.00"
"Mortality";"Fribourg";"Lung";"0-14";"Male";"2013";"0.00"
"Mortality";"Fribourg";"Lung";"0-14";"Male";"2014";"0.00"
"Mortality";"Fribourg";"Lung";"0-14";"Male";"2015";"0.00"
"Mortality";"Fribourg";"Lung";"0-14";"Male";"2016";"0.00"
"Mortality";"Fribourg";"Lung";"0-14";"Male";"2017";"0.00"
"Mortality";"Fribourg";"Lung";"0-14";"Male";"2018";"0.00"
"Mortality";"Fribourg";"Lung";"0-14";"Female";"2006";"0.00"
"Mortality";"Fribourg";"Lung";"0-14";"Female";"2007";"0.00"
"Mortality";"Fribourg";"Lung";"0-14";"Female";"2008";"0.00"
"Mortality";"Fribourg";"Lung";"0-14";"Female";"2009";"0.00"
"Mortality";"Fribourg";"Lung";"0-14";"Female";"2010";"0.00"
"Mortality";"Fribourg";"Lung";"0-14";"Female";"2011";"0.00"
"Mortality";"Fribourg";"Lung";"0-14";"Female";"2012";"0.00"
"Mortality";"Fribourg";"Lung";"0-14";"Female";"2013";"0.00"
"Mortality";"Fribourg";"Lung";"0-14";"Female";"2014";"0.00"
"Mortality";"Fribourg";"Lung";"0-14";"Female";"2015";"0.00"
"Mortality";"Fribourg";"Lung";"0-14";"Female";"2016";"0.00"
"Mortality";"Fribourg";"Lung";"0-14";"Female";"2017";"0.00"
"Mortality";"Fribourg";"Lung";"0-14";"Female";"2018";"0.00"
"Incidence";"Fribourg";"Lung";"15-29";"Female";"2006";"0.00"
"Incidence";"Fribourg";"Lung";"15-29";"Female";"2007";"0.00"
"Incidence";"Fribourg";"Lung";"15-29";"Female";"2008";"0.00"
"Incidence";"Fribourg";"Lung";"15-29";"Female";"2009";"0.00"
"Incidence";"Fribourg";"Lung";"15-29";"Female";"2010";"0.00"
"Incidence";"Fribourg";"Lung";"15-29";"Female";"2011";"0.00"
"Incidence";"Fribourg";"Lung";"15-29";"Female";"2012";"3.58"
"Incidence";"Fribourg";"Lung";"15-29";"Female";"2013";"0.00"
"Incidence";"Fribourg";"Lung";"15-29";"Female";"2014";"0.00"
"Incidence";"Fribourg";"Lung";"15-29";"Female";"2015";"0.00"
"Incidence";"Fribourg";"Lung";"15-29";"Female";"2016";"0.00"
"Incidence";"Fribourg";"Lung";"15-29";"Female";"2017";"0.00"
"Incidence";"Fribourg";"Lung";"15-29";"Female";"2018";"0.00"
"Incidence";"Fribourg";"Lung";"15-29";"Female";"2019";"0.00"
"Incidence";"Fribourg";"Lung";"15-29";"Male";"2006";"0.00"
"Incidence";"Fribourg";"Lung";"15-29";"Male";"2007";"0.00"
"Incidence";"Fribourg";"Lung";"15-29";"Male";"2008";"0.00"
"Incidence";"Fribourg";"Lung";"15-29";"Male";"2009";"0.00"
"Incidence";"Fribourg";"Lung";"15-29";"Male";"2010";"3.62"
"Incidence";"Fribourg";"Lung";"15-29";"Male";"2011";"3.55"
"Incidence";"Fribourg";"Lung";"15-29";"Male";"2012";"0.00"
"Incidence";"Fribourg";"Lung";"15-29";"Male";"2013";"0.00"
"Incidence";"Fribourg";"Lung";"15-29";"Male";"2014";"0.00"
"Incidence";"Fribourg";"Lung";"15-29";"Male";"2015";"0.00"
"Incidence";"Fribourg";"Lung";"15-29";"Male";"2016";"0.00"
"Incidence";"Fribourg";"Lung";"15-29";"Male";"2017";"0.00"
"Incidence";"Fribourg";"Lung";"15-29";"Male";"2018";"0.00"
"Incidence";"Fribourg";"Lung";"15-29";"Male";"2019";"0.00"
"Mortality";"Fribourg";"Lung";"15-29";"Female";"2006";"0.00"
"Mortality";"Fribourg";"Lung";"15-29";"Female";"2007";"0.00"
"Mortality";"Fribourg";"Lung";"15-29";"Female";"2008";"0.00"
"Mortality";"Fribourg";"Lung";"15-29";"Female";"2009";"0.00"
"Mortality";"Fribourg";"Lung";"15-29";"Female";"2010";"0.00"
"Mortality";"Fribourg";"Lung";"15-29";"Female";"2011";"0.00"
"Mortality";"Fribourg";"Lung";"15-29";"Female";"2012";"0.00"
"Mortality";"Fribourg";"Lung";"15-29";"Female";"2013";"0.00"
"Mortality";"Fribourg";"Lung";"15-29";"Female";"2014";"0.00"
"Mortality";"Fribourg";"Lung";"15-29";"Female";"2015";"0.00"
"Mortality";"Fribourg";"Lung";"15-29";"Female";"2016";"0.00"
"Mortality";"Fribourg";"Lung";"15-29";"Female";"2017";"0.00"
"Mortality";"Fribourg";"Lung";"15-29";"Female";"2018";"0.00"
"Mortality";"Fribourg";"Lung";"15-29";"Male";"2006";"0.00"
"Mortality";"Fribourg";"Lung";"15-29";"Male";"2007";"0.00"
"Mortality";"Fribourg";"Lung";"15-29";"Male";"2008";"0.00"
"Mortality";"Fribourg";"Lung";"15-29";"Male";"2009";"0.00"
"Mortality";"Fribourg";"Lung";"15-29";"Male";"2010";"0.00"
"Mortality";"Fribourg";"Lung";"15-29";"Male";"2011";"0.00"
"Mortality";"Fribourg";"Lung";"15-29";"Male";"2012";"0.00"
"Mortality";"Fribourg";"Lung";"15-29";"Male";"2013";"0.00"
"Mortality";"Fribourg";"Lung";"15-29";"Male";"2014";"0.00"
"Mortality";"Fribourg";"Lung";"15-29";"Male";"2015";"0.00"
"Mortality";"Fribourg";"Lung";"15-29";"Male";"2016";"0.00"
"Mortality";"Fribourg";"Lung";"15-29";"Male";"2017";"0.00"
"Mortality";"Fribourg";"Lung";"15-29";"Male";"2018";"0.00"
"Incidence";"Fribourg";"Lung";"30-44";"Female";"2006";"0.00"
"Incidence";"Fribourg";"Lung";"30-44";"Female";"2007";"3.27"
"Incidence";"Fribourg";"Lung";"30-44";"Female";"2008";"6.55"
"Incidence";"Fribourg";"Lung";"30-44";"Female";"2009";"9.83"
"Incidence";"Fribourg";"Lung";"30-44";"Female";"2010";"6.55"
"Incidence";"Fribourg";"Lung";"30-44";"Female";"2011";"0.00"
"Incidence";"Fribourg";"Lung";"30-44";"Female";"2012";"0.00"
"Incidence";"Fribourg";"Lung";"30-44";"Female";"2013";"6.32"
"Incidence";"Fribourg";"Lung";"30-44";"Female";"2014";"3.14"
"Incidence";"Fribourg";"Lung";"30-44";"Female";"2015";"9.33"
"Incidence";"Fribourg";"Lung";"30-44";"Female";"2016";"3.10"
"Incidence";"Fribourg";"Lung";"30-44";"Female";"2017";"3.09"
"Incidence";"Fribourg";"Lung";"30-44";"Female";"2018";"0.00"
"Incidence";"Fribourg";"Lung";"30-44";"Female";"2019";"0.00"
"Incidence";"Fribourg";"Lung";"30-44";"Male";"2006";"3.26"
"Incidence";"Fribourg";"Lung";"30-44";"Male";"2007";"0.00"
"Incidence";"Fribourg";"Lung";"30-44";"Male";"2008";"6.53"
"Incidence";"Fribourg";"Lung";"30-44";"Male";"2009";"3.28"
"Incidence";"Fribourg";"Lung";"30-44";"Male";"2010";"3.29"
"Incidence";"Fribourg";"Lung";"30-44";"Male";"2011";"0.00"
"Incidence";"Fribourg";"Lung";"30-44";"Male";"2012";"9.59"
"Incidence";"Fribourg";"Lung";"30-44";"Male";"2013";"6.29"
"Incidence";"Fribourg";"Lung";"30-44";"Male";"2014";"6.20"
"Incidence";"Fribourg";"Lung";"30-44";"Male";"2015";"6.16"
"Incidence";"Fribourg";"Lung";"30-44";"Male";"2016";"3.06"
"Incidence";"Fribourg";"Lung";"30-44";"Male";"2017";"3.04"
"Incidence";"Fribourg";"Lung";"30-44";"Male";"2018";"9.07"
"Incidence";"Fribourg";"Lung";"30-44";"Male";"2019";"0.00"
"Mortality";"Fribourg";"Lung";"30-44";"Male";"2006";"0.00"
"Mortality";"Fribourg";"Lung";"30-44";"Male";"2007";"3.26"
"Mortality";"Fribourg";"Lung";"30-44";"Male";"2008";"0.00"
"Mortality";"Fribourg";"Lung";"30-44";"Male";"2009";"3.28"
"Mortality";"Fribourg";"Lung";"30-44";"Male";"2010";"3.29"
"Mortality";"Fribourg";"Lung";"30-44";"Male";"2011";"0.00"
"Mortality";"Fribourg";"Lung";"30-44";"Male";"2012";"0.00"
"Mortality";"Fribourg";"Lung";"30-44";"Male";"2013";"3.14"
"Mortality";"Fribourg";"Lung";"30-44";"Male";"2014";"3.10"
"Mortality";"Fribourg";"Lung";"30-44";"Male";"2015";"0.00"
"Mortality";"Fribourg";"Lung";"30-44";"Male";"2016";"0.00"
"Mortality";"Fribourg";"Lung";"30-44";"Male";"2017";"3.04"
"Mortality";"Fribourg";"Lung";"30-44";"Male";"2018";"3.02"
"Mortality";"Fribourg";"Lung";"30-44";"Female";"2006";"0.00"
"Mortality";"Fribourg";"Lung";"30-44";"Female";"2007";"0.00"
"Mortality";"Fribourg";"Lung";"30-44";"Female";"2008";"3.27"
"Mortality";"Fribourg";"Lung";"30-44";"Female";"2009";"3.28"
"Mortality";"Fribourg";"Lung";"30-44";"Female";"2010";"0.00"
"Mortality";"Fribourg";"Lung";"30-44";"Female";"2011";"6.49"
"Mortality";"Fribourg";"Lung";"30-44";"Female";"2012";"0.00"
"Mortality";"Fribourg";"Lung";"30-44";"Female";"2013";"0.00"
"Mortality";"Fribourg";"Lung";"30-44";"Female";"2014";"0.00"
"Mortality";"Fribourg";"Lung";"30-44";"Female";"2015";"3.11"
"Mortality";"Fribourg";"Lung";"30-44";"Female";"2016";"6.19"
"Mortality";"Fribourg";"Lung";"30-44";"Female";"2017";"0.00"
"Mortality";"Fribourg";"Lung";"30-44";"Female";"2018";"0.00"
"Incidence";"Fribourg";"Lung";"45-59";"Female";"2006";"76.19"
"Incidence";"Fribourg";"Lung";"45-59";"Female";"2007";"66.33"
"Incidence";"Fribourg";"Lung";"45-59";"Female";"2008";"68.15"
"Incidence";"Fribourg";"Lung";"45-59";"Female";"2009";"58.62"
"Incidence";"Fribourg";"Lung";"45-59";"Female";"2010";"46.13"
"Incidence";"Fribourg";"Lung";"45-59";"Female";"2011";"47.68"
"Incidence";"Fribourg";"Lung";"45-59";"Female";"2012";"45.84"
"Incidence";"Fribourg";"Lung";"45-59";"Female";"2013";"57.08"
"Incidence";"Fribourg";"Lung";"45-59";"Female";"2014";"52.25"
"Incidence";"Fribourg";"Lung";"45-59";"Female";"2015";"69.02"
"Incidence";"Fribourg";"Lung";"45-59";"Female";"2016";"58.86"
"Incidence";"Fribourg";"Lung";"45-59";"Female";"2017";"26.04"
"Incidence";"Fribourg";"Lung";"45-59";"Female";"2018";"28.54"
"Incidence";"Fribourg";"Lung";"45-59";"Female";"2019";"33.93"
"Incidence";"Fribourg";"Lung";"45-59";"Male";"2006";"83.62"
"Incidence";"Fribourg";"Lung";"45-59";"Male";"2007";"81.27"
"Incidence";"Fribourg";"Lung";"45-59";"Male";"2008";"78.87"
"Incidence";"Fribourg";"Lung";"45-59";"Male";"2009";"66.00"
"Incidence";"Fribourg";"Lung";"45-59";"Male";"2010";"64.05"
"Incidence";"Fribourg";"Lung";"45-59";"Male";"2011";"39.04"
"Incidence";"Fribourg";"Lung";"45-59";"Male";"2012";"72.12"
"Incidence";"Fribourg";"Lung";"45-59";"Male";"2013";"45.58"
"Incidence";"Fribourg";"Lung";"45-59";"Male";"2014";"38.40"
"Incidence";"Fribourg";"Lung";"45-59";"Male";"2015";"46.22"
"Incidence";"Fribourg";"Lung";"45-59";"Male";"2016";"56.82"
"Incidence";"Fribourg";"Lung";"45-59";"Male";"2017";"42.15"
"Incidence";"Fribourg";"Lung";"45-59";"Male";"2018";"64.23"
"Incidence";"Fribourg";"Lung";"45-59";"Male";"2019";"41.63"
"Mortality";"Fribourg";"Lung";"45-59";"Male";"2006";"53.21"
"Mortality";"Fribourg";"Lung";"45-59";"Male";"2007";"55.41"
"Mortality";"Fribourg";"Lung";"45-59";"Male";"2008";"53.78"
"Mortality";"Fribourg";"Lung";"45-59";"Male";"2009";"55.58"
"Mortality";"Fribourg";"Lung";"45-59";"Male";"2010";"57.31"
"Mortality";"Fribourg";"Lung";"45-59";"Male";"2011";"45.54"
"Mortality";"Fribourg";"Lung";"45-59";"Male";"2012";"28.22"
"Mortality";"Fribourg";"Lung";"45-59";"Male";"2013";"36.46"
"Mortality";"Fribourg";"Lung";"45-59";"Male";"2014";"20.68"
"Mortality";"Fribourg";"Lung";"45-59";"Male";"2015";"40.44"
"Mortality";"Fribourg";"Lung";"45-59";"Male";"2016";"19.89"
"Mortality";"Fribourg";"Lung";"45-59";"Male";"2017";"33.72"
"Mortality";"Fribourg";"Lung";"45-59";"Male";"2018";"27.92"
"Mortality";"Fribourg";"Lung";"45-59";"Female";"2006";"56.14"
"Mortality";"Fribourg";"Lung";"45-59";"Female";"2007";"42.92"
"Mortality";"Fribourg";"Lung";"45-59";"Female";"2008";"37.86"
"Mortality";"Fribourg";"Lung";"45-59";"Female";"2009";"54.96"
"Mortality";"Fribourg";"Lung";"45-59";"Female";"2010";"28.39"
"Mortality";"Fribourg";"Lung";"45-59";"Female";"2011";"30.65"
"Mortality";"Fribourg";"Lung";"45-59";"Female";"2012";"16.37"
"Mortality";"Fribourg";"Lung";"45-59";"Female";"2013";"38.06"
"Mortality";"Fribourg";"Lung";"45-59";"Female";"2014";"18.44"
"Mortality";"Fribourg";"Lung";"45-59";"Female";"2015";"21.01"
"Mortality";"Fribourg";"Lung";"45-59";"Female";"2016";"26.49"
"Mortality";"Fribourg";"Lung";"45-59";"Female";"2017";"20.25"
"Mortality";"Fribourg";"Lung";"45-59";"Female";"2018";"17.12"
"Mortality";"Fribourg";"Lung";"60-74";"Male";"2006";"241.92"
"Mortality";"Fribourg";"Lung";"60-74";"Male";"2007";"287.94"
"Mortality";"Fribourg";"Lung";"60-74";"Male";"2008";"263.96"
"Mortality";"Fribourg";"Lung";"60-74";"Male";"2009";"178.66"
"Mortality";"Fribourg";"Lung";"60-74";"Male";"2010";"221.70"
"Mortality";"Fribourg";"Lung";"60-74";"Male";"2011";"253.46"
"Mortality";"Fribourg";"Lung";"60-74";"Male";"2012";"205.40"
"Mortality";"Fribourg";"Lung";"60-74";"Male";"2013";"204.48"
"Mortality";"Fribourg";"Lung";"60-74";"Male";"2014";"153.73"
"Mortality";"Fribourg";"Lung";"60-74";"Male";"2015";"206.61"
"Mortality";"Fribourg";"Lung";"60-74";"Male";"2016";"173.14"
"Mortality";"Fribourg";"Lung";"60-74";"Male";"2017";"141.52"
"Mortality";"Fribourg";"Lung";"60-74";"Male";"2018";"200.53"
"Mortality";"Fribourg";"Lung";"60-74";"Female";"2006";"50.36"
"Mortality";"Fribourg";"Lung";"60-74";"Female";"2007";"60.45"
"Mortality";"Fribourg";"Lung";"60-74";"Female";"2008";"93.40"
"Mortality";"Fribourg";"Lung";"60-74";"Female";"2009";"50.85"
"Mortality";"Fribourg";"Lung";"60-74";"Female";"2010";"115.26"
"Mortality";"Fribourg";"Lung";"60-74";"Female";"2011";"58.57"
"Mortality";"Fribourg";"Lung";"60-74";"Female";"2012";"113.17"
"Mortality";"Fribourg";"Lung";"60-74";"Female";"2013";"129.64"
"Mortality";"Fribourg";"Lung";"60-74";"Female";"2014";"92.21"
"Mortality";"Fribourg";"Lung";"60-74";"Female";"2015";"108.37"
"Mortality";"Fribourg";"Lung";"60-74";"Female";"2016";"114.69"
"Mortality";"Fribourg";"Lung";"60-74";"Female";"2017";"94.23"
"Mortality";"Fribourg";"Lung";"60-74";"Female";"2018";"92.19"
"Incidence";"Fribourg";"Lung";"60-74";"Female";"2006";"81.84"
"Incidence";"Fribourg";"Lung";"60-74";"Female";"2007";"90.68"
"Incidence";"Fribourg";"Lung";"60-74";"Female";"2008";"128.43"
"Incidence";"Fribourg";"Lung";"60-74";"Female";"2009";"107.34"
"Incidence";"Fribourg";"Lung";"60-74";"Female";"2010";"131.73"
"Incidence";"Fribourg";"Lung";"60-74";"Female";"2011";"149.08"
"Incidence";"Fribourg";"Lung";"60-74";"Female";"2012";"159.47"
"Incidence";"Fribourg";"Lung";"60-74";"Female";"2013";"104.71"
"Incidence";"Fribourg";"Lung";"60-74";"Female";"2014";"169.87"
"Incidence";"Fribourg";"Lung";"60-74";"Female";"2015";"146.06"
"Incidence";"Fribourg";"Lung";"60-74";"Female";"2016";"178.92"
"Incidence";"Fribourg";"Lung";"60-74";"Female";"2017";"170.51"
"Incidence";"Fribourg";"Lung";"60-74";"Female";"2018";"166.82"
"Incidence";"Fribourg";"Lung";"60-74";"Female";"2019";"184.81"
"Incidence";"Fribourg";"Lung";"60-74";"Male";"2006";"281.15"
"Incidence";"Fribourg";"Lung";"60-74";"Male";"2007";"369.32"
"Incidence";"Fribourg";"Lung";"60-74";"Male";"2008";"269.95"
"Incidence";"Fribourg";"Lung";"60-74";"Male";"2009";"172.90"
"Incidence";"Fribourg";"Lung";"60-74";"Male";"2010";"238.33"
"Incidence";"Fribourg";"Lung";"60-74";"Male";"2011";"248.07"
"Incidence";"Fribourg";"Lung";"60-74";"Male";"2012";"300.21"
"Incidence";"Fribourg";"Lung";"60-74";"Male";"2013";"301.61"
"Incidence";"Fribourg";"Lung";"60-74";"Male";"2014";"203.32"
"Incidence";"Fribourg";"Lung";"60-74";"Male";"2015";"273.88"
"Incidence";"Fribourg";"Lung";"60-74";"Male";"2016";"262.04"
"Incidence";"Fribourg";"Lung";"60-74";"Male";"2017";"209.99"
"Incidence";"Fribourg";"Lung";"60-74";"Male";"2018";"249.55"
"Incidence";"Fribourg";"Lung";"60-74";"Male";"2019";"226.95"
"Incidence";"Fribourg";"Lung";"75-89";"Female";"2006";"33.66"
"Incidence";"Fribourg";"Lung";"75-89";"Female";"2007";"55.34"
"Incidence";"Fribourg";"Lung";"75-89";"Female";"2008";"142.01"
"Incidence";"Fribourg";"Lung";"75-89";"Female";"2009";"118.74"
"Incidence";"Fribourg";"Lung";"75-89";"Female";"2010";"117.30"
"Incidence";"Fribourg";"Lung";"75-89";"Female";"2011";"104.79"
"Incidence";"Fribourg";"Lung";"75-89";"Female";"2012";"113.27"
"Incidence";"Fribourg";"Lung";"75-89";"Female";"2013";"71.04"
"Incidence";"Fribourg";"Lung";"75-89";"Female";"2014";"119.94"
"Incidence";"Fribourg";"Lung";"75-89";"Female";"2015";"88.78"
"Incidence";"Fribourg";"Lung";"75-89";"Female";"2016";"116.12"
"Incidence";"Fribourg";"Lung";"75-89";"Female";"2017";"122.40"
"Incidence";"Fribourg";"Lung";"75-89";"Female";"2018";"163.93"
"Incidence";"Fribourg";"Lung";"75-89";"Female";"2019";"184.11"
"Incidence";"Fribourg";"Lung";"75-89";"Male";"2006";"431.73"
"Incidence";"Fribourg";"Lung";"75-89";"Male";"2007";"400.70"
"Incidence";"Fribourg";"Lung";"75-89";"Male";"2008";"335.20"
"Incidence";"Fribourg";"Lung";"75-89";"Male";"2009";"308.37"
"Incidence";"Fribourg";"Lung";"75-89";"Male";"2010";"237.38"
"Incidence";"Fribourg";"Lung";"75-89";"Male";"2011";"278.16"
"Incidence";"Fribourg";"Lung";"75-89";"Male";"2012";"389.69"
"Incidence";"Fribourg";"Lung";"75-89";"Male";"2013";"362.19"
"Incidence";"Fribourg";"Lung";"75-89";"Male";"2014";"267.55"
"Incidence";"Fribourg";"Lung";"75-89";"Male";"2015";"381.76"
"Incidence";"Fribourg";"Lung";"75-89";"Male";"2016";"314.05"
"Incidence";"Fribourg";"Lung";"75-89";"Male";"2017";"560.64"
"Incidence";"Fribourg";"Lung";"75-89";"Male";"2018";"235.84"
"Incidence";"Fribourg";"Lung";"75-89";"Male";"2019";"401.49"
"Mortality";"Fribourg";"Lung";"75-89";"Female";"2006";"112.21"
"Mortality";"Fribourg";"Lung";"75-89";"Female";"2007";"77.47"
"Mortality";"Fribourg";"Lung";"75-89";"Female";"2008";"120.16"
"Mortality";"Fribourg";"Lung";"75-89";"Female";"2009";"107.94"
"Mortality";"Fribourg";"Lung";"75-89";"Female";"2010";"117.30"
"Mortality";"Fribourg";"Lung";"75-89";"Female";"2011";"146.70"
"Mortality";"Fribourg";"Lung";"75-89";"Female";"2012";"92.67"
"Mortality";"Fribourg";"Lung";"75-89";"Female";"2013";"91.34"
"Mortality";"Fribourg";"Lung";"75-89";"Female";"2014";"159.92"
"Mortality";"Fribourg";"Lung";"75-89";"Female";"2015";"138.10"
"Mortality";"Fribourg";"Lung";"75-89";"Female";"2016";"135.48"
"Mortality";"Fribourg";"Lung";"75-89";"Female";"2017";"103.57"
"Mortality";"Fribourg";"Lung";"75-89";"Female";"2018";"109.29"
"Mortality";"Fribourg";"Lung";"75-89";"Male";"2006";"395.75"
"Mortality";"Fribourg";"Lung";"75-89";"Male";"2007";"487.80"
"Mortality";"Fribourg";"Lung";"75-89";"Male";"2008";"335.20"
"Mortality";"Fribourg";"Lung";"75-89";"Male";"2009";"357.06"
"Mortality";"Fribourg";"Lung";"75-89";"Male";"2010";"379.81"
"Mortality";"Fribourg";"Lung";"75-89";"Male";"2011";"278.16"
"Mortality";"Fribourg";"Lung";"75-89";"Male";"2012";"269.78"
"Mortality";"Fribourg";"Lung";"75-89";"Male";"2013";"420.14"
"Mortality";"Fribourg";"Lung";"75-89";"Male";"2014";"394.28"
"Mortality";"Fribourg";"Lung";"75-89";"Male";"2015";"436.29"
"Mortality";"Fribourg";"Lung";"75-89";"Male";"2016";"261.71"
"Mortality";"Fribourg";"Lung";"75-89";"Male";"2017";"423.60"
"Mortality";"Fribourg";"Lung";"75-89";"Male";"2018";"365.54"
"Mortality";"Fribourg";"Lung";"90-95+";"Female";"2006";"0.00"
"Mortality";"Fribourg";"Lung";"90-95+";"Female";"2007";"0.00"
"Mortality";"Fribourg";"Lung";"90-95+";"Female";"2008";"0.00"
"Mortality";"Fribourg";"Lung";"90-95+";"Female";"2009";"0.00"
"Mortality";"Fribourg";"Lung";"90-95+";"Female";"2010";"167.29"
"Mortality";"Fribourg";"Lung";"90-95+";"Female";"2011";"83.40"
"Mortality";"Fribourg";"Lung";"90-95+";"Female";"2012";"166.25"
"Mortality";"Fribourg";"Lung";"90-95+";"Female";"2013";"0.00"
"Mortality";"Fribourg";"Lung";"90-95+";"Female";"2014";"0.00"
"Mortality";"Fribourg";"Lung";"90-95+";"Female";"2015";"0.00"
"Mortality";"Fribourg";"Lung";"90-95+";"Female";"2016";"69.47"
"Mortality";"Fribourg";"Lung";"90-95+";"Female";"2017";"66.58"
"Mortality";"Fribourg";"Lung";"90-95+";"Female";"2018";"130.38"
"Incidence";"Fribourg";"Lung";"90-95+";"Male";"2006";"0.00"
"Incidence";"Fribourg";"Lung";"90-95+";"Male";"2007";"257.40"
"Incidence";"Fribourg";"Lung";"90-95+";"Male";"2008";"256.08"
"Incidence";"Fribourg";"Lung";"90-95+";"Male";"2009";"0.00"
"Incidence";"Fribourg";"Lung";"90-95+";"Male";"2010";"232.83"
"Incidence";"Fribourg";"Lung";"90-95+";"Male";"2011";"230.15"
"Incidence";"Fribourg";"Lung";"90-95+";"Male";"2012";"0.00"
"Incidence";"Fribourg";"Lung";"90-95+";"Male";"2013";"0.00"
"Incidence";"Fribourg";"Lung";"90-95+";"Male";"2014";"0.00"
"Incidence";"Fribourg";"Lung";"90-95+";"Male";"2015";"0.00"
"Incidence";"Fribourg";"Lung";"90-95+";"Male";"2016";"373.83"
"Incidence";"Fribourg";"Lung";"90-95+";"Male";"2017";"347.22"
"Incidence";"Fribourg";"Lung";"90-95+";"Male";"2018";"163.00"
"Incidence";"Fribourg";"Lung";"90-95+";"Male";"2019";"157.48"
"Mortality";"Fribourg";"Lung";"90-95+";"Male";"2006";"260.08"
"Mortality";"Fribourg";"Lung";"90-95+";"Male";"2007";"257.40"
"Mortality";"Fribourg";"Lung";"90-95+";"Male";"2008";"768.25"
"Mortality";"Fribourg";"Lung";"90-95+";"Male";"2009";"0.00"
"Mortality";"Fribourg";"Lung";"90-95+";"Male";"2010";"465.66"
"Mortality";"Fribourg";"Lung";"90-95+";"Male";"2011";"0.00"
"Mortality";"Fribourg";"Lung";"90-95+";"Male";"2012";"0.00"
"Mortality";"Fribourg";"Lung";"90-95+";"Male";"2013";"0.00"
"Mortality";"Fribourg";"Lung";"90-95+";"Male";"2014";"201.82"
"Mortality";"Fribourg";"Lung";"90-95+";"Male";"2015";"0.00"
"Mortality";"Fribourg";"Lung";"90-95+";"Male";"2016";"186.92"
"Mortality";"Fribourg";"Lung";"90-95+";"Male";"2017";"520.83"
"Mortality";"Fribourg";"Lung";"90-95+";"Male";"2018";"326.00"
"Incidence";"Fribourg";"Lung";"90-95+";"Female";"2006";"0.00"
"Incidence";"Fribourg";"Lung";"90-95+";"Female";"2007";"90.62"
"Incidence";"Fribourg";"Lung";"90-95+";"Female";"2008";"0.00"
"Incidence";"Fribourg";"Lung";"90-95+";"Female";"2009";"0.00"
"Incidence";"Fribourg";"Lung";"90-95+";"Female";"2010";"83.65"
"Incidence";"Fribourg";"Lung";"90-95+";"Female";"2011";"0.00"
"Incidence";"Fribourg";"Lung";"90-95+";"Female";"2012";"0.00"
"Incidence";"Fribourg";"Lung";"90-95+";"Female";"2013";"0.00"
"Incidence";"Fribourg";"Lung";"90-95+";"Female";"2014";"0.00"
"Incidence";"Fribourg";"Lung";"90-95+";"Female";"2015";"0.00"
"Incidence";"Fribourg";"Lung";"90-95+";"Female";"2016";"69.47"
"Incidence";"Fribourg";"Lung";"90-95+";"Female";"2017";"0.00"
"Incidence";"Fribourg";"Lung";"90-95+";"Female";"2018";"130.38"
"Incidence";"Fribourg";"Lung";"90-95+";"Female";"2019";"63.98"
"Incidence";"Central Switzerland";"Lung";"0-14";"Female";"2010";"0.00"
"Incidence";"Central Switzerland";"Lung";"0-14";"Female";"2011";"0.00"
"Incidence";"Central Switzerland";"Lung";"0-14";"Female";"2012";"0.00"
"Incidence";"Central Switzerland";"Lung";"0-14";"Female";"2013";"0.00"
"Incidence";"Central Switzerland";"Lung";"0-14";"Female";"2014";"0.00"
"Incidence";"Central Switzerland";"Lung";"0-14";"Female";"2015";"0.00"
"Incidence";"Central Switzerland";"Lung";"0-14";"Female";"2016";"0.00"
"Incidence";"Central Switzerland";"Lung";"0-14";"Female";"2017";"0.00"
"Incidence";"Central Switzerland";"Lung";"0-14";"Female";"2018";"0.00"
"Incidence";"Central Switzerland";"Lung";"0-14";"Female";"2019";"0.00"
"Incidence";"Central Switzerland";"Lung";"0-14";"Male";"2010";"0.00"
"Incidence";"Central Switzerland";"Lung";"0-14";"Male";"2011";"0.00"
"Incidence";"Central Switzerland";"Lung";"0-14";"Male";"2012";"0.00"
"Incidence";"Central Switzerland";"Lung";"0-14";"Male";"2013";"0.00"
"Incidence";"Central Switzerland";"Lung";"0-14";"Male";"2014";"0.00"
"Incidence";"Central Switzerland";"Lung";"0-14";"Male";"2015";"0.00"
"Incidence";"Central Switzerland";"Lung";"0-14";"Male";"2016";"0.00"
"Incidence";"Central Switzerland";"Lung";"0-14";"Male";"2017";"0.00"
"Incidence";"Central Switzerland";"Lung";"0-14";"Male";"2018";"0.00"
"Incidence";"Central Switzerland";"Lung";"0-14";"Male";"2019";"0.00"
"Incidence";"Central Switzerland";"Lung";"15-29";"Female";"2010";"0.00"
"Incidence";"Central Switzerland";"Lung";"15-29";"Female";"2011";"0.00"
"Incidence";"Central Switzerland";"Lung";"15-29";"Female";"2012";"0.00"
"Incidence";"Central Switzerland";"Lung";"15-29";"Female";"2013";"0.00"
"Incidence";"Central Switzerland";"Lung";"15-29";"Female";"2014";"0.00"
"Incidence";"Central Switzerland";"Lung";"15-29";"Female";"2015";"0.00"
"Incidence";"Central Switzerland";"Lung";"15-29";"Female";"2016";"0.00"
"Incidence";"Central Switzerland";"Lung";"15-29";"Female";"2017";"0.00"
"Incidence";"Central Switzerland";"Lung";"15-29";"Female";"2018";"0.00"
"Incidence";"Central Switzerland";"Lung";"15-29";"Female";"2019";"0.00"
"Incidence";"Central Switzerland";"Lung";"15-29";"Male";"2010";"0.00"
"Incidence";"Central Switzerland";"Lung";"15-29";"Male";"2011";"0.00"
"Incidence";"Central Switzerland";"Lung";"15-29";"Male";"2012";"0.00"
"Incidence";"Central Switzerland";"Lung";"15-29";"Male";"2013";"0.00"
"Incidence";"Central Switzerland";"Lung";"15-29";"Male";"2014";"0.00"
"Incidence";"Central Switzerland";"Lung";"15-29";"Male";"2015";"0.00"
"Incidence";"Central Switzerland";"Lung";"15-29";"Male";"2016";"0.00"
"Incidence";"Central Switzerland";"Lung";"15-29";"Male";"2017";"0.00"
"Incidence";"Central Switzerland";"Lung";"15-29";"Male";"2018";"2.04"
"Incidence";"Central Switzerland";"Lung";"15-29";"Male";"2019";"0.00"
"Incidence";"Central Switzerland";"Lung";"30-44";"Male";"2010";"2.49"
"Incidence";"Central Switzerland";"Lung";"30-44";"Male";"2011";"3.83"
"Incidence";"Central Switzerland";"Lung";"30-44";"Male";"2012";"3.84"
"Incidence";"Central Switzerland";"Lung";"30-44";"Male";"2013";"1.92"
"Incidence";"Central Switzerland";"Lung";"30-44";"Male";"2014";"1.91"
"Incidence";"Central Switzerland";"Lung";"30-44";"Male";"2015";"1.89"
"Incidence";"Central Switzerland";"Lung";"30-44";"Male";"2016";"3.75"
"Incidence";"Central Switzerland";"Lung";"30-44";"Male";"2017";"5.59"
"Incidence";"Central Switzerland";"Lung";"30-44";"Male";"2018";"0.00"
"Incidence";"Central Switzerland";"Lung";"30-44";"Male";"2019";"3.65"
"Incidence";"Central Switzerland";"Lung";"30-44";"Female";"2010";"0.00"
"Incidence";"Central Switzerland";"Lung";"30-44";"Female";"2011";"0.00"
"Incidence";"Central Switzerland";"Lung";"30-44";"Female";"2012";"1.94"
"Incidence";"Central Switzerland";"Lung";"30-44";"Female";"2013";"5.82"
"Incidence";"Central Switzerland";"Lung";"30-44";"Female";"2014";"3.89"
"Incidence";"Central Switzerland";"Lung";"30-44";"Female";"2015";"3.89"
"Incidence";"Central Switzerland";"Lung";"30-44";"Female";"2016";"1.94"
"Incidence";"Central Switzerland";"Lung";"30-44";"Female";"2017";"1.93"
"Incidence";"Central Switzerland";"Lung";"30-44";"Female";"2018";"1.91"
"Incidence";"Central Switzerland";"Lung";"30-44";"Female";"2019";"0.00"
"Incidence";"Central Switzerland";"Lung";"45-59";"Male";"2010";"66.49"
"Incidence";"Central Switzerland";"Lung";"45-59";"Male";"2011";"45.49"
"Incidence";"Central Switzerland";"Lung";"45-59";"Male";"2012";"37.21"
"Incidence";"Central Switzerland";"Lung";"45-59";"Male";"2013";"43.40"
"Incidence";"Central Switzerland";"Lung";"45-59";"Male";"2014";"49.49"
"Incidence";"Central Switzerland";"Lung";"45-59";"Male";"2015";"52.25"
"Incidence";"Central Switzerland";"Lung";"45-59";"Male";"2016";"46.95"
"Incidence";"Central Switzerland";"Lung";"45-59";"Male";"2017";"26.78"
"Incidence";"Central Switzerland";"Lung";"45-59";"Male";"2018";"33.50"
"Incidence";"Central Switzerland";"Lung";"45-59";"Male";"2019";"21.88"
"Incidence";"Central Switzerland";"Lung";"45-59";"Female";"2010";"40.74"
"Incidence";"Central Switzerland";"Lung";"45-59";"Female";"2011";"32.34"
"Incidence";"Central Switzerland";"Lung";"45-59";"Female";"2012";"29.71"
"Incidence";"Central Switzerland";"Lung";"45-59";"Female";"2013";"21.80"
"Incidence";"Central Switzerland";"Lung";"45-59";"Female";"2014";"35.63"
"Incidence";"Central Switzerland";"Lung";"45-59";"Female";"2015";"29.85"
"Incidence";"Central Switzerland";"Lung";"45-59";"Female";"2016";"31.24"
"Incidence";"Central Switzerland";"Lung";"45-59";"Female";"2017";"25.83"
"Incidence";"Central Switzerland";"Lung";"45-59";"Female";"2018";"24.06"
"Incidence";"Central Switzerland";"Lung";"45-59";"Female";"2019";"39.63"
"Incidence";"Central Switzerland";"Lung";"60-74";"Female";"2010";"83.25"
"Incidence";"Central Switzerland";"Lung";"60-74";"Female";"2011";"90.94"
"Incidence";"Central Switzerland";"Lung";"60-74";"Female";"2012";"86.20"
"Incidence";"Central Switzerland";"Lung";"60-74";"Female";"2013";"95.30"
"Incidence";"Central Switzerland";"Lung";"60-74";"Female";"2014";"85.26"
"Incidence";"Central Switzerland";"Lung";"60-74";"Female";"2015";"101.77"
"Incidence";"Central Switzerland";"Lung";"60-74";"Female";"2016";"110.12"
"Incidence";"Central Switzerland";"Lung";"60-74";"Female";"2017";"130.37"
"Incidence";"Central Switzerland";"Lung";"60-74";"Female";"2018";"137.33"
"Incidence";"Central Switzerland";"Lung";"60-74";"Female";"2019";"71.86"
"Incidence";"Central Switzerland";"Lung";"60-74";"Male";"2010";"133.02"
"Incidence";"Central Switzerland";"Lung";"60-74";"Male";"2011";"211.62"
"Incidence";"Central Switzerland";"Lung";"60-74";"Male";"2012";"183.08"
"Incidence";"Central Switzerland";"Lung";"60-74";"Male";"2013";"206.43"
"Incidence";"Central Switzerland";"Lung";"60-74";"Male";"2014";"174.30"
"Incidence";"Central Switzerland";"Lung";"60-74";"Male";"2015";"177.92"
"Incidence";"Central Switzerland";"Lung";"60-74";"Male";"2016";"165.24"
"Incidence";"Central Switzerland";"Lung";"60-74";"Male";"2017";"203.30"
"Incidence";"Central Switzerland";"Lung";"60-74";"Male";"2018";"198.34"
"Incidence";"Central Switzerland";"Lung";"60-74";"Male";"2019";"162.86"
"Incidence";"Central Switzerland";"Lung";"75-89";"Female";"2010";"101.66"
"Incidence";"Central Switzerland";"Lung";"75-89";"Female";"2011";"78.16"
"Incidence";"Central Switzerland";"Lung";"75-89";"Female";"2012";"124.69"
"Incidence";"Central Switzerland";"Lung";"75-89";"Female";"2013";"108.98"
"Incidence";"Central Switzerland";"Lung";"75-89";"Female";"2014";"117.13"
"Incidence";"Central Switzerland";"Lung";"75-89";"Female";"2015";"115.72"
"Incidence";"Central Switzerland";"Lung";"75-89";"Female";"2016";"150.48"
"Incidence";"Central Switzerland";"Lung";"75-89";"Female";"2017";"156.40"
"Incidence";"Central Switzerland";"Lung";"75-89";"Female";"2018";"148.97"
"Incidence";"Central Switzerland";"Lung";"75-89";"Female";"2019";"124.60"
"Incidence";"Central Switzerland";"Lung";"75-89";"Male";"2010";"441.99"
"Incidence";"Central Switzerland";"Lung";"75-89";"Male";"2011";"306.86"
"Incidence";"Central Switzerland";"Lung";"75-89";"Male";"2012";"312.75"
"Incidence";"Central Switzerland";"Lung";"75-89";"Male";"2013";"332.25"
"Incidence";"Central Switzerland";"Lung";"75-89";"Male";"2014";"322.80"
"Incidence";"Central Switzerland";"Lung";"75-89";"Male";"2015";"236.92"
"Incidence";"Central Switzerland";"Lung";"75-89";"Male";"2016";"311.29"
"Incidence";"Central Switzerland";"Lung";"75-89";"Male";"2017";"229.70"
"Incidence";"Central Switzerland";"Lung";"75-89";"Male";"2018";"321.38"
"Incidence";"Central Switzerland";"Lung";"75-89";"Male";"2019";"370.28"
"Incidence";"Central Switzerland";"Lung";"90-95+";"Female";"2010";"57.94"
"Incidence";"Central Switzerland";"Lung";"90-95+";"Female";"2011";"0.00"
"Incidence";"Central Switzerland";"Lung";"90-95+";"Female";"2012";"81.72"
"Incidence";"Central Switzerland";"Lung";"90-95+";"Female";"2013";"78.66"
"Incidence";"Central Switzerland";"Lung";"90-95+";"Female";"2014";"37.22"
"Incidence";"Central Switzerland";"Lung";"90-95+";"Female";"2015";"35.79"
"Incidence";"Central Switzerland";"Lung";"90-95+";"Female";"2016";"69.29"
"Incidence";"Central Switzerland";"Lung";"90-95+";"Female";"2017";"67.70"
"Incidence";"Central Switzerland";"Lung";"90-95+";"Female";"2018";"32.74"
"Incidence";"Central Switzerland";"Lung";"90-95+";"Female";"2019";"62.86"
"Incidence";"Central Switzerland";"Lung";"90-95+";"Male";"2010";"0.00"
"Incidence";"Central Switzerland";"Lung";"90-95+";"Male";"2011";"299.40"
"Incidence";"Central Switzerland";"Lung";"90-95+";"Male";"2012";"389.67"
"Incidence";"Central Switzerland";"Lung";"90-95+";"Male";"2013";"466.42"
"Incidence";"Central Switzerland";"Lung";"90-95+";"Male";"2014";"362.32"
"Incidence";"Central Switzerland";"Lung";"90-95+";"Male";"2015";"266.79"
"Incidence";"Central Switzerland";"Lung";"90-95+";"Male";"2016";"0.00"
"Incidence";"Central Switzerland";"Lung";"90-95+";"Male";"2017";"79.11"
"Incidence";"Central Switzerland";"Lung";"90-95+";"Male";"2018";"229.10"
"Incidence";"Central Switzerland";"Lung";"90-95+";"Male";"2019";"73.15"
"Mortality";"Central Switzerland";"Lung";"0-14";"Male";"2011";"0.00"
"Mortality";"Central Switzerland";"Lung";"0-14";"Male";"2012";"0.00"
"Mortality";"Central Switzerland";"Lung";"0-14";"Male";"2013";"0.00"
"Mortality";"Central Switzerland";"Lung";"0-14";"Male";"2014";"0.00"
"Mortality";"Central Switzerland";"Lung";"0-14";"Male";"2015";"0.00"
"Mortality";"Central Switzerland";"Lung";"0-14";"Male";"2016";"0.00"
"Mortality";"Central Switzerland";"Lung";"0-14";"Male";"2017";"0.00"
"Mortality";"Central Switzerland";"Lung";"0-14";"Male";"2018";"0.00"
"Mortality";"Central Switzerland";"Lung";"0-14";"Female";"2011";"0.00"
"Mortality";"Central Switzerland";"Lung";"0-14";"Female";"2012";"0.00"
"Mortality";"Central Switzerland";"Lung";"0-14";"Female";"2013";"0.00"
"Mortality";"Central Switzerland";"Lung";"0-14";"Female";"2014";"0.00"
"Mortality";"Central Switzerland";"Lung";"0-14";"Female";"2015";"0.00"
"Mortality";"Central Switzerland";"Lung";"0-14";"Female";"2016";"0.00"
"Mortality";"Central Switzerland";"Lung";"0-14";"Female";"2017";"0.00"
"Mortality";"Central Switzerland";"Lung";"0-14";"Female";"2018";"0.00"
"Mortality";"Central Switzerland";"Lung";"15-29";"Female";"2011";"0.00"
"Mortality";"Central Switzerland";"Lung";"15-29";"Female";"2012";"0.00"
"Mortality";"Central Switzerland";"Lung";"15-29";"Female";"2013";"0.00"
"Mortality";"Central Switzerland";"Lung";"15-29";"Female";"2014";"0.00"
"Mortality";"Central Switzerland";"Lung";"15-29";"Female";"2015";"0.00"
"Mortality";"Central Switzerland";"Lung";"15-29";"Female";"2016";"0.00"
"Mortality";"Central Switzerland";"Lung";"15-29";"Female";"2017";"0.00"
"Mortality";"Central Switzerland";"Lung";"15-29";"Female";"2018";"0.00"
"Mortality";"Central Switzerland";"Lung";"15-29";"Male";"2011";"0.00"
"Mortality";"Central Switzerland";"Lung";"15-29";"Male";"2012";"0.00"
"Mortality";"Central Switzerland";"Lung";"15-29";"Male";"2013";"0.00"
"Mortality";"Central Switzerland";"Lung";"15-29";"Male";"2014";"0.00"
"Mortality";"Central Switzerland";"Lung";"15-29";"Male";"2015";"0.00"
"Mortality";"Central Switzerland";"Lung";"15-29";"Male";"2016";"0.00"
"Mortality";"Central Switzerland";"Lung";"15-29";"Male";"2017";"0.00"
"Mortality";"Central Switzerland";"Lung";"15-29";"Male";"2018";"0.00"
"Mortality";"Central Switzerland";"Lung";"30-44";"Male";"2011";"0.00"
"Mortality";"Central Switzerland";"Lung";"30-44";"Male";"2012";"3.84"
"Mortality";"Central Switzerland";"Lung";"30-44";"Male";"2013";"1.92"
"Mortality";"Central Switzerland";"Lung";"30-44";"Male";"2014";"1.91"
"Mortality";"Central Switzerland";"Lung";"30-44";"Male";"2015";"0.00"
"Mortality";"Central Switzerland";"Lung";"30-44";"Male";"2016";"0.00"
"Mortality";"Central Switzerland";"Lung";"30-44";"Male";"2017";"1.86"
"Mortality";"Central Switzerland";"Lung";"30-44";"Male";"2018";"1.85"
"Mortality";"Central Switzerland";"Lung";"30-44";"Female";"2011";"0.00"
"Mortality";"Central Switzerland";"Lung";"30-44";"Female";"2012";"1.94"
"Mortality";"Central Switzerland";"Lung";"30-44";"Female";"2013";"3.88"
"Mortality";"Central Switzerland";"Lung";"30-44";"Female";"2014";"3.89"
"Mortality";"Central Switzerland";"Lung";"30-44";"Female";"2015";"0.00"
"Mortality";"Central Switzerland";"Lung";"30-44";"Female";"2016";"3.88"
"Mortality";"Central Switzerland";"Lung";"30-44";"Female";"2017";"1.93"
"Mortality";"Central Switzerland";"Lung";"30-44";"Female";"2018";"0.00"
"Mortality";"Central Switzerland";"Lung";"45-59";"Male";"2011";"36.39"
"Mortality";"Central Switzerland";"Lung";"45-59";"Male";"2012";"21.26"
"Mortality";"Central Switzerland";"Lung";"45-59";"Male";"2013";"31.25"
"Mortality";"Central Switzerland";"Lung";"45-59";"Male";"2014";"34.13"
"Mortality";"Central Switzerland";"Lung";"45-59";"Male";"2015";"37.08"
"Mortality";"Central Switzerland";"Lung";"45-59";"Male";"2016";"25.15"
"Mortality";"Central Switzerland";"Lung";"45-59";"Male";"2017";"28.45"
"Mortality";"Central Switzerland";"Lung";"45-59";"Male";"2018";"15.07"
"Mortality";"Central Switzerland";"Lung";"45-59";"Female";"2011";"19.02"
"Mortality";"Central Switzerland";"Lung";"45-59";"Female";"2012";"14.86"
"Mortality";"Central Switzerland";"Lung";"45-59";"Female";"2013";"16.35"
"Mortality";"Central Switzerland";"Lung";"45-59";"Female";"2014";"14.25"
"Mortality";"Central Switzerland";"Lung";"45-59";"Female";"2015";"15.80"
"Mortality";"Central Switzerland";"Lung";"45-59";"Female";"2016";"12.15"
"Mortality";"Central Switzerland";"Lung";"45-59";"Female";"2017";"15.50"
"Mortality";"Central Switzerland";"Lung";"45-59";"Female";"2018";"10.31"
"Mortality";"Central Switzerland";"Lung";"60-74";"Female";"2011";"42.63"
"Mortality";"Central Switzerland";"Lung";"60-74";"Female";"2012";"75.08"
"Mortality";"Central Switzerland";"Lung";"60-74";"Female";"2013";"68.07"
"Mortality";"Central Switzerland";"Lung";"60-74";"Female";"2014";"63.95"
"Mortality";"Central Switzerland";"Lung";"60-74";"Female";"2015";"65.24"
"Mortality";"Central Switzerland";"Lung";"60-74";"Female";"2016";"40.98"
"Mortality";"Central Switzerland";"Lung";"60-74";"Female";"2017";"72.70"
"Mortality";"Central Switzerland";"Lung";"60-74";"Female";"2018";"73.57"
"Mortality";"Central Switzerland";"Lung";"60-74";"Male";"2011";"141.08"
"Mortality";"Central Switzerland";"Lung";"60-74";"Male";"2012";"151.62"
"Mortality";"Central Switzerland";"Lung";"60-74";"Male";"2013";"128.32"
"Mortality";"Central Switzerland";"Lung";"60-74";"Male";"2014";"147.06"
"Mortality";"Central Switzerland";"Lung";"60-74";"Male";"2015";"127.47"
"Mortality";"Central Switzerland";"Lung";"60-74";"Male";"2016";"92.95"
"Mortality";"Central Switzerland";"Lung";"60-74";"Male";"2017";"125.49"
"Mortality";"Central Switzerland";"Lung";"60-74";"Male";"2018";"122.43"
"Mortality";"Central Switzerland";"Lung";"75-89";"Female";"2011";"48.85"
"Mortality";"Central Switzerland";"Lung";"75-89";"Female";"2012";"71.94"
"Mortality";"Central Switzerland";"Lung";"75-89";"Female";"2013";"99.50"
"Mortality";"Central Switzerland";"Lung";"75-89";"Female";"2014";"79.65"
"Mortality";"Central Switzerland";"Lung";"75-89";"Female";"2015";"101.83"
"Mortality";"Central Switzerland";"Lung";"75-89";"Female";"2016";"104.88"
"Mortality";"Central Switzerland";"Lung";"75-89";"Female";"2017";"93.84"
"Mortality";"Central Switzerland";"Lung";"75-89";"Female";"2018";"105.15"
"Mortality";"Central Switzerland";"Lung";"75-89";"Male";"2011";"285.45"
"Mortality";"Central Switzerland";"Lung";"75-89";"Male";"2012";"326.65"
"Mortality";"Central Switzerland";"Lung";"75-89";"Male";"2013";"257.66"
"Mortality";"Central Switzerland";"Lung";"75-89";"Male";"2014";"289.86"
"Mortality";"Central Switzerland";"Lung";"75-89";"Male";"2015";"230.52"
"Mortality";"Central Switzerland";"Lung";"75-89";"Male";"2016";"224.13"
"Mortality";"Central Switzerland";"Lung";"75-89";"Male";"2017";"253.88"
"Mortality";"Central Switzerland";"Lung";"75-89";"Male";"2018";"245.42"
"Mortality";"Central Switzerland";"Lung";"90-95+";"Male";"2011";"0.00"
"Mortality";"Central Switzerland";"Lung";"90-95+";"Male";"2012";"681.93"
"Mortality";"Central Switzerland";"Lung";"90-95+";"Male";"2013";"466.42"
"Mortality";"Central Switzerland";"Lung";"90-95+";"Male";"2014";"181.16"
"Mortality";"Central Switzerland";"Lung";"90-95+";"Male";"2015";"177.86"
"Mortality";"Central Switzerland";"Lung";"90-95+";"Male";"2016";"253.38"
"Mortality";"Central Switzerland";"Lung";"90-95+";"Male";"2017";"158.23"
"Mortality";"Central Switzerland";"Lung";"90-95+";"Male";"2018";"229.10"
"Mortality";"Central Switzerland";"Lung";"90-95+";"Female";"2011";"0.00"
"Mortality";"Central Switzerland";"Lung";"90-95+";"Female";"2012";"122.57"
"Mortality";"Central Switzerland";"Lung";"90-95+";"Female";"2013";"78.66"
"Mortality";"Central Switzerland";"Lung";"90-95+";"Female";"2014";"37.22"
"Mortality";"Central Switzerland";"Lung";"90-95+";"Female";"2015";"35.79"
"Mortality";"Central Switzerland";"Lung";"90-95+";"Female";"2016";"0.00"
"Mortality";"Central Switzerland";"Lung";"90-95+";"Female";"2017";"67.70"
"Mortality";"Central Switzerland";"Lung";"90-95+";"Female";"2018";"32.74"
"Mortality";"East Switzerland";"Lung";"0-14";"Female";"2012";"0.00"
"Mortality";"East Switzerland";"Lung";"0-14";"Female";"2013";"0.00"
"Mortality";"East Switzerland";"Lung";"0-14";"Female";"2014";"0.00"
"Mortality";"East Switzerland";"Lung";"0-14";"Female";"2015";"0.00"
"Mortality";"East Switzerland";"Lung";"0-14";"Female";"2016";"0.00"
"Mortality";"East Switzerland";"Lung";"0-14";"Female";"2017";"0.00"
"Mortality";"East Switzerland";"Lung";"0-14";"Female";"2018";"0.00"
"Mortality";"East Switzerland";"Lung";"0-14";"Male";"2012";"0.00"
"Mortality";"East Switzerland";"Lung";"0-14";"Male";"2013";"0.00"
"Mortality";"East Switzerland";"Lung";"0-14";"Male";"2014";"0.00"
"Mortality";"East Switzerland";"Lung";"0-14";"Male";"2015";"0.00"
"Mortality";"East Switzerland";"Lung";"0-14";"Male";"2016";"0.00"
"Mortality";"East Switzerland";"Lung";"0-14";"Male";"2017";"0.00"
"Mortality";"East Switzerland";"Lung";"0-14";"Male";"2018";"0.00"
"Mortality";"East Switzerland";"Lung";"15-29";"Male";"2012";"0.00"
"Mortality";"East Switzerland";"Lung";"15-29";"Male";"2013";"1.20"
"Mortality";"East Switzerland";"Lung";"15-29";"Male";"2014";"0.00"
"Mortality";"East Switzerland";"Lung";"15-29";"Male";"2015";"0.00"
"Mortality";"East Switzerland";"Lung";"15-29";"Male";"2016";"0.00"
"Mortality";"East Switzerland";"Lung";"15-29";"Male";"2017";"0.00"
"Mortality";"East Switzerland";"Lung";"15-29";"Male";"2018";"0.00"
"Mortality";"East Switzerland";"Lung";"15-29";"Female";"2012";"0.00"
"Mortality";"East Switzerland";"Lung";"15-29";"Female";"2013";"0.00"
"Mortality";"East Switzerland";"Lung";"15-29";"Female";"2014";"0.00"
"Mortality";"East Switzerland";"Lung";"15-29";"Female";"2015";"1.29"
"Mortality";"East Switzerland";"Lung";"15-29";"Female";"2016";"0.00"
"Mortality";"East Switzerland";"Lung";"15-29";"Female";"2017";"0.00"
"Mortality";"East Switzerland";"Lung";"15-29";"Female";"2018";"0.00"
"Mortality";"East Switzerland";"Lung";"30-44";"Male";"2012";"1.21"
"Mortality";"East Switzerland";"Lung";"30-44";"Male";"2013";"1.20"
"Mortality";"East Switzerland";"Lung";"30-44";"Male";"2014";"1.19"
"Mortality";"East Switzerland";"Lung";"30-44";"Male";"2015";"2.36"
"Mortality";"East Switzerland";"Lung";"30-44";"Male";"2016";"1.17"
"Mortality";"East Switzerland";"Lung";"30-44";"Male";"2017";"0.00"
"Mortality";"East Switzerland";"Lung";"30-44";"Male";"2018";"1.14"
"Mortality";"East Switzerland";"Lung";"30-44";"Female";"2012";"0.00"
"Mortality";"East Switzerland";"Lung";"30-44";"Female";"2013";"0.00"
"Mortality";"East Switzerland";"Lung";"30-44";"Female";"2014";"0.00"
"Mortality";"East Switzerland";"Lung";"30-44";"Female";"2015";"0.00"
"Mortality";"East Switzerland";"Lung";"30-44";"Female";"2016";"2.47"
"Mortality";"East Switzerland";"Lung";"30-44";"Female";"2017";"0.00"
"Mortality";"East Switzerland";"Lung";"30-44";"Female";"2018";"0.00"
"Mortality";"East Switzerland";"Lung";"45-59";"Female";"2012";"24.60"
"Mortality";"East Switzerland";"Lung";"45-59";"Female";"2013";"19.70"
"Mortality";"East Switzerland";"Lung";"45-59";"Female";"2014";"11.84"
"Mortality";"East Switzerland";"Lung";"45-59";"Female";"2015";"13.83"
"Mortality";"East Switzerland";"Lung";"45-59";"Female";"2016";"25.36"
"Mortality";"East Switzerland";"Lung";"45-59";"Female";"2017";"25.33"
"Mortality";"East Switzerland";"Lung";"45-59";"Female";"2018";"13.75"
"Mortality";"East Switzerland";"Lung";"45-59";"Male";"2012";"30.31"
"Mortality";"East Switzerland";"Lung";"45-59";"Male";"2013";"37.20"
"Mortality";"East Switzerland";"Lung";"45-59";"Male";"2014";"33.52"
"Mortality";"East Switzerland";"Lung";"45-59";"Male";"2015";"29.05"
"Mortality";"East Switzerland";"Lung";"45-59";"Male";"2016";"23.74"
"Mortality";"East Switzerland";"Lung";"45-59";"Male";"2017";"38.19"
"Mortality";"East Switzerland";"Lung";"45-59";"Male";"2018";"25.89"
"Mortality";"East Switzerland";"Lung";"60-74";"Male";"2012";"160.18"
"Mortality";"East Switzerland";"Lung";"60-74";"Male";"2013";"150.85"
"Mortality";"East Switzerland";"Lung";"60-74";"Male";"2014";"138.73"
"Mortality";"East Switzerland";"Lung";"60-74";"Male";"2015";"152.81"
"Mortality";"East Switzerland";"Lung";"60-74";"Male";"2016";"147.55"
"Mortality";"East Switzerland";"Lung";"60-74";"Male";"2017";"148.62"
"Mortality";"East Switzerland";"Lung";"60-74";"Male";"2018";"168.01"
"Mortality";"East Switzerland";"Lung";"60-74";"Female";"2012";"77.56"
"Mortality";"East Switzerland";"Lung";"60-74";"Female";"2013";"90.56"
"Mortality";"East Switzerland";"Lung";"60-74";"Female";"2014";"98.22"
"Mortality";"East Switzerland";"Lung";"60-74";"Female";"2015";"80.35"
"Mortality";"East Switzerland";"Lung";"60-74";"Female";"2016";"95.43"
"Mortality";"East Switzerland";"Lung";"60-74";"Female";"2017";"88.74"
"Mortality";"East Switzerland";"Lung";"60-74";"Female";"2018";"85.43"
"Mortality";"East Switzerland";"Lung";"75-89";"Female";"2012";"93.55"
"Mortality";"East Switzerland";"Lung";"75-89";"Female";"2013";"95.79"
"Mortality";"East Switzerland";"Lung";"75-89";"Female";"2014";"121.29"
"Mortality";"East Switzerland";"Lung";"75-89";"Female";"2015";"93.38"
"Mortality";"East Switzerland";"Lung";"75-89";"Female";"2016";"149.76"
"Mortality";"East Switzerland";"Lung";"75-89";"Female";"2017";"127.34"
"Mortality";"East Switzerland";"Lung";"75-89";"Female";"2018";"151.83"
"Mortality";"East Switzerland";"Lung";"75-89";"Male";"2012";"316.16"
"Mortality";"East Switzerland";"Lung";"75-89";"Male";"2013";"271.97"
"Mortality";"East Switzerland";"Lung";"75-89";"Male";"2014";"246.66"
"Mortality";"East Switzerland";"Lung";"75-89";"Male";"2015";"276.33"
"Mortality";"East Switzerland";"Lung";"75-89";"Male";"2016";"290.91"
"Mortality";"East Switzerland";"Lung";"75-89";"Male";"2017";"210.45"
"Mortality";"East Switzerland";"Lung";"75-89";"Male";"2018";"288.74"
"Mortality";"East Switzerland";"Lung";"90-95+";"Female";"2012";"72.89"
"Mortality";"East Switzerland";"Lung";"90-95+";"Female";"2013";"46.72"
"Mortality";"East Switzerland";"Lung";"90-95+";"Female";"2014";"89.04"
"Mortality";"East Switzerland";"Lung";"90-95+";"Female";"2015";"21.24"
"Mortality";"East Switzerland";"Lung";"90-95+";"Female";"2016";"183.47"
"Mortality";"East Switzerland";"Lung";"90-95+";"Female";"2017";"19.82"
"Mortality";"East Switzerland";"Lung";"90-95+";"Female";"2018";"116.61"
"Mortality";"East Switzerland";"Lung";"90-95+";"Male";"2012";"127.47"
"Mortality";"East Switzerland";"Lung";"90-95+";"Male";"2013";"244.87"
"Mortality";"East Switzerland";"Lung";"90-95+";"Male";"2014";"176.00"
"Mortality";"East Switzerland";"Lung";"90-95+";"Male";"2015";"113.09"
"Mortality";"East Switzerland";"Lung";"90-95+";"Male";"2016";"491.00"
"Mortality";"East Switzerland";"Lung";"90-95+";"Male";"2017";"426.55"
"Mortality";"East Switzerland";"Lung";"90-95+";"Male";"2018";"205.39"
"Mortality";"Aargau";"Lung";"0-14";"Male";"2013";"0.00"
"Mortality";"Aargau";"Lung";"0-14";"Male";"2014";"0.00"
"Mortality";"Aargau";"Lung";"0-14";"Male";"2015";"0.00"
"Mortality";"Aargau";"Lung";"0-14";"Male";"2016";"0.00"
"Mortality";"Aargau";"Lung";"0-14";"Male";"2017";"0.00"
"Mortality";"Aargau";"Lung";"0-14";"Male";"2018";"0.00"
"Incidence";"Aargau";"Lung";"0-14";"Male";"2013";"0.00"
"Incidence";"Aargau";"Lung";"0-14";"Male";"2014";"0.00"
"Incidence";"Aargau";"Lung";"0-14";"Male";"2015";"0.00"
"Incidence";"Aargau";"Lung";"0-14";"Male";"2016";"0.00"
"Incidence";"Aargau";"Lung";"0-14";"Male";"2017";"0.00"
"Incidence";"Aargau";"Lung";"0-14";"Male";"2018";"0.00"
"Incidence";"Aargau";"Lung";"0-14";"Male";"2019";"0.00"
"Incidence";"Aargau";"Lung";"0-14";"Female";"2013";"0.00"
"Incidence";"Aargau";"Lung";"0-14";"Female";"2014";"0.00"
"Incidence";"Aargau";"Lung";"0-14";"Female";"2015";"0.00"
"Incidence";"Aargau";"Lung";"0-14";"Female";"2016";"0.00"
"Incidence";"Aargau";"Lung";"0-14";"Female";"2017";"0.00"
"Incidence";"Aargau";"Lung";"0-14";"Female";"2018";"0.00"
"Incidence";"Aargau";"Lung";"0-14";"Female";"2019";"0.00"
"Mortality";"Aargau";"Lung";"0-14";"Female";"2013";"0.00"
"Mortality";"Aargau";"Lung";"0-14";"Female";"2014";"0.00"
"Mortality";"Aargau";"Lung";"0-14";"Female";"2015";"0.00"
"Mortality";"Aargau";"Lung";"0-14";"Female";"2016";"0.00"
"Mortality";"Aargau";"Lung";"0-14";"Female";"2017";"0.00"
"Mortality";"Aargau";"Lung";"0-14";"Female";"2018";"0.00"
"Mortality";"Aargau";"Lung";"15-29";"Female";"2013";"0.00"
"Mortality";"Aargau";"Lung";"15-29";"Female";"2014";"0.00"
"Mortality";"Aargau";"Lung";"15-29";"Female";"2015";"0.00"
"Mortality";"Aargau";"Lung";"15-29";"Female";"2016";"0.00"
"Mortality";"Aargau";"Lung";"15-29";"Female";"2017";"0.00"
"Mortality";"Aargau";"Lung";"15-29";"Female";"2018";"0.00"
"Incidence";"Aargau";"Lung";"15-29";"Female";"2013";"0.00"
"Incidence";"Aargau";"Lung";"15-29";"Female";"2014";"0.00"
"Incidence";"Aargau";"Lung";"15-29";"Female";"2015";"1.77"
"Incidence";"Aargau";"Lung";"15-29";"Female";"2016";"0.00"
"Incidence";"Aargau";"Lung";"15-29";"Female";"2017";"0.00"
"Incidence";"Aargau";"Lung";"15-29";"Female";"2018";"1.79"
"Incidence";"Aargau";"Lung";"15-29";"Female";"2019";"0.00"
"Mortality";"Aargau";"Lung";"15-29";"Male";"2013";"0.00"
"Mortality";"Aargau";"Lung";"15-29";"Male";"2014";"0.00"
"Mortality";"Aargau";"Lung";"15-29";"Male";"2015";"0.00"
"Mortality";"Aargau";"Lung";"15-29";"Male";"2016";"0.00"
"Mortality";"Aargau";"Lung";"15-29";"Male";"2017";"0.00"
"Mortality";"Aargau";"Lung";"15-29";"Male";"2018";"0.00"
"Incidence";"Aargau";"Lung";"15-29";"Male";"2013";"0.00"
"Incidence";"Aargau";"Lung";"15-29";"Male";"2014";"0.00"
"Incidence";"Aargau";"Lung";"15-29";"Male";"2015";"0.00"
"Incidence";"Aargau";"Lung";"15-29";"Male";"2016";"0.00"
"Incidence";"Aargau";"Lung";"15-29";"Male";"2017";"0.00"
"Incidence";"Aargau";"Lung";"15-29";"Male";"2018";"0.00"
"Incidence";"Aargau";"Lung";"15-29";"Male";"2019";"1.69"
"Incidence";"Aargau";"Lung";"30-44";"Male";"2013";"1.48"
"Incidence";"Aargau";"Lung";"30-44";"Male";"2014";"2.93"
"Incidence";"Aargau";"Lung";"30-44";"Male";"2015";"2.89"
"Incidence";"Aargau";"Lung";"30-44";"Male";"2016";"4.28"
"Incidence";"Aargau";"Lung";"30-44";"Male";"2017";"5.64"
"Incidence";"Aargau";"Lung";"30-44";"Male";"2018";"4.18"
"Incidence";"Aargau";"Lung";"30-44";"Male";"2019";"2.75"
"Incidence";"Aargau";"Lung";"30-44";"Female";"2013";"1.51"
"Incidence";"Aargau";"Lung";"30-44";"Female";"2014";"3.01"
"Incidence";"Aargau";"Lung";"30-44";"Female";"2015";"1.49"
"Incidence";"Aargau";"Lung";"30-44";"Female";"2016";"2.96"
"Incidence";"Aargau";"Lung";"30-44";"Female";"2017";"2.93"
"Incidence";"Aargau";"Lung";"30-44";"Female";"2018";"2.89"
"Incidence";"Aargau";"Lung";"30-44";"Female";"2019";"1.43"
"Mortality";"Aargau";"Lung";"30-44";"Female";"2013";"3.02"
"Mortality";"Aargau";"Lung";"30-44";"Female";"2014";"0.00"
"Mortality";"Aargau";"Lung";"30-44";"Female";"2015";"0.00"
"Mortality";"Aargau";"Lung";"30-44";"Female";"2016";"0.00"
"Mortality";"Aargau";"Lung";"30-44";"Female";"2017";"1.47"
"Mortality";"Aargau";"Lung";"30-44";"Female";"2018";"1.45"
"Mortality";"Aargau";"Lung";"30-44";"Male";"2013";"0.00"
"Mortality";"Aargau";"Lung";"30-44";"Male";"2014";"0.00"
"Mortality";"Aargau";"Lung";"30-44";"Male";"2015";"1.45"
"Mortality";"Aargau";"Lung";"30-44";"Male";"2016";"4.28"
"Mortality";"Aargau";"Lung";"30-44";"Male";"2017";"2.82"
"Mortality";"Aargau";"Lung";"30-44";"Male";"2018";"2.79"
"Incidence";"Aargau";"Lung";"45-59";"Female";"2013";"38.62"
"Incidence";"Aargau";"Lung";"45-59";"Female";"2014";"37.91"
"Incidence";"Aargau";"Lung";"45-59";"Female";"2015";"36.07"
"Incidence";"Aargau";"Lung";"45-59";"Female";"2016";"43.63"
"Incidence";"Aargau";"Lung";"45-59";"Female";"2017";"28.92"
"Incidence";"Aargau";"Lung";"45-59";"Female";"2018";"19.69"
"Incidence";"Aargau";"Lung";"45-59";"Female";"2019";"36.74"
"Mortality";"Aargau";"Lung";"45-59";"Female";"2013";"15.17"
"Mortality";"Aargau";"Lung";"45-59";"Female";"2014";"23.02"
"Mortality";"Aargau";"Lung";"45-59";"Female";"2015";"16.03"
"Mortality";"Aargau";"Lung";"45-59";"Female";"2016";"25.12"
"Mortality";"Aargau";"Lung";"45-59";"Female";"2017";"26.29"
"Mortality";"Aargau";"Lung";"45-59";"Female";"2018";"14.44"
"Incidence";"Aargau";"Lung";"45-59";"Male";"2013";"42.62"
"Incidence";"Aargau";"Lung";"45-59";"Male";"2014";"30.06"
"Incidence";"Aargau";"Lung";"45-59";"Male";"2015";"37.39"
"Incidence";"Aargau";"Lung";"45-59";"Male";"2016";"42.15"
"Incidence";"Aargau";"Lung";"45-59";"Male";"2017";"43.17"
"Incidence";"Aargau";"Lung";"45-59";"Male";"2018";"46.88"
"Incidence";"Aargau";"Lung";"45-59";"Male";"2019";"43.03"
"Mortality";"Aargau";"Lung";"45-59";"Male";"2013";"31.97"
"Mortality";"Aargau";"Lung";"45-59";"Male";"2014";"19.61"
"Mortality";"Aargau";"Lung";"45-59";"Male";"2015";"27.08"
"Mortality";"Aargau";"Lung";"45-59";"Male";"2016";"21.71"
"Mortality";"Aargau";"Lung";"45-59";"Male";"2017";"24.13"
"Mortality";"Aargau";"Lung";"45-59";"Male";"2018";"24.07"
"Mortality";"Aargau";"Lung";"60-74";"Male";"2013";"122.02"
"Mortality";"Aargau";"Lung";"60-74";"Male";"2014";"135.56"
"Mortality";"Aargau";"Lung";"60-74";"Male";"2015";"129.76"
"Mortality";"Aargau";"Lung";"60-74";"Male";"2016";"142.14"
"Mortality";"Aargau";"Lung";"60-74";"Male";"2017";"131.12"
"Mortality";"Aargau";"Lung";"60-74";"Male";"2018";"86.90"
"Incidence";"Aargau";"Lung";"60-74";"Female";"2013";"134.52"
"Incidence";"Aargau";"Lung";"60-74";"Female";"2014";"102.38"
"Incidence";"Aargau";"Lung";"60-74";"Female";"2015";"169.24"
"Incidence";"Aargau";"Lung";"60-74";"Female";"2016";"102.70"
"Incidence";"Aargau";"Lung";"60-74";"Female";"2017";"153.06"
"Incidence";"Aargau";"Lung";"60-74";"Female";"2018";"149.59"
"Incidence";"Aargau";"Lung";"60-74";"Female";"2019";"162.80"
"Incidence";"Aargau";"Lung";"60-74";"Male";"2013";"214.07"
"Incidence";"Aargau";"Lung";"60-74";"Male";"2014";"200.21"
"Incidence";"Aargau";"Lung";"60-74";"Male";"2015";"186.52"
"Incidence";"Aargau";"Lung";"60-74";"Male";"2016";"203.33"
"Incidence";"Aargau";"Lung";"60-74";"Male";"2017";"154.26"
"Incidence";"Aargau";"Lung";"60-74";"Male";"2018";"175.69"
"Incidence";"Aargau";"Lung";"60-74";"Male";"2019";"213.07"
"Mortality";"Aargau";"Lung";"60-74";"Female";"2013";"86.18"
"Mortality";"Aargau";"Lung";"60-74";"Female";"2014";"73.71"
"Mortality";"Aargau";"Lung";"60-74";"Female";"2015";"69.69"
"Mortality";"Aargau";"Lung";"60-74";"Female";"2016";"96.88"
"Mortality";"Aargau";"Lung";"60-74";"Female";"2017";"86.92"
"Mortality";"Aargau";"Lung";"60-74";"Female";"2018";"86.80"
"Mortality";"Aargau";"Lung";"75-89";"Female";"2013";"141.14"
"Mortality";"Aargau";"Lung";"75-89";"Female";"2014";"130.35"
"Mortality";"Aargau";"Lung";"75-89";"Female";"2015";"136.10"
"Mortality";"Aargau";"Lung";"75-89";"Female";"2016";"184.78"
"Mortality";"Aargau";"Lung";"75-89";"Female";"2017";"126.49"
"Mortality";"Aargau";"Lung";"75-89";"Female";"2018";"100.35"
"Mortality";"Aargau";"Lung";"75-89";"Male";"2013";"231.28"
"Mortality";"Aargau";"Lung";"75-89";"Male";"2014";"313.49"
"Mortality";"Aargau";"Lung";"75-89";"Male";"2015";"379.75"
"Mortality";"Aargau";"Lung";"75-89";"Male";"2016";"308.38"
"Mortality";"Aargau";"Lung";"75-89";"Male";"2017";"339.75"
"Mortality";"Aargau";"Lung";"75-89";"Male";"2018";"199.35"
"Incidence";"Aargau";"Lung";"75-89";"Female";"2013";"116.23"
"Incidence";"Aargau";"Lung";"75-89";"Female";"2014";"130.35"
"Incidence";"Aargau";"Lung";"75-89";"Female";"2015";"176.12"
"Incidence";"Aargau";"Lung";"75-89";"Female";"2016";"184.78"
"Incidence";"Aargau";"Lung";"75-89";"Female";"2017";"149.49"
"Incidence";"Aargau";"Lung";"75-89";"Female";"2018";"122.65"
"Incidence";"Aargau";"Lung";"75-89";"Female";"2019";"219.55"
"Incidence";"Aargau";"Lung";"75-89";"Male";"2013";"312.23"
"Incidence";"Aargau";"Lung";"75-89";"Male";"2014";"307.89"
"Incidence";"Aargau";"Lung";"75-89";"Male";"2015";"396.03"
"Incidence";"Aargau";"Lung";"75-89";"Male";"2016";"339.74"
"Incidence";"Aargau";"Lung";"75-89";"Male";"2017";"304.78"
"Incidence";"Aargau";"Lung";"75-89";"Male";"2018";"213.59"
"Incidence";"Aargau";"Lung";"75-89";"Male";"2019";"270.96"
"Incidence";"Aargau";"Lung";"90-95+";"Male";"2013";"270.51"
"Incidence";"Aargau";"Lung";"90-95+";"Male";"2014";"173.39"
"Incidence";"Aargau";"Lung";"90-95+";"Male";"2015";"166.88"
"Incidence";"Aargau";"Lung";"90-95+";"Male";"2016";"235.94"
"Incidence";"Aargau";"Lung";"90-95+";"Male";"2017";"146.68"
"Incidence";"Aargau";"Lung";"90-95+";"Male";"2018";"136.38"
"Incidence";"Aargau";"Lung";"90-95+";"Male";"2019";"255.26"
"Incidence";"Aargau";"Lung";"90-95+";"Female";"2013";"72.29"
"Incidence";"Aargau";"Lung";"90-95+";"Female";"2014";"103.36"
"Incidence";"Aargau";"Lung";"90-95+";"Female";"2015";"33.31"
"Incidence";"Aargau";"Lung";"90-95+";"Female";"2016";"96.12"
"Incidence";"Aargau";"Lung";"90-95+";"Female";"2017";"91.60"
"Incidence";"Aargau";"Lung";"90-95+";"Female";"2018";"29.08"
"Incidence";"Aargau";"Lung";"90-95+";"Female";"2019";"83.07"
"Mortality";"Aargau";"Lung";"90-95+";"Male";"2013";"541.03"
"Mortality";"Aargau";"Lung";"90-95+";"Male";"2014";"260.08"
"Mortality";"Aargau";"Lung";"90-95+";"Male";"2015";"250.31"
"Mortality";"Aargau";"Lung";"90-95+";"Male";"2016";"235.94"
"Mortality";"Aargau";"Lung";"90-95+";"Male";"2017";"220.02"
"Mortality";"Aargau";"Lung";"90-95+";"Male";"2018";"136.38"
"Mortality";"Aargau";"Lung";"90-95+";"Female";"2013";"108.44"
"Mortality";"Aargau";"Lung";"90-95+";"Female";"2014";"137.81"
"Mortality";"Aargau";"Lung";"90-95+";"Female";"2015";"66.61"
"Mortality";"Aargau";"Lung";"90-95+";"Female";"2016";"64.08"
"Mortality";"Aargau";"Lung";"90-95+";"Female";"2017";"122.14"
"Mortality";"Aargau";"Lung";"90-95+";"Female";"2018";"58.16"
"Mortality";"Bern Solothurn";"Lung";"0-14";"Female";"2014";"0.00"
"Mortality";"Bern Solothurn";"Lung";"0-14";"Female";"2015";"0.00"
"Mortality";"Bern Solothurn";"Lung";"0-14";"Female";"2016";"0.00"
"Mortality";"Bern Solothurn";"Lung";"0-14";"Female";"2017";"0.00"
"Mortality";"Bern Solothurn";"Lung";"0-14";"Female";"2018";"0.00"
"Incidence";"Bern Solothurn";"Lung";"0-14";"Male";"2014";"1.39"
"Incidence";"Bern Solothurn";"Lung";"0-14";"Male";"2015";"0.00"
"Incidence";"Bern Solothurn";"Lung";"0-14";"Male";"2016";"0.00"
"Incidence";"Bern Solothurn";"Lung";"0-14";"Male";"2017";"0.00"
"Incidence";"Bern Solothurn";"Lung";"0-14";"Male";"2018";"0.00"
"Incidence";"Bern Solothurn";"Lung";"0-14";"Male";"2019";"0.00"
"Incidence";"Bern Solothurn";"Lung";"0-14";"Female";"2014";"0.00"
"Incidence";"Bern Solothurn";"Lung";"0-14";"Female";"2015";"0.00"
"Incidence";"Bern Solothurn";"Lung";"0-14";"Female";"2016";"0.00"
"Incidence";"Bern Solothurn";"Lung";"0-14";"Female";"2017";"0.00"
"Incidence";"Bern Solothurn";"Lung";"0-14";"Female";"2018";"0.00"
"Incidence";"Bern Solothurn";"Lung";"0-14";"Female";"2019";"0.00"
"Mortality";"Bern Solothurn";"Lung";"0-14";"Male";"2014";"0.00"
"Mortality";"Bern Solothurn";"Lung";"0-14";"Male";"2015";"0.00"
"Mortality";"Bern Solothurn";"Lung";"0-14";"Male";"2016";"0.00"
"Mortality";"Bern Solothurn";"Lung";"0-14";"Male";"2017";"0.00"
"Mortality";"Bern Solothurn";"Lung";"0-14";"Male";"2018";"0.00"
"Mortality";"Bern Solothurn";"Lung";"15-29";"Male";"2014";"0.00"
"Mortality";"Bern Solothurn";"Lung";"15-29";"Male";"2015";"0.00"
"Mortality";"Bern Solothurn";"Lung";"15-29";"Male";"2016";"0.00"
"Mortality";"Bern Solothurn";"Lung";"15-29";"Male";"2017";"0.00"
"Mortality";"Bern Solothurn";"Lung";"15-29";"Male";"2018";"0.00"
"Incidence";"Bern Solothurn";"Lung";"15-29";"Female";"2014";"0.00"
"Incidence";"Bern Solothurn";"Lung";"15-29";"Female";"2015";"0.00"
"Incidence";"Bern Solothurn";"Lung";"15-29";"Female";"2016";"0.00"
"Incidence";"Bern Solothurn";"Lung";"15-29";"Female";"2017";"1.17"
"Incidence";"Bern Solothurn";"Lung";"15-29";"Female";"2018";"0.00"
"Incidence";"Bern Solothurn";"Lung";"15-29";"Female";"2019";"0.00"
"Mortality";"Bern Solothurn";"Lung";"15-29";"Female";"2014";"0.00"
"Mortality";"Bern Solothurn";"Lung";"15-29";"Female";"2015";"0.00"
"Mortality";"Bern Solothurn";"Lung";"15-29";"Female";"2016";"0.00"
"Mortality";"Bern Solothurn";"Lung";"15-29";"Female";"2017";"0.00"
"Mortality";"Bern Solothurn";"Lung";"15-29";"Female";"2018";"0.00"
"Incidence";"Bern Solothurn";"Lung";"15-29";"Male";"2014";"0.00"
"Incidence";"Bern Solothurn";"Lung";"15-29";"Male";"2015";"0.00"
"Incidence";"Bern Solothurn";"Lung";"15-29";"Male";"2016";"0.00"
"Incidence";"Bern Solothurn";"Lung";"15-29";"Male";"2017";"0.00"
"Incidence";"Bern Solothurn";"Lung";"15-29";"Male";"2018";"0.00"
"Incidence";"Bern Solothurn";"Lung";"15-29";"Male";"2019";"0.91"
"Incidence";"Bern Solothurn";"Lung";"30-44";"Female";"2014";"4.95"
"Incidence";"Bern Solothurn";"Lung";"30-44";"Female";"2015";"1.98"
"Incidence";"Bern Solothurn";"Lung";"30-44";"Female";"2016";"2.95"
"Incidence";"Bern Solothurn";"Lung";"30-44";"Female";"2017";"3.91"
"Incidence";"Bern Solothurn";"Lung";"30-44";"Female";"2018";"1.94"
"Incidence";"Bern Solothurn";"Lung";"30-44";"Female";"2019";"2.30"
"Mortality";"Bern Solothurn";"Lung";"30-44";"Female";"2014";"3.96"
"Mortality";"Bern Solothurn";"Lung";"30-44";"Female";"2015";"0.00"
"Mortality";"Bern Solothurn";"Lung";"30-44";"Female";"2016";"0.00"
"Mortality";"Bern Solothurn";"Lung";"30-44";"Female";"2017";"2.94"
"Mortality";"Bern Solothurn";"Lung";"30-44";"Female";"2018";"0.00"
"Incidence";"Bern Solothurn";"Lung";"30-44";"Male";"2014";"6.90"
"Incidence";"Bern Solothurn";"Lung";"30-44";"Male";"2015";"4.92"
"Incidence";"Bern Solothurn";"Lung";"30-44";"Male";"2016";"8.81"
"Incidence";"Bern Solothurn";"Lung";"30-44";"Male";"2017";"3.91"
"Incidence";"Bern Solothurn";"Lung";"30-44";"Male";"2018";"0.97"
"Incidence";"Bern Solothurn";"Lung";"30-44";"Male";"2019";"1.53"
"Mortality";"Bern Solothurn";"Lung";"30-44";"Male";"2014";"3.94"
"Mortality";"Bern Solothurn";"Lung";"30-44";"Male";"2015";"4.92"
"Mortality";"Bern Solothurn";"Lung";"30-44";"Male";"2016";"3.92"
"Mortality";"Bern Solothurn";"Lung";"30-44";"Male";"2017";"2.93"
"Mortality";"Bern Solothurn";"Lung";"30-44";"Male";"2018";"1.95"
"Incidence";"Bern Solothurn";"Lung";"45-59";"Male";"2014";"46.85"
"Incidence";"Bern Solothurn";"Lung";"45-59";"Male";"2015";"58.66"
"Incidence";"Bern Solothurn";"Lung";"45-59";"Male";"2016";"46.20"
"Incidence";"Bern Solothurn";"Lung";"45-59";"Male";"2017";"57.52"
"Incidence";"Bern Solothurn";"Lung";"45-59";"Male";"2018";"44.59"
"Incidence";"Bern Solothurn";"Lung";"45-59";"Male";"2019";"40.58"
"Incidence";"Bern Solothurn";"Lung";"45-59";"Female";"2014";"29.12"
"Incidence";"Bern Solothurn";"Lung";"45-59";"Female";"2015";"40.19"
"Incidence";"Bern Solothurn";"Lung";"45-59";"Female";"2016";"33.91"
"Incidence";"Bern Solothurn";"Lung";"45-59";"Female";"2017";"34.76"
"Incidence";"Bern Solothurn";"Lung";"45-59";"Female";"2018";"29.62"
"Incidence";"Bern Solothurn";"Lung";"45-59";"Female";"2019";"32.35"
"Mortality";"Bern Solothurn";"Lung";"45-59";"Male";"2014";"41.54"
"Mortality";"Bern Solothurn";"Lung";"45-59";"Male";"2015";"50.78"
"Mortality";"Bern Solothurn";"Lung";"45-59";"Male";"2016";"36.61"
"Mortality";"Bern Solothurn";"Lung";"45-59";"Male";"2017";"41.83"
"Mortality";"Bern Solothurn";"Lung";"45-59";"Male";"2018";"35.85"
"Mortality";"Bern Solothurn";"Lung";"45-59";"Female";"2014";"19.41"
"Mortality";"Bern Solothurn";"Lung";"45-59";"Female";"2015";"27.09"
"Mortality";"Bern Solothurn";"Lung";"45-59";"Female";"2016";"32.17"
"Mortality";"Bern Solothurn";"Lung";"45-59";"Female";"2017";"19.98"
"Mortality";"Bern Solothurn";"Lung";"45-59";"Female";"2018";"21.78"
"Incidence";"Bern Solothurn";"Lung";"60-74";"Male";"2014";"200.48"
"Incidence";"Bern Solothurn";"Lung";"60-74";"Male";"2015";"208.65"
"Incidence";"Bern Solothurn";"Lung";"60-74";"Male";"2016";"217.47"
"Incidence";"Bern Solothurn";"Lung";"60-74";"Male";"2017";"216.62"
"Incidence";"Bern Solothurn";"Lung";"60-74";"Male";"2018";"201.48"
"Incidence";"Bern Solothurn";"Lung";"60-74";"Male";"2019";"206.48"
"Mortality";"Bern Solothurn";"Lung";"60-74";"Male";"2014";"202.96"
"Mortality";"Bern Solothurn";"Lung";"60-74";"Male";"2015";"200.16"
"Mortality";"Bern Solothurn";"Lung";"60-74";"Male";"2016";"178.25"
"Mortality";"Bern Solothurn";"Lung";"60-74";"Male";"2017";"188.52"
"Mortality";"Bern Solothurn";"Lung";"60-74";"Male";"2018";"170.22"
"Mortality";"Bern Solothurn";"Lung";"60-74";"Female";"2014";"114.28"
"Mortality";"Bern Solothurn";"Lung";"60-74";"Female";"2015";"102.03"
"Mortality";"Bern Solothurn";"Lung";"60-74";"Female";"2016";"102.55"
"Mortality";"Bern Solothurn";"Lung";"60-74";"Female";"2017";"92.33"
"Mortality";"Bern Solothurn";"Lung";"60-74";"Female";"2018";"99.94"
"Incidence";"Bern Solothurn";"Lung";"60-74";"Female";"2014";"125.82"
"Incidence";"Bern Solothurn";"Lung";"60-74";"Female";"2015";"107.70"
"Incidence";"Bern Solothurn";"Lung";"60-74";"Female";"2016";"125.96"
"Incidence";"Bern Solothurn";"Lung";"60-74";"Female";"2017";"128.60"
"Incidence";"Bern Solothurn";"Lung";"60-74";"Female";"2018";"117.32"
"Incidence";"Bern Solothurn";"Lung";"60-74";"Female";"2019";"122.65"
"Incidence";"Bern Solothurn";"Lung";"75-89";"Male";"2014";"337.07"
"Incidence";"Bern Solothurn";"Lung";"75-89";"Male";"2015";"351.78"
"Incidence";"Bern Solothurn";"Lung";"75-89";"Male";"2016";"364.41"
"Incidence";"Bern Solothurn";"Lung";"75-89";"Male";"2017";"362.45"
"Incidence";"Bern Solothurn";"Lung";"75-89";"Male";"2018";"340.31"
"Incidence";"Bern Solothurn";"Lung";"75-89";"Male";"2019";"321.09"
"Mortality";"Bern Solothurn";"Lung";"75-89";"Male";"2014";"397.26"
"Mortality";"Bern Solothurn";"Lung";"75-89";"Male";"2015";"407.95"
"Mortality";"Bern Solothurn";"Lung";"75-89";"Male";"2016";"387.55"
"Mortality";"Bern Solothurn";"Lung";"75-89";"Male";"2017";"340.14"
"Mortality";"Bern Solothurn";"Lung";"75-89";"Male";"2018";"267.96"
"Mortality";"Bern Solothurn";"Lung";"75-89";"Female";"2014";"107.87"
"Mortality";"Bern Solothurn";"Lung";"75-89";"Female";"2015";"139.41"
"Mortality";"Bern Solothurn";"Lung";"75-89";"Female";"2016";"128.61"
"Mortality";"Bern Solothurn";"Lung";"75-89";"Female";"2017";"150.40"
"Mortality";"Bern Solothurn";"Lung";"75-89";"Female";"2018";"120.94"
"Incidence";"Bern Solothurn";"Lung";"75-89";"Female";"2014";"97.88"
"Incidence";"Bern Solothurn";"Lung";"75-89";"Female";"2015";"127.46"
"Incidence";"Bern Solothurn";"Lung";"75-89";"Female";"2016";"130.58"
"Incidence";"Bern Solothurn";"Lung";"75-89";"Female";"2017";"126.96"
"Incidence";"Bern Solothurn";"Lung";"75-89";"Female";"2018";"153.57"
"Incidence";"Bern Solothurn";"Lung";"75-89";"Female";"2019";"158.64"
"Incidence";"Bern Solothurn";"Lung";"90-95+";"Male";"2014";"284.50"
"Incidence";"Bern Solothurn";"Lung";"90-95+";"Male";"2015";"138.89"
"Incidence";"Bern Solothurn";"Lung";"90-95+";"Male";"2016";"338.01"
"Incidence";"Bern Solothurn";"Lung";"90-95+";"Male";"2017";"229.73"
"Incidence";"Bern Solothurn";"Lung";"90-95+";"Male";"2018";"159.01"
"Incidence";"Bern Solothurn";"Lung";"90-95+";"Male";"2019";"98.77"
"Incidence";"Bern Solothurn";"Lung";"90-95+";"Female";"2014";"41.09"
"Incidence";"Bern Solothurn";"Lung";"90-95+";"Female";"2015";"26.69"
"Incidence";"Bern Solothurn";"Lung";"90-95+";"Female";"2016";"65.39"
"Incidence";"Bern Solothurn";"Lung";"90-95+";"Female";"2017";"63.48"
"Incidence";"Bern Solothurn";"Lung";"90-95+";"Female";"2018";"49.63"
"Incidence";"Bern Solothurn";"Lung";"90-95+";"Female";"2019";"50.02"
"Mortality";"Bern Solothurn";"Lung";"90-95+";"Female";"2014";"68.49"
"Mortality";"Bern Solothurn";"Lung";"90-95+";"Female";"2015";"53.38"
"Mortality";"Bern Solothurn";"Lung";"90-95+";"Female";"2016";"104.63"
"Mortality";"Bern Solothurn";"Lung";"90-95+";"Female";"2017";"38.09"
"Mortality";"Bern Solothurn";"Lung";"90-95+";"Female";"2018";"124.08"
"Mortality";"Bern Solothurn";"Lung";"90-95+";"Male";"2014";"320.06"
"Mortality";"Bern Solothurn";"Lung";"90-95+";"Male";"2015";"208.33"
"Mortality";"Bern Solothurn";"Lung";"90-95+";"Male";"2016";"270.41"
"Mortality";"Bern Solothurn";"Lung";"90-95+";"Male";"2017";"262.55"
"Mortality";"Bern Solothurn";"Lung";"90-95+";"Male";"2018";"254.41"

Historical data: Incidence/mortality trends by age
Incidence and mortality, 13 registries, Both sexes, Lung, 0 to 95+ years, by 15 years age groups

Source: ECIS - European Cancer Information System
From https://ecis.jrc.ec.europa.eu, accessed on 28-03-2026
(c) European Union, 2026