"Indicator";"Registry";"Cancer";"Age";"Sex";"Year";"Age-specific Rate"
"Incidence";"Bas-Rhin";"Lung";"0-14";"Male";"1975";"0.00"
"Incidence";"Bas-Rhin";"Lung";"0-14";"Male";"1976";"0.00"
"Incidence";"Bas-Rhin";"Lung";"0-14";"Male";"1977";"0.00"
"Incidence";"Bas-Rhin";"Lung";"0-14";"Male";"1978";"0.00"
"Incidence";"Bas-Rhin";"Lung";"0-14";"Male";"1979";"0.00"
"Incidence";"Bas-Rhin";"Lung";"0-14";"Male";"1980";"0.00"
"Incidence";"Bas-Rhin";"Lung";"0-14";"Male";"1981";"0.00"
"Incidence";"Bas-Rhin";"Lung";"0-14";"Male";"1982";"0.00"
"Incidence";"Bas-Rhin";"Lung";"0-14";"Male";"1983";"0.00"
"Incidence";"Bas-Rhin";"Lung";"0-14";"Male";"1984";"0.00"
"Incidence";"Bas-Rhin";"Lung";"0-14";"Male";"1985";"0.00"
"Incidence";"Bas-Rhin";"Lung";"0-14";"Male";"1986";"0.00"
"Incidence";"Bas-Rhin";"Lung";"0-14";"Male";"1987";"0.00"
"Incidence";"Bas-Rhin";"Lung";"0-14";"Male";"1988";"0.00"
"Incidence";"Bas-Rhin";"Lung";"0-14";"Male";"1989";"0.00"
"Incidence";"Bas-Rhin";"Lung";"0-14";"Male";"1990";"0.00"
"Incidence";"Bas-Rhin";"Lung";"0-14";"Male";"1991";"0.00"
"Incidence";"Bas-Rhin";"Lung";"0-14";"Male";"1992";"1.02"
"Incidence";"Bas-Rhin";"Lung";"0-14";"Male";"1993";"0.00"
"Incidence";"Bas-Rhin";"Lung";"0-14";"Male";"1994";"0.00"
"Incidence";"Bas-Rhin";"Lung";"0-14";"Male";"1995";"0.00"
"Incidence";"Bas-Rhin";"Lung";"0-14";"Male";"1996";"0.00"
"Incidence";"Bas-Rhin";"Lung";"0-14";"Male";"1997";"0.00"
"Incidence";"Bas-Rhin";"Lung";"0-14";"Male";"1998";"0.00"
"Incidence";"Bas-Rhin";"Lung";"0-14";"Male";"1999";"0.00"
"Incidence";"Bas-Rhin";"Lung";"0-14";"Male";"2000";"0.00"
"Incidence";"Bas-Rhin";"Lung";"0-14";"Male";"2001";"0.00"
"Incidence";"Bas-Rhin";"Lung";"0-14";"Male";"2002";"0.00"
"Incidence";"Bas-Rhin";"Lung";"0-14";"Male";"2003";"0.00"
"Incidence";"Bas-Rhin";"Lung";"0-14";"Male";"2004";"0.00"
"Incidence";"Bas-Rhin";"Lung";"0-14";"Male";"2005";"0.00"
"Incidence";"Bas-Rhin";"Lung";"0-14";"Male";"2006";"0.00"
"Incidence";"Bas-Rhin";"Lung";"0-14";"Male";"2007";"0.00"
"Incidence";"Bas-Rhin";"Lung";"0-14";"Male";"2008";"0.00"
"Incidence";"Bas-Rhin";"Lung";"0-14";"Male";"2009";"0.00"
"Incidence";"Bas-Rhin";"Lung";"0-14";"Male";"2010";"0.00"
"Incidence";"Bas-Rhin";"Lung";"0-14";"Male";"2011";"0.00"
"Incidence";"Bas-Rhin";"Lung";"0-14";"Female";"1975";"0.00"
"Incidence";"Bas-Rhin";"Lung";"0-14";"Female";"1976";"0.00"
"Incidence";"Bas-Rhin";"Lung";"0-14";"Female";"1977";"0.00"
"Incidence";"Bas-Rhin";"Lung";"0-14";"Female";"1978";"0.00"
"Incidence";"Bas-Rhin";"Lung";"0-14";"Female";"1979";"0.00"
"Incidence";"Bas-Rhin";"Lung";"0-14";"Female";"1980";"0.00"
"Incidence";"Bas-Rhin";"Lung";"0-14";"Female";"1981";"0.00"
"Incidence";"Bas-Rhin";"Lung";"0-14";"Female";"1982";"0.00"
"Incidence";"Bas-Rhin";"Lung";"0-14";"Female";"1983";"0.00"
"Incidence";"Bas-Rhin";"Lung";"0-14";"Female";"1984";"0.00"
"Incidence";"Bas-Rhin";"Lung";"0-14";"Female";"1985";"0.00"
"Incidence";"Bas-Rhin";"Lung";"0-14";"Female";"1986";"0.00"
"Incidence";"Bas-Rhin";"Lung";"0-14";"Female";"1987";"0.00"
"Incidence";"Bas-Rhin";"Lung";"0-14";"Female";"1988";"0.00"
"Incidence";"Bas-Rhin";"Lung";"0-14";"Female";"1989";"1.09"
"Incidence";"Bas-Rhin";"Lung";"0-14";"Female";"1990";"0.00"
"Incidence";"Bas-Rhin";"Lung";"0-14";"Female";"1991";"0.00"
"Incidence";"Bas-Rhin";"Lung";"0-14";"Female";"1992";"0.00"
"Incidence";"Bas-Rhin";"Lung";"0-14";"Female";"1993";"0.00"
"Incidence";"Bas-Rhin";"Lung";"0-14";"Female";"1994";"0.00"
"Incidence";"Bas-Rhin";"Lung";"0-14";"Female";"1995";"0.00"
"Incidence";"Bas-Rhin";"Lung";"0-14";"Female";"1996";"0.00"
"Incidence";"Bas-Rhin";"Lung";"0-14";"Female";"1997";"0.00"
"Incidence";"Bas-Rhin";"Lung";"0-14";"Female";"1998";"0.00"
"Incidence";"Bas-Rhin";"Lung";"0-14";"Female";"1999";"0.00"
"Incidence";"Bas-Rhin";"Lung";"0-14";"Female";"2000";"0.00"
"Incidence";"Bas-Rhin";"Lung";"0-14";"Female";"2001";"0.00"
"Incidence";"Bas-Rhin";"Lung";"0-14";"Female";"2002";"0.00"
"Incidence";"Bas-Rhin";"Lung";"0-14";"Female";"2003";"0.00"
"Incidence";"Bas-Rhin";"Lung";"0-14";"Female";"2004";"0.00"
"Incidence";"Bas-Rhin";"Lung";"0-14";"Female";"2005";"0.00"
"Incidence";"Bas-Rhin";"Lung";"0-14";"Female";"2006";"0.00"
"Incidence";"Bas-Rhin";"Lung";"0-14";"Female";"2007";"0.00"
"Incidence";"Bas-Rhin";"Lung";"0-14";"Female";"2008";"0.00"
"Incidence";"Bas-Rhin";"Lung";"0-14";"Female";"2009";"0.00"
"Incidence";"Bas-Rhin";"Lung";"0-14";"Female";"2010";"0.00"
"Incidence";"Bas-Rhin";"Lung";"0-14";"Female";"2011";"0.00"
"Incidence";"Bas-Rhin";"Lung";"15-29";"Female";"1975";"0.00"
"Incidence";"Bas-Rhin";"Lung";"15-29";"Female";"1976";"0.89"
"Incidence";"Bas-Rhin";"Lung";"15-29";"Female";"1977";"0.00"
"Incidence";"Bas-Rhin";"Lung";"15-29";"Female";"1978";"0.00"
"Incidence";"Bas-Rhin";"Lung";"15-29";"Female";"1979";"0.00"
"Incidence";"Bas-Rhin";"Lung";"15-29";"Female";"1980";"0.00"
"Incidence";"Bas-Rhin";"Lung";"15-29";"Female";"1981";"0.00"
"Incidence";"Bas-Rhin";"Lung";"15-29";"Female";"1982";"0.00"
"Incidence";"Bas-Rhin";"Lung";"15-29";"Female";"1983";"0.00"
"Incidence";"Bas-Rhin";"Lung";"15-29";"Female";"1984";"0.00"
"Incidence";"Bas-Rhin";"Lung";"15-29";"Female";"1985";"0.00"
"Incidence";"Bas-Rhin";"Lung";"15-29";"Female";"1986";"0.00"
"Incidence";"Bas-Rhin";"Lung";"15-29";"Female";"1987";"0.00"
"Incidence";"Bas-Rhin";"Lung";"15-29";"Female";"1988";"0.83"
"Incidence";"Bas-Rhin";"Lung";"15-29";"Female";"1989";"0.84"
"Incidence";"Bas-Rhin";"Lung";"15-29";"Female";"1990";"0.00"
"Incidence";"Bas-Rhin";"Lung";"15-29";"Female";"1991";"0.00"
"Incidence";"Bas-Rhin";"Lung";"15-29";"Female";"1992";"0.00"
"Incidence";"Bas-Rhin";"Lung";"15-29";"Female";"1993";"0.87"
"Incidence";"Bas-Rhin";"Lung";"15-29";"Female";"1994";"0.00"
"Incidence";"Bas-Rhin";"Lung";"15-29";"Female";"1995";"0.00"
"Incidence";"Bas-Rhin";"Lung";"15-29";"Female";"1996";"1.77"
"Incidence";"Bas-Rhin";"Lung";"15-29";"Female";"1997";"0.00"
"Incidence";"Bas-Rhin";"Lung";"15-29";"Female";"1998";"0.00"
"Incidence";"Bas-Rhin";"Lung";"15-29";"Female";"1999";"1.79"
"Incidence";"Bas-Rhin";"Lung";"15-29";"Female";"2000";"0.00"
"Incidence";"Bas-Rhin";"Lung";"15-29";"Female";"2001";"0.00"
"Incidence";"Bas-Rhin";"Lung";"15-29";"Female";"2002";"0.00"
"Incidence";"Bas-Rhin";"Lung";"15-29";"Female";"2003";"0.00"
"Incidence";"Bas-Rhin";"Lung";"15-29";"Female";"2004";"0.00"
"Incidence";"Bas-Rhin";"Lung";"15-29";"Female";"2005";"0.00"
"Incidence";"Bas-Rhin";"Lung";"15-29";"Female";"2006";"0.00"
"Incidence";"Bas-Rhin";"Lung";"15-29";"Female";"2007";"0.00"
"Incidence";"Bas-Rhin";"Lung";"15-29";"Female";"2008";"0.89"
"Incidence";"Bas-Rhin";"Lung";"15-29";"Female";"2009";"0.00"
"Incidence";"Bas-Rhin";"Lung";"15-29";"Female";"2010";"0.90"
"Incidence";"Bas-Rhin";"Lung";"15-29";"Female";"2011";"0.91"
"Incidence";"Bas-Rhin";"Lung";"15-29";"Male";"1975";"0.00"
"Incidence";"Bas-Rhin";"Lung";"15-29";"Male";"1976";"0.00"
"Incidence";"Bas-Rhin";"Lung";"15-29";"Male";"1977";"0.00"
"Incidence";"Bas-Rhin";"Lung";"15-29";"Male";"1978";"0.00"
"Incidence";"Bas-Rhin";"Lung";"15-29";"Male";"1979";"0.00"
"Incidence";"Bas-Rhin";"Lung";"15-29";"Male";"1980";"0.00"
"Incidence";"Bas-Rhin";"Lung";"15-29";"Male";"1981";"0.82"
"Incidence";"Bas-Rhin";"Lung";"15-29";"Male";"1982";"0.82"
"Incidence";"Bas-Rhin";"Lung";"15-29";"Male";"1983";"1.63"
"Incidence";"Bas-Rhin";"Lung";"15-29";"Male";"1984";"0.00"
"Incidence";"Bas-Rhin";"Lung";"15-29";"Male";"1985";"0.00"
"Incidence";"Bas-Rhin";"Lung";"15-29";"Male";"1986";"1.64"
"Incidence";"Bas-Rhin";"Lung";"15-29";"Male";"1987";"0.82"
"Incidence";"Bas-Rhin";"Lung";"15-29";"Male";"1988";"0.00"
"Incidence";"Bas-Rhin";"Lung";"15-29";"Male";"1989";"0.83"
"Incidence";"Bas-Rhin";"Lung";"15-29";"Male";"1990";"0.84"
"Incidence";"Bas-Rhin";"Lung";"15-29";"Male";"1991";"0.00"
"Incidence";"Bas-Rhin";"Lung";"15-29";"Male";"1992";"0.00"
"Incidence";"Bas-Rhin";"Lung";"15-29";"Male";"1993";"0.00"
"Incidence";"Bas-Rhin";"Lung";"15-29";"Male";"1994";"0.87"
"Incidence";"Bas-Rhin";"Lung";"15-29";"Male";"1995";"0.88"
"Incidence";"Bas-Rhin";"Lung";"15-29";"Male";"1996";"0.00"
"Incidence";"Bas-Rhin";"Lung";"15-29";"Male";"1997";"0.00"
"Incidence";"Bas-Rhin";"Lung";"15-29";"Male";"1998";"0.00"
"Incidence";"Bas-Rhin";"Lung";"15-29";"Male";"1999";"0.00"
"Incidence";"Bas-Rhin";"Lung";"15-29";"Male";"2000";"0.91"
"Incidence";"Bas-Rhin";"Lung";"15-29";"Male";"2001";"0.92"
"Incidence";"Bas-Rhin";"Lung";"15-29";"Male";"2002";"0.00"
"Incidence";"Bas-Rhin";"Lung";"15-29";"Male";"2003";"0.00"
"Incidence";"Bas-Rhin";"Lung";"15-29";"Male";"2004";"0.93"
"Incidence";"Bas-Rhin";"Lung";"15-29";"Male";"2005";"0.00"
"Incidence";"Bas-Rhin";"Lung";"15-29";"Male";"2006";"0.00"
"Incidence";"Bas-Rhin";"Lung";"15-29";"Male";"2007";"0.00"
"Incidence";"Bas-Rhin";"Lung";"15-29";"Male";"2008";"0.00"
"Incidence";"Bas-Rhin";"Lung";"15-29";"Male";"2009";"0.00"
"Incidence";"Bas-Rhin";"Lung";"15-29";"Male";"2010";"0.00"
"Incidence";"Bas-Rhin";"Lung";"15-29";"Male";"2011";"0.00"
"Incidence";"Bas-Rhin";"Lung";"30-44";"Male";"1975";"10.64"
"Incidence";"Bas-Rhin";"Lung";"30-44";"Male";"1976";"21.36"
"Incidence";"Bas-Rhin";"Lung";"30-44";"Male";"1977";"8.21"
"Incidence";"Bas-Rhin";"Lung";"30-44";"Male";"1978";"8.06"
"Incidence";"Bas-Rhin";"Lung";"30-44";"Male";"1979";"13.55"
"Incidence";"Bas-Rhin";"Lung";"30-44";"Male";"1980";"12.13"
"Incidence";"Bas-Rhin";"Lung";"30-44";"Male";"1981";"8.60"
"Incidence";"Bas-Rhin";"Lung";"30-44";"Male";"1982";"6.32"
"Incidence";"Bas-Rhin";"Lung";"30-44";"Male";"1983";"9.32"
"Incidence";"Bas-Rhin";"Lung";"30-44";"Male";"1984";"7.10"
"Incidence";"Bas-Rhin";"Lung";"30-44";"Male";"1985";"13.87"
"Incidence";"Bas-Rhin";"Lung";"30-44";"Male";"1986";"17.43"
"Incidence";"Bas-Rhin";"Lung";"30-44";"Male";"1987";"9.52"
"Incidence";"Bas-Rhin";"Lung";"30-44";"Male";"1988";"9.35"
"Incidence";"Bas-Rhin";"Lung";"30-44";"Male";"1989";"22.87"
"Incidence";"Bas-Rhin";"Lung";"30-44";"Male";"1990";"12.46"
"Incidence";"Bas-Rhin";"Lung";"30-44";"Male";"1991";"14.79"
"Incidence";"Bas-Rhin";"Lung";"30-44";"Male";"1992";"18.89"
"Incidence";"Bas-Rhin";"Lung";"30-44";"Male";"1993";"10.19"
"Incidence";"Bas-Rhin";"Lung";"30-44";"Male";"1994";"15.98"
"Incidence";"Bas-Rhin";"Lung";"30-44";"Male";"1995";"10.86"
"Incidence";"Bas-Rhin";"Lung";"30-44";"Male";"1996";"12.46"
"Incidence";"Bas-Rhin";"Lung";"30-44";"Male";"1997";"9.93"
"Incidence";"Bas-Rhin";"Lung";"30-44";"Male";"1998";"16.50"
"Incidence";"Bas-Rhin";"Lung";"30-44";"Male";"1999";"6.57"
"Incidence";"Bas-Rhin";"Lung";"30-44";"Male";"2000";"12.29"
"Incidence";"Bas-Rhin";"Lung";"30-44";"Male";"2001";"9.00"
"Incidence";"Bas-Rhin";"Lung";"30-44";"Male";"2002";"7.35"
"Incidence";"Bas-Rhin";"Lung";"30-44";"Male";"2003";"11.42"
"Incidence";"Bas-Rhin";"Lung";"30-44";"Male";"2004";"8.99"
"Incidence";"Bas-Rhin";"Lung";"30-44";"Male";"2005";"8.24"
"Incidence";"Bas-Rhin";"Lung";"30-44";"Male";"2006";"5.01"
"Incidence";"Bas-Rhin";"Lung";"30-44";"Male";"2007";"10.16"
"Incidence";"Bas-Rhin";"Lung";"30-44";"Male";"2008";"8.59"
"Incidence";"Bas-Rhin";"Lung";"30-44";"Male";"2009";"4.36"
"Incidence";"Bas-Rhin";"Lung";"30-44";"Male";"2010";"4.41"
"Incidence";"Bas-Rhin";"Lung";"30-44";"Male";"2011";"7.14"
"Incidence";"Bas-Rhin";"Lung";"30-44";"Female";"1975";"2.62"
"Incidence";"Bas-Rhin";"Lung";"30-44";"Female";"1976";"1.31"
"Incidence";"Bas-Rhin";"Lung";"30-44";"Female";"1977";"0.00"
"Incidence";"Bas-Rhin";"Lung";"30-44";"Female";"1978";"0.00"
"Incidence";"Bas-Rhin";"Lung";"30-44";"Female";"1979";"3.73"
"Incidence";"Bas-Rhin";"Lung";"30-44";"Female";"1980";"7.28"
"Incidence";"Bas-Rhin";"Lung";"30-44";"Female";"1981";"2.36"
"Incidence";"Bas-Rhin";"Lung";"30-44";"Female";"1982";"2.30"
"Incidence";"Bas-Rhin";"Lung";"30-44";"Female";"1983";"1.13"
"Incidence";"Bas-Rhin";"Lung";"30-44";"Female";"1984";"0.00"
"Incidence";"Bas-Rhin";"Lung";"30-44";"Female";"1985";"2.12"
"Incidence";"Bas-Rhin";"Lung";"30-44";"Female";"1986";"2.06"
"Incidence";"Bas-Rhin";"Lung";"30-44";"Female";"1987";"4.01"
"Incidence";"Bas-Rhin";"Lung";"30-44";"Female";"1988";"3.91"
"Incidence";"Bas-Rhin";"Lung";"30-44";"Female";"1989";"3.80"
"Incidence";"Bas-Rhin";"Lung";"30-44";"Female";"1990";"1.84"
"Incidence";"Bas-Rhin";"Lung";"30-44";"Female";"1991";"2.69"
"Incidence";"Bas-Rhin";"Lung";"30-44";"Female";"1992";"3.52"
"Incidence";"Bas-Rhin";"Lung";"30-44";"Female";"1993";"0.87"
"Incidence";"Bas-Rhin";"Lung";"30-44";"Female";"1994";"4.28"
"Incidence";"Bas-Rhin";"Lung";"30-44";"Female";"1995";"2.55"
"Incidence";"Bas-Rhin";"Lung";"30-44";"Female";"1996";"4.21"
"Incidence";"Bas-Rhin";"Lung";"30-44";"Female";"1997";"7.54"
"Incidence";"Bas-Rhin";"Lung";"30-44";"Female";"1998";"6.67"
"Incidence";"Bas-Rhin";"Lung";"30-44";"Female";"1999";"12.45"
"Incidence";"Bas-Rhin";"Lung";"30-44";"Female";"2000";"7.45"
"Incidence";"Bas-Rhin";"Lung";"30-44";"Female";"2001";"5.78"
"Incidence";"Bas-Rhin";"Lung";"30-44";"Female";"2002";"4.94"
"Incidence";"Bas-Rhin";"Lung";"30-44";"Female";"2003";"5.76"
"Incidence";"Bas-Rhin";"Lung";"30-44";"Female";"2004";"9.91"
"Incidence";"Bas-Rhin";"Lung";"30-44";"Female";"2005";"9.98"
"Incidence";"Bas-Rhin";"Lung";"30-44";"Female";"2006";"10.08"
"Incidence";"Bas-Rhin";"Lung";"30-44";"Female";"2007";"2.55"
"Incidence";"Bas-Rhin";"Lung";"30-44";"Female";"2008";"7.75"
"Incidence";"Bas-Rhin";"Lung";"30-44";"Female";"2009";"3.50"
"Incidence";"Bas-Rhin";"Lung";"30-44";"Female";"2010";"6.19"
"Incidence";"Bas-Rhin";"Lung";"30-44";"Female";"2011";"2.67"
"Incidence";"Bas-Rhin";"Lung";"45-59";"Male";"1975";"101.24"
"Incidence";"Bas-Rhin";"Lung";"45-59";"Male";"1976";"101.74"
"Incidence";"Bas-Rhin";"Lung";"45-59";"Male";"1977";"124.20"
"Incidence";"Bas-Rhin";"Lung";"45-59";"Male";"1978";"118.67"
"Incidence";"Bas-Rhin";"Lung";"45-59";"Male";"1979";"173.29"
"Incidence";"Bas-Rhin";"Lung";"45-59";"Male";"1980";"119.38"
"Incidence";"Bas-Rhin";"Lung";"45-59";"Male";"1981";"126.76"
"Incidence";"Bas-Rhin";"Lung";"45-59";"Male";"1982";"138.86"
"Incidence";"Bas-Rhin";"Lung";"45-59";"Male";"1983";"136.80"
"Incidence";"Bas-Rhin";"Lung";"45-59";"Male";"1984";"160.43"
"Incidence";"Bas-Rhin";"Lung";"45-59";"Male";"1985";"139.32"
"Incidence";"Bas-Rhin";"Lung";"45-59";"Male";"1986";"174.40"
"Incidence";"Bas-Rhin";"Lung";"45-59";"Male";"1987";"139.38"
"Incidence";"Bas-Rhin";"Lung";"45-59";"Male";"1988";"150.95"
"Incidence";"Bas-Rhin";"Lung";"45-59";"Male";"1989";"144.81"
"Incidence";"Bas-Rhin";"Lung";"45-59";"Male";"1990";"171.30"
"Incidence";"Bas-Rhin";"Lung";"45-59";"Male";"1991";"176.09"
"Incidence";"Bas-Rhin";"Lung";"45-59";"Male";"1992";"103.92"
"Incidence";"Bas-Rhin";"Lung";"45-59";"Male";"1993";"134.19"
"Incidence";"Bas-Rhin";"Lung";"45-59";"Male";"1994";"147.87"
"Incidence";"Bas-Rhin";"Lung";"45-59";"Male";"1995";"114.95"
"Incidence";"Bas-Rhin";"Lung";"45-59";"Male";"1996";"115.07"
"Incidence";"Bas-Rhin";"Lung";"45-59";"Male";"1997";"120.01"
"Incidence";"Bas-Rhin";"Lung";"45-59";"Male";"1998";"120.29"
"Incidence";"Bas-Rhin";"Lung";"45-59";"Male";"1999";"101.00"
"Incidence";"Bas-Rhin";"Lung";"45-59";"Male";"2000";"117.85"
"Incidence";"Bas-Rhin";"Lung";"45-59";"Male";"2001";"109.32"
"Incidence";"Bas-Rhin";"Lung";"45-59";"Male";"2002";"121.42"
"Incidence";"Bas-Rhin";"Lung";"45-59";"Male";"2003";"97.45"
"Incidence";"Bas-Rhin";"Lung";"45-59";"Male";"2004";"129.73"
"Incidence";"Bas-Rhin";"Lung";"45-59";"Male";"2005";"85.44"
"Incidence";"Bas-Rhin";"Lung";"45-59";"Male";"2006";"120.99"
"Incidence";"Bas-Rhin";"Lung";"45-59";"Male";"2007";"87.23"
"Incidence";"Bas-Rhin";"Lung";"45-59";"Male";"2008";"122.64"
"Incidence";"Bas-Rhin";"Lung";"45-59";"Male";"2009";"101.80"
"Incidence";"Bas-Rhin";"Lung";"45-59";"Male";"2010";"103.33"
"Incidence";"Bas-Rhin";"Lung";"45-59";"Male";"2011";"84.66"
"Incidence";"Bas-Rhin";"Lung";"45-59";"Female";"1975";"10.18"
"Incidence";"Bas-Rhin";"Lung";"45-59";"Female";"1976";"7.05"
"Incidence";"Bas-Rhin";"Lung";"45-59";"Female";"1977";"5.42"
"Incidence";"Bas-Rhin";"Lung";"45-59";"Female";"1978";"5.24"
"Incidence";"Bas-Rhin";"Lung";"45-59";"Female";"1979";"11.50"
"Incidence";"Bas-Rhin";"Lung";"45-59";"Female";"1980";"6.36"
"Incidence";"Bas-Rhin";"Lung";"45-59";"Female";"1981";"7.70"
"Incidence";"Bas-Rhin";"Lung";"45-59";"Female";"1982";"18.20"
"Incidence";"Bas-Rhin";"Lung";"45-59";"Female";"1983";"11.81"
"Incidence";"Bas-Rhin";"Lung";"45-59";"Female";"1984";"9.22"
"Incidence";"Bas-Rhin";"Lung";"45-59";"Female";"1985";"13.25"
"Incidence";"Bas-Rhin";"Lung";"45-59";"Female";"1986";"17.33"
"Incidence";"Bas-Rhin";"Lung";"45-59";"Female";"1987";"10.68"
"Incidence";"Bas-Rhin";"Lung";"45-59";"Female";"1988";"17.40"
"Incidence";"Bas-Rhin";"Lung";"45-59";"Female";"1989";"21.54"
"Incidence";"Bas-Rhin";"Lung";"45-59";"Female";"1990";"20.43"
"Incidence";"Bas-Rhin";"Lung";"45-59";"Female";"1991";"6.83"
"Incidence";"Bas-Rhin";"Lung";"45-59";"Female";"1992";"18.88"
"Incidence";"Bas-Rhin";"Lung";"45-59";"Female";"1993";"15.83"
"Incidence";"Bas-Rhin";"Lung";"45-59";"Female";"1994";"14.15"
"Incidence";"Bas-Rhin";"Lung";"45-59";"Female";"1995";"23.76"
"Incidence";"Bas-Rhin";"Lung";"45-59";"Female";"1996";"18.19"
"Incidence";"Bas-Rhin";"Lung";"45-59";"Female";"1997";"24.73"
"Incidence";"Bas-Rhin";"Lung";"45-59";"Female";"1998";"25.19"
"Incidence";"Bas-Rhin";"Lung";"45-59";"Female";"1999";"21.11"
"Incidence";"Bas-Rhin";"Lung";"45-59";"Female";"2000";"31.11"
"Incidence";"Bas-Rhin";"Lung";"45-59";"Female";"2001";"31.12"
"Incidence";"Bas-Rhin";"Lung";"45-59";"Female";"2002";"29.22"
"Incidence";"Bas-Rhin";"Lung";"45-59";"Female";"2003";"38.18"
"Incidence";"Bas-Rhin";"Lung";"45-59";"Female";"2004";"25.63"
"Incidence";"Bas-Rhin";"Lung";"45-59";"Female";"2005";"34.99"
"Incidence";"Bas-Rhin";"Lung";"45-59";"Female";"2006";"45.89"
"Incidence";"Bas-Rhin";"Lung";"45-59";"Female";"2007";"38.04"
"Incidence";"Bas-Rhin";"Lung";"45-59";"Female";"2008";"34.07"
"Incidence";"Bas-Rhin";"Lung";"45-59";"Female";"2009";"37.26"
"Incidence";"Bas-Rhin";"Lung";"45-59";"Female";"2010";"47.56"
"Incidence";"Bas-Rhin";"Lung";"45-59";"Female";"2011";"45.63"
"Incidence";"Bas-Rhin";"Lung";"60-74";"Female";"1975";"21.51"
"Incidence";"Bas-Rhin";"Lung";"60-74";"Female";"1976";"17.38"
"Incidence";"Bas-Rhin";"Lung";"60-74";"Female";"1977";"34.53"
"Incidence";"Bas-Rhin";"Lung";"60-74";"Female";"1978";"20.54"
"Incidence";"Bas-Rhin";"Lung";"60-74";"Female";"1979";"24.68"
"Incidence";"Bas-Rhin";"Lung";"60-74";"Female";"1980";"15.94"
"Incidence";"Bas-Rhin";"Lung";"60-74";"Female";"1981";"19.27"
"Incidence";"Bas-Rhin";"Lung";"60-74";"Female";"1982";"19.23"
"Incidence";"Bas-Rhin";"Lung";"60-74";"Female";"1983";"20.98"
"Incidence";"Bas-Rhin";"Lung";"60-74";"Female";"1984";"33.10"
"Incidence";"Bas-Rhin";"Lung";"60-74";"Female";"1985";"25.97"
"Incidence";"Bas-Rhin";"Lung";"60-74";"Female";"1986";"48.06"
"Incidence";"Bas-Rhin";"Lung";"60-74";"Female";"1987";"34.02"
"Incidence";"Bas-Rhin";"Lung";"60-74";"Female";"1988";"28.64"
"Incidence";"Bas-Rhin";"Lung";"60-74";"Female";"1989";"40.03"
"Incidence";"Bas-Rhin";"Lung";"60-74";"Female";"1990";"34.39"
"Incidence";"Bas-Rhin";"Lung";"60-74";"Female";"1991";"38.05"
"Incidence";"Bas-Rhin";"Lung";"60-74";"Female";"1992";"38.16"
"Incidence";"Bas-Rhin";"Lung";"60-74";"Female";"1993";"36.80"
"Incidence";"Bas-Rhin";"Lung";"60-74";"Female";"1994";"44.46"
"Incidence";"Bas-Rhin";"Lung";"60-74";"Female";"1995";"44.17"
"Incidence";"Bas-Rhin";"Lung";"60-74";"Female";"1996";"45.92"
"Incidence";"Bas-Rhin";"Lung";"60-74";"Female";"1997";"70.75"
"Incidence";"Bas-Rhin";"Lung";"60-74";"Female";"1998";"46.35"
"Incidence";"Bas-Rhin";"Lung";"60-74";"Female";"1999";"49.26"
"Incidence";"Bas-Rhin";"Lung";"60-74";"Female";"2000";"53.80"
"Incidence";"Bas-Rhin";"Lung";"60-74";"Female";"2001";"55.45"
"Incidence";"Bas-Rhin";"Lung";"60-74";"Female";"2002";"59.68"
"Incidence";"Bas-Rhin";"Lung";"60-74";"Female";"2003";"59.55"
"Incidence";"Bas-Rhin";"Lung";"60-74";"Female";"2004";"78.51"
"Incidence";"Bas-Rhin";"Lung";"60-74";"Female";"2005";"73.19"
"Incidence";"Bas-Rhin";"Lung";"60-74";"Female";"2006";"66.00"
"Incidence";"Bas-Rhin";"Lung";"60-74";"Female";"2007";"70.84"
"Incidence";"Bas-Rhin";"Lung";"60-74";"Female";"2008";"62.16"
"Incidence";"Bas-Rhin";"Lung";"60-74";"Female";"2009";"68.90"
"Incidence";"Bas-Rhin";"Lung";"60-74";"Female";"2010";"71.28"
"Incidence";"Bas-Rhin";"Lung";"60-74";"Female";"2011";"81.22"
"Incidence";"Bas-Rhin";"Lung";"60-74";"Male";"1975";"352.85"
"Incidence";"Bas-Rhin";"Lung";"60-74";"Male";"1976";"373.91"
"Incidence";"Bas-Rhin";"Lung";"60-74";"Male";"1977";"411.54"
"Incidence";"Bas-Rhin";"Lung";"60-74";"Male";"1978";"377.15"
"Incidence";"Bas-Rhin";"Lung";"60-74";"Male";"1979";"339.15"
"Incidence";"Bas-Rhin";"Lung";"60-74";"Male";"1980";"356.47"
"Incidence";"Bas-Rhin";"Lung";"60-74";"Male";"1981";"330.35"
"Incidence";"Bas-Rhin";"Lung";"60-74";"Male";"1982";"385.47"
"Incidence";"Bas-Rhin";"Lung";"60-74";"Male";"1983";"398.94"
"Incidence";"Bas-Rhin";"Lung";"60-74";"Male";"1984";"379.32"
"Incidence";"Bas-Rhin";"Lung";"60-74";"Male";"1985";"393.05"
"Incidence";"Bas-Rhin";"Lung";"60-74";"Male";"1986";"318.21"
"Incidence";"Bas-Rhin";"Lung";"60-74";"Male";"1987";"389.08"
"Incidence";"Bas-Rhin";"Lung";"60-74";"Male";"1988";"360.88"
"Incidence";"Bas-Rhin";"Lung";"60-74";"Male";"1989";"400.37"
"Incidence";"Bas-Rhin";"Lung";"60-74";"Male";"1990";"392.28"
"Incidence";"Bas-Rhin";"Lung";"60-74";"Male";"1991";"355.85"
"Incidence";"Bas-Rhin";"Lung";"60-74";"Male";"1992";"399.92"
"Incidence";"Bas-Rhin";"Lung";"60-74";"Male";"1993";"403.38"
"Incidence";"Bas-Rhin";"Lung";"60-74";"Male";"1994";"370.32"
"Incidence";"Bas-Rhin";"Lung";"60-74";"Male";"1995";"345.98"
"Incidence";"Bas-Rhin";"Lung";"60-74";"Male";"1996";"349.46"
"Incidence";"Bas-Rhin";"Lung";"60-74";"Male";"1997";"439.95"
"Incidence";"Bas-Rhin";"Lung";"60-74";"Male";"1998";"383.58"
"Incidence";"Bas-Rhin";"Lung";"60-74";"Male";"1999";"332.52"
"Incidence";"Bas-Rhin";"Lung";"60-74";"Male";"2000";"382.53"
"Incidence";"Bas-Rhin";"Lung";"60-74";"Male";"2001";"349.10"
"Incidence";"Bas-Rhin";"Lung";"60-74";"Male";"2002";"387.42"
"Incidence";"Bas-Rhin";"Lung";"60-74";"Male";"2003";"345.21"
"Incidence";"Bas-Rhin";"Lung";"60-74";"Male";"2004";"322.34"
"Incidence";"Bas-Rhin";"Lung";"60-74";"Male";"2005";"311.88"
"Incidence";"Bas-Rhin";"Lung";"60-74";"Male";"2006";"336.29"
"Incidence";"Bas-Rhin";"Lung";"60-74";"Male";"2007";"289.12"
"Incidence";"Bas-Rhin";"Lung";"60-74";"Male";"2008";"333.66"
"Incidence";"Bas-Rhin";"Lung";"60-74";"Male";"2009";"317.72"
"Incidence";"Bas-Rhin";"Lung";"60-74";"Male";"2010";"309.15"
"Incidence";"Bas-Rhin";"Lung";"60-74";"Male";"2011";"274.59"
"Incidence";"Bas-Rhin";"Lung";"75-89";"Male";"1975";"233.39"
"Incidence";"Bas-Rhin";"Lung";"75-89";"Male";"1976";"184.28"
"Incidence";"Bas-Rhin";"Lung";"75-89";"Male";"1977";"306.95"
"Incidence";"Bas-Rhin";"Lung";"75-89";"Male";"1978";"325.65"
"Incidence";"Bas-Rhin";"Lung";"75-89";"Male";"1979";"328.65"
"Incidence";"Bas-Rhin";"Lung";"75-89";"Male";"1980";"288.79"
"Incidence";"Bas-Rhin";"Lung";"75-89";"Male";"1981";"325.47"
"Incidence";"Bas-Rhin";"Lung";"75-89";"Male";"1982";"385.84"
"Incidence";"Bas-Rhin";"Lung";"75-89";"Male";"1983";"362.00"
"Incidence";"Bas-Rhin";"Lung";"75-89";"Male";"1984";"391.85"
"Incidence";"Bas-Rhin";"Lung";"75-89";"Male";"1985";"490.53"
"Incidence";"Bas-Rhin";"Lung";"75-89";"Male";"1986";"369.12"
"Incidence";"Bas-Rhin";"Lung";"75-89";"Male";"1987";"347.04"
"Incidence";"Bas-Rhin";"Lung";"75-89";"Male";"1988";"432.76"
"Incidence";"Bas-Rhin";"Lung";"75-89";"Male";"1989";"399.49"
"Incidence";"Bas-Rhin";"Lung";"75-89";"Male";"1990";"409.44"
"Incidence";"Bas-Rhin";"Lung";"75-89";"Male";"1991";"336.62"
"Incidence";"Bas-Rhin";"Lung";"75-89";"Male";"1992";"470.07"
"Incidence";"Bas-Rhin";"Lung";"75-89";"Male";"1993";"376.39"
"Incidence";"Bas-Rhin";"Lung";"75-89";"Male";"1994";"300.49"
"Incidence";"Bas-Rhin";"Lung";"75-89";"Male";"1995";"395.11"
"Incidence";"Bas-Rhin";"Lung";"75-89";"Male";"1996";"375.77"
"Incidence";"Bas-Rhin";"Lung";"75-89";"Male";"1997";"378.66"
"Incidence";"Bas-Rhin";"Lung";"75-89";"Male";"1998";"492.60"
"Incidence";"Bas-Rhin";"Lung";"75-89";"Male";"1999";"391.41"
"Incidence";"Bas-Rhin";"Lung";"75-89";"Male";"2000";"404.02"
"Incidence";"Bas-Rhin";"Lung";"75-89";"Male";"2001";"444.07"
"Incidence";"Bas-Rhin";"Lung";"75-89";"Male";"2002";"513.06"
"Incidence";"Bas-Rhin";"Lung";"75-89";"Male";"2003";"375.70"
"Incidence";"Bas-Rhin";"Lung";"75-89";"Male";"2004";"523.70"
"Incidence";"Bas-Rhin";"Lung";"75-89";"Male";"2005";"425.25"
"Incidence";"Bas-Rhin";"Lung";"75-89";"Male";"2006";"449.90"
"Incidence";"Bas-Rhin";"Lung";"75-89";"Male";"2007";"402.54"
"Incidence";"Bas-Rhin";"Lung";"75-89";"Male";"2008";"431.38"
"Incidence";"Bas-Rhin";"Lung";"75-89";"Male";"2009";"335.38"
"Incidence";"Bas-Rhin";"Lung";"75-89";"Male";"2010";"357.29"
"Incidence";"Bas-Rhin";"Lung";"75-89";"Male";"2011";"391.46"
"Incidence";"Bas-Rhin";"Lung";"75-89";"Female";"1975";"37.64"
"Incidence";"Bas-Rhin";"Lung";"75-89";"Female";"1976";"32.14"
"Incidence";"Bas-Rhin";"Lung";"75-89";"Female";"1977";"23.08"
"Incidence";"Bas-Rhin";"Lung";"75-89";"Female";"1978";"25.91"
"Incidence";"Bas-Rhin";"Lung";"75-89";"Female";"1979";"17.86"
"Incidence";"Bas-Rhin";"Lung";"75-89";"Female";"1980";"10.33"
"Incidence";"Bas-Rhin";"Lung";"75-89";"Female";"1981";"13.32"
"Incidence";"Bas-Rhin";"Lung";"75-89";"Female";"1982";"25.95"
"Incidence";"Bas-Rhin";"Lung";"75-89";"Female";"1983";"25.34"
"Incidence";"Bas-Rhin";"Lung";"75-89";"Female";"1984";"43.18"
"Incidence";"Bas-Rhin";"Lung";"75-89";"Female";"1985";"48.20"
"Incidence";"Bas-Rhin";"Lung";"75-89";"Female";"1986";"29.58"
"Incidence";"Bas-Rhin";"Lung";"75-89";"Female";"1987";"29.08"
"Incidence";"Bas-Rhin";"Lung";"75-89";"Female";"1988";"54.36"
"Incidence";"Bas-Rhin";"Lung";"75-89";"Female";"1989";"62.09"
"Incidence";"Bas-Rhin";"Lung";"75-89";"Female";"1990";"31.09"
"Incidence";"Bas-Rhin";"Lung";"75-89";"Female";"1991";"40.59"
"Incidence";"Bas-Rhin";"Lung";"75-89";"Female";"1992";"33.18"
"Incidence";"Bas-Rhin";"Lung";"75-89";"Female";"1993";"47.10"
"Incidence";"Bas-Rhin";"Lung";"75-89";"Female";"1994";"44.88"
"Incidence";"Bas-Rhin";"Lung";"75-89";"Female";"1995";"37.82"
"Incidence";"Bas-Rhin";"Lung";"75-89";"Female";"1996";"54.67"
"Incidence";"Bas-Rhin";"Lung";"75-89";"Female";"1997";"41.03"
"Incidence";"Bas-Rhin";"Lung";"75-89";"Female";"1998";"48.34"
"Incidence";"Bas-Rhin";"Lung";"75-89";"Female";"1999";"55.44"
"Incidence";"Bas-Rhin";"Lung";"75-89";"Female";"2000";"75.43"
"Incidence";"Bas-Rhin";"Lung";"75-89";"Female";"2001";"70.65"
"Incidence";"Bas-Rhin";"Lung";"75-89";"Female";"2002";"61.27"
"Incidence";"Bas-Rhin";"Lung";"75-89";"Female";"2003";"89.75"
"Incidence";"Bas-Rhin";"Lung";"75-89";"Female";"2004";"60.87"
"Incidence";"Bas-Rhin";"Lung";"75-89";"Female";"2005";"82.03"
"Incidence";"Bas-Rhin";"Lung";"75-89";"Female";"2006";"76.06"
"Incidence";"Bas-Rhin";"Lung";"75-89";"Female";"2007";"84.00"
"Incidence";"Bas-Rhin";"Lung";"75-89";"Female";"2008";"85.66"
"Incidence";"Bas-Rhin";"Lung";"75-89";"Female";"2009";"104.59"
"Incidence";"Bas-Rhin";"Lung";"75-89";"Female";"2010";"91.53"
"Incidence";"Bas-Rhin";"Lung";"75-89";"Female";"2011";"87.00"
"Incidence";"Bas-Rhin";"Lung";"90-95+";"Male";"1975";"292.83"
"Incidence";"Bas-Rhin";"Lung";"90-95+";"Male";"1976";"0.00"
"Incidence";"Bas-Rhin";"Lung";"90-95+";"Male";"1977";"0.00"
"Incidence";"Bas-Rhin";"Lung";"90-95+";"Male";"1978";"0.00"
"Incidence";"Bas-Rhin";"Lung";"90-95+";"Male";"1979";"0.00"
"Incidence";"Bas-Rhin";"Lung";"90-95+";"Male";"1980";"0.00"
"Incidence";"Bas-Rhin";"Lung";"90-95+";"Male";"1981";"0.00"
"Incidence";"Bas-Rhin";"Lung";"90-95+";"Male";"1982";"271.37"
"Incidence";"Bas-Rhin";"Lung";"90-95+";"Male";"1983";"275.48"
"Incidence";"Bas-Rhin";"Lung";"90-95+";"Male";"1984";"527.01"
"Incidence";"Bas-Rhin";"Lung";"90-95+";"Male";"1985";"248.76"
"Incidence";"Bas-Rhin";"Lung";"90-95+";"Male";"1986";"231.75"
"Incidence";"Bas-Rhin";"Lung";"90-95+";"Male";"1987";"430.57"
"Incidence";"Bas-Rhin";"Lung";"90-95+";"Male";"1988";"197.43"
"Incidence";"Bas-Rhin";"Lung";"90-95+";"Male";"1989";"181.00"
"Incidence";"Bas-Rhin";"Lung";"90-95+";"Male";"1990";"166.67"
"Incidence";"Bas-Rhin";"Lung";"90-95+";"Male";"1991";"303.49"
"Incidence";"Bas-Rhin";"Lung";"90-95+";"Male";"1992";"141.24"
"Incidence";"Bas-Rhin";"Lung";"90-95+";"Male";"1993";"135.32"
"Incidence";"Bas-Rhin";"Lung";"90-95+";"Male";"1994";"0.00"
"Incidence";"Bas-Rhin";"Lung";"90-95+";"Male";"1995";"120.85"
"Incidence";"Bas-Rhin";"Lung";"90-95+";"Male";"1996";"339.94"
"Incidence";"Bas-Rhin";"Lung";"90-95+";"Male";"1997";"106.55"
"Incidence";"Bas-Rhin";"Lung";"90-95+";"Male";"1998";"405.68"
"Incidence";"Bas-Rhin";"Lung";"90-95+";"Male";"1999";"193.89"
"Incidence";"Bas-Rhin";"Lung";"90-95+";"Male";"2000";"282.22"
"Incidence";"Bas-Rhin";"Lung";"90-95+";"Male";"2001";"92.38"
"Incidence";"Bas-Rhin";"Lung";"90-95+";"Male";"2002";"272.11"
"Incidence";"Bas-Rhin";"Lung";"90-95+";"Male";"2003";"264.90"
"Incidence";"Bas-Rhin";"Lung";"90-95+";"Male";"2004";"506.12"
"Incidence";"Bas-Rhin";"Lung";"90-95+";"Male";"2005";"327.33"
"Incidence";"Bas-Rhin";"Lung";"90-95+";"Male";"2006";"238.85"
"Incidence";"Bas-Rhin";"Lung";"90-95+";"Male";"2007";"344.09"
"Incidence";"Bas-Rhin";"Lung";"90-95+";"Male";"2008";"385.54"
"Incidence";"Bas-Rhin";"Lung";"90-95+";"Male";"2009";"92.46"
"Incidence";"Bas-Rhin";"Lung";"90-95+";"Male";"2010";"399.52"
"Incidence";"Bas-Rhin";"Lung";"90-95+";"Male";"2011";"448.86"
"Incidence";"Bas-Rhin";"Lung";"90-95+";"Female";"1975";"0.00"
"Incidence";"Bas-Rhin";"Lung";"90-95+";"Female";"1976";"0.00"
"Incidence";"Bas-Rhin";"Lung";"90-95+";"Female";"1977";"0.00"
"Incidence";"Bas-Rhin";"Lung";"90-95+";"Female";"1978";"110.86"
"Incidence";"Bas-Rhin";"Lung";"90-95+";"Female";"1979";"0.00"
"Incidence";"Bas-Rhin";"Lung";"90-95+";"Female";"1980";"96.71"
"Incidence";"Bas-Rhin";"Lung";"90-95+";"Female";"1981";"0.00"
"Incidence";"Bas-Rhin";"Lung";"90-95+";"Female";"1982";"0.00"
"Incidence";"Bas-Rhin";"Lung";"90-95+";"Female";"1983";"85.65"
"Incidence";"Bas-Rhin";"Lung";"90-95+";"Female";"1984";"0.00"
"Incidence";"Bas-Rhin";"Lung";"90-95+";"Female";"1985";"0.00"
"Incidence";"Bas-Rhin";"Lung";"90-95+";"Female";"1986";"0.00"
"Incidence";"Bas-Rhin";"Lung";"90-95+";"Female";"1987";"122.10"
"Incidence";"Bas-Rhin";"Lung";"90-95+";"Female";"1988";"0.00"
"Incidence";"Bas-Rhin";"Lung";"90-95+";"Female";"1989";"0.00"
"Incidence";"Bas-Rhin";"Lung";"90-95+";"Female";"1990";"0.00"
"Incidence";"Bas-Rhin";"Lung";"90-95+";"Female";"1991";"0.00"
"Incidence";"Bas-Rhin";"Lung";"90-95+";"Female";"1992";"77.01"
"Incidence";"Bas-Rhin";"Lung";"90-95+";"Female";"1993";"0.00"
"Incidence";"Bas-Rhin";"Lung";"90-95+";"Female";"1994";"0.00"
"Incidence";"Bas-Rhin";"Lung";"90-95+";"Female";"1995";"0.00"
"Incidence";"Bas-Rhin";"Lung";"90-95+";"Female";"1996";"28.67"
"Incidence";"Bas-Rhin";"Lung";"90-95+";"Female";"1997";"27.19"
"Incidence";"Bas-Rhin";"Lung";"90-95+";"Female";"1998";"0.00"
"Incidence";"Bas-Rhin";"Lung";"90-95+";"Female";"1999";"72.97"
"Incidence";"Bas-Rhin";"Lung";"90-95+";"Female";"2000";"23.62"
"Incidence";"Bas-Rhin";"Lung";"90-95+";"Female";"2001";"46.52"
"Incidence";"Bas-Rhin";"Lung";"90-95+";"Female";"2002";"67.70"
"Incidence";"Bas-Rhin";"Lung";"90-95+";"Female";"2003";"44.39"
"Incidence";"Bas-Rhin";"Lung";"90-95+";"Female";"2004";"64.85"
"Incidence";"Bas-Rhin";"Lung";"90-95+";"Female";"2005";"103.70"
"Incidence";"Bas-Rhin";"Lung";"90-95+";"Female";"2006";"42.09"
"Incidence";"Bas-Rhin";"Lung";"90-95+";"Female";"2007";"68.63"
"Incidence";"Bas-Rhin";"Lung";"90-95+";"Female";"2008";"75.67"
"Incidence";"Bas-Rhin";"Lung";"90-95+";"Female";"2009";"51.65"
"Incidence";"Bas-Rhin";"Lung";"90-95+";"Female";"2010";"91.11"
"Incidence";"Bas-Rhin";"Lung";"90-95+";"Female";"2011";"56.55"
"Incidence";"Calvados";"Lung";"0-14";"Male";"1978";"0.00"
"Incidence";"Calvados";"Lung";"0-14";"Male";"1979";"0.00"
"Incidence";"Calvados";"Lung";"0-14";"Male";"1980";"0.00"
"Incidence";"Calvados";"Lung";"0-14";"Male";"1981";"0.00"
"Incidence";"Calvados";"Lung";"0-14";"Male";"1982";"0.00"
"Incidence";"Calvados";"Lung";"0-14";"Male";"1983";"0.00"
"Incidence";"Calvados";"Lung";"0-14";"Male";"1984";"0.00"
"Incidence";"Calvados";"Lung";"0-14";"Male";"1985";"0.00"
"Incidence";"Calvados";"Lung";"0-14";"Male";"1986";"0.00"
"Incidence";"Calvados";"Lung";"0-14";"Male";"1987";"0.00"
"Incidence";"Calvados";"Lung";"0-14";"Male";"1988";"0.00"
"Incidence";"Calvados";"Lung";"0-14";"Male";"1989";"0.00"
"Incidence";"Calvados";"Lung";"0-14";"Male";"1990";"0.00"
"Incidence";"Calvados";"Lung";"0-14";"Male";"1991";"0.00"
"Incidence";"Calvados";"Lung";"0-14";"Male";"1992";"0.00"
"Incidence";"Calvados";"Lung";"0-14";"Male";"1993";"0.00"
"Incidence";"Calvados";"Lung";"0-14";"Male";"1994";"0.00"
"Incidence";"Calvados";"Lung";"0-14";"Male";"1995";"0.00"
"Incidence";"Calvados";"Lung";"0-14";"Male";"1996";"0.00"
"Incidence";"Calvados";"Lung";"0-14";"Male";"1997";"0.00"
"Incidence";"Calvados";"Lung";"0-14";"Male";"1998";"0.00"
"Incidence";"Calvados";"Lung";"0-14";"Male";"1999";"0.00"
"Incidence";"Calvados";"Lung";"0-14";"Male";"2000";"0.00"
"Incidence";"Calvados";"Lung";"0-14";"Male";"2001";"0.00"
"Incidence";"Calvados";"Lung";"0-14";"Male";"2002";"0.00"
"Incidence";"Calvados";"Lung";"0-14";"Male";"2003";"0.00"
"Incidence";"Calvados";"Lung";"0-14";"Male";"2004";"0.00"
"Incidence";"Calvados";"Lung";"0-14";"Male";"2005";"0.00"
"Incidence";"Calvados";"Lung";"0-14";"Male";"2006";"0.00"
"Incidence";"Calvados";"Lung";"0-14";"Male";"2007";"0.00"
"Incidence";"Calvados";"Lung";"0-14";"Male";"2008";"0.00"
"Incidence";"Calvados";"Lung";"0-14";"Male";"2009";"0.00"
"Incidence";"Calvados";"Lung";"0-14";"Male";"2010";"0.00"
"Incidence";"Calvados";"Lung";"0-14";"Male";"2011";"0.00"
"Incidence";"Calvados";"Lung";"0-14";"Male";"2012";"0.00"
"Incidence";"Calvados";"Lung";"0-14";"Male";"2013";"0.00"
"Incidence";"Calvados";"Lung";"0-14";"Female";"1978";"0.00"
"Incidence";"Calvados";"Lung";"0-14";"Female";"1979";"0.00"
"Incidence";"Calvados";"Lung";"0-14";"Female";"1980";"0.00"
"Incidence";"Calvados";"Lung";"0-14";"Female";"1981";"0.00"
"Incidence";"Calvados";"Lung";"0-14";"Female";"1982";"0.00"
"Incidence";"Calvados";"Lung";"0-14";"Female";"1983";"0.00"
"Incidence";"Calvados";"Lung";"0-14";"Female";"1984";"0.00"
"Incidence";"Calvados";"Lung";"0-14";"Female";"1985";"0.00"
"Incidence";"Calvados";"Lung";"0-14";"Female";"1986";"0.00"
"Incidence";"Calvados";"Lung";"0-14";"Female";"1987";"0.00"
"Incidence";"Calvados";"Lung";"0-14";"Female";"1988";"0.00"
"Incidence";"Calvados";"Lung";"0-14";"Female";"1989";"0.00"
"Incidence";"Calvados";"Lung";"0-14";"Female";"1990";"0.00"
"Incidence";"Calvados";"Lung";"0-14";"Female";"1991";"0.00"
"Incidence";"Calvados";"Lung";"0-14";"Female";"1992";"0.00"
"Incidence";"Calvados";"Lung";"0-14";"Female";"1993";"0.00"
"Incidence";"Calvados";"Lung";"0-14";"Female";"1994";"1.56"
"Incidence";"Calvados";"Lung";"0-14";"Female";"1995";"0.00"
"Incidence";"Calvados";"Lung";"0-14";"Female";"1996";"0.00"
"Incidence";"Calvados";"Lung";"0-14";"Female";"1997";"0.00"
"Incidence";"Calvados";"Lung";"0-14";"Female";"1998";"0.00"
"Incidence";"Calvados";"Lung";"0-14";"Female";"1999";"0.00"
"Incidence";"Calvados";"Lung";"0-14";"Female";"2000";"0.00"
"Incidence";"Calvados";"Lung";"0-14";"Female";"2001";"0.00"
"Incidence";"Calvados";"Lung";"0-14";"Female";"2002";"0.00"
"Incidence";"Calvados";"Lung";"0-14";"Female";"2003";"0.00"
"Incidence";"Calvados";"Lung";"0-14";"Female";"2004";"0.00"
"Incidence";"Calvados";"Lung";"0-14";"Female";"2005";"0.00"
"Incidence";"Calvados";"Lung";"0-14";"Female";"2006";"0.00"
"Incidence";"Calvados";"Lung";"0-14";"Female";"2007";"0.00"
"Incidence";"Calvados";"Lung";"0-14";"Female";"2008";"0.00"
"Incidence";"Calvados";"Lung";"0-14";"Female";"2009";"0.00"
"Incidence";"Calvados";"Lung";"0-14";"Female";"2010";"0.00"
"Incidence";"Calvados";"Lung";"0-14";"Female";"2011";"0.00"
"Incidence";"Calvados";"Lung";"0-14";"Female";"2012";"0.00"
"Incidence";"Calvados";"Lung";"0-14";"Female";"2013";"0.00"
"Incidence";"Doubs";"Lung";"0-14";"Male";"1978";"0.00"
"Incidence";"Doubs";"Lung";"0-14";"Male";"1979";"0.00"
"Incidence";"Doubs";"Lung";"0-14";"Male";"1980";"0.00"
"Incidence";"Doubs";"Lung";"0-14";"Male";"1981";"0.00"
"Incidence";"Doubs";"Lung";"0-14";"Male";"1982";"0.00"
"Incidence";"Doubs";"Lung";"0-14";"Male";"1983";"0.00"
"Incidence";"Doubs";"Lung";"0-14";"Male";"1984";"0.00"
"Incidence";"Doubs";"Lung";"0-14";"Male";"1985";"0.00"
"Incidence";"Doubs";"Lung";"0-14";"Male";"1986";"0.00"
"Incidence";"Doubs";"Lung";"0-14";"Male";"1987";"0.00"
"Incidence";"Doubs";"Lung";"0-14";"Male";"1988";"0.00"
"Incidence";"Doubs";"Lung";"0-14";"Male";"1989";"0.00"
"Incidence";"Doubs";"Lung";"0-14";"Male";"1990";"0.00"
"Incidence";"Doubs";"Lung";"0-14";"Male";"1991";"0.00"
"Incidence";"Doubs";"Lung";"0-14";"Male";"1992";"0.00"
"Incidence";"Doubs";"Lung";"0-14";"Male";"1993";"0.00"
"Incidence";"Doubs";"Lung";"0-14";"Male";"1994";"0.00"
"Incidence";"Doubs";"Lung";"0-14";"Male";"1995";"0.00"
"Incidence";"Doubs";"Lung";"0-14";"Male";"1996";"0.00"
"Incidence";"Doubs";"Lung";"0-14";"Male";"1997";"0.00"
"Incidence";"Doubs";"Lung";"0-14";"Male";"1998";"0.00"
"Incidence";"Doubs";"Lung";"0-14";"Male";"1999";"0.00"
"Incidence";"Doubs";"Lung";"0-14";"Male";"2000";"0.00"
"Incidence";"Doubs";"Lung";"0-14";"Male";"2001";"0.00"
"Incidence";"Doubs";"Lung";"0-14";"Male";"2002";"0.00"
"Incidence";"Doubs";"Lung";"0-14";"Male";"2003";"0.00"
"Incidence";"Doubs";"Lung";"0-14";"Male";"2004";"0.00"
"Incidence";"Doubs";"Lung";"0-14";"Male";"2005";"0.00"
"Incidence";"Doubs";"Lung";"0-14";"Male";"2006";"0.00"
"Incidence";"Doubs";"Lung";"0-14";"Male";"2007";"0.00"
"Incidence";"Doubs";"Lung";"0-14";"Male";"2008";"0.00"
"Incidence";"Doubs";"Lung";"0-14";"Male";"2009";"0.00"
"Incidence";"Doubs";"Lung";"0-14";"Male";"2010";"0.00"
"Incidence";"Doubs";"Lung";"0-14";"Male";"2011";"0.00"
"Incidence";"Doubs";"Lung";"0-14";"Male";"2012";"0.00"
"Incidence";"Doubs";"Lung";"0-14";"Male";"2013";"0.00"
"Incidence";"Doubs";"Lung";"0-14";"Female";"1978";"0.00"
"Incidence";"Doubs";"Lung";"0-14";"Female";"1979";"0.00"
"Incidence";"Doubs";"Lung";"0-14";"Female";"1980";"0.00"
"Incidence";"Doubs";"Lung";"0-14";"Female";"1981";"0.00"
"Incidence";"Doubs";"Lung";"0-14";"Female";"1982";"0.00"
"Incidence";"Doubs";"Lung";"0-14";"Female";"1983";"0.00"
"Incidence";"Doubs";"Lung";"0-14";"Female";"1984";"0.00"
"Incidence";"Doubs";"Lung";"0-14";"Female";"1985";"0.00"
"Incidence";"Doubs";"Lung";"0-14";"Female";"1986";"0.00"
"Incidence";"Doubs";"Lung";"0-14";"Female";"1987";"0.00"
"Incidence";"Doubs";"Lung";"0-14";"Female";"1988";"0.00"
"Incidence";"Doubs";"Lung";"0-14";"Female";"1989";"0.00"
"Incidence";"Doubs";"Lung";"0-14";"Female";"1990";"0.00"
"Incidence";"Doubs";"Lung";"0-14";"Female";"1991";"0.00"
"Incidence";"Doubs";"Lung";"0-14";"Female";"1992";"0.00"
"Incidence";"Doubs";"Lung";"0-14";"Female";"1993";"0.00"
"Incidence";"Doubs";"Lung";"0-14";"Female";"1994";"0.00"
"Incidence";"Doubs";"Lung";"0-14";"Female";"1995";"2.03"
"Incidence";"Doubs";"Lung";"0-14";"Female";"1996";"0.00"
"Incidence";"Doubs";"Lung";"0-14";"Female";"1997";"0.00"
"Incidence";"Doubs";"Lung";"0-14";"Female";"1998";"0.00"
"Incidence";"Doubs";"Lung";"0-14";"Female";"1999";"0.00"
"Incidence";"Doubs";"Lung";"0-14";"Female";"2000";"0.00"
"Incidence";"Doubs";"Lung";"0-14";"Female";"2001";"0.00"
"Incidence";"Doubs";"Lung";"0-14";"Female";"2002";"0.00"
"Incidence";"Doubs";"Lung";"0-14";"Female";"2003";"0.00"
"Incidence";"Doubs";"Lung";"0-14";"Female";"2004";"0.00"
"Incidence";"Doubs";"Lung";"0-14";"Female";"2005";"0.00"
"Incidence";"Doubs";"Lung";"0-14";"Female";"2006";"0.00"
"Incidence";"Doubs";"Lung";"0-14";"Female";"2007";"0.00"
"Incidence";"Doubs";"Lung";"0-14";"Female";"2008";"0.00"
"Incidence";"Doubs";"Lung";"0-14";"Female";"2009";"0.00"
"Incidence";"Doubs";"Lung";"0-14";"Female";"2010";"0.00"
"Incidence";"Doubs";"Lung";"0-14";"Female";"2011";"0.00"
"Incidence";"Doubs";"Lung";"0-14";"Female";"2012";"0.00"
"Incidence";"Doubs";"Lung";"0-14";"Female";"2013";"0.00"
"Incidence";"Calvados";"Lung";"15-29";"Male";"1978";"0.00"
"Incidence";"Calvados";"Lung";"15-29";"Male";"1979";"0.00"
"Incidence";"Calvados";"Lung";"15-29";"Male";"1980";"0.00"
"Incidence";"Calvados";"Lung";"15-29";"Male";"1981";"0.00"
"Incidence";"Calvados";"Lung";"15-29";"Male";"1982";"1.32"
"Incidence";"Calvados";"Lung";"15-29";"Male";"1983";"0.00"
"Incidence";"Calvados";"Lung";"15-29";"Male";"1984";"0.00"
"Incidence";"Calvados";"Lung";"15-29";"Male";"1985";"0.00"
"Incidence";"Calvados";"Lung";"15-29";"Male";"1986";"0.00"
"Incidence";"Calvados";"Lung";"15-29";"Male";"1987";"0.00"
"Incidence";"Calvados";"Lung";"15-29";"Male";"1988";"0.00"
"Incidence";"Calvados";"Lung";"15-29";"Male";"1989";"0.00"
"Incidence";"Calvados";"Lung";"15-29";"Male";"1990";"0.00"
"Incidence";"Calvados";"Lung";"15-29";"Male";"1991";"0.00"
"Incidence";"Calvados";"Lung";"15-29";"Male";"1992";"0.00"
"Incidence";"Calvados";"Lung";"15-29";"Male";"1993";"0.00"
"Incidence";"Calvados";"Lung";"15-29";"Male";"1994";"0.00"
"Incidence";"Calvados";"Lung";"15-29";"Male";"1995";"0.00"
"Incidence";"Calvados";"Lung";"15-29";"Male";"1996";"0.00"
"Incidence";"Calvados";"Lung";"15-29";"Male";"1997";"0.00"
"Incidence";"Calvados";"Lung";"15-29";"Male";"1998";"0.00"
"Incidence";"Calvados";"Lung";"15-29";"Male";"1999";"1.41"
"Incidence";"Calvados";"Lung";"15-29";"Male";"2000";"0.00"
"Incidence";"Calvados";"Lung";"15-29";"Male";"2001";"0.00"
"Incidence";"Calvados";"Lung";"15-29";"Male";"2002";"0.00"
"Incidence";"Calvados";"Lung";"15-29";"Male";"2003";"0.00"
"Incidence";"Calvados";"Lung";"15-29";"Male";"2004";"1.50"
"Incidence";"Calvados";"Lung";"15-29";"Male";"2005";"0.00"
"Incidence";"Calvados";"Lung";"15-29";"Male";"2006";"0.00"
"Incidence";"Calvados";"Lung";"15-29";"Male";"2007";"1.51"
"Incidence";"Calvados";"Lung";"15-29";"Male";"2008";"0.00"
"Incidence";"Calvados";"Lung";"15-29";"Male";"2009";"0.00"
"Incidence";"Calvados";"Lung";"15-29";"Male";"2010";"0.00"
"Incidence";"Calvados";"Lung";"15-29";"Male";"2011";"1.56"
"Incidence";"Calvados";"Lung";"15-29";"Male";"2012";"0.00"
"Incidence";"Calvados";"Lung";"15-29";"Male";"2013";"0.00"
"Incidence";"Calvados";"Lung";"15-29";"Female";"1978";"0.00"
"Incidence";"Calvados";"Lung";"15-29";"Female";"1979";"0.00"
"Incidence";"Calvados";"Lung";"15-29";"Female";"1980";"0.00"
"Incidence";"Calvados";"Lung";"15-29";"Female";"1981";"0.00"
"Incidence";"Calvados";"Lung";"15-29";"Female";"1982";"0.00"
"Incidence";"Calvados";"Lung";"15-29";"Female";"1983";"0.00"
"Incidence";"Calvados";"Lung";"15-29";"Female";"1984";"0.00"
"Incidence";"Calvados";"Lung";"15-29";"Female";"1985";"0.00"
"Incidence";"Calvados";"Lung";"15-29";"Female";"1986";"0.00"
"Incidence";"Calvados";"Lung";"15-29";"Female";"1987";"1.33"
"Incidence";"Calvados";"Lung";"15-29";"Female";"1988";"0.00"
"Incidence";"Calvados";"Lung";"15-29";"Female";"1989";"0.00"
"Incidence";"Calvados";"Lung";"15-29";"Female";"1990";"0.00"
"Incidence";"Calvados";"Lung";"15-29";"Female";"1991";"1.35"
"Incidence";"Calvados";"Lung";"15-29";"Female";"1992";"0.00"
"Incidence";"Calvados";"Lung";"15-29";"Female";"1993";"1.38"
"Incidence";"Calvados";"Lung";"15-29";"Female";"1994";"0.00"
"Incidence";"Calvados";"Lung";"15-29";"Female";"1995";"0.00"
"Incidence";"Calvados";"Lung";"15-29";"Female";"1996";"0.00"
"Incidence";"Calvados";"Lung";"15-29";"Female";"1997";"0.00"
"Incidence";"Calvados";"Lung";"15-29";"Female";"1998";"0.00"
"Incidence";"Calvados";"Lung";"15-29";"Female";"1999";"0.00"
"Incidence";"Calvados";"Lung";"15-29";"Female";"2000";"0.00"
"Incidence";"Calvados";"Lung";"15-29";"Female";"2001";"0.00"
"Incidence";"Calvados";"Lung";"15-29";"Female";"2002";"0.00"
"Incidence";"Calvados";"Lung";"15-29";"Female";"2003";"0.00"
"Incidence";"Calvados";"Lung";"15-29";"Female";"2004";"2.95"
"Incidence";"Calvados";"Lung";"15-29";"Female";"2005";"0.00"
"Incidence";"Calvados";"Lung";"15-29";"Female";"2006";"0.00"
"Incidence";"Calvados";"Lung";"15-29";"Female";"2007";"1.50"
"Incidence";"Calvados";"Lung";"15-29";"Female";"2008";"0.00"
"Incidence";"Calvados";"Lung";"15-29";"Female";"2009";"0.00"
"Incidence";"Calvados";"Lung";"15-29";"Female";"2010";"0.00"
"Incidence";"Calvados";"Lung";"15-29";"Female";"2011";"0.00"
"Incidence";"Calvados";"Lung";"15-29";"Female";"2012";"0.00"
"Incidence";"Calvados";"Lung";"15-29";"Female";"2013";"1.59"
"Incidence";"Doubs";"Lung";"15-29";"Female";"1978";"0.00"
"Incidence";"Doubs";"Lung";"15-29";"Female";"1979";"0.00"
"Incidence";"Doubs";"Lung";"15-29";"Female";"1980";"0.00"
"Incidence";"Doubs";"Lung";"15-29";"Female";"1981";"0.00"
"Incidence";"Doubs";"Lung";"15-29";"Female";"1982";"0.00"
"Incidence";"Doubs";"Lung";"15-29";"Female";"1983";"0.00"
"Incidence";"Doubs";"Lung";"15-29";"Female";"1984";"0.00"
"Incidence";"Doubs";"Lung";"15-29";"Female";"1985";"0.00"
"Incidence";"Doubs";"Lung";"15-29";"Female";"1986";"0.00"
"Incidence";"Doubs";"Lung";"15-29";"Female";"1987";"0.00"
"Incidence";"Doubs";"Lung";"15-29";"Female";"1988";"0.00"
"Incidence";"Doubs";"Lung";"15-29";"Female";"1989";"0.00"
"Incidence";"Doubs";"Lung";"15-29";"Female";"1990";"0.00"
"Incidence";"Doubs";"Lung";"15-29";"Female";"1991";"0.00"
"Incidence";"Doubs";"Lung";"15-29";"Female";"1992";"0.00"
"Incidence";"Doubs";"Lung";"15-29";"Female";"1993";"0.00"
"Incidence";"Doubs";"Lung";"15-29";"Female";"1994";"0.00"
"Incidence";"Doubs";"Lung";"15-29";"Female";"1995";"0.00"
"Incidence";"Doubs";"Lung";"15-29";"Female";"1996";"0.00"
"Incidence";"Doubs";"Lung";"15-29";"Female";"1997";"0.00"
"Incidence";"Doubs";"Lung";"15-29";"Female";"1998";"0.00"
"Incidence";"Doubs";"Lung";"15-29";"Female";"1999";"0.00"
"Incidence";"Doubs";"Lung";"15-29";"Female";"2000";"0.00"
"Incidence";"Doubs";"Lung";"15-29";"Female";"2001";"0.00"
"Incidence";"Doubs";"Lung";"15-29";"Female";"2002";"0.00"
"Incidence";"Doubs";"Lung";"15-29";"Female";"2003";"0.00"
"Incidence";"Doubs";"Lung";"15-29";"Female";"2004";"0.00"
"Incidence";"Doubs";"Lung";"15-29";"Female";"2005";"0.00"
"Incidence";"Doubs";"Lung";"15-29";"Female";"2006";"0.00"
"Incidence";"Doubs";"Lung";"15-29";"Female";"2007";"0.00"
"Incidence";"Doubs";"Lung";"15-29";"Female";"2008";"0.00"
"Incidence";"Doubs";"Lung";"15-29";"Female";"2009";"0.00"
"Incidence";"Doubs";"Lung";"15-29";"Female";"2010";"0.00"
"Incidence";"Doubs";"Lung";"15-29";"Female";"2011";"0.00"
"Incidence";"Doubs";"Lung";"15-29";"Female";"2012";"0.00"
"Incidence";"Doubs";"Lung";"15-29";"Female";"2013";"1.98"
"Incidence";"Doubs";"Lung";"15-29";"Male";"1978";"0.00"
"Incidence";"Doubs";"Lung";"15-29";"Male";"1979";"1.62"
"Incidence";"Doubs";"Lung";"15-29";"Male";"1980";"0.00"
"Incidence";"Doubs";"Lung";"15-29";"Male";"1981";"0.00"
"Incidence";"Doubs";"Lung";"15-29";"Male";"1982";"0.00"
"Incidence";"Doubs";"Lung";"15-29";"Male";"1983";"0.00"
"Incidence";"Doubs";"Lung";"15-29";"Male";"1984";"0.00"
"Incidence";"Doubs";"Lung";"15-29";"Male";"1985";"0.00"
"Incidence";"Doubs";"Lung";"15-29";"Male";"1986";"0.00"
"Incidence";"Doubs";"Lung";"15-29";"Male";"1987";"0.00"
"Incidence";"Doubs";"Lung";"15-29";"Male";"1988";"0.00"
"Incidence";"Doubs";"Lung";"15-29";"Male";"1989";"0.00"
"Incidence";"Doubs";"Lung";"15-29";"Male";"1990";"0.00"
"Incidence";"Doubs";"Lung";"15-29";"Male";"1991";"0.00"
"Incidence";"Doubs";"Lung";"15-29";"Male";"1992";"0.00"
"Incidence";"Doubs";"Lung";"15-29";"Male";"1993";"0.00"
"Incidence";"Doubs";"Lung";"15-29";"Male";"1994";"0.00"
"Incidence";"Doubs";"Lung";"15-29";"Male";"1995";"3.46"
"Incidence";"Doubs";"Lung";"15-29";"Male";"1996";"0.00"
"Incidence";"Doubs";"Lung";"15-29";"Male";"1997";"0.00"
"Incidence";"Doubs";"Lung";"15-29";"Male";"1998";"0.00"
"Incidence";"Doubs";"Lung";"15-29";"Male";"1999";"1.80"
"Incidence";"Doubs";"Lung";"15-29";"Male";"2000";"1.81"
"Incidence";"Doubs";"Lung";"15-29";"Male";"2001";"1.82"
"Incidence";"Doubs";"Lung";"15-29";"Male";"2002";"0.00"
"Incidence";"Doubs";"Lung";"15-29";"Male";"2003";"0.00"
"Incidence";"Doubs";"Lung";"15-29";"Male";"2004";"0.00"
"Incidence";"Doubs";"Lung";"15-29";"Male";"2005";"0.00"
"Incidence";"Doubs";"Lung";"15-29";"Male";"2006";"1.82"
"Incidence";"Doubs";"Lung";"15-29";"Male";"2007";"1.83"
"Incidence";"Doubs";"Lung";"15-29";"Male";"2008";"0.00"
"Incidence";"Doubs";"Lung";"15-29";"Male";"2009";"0.00"
"Incidence";"Doubs";"Lung";"15-29";"Male";"2010";"1.87"
"Incidence";"Doubs";"Lung";"15-29";"Male";"2011";"0.00"
"Incidence";"Doubs";"Lung";"15-29";"Male";"2012";"1.91"
"Incidence";"Doubs";"Lung";"15-29";"Male";"2013";"0.00"
"Incidence";"Calvados";"Lung";"30-44";"Male";"1978";"12.11"
"Incidence";"Calvados";"Lung";"30-44";"Male";"1979";"7.81"
"Incidence";"Calvados";"Lung";"30-44";"Male";"1980";"1.89"
"Incidence";"Calvados";"Lung";"30-44";"Male";"1981";"9.11"
"Incidence";"Calvados";"Lung";"30-44";"Male";"1982";"14.18"
"Incidence";"Calvados";"Lung";"30-44";"Male";"1983";"13.82"
"Incidence";"Calvados";"Lung";"30-44";"Male";"1984";"20.09"
"Incidence";"Calvados";"Lung";"30-44";"Male";"1985";"17.86"
"Incidence";"Calvados";"Lung";"30-44";"Male";"1986";"7.88"
"Incidence";"Calvados";"Lung";"30-44";"Male";"1987";"18.36"
"Incidence";"Calvados";"Lung";"30-44";"Male";"1988";"16.39"
"Incidence";"Calvados";"Lung";"30-44";"Male";"1989";"15.98"
"Incidence";"Calvados";"Lung";"30-44";"Male";"1990";"15.64"
"Incidence";"Calvados";"Lung";"30-44";"Male";"1991";"15.51"
"Incidence";"Calvados";"Lung";"30-44";"Male";"1992";"14.12"
"Incidence";"Calvados";"Lung";"30-44";"Male";"1993";"21.26"
"Incidence";"Calvados";"Lung";"30-44";"Male";"1994";"14.24"
"Incidence";"Calvados";"Lung";"30-44";"Male";"1995";"20.05"
"Incidence";"Calvados";"Lung";"30-44";"Male";"1996";"17.25"
"Incidence";"Calvados";"Lung";"30-44";"Male";"1997";"20.27"
"Incidence";"Calvados";"Lung";"30-44";"Male";"1998";"16.03"
"Incidence";"Calvados";"Lung";"30-44";"Male";"1999";"14.64"
"Incidence";"Calvados";"Lung";"30-44";"Male";"2000";"20.62"
"Incidence";"Calvados";"Lung";"30-44";"Male";"2001";"14.77"
"Incidence";"Calvados";"Lung";"30-44";"Male";"2002";"13.31"
"Incidence";"Calvados";"Lung";"30-44";"Male";"2003";"17.78"
"Incidence";"Calvados";"Lung";"30-44";"Male";"2004";"14.88"
"Incidence";"Calvados";"Lung";"30-44";"Male";"2005";"19.44"
"Incidence";"Calvados";"Lung";"30-44";"Male";"2006";"16.56"
"Incidence";"Calvados";"Lung";"30-44";"Male";"2007";"9.10"
"Incidence";"Calvados";"Lung";"30-44";"Male";"2008";"4.58"
"Incidence";"Calvados";"Lung";"30-44";"Male";"2009";"10.81"
"Incidence";"Calvados";"Lung";"30-44";"Male";"2010";"6.23"
"Incidence";"Calvados";"Lung";"30-44";"Male";"2011";"9.37"
"Incidence";"Calvados";"Lung";"30-44";"Male";"2012";"11.01"
"Incidence";"Calvados";"Lung";"30-44";"Male";"2013";"12.69"
"Incidence";"Doubs";"Lung";"30-44";"Female";"1978";"4.63"
"Incidence";"Doubs";"Lung";"30-44";"Female";"1979";"2.27"
"Incidence";"Doubs";"Lung";"30-44";"Female";"1980";"0.00"
"Incidence";"Doubs";"Lung";"30-44";"Female";"1981";"0.00"
"Incidence";"Doubs";"Lung";"30-44";"Female";"1982";"0.00"
"Incidence";"Doubs";"Lung";"30-44";"Female";"1983";"0.00"
"Incidence";"Doubs";"Lung";"30-44";"Female";"1984";"0.00"
"Incidence";"Doubs";"Lung";"30-44";"Female";"1985";"4.04"
"Incidence";"Doubs";"Lung";"30-44";"Female";"1986";"3.96"
"Incidence";"Doubs";"Lung";"30-44";"Female";"1987";"3.87"
"Incidence";"Doubs";"Lung";"30-44";"Female";"1988";"7.60"
"Incidence";"Doubs";"Lung";"30-44";"Female";"1989";"3.75"
"Incidence";"Doubs";"Lung";"30-44";"Female";"1990";"1.85"
"Incidence";"Doubs";"Lung";"30-44";"Female";"1991";"7.33"
"Incidence";"Doubs";"Lung";"30-44";"Female";"1992";"3.67"
"Incidence";"Doubs";"Lung";"30-44";"Female";"1993";"7.37"
"Incidence";"Doubs";"Lung";"30-44";"Female";"1994";"3.69"
"Incidence";"Doubs";"Lung";"30-44";"Female";"1995";"1.85"
"Incidence";"Doubs";"Lung";"30-44";"Female";"1996";"3.69"
"Incidence";"Doubs";"Lung";"30-44";"Female";"1997";"9.22"
"Incidence";"Doubs";"Lung";"30-44";"Female";"1998";"5.54"
"Incidence";"Doubs";"Lung";"30-44";"Female";"1999";"7.39"
"Incidence";"Doubs";"Lung";"30-44";"Female";"2000";"5.54"
"Incidence";"Doubs";"Lung";"30-44";"Female";"2001";"3.69"
"Incidence";"Doubs";"Lung";"30-44";"Female";"2002";"12.92"
"Incidence";"Doubs";"Lung";"30-44";"Female";"2003";"9.25"
"Incidence";"Doubs";"Lung";"30-44";"Female";"2004";"11.15"
"Incidence";"Doubs";"Lung";"30-44";"Female";"2005";"9.36"
"Incidence";"Doubs";"Lung";"30-44";"Female";"2006";"5.69"
"Incidence";"Doubs";"Lung";"30-44";"Female";"2007";"3.81"
"Incidence";"Doubs";"Lung";"30-44";"Female";"2008";"5.73"
"Incidence";"Doubs";"Lung";"30-44";"Female";"2009";"7.71"
"Incidence";"Doubs";"Lung";"30-44";"Female";"2010";"17.43"
"Incidence";"Doubs";"Lung";"30-44";"Female";"2011";"3.89"
"Incidence";"Doubs";"Lung";"30-44";"Female";"2012";"0.00"
"Incidence";"Doubs";"Lung";"30-44";"Female";"2013";"5.84"
"Incidence";"Doubs";"Lung";"30-44";"Male";"1978";"8.42"
"Incidence";"Doubs";"Lung";"30-44";"Male";"1979";"14.42"
"Incidence";"Doubs";"Lung";"30-44";"Male";"1980";"16.15"
"Incidence";"Doubs";"Lung";"30-44";"Male";"1981";"9.93"
"Incidence";"Doubs";"Lung";"30-44";"Male";"1982";"9.79"
"Incidence";"Doubs";"Lung";"30-44";"Male";"1983";"11.59"
"Incidence";"Doubs";"Lung";"30-44";"Male";"1984";"9.58"
"Incidence";"Doubs";"Lung";"30-44";"Male";"1985";"17.16"
"Incidence";"Doubs";"Lung";"30-44";"Male";"1986";"13.25"
"Incidence";"Doubs";"Lung";"30-44";"Male";"1987";"13.09"
"Incidence";"Doubs";"Lung";"30-44";"Male";"1988";"18.51"
"Incidence";"Doubs";"Lung";"30-44";"Male";"1989";"18.38"
"Incidence";"Doubs";"Lung";"30-44";"Male";"1990";"14.60"
"Incidence";"Doubs";"Lung";"30-44";"Male";"1991";"23.66"
"Incidence";"Doubs";"Lung";"30-44";"Male";"1992";"18.34"
"Incidence";"Doubs";"Lung";"30-44";"Male";"1993";"18.49"
"Incidence";"Doubs";"Lung";"30-44";"Male";"1994";"18.58"
"Incidence";"Doubs";"Lung";"30-44";"Male";"1995";"20.49"
"Incidence";"Doubs";"Lung";"30-44";"Male";"1996";"11.18"
"Incidence";"Doubs";"Lung";"30-44";"Male";"1997";"18.64"
"Incidence";"Doubs";"Lung";"30-44";"Male";"1998";"13.03"
"Incidence";"Doubs";"Lung";"30-44";"Male";"1999";"5.58"
"Incidence";"Doubs";"Lung";"30-44";"Male";"2000";"9.28"
"Incidence";"Doubs";"Lung";"30-44";"Male";"2001";"11.12"
"Incidence";"Doubs";"Lung";"30-44";"Male";"2002";"16.65"
"Incidence";"Doubs";"Lung";"30-44";"Male";"2003";"3.69"
"Incidence";"Doubs";"Lung";"30-44";"Male";"2004";"9.24"
"Incidence";"Doubs";"Lung";"30-44";"Male";"2005";"14.88"
"Incidence";"Doubs";"Lung";"30-44";"Male";"2006";"11.24"
"Incidence";"Doubs";"Lung";"30-44";"Male";"2007";"7.49"
"Incidence";"Doubs";"Lung";"30-44";"Male";"2008";"5.63"
"Incidence";"Doubs";"Lung";"30-44";"Male";"2009";"9.44"
"Incidence";"Doubs";"Lung";"30-44";"Male";"2010";"11.36"
"Incidence";"Doubs";"Lung";"30-44";"Male";"2011";"3.80"
"Incidence";"Doubs";"Lung";"30-44";"Male";"2012";"5.71"
"Incidence";"Doubs";"Lung";"30-44";"Male";"2013";"1.91"
"Incidence";"Calvados";"Lung";"30-44";"Female";"1978";"0.00"
"Incidence";"Calvados";"Lung";"30-44";"Female";"1979";"0.00"
"Incidence";"Calvados";"Lung";"30-44";"Female";"1980";"0.00"
"Incidence";"Calvados";"Lung";"30-44";"Female";"1981";"0.00"
"Incidence";"Calvados";"Lung";"30-44";"Female";"1982";"0.00"
"Incidence";"Calvados";"Lung";"30-44";"Female";"1983";"0.00"
"Incidence";"Calvados";"Lung";"30-44";"Female";"1984";"0.00"
"Incidence";"Calvados";"Lung";"30-44";"Female";"1985";"4.94"
"Incidence";"Calvados";"Lung";"30-44";"Female";"1986";"0.00"
"Incidence";"Calvados";"Lung";"30-44";"Female";"1987";"3.09"
"Incidence";"Calvados";"Lung";"30-44";"Female";"1988";"0.00"
"Incidence";"Calvados";"Lung";"30-44";"Female";"1989";"4.38"
"Incidence";"Calvados";"Lung";"30-44";"Female";"1990";"4.29"
"Incidence";"Calvados";"Lung";"30-44";"Female";"1991";"2.83"
"Incidence";"Calvados";"Lung";"30-44";"Female";"1992";"1.41"
"Incidence";"Calvados";"Lung";"30-44";"Female";"1993";"1.41"
"Incidence";"Calvados";"Lung";"30-44";"Female";"1994";"9.93"
"Incidence";"Calvados";"Lung";"30-44";"Female";"1995";"4.27"
"Incidence";"Calvados";"Lung";"30-44";"Female";"1996";"2.85"
"Incidence";"Calvados";"Lung";"30-44";"Female";"1997";"8.57"
"Incidence";"Calvados";"Lung";"30-44";"Female";"1998";"7.16"
"Incidence";"Calvados";"Lung";"30-44";"Female";"1999";"4.31"
"Incidence";"Calvados";"Lung";"30-44";"Female";"2000";"8.66"
"Incidence";"Calvados";"Lung";"30-44";"Female";"2001";"4.35"
"Incidence";"Calvados";"Lung";"30-44";"Female";"2002";"5.81"
"Incidence";"Calvados";"Lung";"30-44";"Female";"2003";"4.37"
"Incidence";"Calvados";"Lung";"30-44";"Female";"2004";"7.31"
"Incidence";"Calvados";"Lung";"30-44";"Female";"2005";"8.79"
"Incidence";"Calvados";"Lung";"30-44";"Female";"2006";"2.96"
"Incidence";"Calvados";"Lung";"30-44";"Female";"2007";"11.95"
"Incidence";"Calvados";"Lung";"30-44";"Female";"2008";"12.06"
"Incidence";"Calvados";"Lung";"30-44";"Female";"2009";"3.06"
"Incidence";"Calvados";"Lung";"30-44";"Female";"2010";"6.16"
"Incidence";"Calvados";"Lung";"30-44";"Female";"2011";"7.72"
"Incidence";"Calvados";"Lung";"30-44";"Female";"2012";"6.19"
"Incidence";"Calvados";"Lung";"30-44";"Female";"2013";"6.22"
"Incidence";"Calvados";"Lung";"45-59";"Female";"1978";"2.11"
"Incidence";"Calvados";"Lung";"45-59";"Female";"1979";"12.31"
"Incidence";"Calvados";"Lung";"45-59";"Female";"1980";"4.07"
"Incidence";"Calvados";"Lung";"45-59";"Female";"1981";"6.14"
"Incidence";"Calvados";"Lung";"45-59";"Female";"1982";"12.34"
"Incidence";"Calvados";"Lung";"45-59";"Female";"1983";"8.25"
"Incidence";"Calvados";"Lung";"45-59";"Female";"1984";"12.41"
"Incidence";"Calvados";"Lung";"45-59";"Female";"1985";"6.26"
"Incidence";"Calvados";"Lung";"45-59";"Female";"1986";"4.23"
"Incidence";"Calvados";"Lung";"45-59";"Female";"1987";"6.42"
"Incidence";"Calvados";"Lung";"45-59";"Female";"1988";"12.95"
"Incidence";"Calvados";"Lung";"45-59";"Female";"1989";"13.03"
"Incidence";"Calvados";"Lung";"45-59";"Female";"1990";"21.81"
"Incidence";"Calvados";"Lung";"45-59";"Female";"1991";"6.48"
"Incidence";"Calvados";"Lung";"45-59";"Female";"1992";"12.69"
"Incidence";"Calvados";"Lung";"45-59";"Female";"1993";"12.35"
"Incidence";"Calvados";"Lung";"45-59";"Female";"1994";"9.97"
"Incidence";"Calvados";"Lung";"45-59";"Female";"1995";"15.46"
"Incidence";"Calvados";"Lung";"45-59";"Female";"1996";"11.24"
"Incidence";"Calvados";"Lung";"45-59";"Female";"1997";"14.50"
"Incidence";"Calvados";"Lung";"45-59";"Female";"1998";"15.82"
"Incidence";"Calvados";"Lung";"45-59";"Female";"1999";"8.52"
"Incidence";"Calvados";"Lung";"45-59";"Female";"2000";"19.73"
"Incidence";"Calvados";"Lung";"45-59";"Female";"2001";"28.53"
"Incidence";"Calvados";"Lung";"45-59";"Female";"2002";"22.98"
"Incidence";"Calvados";"Lung";"45-59";"Female";"2003";"20.83"
"Incidence";"Calvados";"Lung";"45-59";"Female";"2004";"40.62"
"Incidence";"Calvados";"Lung";"45-59";"Female";"2005";"34.05"
"Incidence";"Calvados";"Lung";"45-59";"Female";"2006";"48.99"
"Incidence";"Calvados";"Lung";"45-59";"Female";"2007";"32.07"
"Incidence";"Calvados";"Lung";"45-59";"Female";"2008";"48.84"
"Incidence";"Calvados";"Lung";"45-59";"Female";"2009";"51.76"
"Incidence";"Calvados";"Lung";"45-59";"Female";"2010";"39.44"
"Incidence";"Calvados";"Lung";"45-59";"Female";"2011";"66.60"
"Incidence";"Calvados";"Lung";"45-59";"Female";"2012";"55.35"
"Incidence";"Calvados";"Lung";"45-59";"Female";"2013";"61.19"
"Incidence";"Doubs";"Lung";"45-59";"Female";"1978";"5.47"
"Incidence";"Doubs";"Lung";"45-59";"Female";"1979";"8.00"
"Incidence";"Doubs";"Lung";"45-59";"Female";"1980";"7.89"
"Incidence";"Doubs";"Lung";"45-59";"Female";"1981";"10.53"
"Incidence";"Doubs";"Lung";"45-59";"Female";"1982";"10.58"
"Incidence";"Doubs";"Lung";"45-59";"Female";"1983";"7.95"
"Incidence";"Doubs";"Lung";"45-59";"Female";"1984";"2.64"
"Incidence";"Doubs";"Lung";"45-59";"Female";"1985";"10.57"
"Incidence";"Doubs";"Lung";"45-59";"Female";"1986";"13.36"
"Incidence";"Doubs";"Lung";"45-59";"Female";"1987";"26.90"
"Incidence";"Doubs";"Lung";"45-59";"Female";"1988";"10.76"
"Incidence";"Doubs";"Lung";"45-59";"Female";"1989";"21.52"
"Incidence";"Doubs";"Lung";"45-59";"Female";"1990";"18.78"
"Incidence";"Doubs";"Lung";"45-59";"Female";"1991";"29.18"
"Incidence";"Doubs";"Lung";"45-59";"Female";"1992";"10.37"
"Incidence";"Doubs";"Lung";"45-59";"Female";"1993";"10.09"
"Incidence";"Doubs";"Lung";"45-59";"Female";"1994";"22.09"
"Incidence";"Doubs";"Lung";"45-59";"Female";"1995";"9.57"
"Incidence";"Doubs";"Lung";"45-59";"Female";"1996";"9.35"
"Incidence";"Doubs";"Lung";"45-59";"Female";"1997";"25.14"
"Incidence";"Doubs";"Lung";"45-59";"Female";"1998";"31.35"
"Incidence";"Doubs";"Lung";"45-59";"Female";"1999";"21.93"
"Incidence";"Doubs";"Lung";"45-59";"Female";"2000";"12.84"
"Incidence";"Doubs";"Lung";"45-59";"Female";"2001";"27.07"
"Incidence";"Doubs";"Lung";"45-59";"Female";"2002";"20.30"
"Incidence";"Doubs";"Lung";"45-59";"Female";"2003";"21.86"
"Incidence";"Doubs";"Lung";"45-59";"Female";"2004";"42.85"
"Incidence";"Doubs";"Lung";"45-59";"Female";"2005";"28.73"
"Incidence";"Doubs";"Lung";"45-59";"Female";"2006";"34.14"
"Incidence";"Doubs";"Lung";"45-59";"Female";"2007";"36.02"
"Incidence";"Doubs";"Lung";"45-59";"Female";"2008";"38.10"
"Incidence";"Doubs";"Lung";"45-59";"Female";"2009";"44.00"
"Incidence";"Doubs";"Lung";"45-59";"Female";"2010";"34.52"
"Incidence";"Doubs";"Lung";"45-59";"Female";"2011";"38.30"
"Incidence";"Doubs";"Lung";"45-59";"Female";"2012";"55.50"
"Incidence";"Doubs";"Lung";"45-59";"Female";"2013";"49.93"
"Incidence";"Doubs";"Lung";"45-59";"Male";"1978";"125.80"
"Incidence";"Doubs";"Lung";"45-59";"Male";"1979";"149.21"
"Incidence";"Doubs";"Lung";"45-59";"Male";"1980";"107.89"
"Incidence";"Doubs";"Lung";"45-59";"Male";"1981";"128.77"
"Incidence";"Doubs";"Lung";"45-59";"Male";"1982";"111.25"
"Incidence";"Doubs";"Lung";"45-59";"Male";"1983";"111.72"
"Incidence";"Doubs";"Lung";"45-59";"Male";"1984";"108.45"
"Incidence";"Doubs";"Lung";"45-59";"Male";"1985";"116.41"
"Incidence";"Doubs";"Lung";"45-59";"Male";"1986";"103.81"
"Incidence";"Doubs";"Lung";"45-59";"Male";"1987";"104.28"
"Incidence";"Doubs";"Lung";"45-59";"Male";"1988";"107.02"
"Incidence";"Doubs";"Lung";"45-59";"Male";"1989";"152.17"
"Incidence";"Doubs";"Lung";"45-59";"Male";"1990";"132.74"
"Incidence";"Doubs";"Lung";"45-59";"Male";"1991";"125.49"
"Incidence";"Doubs";"Lung";"45-59";"Male";"1992";"119.51"
"Incidence";"Doubs";"Lung";"45-59";"Male";"1993";"96.09"
"Incidence";"Doubs";"Lung";"45-59";"Male";"1994";"105.24"
"Incidence";"Doubs";"Lung";"45-59";"Male";"1995";"121.05"
"Incidence";"Doubs";"Lung";"45-59";"Male";"1996";"95.61"
"Incidence";"Doubs";"Lung";"45-59";"Male";"1997";"120.78"
"Incidence";"Doubs";"Lung";"45-59";"Male";"1998";"99.26"
"Incidence";"Doubs";"Lung";"45-59";"Male";"1999";"106.31"
"Incidence";"Doubs";"Lung";"45-59";"Male";"2000";"112.70"
"Incidence";"Doubs";"Lung";"45-59";"Male";"2001";"135.37"
"Incidence";"Doubs";"Lung";"45-59";"Male";"2002";"122.39"
"Incidence";"Doubs";"Lung";"45-59";"Male";"2003";"158.62"
"Incidence";"Doubs";"Lung";"45-59";"Male";"2004";"119.03"
"Incidence";"Doubs";"Lung";"45-59";"Male";"2005";"121.72"
"Incidence";"Doubs";"Lung";"45-59";"Male";"2006";"124.80"
"Incidence";"Doubs";"Lung";"45-59";"Male";"2007";"107.76"
"Incidence";"Doubs";"Lung";"45-59";"Male";"2008";"120.69"
"Incidence";"Doubs";"Lung";"45-59";"Male";"2009";"119.51"
"Incidence";"Doubs";"Lung";"45-59";"Male";"2010";"111.65"
"Incidence";"Doubs";"Lung";"45-59";"Male";"2011";"141.25"
"Incidence";"Doubs";"Lung";"45-59";"Male";"2012";"99.26"
"Incidence";"Doubs";"Lung";"45-59";"Male";"2013";"118.60"
"Incidence";"Calvados";"Lung";"45-59";"Male";"1978";"99.90"
"Incidence";"Calvados";"Lung";"45-59";"Male";"1979";"99.80"
"Incidence";"Calvados";"Lung";"45-59";"Male";"1980";"150.97"
"Incidence";"Calvados";"Lung";"45-59";"Male";"1981";"102.19"
"Incidence";"Calvados";"Lung";"45-59";"Male";"1982";"115.77"
"Incidence";"Calvados";"Lung";"45-59";"Male";"1983";"133.97"
"Incidence";"Calvados";"Lung";"45-59";"Male";"1984";"126.12"
"Incidence";"Calvados";"Lung";"45-59";"Male";"1985";"102.94"
"Incidence";"Calvados";"Lung";"45-59";"Male";"1986";"134.39"
"Incidence";"Calvados";"Lung";"45-59";"Male";"1987";"118.00"
"Incidence";"Calvados";"Lung";"45-59";"Male";"1988";"149.30"
"Incidence";"Calvados";"Lung";"45-59";"Male";"1989";"138.27"
"Incidence";"Calvados";"Lung";"45-59";"Male";"1990";"147.77"
"Incidence";"Calvados";"Lung";"45-59";"Male";"1991";"145.61"
"Incidence";"Calvados";"Lung";"45-59";"Male";"1992";"132.13"
"Incidence";"Calvados";"Lung";"45-59";"Male";"1993";"129.52"
"Incidence";"Calvados";"Lung";"45-59";"Male";"1994";"114.39"
"Incidence";"Calvados";"Lung";"45-59";"Male";"1995";"120.19"
"Incidence";"Calvados";"Lung";"45-59";"Male";"1996";"148.69"
"Incidence";"Calvados";"Lung";"45-59";"Male";"1997";"121.17"
"Incidence";"Calvados";"Lung";"45-59";"Male";"1998";"113.49"
"Incidence";"Calvados";"Lung";"45-59";"Male";"1999";"130.52"
"Incidence";"Calvados";"Lung";"45-59";"Male";"2000";"117.53"
"Incidence";"Calvados";"Lung";"45-59";"Male";"2001";"162.35"
"Incidence";"Calvados";"Lung";"45-59";"Male";"2002";"141.93"
"Incidence";"Calvados";"Lung";"45-59";"Male";"2003";"130.95"
"Incidence";"Calvados";"Lung";"45-59";"Male";"2004";"140.35"
"Incidence";"Calvados";"Lung";"45-59";"Male";"2005";"143.41"
"Incidence";"Calvados";"Lung";"45-59";"Male";"2006";"149.07"
"Incidence";"Calvados";"Lung";"45-59";"Male";"2007";"147.69"
"Incidence";"Calvados";"Lung";"45-59";"Male";"2008";"155.37"
"Incidence";"Calvados";"Lung";"45-59";"Male";"2009";"124.83"
"Incidence";"Calvados";"Lung";"45-59";"Male";"2010";"156.37"
"Incidence";"Calvados";"Lung";"45-59";"Male";"2011";"141.92"
"Incidence";"Calvados";"Lung";"45-59";"Male";"2012";"128.95"
"Incidence";"Calvados";"Lung";"45-59";"Male";"2013";"89.33"
"Incidence";"Calvados";"Lung";"60-74";"Male";"1978";"258.53"
"Incidence";"Calvados";"Lung";"60-74";"Male";"1979";"255.54"
"Incidence";"Calvados";"Lung";"60-74";"Male";"1980";"245.20"
"Incidence";"Calvados";"Lung";"60-74";"Male";"1981";"206.66"
"Incidence";"Calvados";"Lung";"60-74";"Male";"1982";"283.32"
"Incidence";"Calvados";"Lung";"60-74";"Male";"1983";"268.40"
"Incidence";"Calvados";"Lung";"60-74";"Male";"1984";"292.65"
"Incidence";"Calvados";"Lung";"60-74";"Male";"1985";"275.19"
"Incidence";"Calvados";"Lung";"60-74";"Male";"1986";"294.75"
"Incidence";"Calvados";"Lung";"60-74";"Male";"1987";"251.14"
"Incidence";"Calvados";"Lung";"60-74";"Male";"1988";"299.35"
"Incidence";"Calvados";"Lung";"60-74";"Male";"1989";"305.49"
"Incidence";"Calvados";"Lung";"60-74";"Male";"1990";"359.97"
"Incidence";"Calvados";"Lung";"60-74";"Male";"1991";"293.99"
"Incidence";"Calvados";"Lung";"60-74";"Male";"1992";"297.50"
"Incidence";"Calvados";"Lung";"60-74";"Male";"1993";"321.20"
"Incidence";"Calvados";"Lung";"60-74";"Male";"1994";"289.84"
"Incidence";"Calvados";"Lung";"60-74";"Male";"1995";"265.72"
"Incidence";"Calvados";"Lung";"60-74";"Male";"1996";"281.46"
"Incidence";"Calvados";"Lung";"60-74";"Male";"1997";"305.55"
"Incidence";"Calvados";"Lung";"60-74";"Male";"1998";"348.81"
"Incidence";"Calvados";"Lung";"60-74";"Male";"1999";"280.27"
"Incidence";"Calvados";"Lung";"60-74";"Male";"2000";"331.09"
"Incidence";"Calvados";"Lung";"60-74";"Male";"2001";"301.29"
"Incidence";"Calvados";"Lung";"60-74";"Male";"2002";"337.38"
"Incidence";"Calvados";"Lung";"60-74";"Male";"2003";"264.05"
"Incidence";"Calvados";"Lung";"60-74";"Male";"2004";"278.07"
"Incidence";"Calvados";"Lung";"60-74";"Male";"2005";"342.61"
"Incidence";"Calvados";"Lung";"60-74";"Male";"2006";"297.23"
"Incidence";"Calvados";"Lung";"60-74";"Male";"2007";"288.69"
"Incidence";"Calvados";"Lung";"60-74";"Male";"2008";"310.41"
"Incidence";"Calvados";"Lung";"60-74";"Male";"2009";"315.90"
"Incidence";"Calvados";"Lung";"60-74";"Male";"2010";"311.44"
"Incidence";"Calvados";"Lung";"60-74";"Male";"2011";"307.08"
"Incidence";"Calvados";"Lung";"60-74";"Male";"2012";"303.73"
"Incidence";"Calvados";"Lung";"60-74";"Male";"2013";"303.06"
"Incidence";"Doubs";"Lung";"60-74";"Male";"1978";"351.28"
"Incidence";"Doubs";"Lung";"60-74";"Male";"1979";"342.39"
"Incidence";"Doubs";"Lung";"60-74";"Male";"1980";"346.07"
"Incidence";"Doubs";"Lung";"60-74";"Male";"1981";"313.34"
"Incidence";"Doubs";"Lung";"60-74";"Male";"1982";"317.95"
"Incidence";"Doubs";"Lung";"60-74";"Male";"1983";"297.43"
"Incidence";"Doubs";"Lung";"60-74";"Male";"1984";"271.88"
"Incidence";"Doubs";"Lung";"60-74";"Male";"1985";"375.67"
"Incidence";"Doubs";"Lung";"60-74";"Male";"1986";"373.50"
"Incidence";"Doubs";"Lung";"60-74";"Male";"1987";"292.68"
"Incidence";"Doubs";"Lung";"60-74";"Male";"1988";"241.89"
"Incidence";"Doubs";"Lung";"60-74";"Male";"1989";"361.20"
"Incidence";"Doubs";"Lung";"60-74";"Male";"1990";"258.01"
"Incidence";"Doubs";"Lung";"60-74";"Male";"1991";"270.45"
"Incidence";"Doubs";"Lung";"60-74";"Male";"1992";"327.81"
"Incidence";"Doubs";"Lung";"60-74";"Male";"1993";"316.28"
"Incidence";"Doubs";"Lung";"60-74";"Male";"1994";"317.26"
"Incidence";"Doubs";"Lung";"60-74";"Male";"1995";"311.32"
"Incidence";"Doubs";"Lung";"60-74";"Male";"1996";"364.74"
"Incidence";"Doubs";"Lung";"60-74";"Male";"1997";"362.23"
"Incidence";"Doubs";"Lung";"60-74";"Male";"1998";"324.64"
"Incidence";"Doubs";"Lung";"60-74";"Male";"1999";"224.08"
"Incidence";"Doubs";"Lung";"60-74";"Male";"2000";"314.68"
"Incidence";"Doubs";"Lung";"60-74";"Male";"2001";"322.37"
"Incidence";"Doubs";"Lung";"60-74";"Male";"2002";"330.53"
"Incidence";"Doubs";"Lung";"60-74";"Male";"2003";"282.21"
"Incidence";"Doubs";"Lung";"60-74";"Male";"2004";"304.19"
"Incidence";"Doubs";"Lung";"60-74";"Male";"2005";"353.27"
"Incidence";"Doubs";"Lung";"60-74";"Male";"2006";"272.44"
"Incidence";"Doubs";"Lung";"60-74";"Male";"2007";"334.84"
"Incidence";"Doubs";"Lung";"60-74";"Male";"2008";"337.49"
"Incidence";"Doubs";"Lung";"60-74";"Male";"2009";"349.21"
"Incidence";"Doubs";"Lung";"60-74";"Male";"2010";"277.37"
"Incidence";"Doubs";"Lung";"60-74";"Male";"2011";"279.61"
"Incidence";"Doubs";"Lung";"60-74";"Male";"2012";"311.40"
"Incidence";"Doubs";"Lung";"60-74";"Male";"2013";"315.70"
"Incidence";"Doubs";"Lung";"60-74";"Female";"1978";"16.09"
"Incidence";"Doubs";"Lung";"60-74";"Female";"1979";"8.19"
"Incidence";"Doubs";"Lung";"60-74";"Female";"1980";"8.17"
"Incidence";"Doubs";"Lung";"60-74";"Female";"1981";"20.04"
"Incidence";"Doubs";"Lung";"60-74";"Female";"1982";"11.90"
"Incidence";"Doubs";"Lung";"60-74";"Female";"1983";"15.69"
"Incidence";"Doubs";"Lung";"60-74";"Female";"1984";"23.11"
"Incidence";"Doubs";"Lung";"60-74";"Female";"1985";"19.00"
"Incidence";"Doubs";"Lung";"60-74";"Female";"1986";"22.44"
"Incidence";"Doubs";"Lung";"60-74";"Female";"1987";"47.72"
"Incidence";"Doubs";"Lung";"60-74";"Female";"1988";"28.91"
"Incidence";"Doubs";"Lung";"60-74";"Female";"1989";"14.24"
"Incidence";"Doubs";"Lung";"60-74";"Female";"1990";"45.02"
"Incidence";"Doubs";"Lung";"60-74";"Female";"1991";"33.23"
"Incidence";"Doubs";"Lung";"60-74";"Female";"1992";"22.37"
"Incidence";"Doubs";"Lung";"60-74";"Female";"1993";"43.33"
"Incidence";"Doubs";"Lung";"60-74";"Female";"1994";"27.05"
"Incidence";"Doubs";"Lung";"60-74";"Female";"1995";"47.35"
"Incidence";"Doubs";"Lung";"60-74";"Female";"1996";"41.34"
"Incidence";"Doubs";"Lung";"60-74";"Female";"1997";"32.41"
"Incidence";"Doubs";"Lung";"60-74";"Female";"1998";"41.22"
"Incidence";"Doubs";"Lung";"60-74";"Female";"1999";"52.79"
"Incidence";"Doubs";"Lung";"60-74";"Female";"2000";"46.67"
"Incidence";"Doubs";"Lung";"60-74";"Female";"2001";"35.08"
"Incidence";"Doubs";"Lung";"60-74";"Female";"2002";"55.67"
"Incidence";"Doubs";"Lung";"60-74";"Female";"2003";"73.07"
"Incidence";"Doubs";"Lung";"60-74";"Female";"2004";"32.06"
"Incidence";"Doubs";"Lung";"60-74";"Female";"2005";"61.14"
"Incidence";"Doubs";"Lung";"60-74";"Female";"2006";"57.54"
"Incidence";"Doubs";"Lung";"60-74";"Female";"2007";"58.91"
"Incidence";"Doubs";"Lung";"60-74";"Female";"2008";"57.35"
"Incidence";"Doubs";"Lung";"60-74";"Female";"2009";"55.99"
"Incidence";"Doubs";"Lung";"60-74";"Female";"2010";"83.51"
"Incidence";"Doubs";"Lung";"60-74";"Female";"2011";"68.77"
"Incidence";"Doubs";"Lung";"60-74";"Female";"2012";"96.91"
"Incidence";"Doubs";"Lung";"60-74";"Female";"2013";"89.89"
"Incidence";"Calvados";"Lung";"60-74";"Female";"1978";"23.64"
"Incidence";"Calvados";"Lung";"60-74";"Female";"1979";"12.03"
"Incidence";"Calvados";"Lung";"60-74";"Female";"1980";"11.94"
"Incidence";"Calvados";"Lung";"60-74";"Female";"1981";"20.37"
"Incidence";"Calvados";"Lung";"60-74";"Female";"1982";"11.46"
"Incidence";"Calvados";"Lung";"60-74";"Female";"1983";"11.29"
"Incidence";"Calvados";"Lung";"60-74";"Female";"1984";"11.07"
"Incidence";"Calvados";"Lung";"60-74";"Female";"1985";"24.40"
"Incidence";"Calvados";"Lung";"60-74";"Female";"1986";"21.30"
"Incidence";"Calvados";"Lung";"60-74";"Female";"1987";"18.35"
"Incidence";"Calvados";"Lung";"60-74";"Female";"1988";"23.24"
"Incidence";"Calvados";"Lung";"60-74";"Female";"1989";"7.62"
"Incidence";"Calvados";"Lung";"60-74";"Female";"1990";"29.59"
"Incidence";"Calvados";"Lung";"60-74";"Female";"1991";"21.26"
"Incidence";"Calvados";"Lung";"60-74";"Female";"1992";"24.92"
"Incidence";"Calvados";"Lung";"60-74";"Female";"1993";"19.74"
"Incidence";"Calvados";"Lung";"60-74";"Female";"1994";"27.80"
"Incidence";"Calvados";"Lung";"60-74";"Female";"1995";"31.73"
"Incidence";"Calvados";"Lung";"60-74";"Female";"1996";"31.82"
"Incidence";"Calvados";"Lung";"60-74";"Female";"1997";"34.05"
"Incidence";"Calvados";"Lung";"60-74";"Female";"1998";"40.50"
"Incidence";"Calvados";"Lung";"60-74";"Female";"1999";"31.94"
"Incidence";"Calvados";"Lung";"60-74";"Female";"2000";"25.55"
"Incidence";"Calvados";"Lung";"60-74";"Female";"2001";"36.35"
"Incidence";"Calvados";"Lung";"60-74";"Female";"2002";"30.07"
"Incidence";"Calvados";"Lung";"60-74";"Female";"2003";"75.21"
"Incidence";"Calvados";"Lung";"60-74";"Female";"2004";"30.04"
"Incidence";"Calvados";"Lung";"60-74";"Female";"2005";"58.07"
"Incidence";"Calvados";"Lung";"60-74";"Female";"2006";"53.42"
"Incidence";"Calvados";"Lung";"60-74";"Female";"2007";"46.00"
"Incidence";"Calvados";"Lung";"60-74";"Female";"2008";"71.16"
"Incidence";"Calvados";"Lung";"60-74";"Female";"2009";"59.13"
"Incidence";"Calvados";"Lung";"60-74";"Female";"2010";"66.94"
"Incidence";"Calvados";"Lung";"60-74";"Female";"2011";"64.64"
"Incidence";"Calvados";"Lung";"60-74";"Female";"2012";"51.62"
"Incidence";"Calvados";"Lung";"60-74";"Female";"2013";"110.39"
"Incidence";"Doubs";"Lung";"75-89";"Male";"1978";"251.99"
"Incidence";"Doubs";"Lung";"75-89";"Male";"1979";"258.13"
"Incidence";"Doubs";"Lung";"75-89";"Male";"1980";"202.26"
"Incidence";"Doubs";"Lung";"75-89";"Male";"1981";"240.98"
"Incidence";"Doubs";"Lung";"75-89";"Male";"1982";"335.52"
"Incidence";"Doubs";"Lung";"75-89";"Male";"1983";"282.15"
"Incidence";"Doubs";"Lung";"75-89";"Male";"1984";"217.81"
"Incidence";"Doubs";"Lung";"75-89";"Male";"1985";"355.66"
"Incidence";"Doubs";"Lung";"75-89";"Male";"1986";"320.47"
"Incidence";"Doubs";"Lung";"75-89";"Male";"1987";"358.89"
"Incidence";"Doubs";"Lung";"75-89";"Male";"1988";"332.40"
"Incidence";"Doubs";"Lung";"75-89";"Male";"1989";"332.72"
"Incidence";"Doubs";"Lung";"75-89";"Male";"1990";"227.86"
"Incidence";"Doubs";"Lung";"75-89";"Male";"1991";"256.31"
"Incidence";"Doubs";"Lung";"75-89";"Male";"1992";"167.69"
"Incidence";"Doubs";"Lung";"75-89";"Male";"1993";"318.32"
"Incidence";"Doubs";"Lung";"75-89";"Male";"1994";"345.23"
"Incidence";"Doubs";"Lung";"75-89";"Male";"1995";"393.98"
"Incidence";"Doubs";"Lung";"75-89";"Male";"1996";"407.22"
"Incidence";"Doubs";"Lung";"75-89";"Male";"1997";"334.88"
"Incidence";"Doubs";"Lung";"75-89";"Male";"1998";"434.56"
"Incidence";"Doubs";"Lung";"75-89";"Male";"1999";"328.90"
"Incidence";"Doubs";"Lung";"75-89";"Male";"2000";"345.84"
"Incidence";"Doubs";"Lung";"75-89";"Male";"2001";"441.70"
"Incidence";"Doubs";"Lung";"75-89";"Male";"2002";"396.35"
"Incidence";"Doubs";"Lung";"75-89";"Male";"2003";"430.25"
"Incidence";"Doubs";"Lung";"75-89";"Male";"2004";"412.29"
"Incidence";"Doubs";"Lung";"75-89";"Male";"2005";"347.38"
"Incidence";"Doubs";"Lung";"75-89";"Male";"2006";"418.43"
"Incidence";"Doubs";"Lung";"75-89";"Male";"2007";"357.04"
"Incidence";"Doubs";"Lung";"75-89";"Male";"2008";"349.93"
"Incidence";"Doubs";"Lung";"75-89";"Male";"2009";"331.73"
"Incidence";"Doubs";"Lung";"75-89";"Male";"2010";"418.40"
"Incidence";"Doubs";"Lung";"75-89";"Male";"2011";"498.77"
"Incidence";"Doubs";"Lung";"75-89";"Male";"2012";"428.15"
"Incidence";"Doubs";"Lung";"75-89";"Male";"2013";"399.64"
"Incidence";"Calvados";"Lung";"75-89";"Female";"1978";"46.37"
"Incidence";"Calvados";"Lung";"75-89";"Female";"1979";"22.48"
"Incidence";"Calvados";"Lung";"75-89";"Female";"1980";"10.92"
"Incidence";"Calvados";"Lung";"75-89";"Female";"1981";"21.32"
"Incidence";"Calvados";"Lung";"75-89";"Female";"1982";"36.32"
"Incidence";"Calvados";"Lung";"75-89";"Female";"1983";"15.13"
"Incidence";"Calvados";"Lung";"75-89";"Female";"1984";"19.71"
"Incidence";"Calvados";"Lung";"75-89";"Female";"1985";"9.66"
"Incidence";"Calvados";"Lung";"75-89";"Female";"1986";"9.50"
"Incidence";"Calvados";"Lung";"75-89";"Female";"1987";"23.21"
"Incidence";"Calvados";"Lung";"75-89";"Female";"1988";"27.11"
"Incidence";"Calvados";"Lung";"75-89";"Female";"1989";"4.42"
"Incidence";"Calvados";"Lung";"75-89";"Female";"1990";"26.47"
"Incidence";"Calvados";"Lung";"75-89";"Female";"1991";"22.57"
"Incidence";"Calvados";"Lung";"75-89";"Female";"1992";"18.50"
"Incidence";"Calvados";"Lung";"75-89";"Female";"1993";"18.85"
"Incidence";"Calvados";"Lung";"75-89";"Female";"1994";"23.83"
"Incidence";"Calvados";"Lung";"75-89";"Female";"1995";"18.60"
"Incidence";"Calvados";"Lung";"75-89";"Female";"1996";"22.14"
"Incidence";"Calvados";"Lung";"75-89";"Female";"1997";"55.28"
"Incidence";"Calvados";"Lung";"75-89";"Female";"1998";"16.40"
"Incidence";"Calvados";"Lung";"75-89";"Female";"1999";"27.65"
"Incidence";"Calvados";"Lung";"75-89";"Female";"2000";"72.44"
"Incidence";"Calvados";"Lung";"75-89";"Female";"2001";"44.18"
"Incidence";"Calvados";"Lung";"75-89";"Female";"2002";"57.02"
"Incidence";"Calvados";"Lung";"75-89";"Female";"2003";"27.67"
"Incidence";"Calvados";"Lung";"75-89";"Female";"2004";"77.02"
"Incidence";"Calvados";"Lung";"75-89";"Female";"2005";"58.09"
"Incidence";"Calvados";"Lung";"75-89";"Female";"2006";"40.36"
"Incidence";"Calvados";"Lung";"75-89";"Female";"2007";"89.48"
"Incidence";"Calvados";"Lung";"75-89";"Female";"2008";"57.41"
"Incidence";"Calvados";"Lung";"75-89";"Female";"2009";"89.38"
"Incidence";"Calvados";"Lung";"75-89";"Female";"2010";"82.75"
"Incidence";"Calvados";"Lung";"75-89";"Female";"2011";"88.20"
"Incidence";"Calvados";"Lung";"75-89";"Female";"2012";"88.07"
"Incidence";"Calvados";"Lung";"75-89";"Female";"2013";"63.09"
"Incidence";"Calvados";"Lung";"75-89";"Male";"1978";"159.55"
"Incidence";"Calvados";"Lung";"75-89";"Male";"1979";"189.25"
"Incidence";"Calvados";"Lung";"75-89";"Male";"1980";"156.22"
"Incidence";"Calvados";"Lung";"75-89";"Male";"1981";"207.95"
"Incidence";"Calvados";"Lung";"75-89";"Male";"1982";"236.31"
"Incidence";"Calvados";"Lung";"75-89";"Male";"1983";"274.30"
"Incidence";"Calvados";"Lung";"75-89";"Male";"1984";"244.10"
"Incidence";"Calvados";"Lung";"75-89";"Male";"1985";"277.25"
"Incidence";"Calvados";"Lung";"75-89";"Male";"1986";"210.34"
"Incidence";"Calvados";"Lung";"75-89";"Male";"1987";"195.37"
"Incidence";"Calvados";"Lung";"75-89";"Male";"1988";"293.13"
"Incidence";"Calvados";"Lung";"75-89";"Male";"1989";"201.16"
"Incidence";"Calvados";"Lung";"75-89";"Male";"1990";"379.71"
"Incidence";"Calvados";"Lung";"75-89";"Male";"1991";"239.59"
"Incidence";"Calvados";"Lung";"75-89";"Male";"1992";"245.74"
"Incidence";"Calvados";"Lung";"75-89";"Male";"1993";"346.35"
"Incidence";"Calvados";"Lung";"75-89";"Male";"1994";"260.50"
"Incidence";"Calvados";"Lung";"75-89";"Male";"1995";"277.50"
"Incidence";"Calvados";"Lung";"75-89";"Male";"1996";"317.30"
"Incidence";"Calvados";"Lung";"75-89";"Male";"1997";"288.58"
"Incidence";"Calvados";"Lung";"75-89";"Male";"1998";"287.22"
"Incidence";"Calvados";"Lung";"75-89";"Male";"1999";"280.26"
"Incidence";"Calvados";"Lung";"75-89";"Male";"2000";"288.42"
"Incidence";"Calvados";"Lung";"75-89";"Male";"2001";"288.50"
"Incidence";"Calvados";"Lung";"75-89";"Male";"2002";"339.01"
"Incidence";"Calvados";"Lung";"75-89";"Male";"2003";"351.56"
"Incidence";"Calvados";"Lung";"75-89";"Male";"2004";"353.00"
"Incidence";"Calvados";"Lung";"75-89";"Male";"2005";"371.53"
"Incidence";"Calvados";"Lung";"75-89";"Male";"2006";"408.71"
"Incidence";"Calvados";"Lung";"75-89";"Male";"2007";"477.96"
"Incidence";"Calvados";"Lung";"75-89";"Male";"2008";"335.88"
"Incidence";"Calvados";"Lung";"75-89";"Male";"2009";"397.87"
"Incidence";"Calvados";"Lung";"75-89";"Male";"2010";"397.94"
"Incidence";"Calvados";"Lung";"75-89";"Male";"2011";"369.31"
"Incidence";"Calvados";"Lung";"75-89";"Male";"2012";"355.79"
"Incidence";"Calvados";"Lung";"75-89";"Male";"2013";"386.32"
"Incidence";"Doubs";"Lung";"75-89";"Female";"1978";"0.00"
"Incidence";"Doubs";"Lung";"75-89";"Female";"1979";"16.40"
"Incidence";"Doubs";"Lung";"75-89";"Female";"1980";"0.00"
"Incidence";"Doubs";"Lung";"75-89";"Female";"1981";"0.00"
"Incidence";"Doubs";"Lung";"75-89";"Female";"1982";"38.18"
"Incidence";"Doubs";"Lung";"75-89";"Female";"1983";"22.39"
"Incidence";"Doubs";"Lung";"75-89";"Female";"1984";"0.00"
"Incidence";"Doubs";"Lung";"75-89";"Female";"1985";"7.07"
"Incidence";"Doubs";"Lung";"75-89";"Female";"1986";"20.75"
"Incidence";"Doubs";"Lung";"75-89";"Female";"1987";"0.00"
"Incidence";"Doubs";"Lung";"75-89";"Female";"1988";"19.56"
"Incidence";"Doubs";"Lung";"75-89";"Female";"1989";"25.37"
"Incidence";"Doubs";"Lung";"75-89";"Female";"1990";"18.95"
"Incidence";"Doubs";"Lung";"75-89";"Female";"1991";"70.76"
"Incidence";"Doubs";"Lung";"75-89";"Female";"1992";"26.20"
"Incidence";"Doubs";"Lung";"75-89";"Female";"1993";"59.79"
"Incidence";"Doubs";"Lung";"75-89";"Female";"1994";"33.41"
"Incidence";"Doubs";"Lung";"75-89";"Female";"1995";"52.36"
"Incidence";"Doubs";"Lung";"75-89";"Female";"1996";"50.40"
"Incidence";"Doubs";"Lung";"75-89";"Female";"1997";"67.12"
"Incidence";"Doubs";"Lung";"75-89";"Female";"1998";"41.41"
"Incidence";"Doubs";"Lung";"75-89";"Female";"1999";"46.02"
"Incidence";"Doubs";"Lung";"75-89";"Female";"2000";"44.89"
"Incidence";"Doubs";"Lung";"75-89";"Female";"2001";"38.23"
"Incidence";"Doubs";"Lung";"75-89";"Female";"2002";"85.08"
"Incidence";"Doubs";"Lung";"75-89";"Female";"2003";"51.92"
"Incidence";"Doubs";"Lung";"75-89";"Female";"2004";"65.59"
"Incidence";"Doubs";"Lung";"75-89";"Female";"2005";"72.60"
"Incidence";"Doubs";"Lung";"75-89";"Female";"2006";"59.97"
"Incidence";"Doubs";"Lung";"75-89";"Female";"2007";"88.27"
"Incidence";"Doubs";"Lung";"75-89";"Female";"2008";"110.95"
"Incidence";"Doubs";"Lung";"75-89";"Female";"2009";"112.01"
"Incidence";"Doubs";"Lung";"75-89";"Female";"2010";"81.48"
"Incidence";"Doubs";"Lung";"75-89";"Female";"2011";"68.88"
"Incidence";"Doubs";"Lung";"75-89";"Female";"2012";"104.63"
"Incidence";"Doubs";"Lung";"75-89";"Female";"2013";"64.07"
"Incidence";"Doubs";"Lung";"90-95+";"Female";"1978";"0.00"
"Incidence";"Doubs";"Lung";"90-95+";"Female";"1979";"0.00"
"Incidence";"Doubs";"Lung";"90-95+";"Female";"1980";"0.00"
"Incidence";"Doubs";"Lung";"90-95+";"Female";"1981";"0.00"
"Incidence";"Doubs";"Lung";"90-95+";"Female";"1982";"0.00"
"Incidence";"Doubs";"Lung";"90-95+";"Female";"1983";"0.00"
"Incidence";"Doubs";"Lung";"90-95+";"Female";"1984";"0.00"
"Incidence";"Doubs";"Lung";"90-95+";"Female";"1985";"0.00"
"Incidence";"Doubs";"Lung";"90-95+";"Female";"1986";"0.00"
"Incidence";"Doubs";"Lung";"90-95+";"Female";"1987";"0.00"
"Incidence";"Doubs";"Lung";"90-95+";"Female";"1988";"0.00"
"Incidence";"Doubs";"Lung";"90-95+";"Female";"1989";"87.99"
"Incidence";"Doubs";"Lung";"90-95+";"Female";"1990";"0.00"
"Incidence";"Doubs";"Lung";"90-95+";"Female";"1991";"0.00"
"Incidence";"Doubs";"Lung";"90-95+";"Female";"1992";"0.00"
"Incidence";"Doubs";"Lung";"90-95+";"Female";"1993";"0.00"
"Incidence";"Doubs";"Lung";"90-95+";"Female";"1994";"59.17"
"Incidence";"Doubs";"Lung";"90-95+";"Female";"1995";"0.00"
"Incidence";"Doubs";"Lung";"90-95+";"Female";"1996";"0.00"
"Incidence";"Doubs";"Lung";"90-95+";"Female";"1997";"0.00"
"Incidence";"Doubs";"Lung";"90-95+";"Female";"1998";"0.00"
"Incidence";"Doubs";"Lung";"90-95+";"Female";"1999";"0.00"
"Incidence";"Doubs";"Lung";"90-95+";"Female";"2000";"0.00"
"Incidence";"Doubs";"Lung";"90-95+";"Female";"2001";"0.00"
"Incidence";"Doubs";"Lung";"90-95+";"Female";"2002";"40.99"
"Incidence";"Doubs";"Lung";"90-95+";"Female";"2003";"0.00"
"Incidence";"Doubs";"Lung";"90-95+";"Female";"2004";"78.14"
"Incidence";"Doubs";"Lung";"90-95+";"Female";"2005";"77.10"
"Incidence";"Doubs";"Lung";"90-95+";"Female";"2006";"39.76"
"Incidence";"Doubs";"Lung";"90-95+";"Female";"2007";"127.06"
"Incidence";"Doubs";"Lung";"90-95+";"Female";"2008";"87.89"
"Incidence";"Doubs";"Lung";"90-95+";"Female";"2009";"0.00"
"Incidence";"Doubs";"Lung";"90-95+";"Female";"2010";"38.55"
"Incidence";"Doubs";"Lung";"90-95+";"Female";"2011";"68.93"
"Incidence";"Doubs";"Lung";"90-95+";"Female";"2012";"63.57"
"Incidence";"Doubs";"Lung";"90-95+";"Female";"2013";"58.18"
"Incidence";"Calvados";"Lung";"90-95+";"Male";"1978";"0.00"
"Incidence";"Calvados";"Lung";"90-95+";"Male";"1979";"0.00"
"Incidence";"Calvados";"Lung";"90-95+";"Male";"1980";"0.00"
"Incidence";"Calvados";"Lung";"90-95+";"Male";"1981";"0.00"
"Incidence";"Calvados";"Lung";"90-95+";"Male";"1982";"0.00"
"Incidence";"Calvados";"Lung";"90-95+";"Male";"1983";"0.00"
"Incidence";"Calvados";"Lung";"90-95+";"Male";"1984";"422.83"
"Incidence";"Calvados";"Lung";"90-95+";"Male";"1985";"399.20"
"Incidence";"Calvados";"Lung";"90-95+";"Male";"1986";"0.00"
"Incidence";"Calvados";"Lung";"90-95+";"Male";"1987";"0.00"
"Incidence";"Calvados";"Lung";"90-95+";"Male";"1988";"0.00"
"Incidence";"Calvados";"Lung";"90-95+";"Male";"1989";"262.12"
"Incidence";"Calvados";"Lung";"90-95+";"Male";"1990";"0.00"
"Incidence";"Calvados";"Lung";"90-95+";"Male";"1991";"0.00"
"Incidence";"Calvados";"Lung";"90-95+";"Male";"1992";"0.00"
"Incidence";"Calvados";"Lung";"90-95+";"Male";"1993";"0.00"
"Incidence";"Calvados";"Lung";"90-95+";"Male";"1994";"0.00"
"Incidence";"Calvados";"Lung";"90-95+";"Male";"1995";"0.00"
"Incidence";"Calvados";"Lung";"90-95+";"Male";"1996";"291.12"
"Incidence";"Calvados";"Lung";"90-95+";"Male";"1997";"0.00"
"Incidence";"Calvados";"Lung";"90-95+";"Male";"1998";"258.40"
"Incidence";"Calvados";"Lung";"90-95+";"Male";"1999";"0.00"
"Incidence";"Calvados";"Lung";"90-95+";"Male";"2000";"110.93"
"Incidence";"Calvados";"Lung";"90-95+";"Male";"2001";"101.52"
"Incidence";"Calvados";"Lung";"90-95+";"Male";"2002";"92.46"
"Incidence";"Calvados";"Lung";"90-95+";"Male";"2003";"0.00"
"Incidence";"Calvados";"Lung";"90-95+";"Male";"2004";"151.29"
"Incidence";"Calvados";"Lung";"90-95+";"Male";"2005";"319.87"
"Incidence";"Calvados";"Lung";"90-95+";"Male";"2006";"0.00"
"Incidence";"Calvados";"Lung";"90-95+";"Male";"2007";"100.65"
"Incidence";"Calvados";"Lung";"90-95+";"Male";"2008";"104.22"
"Incidence";"Calvados";"Lung";"90-95+";"Male";"2009";"98.18"
"Incidence";"Calvados";"Lung";"90-95+";"Male";"2010";"0.00"
"Incidence";"Calvados";"Lung";"90-95+";"Male";"2011";"287.87"
"Incidence";"Calvados";"Lung";"90-95+";"Male";"2012";"191.88"
"Incidence";"Calvados";"Lung";"90-95+";"Male";"2013";"290.44"
"Incidence";"Calvados";"Lung";"90-95+";"Female";"1978";"0.00"
"Incidence";"Calvados";"Lung";"90-95+";"Female";"1979";"0.00"
"Incidence";"Calvados";"Lung";"90-95+";"Female";"1980";"88.97"
"Incidence";"Calvados";"Lung";"90-95+";"Female";"1981";"0.00"
"Incidence";"Calvados";"Lung";"90-95+";"Female";"1982";"0.00"
"Incidence";"Calvados";"Lung";"90-95+";"Female";"1983";"0.00"
"Incidence";"Calvados";"Lung";"90-95+";"Female";"1984";"0.00"
"Incidence";"Calvados";"Lung";"90-95+";"Female";"1985";"0.00"
"Incidence";"Calvados";"Lung";"90-95+";"Female";"1986";"0.00"
"Incidence";"Calvados";"Lung";"90-95+";"Female";"1987";"0.00"
"Incidence";"Calvados";"Lung";"90-95+";"Female";"1988";"0.00"
"Incidence";"Calvados";"Lung";"90-95+";"Female";"1989";"0.00"
"Incidence";"Calvados";"Lung";"90-95+";"Female";"1990";"0.00"
"Incidence";"Calvados";"Lung";"90-95+";"Female";"1991";"0.00"
"Incidence";"Calvados";"Lung";"90-95+";"Female";"1992";"0.00"
"Incidence";"Calvados";"Lung";"90-95+";"Female";"1993";"0.00"
"Incidence";"Calvados";"Lung";"90-95+";"Female";"1994";"38.13"
"Incidence";"Calvados";"Lung";"90-95+";"Female";"1995";"0.00"
"Incidence";"Calvados";"Lung";"90-95+";"Female";"1996";"0.00"
"Incidence";"Calvados";"Lung";"90-95+";"Female";"1997";"0.00"
"Incidence";"Calvados";"Lung";"90-95+";"Female";"1998";"0.00"
"Incidence";"Calvados";"Lung";"90-95+";"Female";"1999";"30.46"
"Incidence";"Calvados";"Lung";"90-95+";"Female";"2000";"0.00"
"Incidence";"Calvados";"Lung";"90-95+";"Female";"2001";"0.00"
"Incidence";"Calvados";"Lung";"90-95+";"Female";"2002";"56.79"
"Incidence";"Calvados";"Lung";"90-95+";"Female";"2003";"27.26"
"Incidence";"Calvados";"Lung";"90-95+";"Female";"2004";"105.11"
"Incidence";"Calvados";"Lung";"90-95+";"Female";"2005";"0.00"
"Incidence";"Calvados";"Lung";"90-95+";"Female";"2006";"26.73"
"Incidence";"Calvados";"Lung";"90-95+";"Female";"2007";"83.51"
"Incidence";"Calvados";"Lung";"90-95+";"Female";"2008";"55.95"
"Incidence";"Calvados";"Lung";"90-95+";"Female";"2009";"54.24"
"Incidence";"Calvados";"Lung";"90-95+";"Female";"2010";"74.27"
"Incidence";"Calvados";"Lung";"90-95+";"Female";"2011";"21.65"
"Incidence";"Calvados";"Lung";"90-95+";"Female";"2012";"19.81"
"Incidence";"Calvados";"Lung";"90-95+";"Female";"2013";"18.46"
"Incidence";"Doubs";"Lung";"90-95+";"Male";"1978";"0.00"
"Incidence";"Doubs";"Lung";"90-95+";"Male";"1979";"0.00"
"Incidence";"Doubs";"Lung";"90-95+";"Male";"1980";"0.00"
"Incidence";"Doubs";"Lung";"90-95+";"Male";"1981";"0.00"
"Incidence";"Doubs";"Lung";"90-95+";"Male";"1982";"0.00"
"Incidence";"Doubs";"Lung";"90-95+";"Male";"1983";"0.00"
"Incidence";"Doubs";"Lung";"90-95+";"Male";"1984";"0.00"
"Incidence";"Doubs";"Lung";"90-95+";"Male";"1985";"0.00"
"Incidence";"Doubs";"Lung";"90-95+";"Male";"1986";"0.00"
"Incidence";"Doubs";"Lung";"90-95+";"Male";"1987";"0.00"
"Incidence";"Doubs";"Lung";"90-95+";"Male";"1988";"0.00"
"Incidence";"Doubs";"Lung";"90-95+";"Male";"1989";"0.00"
"Incidence";"Doubs";"Lung";"90-95+";"Male";"1990";"0.00"
"Incidence";"Doubs";"Lung";"90-95+";"Male";"1991";"264.55"
"Incidence";"Doubs";"Lung";"90-95+";"Male";"1992";"0.00"
"Incidence";"Doubs";"Lung";"90-95+";"Male";"1993";"0.00"
"Incidence";"Doubs";"Lung";"90-95+";"Male";"1994";"0.00"
"Incidence";"Doubs";"Lung";"90-95+";"Male";"1995";"196.66"
"Incidence";"Doubs";"Lung";"90-95+";"Male";"1996";"0.00"
"Incidence";"Doubs";"Lung";"90-95+";"Male";"1997";"0.00"
"Incidence";"Doubs";"Lung";"90-95+";"Male";"1998";"0.00"
"Incidence";"Doubs";"Lung";"90-95+";"Male";"1999";"156.62"
"Incidence";"Doubs";"Lung";"90-95+";"Male";"2000";"439.56"
"Incidence";"Doubs";"Lung";"90-95+";"Male";"2001";"0.00"
"Incidence";"Doubs";"Lung";"90-95+";"Male";"2002";"403.50"
"Incidence";"Doubs";"Lung";"90-95+";"Male";"2003";"0.00"
"Incidence";"Doubs";"Lung";"90-95+";"Male";"2004";"129.79"
"Incidence";"Doubs";"Lung";"90-95+";"Male";"2005";"0.00"
"Incidence";"Doubs";"Lung";"90-95+";"Male";"2006";"134.05"
"Incidence";"Doubs";"Lung";"90-95+";"Male";"2007";"0.00"
"Incidence";"Doubs";"Lung";"90-95+";"Male";"2008";"140.35"
"Incidence";"Doubs";"Lung";"90-95+";"Male";"2009";"261.27"
"Incidence";"Doubs";"Lung";"90-95+";"Male";"2010";"114.61"
"Incidence";"Doubs";"Lung";"90-95+";"Male";"2011";"200.30"
"Incidence";"Doubs";"Lung";"90-95+";"Male";"2012";"269.66"
"Incidence";"Doubs";"Lung";"90-95+";"Male";"2013";"418.41"
"Incidence";"Isere";"Lung";"0-14";"Male";"1979";"0.00"
"Incidence";"Isere";"Lung";"0-14";"Male";"1980";"0.00"
"Incidence";"Isere";"Lung";"0-14";"Male";"1981";"0.00"
"Incidence";"Isere";"Lung";"0-14";"Male";"1982";"0.00"
"Incidence";"Isere";"Lung";"0-14";"Male";"1983";"0.00"
"Incidence";"Isere";"Lung";"0-14";"Male";"1984";"0.00"
"Incidence";"Isere";"Lung";"0-14";"Male";"1985";"0.00"
"Incidence";"Isere";"Lung";"0-14";"Male";"1986";"0.00"
"Incidence";"Isere";"Lung";"0-14";"Male";"1987";"0.00"
"Incidence";"Isere";"Lung";"0-14";"Male";"1988";"0.00"
"Incidence";"Isere";"Lung";"0-14";"Male";"1989";"0.00"
"Incidence";"Isere";"Lung";"0-14";"Male";"1990";"0.00"
"Incidence";"Isere";"Lung";"0-14";"Male";"1991";"0.00"
"Incidence";"Isere";"Lung";"0-14";"Male";"1992";"0.00"
"Incidence";"Isere";"Lung";"0-14";"Male";"1993";"0.00"
"Incidence";"Isere";"Lung";"0-14";"Male";"1994";"0.00"
"Incidence";"Isere";"Lung";"0-14";"Male";"1995";"0.00"
"Incidence";"Isere";"Lung";"0-14";"Male";"1996";"0.00"
"Incidence";"Isere";"Lung";"0-14";"Male";"1997";"0.00"
"Incidence";"Isere";"Lung";"0-14";"Male";"1998";"0.00"
"Incidence";"Isere";"Lung";"0-14";"Male";"1999";"0.00"
"Incidence";"Isere";"Lung";"0-14";"Male";"2000";"0.88"
"Incidence";"Isere";"Lung";"0-14";"Male";"2001";"0.00"
"Incidence";"Isere";"Lung";"0-14";"Male";"2002";"0.00"
"Incidence";"Isere";"Lung";"0-14";"Male";"2003";"0.00"
"Incidence";"Isere";"Lung";"0-14";"Male";"2004";"0.85"
"Incidence";"Isere";"Lung";"0-14";"Male";"2005";"0.00"
"Incidence";"Isere";"Lung";"0-14";"Male";"2006";"0.00"
"Incidence";"Isere";"Lung";"0-14";"Male";"2007";"0.00"
"Incidence";"Isere";"Lung";"0-14";"Male";"2008";"0.00"
"Incidence";"Isere";"Lung";"0-14";"Male";"2009";"0.00"
"Incidence";"Isere";"Lung";"0-14";"Male";"2010";"0.00"
"Incidence";"Isere";"Lung";"0-14";"Male";"2011";"0.00"
"Incidence";"Isere";"Lung";"0-14";"Male";"2012";"0.00"
"Incidence";"Isere";"Lung";"0-14";"Male";"2013";"0.80"
"Incidence";"Isere";"Lung";"0-14";"Female";"1979";"0.00"
"Incidence";"Isere";"Lung";"0-14";"Female";"1980";"0.00"
"Incidence";"Isere";"Lung";"0-14";"Female";"1981";"0.00"
"Incidence";"Isere";"Lung";"0-14";"Female";"1982";"0.00"
"Incidence";"Isere";"Lung";"0-14";"Female";"1983";"0.00"
"Incidence";"Isere";"Lung";"0-14";"Female";"1984";"0.00"
"Incidence";"Isere";"Lung";"0-14";"Female";"1985";"0.00"
"Incidence";"Isere";"Lung";"0-14";"Female";"1986";"0.00"
"Incidence";"Isere";"Lung";"0-14";"Female";"1987";"0.00"
"Incidence";"Isere";"Lung";"0-14";"Female";"1988";"0.00"
"Incidence";"Isere";"Lung";"0-14";"Female";"1989";"0.00"
"Incidence";"Isere";"Lung";"0-14";"Female";"1990";"0.00"
"Incidence";"Isere";"Lung";"0-14";"Female";"1991";"0.00"
"Incidence";"Isere";"Lung";"0-14";"Female";"1992";"0.00"
"Incidence";"Isere";"Lung";"0-14";"Female";"1993";"0.00"
"Incidence";"Isere";"Lung";"0-14";"Female";"1994";"0.00"
"Incidence";"Isere";"Lung";"0-14";"Female";"1995";"0.00"
"Incidence";"Isere";"Lung";"0-14";"Female";"1996";"0.00"
"Incidence";"Isere";"Lung";"0-14";"Female";"1997";"0.00"
"Incidence";"Isere";"Lung";"0-14";"Female";"1998";"0.00"
"Incidence";"Isere";"Lung";"0-14";"Female";"1999";"0.00"
"Incidence";"Isere";"Lung";"0-14";"Female";"2000";"0.00"
"Incidence";"Isere";"Lung";"0-14";"Female";"2001";"0.00"
"Incidence";"Isere";"Lung";"0-14";"Female";"2002";"0.00"
"Incidence";"Isere";"Lung";"0-14";"Female";"2003";"0.00"
"Incidence";"Isere";"Lung";"0-14";"Female";"2004";"0.00"
"Incidence";"Isere";"Lung";"0-14";"Female";"2005";"0.00"
"Incidence";"Isere";"Lung";"0-14";"Female";"2006";"0.00"
"Incidence";"Isere";"Lung";"0-14";"Female";"2007";"0.00"
"Incidence";"Isere";"Lung";"0-14";"Female";"2008";"0.00"
"Incidence";"Isere";"Lung";"0-14";"Female";"2009";"0.00"
"Incidence";"Isere";"Lung";"0-14";"Female";"2010";"0.00"
"Incidence";"Isere";"Lung";"0-14";"Female";"2011";"0.86"
"Incidence";"Isere";"Lung";"0-14";"Female";"2012";"0.00"
"Incidence";"Isere";"Lung";"0-14";"Female";"2013";"0.00"
"Incidence";"Isere";"Lung";"15-29";"Male";"1979";"0.00"
"Incidence";"Isere";"Lung";"15-29";"Male";"1980";"0.00"
"Incidence";"Isere";"Lung";"15-29";"Male";"1981";"0.87"
"Incidence";"Isere";"Lung";"15-29";"Male";"1982";"0.00"
"Incidence";"Isere";"Lung";"15-29";"Male";"1983";"0.00"
"Incidence";"Isere";"Lung";"15-29";"Male";"1984";"0.00"
"Incidence";"Isere";"Lung";"15-29";"Male";"1985";"0.00"
"Incidence";"Isere";"Lung";"15-29";"Male";"1986";"1.66"
"Incidence";"Isere";"Lung";"15-29";"Male";"1987";"0.00"
"Incidence";"Isere";"Lung";"15-29";"Male";"1988";"0.00"
"Incidence";"Isere";"Lung";"15-29";"Male";"1989";"0.00"
"Incidence";"Isere";"Lung";"15-29";"Male";"1990";"0.00"
"Incidence";"Isere";"Lung";"15-29";"Male";"1991";"0.81"
"Incidence";"Isere";"Lung";"15-29";"Male";"1992";"0.81"
"Incidence";"Isere";"Lung";"15-29";"Male";"1993";"0.00"
"Incidence";"Isere";"Lung";"15-29";"Male";"1994";"0.00"
"Incidence";"Isere";"Lung";"15-29";"Male";"1995";"0.00"
"Incidence";"Isere";"Lung";"15-29";"Male";"1996";"0.82"
"Incidence";"Isere";"Lung";"15-29";"Male";"1997";"0.00"
"Incidence";"Isere";"Lung";"15-29";"Male";"1998";"0.83"
"Incidence";"Isere";"Lung";"15-29";"Male";"1999";"0.83"
"Incidence";"Isere";"Lung";"15-29";"Male";"2000";"0.00"
"Incidence";"Isere";"Lung";"15-29";"Male";"2001";"0.00"
"Incidence";"Isere";"Lung";"15-29";"Male";"2002";"0.00"
"Incidence";"Isere";"Lung";"15-29";"Male";"2003";"0.84"
"Incidence";"Isere";"Lung";"15-29";"Male";"2004";"0.84"
"Incidence";"Isere";"Lung";"15-29";"Male";"2005";"0.83"
"Incidence";"Isere";"Lung";"15-29";"Male";"2006";"0.00"
"Incidence";"Isere";"Lung";"15-29";"Male";"2007";"0.83"
"Incidence";"Isere";"Lung";"15-29";"Male";"2008";"0.00"
"Incidence";"Isere";"Lung";"15-29";"Male";"2009";"0.00"
"Incidence";"Isere";"Lung";"15-29";"Male";"2010";"0.00"
"Incidence";"Isere";"Lung";"15-29";"Male";"2011";"0.84"
"Incidence";"Isere";"Lung";"15-29";"Male";"2012";"1.68"
"Incidence";"Isere";"Lung";"15-29";"Male";"2013";"0.00"
"Incidence";"Isere";"Lung";"15-29";"Female";"1979";"0.00"
"Incidence";"Isere";"Lung";"15-29";"Female";"1980";"0.91"
"Incidence";"Isere";"Lung";"15-29";"Female";"1981";"0.90"
"Incidence";"Isere";"Lung";"15-29";"Female";"1982";"0.00"
"Incidence";"Isere";"Lung";"15-29";"Female";"1983";"0.00"
"Incidence";"Isere";"Lung";"15-29";"Female";"1984";"0.00"
"Incidence";"Isere";"Lung";"15-29";"Female";"1985";"0.00"
"Incidence";"Isere";"Lung";"15-29";"Female";"1986";"0.00"
"Incidence";"Isere";"Lung";"15-29";"Female";"1987";"0.00"
"Incidence";"Isere";"Lung";"15-29";"Female";"1988";"0.85"
"Incidence";"Isere";"Lung";"15-29";"Female";"1989";"0.00"
"Incidence";"Isere";"Lung";"15-29";"Female";"1990";"0.00"
"Incidence";"Isere";"Lung";"15-29";"Female";"1991";"0.00"
"Incidence";"Isere";"Lung";"15-29";"Female";"1992";"0.00"
"Incidence";"Isere";"Lung";"15-29";"Female";"1993";"0.85"
"Incidence";"Isere";"Lung";"15-29";"Female";"1994";"0.00"
"Incidence";"Isere";"Lung";"15-29";"Female";"1995";"0.00"
"Incidence";"Isere";"Lung";"15-29";"Female";"1996";"0.00"
"Incidence";"Isere";"Lung";"15-29";"Female";"1997";"0.00"
"Incidence";"Isere";"Lung";"15-29";"Female";"1998";"0.86"
"Incidence";"Isere";"Lung";"15-29";"Female";"1999";"0.00"
"Incidence";"Isere";"Lung";"15-29";"Female";"2000";"0.87"
"Incidence";"Isere";"Lung";"15-29";"Female";"2001";"0.88"
"Incidence";"Isere";"Lung";"15-29";"Female";"2002";"0.00"
"Incidence";"Isere";"Lung";"15-29";"Female";"2003";"0.00"
"Incidence";"Isere";"Lung";"15-29";"Female";"2004";"2.62"
"Incidence";"Isere";"Lung";"15-29";"Female";"2005";"0.87"
"Incidence";"Isere";"Lung";"15-29";"Female";"2006";"0.87"
"Incidence";"Isere";"Lung";"15-29";"Female";"2007";"0.00"
"Incidence";"Isere";"Lung";"15-29";"Female";"2008";"0.00"
"Incidence";"Isere";"Lung";"15-29";"Female";"2009";"0.00"
"Incidence";"Isere";"Lung";"15-29";"Female";"2010";"0.00"
"Incidence";"Isere";"Lung";"15-29";"Female";"2011";"0.00"
"Incidence";"Isere";"Lung";"15-29";"Female";"2012";"0.00"
"Incidence";"Isere";"Lung";"15-29";"Female";"2013";"0.00"
"Incidence";"Isere";"Lung";"30-44";"Female";"1979";"3.37"
"Incidence";"Isere";"Lung";"30-44";"Female";"1980";"3.26"
"Incidence";"Isere";"Lung";"30-44";"Female";"1981";"6.32"
"Incidence";"Isere";"Lung";"30-44";"Female";"1982";"2.06"
"Incidence";"Isere";"Lung";"30-44";"Female";"1983";"2.01"
"Incidence";"Isere";"Lung";"30-44";"Female";"1984";"0.00"
"Incidence";"Isere";"Lung";"30-44";"Female";"1985";"1.90"
"Incidence";"Isere";"Lung";"30-44";"Female";"1986";"1.86"
"Incidence";"Isere";"Lung";"30-44";"Female";"1987";"1.82"
"Incidence";"Isere";"Lung";"30-44";"Female";"1988";"3.56"
"Incidence";"Isere";"Lung";"30-44";"Female";"1989";"0.00"
"Incidence";"Isere";"Lung";"30-44";"Female";"1990";"3.42"
"Incidence";"Isere";"Lung";"30-44";"Female";"1991";"4.23"
"Incidence";"Isere";"Lung";"30-44";"Female";"1992";"2.52"
"Incidence";"Isere";"Lung";"30-44";"Female";"1993";"5.87"
"Incidence";"Isere";"Lung";"30-44";"Female";"1994";"5.01"
"Incidence";"Isere";"Lung";"30-44";"Female";"1995";"4.98"
"Incidence";"Isere";"Lung";"30-44";"Female";"1996";"1.65"
"Incidence";"Isere";"Lung";"30-44";"Female";"1997";"1.65"
"Incidence";"Isere";"Lung";"30-44";"Female";"1998";"5.74"
"Incidence";"Isere";"Lung";"30-44";"Female";"1999";"8.15"
"Incidence";"Isere";"Lung";"30-44";"Female";"2000";"3.24"
"Incidence";"Isere";"Lung";"30-44";"Female";"2001";"3.21"
"Incidence";"Isere";"Lung";"30-44";"Female";"2002";"3.99"
"Incidence";"Isere";"Lung";"30-44";"Female";"2003";"9.50"
"Incidence";"Isere";"Lung";"30-44";"Female";"2004";"5.52"
"Incidence";"Isere";"Lung";"30-44";"Female";"2005";"5.52"
"Incidence";"Isere";"Lung";"30-44";"Female";"2006";"4.74"
"Incidence";"Isere";"Lung";"30-44";"Female";"2007";"3.17"
"Incidence";"Isere";"Lung";"30-44";"Female";"2008";"7.96"
"Incidence";"Isere";"Lung";"30-44";"Female";"2009";"4.00"
"Incidence";"Isere";"Lung";"30-44";"Female";"2010";"7.23"
"Incidence";"Isere";"Lung";"30-44";"Female";"2011";"3.22"
"Incidence";"Isere";"Lung";"30-44";"Female";"2012";"6.42"
"Incidence";"Isere";"Lung";"30-44";"Female";"2013";"4.03"
"Incidence";"Isere";"Lung";"30-44";"Male";"1979";"9.52"
"Incidence";"Isere";"Lung";"30-44";"Male";"1980";"11.30"
"Incidence";"Isere";"Lung";"30-44";"Male";"1981";"10.98"
"Incidence";"Isere";"Lung";"30-44";"Male";"1982";"13.74"
"Incidence";"Isere";"Lung";"30-44";"Male";"1983";"13.54"
"Incidence";"Isere";"Lung";"30-44";"Male";"1984";"10.39"
"Incidence";"Isere";"Lung";"30-44";"Male";"1985";"11.08"
"Incidence";"Isere";"Lung";"30-44";"Male";"1986";"10.87"
"Incidence";"Isere";"Lung";"30-44";"Male";"1987";"13.37"
"Incidence";"Isere";"Lung";"30-44";"Male";"1988";"11.41"
"Incidence";"Isere";"Lung";"30-44";"Male";"1989";"9.49"
"Incidence";"Isere";"Lung";"30-44";"Male";"1990";"15.25"
"Incidence";"Isere";"Lung";"30-44";"Male";"1991";"10.92"
"Incidence";"Isere";"Lung";"30-44";"Male";"1992";"13.43"
"Incidence";"Isere";"Lung";"30-44";"Male";"1993";"20.17"
"Incidence";"Isere";"Lung";"30-44";"Male";"1994";"12.60"
"Incidence";"Isere";"Lung";"30-44";"Male";"1995";"17.58"
"Incidence";"Isere";"Lung";"30-44";"Male";"1996";"7.50"
"Incidence";"Isere";"Lung";"30-44";"Male";"1997";"13.25"
"Incidence";"Isere";"Lung";"30-44";"Male";"1998";"6.59"
"Incidence";"Isere";"Lung";"30-44";"Male";"1999";"7.37"
"Incidence";"Isere";"Lung";"30-44";"Male";"2000";"8.94"
"Incidence";"Isere";"Lung";"30-44";"Male";"2001";"9.67"
"Incidence";"Isere";"Lung";"30-44";"Male";"2002";"7.98"
"Incidence";"Isere";"Lung";"30-44";"Male";"2003";"7.13"
"Incidence";"Isere";"Lung";"30-44";"Male";"2004";"9.46"
"Incidence";"Isere";"Lung";"30-44";"Male";"2005";"10.24"
"Incidence";"Isere";"Lung";"30-44";"Male";"2006";"5.53"
"Incidence";"Isere";"Lung";"30-44";"Male";"2007";"11.11"
"Incidence";"Isere";"Lung";"30-44";"Male";"2008";"5.58"
"Incidence";"Isere";"Lung";"30-44";"Male";"2009";"5.60"
"Incidence";"Isere";"Lung";"30-44";"Male";"2010";"8.05"
"Incidence";"Isere";"Lung";"30-44";"Male";"2011";"5.65"
"Incidence";"Isere";"Lung";"30-44";"Male";"2012";"4.84"
"Incidence";"Isere";"Lung";"30-44";"Male";"2013";"5.67"
"Incidence";"Isere";"Lung";"45-59";"Female";"1979";"5.28"
"Incidence";"Isere";"Lung";"45-59";"Female";"1980";"6.50"
"Incidence";"Isere";"Lung";"45-59";"Female";"1981";"7.80"
"Incidence";"Isere";"Lung";"45-59";"Female";"1982";"11.72"
"Incidence";"Isere";"Lung";"45-59";"Female";"1983";"7.82"
"Incidence";"Isere";"Lung";"45-59";"Female";"1984";"3.91"
"Incidence";"Isere";"Lung";"45-59";"Female";"1985";"7.82"
"Incidence";"Isere";"Lung";"45-59";"Female";"1986";"6.54"
"Incidence";"Isere";"Lung";"45-59";"Female";"1987";"7.84"
"Incidence";"Isere";"Lung";"45-59";"Female";"1988";"11.70"
"Incidence";"Isere";"Lung";"45-59";"Female";"1989";"7.72"
"Incidence";"Isere";"Lung";"45-59";"Female";"1990";"19.09"
"Incidence";"Isere";"Lung";"45-59";"Female";"1991";"12.50"
"Incidence";"Isere";"Lung";"45-59";"Female";"1992";"3.64"
"Incidence";"Isere";"Lung";"45-59";"Female";"1993";"11.77"
"Incidence";"Isere";"Lung";"45-59";"Female";"1994";"14.84"
"Incidence";"Isere";"Lung";"45-59";"Female";"1995";"22.14"
"Incidence";"Isere";"Lung";"45-59";"Female";"1996";"16.10"
"Incidence";"Isere";"Lung";"45-59";"Female";"1997";"14.60"
"Incidence";"Isere";"Lung";"45-59";"Female";"1998";"22.33"
"Incidence";"Isere";"Lung";"45-59";"Female";"1999";"22.72"
"Incidence";"Isere";"Lung";"45-59";"Female";"2000";"19.21"
"Incidence";"Isere";"Lung";"45-59";"Female";"2001";"25.24"
"Incidence";"Isere";"Lung";"45-59";"Female";"2002";"19.17"
"Incidence";"Isere";"Lung";"45-59";"Female";"2003";"29.52"
"Incidence";"Isere";"Lung";"45-59";"Female";"2004";"28.09"
"Incidence";"Isere";"Lung";"45-59";"Female";"2005";"40.53"
"Incidence";"Isere";"Lung";"45-59";"Female";"2006";"28.99"
"Incidence";"Isere";"Lung";"45-59";"Female";"2007";"41.53"
"Incidence";"Isere";"Lung";"45-59";"Female";"2008";"46.37"
"Incidence";"Isere";"Lung";"45-59";"Female";"2009";"51.09"
"Incidence";"Isere";"Lung";"45-59";"Female";"2010";"37.46"
"Incidence";"Isere";"Lung";"45-59";"Female";"2011";"40.48"
"Incidence";"Isere";"Lung";"45-59";"Female";"2012";"32.76"
"Incidence";"Isere";"Lung";"45-59";"Female";"2013";"55.27"
"Incidence";"Isere";"Lung";"45-59";"Male";"1979";"105.42"
"Incidence";"Isere";"Lung";"45-59";"Male";"1980";"107.92"
"Incidence";"Isere";"Lung";"45-59";"Male";"1981";"93.52"
"Incidence";"Isere";"Lung";"45-59";"Male";"1982";"97.51"
"Incidence";"Isere";"Lung";"45-59";"Male";"1983";"102.68"
"Incidence";"Isere";"Lung";"45-59";"Male";"1984";"109.02"
"Incidence";"Isere";"Lung";"45-59";"Male";"1985";"120.96"
"Incidence";"Isere";"Lung";"45-59";"Male";"1986";"121.14"
"Incidence";"Isere";"Lung";"45-59";"Male";"1987";"112.86"
"Incidence";"Isere";"Lung";"45-59";"Male";"1988";"122.08"
"Incidence";"Isere";"Lung";"45-59";"Male";"1989";"87.51"
"Incidence";"Isere";"Lung";"45-59";"Male";"1990";"86.47"
"Incidence";"Isere";"Lung";"45-59";"Male";"1991";"114.31"
"Incidence";"Isere";"Lung";"45-59";"Male";"1992";"111.91"
"Incidence";"Isere";"Lung";"45-59";"Male";"1993";"93.26"
"Incidence";"Isere";"Lung";"45-59";"Male";"1994";"106.11"
"Incidence";"Isere";"Lung";"45-59";"Male";"1995";"98.80"
"Incidence";"Isere";"Lung";"45-59";"Male";"1996";"105.75"
"Incidence";"Isere";"Lung";"45-59";"Male";"1997";"95.02"
"Incidence";"Isere";"Lung";"45-59";"Male";"1998";"111.14"
"Incidence";"Isere";"Lung";"45-59";"Male";"1999";"90.89"
"Incidence";"Isere";"Lung";"45-59";"Male";"2000";"106.22"
"Incidence";"Isere";"Lung";"45-59";"Male";"2001";"86.04"
"Incidence";"Isere";"Lung";"45-59";"Male";"2002";"91.90"
"Incidence";"Isere";"Lung";"45-59";"Male";"2003";"102.46"
"Incidence";"Isere";"Lung";"45-59";"Male";"2004";"124.47"
"Incidence";"Isere";"Lung";"45-59";"Male";"2005";"119.04"
"Incidence";"Isere";"Lung";"45-59";"Male";"2006";"109.99"
"Incidence";"Isere";"Lung";"45-59";"Male";"2007";"112.04"
"Incidence";"Isere";"Lung";"45-59";"Male";"2008";"94.87"
"Incidence";"Isere";"Lung";"45-59";"Male";"2009";"105.35"
"Incidence";"Isere";"Lung";"45-59";"Male";"2010";"103.58"
"Incidence";"Isere";"Lung";"45-59";"Male";"2011";"89.98"
"Incidence";"Isere";"Lung";"45-59";"Male";"2012";"103.17"
"Incidence";"Isere";"Lung";"45-59";"Male";"2013";"82.89"
"Incidence";"Isere";"Lung";"60-74";"Female";"1979";"22.04"
"Incidence";"Isere";"Lung";"60-74";"Female";"1980";"34.10"
"Incidence";"Isere";"Lung";"60-74";"Female";"1981";"19.69"
"Incidence";"Isere";"Lung";"60-74";"Female";"1982";"11.58"
"Incidence";"Isere";"Lung";"60-74";"Female";"1983";"18.96"
"Incidence";"Isere";"Lung";"60-74";"Female";"1984";"28.01"
"Incidence";"Isere";"Lung";"60-74";"Female";"1985";"40.46"
"Incidence";"Isere";"Lung";"60-74";"Female";"1986";"23.49"
"Incidence";"Isere";"Lung";"60-74";"Female";"1987";"19.51"
"Incidence";"Isere";"Lung";"60-74";"Female";"1988";"27.92"
"Incidence";"Isere";"Lung";"60-74";"Female";"1989";"18.84"
"Incidence";"Isere";"Lung";"60-74";"Female";"1990";"36.56"
"Incidence";"Isere";"Lung";"60-74";"Female";"1991";"28.73"
"Incidence";"Isere";"Lung";"60-74";"Female";"1992";"27.64"
"Incidence";"Isere";"Lung";"60-74";"Female";"1993";"44.58"
"Incidence";"Isere";"Lung";"60-74";"Female";"1994";"31.79"
"Incidence";"Isere";"Lung";"60-74";"Female";"1995";"32.80"
"Incidence";"Isere";"Lung";"60-74";"Female";"1996";"42.76"
"Incidence";"Isere";"Lung";"60-74";"Female";"1997";"32.74"
"Incidence";"Isere";"Lung";"60-74";"Female";"1998";"36.99"
"Incidence";"Isere";"Lung";"60-74";"Female";"1999";"41.13"
"Incidence";"Isere";"Lung";"60-74";"Female";"2000";"35.35"
"Incidence";"Isere";"Lung";"60-74";"Female";"2001";"36.73"
"Incidence";"Isere";"Lung";"60-74";"Female";"2002";"45.03"
"Incidence";"Isere";"Lung";"60-74";"Female";"2003";"33.49"
"Incidence";"Isere";"Lung";"60-74";"Female";"2004";"56.55"
"Incidence";"Isere";"Lung";"60-74";"Female";"2005";"72.36"
"Incidence";"Isere";"Lung";"60-74";"Female";"2006";"52.32"
"Incidence";"Isere";"Lung";"60-74";"Female";"2007";"44.32"
"Incidence";"Isere";"Lung";"60-74";"Female";"2008";"64.76"
"Incidence";"Isere";"Lung";"60-74";"Female";"2009";"80.39"
"Incidence";"Isere";"Lung";"60-74";"Female";"2010";"64.58"
"Incidence";"Isere";"Lung";"60-74";"Female";"2011";"69.54"
"Incidence";"Isere";"Lung";"60-74";"Female";"2012";"77.72"
"Incidence";"Isere";"Lung";"60-74";"Female";"2013";"73.28"
"Incidence";"Isere";"Lung";"60-74";"Male";"1979";"279.09"
"Incidence";"Isere";"Lung";"60-74";"Male";"1980";"304.48"
"Incidence";"Isere";"Lung";"60-74";"Male";"1981";"311.91"
"Incidence";"Isere";"Lung";"60-74";"Male";"1982";"264.51"
"Incidence";"Isere";"Lung";"60-74";"Male";"1983";"311.28"
"Incidence";"Isere";"Lung";"60-74";"Male";"1984";"292.63"
"Incidence";"Isere";"Lung";"60-74";"Male";"1985";"334.58"
"Incidence";"Isere";"Lung";"60-74";"Male";"1986";"264.54"
"Incidence";"Isere";"Lung";"60-74";"Male";"1987";"282.49"
"Incidence";"Isere";"Lung";"60-74";"Male";"1988";"267.85"
"Incidence";"Isere";"Lung";"60-74";"Male";"1989";"336.25"
"Incidence";"Isere";"Lung";"60-74";"Male";"1990";"305.93"
"Incidence";"Isere";"Lung";"60-74";"Male";"1991";"323.64"
"Incidence";"Isere";"Lung";"60-74";"Male";"1992";"325.20"
"Incidence";"Isere";"Lung";"60-74";"Male";"1993";"296.87"
"Incidence";"Isere";"Lung";"60-74";"Male";"1994";"271.23"
"Incidence";"Isere";"Lung";"60-74";"Male";"1995";"303.23"
"Incidence";"Isere";"Lung";"60-74";"Male";"1996";"313.35"
"Incidence";"Isere";"Lung";"60-74";"Male";"1997";"290.06"
"Incidence";"Isere";"Lung";"60-74";"Male";"1998";"302.33"
"Incidence";"Isere";"Lung";"60-74";"Male";"1999";"350.13"
"Incidence";"Isere";"Lung";"60-74";"Male";"2000";"301.45"
"Incidence";"Isere";"Lung";"60-74";"Male";"2001";"293.27"
"Incidence";"Isere";"Lung";"60-74";"Male";"2002";"307.78"
"Incidence";"Isere";"Lung";"60-74";"Male";"2003";"286.30"
"Incidence";"Isere";"Lung";"60-74";"Male";"2004";"310.75"
"Incidence";"Isere";"Lung";"60-74";"Male";"2005";"303.16"
"Incidence";"Isere";"Lung";"60-74";"Male";"2006";"275.61"
"Incidence";"Isere";"Lung";"60-74";"Male";"2007";"325.26"
"Incidence";"Isere";"Lung";"60-74";"Male";"2008";"289.00"
"Incidence";"Isere";"Lung";"60-74";"Male";"2009";"310.02"
"Incidence";"Isere";"Lung";"60-74";"Male";"2010";"297.53"
"Incidence";"Isere";"Lung";"60-74";"Male";"2011";"295.13"
"Incidence";"Isere";"Lung";"60-74";"Male";"2012";"306.59"
"Incidence";"Isere";"Lung";"60-74";"Male";"2013";"255.01"
"Incidence";"Isere";"Lung";"75-89";"Male";"1979";"269.28"
"Incidence";"Isere";"Lung";"75-89";"Male";"1980";"195.99"
"Incidence";"Isere";"Lung";"75-89";"Male";"1981";"311.31"
"Incidence";"Isere";"Lung";"75-89";"Male";"1982";"323.14"
"Incidence";"Isere";"Lung";"75-89";"Male";"1983";"280.55"
"Incidence";"Isere";"Lung";"75-89";"Male";"1984";"306.21"
"Incidence";"Isere";"Lung";"75-89";"Male";"1985";"197.18"
"Incidence";"Isere";"Lung";"75-89";"Male";"1986";"285.53"
"Incidence";"Isere";"Lung";"75-89";"Male";"1987";"361.95"
"Incidence";"Isere";"Lung";"75-89";"Male";"1988";"321.04"
"Incidence";"Isere";"Lung";"75-89";"Male";"1989";"383.79"
"Incidence";"Isere";"Lung";"75-89";"Male";"1990";"251.87"
"Incidence";"Isere";"Lung";"75-89";"Male";"1991";"400.60"
"Incidence";"Isere";"Lung";"75-89";"Male";"1992";"340.03"
"Incidence";"Isere";"Lung";"75-89";"Male";"1993";"381.04"
"Incidence";"Isere";"Lung";"75-89";"Male";"1994";"376.54"
"Incidence";"Isere";"Lung";"75-89";"Male";"1995";"352.18"
"Incidence";"Isere";"Lung";"75-89";"Male";"1996";"426.60"
"Incidence";"Isere";"Lung";"75-89";"Male";"1997";"345.55"
"Incidence";"Isere";"Lung";"75-89";"Male";"1998";"358.78"
"Incidence";"Isere";"Lung";"75-89";"Male";"1999";"348.87"
"Incidence";"Isere";"Lung";"75-89";"Male";"2000";"473.05"
"Incidence";"Isere";"Lung";"75-89";"Male";"2001";"385.43"
"Incidence";"Isere";"Lung";"75-89";"Male";"2002";"321.73"
"Incidence";"Isere";"Lung";"75-89";"Male";"2003";"410.65"
"Incidence";"Isere";"Lung";"75-89";"Male";"2004";"426.64"
"Incidence";"Isere";"Lung";"75-89";"Male";"2005";"417.60"
"Incidence";"Isere";"Lung";"75-89";"Male";"2006";"386.59"
"Incidence";"Isere";"Lung";"75-89";"Male";"2007";"447.76"
"Incidence";"Isere";"Lung";"75-89";"Male";"2008";"420.91"
"Incidence";"Isere";"Lung";"75-89";"Male";"2009";"409.27"
"Incidence";"Isere";"Lung";"75-89";"Male";"2010";"350.29"
"Incidence";"Isere";"Lung";"75-89";"Male";"2011";"393.85"
"Incidence";"Isere";"Lung";"75-89";"Male";"2012";"329.63"
"Incidence";"Isere";"Lung";"75-89";"Male";"2013";"411.96"
"Incidence";"Isere";"Lung";"75-89";"Female";"1979";"14.78"
"Incidence";"Isere";"Lung";"75-89";"Female";"1980";"10.77"
"Incidence";"Isere";"Lung";"75-89";"Female";"1981";"38.44"
"Incidence";"Isere";"Lung";"75-89";"Female";"1982";"23.82"
"Incidence";"Isere";"Lung";"75-89";"Female";"1983";"16.62"
"Incidence";"Isere";"Lung";"75-89";"Female";"1984";"22.78"
"Incidence";"Isere";"Lung";"75-89";"Female";"1985";"25.54"
"Incidence";"Isere";"Lung";"75-89";"Female";"1986";"25.19"
"Incidence";"Isere";"Lung";"75-89";"Female";"1987";"27.83"
"Incidence";"Isere";"Lung";"75-89";"Female";"1988";"24.12"
"Incidence";"Isere";"Lung";"75-89";"Female";"1989";"35.35"
"Incidence";"Isere";"Lung";"75-89";"Female";"1990";"26.46"
"Incidence";"Isere";"Lung";"75-89";"Female";"1991";"45.01"
"Incidence";"Isere";"Lung";"75-89";"Female";"1992";"42.98"
"Incidence";"Isere";"Lung";"75-89";"Female";"1993";"65.98"
"Incidence";"Isere";"Lung";"75-89";"Female";"1994";"35.15"
"Incidence";"Isere";"Lung";"75-89";"Female";"1995";"40.93"
"Incidence";"Isere";"Lung";"75-89";"Female";"1996";"54.61"
"Incidence";"Isere";"Lung";"75-89";"Female";"1997";"52.64"
"Incidence";"Isere";"Lung";"75-89";"Female";"1998";"48.02"
"Incidence";"Isere";"Lung";"75-89";"Female";"1999";"35.73"
"Incidence";"Isere";"Lung";"75-89";"Female";"2000";"42.82"
"Incidence";"Isere";"Lung";"75-89";"Female";"2001";"64.82"
"Incidence";"Isere";"Lung";"75-89";"Female";"2002";"60.33"
"Incidence";"Isere";"Lung";"75-89";"Female";"2003";"46.41"
"Incidence";"Isere";"Lung";"75-89";"Female";"2004";"75.74"
"Incidence";"Isere";"Lung";"75-89";"Female";"2005";"77.00"
"Incidence";"Isere";"Lung";"75-89";"Female";"2006";"73.14"
"Incidence";"Isere";"Lung";"75-89";"Female";"2007";"92.69"
"Incidence";"Isere";"Lung";"75-89";"Female";"2008";"109.55"
"Incidence";"Isere";"Lung";"75-89";"Female";"2009";"112.39"
"Incidence";"Isere";"Lung";"75-89";"Female";"2010";"83.66"
"Incidence";"Isere";"Lung";"75-89";"Female";"2011";"90.67"
"Incidence";"Isere";"Lung";"75-89";"Female";"2012";"90.70"
"Incidence";"Isere";"Lung";"75-89";"Female";"2013";"107.51"
"Incidence";"Isere";"Lung";"90-95+";"Male";"1979";"224.72"
"Incidence";"Isere";"Lung";"90-95+";"Male";"1980";"0.00"
"Incidence";"Isere";"Lung";"90-95+";"Male";"1981";"0.00"
"Incidence";"Isere";"Lung";"90-95+";"Male";"1982";"208.77"
"Incidence";"Isere";"Lung";"90-95+";"Male";"1983";"196.08"
"Incidence";"Isere";"Lung";"90-95+";"Male";"1984";"187.79"
"Incidence";"Isere";"Lung";"90-95+";"Male";"1985";"184.50"
"Incidence";"Isere";"Lung";"90-95+";"Male";"1986";"0.00"
"Incidence";"Isere";"Lung";"90-95+";"Male";"1987";"0.00"
"Incidence";"Isere";"Lung";"90-95+";"Male";"1988";"0.00"
"Incidence";"Isere";"Lung";"90-95+";"Male";"1989";"0.00"
"Incidence";"Isere";"Lung";"90-95+";"Male";"1990";"411.52"
"Incidence";"Isere";"Lung";"90-95+";"Male";"1991";"0.00"
"Incidence";"Isere";"Lung";"90-95+";"Male";"1992";"111.79"
"Incidence";"Isere";"Lung";"90-95+";"Male";"1993";"306.91"
"Incidence";"Isere";"Lung";"90-95+";"Male";"1994";"0.00"
"Incidence";"Isere";"Lung";"90-95+";"Male";"1995";"371.75"
"Incidence";"Isere";"Lung";"90-95+";"Male";"1996";"0.00"
"Incidence";"Isere";"Lung";"90-95+";"Male";"1997";"169.85"
"Incidence";"Isere";"Lung";"90-95+";"Male";"1998";"332.64"
"Incidence";"Isere";"Lung";"90-95+";"Male";"1999";"328.81"
"Incidence";"Isere";"Lung";"90-95+";"Male";"2000";"158.42"
"Incidence";"Isere";"Lung";"90-95+";"Male";"2001";"613.97"
"Incidence";"Isere";"Lung";"90-95+";"Male";"2002";"75.79"
"Incidence";"Isere";"Lung";"90-95+";"Male";"2003";"220.91"
"Incidence";"Isere";"Lung";"90-95+";"Male";"2004";"218.74"
"Incidence";"Isere";"Lung";"90-95+";"Male";"2005";"194.36"
"Incidence";"Isere";"Lung";"90-95+";"Male";"2006";"122.14"
"Incidence";"Isere";"Lung";"90-95+";"Male";"2007";"394.22"
"Incidence";"Isere";"Lung";"90-95+";"Male";"2008";"276.43"
"Incidence";"Isere";"Lung";"90-95+";"Male";"2009";"330.58"
"Incidence";"Isere";"Lung";"90-95+";"Male";"2010";"224.22"
"Incidence";"Isere";"Lung";"90-95+";"Male";"2011";"183.15"
"Incidence";"Isere";"Lung";"90-95+";"Male";"2012";"158.89"
"Incidence";"Isere";"Lung";"90-95+";"Male";"2013";"293.58"
"Incidence";"Isere";"Lung";"90-95+";"Female";"1979";"0.00"
"Incidence";"Isere";"Lung";"90-95+";"Female";"1980";"60.96"
"Incidence";"Isere";"Lung";"90-95+";"Female";"1981";"59.31"
"Incidence";"Isere";"Lung";"90-95+";"Female";"1982";"0.00"
"Incidence";"Isere";"Lung";"90-95+";"Female";"1983";"0.00"
"Incidence";"Isere";"Lung";"90-95+";"Female";"1984";"0.00"
"Incidence";"Isere";"Lung";"90-95+";"Female";"1985";"0.00"
"Incidence";"Isere";"Lung";"90-95+";"Female";"1986";"0.00"
"Incidence";"Isere";"Lung";"90-95+";"Female";"1987";"0.00"
"Incidence";"Isere";"Lung";"90-95+";"Female";"1988";"0.00"
"Incidence";"Isere";"Lung";"90-95+";"Female";"1989";"0.00"
"Incidence";"Isere";"Lung";"90-95+";"Female";"1990";"0.00"
"Incidence";"Isere";"Lung";"90-95+";"Female";"1991";"0.00"
"Incidence";"Isere";"Lung";"90-95+";"Female";"1992";"28.30"
"Incidence";"Isere";"Lung";"90-95+";"Female";"1993";"26.56"
"Incidence";"Isere";"Lung";"90-95+";"Female";"1994";"0.00"
"Incidence";"Isere";"Lung";"90-95+";"Female";"1995";"24.25"
"Incidence";"Isere";"Lung";"90-95+";"Female";"1996";"22.94"
"Incidence";"Isere";"Lung";"90-95+";"Female";"1997";"131.00"
"Incidence";"Isere";"Lung";"90-95+";"Female";"1998";"42.31"
"Incidence";"Isere";"Lung";"90-95+";"Female";"1999";"20.86"
"Incidence";"Isere";"Lung";"90-95+";"Female";"2000";"41.02"
"Incidence";"Isere";"Lung";"90-95+";"Female";"2001";"60.14"
"Incidence";"Isere";"Lung";"90-95+";"Female";"2002";"39.33"
"Incidence";"Isere";"Lung";"90-95+";"Female";"2003";"0.00"
"Incidence";"Isere";"Lung";"90-95+";"Female";"2004";"56.79"
"Incidence";"Isere";"Lung";"90-95+";"Female";"2005";"18.23"
"Incidence";"Isere";"Lung";"90-95+";"Female";"2006";"0.00"
"Incidence";"Isere";"Lung";"90-95+";"Female";"2007";"39.12"
"Incidence";"Isere";"Lung";"90-95+";"Female";"2008";"40.32"
"Incidence";"Isere";"Lung";"90-95+";"Female";"2009";"61.54"
"Incidence";"Isere";"Lung";"90-95+";"Female";"2010";"0.00"
"Incidence";"Isere";"Lung";"90-95+";"Female";"2011";"49.83"
"Incidence";"Isere";"Lung";"90-95+";"Female";"2012";"89.40"
"Incidence";"Isere";"Lung";"90-95+";"Female";"2013";"40.63"
"Incidence";"Tarn";"Lung";"0-14";"Female";"1982";"0.00"
"Incidence";"Tarn";"Lung";"0-14";"Female";"1983";"0.00"
"Incidence";"Tarn";"Lung";"0-14";"Female";"1984";"0.00"
"Incidence";"Tarn";"Lung";"0-14";"Female";"1985";"0.00"
"Incidence";"Tarn";"Lung";"0-14";"Female";"1986";"0.00"
"Incidence";"Tarn";"Lung";"0-14";"Female";"1987";"0.00"
"Incidence";"Tarn";"Lung";"0-14";"Female";"1988";"0.00"
"Incidence";"Tarn";"Lung";"0-14";"Female";"1989";"0.00"
"Incidence";"Tarn";"Lung";"0-14";"Female";"1990";"0.00"
"Incidence";"Tarn";"Lung";"0-14";"Female";"1991";"0.00"
"Incidence";"Tarn";"Lung";"0-14";"Female";"1992";"0.00"
"Incidence";"Tarn";"Lung";"0-14";"Female";"1993";"0.00"
"Incidence";"Tarn";"Lung";"0-14";"Female";"1994";"0.00"
"Incidence";"Tarn";"Lung";"0-14";"Female";"1995";"0.00"
"Incidence";"Tarn";"Lung";"0-14";"Female";"1996";"0.00"
"Incidence";"Tarn";"Lung";"0-14";"Female";"1997";"0.00"
"Incidence";"Tarn";"Lung";"0-14";"Female";"1998";"0.00"
"Incidence";"Tarn";"Lung";"0-14";"Female";"1999";"0.00"
"Incidence";"Tarn";"Lung";"0-14";"Female";"2000";"0.00"
"Incidence";"Tarn";"Lung";"0-14";"Female";"2001";"0.00"
"Incidence";"Tarn";"Lung";"0-14";"Female";"2002";"0.00"
"Incidence";"Tarn";"Lung";"0-14";"Female";"2003";"0.00"
"Incidence";"Tarn";"Lung";"0-14";"Female";"2004";"0.00"
"Incidence";"Tarn";"Lung";"0-14";"Female";"2005";"0.00"
"Incidence";"Tarn";"Lung";"0-14";"Female";"2006";"0.00"
"Incidence";"Tarn";"Lung";"0-14";"Female";"2007";"0.00"
"Incidence";"Tarn";"Lung";"0-14";"Female";"2008";"3.28"
"Incidence";"Tarn";"Lung";"0-14";"Female";"2009";"0.00"
"Incidence";"Tarn";"Lung";"0-14";"Female";"2010";"0.00"
"Incidence";"Tarn";"Lung";"0-14";"Female";"2011";"0.00"
"Incidence";"Tarn";"Lung";"0-14";"Female";"2012";"0.00"
"Incidence";"Tarn";"Lung";"0-14";"Female";"2013";"0.00"
"Incidence";"Somme";"Lung";"0-14";"Male";"1982";"0.00"
"Incidence";"Somme";"Lung";"0-14";"Male";"1983";"0.00"
"Incidence";"Somme";"Lung";"0-14";"Male";"1984";"0.00"
"Incidence";"Somme";"Lung";"0-14";"Male";"1985";"0.00"
"Incidence";"Somme";"Lung";"0-14";"Male";"1986";"0.00"
"Incidence";"Somme";"Lung";"0-14";"Male";"1987";"0.00"
"Incidence";"Somme";"Lung";"0-14";"Male";"1988";"0.00"
"Incidence";"Somme";"Lung";"0-14";"Male";"1989";"0.00"
"Incidence";"Somme";"Lung";"0-14";"Male";"1990";"0.00"
"Incidence";"Somme";"Lung";"0-14";"Male";"1991";"0.00"
"Incidence";"Somme";"Lung";"0-14";"Male";"1992";"0.00"
"Incidence";"Somme";"Lung";"0-14";"Male";"1993";"0.00"
"Incidence";"Somme";"Lung";"0-14";"Male";"1994";"0.00"
"Incidence";"Somme";"Lung";"0-14";"Male";"1995";"0.00"
"Incidence";"Somme";"Lung";"0-14";"Male";"1996";"0.00"
"Incidence";"Somme";"Lung";"0-14";"Male";"1997";"0.00"
"Incidence";"Somme";"Lung";"0-14";"Male";"1998";"0.00"
"Incidence";"Somme";"Lung";"0-14";"Male";"1999";"0.00"
"Incidence";"Somme";"Lung";"0-14";"Male";"2000";"0.00"
"Incidence";"Somme";"Lung";"0-14";"Male";"2001";"0.00"
"Incidence";"Somme";"Lung";"0-14";"Male";"2002";"0.00"
"Incidence";"Somme";"Lung";"0-14";"Male";"2003";"0.00"
"Incidence";"Somme";"Lung";"0-14";"Male";"2004";"0.00"
"Incidence";"Somme";"Lung";"0-14";"Male";"2005";"0.00"
"Incidence";"Somme";"Lung";"0-14";"Male";"2006";"0.00"
"Incidence";"Somme";"Lung";"0-14";"Male";"2007";"0.00"
"Incidence";"Somme";"Lung";"0-14";"Male";"2008";"0.00"
"Incidence";"Somme";"Lung";"0-14";"Male";"2009";"0.00"
"Incidence";"Somme";"Lung";"0-14";"Male";"2010";"0.00"
"Incidence";"Somme";"Lung";"0-14";"Male";"2011";"0.00"
"Incidence";"Somme";"Lung";"0-14";"Male";"2012";"0.00"
"Incidence";"Somme";"Lung";"0-14";"Male";"2013";"0.00"
"Incidence";"Somme";"Lung";"0-14";"Female";"1982";"0.00"
"Incidence";"Somme";"Lung";"0-14";"Female";"1983";"0.00"
"Incidence";"Somme";"Lung";"0-14";"Female";"1984";"0.00"
"Incidence";"Somme";"Lung";"0-14";"Female";"1985";"0.00"
"Incidence";"Somme";"Lung";"0-14";"Female";"1986";"0.00"
"Incidence";"Somme";"Lung";"0-14";"Female";"1987";"0.00"
"Incidence";"Somme";"Lung";"0-14";"Female";"1988";"0.00"
"Incidence";"Somme";"Lung";"0-14";"Female";"1989";"0.00"
"Incidence";"Somme";"Lung";"0-14";"Female";"1990";"0.00"
"Incidence";"Somme";"Lung";"0-14";"Female";"1991";"0.00"
"Incidence";"Somme";"Lung";"0-14";"Female";"1992";"0.00"
"Incidence";"Somme";"Lung";"0-14";"Female";"1993";"0.00"
"Incidence";"Somme";"Lung";"0-14";"Female";"1994";"0.00"
"Incidence";"Somme";"Lung";"0-14";"Female";"1995";"0.00"
"Incidence";"Somme";"Lung";"0-14";"Female";"1996";"0.00"
"Incidence";"Somme";"Lung";"0-14";"Female";"1997";"0.00"
"Incidence";"Somme";"Lung";"0-14";"Female";"1998";"0.00"
"Incidence";"Somme";"Lung";"0-14";"Female";"1999";"0.00"
"Incidence";"Somme";"Lung";"0-14";"Female";"2000";"0.00"
"Incidence";"Somme";"Lung";"0-14";"Female";"2001";"0.00"
"Incidence";"Somme";"Lung";"0-14";"Female";"2002";"0.00"
"Incidence";"Somme";"Lung";"0-14";"Female";"2003";"0.00"
"Incidence";"Somme";"Lung";"0-14";"Female";"2004";"0.00"
"Incidence";"Somme";"Lung";"0-14";"Female";"2005";"0.00"
"Incidence";"Somme";"Lung";"0-14";"Female";"2006";"0.00"
"Incidence";"Somme";"Lung";"0-14";"Female";"2007";"0.00"
"Incidence";"Somme";"Lung";"0-14";"Female";"2008";"0.00"
"Incidence";"Somme";"Lung";"0-14";"Female";"2009";"0.00"
"Incidence";"Somme";"Lung";"0-14";"Female";"2010";"0.00"
"Incidence";"Somme";"Lung";"0-14";"Female";"2011";"0.00"
"Incidence";"Somme";"Lung";"0-14";"Female";"2012";"0.00"
"Incidence";"Somme";"Lung";"0-14";"Female";"2013";"0.00"
"Incidence";"Tarn";"Lung";"0-14";"Male";"1982";"0.00"
"Incidence";"Tarn";"Lung";"0-14";"Male";"1983";"0.00"
"Incidence";"Tarn";"Lung";"0-14";"Male";"1984";"0.00"
"Incidence";"Tarn";"Lung";"0-14";"Male";"1985";"0.00"
"Incidence";"Tarn";"Lung";"0-14";"Male";"1986";"0.00"
"Incidence";"Tarn";"Lung";"0-14";"Male";"1987";"0.00"
"Incidence";"Tarn";"Lung";"0-14";"Male";"1988";"0.00"
"Incidence";"Tarn";"Lung";"0-14";"Male";"1989";"0.00"
"Incidence";"Tarn";"Lung";"0-14";"Male";"1990";"0.00"
"Incidence";"Tarn";"Lung";"0-14";"Male";"1991";"0.00"
"Incidence";"Tarn";"Lung";"0-14";"Male";"1992";"0.00"
"Incidence";"Tarn";"Lung";"0-14";"Male";"1993";"0.00"
"Incidence";"Tarn";"Lung";"0-14";"Male";"1994";"0.00"
"Incidence";"Tarn";"Lung";"0-14";"Male";"1995";"0.00"
"Incidence";"Tarn";"Lung";"0-14";"Male";"1996";"0.00"
"Incidence";"Tarn";"Lung";"0-14";"Male";"1997";"0.00"
"Incidence";"Tarn";"Lung";"0-14";"Male";"1998";"0.00"
"Incidence";"Tarn";"Lung";"0-14";"Male";"1999";"0.00"
"Incidence";"Tarn";"Lung";"0-14";"Male";"2000";"0.00"
"Incidence";"Tarn";"Lung";"0-14";"Male";"2001";"0.00"
"Incidence";"Tarn";"Lung";"0-14";"Male";"2002";"0.00"
"Incidence";"Tarn";"Lung";"0-14";"Male";"2003";"0.00"
"Incidence";"Tarn";"Lung";"0-14";"Male";"2004";"0.00"
"Incidence";"Tarn";"Lung";"0-14";"Male";"2005";"0.00"
"Incidence";"Tarn";"Lung";"0-14";"Male";"2006";"0.00"
"Incidence";"Tarn";"Lung";"0-14";"Male";"2007";"0.00"
"Incidence";"Tarn";"Lung";"0-14";"Male";"2008";"0.00"
"Incidence";"Tarn";"Lung";"0-14";"Male";"2009";"0.00"
"Incidence";"Tarn";"Lung";"0-14";"Male";"2010";"0.00"
"Incidence";"Tarn";"Lung";"0-14";"Male";"2011";"0.00"
"Incidence";"Tarn";"Lung";"0-14";"Male";"2012";"3.03"
"Incidence";"Tarn";"Lung";"0-14";"Male";"2013";"0.00"
"Incidence";"Somme";"Lung";"15-29";"Male";"1982";"0.00"
"Incidence";"Somme";"Lung";"15-29";"Male";"1983";"0.00"
"Incidence";"Somme";"Lung";"15-29";"Male";"1984";"0.00"
"Incidence";"Somme";"Lung";"15-29";"Male";"1985";"1.51"
"Incidence";"Somme";"Lung";"15-29";"Male";"1986";"0.00"
"Incidence";"Somme";"Lung";"15-29";"Male";"1987";"0.00"
"Incidence";"Somme";"Lung";"15-29";"Male";"1988";"0.00"
"Incidence";"Somme";"Lung";"15-29";"Male";"1989";"0.00"
"Incidence";"Somme";"Lung";"15-29";"Male";"1990";"0.00"
"Incidence";"Somme";"Lung";"15-29";"Male";"1991";"0.00"
"Incidence";"Somme";"Lung";"15-29";"Male";"1992";"0.00"
"Incidence";"Somme";"Lung";"15-29";"Male";"1993";"0.00"
"Incidence";"Somme";"Lung";"15-29";"Male";"1994";"1.58"
"Incidence";"Somme";"Lung";"15-29";"Male";"1995";"1.60"
"Incidence";"Somme";"Lung";"15-29";"Male";"1996";"0.00"
"Incidence";"Somme";"Lung";"15-29";"Male";"1997";"0.00"
"Incidence";"Somme";"Lung";"15-29";"Male";"1998";"0.00"
"Incidence";"Somme";"Lung";"15-29";"Male";"1999";"0.00"
"Incidence";"Somme";"Lung";"15-29";"Male";"2000";"0.00"
"Incidence";"Somme";"Lung";"15-29";"Male";"2001";"0.00"
"Incidence";"Somme";"Lung";"15-29";"Male";"2002";"0.00"
"Incidence";"Somme";"Lung";"15-29";"Male";"2003";"0.00"
"Incidence";"Somme";"Lung";"15-29";"Male";"2004";"0.00"
"Incidence";"Somme";"Lung";"15-29";"Male";"2005";"0.00"
"Incidence";"Somme";"Lung";"15-29";"Male";"2006";"0.00"
"Incidence";"Somme";"Lung";"15-29";"Male";"2007";"0.00"
"Incidence";"Somme";"Lung";"15-29";"Male";"2008";"0.00"
"Incidence";"Somme";"Lung";"15-29";"Male";"2009";"0.00"
"Incidence";"Somme";"Lung";"15-29";"Male";"2010";"0.00"
"Incidence";"Somme";"Lung";"15-29";"Male";"2011";"0.00"
"Incidence";"Somme";"Lung";"15-29";"Male";"2012";"0.00"
"Incidence";"Somme";"Lung";"15-29";"Male";"2013";"0.00"
"Incidence";"Tarn";"Lung";"15-29";"Female";"1982";"0.00"
"Incidence";"Tarn";"Lung";"15-29";"Female";"1983";"0.00"
"Incidence";"Tarn";"Lung";"15-29";"Female";"1984";"0.00"
"Incidence";"Tarn";"Lung";"15-29";"Female";"1985";"0.00"
"Incidence";"Tarn";"Lung";"15-29";"Female";"1986";"2.99"
"Incidence";"Tarn";"Lung";"15-29";"Female";"1987";"0.00"
"Incidence";"Tarn";"Lung";"15-29";"Female";"1988";"0.00"
"Incidence";"Tarn";"Lung";"15-29";"Female";"1989";"0.00"
"Incidence";"Tarn";"Lung";"15-29";"Female";"1990";"3.09"
"Incidence";"Tarn";"Lung";"15-29";"Female";"1991";"0.00"
"Incidence";"Tarn";"Lung";"15-29";"Female";"1992";"0.00"
"Incidence";"Tarn";"Lung";"15-29";"Female";"1993";"0.00"
"Incidence";"Tarn";"Lung";"15-29";"Female";"1994";"0.00"
"Incidence";"Tarn";"Lung";"15-29";"Female";"1995";"3.40"
"Incidence";"Tarn";"Lung";"15-29";"Female";"1996";"0.00"
"Incidence";"Tarn";"Lung";"15-29";"Female";"1997";"0.00"
"Incidence";"Tarn";"Lung";"15-29";"Female";"1998";"0.00"
"Incidence";"Tarn";"Lung";"15-29";"Female";"1999";"0.00"
"Incidence";"Tarn";"Lung";"15-29";"Female";"2000";"0.00"
"Incidence";"Tarn";"Lung";"15-29";"Female";"2001";"0.00"
"Incidence";"Tarn";"Lung";"15-29";"Female";"2002";"0.00"
"Incidence";"Tarn";"Lung";"15-29";"Female";"2003";"0.00"
"Incidence";"Tarn";"Lung";"15-29";"Female";"2004";"0.00"
"Incidence";"Tarn";"Lung";"15-29";"Female";"2005";"3.63"
"Incidence";"Tarn";"Lung";"15-29";"Female";"2006";"3.62"
"Incidence";"Tarn";"Lung";"15-29";"Female";"2007";"0.00"
"Incidence";"Tarn";"Lung";"15-29";"Female";"2008";"0.00"
"Incidence";"Tarn";"Lung";"15-29";"Female";"2009";"0.00"
"Incidence";"Tarn";"Lung";"15-29";"Female";"2010";"0.00"
"Incidence";"Tarn";"Lung";"15-29";"Female";"2011";"0.00"
"Incidence";"Tarn";"Lung";"15-29";"Female";"2012";"0.00"
"Incidence";"Tarn";"Lung";"15-29";"Female";"2013";"0.00"
"Incidence";"Tarn";"Lung";"15-29";"Male";"1982";"0.00"
"Incidence";"Tarn";"Lung";"15-29";"Male";"1983";"0.00"
"Incidence";"Tarn";"Lung";"15-29";"Male";"1984";"0.00"
"Incidence";"Tarn";"Lung";"15-29";"Male";"1985";"0.00"
"Incidence";"Tarn";"Lung";"15-29";"Male";"1986";"0.00"
"Incidence";"Tarn";"Lung";"15-29";"Male";"1987";"2.80"
"Incidence";"Tarn";"Lung";"15-29";"Male";"1988";"0.00"
"Incidence";"Tarn";"Lung";"15-29";"Male";"1989";"0.00"
"Incidence";"Tarn";"Lung";"15-29";"Male";"1990";"0.00"
"Incidence";"Tarn";"Lung";"15-29";"Male";"1991";"0.00"
"Incidence";"Tarn";"Lung";"15-29";"Male";"1992";"0.00"
"Incidence";"Tarn";"Lung";"15-29";"Male";"1993";"3.04"
"Incidence";"Tarn";"Lung";"15-29";"Male";"1994";"0.00"
"Incidence";"Tarn";"Lung";"15-29";"Male";"1995";"0.00"
"Incidence";"Tarn";"Lung";"15-29";"Male";"1996";"0.00"
"Incidence";"Tarn";"Lung";"15-29";"Male";"1997";"0.00"
"Incidence";"Tarn";"Lung";"15-29";"Male";"1998";"0.00"
"Incidence";"Tarn";"Lung";"15-29";"Male";"1999";"0.00"
"Incidence";"Tarn";"Lung";"15-29";"Male";"2000";"0.00"
"Incidence";"Tarn";"Lung";"15-29";"Male";"2001";"0.00"
"Incidence";"Tarn";"Lung";"15-29";"Male";"2002";"0.00"
"Incidence";"Tarn";"Lung";"15-29";"Male";"2003";"0.00"
"Incidence";"Tarn";"Lung";"15-29";"Male";"2004";"0.00"
"Incidence";"Tarn";"Lung";"15-29";"Male";"2005";"0.00"
"Incidence";"Tarn";"Lung";"15-29";"Male";"2006";"0.00"
"Incidence";"Tarn";"Lung";"15-29";"Male";"2007";"0.00"
"Incidence";"Tarn";"Lung";"15-29";"Male";"2008";"0.00"
"Incidence";"Tarn";"Lung";"15-29";"Male";"2009";"0.00"
"Incidence";"Tarn";"Lung";"15-29";"Male";"2010";"0.00"
"Incidence";"Tarn";"Lung";"15-29";"Male";"2011";"0.00"
"Incidence";"Tarn";"Lung";"15-29";"Male";"2012";"0.00"
"Incidence";"Tarn";"Lung";"15-29";"Male";"2013";"0.00"
"Incidence";"Somme";"Lung";"15-29";"Female";"1982";"0.00"
"Incidence";"Somme";"Lung";"15-29";"Female";"1983";"0.00"
"Incidence";"Somme";"Lung";"15-29";"Female";"1984";"3.02"
"Incidence";"Somme";"Lung";"15-29";"Female";"1985";"0.00"
"Incidence";"Somme";"Lung";"15-29";"Female";"1986";"0.00"
"Incidence";"Somme";"Lung";"15-29";"Female";"1987";"0.00"
"Incidence";"Somme";"Lung";"15-29";"Female";"1988";"0.00"
"Incidence";"Somme";"Lung";"15-29";"Female";"1989";"0.00"
"Incidence";"Somme";"Lung";"15-29";"Female";"1990";"0.00"
"Incidence";"Somme";"Lung";"15-29";"Female";"1991";"0.00"
"Incidence";"Somme";"Lung";"15-29";"Female";"1992";"0.00"
"Incidence";"Somme";"Lung";"15-29";"Female";"1993";"0.00"
"Incidence";"Somme";"Lung";"15-29";"Female";"1994";"0.00"
"Incidence";"Somme";"Lung";"15-29";"Female";"1995";"0.00"
"Incidence";"Somme";"Lung";"15-29";"Female";"1996";"0.00"
"Incidence";"Somme";"Lung";"15-29";"Female";"1997";"0.00"
"Incidence";"Somme";"Lung";"15-29";"Female";"1998";"0.00"
"Incidence";"Somme";"Lung";"15-29";"Female";"1999";"0.00"
"Incidence";"Somme";"Lung";"15-29";"Female";"2000";"0.00"
"Incidence";"Somme";"Lung";"15-29";"Female";"2001";"1.69"
"Incidence";"Somme";"Lung";"15-29";"Female";"2002";"0.00"
"Incidence";"Somme";"Lung";"15-29";"Female";"2003";"0.00"
"Incidence";"Somme";"Lung";"15-29";"Female";"2004";"0.00"
"Incidence";"Somme";"Lung";"15-29";"Female";"2005";"0.00"
"Incidence";"Somme";"Lung";"15-29";"Female";"2006";"0.00"
"Incidence";"Somme";"Lung";"15-29";"Female";"2007";"0.00"
"Incidence";"Somme";"Lung";"15-29";"Female";"2008";"0.00"
"Incidence";"Somme";"Lung";"15-29";"Female";"2009";"0.00"
"Incidence";"Somme";"Lung";"15-29";"Female";"2010";"0.00"
"Incidence";"Somme";"Lung";"15-29";"Female";"2011";"0.00"
"Incidence";"Somme";"Lung";"15-29";"Female";"2012";"1.85"
"Incidence";"Somme";"Lung";"15-29";"Female";"2013";"0.00"
"Incidence";"Tarn";"Lung";"30-44";"Female";"1982";"0.00"
"Incidence";"Tarn";"Lung";"30-44";"Female";"1983";"0.00"
"Incidence";"Tarn";"Lung";"30-44";"Female";"1984";"0.00"
"Incidence";"Tarn";"Lung";"30-44";"Female";"1985";"0.00"
"Incidence";"Tarn";"Lung";"30-44";"Female";"1986";"0.00"
"Incidence";"Tarn";"Lung";"30-44";"Female";"1987";"2.93"
"Incidence";"Tarn";"Lung";"30-44";"Female";"1988";"0.00"
"Incidence";"Tarn";"Lung";"30-44";"Female";"1989";"0.00"
"Incidence";"Tarn";"Lung";"30-44";"Female";"1990";"5.55"
"Incidence";"Tarn";"Lung";"30-44";"Female";"1991";"5.51"
"Incidence";"Tarn";"Lung";"30-44";"Female";"1992";"5.52"
"Incidence";"Tarn";"Lung";"30-44";"Female";"1993";"5.54"
"Incidence";"Tarn";"Lung";"30-44";"Female";"1994";"2.78"
"Incidence";"Tarn";"Lung";"30-44";"Female";"1995";"0.00"
"Incidence";"Tarn";"Lung";"30-44";"Female";"1996";"5.56"
"Incidence";"Tarn";"Lung";"30-44";"Female";"1997";"8.34"
"Incidence";"Tarn";"Lung";"30-44";"Female";"1998";"8.39"
"Incidence";"Tarn";"Lung";"30-44";"Female";"1999";"8.41"
"Incidence";"Tarn";"Lung";"30-44";"Female";"2000";"2.79"
"Incidence";"Tarn";"Lung";"30-44";"Female";"2001";"0.00"
"Incidence";"Tarn";"Lung";"30-44";"Female";"2002";"5.53"
"Incidence";"Tarn";"Lung";"30-44";"Female";"2003";"8.28"
"Incidence";"Tarn";"Lung";"30-44";"Female";"2004";"0.00"
"Incidence";"Tarn";"Lung";"30-44";"Female";"2005";"0.00"
"Incidence";"Tarn";"Lung";"30-44";"Female";"2006";"2.75"
"Incidence";"Tarn";"Lung";"30-44";"Female";"2007";"8.29"
"Incidence";"Tarn";"Lung";"30-44";"Female";"2008";"11.17"
"Incidence";"Tarn";"Lung";"30-44";"Female";"2009";"2.82"
"Incidence";"Tarn";"Lung";"30-44";"Female";"2010";"5.67"
"Incidence";"Tarn";"Lung";"30-44";"Female";"2011";"0.00"
"Incidence";"Tarn";"Lung";"30-44";"Female";"2012";"5.75"
"Incidence";"Tarn";"Lung";"30-44";"Female";"2013";"0.00"
"Incidence";"Somme";"Lung";"30-44";"Female";"1982";"2.03"
"Incidence";"Somme";"Lung";"30-44";"Female";"1983";"1.98"
"Incidence";"Somme";"Lung";"30-44";"Female";"1984";"0.00"
"Incidence";"Somme";"Lung";"30-44";"Female";"1985";"0.00"
"Incidence";"Somme";"Lung";"30-44";"Female";"1986";"1.82"
"Incidence";"Somme";"Lung";"30-44";"Female";"1987";"3.54"
"Incidence";"Somme";"Lung";"30-44";"Female";"1988";"5.19"
"Incidence";"Somme";"Lung";"30-44";"Female";"1989";"3.39"
"Incidence";"Somme";"Lung";"30-44";"Female";"1990";"0.00"
"Incidence";"Somme";"Lung";"30-44";"Female";"1991";"0.00"
"Incidence";"Somme";"Lung";"30-44";"Female";"1992";"3.33"
"Incidence";"Somme";"Lung";"30-44";"Female";"1993";"0.00"
"Incidence";"Somme";"Lung";"30-44";"Female";"1994";"3.34"
"Incidence";"Somme";"Lung";"30-44";"Female";"1995";"3.35"
"Incidence";"Somme";"Lung";"30-44";"Female";"1996";"5.04"
"Incidence";"Somme";"Lung";"30-44";"Female";"1997";"8.43"
"Incidence";"Somme";"Lung";"30-44";"Female";"1998";"3.38"
"Incidence";"Somme";"Lung";"30-44";"Female";"1999";"6.76"
"Incidence";"Somme";"Lung";"30-44";"Female";"2000";"8.48"
"Incidence";"Somme";"Lung";"30-44";"Female";"2001";"5.09"
"Incidence";"Somme";"Lung";"30-44";"Female";"2002";"10.19"
"Incidence";"Somme";"Lung";"30-44";"Female";"2003";"3.41"
"Incidence";"Somme";"Lung";"30-44";"Female";"2004";"8.57"
"Incidence";"Somme";"Lung";"30-44";"Female";"2005";"1.72"
"Incidence";"Somme";"Lung";"30-44";"Female";"2006";"6.90"
"Incidence";"Somme";"Lung";"30-44";"Female";"2007";"10.41"
"Incidence";"Somme";"Lung";"30-44";"Female";"2008";"3.50"
"Incidence";"Somme";"Lung";"30-44";"Female";"2009";"5.31"
"Incidence";"Somme";"Lung";"30-44";"Female";"2010";"3.57"
"Incidence";"Somme";"Lung";"30-44";"Female";"2011";"5.42"
"Incidence";"Somme";"Lung";"30-44";"Female";"2012";"5.47"
"Incidence";"Somme";"Lung";"30-44";"Female";"2013";"9.21"
"Incidence";"Tarn";"Lung";"30-44";"Male";"1982";"3.35"
"Incidence";"Tarn";"Lung";"30-44";"Male";"1983";"6.59"
"Incidence";"Tarn";"Lung";"30-44";"Male";"1984";"3.22"
"Incidence";"Tarn";"Lung";"30-44";"Male";"1985";"3.13"
"Incidence";"Tarn";"Lung";"30-44";"Male";"1986";"3.04"
"Incidence";"Tarn";"Lung";"30-44";"Male";"1987";"8.89"
"Incidence";"Tarn";"Lung";"30-44";"Male";"1988";"8.71"
"Incidence";"Tarn";"Lung";"30-44";"Male";"1989";"5.70"
"Incidence";"Tarn";"Lung";"30-44";"Male";"1990";"11.20"
"Incidence";"Tarn";"Lung";"30-44";"Male";"1991";"11.11"
"Incidence";"Tarn";"Lung";"30-44";"Male";"1992";"16.70"
"Incidence";"Tarn";"Lung";"30-44";"Male";"1993";"13.97"
"Incidence";"Tarn";"Lung";"30-44";"Male";"1994";"5.60"
"Incidence";"Tarn";"Lung";"30-44";"Male";"1995";"11.24"
"Incidence";"Tarn";"Lung";"30-44";"Male";"1996";"16.95"
"Incidence";"Tarn";"Lung";"30-44";"Male";"1997";"17.03"
"Incidence";"Tarn";"Lung";"30-44";"Male";"1998";"2.85"
"Incidence";"Tarn";"Lung";"30-44";"Male";"1999";"5.72"
"Incidence";"Tarn";"Lung";"30-44";"Male";"2000";"14.30"
"Incidence";"Tarn";"Lung";"30-44";"Male";"2001";"11.41"
"Incidence";"Tarn";"Lung";"30-44";"Male";"2002";"11.36"
"Incidence";"Tarn";"Lung";"30-44";"Male";"2003";"11.33"
"Incidence";"Tarn";"Lung";"30-44";"Male";"2004";"5.67"
"Incidence";"Tarn";"Lung";"30-44";"Male";"2005";"5.69"
"Incidence";"Tarn";"Lung";"30-44";"Male";"2006";"14.25"
"Incidence";"Tarn";"Lung";"30-44";"Male";"2007";"11.41"
"Incidence";"Tarn";"Lung";"30-44";"Male";"2008";"5.73"
"Incidence";"Tarn";"Lung";"30-44";"Male";"2009";"2.89"
"Incidence";"Tarn";"Lung";"30-44";"Male";"2010";"14.64"
"Incidence";"Tarn";"Lung";"30-44";"Male";"2011";"2.96"
"Incidence";"Tarn";"Lung";"30-44";"Male";"2012";"3.00"
"Incidence";"Tarn";"Lung";"30-44";"Male";"2013";"3.03"
"Incidence";"Somme";"Lung";"30-44";"Male";"1982";"13.68"
"Incidence";"Somme";"Lung";"30-44";"Male";"1983";"22.92"
"Incidence";"Somme";"Lung";"30-44";"Male";"1984";"18.63"
"Incidence";"Somme";"Lung";"30-44";"Male";"1985";"10.88"
"Incidence";"Somme";"Lung";"30-44";"Male";"1986";"10.57"
"Incidence";"Somme";"Lung";"30-44";"Male";"1987";"12.05"
"Incidence";"Somme";"Lung";"30-44";"Male";"1988";"10.14"
"Incidence";"Somme";"Lung";"30-44";"Male";"1989";"15.00"
"Incidence";"Somme";"Lung";"30-44";"Male";"1990";"19.72"
"Incidence";"Somme";"Lung";"30-44";"Male";"1991";"11.42"
"Incidence";"Somme";"Lung";"30-44";"Male";"1992";"11.44"
"Incidence";"Somme";"Lung";"30-44";"Male";"1993";"13.10"
"Incidence";"Somme";"Lung";"30-44";"Male";"1994";"24.70"
"Incidence";"Somme";"Lung";"30-44";"Male";"1995";"11.60"
"Incidence";"Somme";"Lung";"30-44";"Male";"1996";"20.02"
"Incidence";"Somme";"Lung";"30-44";"Male";"1997";"10.06"
"Incidence";"Somme";"Lung";"30-44";"Male";"1998";"10.10"
"Incidence";"Somme";"Lung";"30-44";"Male";"1999";"25.35"
"Incidence";"Somme";"Lung";"30-44";"Male";"2000";"15.25"
"Incidence";"Somme";"Lung";"30-44";"Male";"2001";"13.57"
"Incidence";"Somme";"Lung";"30-44";"Male";"2002";"15.28"
"Incidence";"Somme";"Lung";"30-44";"Male";"2003";"16.99"
"Incidence";"Somme";"Lung";"30-44";"Male";"2004";"8.51"
"Incidence";"Somme";"Lung";"30-44";"Male";"2005";"10.26"
"Incidence";"Somme";"Lung";"30-44";"Male";"2006";"6.90"
"Incidence";"Somme";"Lung";"30-44";"Male";"2007";"13.91"
"Incidence";"Somme";"Lung";"30-44";"Male";"2008";"3.51"
"Incidence";"Somme";"Lung";"30-44";"Male";"2009";"12.44"
"Incidence";"Somme";"Lung";"30-44";"Male";"2010";"12.57"
"Incidence";"Somme";"Lung";"30-44";"Male";"2011";"0.00"
"Incidence";"Somme";"Lung";"30-44";"Male";"2012";"18.29"
"Incidence";"Somme";"Lung";"30-44";"Male";"2013";"12.95"
"Incidence";"Somme";"Lung";"45-59";"Male";"1982";"109.25"
"Incidence";"Somme";"Lung";"45-59";"Male";"1983";"131.27"
"Incidence";"Somme";"Lung";"45-59";"Male";"1984";"159.19"
"Incidence";"Somme";"Lung";"45-59";"Male";"1985";"125.75"
"Incidence";"Somme";"Lung";"45-59";"Male";"1986";"138.60"
"Incidence";"Somme";"Lung";"45-59";"Male";"1987";"146.62"
"Incidence";"Somme";"Lung";"45-59";"Male";"1988";"145.69"
"Incidence";"Somme";"Lung";"45-59";"Male";"1989";"139.04"
"Incidence";"Somme";"Lung";"45-59";"Male";"1990";"160.63"
"Incidence";"Somme";"Lung";"45-59";"Male";"1991";"125.72"
"Incidence";"Somme";"Lung";"45-59";"Male";"1992";"150.20"
"Incidence";"Somme";"Lung";"45-59";"Male";"1993";"141.04"
"Incidence";"Somme";"Lung";"45-59";"Male";"1994";"115.32"
"Incidence";"Somme";"Lung";"45-59";"Male";"1995";"116.08"
"Incidence";"Somme";"Lung";"45-59";"Male";"1996";"110.14"
"Incidence";"Somme";"Lung";"45-59";"Male";"1997";"166.87"
"Incidence";"Somme";"Lung";"45-59";"Male";"1998";"120.85"
"Incidence";"Somme";"Lung";"45-59";"Male";"1999";"127.93"
"Incidence";"Somme";"Lung";"45-59";"Male";"2000";"128.36"
"Incidence";"Somme";"Lung";"45-59";"Male";"2001";"141.87"
"Incidence";"Somme";"Lung";"45-59";"Male";"2002";"147.60"
"Incidence";"Somme";"Lung";"45-59";"Male";"2003";"150.41"
"Incidence";"Somme";"Lung";"45-59";"Male";"2004";"166.36"
"Incidence";"Somme";"Lung";"45-59";"Male";"2005";"136.99"
"Incidence";"Somme";"Lung";"45-59";"Male";"2006";"144.51"
"Incidence";"Somme";"Lung";"45-59";"Male";"2007";"137.56"
"Incidence";"Somme";"Lung";"45-59";"Male";"2008";"162.88"
"Incidence";"Somme";"Lung";"45-59";"Male";"2009";"149.68"
"Incidence";"Somme";"Lung";"45-59";"Male";"2010";"128.87"
"Incidence";"Somme";"Lung";"45-59";"Male";"2011";"148.66"
"Incidence";"Somme";"Lung";"45-59";"Male";"2012";"154.22"
"Incidence";"Somme";"Lung";"45-59";"Male";"2013";"137.99"
"Incidence";"Tarn";"Lung";"45-59";"Male";"1982";"74.18"
"Incidence";"Tarn";"Lung";"45-59";"Male";"1983";"87.59"
"Incidence";"Tarn";"Lung";"45-59";"Male";"1984";"108.22"
"Incidence";"Tarn";"Lung";"45-59";"Male";"1985";"101.19"
"Incidence";"Tarn";"Lung";"45-59";"Male";"1986";"84.00"
"Incidence";"Tarn";"Lung";"45-59";"Male";"1987";"127.27"
"Incidence";"Tarn";"Lung";"45-59";"Male";"1988";"105.20"
"Incidence";"Tarn";"Lung";"45-59";"Male";"1989";"71.33"
"Incidence";"Tarn";"Lung";"45-59";"Male";"1990";"101.48"
"Incidence";"Tarn";"Lung";"45-59";"Male";"1991";"116.35"
"Incidence";"Tarn";"Lung";"45-59";"Male";"1992";"82.96"
"Incidence";"Tarn";"Lung";"45-59";"Male";"1993";"89.11"
"Incidence";"Tarn";"Lung";"45-59";"Male";"1994";"98.14"
"Incidence";"Tarn";"Lung";"45-59";"Male";"1995";"75.52"
"Incidence";"Tarn";"Lung";"45-59";"Male";"1996";"94.00"
"Incidence";"Tarn";"Lung";"45-59";"Male";"1997";"91.95"
"Incidence";"Tarn";"Lung";"45-59";"Male";"1998";"89.80"
"Incidence";"Tarn";"Lung";"45-59";"Male";"1999";"78.07"
"Incidence";"Tarn";"Lung";"45-59";"Male";"2000";"75.61"
"Incidence";"Tarn";"Lung";"45-59";"Male";"2001";"79.14"
"Incidence";"Tarn";"Lung";"45-59";"Male";"2002";"85.56"
"Incidence";"Tarn";"Lung";"45-59";"Male";"2003";"86.43"
"Incidence";"Tarn";"Lung";"45-59";"Male";"2004";"111.84"
"Incidence";"Tarn";"Lung";"45-59";"Male";"2005";"101.06"
"Incidence";"Tarn";"Lung";"45-59";"Male";"2006";"128.25"
"Incidence";"Tarn";"Lung";"45-59";"Male";"2007";"107.17"
"Incidence";"Tarn";"Lung";"45-59";"Male";"2008";"120.53"
"Incidence";"Tarn";"Lung";"45-59";"Male";"2009";"139.02"
"Incidence";"Tarn";"Lung";"45-59";"Male";"2010";"125.36"
"Incidence";"Tarn";"Lung";"45-59";"Male";"2011";"119.19"
"Incidence";"Tarn";"Lung";"45-59";"Male";"2012";"100.42"
"Incidence";"Tarn";"Lung";"45-59";"Male";"2013";"135.83"
"Incidence";"Tarn";"Lung";"45-59";"Female";"1982";"2.97"
"Incidence";"Tarn";"Lung";"45-59";"Female";"1983";"9.00"
"Incidence";"Tarn";"Lung";"45-59";"Female";"1984";"3.04"
"Incidence";"Tarn";"Lung";"45-59";"Female";"1985";"0.00"
"Incidence";"Tarn";"Lung";"45-59";"Female";"1986";"12.79"
"Incidence";"Tarn";"Lung";"45-59";"Female";"1987";"13.04"
"Incidence";"Tarn";"Lung";"45-59";"Female";"1988";"9.98"
"Incidence";"Tarn";"Lung";"45-59";"Female";"1989";"3.39"
"Incidence";"Tarn";"Lung";"45-59";"Female";"1990";"10.35"
"Incidence";"Tarn";"Lung";"45-59";"Female";"1991";"10.44"
"Incidence";"Tarn";"Lung";"45-59";"Female";"1992";"6.92"
"Incidence";"Tarn";"Lung";"45-59";"Female";"1993";"6.83"
"Incidence";"Tarn";"Lung";"45-59";"Female";"1994";"6.73"
"Incidence";"Tarn";"Lung";"45-59";"Female";"1995";"9.94"
"Incidence";"Tarn";"Lung";"45-59";"Female";"1996";"13.03"
"Incidence";"Tarn";"Lung";"45-59";"Female";"1997";"6.39"
"Incidence";"Tarn";"Lung";"45-59";"Female";"1998";"18.73"
"Incidence";"Tarn";"Lung";"45-59";"Female";"1999";"12.15"
"Incidence";"Tarn";"Lung";"45-59";"Female";"2000";"8.83"
"Incidence";"Tarn";"Lung";"45-59";"Female";"2001";"11.38"
"Incidence";"Tarn";"Lung";"45-59";"Female";"2002";"35.88"
"Incidence";"Tarn";"Lung";"45-59";"Female";"2003";"24.19"
"Incidence";"Tarn";"Lung";"45-59";"Female";"2004";"41.94"
"Incidence";"Tarn";"Lung";"45-59";"Female";"2005";"28.13"
"Incidence";"Tarn";"Lung";"45-59";"Female";"2006";"30.18"
"Incidence";"Tarn";"Lung";"45-59";"Female";"2007";"40.07"
"Incidence";"Tarn";"Lung";"45-59";"Female";"2008";"37.50"
"Incidence";"Tarn";"Lung";"45-59";"Female";"2009";"39.95"
"Incidence";"Tarn";"Lung";"45-59";"Female";"2010";"49.73"
"Incidence";"Tarn";"Lung";"45-59";"Female";"2011";"39.51"
"Incidence";"Tarn";"Lung";"45-59";"Female";"2012";"56.62"
"Incidence";"Tarn";"Lung";"45-59";"Female";"2013";"54.03"
"Incidence";"Somme";"Lung";"45-59";"Female";"1982";"6.76"
"Incidence";"Somme";"Lung";"45-59";"Female";"1983";"4.54"
"Incidence";"Somme";"Lung";"45-59";"Female";"1984";"9.16"
"Incidence";"Somme";"Lung";"45-59";"Female";"1985";"13.92"
"Incidence";"Somme";"Lung";"45-59";"Female";"1986";"9.49"
"Incidence";"Somme";"Lung";"45-59";"Female";"1987";"2.43"
"Incidence";"Somme";"Lung";"45-59";"Female";"1988";"14.79"
"Incidence";"Somme";"Lung";"45-59";"Female";"1989";"7.47"
"Incidence";"Somme";"Lung";"45-59";"Female";"1990";"2.52"
"Incidence";"Somme";"Lung";"45-59";"Female";"1991";"7.53"
"Incidence";"Somme";"Lung";"45-59";"Female";"1992";"19.70"
"Incidence";"Somme";"Lung";"45-59";"Female";"1993";"26.42"
"Incidence";"Somme";"Lung";"45-59";"Female";"1994";"2.33"
"Incidence";"Somme";"Lung";"45-59";"Female";"1995";"18.14"
"Incidence";"Somme";"Lung";"45-59";"Female";"1996";"11.02"
"Incidence";"Somme";"Lung";"45-59";"Female";"1997";"8.58"
"Incidence";"Somme";"Lung";"45-59";"Female";"1998";"20.91"
"Incidence";"Somme";"Lung";"45-59";"Female";"1999";"14.26"
"Incidence";"Somme";"Lung";"45-59";"Female";"2000";"21.75"
"Incidence";"Somme";"Lung";"45-59";"Female";"2001";"34.42"
"Incidence";"Somme";"Lung";"45-59";"Female";"2002";"29.59"
"Incidence";"Somme";"Lung";"45-59";"Female";"2003";"28.79"
"Incidence";"Somme";"Lung";"45-59";"Female";"2004";"29.90"
"Incidence";"Somme";"Lung";"45-59";"Female";"2005";"24.14"
"Incidence";"Somme";"Lung";"45-59";"Female";"2006";"23.97"
"Incidence";"Somme";"Lung";"45-59";"Female";"2007";"42.95"
"Incidence";"Somme";"Lung";"45-59";"Female";"2008";"48.11"
"Incidence";"Somme";"Lung";"45-59";"Female";"2009";"32.71"
"Incidence";"Somme";"Lung";"45-59";"Female";"2010";"43.32"
"Incidence";"Somme";"Lung";"45-59";"Female";"2011";"69.55"
"Incidence";"Somme";"Lung";"45-59";"Female";"2012";"69.76"
"Incidence";"Somme";"Lung";"45-59";"Female";"2013";"36.67"
"Incidence";"Somme";"Lung";"60-74";"Male";"1982";"264.22"
"Incidence";"Somme";"Lung";"60-74";"Male";"1983";"343.56"
"Incidence";"Somme";"Lung";"60-74";"Male";"1984";"338.08"
"Incidence";"Somme";"Lung";"60-74";"Male";"1985";"312.50"
"Incidence";"Somme";"Lung";"60-74";"Male";"1986";"322.08"
"Incidence";"Somme";"Lung";"60-74";"Male";"1987";"328.62"
"Incidence";"Somme";"Lung";"60-74";"Male";"1988";"291.05"
"Incidence";"Somme";"Lung";"60-74";"Male";"1989";"300.06"
"Incidence";"Somme";"Lung";"60-74";"Male";"1990";"315.18"
"Incidence";"Somme";"Lung";"60-74";"Male";"1991";"258.13"
"Incidence";"Somme";"Lung";"60-74";"Male";"1992";"388.01"
"Incidence";"Somme";"Lung";"60-74";"Male";"1993";"321.80"
"Incidence";"Somme";"Lung";"60-74";"Male";"1994";"324.58"
"Incidence";"Somme";"Lung";"60-74";"Male";"1995";"320.28"
"Incidence";"Somme";"Lung";"60-74";"Male";"1996";"343.87"
"Incidence";"Somme";"Lung";"60-74";"Male";"1997";"329.19"
"Incidence";"Somme";"Lung";"60-74";"Male";"1998";"391.81"
"Incidence";"Somme";"Lung";"60-74";"Male";"1999";"377.39"
"Incidence";"Somme";"Lung";"60-74";"Male";"2000";"367.12"
"Incidence";"Somme";"Lung";"60-74";"Male";"2001";"337.23"
"Incidence";"Somme";"Lung";"60-74";"Male";"2002";"381.14"
"Incidence";"Somme";"Lung";"60-74";"Male";"2003";"326.58"
"Incidence";"Somme";"Lung";"60-74";"Male";"2004";"356.27"
"Incidence";"Somme";"Lung";"60-74";"Male";"2005";"372.58"
"Incidence";"Somme";"Lung";"60-74";"Male";"2006";"368.22"
"Incidence";"Somme";"Lung";"60-74";"Male";"2007";"360.64"
"Incidence";"Somme";"Lung";"60-74";"Male";"2008";"316.44"
"Incidence";"Somme";"Lung";"60-74";"Male";"2009";"318.73"
"Incidence";"Somme";"Lung";"60-74";"Male";"2010";"384.81"
"Incidence";"Somme";"Lung";"60-74";"Male";"2011";"384.95"
"Incidence";"Somme";"Lung";"60-74";"Male";"2012";"350.59"
"Incidence";"Somme";"Lung";"60-74";"Male";"2013";"331.16"
"Incidence";"Somme";"Lung";"60-74";"Female";"1982";"23.85"
"Incidence";"Somme";"Lung";"60-74";"Female";"1983";"29.65"
"Incidence";"Somme";"Lung";"60-74";"Female";"1984";"17.66"
"Incidence";"Somme";"Lung";"60-74";"Female";"1985";"20.46"
"Incidence";"Somme";"Lung";"60-74";"Female";"1986";"26.08"
"Incidence";"Somme";"Lung";"60-74";"Female";"1987";"34.45"
"Incidence";"Somme";"Lung";"60-74";"Female";"1988";"19.89"
"Incidence";"Somme";"Lung";"60-74";"Female";"1989";"16.87"
"Incidence";"Somme";"Lung";"60-74";"Female";"1990";"30.24"
"Incidence";"Somme";"Lung";"60-74";"Female";"1991";"34.46"
"Incidence";"Somme";"Lung";"60-74";"Female";"1992";"35.92"
"Incidence";"Somme";"Lung";"60-74";"Female";"1993";"27.48"
"Incidence";"Somme";"Lung";"60-74";"Female";"1994";"24.44"
"Incidence";"Somme";"Lung";"60-74";"Female";"1995";"34.02"
"Incidence";"Somme";"Lung";"60-74";"Female";"1996";"26.92"
"Incidence";"Somme";"Lung";"60-74";"Female";"1997";"32.00"
"Incidence";"Somme";"Lung";"60-74";"Female";"1998";"39.71"
"Incidence";"Somme";"Lung";"60-74";"Female";"1999";"30.01"
"Incidence";"Somme";"Lung";"60-74";"Female";"2000";"30.26"
"Incidence";"Somme";"Lung";"60-74";"Female";"2001";"28.22"
"Incidence";"Somme";"Lung";"60-74";"Female";"2002";"41.77"
"Incidence";"Somme";"Lung";"60-74";"Female";"2003";"31.68"
"Incidence";"Somme";"Lung";"60-74";"Female";"2004";"47.75"
"Incidence";"Somme";"Lung";"60-74";"Female";"2005";"42.61"
"Incidence";"Somme";"Lung";"60-74";"Female";"2006";"47.57"
"Incidence";"Somme";"Lung";"60-74";"Female";"2007";"25.85"
"Incidence";"Somme";"Lung";"60-74";"Female";"2008";"78.23"
"Incidence";"Somme";"Lung";"60-74";"Female";"2009";"63.80"
"Incidence";"Somme";"Lung";"60-74";"Female";"2010";"66.74"
"Incidence";"Somme";"Lung";"60-74";"Female";"2011";"83.69"
"Incidence";"Somme";"Lung";"60-74";"Female";"2012";"68.03"
"Incidence";"Somme";"Lung";"60-74";"Female";"2013";"90.91"
"Incidence";"Tarn";"Lung";"60-74";"Female";"1982";"11.44"
"Incidence";"Tarn";"Lung";"60-74";"Female";"1983";"11.24"
"Incidence";"Tarn";"Lung";"60-74";"Female";"1984";"18.62"
"Incidence";"Tarn";"Lung";"60-74";"Female";"1985";"29.61"
"Incidence";"Tarn";"Lung";"60-74";"Female";"1986";"21.98"
"Incidence";"Tarn";"Lung";"60-74";"Female";"1987";"18.15"
"Incidence";"Tarn";"Lung";"60-74";"Female";"1988";"7.19"
"Incidence";"Tarn";"Lung";"60-74";"Female";"1989";"7.11"
"Incidence";"Tarn";"Lung";"60-74";"Female";"1990";"17.42"
"Incidence";"Tarn";"Lung";"60-74";"Female";"1991";"16.78"
"Incidence";"Tarn";"Lung";"60-74";"Female";"1992";"19.33"
"Incidence";"Tarn";"Lung";"60-74";"Female";"1993";"15.59"
"Incidence";"Tarn";"Lung";"60-74";"Female";"1994";"30.42"
"Incidence";"Tarn";"Lung";"60-74";"Female";"1995";"36.29"
"Incidence";"Tarn";"Lung";"60-74";"Female";"1996";"45.84"
"Incidence";"Tarn";"Lung";"60-74";"Female";"1997";"21.61"
"Incidence";"Tarn";"Lung";"60-74";"Female";"1998";"12.48"
"Incidence";"Tarn";"Lung";"60-74";"Female";"1999";"12.58"
"Incidence";"Tarn";"Lung";"60-74";"Female";"2000";"34.91"
"Incidence";"Tarn";"Lung";"60-74";"Female";"2001";"32.17"
"Incidence";"Tarn";"Lung";"60-74";"Female";"2002";"25.96"
"Incidence";"Tarn";"Lung";"60-74";"Female";"2003";"32.67"
"Incidence";"Tarn";"Lung";"60-74";"Female";"2004";"52.49"
"Incidence";"Tarn";"Lung";"60-74";"Female";"2005";"43.22"
"Incidence";"Tarn";"Lung";"60-74";"Female";"2006";"40.11"
"Incidence";"Tarn";"Lung";"60-74";"Female";"2007";"62.38"
"Incidence";"Tarn";"Lung";"60-74";"Female";"2008";"48.16"
"Incidence";"Tarn";"Lung";"60-74";"Female";"2009";"53.37"
"Incidence";"Tarn";"Lung";"60-74";"Female";"2010";"49.23"
"Incidence";"Tarn";"Lung";"60-74";"Female";"2011";"66.36"
"Incidence";"Tarn";"Lung";"60-74";"Female";"2012";"70.77"
"Incidence";"Tarn";"Lung";"60-74";"Female";"2013";"80.45"
"Incidence";"Tarn";"Lung";"60-74";"Male";"1982";"194.38"
"Incidence";"Tarn";"Lung";"60-74";"Male";"1983";"255.95"
"Incidence";"Tarn";"Lung";"60-74";"Male";"1984";"184.53"
"Incidence";"Tarn";"Lung";"60-74";"Male";"1985";"241.95"
"Incidence";"Tarn";"Lung";"60-74";"Male";"1986";"238.24"
"Incidence";"Tarn";"Lung";"60-74";"Male";"1987";"242.98"
"Incidence";"Tarn";"Lung";"60-74";"Male";"1988";"272.93"
"Incidence";"Tarn";"Lung";"60-74";"Male";"1989";"213.26"
"Incidence";"Tarn";"Lung";"60-74";"Male";"1990";"275.21"
"Incidence";"Tarn";"Lung";"60-74";"Male";"1991";"223.98"
"Incidence";"Tarn";"Lung";"60-74";"Male";"1992";"208.17"
"Incidence";"Tarn";"Lung";"60-74";"Male";"1993";"229.49"
"Incidence";"Tarn";"Lung";"60-74";"Male";"1994";"282.51"
"Incidence";"Tarn";"Lung";"60-74";"Male";"1995";"315.70"
"Incidence";"Tarn";"Lung";"60-74";"Male";"1996";"222.21"
"Incidence";"Tarn";"Lung";"60-74";"Male";"1997";"235.16"
"Incidence";"Tarn";"Lung";"60-74";"Male";"1998";"287.41"
"Incidence";"Tarn";"Lung";"60-74";"Male";"1999";"246.99"
"Incidence";"Tarn";"Lung";"60-74";"Male";"2000";"268.08"
"Incidence";"Tarn";"Lung";"60-74";"Male";"2001";"250.02"
"Incidence";"Tarn";"Lung";"60-74";"Male";"2002";"248.82"
"Incidence";"Tarn";"Lung";"60-74";"Male";"2003";"234.76"
"Incidence";"Tarn";"Lung";"60-74";"Male";"2004";"220.04"
"Incidence";"Tarn";"Lung";"60-74";"Male";"2005";"249.61"
"Incidence";"Tarn";"Lung";"60-74";"Male";"2006";"253.86"
"Incidence";"Tarn";"Lung";"60-74";"Male";"2007";"236.38"
"Incidence";"Tarn";"Lung";"60-74";"Male";"2008";"183.13"
"Incidence";"Tarn";"Lung";"60-74";"Male";"2009";"240.91"
"Incidence";"Tarn";"Lung";"60-74";"Male";"2010";"282.29"
"Incidence";"Tarn";"Lung";"60-74";"Male";"2011";"212.70"
"Incidence";"Tarn";"Lung";"60-74";"Male";"2012";"291.82"
"Incidence";"Tarn";"Lung";"60-74";"Male";"2013";"252.80"
"Incidence";"Tarn";"Lung";"75-89";"Male";"1982";"182.99"
"Incidence";"Tarn";"Lung";"75-89";"Male";"1983";"237.24"
"Incidence";"Tarn";"Lung";"75-89";"Male";"1984";"344.79"
"Incidence";"Tarn";"Lung";"75-89";"Male";"1985";"307.61"
"Incidence";"Tarn";"Lung";"75-89";"Male";"1986";"155.66"
"Incidence";"Tarn";"Lung";"75-89";"Male";"1987";"251.47"
"Incidence";"Tarn";"Lung";"75-89";"Male";"1988";"228.15"
"Incidence";"Tarn";"Lung";"75-89";"Male";"1989";"292.56"
"Incidence";"Tarn";"Lung";"75-89";"Male";"1990";"337.78"
"Incidence";"Tarn";"Lung";"75-89";"Male";"1991";"278.86"
"Incidence";"Tarn";"Lung";"75-89";"Male";"1992";"253.74"
"Incidence";"Tarn";"Lung";"75-89";"Male";"1993";"253.08"
"Incidence";"Tarn";"Lung";"75-89";"Male";"1994";"358.71"
"Incidence";"Tarn";"Lung";"75-89";"Male";"1995";"400.51"
"Incidence";"Tarn";"Lung";"75-89";"Male";"1996";"370.56"
"Incidence";"Tarn";"Lung";"75-89";"Male";"1997";"291.02"
"Incidence";"Tarn";"Lung";"75-89";"Male";"1998";"210.63"
"Incidence";"Tarn";"Lung";"75-89";"Male";"1999";"332.86"
"Incidence";"Tarn";"Lung";"75-89";"Male";"2000";"274.18"
"Incidence";"Tarn";"Lung";"75-89";"Male";"2001";"368.74"
"Incidence";"Tarn";"Lung";"75-89";"Male";"2002";"370.32"
"Incidence";"Tarn";"Lung";"75-89";"Male";"2003";"366.25"
"Incidence";"Tarn";"Lung";"75-89";"Male";"2004";"340.12"
"Incidence";"Tarn";"Lung";"75-89";"Male";"2005";"319.22"
"Incidence";"Tarn";"Lung";"75-89";"Male";"2006";"395.26"
"Incidence";"Tarn";"Lung";"75-89";"Male";"2007";"345.50"
"Incidence";"Tarn";"Lung";"75-89";"Male";"2008";"318.37"
"Incidence";"Tarn";"Lung";"75-89";"Male";"2009";"400.34"
"Incidence";"Tarn";"Lung";"75-89";"Male";"2010";"440.10"
"Incidence";"Tarn";"Lung";"75-89";"Male";"2011";"313.77"
"Incidence";"Tarn";"Lung";"75-89";"Male";"2012";"356.14"
"Incidence";"Tarn";"Lung";"75-89";"Male";"2013";"379.19"
"Incidence";"Somme";"Lung";"75-89";"Male";"1982";"361.81"
"Incidence";"Somme";"Lung";"75-89";"Male";"1983";"347.42"
"Incidence";"Somme";"Lung";"75-89";"Male";"1984";"413.13"
"Incidence";"Somme";"Lung";"75-89";"Male";"1985";"364.55"
"Incidence";"Somme";"Lung";"75-89";"Male";"1986";"372.00"
"Incidence";"Somme";"Lung";"75-89";"Male";"1987";"334.52"
"Incidence";"Somme";"Lung";"75-89";"Male";"1988";"228.18"
"Incidence";"Somme";"Lung";"75-89";"Male";"1989";"318.83"
"Incidence";"Somme";"Lung";"75-89";"Male";"1990";"411.03"
"Incidence";"Somme";"Lung";"75-89";"Male";"1991";"287.33"
"Incidence";"Somme";"Lung";"75-89";"Male";"1992";"290.79"
"Incidence";"Somme";"Lung";"75-89";"Male";"1993";"349.85"
"Incidence";"Somme";"Lung";"75-89";"Male";"1994";"238.25"
"Incidence";"Somme";"Lung";"75-89";"Male";"1995";"384.84"
"Incidence";"Somme";"Lung";"75-89";"Male";"1996";"208.76"
"Incidence";"Somme";"Lung";"75-89";"Male";"1997";"388.42"
"Incidence";"Somme";"Lung";"75-89";"Male";"1998";"402.02"
"Incidence";"Somme";"Lung";"75-89";"Male";"1999";"384.27"
"Incidence";"Somme";"Lung";"75-89";"Male";"2000";"338.87"
"Incidence";"Somme";"Lung";"75-89";"Male";"2001";"347.99"
"Incidence";"Somme";"Lung";"75-89";"Male";"2002";"287.92"
"Incidence";"Somme";"Lung";"75-89";"Male";"2003";"300.27"
"Incidence";"Somme";"Lung";"75-89";"Male";"2004";"371.85"
"Incidence";"Somme";"Lung";"75-89";"Male";"2005";"442.71"
"Incidence";"Somme";"Lung";"75-89";"Male";"2006";"474.01"
"Incidence";"Somme";"Lung";"75-89";"Male";"2007";"403.72"
"Incidence";"Somme";"Lung";"75-89";"Male";"2008";"414.24"
"Incidence";"Somme";"Lung";"75-89";"Male";"2009";"474.09"
"Incidence";"Somme";"Lung";"75-89";"Male";"2010";"476.67"
"Incidence";"Somme";"Lung";"75-89";"Male";"2011";"448.34"
"Incidence";"Somme";"Lung";"75-89";"Male";"2012";"364.12"
"Incidence";"Somme";"Lung";"75-89";"Male";"2013";"259.58"
"Incidence";"Tarn";"Lung";"75-89";"Female";"1982";"12.06"
"Incidence";"Tarn";"Lung";"75-89";"Female";"1983";"23.54"
"Incidence";"Tarn";"Lung";"75-89";"Female";"1984";"28.82"
"Incidence";"Tarn";"Lung";"75-89";"Female";"1985";"17.00"
"Incidence";"Tarn";"Lung";"75-89";"Female";"1986";"33.56"
"Incidence";"Tarn";"Lung";"75-89";"Female";"1987";"33.01"
"Incidence";"Tarn";"Lung";"75-89";"Female";"1988";"16.21"
"Incidence";"Tarn";"Lung";"75-89";"Female";"1989";"26.63"
"Incidence";"Tarn";"Lung";"75-89";"Female";"1990";"26.71"
"Incidence";"Tarn";"Lung";"75-89";"Female";"1991";"77.12"
"Incidence";"Tarn";"Lung";"75-89";"Female";"1992";"11.49"
"Incidence";"Tarn";"Lung";"75-89";"Female";"1993";"59.65"
"Incidence";"Tarn";"Lung";"75-89";"Female";"1994";"24.57"
"Incidence";"Tarn";"Lung";"75-89";"Female";"1995";"18.30"
"Incidence";"Tarn";"Lung";"75-89";"Female";"1996";"47.04"
"Incidence";"Tarn";"Lung";"75-89";"Female";"1997";"22.76"
"Incidence";"Tarn";"Lung";"75-89";"Female";"1998";"71.98"
"Incidence";"Tarn";"Lung";"75-89";"Female";"1999";"37.73"
"Incidence";"Tarn";"Lung";"75-89";"Female";"2000";"41.79"
"Incidence";"Tarn";"Lung";"75-89";"Female";"2001";"55.35"
"Incidence";"Tarn";"Lung";"75-89";"Female";"2002";"63.17"
"Incidence";"Tarn";"Lung";"75-89";"Female";"2003";"46.97"
"Incidence";"Tarn";"Lung";"75-89";"Female";"2004";"81.84"
"Incidence";"Tarn";"Lung";"75-89";"Female";"2005";"61.66"
"Incidence";"Tarn";"Lung";"75-89";"Female";"2006";"42.42"
"Incidence";"Tarn";"Lung";"75-89";"Female";"2007";"89.79"
"Incidence";"Tarn";"Lung";"75-89";"Female";"2008";"67.67"
"Incidence";"Tarn";"Lung";"75-89";"Female";"2009";"62.85"
"Incidence";"Tarn";"Lung";"75-89";"Female";"2010";"50.70"
"Incidence";"Tarn";"Lung";"75-89";"Female";"2011";"86.15"
"Incidence";"Tarn";"Lung";"75-89";"Female";"2012";"74.84"
"Incidence";"Tarn";"Lung";"75-89";"Female";"2013";"87.36"
"Incidence";"Somme";"Lung";"75-89";"Female";"1982";"30.42"
"Incidence";"Somme";"Lung";"75-89";"Female";"1983";"19.91"
"Incidence";"Somme";"Lung";"75-89";"Female";"1984";"14.74"
"Incidence";"Somme";"Lung";"75-89";"Female";"1985";"29.11"
"Incidence";"Somme";"Lung";"75-89";"Female";"1986";"28.95"
"Incidence";"Somme";"Lung";"75-89";"Female";"1987";"19.18"
"Incidence";"Somme";"Lung";"75-89";"Female";"1988";"9.49"
"Incidence";"Somme";"Lung";"75-89";"Female";"1989";"9.42"
"Incidence";"Somme";"Lung";"75-89";"Female";"1990";"33.37"
"Incidence";"Somme";"Lung";"75-89";"Female";"1991";"29.56"
"Incidence";"Somme";"Lung";"75-89";"Female";"1992";"30.52"
"Incidence";"Somme";"Lung";"75-89";"Female";"1993";"52.32"
"Incidence";"Somme";"Lung";"75-89";"Female";"1994";"10.66"
"Incidence";"Somme";"Lung";"75-89";"Female";"1995";"26.27"
"Incidence";"Somme";"Lung";"75-89";"Female";"1996";"5.09"
"Incidence";"Somme";"Lung";"75-89";"Female";"1997";"34.64"
"Incidence";"Somme";"Lung";"75-89";"Female";"1998";"33.64"
"Incidence";"Somme";"Lung";"75-89";"Female";"1999";"46.77"
"Incidence";"Somme";"Lung";"75-89";"Female";"2000";"63.69"
"Incidence";"Somme";"Lung";"75-89";"Female";"2001";"35.32"
"Incidence";"Somme";"Lung";"75-89";"Female";"2002";"55.80"
"Incidence";"Somme";"Lung";"75-89";"Female";"2003";"46.03"
"Incidence";"Somme";"Lung";"75-89";"Female";"2004";"61.25"
"Incidence";"Somme";"Lung";"75-89";"Female";"2005";"59.34"
"Incidence";"Somme";"Lung";"75-89";"Female";"2006";"83.77"
"Incidence";"Somme";"Lung";"75-89";"Female";"2007";"48.26"
"Incidence";"Somme";"Lung";"75-89";"Female";"2008";"58.39"
"Incidence";"Somme";"Lung";"75-89";"Female";"2009";"78.63"
"Incidence";"Somme";"Lung";"75-89";"Female";"2010";"78.04"
"Incidence";"Somme";"Lung";"75-89";"Female";"2011";"92.22"
"Incidence";"Somme";"Lung";"75-89";"Female";"2012";"70.94"
"Incidence";"Somme";"Lung";"75-89";"Female";"2013";"82.05"
"Incidence";"Tarn";"Lung";"90-95+";"Female";"1982";"0.00"
"Incidence";"Tarn";"Lung";"90-95+";"Female";"1983";"0.00"
"Incidence";"Tarn";"Lung";"90-95+";"Female";"1984";"0.00"
"Incidence";"Tarn";"Lung";"90-95+";"Female";"1985";"0.00"
"Incidence";"Tarn";"Lung";"90-95+";"Female";"1986";"0.00"
"Incidence";"Tarn";"Lung";"90-95+";"Female";"1987";"0.00"
"Incidence";"Tarn";"Lung";"90-95+";"Female";"1988";"0.00"
"Incidence";"Tarn";"Lung";"90-95+";"Female";"1989";"60.85"
"Incidence";"Tarn";"Lung";"90-95+";"Female";"1990";"0.00"
"Incidence";"Tarn";"Lung";"90-95+";"Female";"1991";"0.00"
"Incidence";"Tarn";"Lung";"90-95+";"Female";"1992";"0.00"
"Incidence";"Tarn";"Lung";"90-95+";"Female";"1993";"0.00"
"Incidence";"Tarn";"Lung";"90-95+";"Female";"1994";"0.00"
"Incidence";"Tarn";"Lung";"90-95+";"Female";"1995";"41.56"
"Incidence";"Tarn";"Lung";"90-95+";"Female";"1996";"0.00"
"Incidence";"Tarn";"Lung";"90-95+";"Female";"1997";"0.00"
"Incidence";"Tarn";"Lung";"90-95+";"Female";"1998";"37.48"
"Incidence";"Tarn";"Lung";"90-95+";"Female";"1999";"108.89"
"Incidence";"Tarn";"Lung";"90-95+";"Female";"2000";"0.00"
"Incidence";"Tarn";"Lung";"90-95+";"Female";"2001";"34.66"
"Incidence";"Tarn";"Lung";"90-95+";"Female";"2002";"0.00"
"Incidence";"Tarn";"Lung";"90-95+";"Female";"2003";"33.08"
"Incidence";"Tarn";"Lung";"90-95+";"Female";"2004";"0.00"
"Incidence";"Tarn";"Lung";"90-95+";"Female";"2005";"61.95"
"Incidence";"Tarn";"Lung";"90-95+";"Female";"2006";"162.39"
"Incidence";"Tarn";"Lung";"90-95+";"Female";"2007";"36.66"
"Incidence";"Tarn";"Lung";"90-95+";"Female";"2008";"116.60"
"Incidence";"Tarn";"Lung";"90-95+";"Female";"2009";"118.84"
"Incidence";"Tarn";"Lung";"90-95+";"Female";"2010";"0.00"
"Incidence";"Tarn";"Lung";"90-95+";"Female";"2011";"60.35"
"Incidence";"Tarn";"Lung";"90-95+";"Female";"2012";"137.70"
"Incidence";"Tarn";"Lung";"90-95+";"Female";"2013";"76.52"
"Incidence";"Somme";"Lung";"90-95+";"Male";"1982";"317.97"
"Incidence";"Somme";"Lung";"90-95+";"Male";"1983";"0.00"
"Incidence";"Somme";"Lung";"90-95+";"Male";"1984";"0.00"
"Incidence";"Somme";"Lung";"90-95+";"Male";"1985";"0.00"
"Incidence";"Somme";"Lung";"90-95+";"Male";"1986";"0.00"
"Incidence";"Somme";"Lung";"90-95+";"Male";"1987";"253.49"
"Incidence";"Somme";"Lung";"90-95+";"Male";"1988";"0.00"
"Incidence";"Somme";"Lung";"90-95+";"Male";"1989";"220.02"
"Incidence";"Somme";"Lung";"90-95+";"Male";"1990";"400.40"
"Incidence";"Somme";"Lung";"90-95+";"Male";"1991";"355.87"
"Incidence";"Somme";"Lung";"90-95+";"Male";"1992";"0.00"
"Incidence";"Somme";"Lung";"90-95+";"Male";"1993";"605.60"
"Incidence";"Somme";"Lung";"90-95+";"Male";"1994";"0.00"
"Incidence";"Somme";"Lung";"90-95+";"Male";"1995";"0.00"
"Incidence";"Somme";"Lung";"90-95+";"Male";"1996";"0.00"
"Incidence";"Somme";"Lung";"90-95+";"Male";"1997";"260.59"
"Incidence";"Somme";"Lung";"90-95+";"Male";"1998";"243.16"
"Incidence";"Somme";"Lung";"90-95+";"Male";"1999";"111.48"
"Incidence";"Somme";"Lung";"90-95+";"Male";"2000";"208.66"
"Incidence";"Somme";"Lung";"90-95+";"Male";"2001";"0.00"
"Incidence";"Somme";"Lung";"90-95+";"Male";"2002";"372.09"
"Incidence";"Somme";"Lung";"90-95+";"Male";"2003";"266.90"
"Incidence";"Somme";"Lung";"90-95+";"Male";"2004";"586.51"
"Incidence";"Somme";"Lung";"90-95+";"Male";"2005";"93.59"
"Incidence";"Somme";"Lung";"90-95+";"Male";"2006";"115.67"
"Incidence";"Somme";"Lung";"90-95+";"Male";"2007";"127.96"
"Incidence";"Somme";"Lung";"90-95+";"Male";"2008";"136.15"
"Incidence";"Somme";"Lung";"90-95+";"Male";"2009";"550.21"
"Incidence";"Somme";"Lung";"90-95+";"Male";"2010";"242.57"
"Incidence";"Somme";"Lung";"90-95+";"Male";"2011";"96.15"
"Incidence";"Somme";"Lung";"90-95+";"Male";"2012";"165.56"
"Incidence";"Somme";"Lung";"90-95+";"Male";"2013";"76.51"
"Incidence";"Somme";"Lung";"90-95+";"Female";"1982";"0.00"
"Incidence";"Somme";"Lung";"90-95+";"Female";"1983";"0.00"
"Incidence";"Somme";"Lung";"90-95+";"Female";"1984";"83.54"
"Incidence";"Somme";"Lung";"90-95+";"Female";"1985";"0.00"
"Incidence";"Somme";"Lung";"90-95+";"Female";"1986";"0.00"
"Incidence";"Somme";"Lung";"90-95+";"Female";"1987";"0.00"
"Incidence";"Somme";"Lung";"90-95+";"Female";"1988";"0.00"
"Incidence";"Somme";"Lung";"90-95+";"Female";"1989";"0.00"
"Incidence";"Somme";"Lung";"90-95+";"Female";"1990";"0.00"
"Incidence";"Somme";"Lung";"90-95+";"Female";"1991";"0.00"
"Incidence";"Somme";"Lung";"90-95+";"Female";"1992";"0.00"
"Incidence";"Somme";"Lung";"90-95+";"Female";"1993";"0.00"
"Incidence";"Somme";"Lung";"90-95+";"Female";"1994";"0.00"
"Incidence";"Somme";"Lung";"90-95+";"Female";"1995";"43.61"
"Incidence";"Somme";"Lung";"90-95+";"Female";"1996";"0.00"
"Incidence";"Somme";"Lung";"90-95+";"Female";"1997";"79.81"
"Incidence";"Somme";"Lung";"90-95+";"Female";"1998";"76.89"
"Incidence";"Somme";"Lung";"90-95+";"Female";"1999";"36.46"
"Incidence";"Somme";"Lung";"90-95+";"Female";"2000";"34.28"
"Incidence";"Somme";"Lung";"90-95+";"Female";"2001";"0.00"
"Incidence";"Somme";"Lung";"90-95+";"Female";"2002";"0.00"
"Incidence";"Somme";"Lung";"90-95+";"Female";"2003";"30.80"
"Incidence";"Somme";"Lung";"90-95+";"Female";"2004";"30.07"
"Incidence";"Somme";"Lung";"90-95+";"Female";"2005";"0.00"
"Incidence";"Somme";"Lung";"90-95+";"Female";"2006";"34.76"
"Incidence";"Somme";"Lung";"90-95+";"Female";"2007";"72.36"
"Incidence";"Somme";"Lung";"90-95+";"Female";"2008";"77.19"
"Incidence";"Somme";"Lung";"90-95+";"Female";"2009";"80.34"
"Incidence";"Somme";"Lung";"90-95+";"Female";"2010";"0.00"
"Incidence";"Somme";"Lung";"90-95+";"Female";"2011";"0.00"
"Incidence";"Somme";"Lung";"90-95+";"Female";"2012";"56.50"
"Incidence";"Somme";"Lung";"90-95+";"Female";"2013";"26.77"
"Incidence";"Tarn";"Lung";"90-95+";"Male";"1982";"0.00"
"Incidence";"Tarn";"Lung";"90-95+";"Male";"1983";"247.22"
"Incidence";"Tarn";"Lung";"90-95+";"Male";"1984";"0.00"
"Incidence";"Tarn";"Lung";"90-95+";"Male";"1985";"489.00"
"Incidence";"Tarn";"Lung";"90-95+";"Male";"1986";"241.55"
"Incidence";"Tarn";"Lung";"90-95+";"Male";"1987";"0.00"
"Incidence";"Tarn";"Lung";"90-95+";"Male";"1988";"0.00"
"Incidence";"Tarn";"Lung";"90-95+";"Male";"1989";"616.02"
"Incidence";"Tarn";"Lung";"90-95+";"Male";"1990";"180.51"
"Incidence";"Tarn";"Lung";"90-95+";"Male";"1991";"0.00"
"Incidence";"Tarn";"Lung";"90-95+";"Male";"1992";"149.14"
"Incidence";"Tarn";"Lung";"90-95+";"Male";"1993";"0.00"
"Incidence";"Tarn";"Lung";"90-95+";"Male";"1994";"412.65"
"Incidence";"Tarn";"Lung";"90-95+";"Male";"1995";"0.00"
"Incidence";"Tarn";"Lung";"90-95+";"Male";"1996";"244.05"
"Incidence";"Tarn";"Lung";"90-95+";"Male";"1997";"115.67"
"Incidence";"Tarn";"Lung";"90-95+";"Male";"1998";"108.58"
"Incidence";"Tarn";"Lung";"90-95+";"Male";"1999";"526.04"
"Incidence";"Tarn";"Lung";"90-95+";"Male";"2000";"524.66"
"Incidence";"Tarn";"Lung";"90-95+";"Male";"2001";"535.91"
"Incidence";"Tarn";"Lung";"90-95+";"Male";"2002";"326.62"
"Incidence";"Tarn";"Lung";"90-95+";"Male";"2003";"441.26"
"Incidence";"Tarn";"Lung";"90-95+";"Male";"2004";"225.86"
"Incidence";"Tarn";"Lung";"90-95+";"Male";"2005";"303.34"
"Incidence";"Tarn";"Lung";"90-95+";"Male";"2006";"483.79"
"Incidence";"Tarn";"Lung";"90-95+";"Male";"2007";"109.17"
"Incidence";"Tarn";"Lung";"90-95+";"Male";"2008";"343.05"
"Incidence";"Tarn";"Lung";"90-95+";"Male";"2009";"223.59"
"Incidence";"Tarn";"Lung";"90-95+";"Male";"2010";"184.84"
"Incidence";"Tarn";"Lung";"90-95+";"Male";"2011";"0.00"
"Incidence";"Tarn";"Lung";"90-95+";"Male";"2012";"66.80"
"Incidence";"Tarn";"Lung";"90-95+";"Male";"2013";"0.00"
"Incidence";"Herault";"Lung";"0-14";"Male";"1987";"0.00"
"Incidence";"Herault";"Lung";"0-14";"Male";"1988";"0.00"
"Incidence";"Herault";"Lung";"0-14";"Male";"1989";"0.00"
"Incidence";"Herault";"Lung";"0-14";"Male";"1990";"0.00"
"Incidence";"Herault";"Lung";"0-14";"Male";"1991";"0.00"
"Incidence";"Herault";"Lung";"0-14";"Male";"1992";"0.00"
"Incidence";"Herault";"Lung";"0-14";"Male";"1993";"0.00"
"Incidence";"Herault";"Lung";"0-14";"Male";"1994";"0.00"
"Incidence";"Herault";"Lung";"0-14";"Male";"1995";"0.00"
"Incidence";"Herault";"Lung";"0-14";"Male";"1996";"0.00"
"Incidence";"Herault";"Lung";"0-14";"Male";"1997";"0.00"
"Incidence";"Herault";"Lung";"0-14";"Male";"1998";"0.00"
"Incidence";"Herault";"Lung";"0-14";"Male";"1999";"0.00"
"Incidence";"Herault";"Lung";"0-14";"Male";"2000";"0.00"
"Incidence";"Herault";"Lung";"0-14";"Male";"2001";"0.00"
"Incidence";"Herault";"Lung";"0-14";"Male";"2002";"0.00"
"Incidence";"Herault";"Lung";"0-14";"Male";"2003";"0.00"
"Incidence";"Herault";"Lung";"0-14";"Male";"2004";"0.00"
"Incidence";"Herault";"Lung";"0-14";"Male";"2005";"0.00"
"Incidence";"Herault";"Lung";"0-14";"Male";"2006";"0.00"
"Incidence";"Herault";"Lung";"0-14";"Male";"2007";"0.00"
"Incidence";"Herault";"Lung";"0-14";"Male";"2008";"0.00"
"Incidence";"Herault";"Lung";"0-14";"Male";"2009";"0.00"
"Incidence";"Herault";"Lung";"0-14";"Male";"2010";"0.00"
"Incidence";"Herault";"Lung";"0-14";"Male";"2011";"0.00"
"Incidence";"Herault";"Lung";"0-14";"Male";"2012";"0.00"
"Incidence";"Herault";"Lung";"0-14";"Male";"2013";"0.00"
"Incidence";"Herault";"Lung";"0-14";"Female";"1987";"0.00"
"Incidence";"Herault";"Lung";"0-14";"Female";"1988";"0.00"
"Incidence";"Herault";"Lung";"0-14";"Female";"1989";"0.00"
"Incidence";"Herault";"Lung";"0-14";"Female";"1990";"0.00"
"Incidence";"Herault";"Lung";"0-14";"Female";"1991";"0.00"
"Incidence";"Herault";"Lung";"0-14";"Female";"1992";"0.00"
"Incidence";"Herault";"Lung";"0-14";"Female";"1993";"0.00"
"Incidence";"Herault";"Lung";"0-14";"Female";"1994";"0.00"
"Incidence";"Herault";"Lung";"0-14";"Female";"1995";"0.00"
"Incidence";"Herault";"Lung";"0-14";"Female";"1996";"0.00"
"Incidence";"Herault";"Lung";"0-14";"Female";"1997";"0.00"
"Incidence";"Herault";"Lung";"0-14";"Female";"1998";"0.00"
"Incidence";"Herault";"Lung";"0-14";"Female";"1999";"0.00"
"Incidence";"Herault";"Lung";"0-14";"Female";"2000";"0.00"
"Incidence";"Herault";"Lung";"0-14";"Female";"2001";"0.00"
"Incidence";"Herault";"Lung";"0-14";"Female";"2002";"0.00"
"Incidence";"Herault";"Lung";"0-14";"Female";"2003";"0.00"
"Incidence";"Herault";"Lung";"0-14";"Female";"2004";"1.20"
"Incidence";"Herault";"Lung";"0-14";"Female";"2005";"0.00"
"Incidence";"Herault";"Lung";"0-14";"Female";"2006";"0.00"
"Incidence";"Herault";"Lung";"0-14";"Female";"2007";"0.00"
"Incidence";"Herault";"Lung";"0-14";"Female";"2008";"0.00"
"Incidence";"Herault";"Lung";"0-14";"Female";"2009";"0.00"
"Incidence";"Herault";"Lung";"0-14";"Female";"2010";"0.00"
"Incidence";"Herault";"Lung";"0-14";"Female";"2011";"0.00"
"Incidence";"Herault";"Lung";"0-14";"Female";"2012";"0.00"
"Incidence";"Herault";"Lung";"0-14";"Female";"2013";"0.00"
"Incidence";"Herault";"Lung";"15-29";"Male";"1987";"0.00"
"Incidence";"Herault";"Lung";"15-29";"Male";"1988";"0.00"
"Incidence";"Herault";"Lung";"15-29";"Male";"1989";"1.11"
"Incidence";"Herault";"Lung";"15-29";"Male";"1990";"0.00"
"Incidence";"Herault";"Lung";"15-29";"Male";"1991";"0.00"
"Incidence";"Herault";"Lung";"15-29";"Male";"1992";"1.10"
"Incidence";"Herault";"Lung";"15-29";"Male";"1993";"1.09"
"Incidence";"Herault";"Lung";"15-29";"Male";"1994";"0.00"
"Incidence";"Herault";"Lung";"15-29";"Male";"1995";"0.00"
"Incidence";"Herault";"Lung";"15-29";"Male";"1996";"0.00"
"Incidence";"Herault";"Lung";"15-29";"Male";"1997";"0.00"
"Incidence";"Herault";"Lung";"15-29";"Male";"1998";"0.00"
"Incidence";"Herault";"Lung";"15-29";"Male";"1999";"0.00"
"Incidence";"Herault";"Lung";"15-29";"Male";"2000";"0.00"
"Incidence";"Herault";"Lung";"15-29";"Male";"2001";"0.00"
"Incidence";"Herault";"Lung";"15-29";"Male";"2002";"0.00"
"Incidence";"Herault";"Lung";"15-29";"Male";"2003";"2.11"
"Incidence";"Herault";"Lung";"15-29";"Male";"2004";"0.00"
"Incidence";"Herault";"Lung";"15-29";"Male";"2005";"0.00"
"Incidence";"Herault";"Lung";"15-29";"Male";"2006";"0.00"
"Incidence";"Herault";"Lung";"15-29";"Male";"2007";"1.01"
"Incidence";"Herault";"Lung";"15-29";"Male";"2008";"0.00"
"Incidence";"Herault";"Lung";"15-29";"Male";"2009";"1.00"
"Incidence";"Herault";"Lung";"15-29";"Male";"2010";"0.98"
"Incidence";"Herault";"Lung";"15-29";"Male";"2011";"0.00"
"Incidence";"Herault";"Lung";"15-29";"Male";"2012";"2.90"
"Incidence";"Herault";"Lung";"15-29";"Male";"2013";"2.87"
"Incidence";"Herault";"Lung";"15-29";"Female";"1987";"0.00"
"Incidence";"Herault";"Lung";"15-29";"Female";"1988";"0.00"
"Incidence";"Herault";"Lung";"15-29";"Female";"1989";"0.00"
"Incidence";"Herault";"Lung";"15-29";"Female";"1990";"0.00"
"Incidence";"Herault";"Lung";"15-29";"Female";"1991";"0.00"
"Incidence";"Herault";"Lung";"15-29";"Female";"1992";"0.00"
"Incidence";"Herault";"Lung";"15-29";"Female";"1993";"0.00"
"Incidence";"Herault";"Lung";"15-29";"Female";"1994";"0.00"
"Incidence";"Herault";"Lung";"15-29";"Female";"1995";"0.00"
"Incidence";"Herault";"Lung";"15-29";"Female";"1996";"0.00"
"Incidence";"Herault";"Lung";"15-29";"Female";"1997";"0.00"
"Incidence";"Herault";"Lung";"15-29";"Female";"1998";"0.00"
"Incidence";"Herault";"Lung";"15-29";"Female";"1999";"0.00"
"Incidence";"Herault";"Lung";"15-29";"Female";"2000";"0.00"
"Incidence";"Herault";"Lung";"15-29";"Female";"2001";"1.02"
"Incidence";"Herault";"Lung";"15-29";"Female";"2002";"0.00"
"Incidence";"Herault";"Lung";"15-29";"Female";"2003";"0.00"
"Incidence";"Herault";"Lung";"15-29";"Female";"2004";"0.00"
"Incidence";"Herault";"Lung";"15-29";"Female";"2005";"0.00"
"Incidence";"Herault";"Lung";"15-29";"Female";"2006";"0.97"
"Incidence";"Herault";"Lung";"15-29";"Female";"2007";"0.00"
"Incidence";"Herault";"Lung";"15-29";"Female";"2008";"0.97"
"Incidence";"Herault";"Lung";"15-29";"Female";"2009";"0.97"
"Incidence";"Herault";"Lung";"15-29";"Female";"2010";"0.96"
"Incidence";"Herault";"Lung";"15-29";"Female";"2011";"0.95"
"Incidence";"Herault";"Lung";"15-29";"Female";"2012";"0.00"
"Incidence";"Herault";"Lung";"15-29";"Female";"2013";"0.94"
"Incidence";"Herault";"Lung";"30-44";"Female";"1987";"7.45"
"Incidence";"Herault";"Lung";"30-44";"Female";"1988";"2.42"
"Incidence";"Herault";"Lung";"30-44";"Female";"1989";"4.71"
"Incidence";"Herault";"Lung";"30-44";"Female";"1990";"3.44"
"Incidence";"Herault";"Lung";"30-44";"Female";"1991";"2.25"
"Incidence";"Herault";"Lung";"30-44";"Female";"1992";"2.23"
"Incidence";"Herault";"Lung";"30-44";"Female";"1993";"8.87"
"Incidence";"Herault";"Lung";"30-44";"Female";"1994";"3.29"
"Incidence";"Herault";"Lung";"30-44";"Female";"1995";"6.52"
"Incidence";"Herault";"Lung";"30-44";"Female";"1996";"7.52"
"Incidence";"Herault";"Lung";"30-44";"Female";"1997";"9.54"
"Incidence";"Herault";"Lung";"30-44";"Female";"1998";"6.28"
"Incidence";"Herault";"Lung";"30-44";"Female";"1999";"7.26"
"Incidence";"Herault";"Lung";"30-44";"Female";"2000";"9.23"
"Incidence";"Herault";"Lung";"30-44";"Female";"2001";"7.09"
"Incidence";"Herault";"Lung";"30-44";"Female";"2002";"6.99"
"Incidence";"Herault";"Lung";"30-44";"Female";"2003";"5.93"
"Incidence";"Herault";"Lung";"30-44";"Female";"2004";"5.90"
"Incidence";"Herault";"Lung";"30-44";"Female";"2005";"11.67"
"Incidence";"Herault";"Lung";"30-44";"Female";"2006";"8.67"
"Incidence";"Herault";"Lung";"30-44";"Female";"2007";"3.86"
"Incidence";"Herault";"Lung";"30-44";"Female";"2008";"6.79"
"Incidence";"Herault";"Lung";"30-44";"Female";"2009";"7.78"
"Incidence";"Herault";"Lung";"30-44";"Female";"2010";"10.62"
"Incidence";"Herault";"Lung";"30-44";"Female";"2011";"14.37"
"Incidence";"Herault";"Lung";"30-44";"Female";"2012";"8.56"
"Incidence";"Herault";"Lung";"30-44";"Female";"2013";"8.51"
"Incidence";"Herault";"Lung";"30-44";"Male";"1987";"19.12"
"Incidence";"Herault";"Lung";"30-44";"Male";"1988";"26.17"
"Incidence";"Herault";"Lung";"30-44";"Male";"1989";"8.51"
"Incidence";"Herault";"Lung";"30-44";"Male";"1990";"8.30"
"Incidence";"Herault";"Lung";"30-44";"Male";"1991";"15.21"
"Incidence";"Herault";"Lung";"30-44";"Male";"1992";"15.14"
"Incidence";"Herault";"Lung";"30-44";"Male";"1993";"17.40"
"Incidence";"Herault";"Lung";"30-44";"Male";"1994";"11.55"
"Incidence";"Herault";"Lung";"30-44";"Male";"1995";"17.23"
"Incidence";"Herault";"Lung";"30-44";"Male";"1996";"11.41"
"Incidence";"Herault";"Lung";"30-44";"Male";"1997";"14.73"
"Incidence";"Herault";"Lung";"30-44";"Male";"1998";"21.39"
"Incidence";"Herault";"Lung";"30-44";"Male";"1999";"10.06"
"Incidence";"Herault";"Lung";"30-44";"Male";"2000";"9.95"
"Incidence";"Herault";"Lung";"30-44";"Male";"2001";"14.17"
"Incidence";"Herault";"Lung";"30-44";"Male";"2002";"11.82"
"Incidence";"Herault";"Lung";"30-44";"Male";"2003";"12.74"
"Incidence";"Herault";"Lung";"30-44";"Male";"2004";"9.45"
"Incidence";"Herault";"Lung";"30-44";"Male";"2005";"23.99"
"Incidence";"Herault";"Lung";"30-44";"Male";"2006";"12.43"
"Incidence";"Herault";"Lung";"30-44";"Male";"2007";"13.36"
"Incidence";"Herault";"Lung";"30-44";"Male";"2008";"7.18"
"Incidence";"Herault";"Lung";"30-44";"Male";"2009";"13.32"
"Incidence";"Herault";"Lung";"30-44";"Male";"2010";"16.24"
"Incidence";"Herault";"Lung";"30-44";"Male";"2011";"12.05"
"Incidence";"Herault";"Lung";"30-44";"Male";"2012";"12.96"
"Incidence";"Herault";"Lung";"30-44";"Male";"2013";"6.93"
"Incidence";"Herault";"Lung";"45-59";"Male";"1987";"108.38"
"Incidence";"Herault";"Lung";"45-59";"Male";"1988";"106.09"
"Incidence";"Herault";"Lung";"45-59";"Male";"1989";"72.76"
"Incidence";"Herault";"Lung";"45-59";"Male";"1990";"105.58"
"Incidence";"Herault";"Lung";"45-59";"Male";"1991";"93.64"
"Incidence";"Herault";"Lung";"45-59";"Male";"1992";"111.21"
"Incidence";"Herault";"Lung";"45-59";"Male";"1993";"104.37"
"Incidence";"Herault";"Lung";"45-59";"Male";"1994";"91.99"
"Incidence";"Herault";"Lung";"45-59";"Male";"1995";"98.75"
"Incidence";"Herault";"Lung";"45-59";"Male";"1996";"118.91"
"Incidence";"Herault";"Lung";"45-59";"Male";"1997";"118.99"
"Incidence";"Herault";"Lung";"45-59";"Male";"1998";"94.54"
"Incidence";"Herault";"Lung";"45-59";"Male";"1999";"116.96"
"Incidence";"Herault";"Lung";"45-59";"Male";"2000";"115.88"
"Incidence";"Herault";"Lung";"45-59";"Male";"2001";"113.69"
"Incidence";"Herault";"Lung";"45-59";"Male";"2002";"103.65"
"Incidence";"Herault";"Lung";"45-59";"Male";"2003";"140.89"
"Incidence";"Herault";"Lung";"45-59";"Male";"2004";"137.19"
"Incidence";"Herault";"Lung";"45-59";"Male";"2005";"111.33"
"Incidence";"Herault";"Lung";"45-59";"Male";"2006";"112.88"
"Incidence";"Herault";"Lung";"45-59";"Male";"2007";"121.25"
"Incidence";"Herault";"Lung";"45-59";"Male";"2008";"116.35"
"Incidence";"Herault";"Lung";"45-59";"Male";"2009";"124.70"
"Incidence";"Herault";"Lung";"45-59";"Male";"2010";"122.58"
"Incidence";"Herault";"Lung";"45-59";"Male";"2011";"131.29"
"Incidence";"Herault";"Lung";"45-59";"Male";"2012";"111.39"
"Incidence";"Herault";"Lung";"45-59";"Male";"2013";"118.71"
"Incidence";"Herault";"Lung";"45-59";"Female";"1987";"17.55"
"Incidence";"Herault";"Lung";"45-59";"Female";"1988";"7.96"
"Incidence";"Herault";"Lung";"45-59";"Female";"1989";"15.77"
"Incidence";"Herault";"Lung";"45-59";"Female";"1990";"25.04"
"Incidence";"Herault";"Lung";"45-59";"Female";"1991";"7.70"
"Incidence";"Herault";"Lung";"45-59";"Female";"1992";"11.95"
"Incidence";"Herault";"Lung";"45-59";"Female";"1993";"10.12"
"Incidence";"Herault";"Lung";"45-59";"Female";"1994";"16.79"
"Incidence";"Herault";"Lung";"45-59";"Female";"1995";"14.85"
"Incidence";"Herault";"Lung";"45-59";"Female";"1996";"14.34"
"Incidence";"Herault";"Lung";"45-59";"Female";"1997";"20.14"
"Incidence";"Herault";"Lung";"45-59";"Female";"1998";"18.23"
"Incidence";"Herault";"Lung";"45-59";"Female";"1999";"30.52"
"Incidence";"Herault";"Lung";"45-59";"Female";"2000";"35.04"
"Incidence";"Herault";"Lung";"45-59";"Female";"2001";"39.22"
"Incidence";"Herault";"Lung";"45-59";"Female";"2002";"40.04"
"Incidence";"Herault";"Lung";"45-59";"Female";"2003";"34.80"
"Incidence";"Herault";"Lung";"45-59";"Female";"2004";"53.78"
"Incidence";"Herault";"Lung";"45-59";"Female";"2005";"37.90"
"Incidence";"Herault";"Lung";"45-59";"Female";"2006";"39.32"
"Incidence";"Herault";"Lung";"45-59";"Female";"2007";"49.72"
"Incidence";"Herault";"Lung";"45-59";"Female";"2008";"54.22"
"Incidence";"Herault";"Lung";"45-59";"Female";"2009";"60.39"
"Incidence";"Herault";"Lung";"45-59";"Female";"2010";"59.87"
"Incidence";"Herault";"Lung";"45-59";"Female";"2011";"62.85"
"Incidence";"Herault";"Lung";"45-59";"Female";"2012";"66.61"
"Incidence";"Herault";"Lung";"45-59";"Female";"2013";"59.47"
"Incidence";"Herault";"Lung";"60-74";"Male";"1987";"235.58"
"Incidence";"Herault";"Lung";"60-74";"Male";"1988";"283.98"
"Incidence";"Herault";"Lung";"60-74";"Male";"1989";"271.75"
"Incidence";"Herault";"Lung";"60-74";"Male";"1990";"258.30"
"Incidence";"Herault";"Lung";"60-74";"Male";"1991";"218.12"
"Incidence";"Herault";"Lung";"60-74";"Male";"1992";"210.58"
"Incidence";"Herault";"Lung";"60-74";"Male";"1993";"209.50"
"Incidence";"Herault";"Lung";"60-74";"Male";"1994";"261.68"
"Incidence";"Herault";"Lung";"60-74";"Male";"1995";"278.16"
"Incidence";"Herault";"Lung";"60-74";"Male";"1996";"270.10"
"Incidence";"Herault";"Lung";"60-74";"Male";"1997";"244.24"
"Incidence";"Herault";"Lung";"60-74";"Male";"1998";"290.09"
"Incidence";"Herault";"Lung";"60-74";"Male";"1999";"290.97"
"Incidence";"Herault";"Lung";"60-74";"Male";"2000";"292.08"
"Incidence";"Herault";"Lung";"60-74";"Male";"2001";"270.14"
"Incidence";"Herault";"Lung";"60-74";"Male";"2002";"268.50"
"Incidence";"Herault";"Lung";"60-74";"Male";"2003";"309.51"
"Incidence";"Herault";"Lung";"60-74";"Male";"2004";"249.40"
"Incidence";"Herault";"Lung";"60-74";"Male";"2005";"327.70"
"Incidence";"Herault";"Lung";"60-74";"Male";"2006";"318.18"
"Incidence";"Herault";"Lung";"60-74";"Male";"2007";"257.14"
"Incidence";"Herault";"Lung";"60-74";"Male";"2008";"304.16"
"Incidence";"Herault";"Lung";"60-74";"Male";"2009";"279.18"
"Incidence";"Herault";"Lung";"60-74";"Male";"2010";"295.81"
"Incidence";"Herault";"Lung";"60-74";"Male";"2011";"306.76"
"Incidence";"Herault";"Lung";"60-74";"Male";"2012";"286.86"
"Incidence";"Herault";"Lung";"60-74";"Male";"2013";"337.15"
"Incidence";"Herault";"Lung";"60-74";"Female";"1987";"32.62"
"Incidence";"Herault";"Lung";"60-74";"Female";"1988";"22.04"
"Incidence";"Herault";"Lung";"60-74";"Female";"1989";"13.32"
"Incidence";"Herault";"Lung";"60-74";"Female";"1990";"32.37"
"Incidence";"Herault";"Lung";"60-74";"Female";"1991";"23.34"
"Incidence";"Herault";"Lung";"60-74";"Female";"1992";"23.97"
"Incidence";"Herault";"Lung";"60-74";"Female";"1993";"33.39"
"Incidence";"Herault";"Lung";"60-74";"Female";"1994";"18.43"
"Incidence";"Herault";"Lung";"60-74";"Female";"1995";"31.00"
"Incidence";"Herault";"Lung";"60-74";"Female";"1996";"35.51"
"Incidence";"Herault";"Lung";"60-74";"Female";"1997";"41.44"
"Incidence";"Herault";"Lung";"60-74";"Female";"1998";"43.08"
"Incidence";"Herault";"Lung";"60-74";"Female";"1999";"37.39"
"Incidence";"Herault";"Lung";"60-74";"Female";"2000";"33.02"
"Incidence";"Herault";"Lung";"60-74";"Female";"2001";"45.87"
"Incidence";"Herault";"Lung";"60-74";"Female";"2002";"45.50"
"Incidence";"Herault";"Lung";"60-74";"Female";"2003";"46.24"
"Incidence";"Herault";"Lung";"60-74";"Female";"2004";"61.96"
"Incidence";"Herault";"Lung";"60-74";"Female";"2005";"58.14"
"Incidence";"Herault";"Lung";"60-74";"Female";"2006";"63.57"
"Incidence";"Herault";"Lung";"60-74";"Female";"2007";"70.85"
"Incidence";"Herault";"Lung";"60-74";"Female";"2008";"86.11"
"Incidence";"Herault";"Lung";"60-74";"Female";"2009";"66.58"
"Incidence";"Herault";"Lung";"60-74";"Female";"2010";"89.00"
"Incidence";"Herault";"Lung";"60-74";"Female";"2011";"110.58"
"Incidence";"Herault";"Lung";"60-74";"Female";"2012";"104.58"
"Incidence";"Herault";"Lung";"60-74";"Female";"2013";"94.92"
"Incidence";"Herault";"Lung";"75-89";"Male";"1987";"215.34"
"Incidence";"Herault";"Lung";"75-89";"Male";"1988";"305.83"
"Incidence";"Herault";"Lung";"75-89";"Male";"1989";"193.11"
"Incidence";"Herault";"Lung";"75-89";"Male";"1990";"200.65"
"Incidence";"Herault";"Lung";"75-89";"Male";"1991";"228.29"
"Incidence";"Herault";"Lung";"75-89";"Male";"1992";"268.74"
"Incidence";"Herault";"Lung";"75-89";"Male";"1993";"254.00"
"Incidence";"Herault";"Lung";"75-89";"Male";"1994";"284.45"
"Incidence";"Herault";"Lung";"75-89";"Male";"1995";"234.26"
"Incidence";"Herault";"Lung";"75-89";"Male";"1996";"259.17"
"Incidence";"Herault";"Lung";"75-89";"Male";"1997";"309.35"
"Incidence";"Herault";"Lung";"75-89";"Male";"1998";"231.68"
"Incidence";"Herault";"Lung";"75-89";"Male";"1999";"290.37"
"Incidence";"Herault";"Lung";"75-89";"Male";"2000";"266.06"
"Incidence";"Herault";"Lung";"75-89";"Male";"2001";"344.66"
"Incidence";"Herault";"Lung";"75-89";"Male";"2002";"333.10"
"Incidence";"Herault";"Lung";"75-89";"Male";"2003";"309.44"
"Incidence";"Herault";"Lung";"75-89";"Male";"2004";"354.82"
"Incidence";"Herault";"Lung";"75-89";"Male";"2005";"345.82"
"Incidence";"Herault";"Lung";"75-89";"Male";"2006";"349.48"
"Incidence";"Herault";"Lung";"75-89";"Male";"2007";"332.34"
"Incidence";"Herault";"Lung";"75-89";"Male";"2008";"416.38"
"Incidence";"Herault";"Lung";"75-89";"Male";"2009";"366.43"
"Incidence";"Herault";"Lung";"75-89";"Male";"2010";"428.03"
"Incidence";"Herault";"Lung";"75-89";"Male";"2011";"429.58"
"Incidence";"Herault";"Lung";"75-89";"Male";"2012";"381.53"
"Incidence";"Herault";"Lung";"75-89";"Male";"2013";"366.04"
"Incidence";"Herault";"Lung";"75-89";"Female";"1987";"20.67"
"Incidence";"Herault";"Lung";"75-89";"Female";"1988";"43.46"
"Incidence";"Herault";"Lung";"75-89";"Female";"1989";"17.00"
"Incidence";"Herault";"Lung";"75-89";"Female";"1990";"14.11"
"Incidence";"Herault";"Lung";"75-89";"Female";"1991";"20.20"
"Incidence";"Herault";"Lung";"75-89";"Female";"1992";"17.73"
"Incidence";"Herault";"Lung";"75-89";"Female";"1993";"27.04"
"Incidence";"Herault";"Lung";"75-89";"Female";"1994";"12.11"
"Incidence";"Herault";"Lung";"75-89";"Female";"1995";"23.55"
"Incidence";"Herault";"Lung";"75-89";"Female";"1996";"41.90"
"Incidence";"Herault";"Lung";"75-89";"Female";"1997";"37.40"
"Incidence";"Herault";"Lung";"75-89";"Female";"1998";"28.36"
"Incidence";"Herault";"Lung";"75-89";"Female";"1999";"42.51"
"Incidence";"Herault";"Lung";"75-89";"Female";"2000";"26.65"
"Incidence";"Herault";"Lung";"75-89";"Female";"2001";"37.57"
"Incidence";"Herault";"Lung";"75-89";"Female";"2002";"43.34"
"Incidence";"Herault";"Lung";"75-89";"Female";"2003";"46.49"
"Incidence";"Herault";"Lung";"75-89";"Female";"2004";"70.77"
"Incidence";"Herault";"Lung";"75-89";"Female";"2005";"64.49"
"Incidence";"Herault";"Lung";"75-89";"Female";"2006";"70.19"
"Incidence";"Herault";"Lung";"75-89";"Female";"2007";"98.37"
"Incidence";"Herault";"Lung";"75-89";"Female";"2008";"76.93"
"Incidence";"Herault";"Lung";"75-89";"Female";"2009";"84.51"
"Incidence";"Herault";"Lung";"75-89";"Female";"2010";"105.46"
"Incidence";"Herault";"Lung";"75-89";"Female";"2011";"65.51"
"Incidence";"Herault";"Lung";"75-89";"Female";"2012";"114.80"
"Incidence";"Herault";"Lung";"75-89";"Female";"2013";"109.03"
"Incidence";"Herault";"Lung";"90-95+";"Female";"1987";"0.00"
"Incidence";"Herault";"Lung";"90-95+";"Female";"1988";"0.00"
"Incidence";"Herault";"Lung";"90-95+";"Female";"1989";"0.00"
"Incidence";"Herault";"Lung";"90-95+";"Female";"1990";"0.00"
"Incidence";"Herault";"Lung";"90-95+";"Female";"1991";"0.00"
"Incidence";"Herault";"Lung";"90-95+";"Female";"1992";"80.88"
"Incidence";"Herault";"Lung";"90-95+";"Female";"1993";"0.00"
"Incidence";"Herault";"Lung";"90-95+";"Female";"1994";"24.65"
"Incidence";"Herault";"Lung";"90-95+";"Female";"1995";"23.44"
"Incidence";"Herault";"Lung";"90-95+";"Female";"1996";"0.00"
"Incidence";"Herault";"Lung";"90-95+";"Female";"1997";"0.00"
"Incidence";"Herault";"Lung";"90-95+";"Female";"1998";"0.00"
"Incidence";"Herault";"Lung";"90-95+";"Female";"1999";"19.98"
"Incidence";"Herault";"Lung";"90-95+";"Female";"2000";"0.00"
"Incidence";"Herault";"Lung";"90-95+";"Female";"2001";"36.79"
"Incidence";"Herault";"Lung";"90-95+";"Female";"2002";"0.00"
"Incidence";"Herault";"Lung";"90-95+";"Female";"2003";"34.98"
"Incidence";"Herault";"Lung";"90-95+";"Female";"2004";"33.93"
"Incidence";"Herault";"Lung";"90-95+";"Female";"2005";"33.33"
"Incidence";"Herault";"Lung";"90-95+";"Female";"2006";"50.78"
"Incidence";"Herault";"Lung";"90-95+";"Female";"2007";"34.49"
"Incidence";"Herault";"Lung";"90-95+";"Female";"2008";"102.36"
"Incidence";"Herault";"Lung";"90-95+";"Female";"2009";"32.99"
"Incidence";"Herault";"Lung";"90-95+";"Female";"2010";"60.73"
"Incidence";"Herault";"Lung";"90-95+";"Female";"2011";"80.62"
"Incidence";"Herault";"Lung";"90-95+";"Female";"2012";"85.05"
"Incidence";"Herault";"Lung";"90-95+";"Female";"2013";"79.10"
"Incidence";"Herault";"Lung";"90-95+";"Male";"1987";"257.57"
"Incidence";"Herault";"Lung";"90-95+";"Male";"1988";"0.00"
"Incidence";"Herault";"Lung";"90-95+";"Male";"1989";"0.00"
"Incidence";"Herault";"Lung";"90-95+";"Male";"1990";"107.82"
"Incidence";"Herault";"Lung";"90-95+";"Male";"1991";"0.00"
"Incidence";"Herault";"Lung";"90-95+";"Male";"1992";"172.49"
"Incidence";"Herault";"Lung";"90-95+";"Male";"1993";"160.64"
"Incidence";"Herault";"Lung";"90-95+";"Male";"1994";"0.00"
"Incidence";"Herault";"Lung";"90-95+";"Male";"1995";"144.93"
"Incidence";"Herault";"Lung";"90-95+";"Male";"1996";"0.00"
"Incidence";"Herault";"Lung";"90-95+";"Male";"1997";"0.00"
"Incidence";"Herault";"Lung";"90-95+";"Male";"1998";"0.00"
"Incidence";"Herault";"Lung";"90-95+";"Male";"1999";"60.04"
"Incidence";"Herault";"Lung";"90-95+";"Male";"2000";"0.00"
"Incidence";"Herault";"Lung";"90-95+";"Male";"2001";"0.00"
"Incidence";"Herault";"Lung";"90-95+";"Male";"2002";"56.05"
"Incidence";"Herault";"Lung";"90-95+";"Male";"2003";"107.99"
"Incidence";"Herault";"Lung";"90-95+";"Male";"2004";"158.02"
"Incidence";"Herault";"Lung";"90-95+";"Male";"2005";"248.26"
"Incidence";"Herault";"Lung";"90-95+";"Male";"2006";"48.94"
"Incidence";"Herault";"Lung";"90-95+";"Male";"2007";"161.73"
"Incidence";"Herault";"Lung";"90-95+";"Male";"2008";"55.83"
"Incidence";"Herault";"Lung";"90-95+";"Male";"2009";"103.87"
"Incidence";"Herault";"Lung";"90-95+";"Male";"2010";"449.54"
"Incidence";"Herault";"Lung";"90-95+";"Male";"2011";"539.71"
"Incidence";"Herault";"Lung";"90-95+";"Male";"2012";"69.20"
"Incidence";"Herault";"Lung";"90-95+";"Male";"2013";"314.96"
"Incidence";"Haut-Rhin";"Lung";"0-14";"Female";"1988";"0.00"
"Incidence";"Haut-Rhin";"Lung";"0-14";"Female";"1989";"0.00"
"Incidence";"Haut-Rhin";"Lung";"0-14";"Female";"1990";"0.00"
"Incidence";"Haut-Rhin";"Lung";"0-14";"Female";"1991";"0.00"
"Incidence";"Haut-Rhin";"Lung";"0-14";"Female";"1992";"0.00"
"Incidence";"Haut-Rhin";"Lung";"0-14";"Female";"1993";"0.00"
"Incidence";"Haut-Rhin";"Lung";"0-14";"Female";"1994";"1.45"
"Incidence";"Haut-Rhin";"Lung";"0-14";"Female";"1995";"0.00"
"Incidence";"Haut-Rhin";"Lung";"0-14";"Female";"1996";"0.00"
"Incidence";"Haut-Rhin";"Lung";"0-14";"Female";"1997";"0.00"
"Incidence";"Haut-Rhin";"Lung";"0-14";"Female";"1998";"0.00"
"Incidence";"Haut-Rhin";"Lung";"0-14";"Female";"1999";"0.00"
"Incidence";"Haut-Rhin";"Lung";"0-14";"Female";"2000";"0.00"
"Incidence";"Haut-Rhin";"Lung";"0-14";"Female";"2001";"0.00"
"Incidence";"Haut-Rhin";"Lung";"0-14";"Female";"2002";"0.00"
"Incidence";"Haut-Rhin";"Lung";"0-14";"Female";"2003";"0.00"
"Incidence";"Haut-Rhin";"Lung";"0-14";"Female";"2004";"0.00"
"Incidence";"Haut-Rhin";"Lung";"0-14";"Female";"2005";"0.00"
"Incidence";"Haut-Rhin";"Lung";"0-14";"Female";"2006";"0.00"
"Incidence";"Haut-Rhin";"Lung";"0-14";"Female";"2007";"0.00"
"Incidence";"Haut-Rhin";"Lung";"0-14";"Female";"2008";"0.00"
"Incidence";"Haut-Rhin";"Lung";"0-14";"Female";"2009";"0.00"
"Incidence";"Haut-Rhin";"Lung";"0-14";"Female";"2010";"0.00"
"Incidence";"Haut-Rhin";"Lung";"0-14";"Female";"2011";"0.00"
"Incidence";"Haut-Rhin";"Lung";"0-14";"Female";"2012";"0.00"
"Incidence";"Haut-Rhin";"Lung";"0-14";"Female";"2013";"0.00"
"Incidence";"Haut-Rhin";"Lung";"0-14";"Male";"1988";"0.00"
"Incidence";"Haut-Rhin";"Lung";"0-14";"Male";"1989";"0.00"
"Incidence";"Haut-Rhin";"Lung";"0-14";"Male";"1990";"0.00"
"Incidence";"Haut-Rhin";"Lung";"0-14";"Male";"1991";"0.00"
"Incidence";"Haut-Rhin";"Lung";"0-14";"Male";"1992";"0.00"
"Incidence";"Haut-Rhin";"Lung";"0-14";"Male";"1993";"0.00"
"Incidence";"Haut-Rhin";"Lung";"0-14";"Male";"1994";"0.00"
"Incidence";"Haut-Rhin";"Lung";"0-14";"Male";"1995";"0.00"
"Incidence";"Haut-Rhin";"Lung";"0-14";"Male";"1996";"0.00"
"Incidence";"Haut-Rhin";"Lung";"0-14";"Male";"1997";"0.00"
"Incidence";"Haut-Rhin";"Lung";"0-14";"Male";"1998";"0.00"
"Incidence";"Haut-Rhin";"Lung";"0-14";"Male";"1999";"0.00"
"Incidence";"Haut-Rhin";"Lung";"0-14";"Male";"2000";"0.00"
"Incidence";"Haut-Rhin";"Lung";"0-14";"Male";"2001";"0.00"
"Incidence";"Haut-Rhin";"Lung";"0-14";"Male";"2002";"0.00"
"Incidence";"Haut-Rhin";"Lung";"0-14";"Male";"2003";"0.00"
"Incidence";"Haut-Rhin";"Lung";"0-14";"Male";"2004";"0.00"
"Incidence";"Haut-Rhin";"Lung";"0-14";"Male";"2005";"0.00"
"Incidence";"Haut-Rhin";"Lung";"0-14";"Male";"2006";"0.00"
"Incidence";"Haut-Rhin";"Lung";"0-14";"Male";"2007";"0.00"
"Incidence";"Haut-Rhin";"Lung";"0-14";"Male";"2008";"0.00"
"Incidence";"Haut-Rhin";"Lung";"0-14";"Male";"2009";"0.00"
"Incidence";"Haut-Rhin";"Lung";"0-14";"Male";"2010";"0.00"
"Incidence";"Haut-Rhin";"Lung";"0-14";"Male";"2011";"0.00"
"Incidence";"Haut-Rhin";"Lung";"0-14";"Male";"2012";"0.00"
"Incidence";"Haut-Rhin";"Lung";"0-14";"Male";"2013";"0.00"
"Incidence";"Haut-Rhin";"Lung";"15-29";"Female";"1988";"0.00"
"Incidence";"Haut-Rhin";"Lung";"15-29";"Female";"1989";"0.00"
"Incidence";"Haut-Rhin";"Lung";"15-29";"Female";"1990";"0.00"
"Incidence";"Haut-Rhin";"Lung";"15-29";"Female";"1991";"0.00"
"Incidence";"Haut-Rhin";"Lung";"15-29";"Female";"1992";"0.00"
"Incidence";"Haut-Rhin";"Lung";"15-29";"Female";"1993";"0.00"
"Incidence";"Haut-Rhin";"Lung";"15-29";"Female";"1994";"0.00"
"Incidence";"Haut-Rhin";"Lung";"15-29";"Female";"1995";"0.00"
"Incidence";"Haut-Rhin";"Lung";"15-29";"Female";"1996";"1.44"
"Incidence";"Haut-Rhin";"Lung";"15-29";"Female";"1997";"0.00"
"Incidence";"Haut-Rhin";"Lung";"15-29";"Female";"1998";"0.00"
"Incidence";"Haut-Rhin";"Lung";"15-29";"Female";"1999";"0.00"
"Incidence";"Haut-Rhin";"Lung";"15-29";"Female";"2000";"0.00"
"Incidence";"Haut-Rhin";"Lung";"15-29";"Female";"2001";"0.00"
"Incidence";"Haut-Rhin";"Lung";"15-29";"Female";"2002";"0.00"
"Incidence";"Haut-Rhin";"Lung";"15-29";"Female";"2003";"0.00"
"Incidence";"Haut-Rhin";"Lung";"15-29";"Female";"2004";"0.00"
"Incidence";"Haut-Rhin";"Lung";"15-29";"Female";"2005";"0.00"
"Incidence";"Haut-Rhin";"Lung";"15-29";"Female";"2006";"0.00"
"Incidence";"Haut-Rhin";"Lung";"15-29";"Female";"2007";"0.00"
"Incidence";"Haut-Rhin";"Lung";"15-29";"Female";"2008";"0.00"
"Incidence";"Haut-Rhin";"Lung";"15-29";"Female";"2009";"0.00"
"Incidence";"Haut-Rhin";"Lung";"15-29";"Female";"2010";"0.00"
"Incidence";"Haut-Rhin";"Lung";"15-29";"Female";"2011";"0.00"
"Incidence";"Haut-Rhin";"Lung";"15-29";"Female";"2012";"0.00"
"Incidence";"Haut-Rhin";"Lung";"15-29";"Female";"2013";"1.58"
"Incidence";"Haut-Rhin";"Lung";"15-29";"Male";"1988";"0.00"
"Incidence";"Haut-Rhin";"Lung";"15-29";"Male";"1989";"0.00"
"Incidence";"Haut-Rhin";"Lung";"15-29";"Male";"1990";"1.27"
"Incidence";"Haut-Rhin";"Lung";"15-29";"Male";"1991";"0.00"
"Incidence";"Haut-Rhin";"Lung";"15-29";"Male";"1992";"0.00"
"Incidence";"Haut-Rhin";"Lung";"15-29";"Male";"1993";"0.00"
"Incidence";"Haut-Rhin";"Lung";"15-29";"Male";"1994";"0.00"
"Incidence";"Haut-Rhin";"Lung";"15-29";"Male";"1995";"0.00"
"Incidence";"Haut-Rhin";"Lung";"15-29";"Male";"1996";"0.00"
"Incidence";"Haut-Rhin";"Lung";"15-29";"Male";"1997";"0.00"
"Incidence";"Haut-Rhin";"Lung";"15-29";"Male";"1998";"1.42"
"Incidence";"Haut-Rhin";"Lung";"15-29";"Male";"1999";"0.00"
"Incidence";"Haut-Rhin";"Lung";"15-29";"Male";"2000";"0.00"
"Incidence";"Haut-Rhin";"Lung";"15-29";"Male";"2001";"2.92"
"Incidence";"Haut-Rhin";"Lung";"15-29";"Male";"2002";"0.00"
"Incidence";"Haut-Rhin";"Lung";"15-29";"Male";"2003";"0.00"
"Incidence";"Haut-Rhin";"Lung";"15-29";"Male";"2004";"0.00"
"Incidence";"Haut-Rhin";"Lung";"15-29";"Male";"2005";"0.00"
"Incidence";"Haut-Rhin";"Lung";"15-29";"Male";"2006";"0.00"
"Incidence";"Haut-Rhin";"Lung";"15-29";"Male";"2007";"0.00"
"Incidence";"Haut-Rhin";"Lung";"15-29";"Male";"2008";"1.46"
"Incidence";"Haut-Rhin";"Lung";"15-29";"Male";"2009";"0.00"
"Incidence";"Haut-Rhin";"Lung";"15-29";"Male";"2010";"0.00"
"Incidence";"Haut-Rhin";"Lung";"15-29";"Male";"2011";"0.00"
"Incidence";"Haut-Rhin";"Lung";"15-29";"Male";"2012";"0.00"
"Incidence";"Haut-Rhin";"Lung";"15-29";"Male";"2013";"0.00"
"Incidence";"Haut-Rhin";"Lung";"30-44";"Female";"1988";"1.37"
"Incidence";"Haut-Rhin";"Lung";"30-44";"Female";"1989";"4.02"
"Incidence";"Haut-Rhin";"Lung";"30-44";"Female";"1990";"1.30"
"Incidence";"Haut-Rhin";"Lung";"30-44";"Female";"1991";"2.55"
"Incidence";"Haut-Rhin";"Lung";"30-44";"Female";"1992";"2.51"
"Incidence";"Haut-Rhin";"Lung";"30-44";"Female";"1993";"1.24"
"Incidence";"Haut-Rhin";"Lung";"30-44";"Female";"1994";"3.67"
"Incidence";"Haut-Rhin";"Lung";"30-44";"Female";"1995";"4.85"
"Incidence";"Haut-Rhin";"Lung";"30-44";"Female";"1996";"7.23"
"Incidence";"Haut-Rhin";"Lung";"30-44";"Female";"1997";"6.01"
"Incidence";"Haut-Rhin";"Lung";"30-44";"Female";"1998";"1.20"
"Incidence";"Haut-Rhin";"Lung";"30-44";"Female";"1999";"2.41"
"Incidence";"Haut-Rhin";"Lung";"30-44";"Female";"2000";"4.81"
"Incidence";"Haut-Rhin";"Lung";"30-44";"Female";"2001";"2.40"
"Incidence";"Haut-Rhin";"Lung";"30-44";"Female";"2002";"7.21"
"Incidence";"Haut-Rhin";"Lung";"30-44";"Female";"2003";"2.40"
"Incidence";"Haut-Rhin";"Lung";"30-44";"Female";"2004";"0.00"
"Incidence";"Haut-Rhin";"Lung";"30-44";"Female";"2005";"6.08"
"Incidence";"Haut-Rhin";"Lung";"30-44";"Female";"2006";"2.47"
"Incidence";"Haut-Rhin";"Lung";"30-44";"Female";"2007";"2.50"
"Incidence";"Haut-Rhin";"Lung";"30-44";"Female";"2008";"1.26"
"Incidence";"Haut-Rhin";"Lung";"30-44";"Female";"2009";"3.85"
"Incidence";"Haut-Rhin";"Lung";"30-44";"Female";"2010";"1.30"
"Incidence";"Haut-Rhin";"Lung";"30-44";"Female";"2011";"2.61"
"Incidence";"Haut-Rhin";"Lung";"30-44";"Female";"2012";"11.80"
"Incidence";"Haut-Rhin";"Lung";"30-44";"Female";"2013";"6.57"
"Incidence";"Haut-Rhin";"Lung";"30-44";"Male";"1988";"9.06"
"Incidence";"Haut-Rhin";"Lung";"30-44";"Male";"1989";"7.64"
"Incidence";"Haut-Rhin";"Lung";"30-44";"Male";"1990";"13.71"
"Incidence";"Haut-Rhin";"Lung";"30-44";"Male";"1991";"6.11"
"Incidence";"Haut-Rhin";"Lung";"30-44";"Male";"1992";"12.11"
"Incidence";"Haut-Rhin";"Lung";"30-44";"Male";"1993";"14.43"
"Incidence";"Haut-Rhin";"Lung";"30-44";"Male";"1994";"8.37"
"Incidence";"Haut-Rhin";"Lung";"30-44";"Male";"1995";"14.31"
"Incidence";"Haut-Rhin";"Lung";"30-44";"Male";"1996";"13.08"
"Incidence";"Haut-Rhin";"Lung";"30-44";"Male";"1997";"9.52"
"Incidence";"Haut-Rhin";"Lung";"30-44";"Male";"1998";"11.92"
"Incidence";"Haut-Rhin";"Lung";"30-44";"Male";"1999";"11.90"
"Incidence";"Haut-Rhin";"Lung";"30-44";"Male";"2000";"14.25"
"Incidence";"Haut-Rhin";"Lung";"30-44";"Male";"2001";"10.67"
"Incidence";"Haut-Rhin";"Lung";"30-44";"Male";"2002";"10.66"
"Incidence";"Haut-Rhin";"Lung";"30-44";"Male";"2003";"1.19"
"Incidence";"Haut-Rhin";"Lung";"30-44";"Male";"2004";"3.57"
"Incidence";"Haut-Rhin";"Lung";"30-44";"Male";"2005";"4.82"
"Incidence";"Haut-Rhin";"Lung";"30-44";"Male";"2006";"2.45"
"Incidence";"Haut-Rhin";"Lung";"30-44";"Male";"2007";"7.44"
"Incidence";"Haut-Rhin";"Lung";"30-44";"Male";"2008";"10.04"
"Incidence";"Haut-Rhin";"Lung";"30-44";"Male";"2009";"8.94"
"Incidence";"Haut-Rhin";"Lung";"30-44";"Male";"2010";"3.89"
"Incidence";"Haut-Rhin";"Lung";"30-44";"Male";"2011";"6.57"
"Incidence";"Haut-Rhin";"Lung";"30-44";"Male";"2012";"1.32"
"Incidence";"Haut-Rhin";"Lung";"30-44";"Male";"2013";"9.36"
"Incidence";"Haut-Rhin";"Lung";"45-59";"Male";"1988";"111.79"
"Incidence";"Haut-Rhin";"Lung";"45-59";"Male";"1989";"103.48"
"Incidence";"Haut-Rhin";"Lung";"45-59";"Male";"1990";"115.36"
"Incidence";"Haut-Rhin";"Lung";"45-59";"Male";"1991";"129.58"
"Incidence";"Haut-Rhin";"Lung";"45-59";"Male";"1992";"102.19"
"Incidence";"Haut-Rhin";"Lung";"45-59";"Male";"1993";"124.23"
"Incidence";"Haut-Rhin";"Lung";"45-59";"Male";"1994";"101.94"
"Incidence";"Haut-Rhin";"Lung";"45-59";"Male";"1995";"108.66"
"Incidence";"Haut-Rhin";"Lung";"45-59";"Male";"1996";"107.28"
"Incidence";"Haut-Rhin";"Lung";"45-59";"Male";"1997";"110.81"
"Incidence";"Haut-Rhin";"Lung";"45-59";"Male";"1998";"95.88"
"Incidence";"Haut-Rhin";"Lung";"45-59";"Male";"1999";"89.10"
"Incidence";"Haut-Rhin";"Lung";"45-59";"Male";"2000";"105.66"
"Incidence";"Haut-Rhin";"Lung";"45-59";"Male";"2001";"137.12"
"Incidence";"Haut-Rhin";"Lung";"45-59";"Male";"2002";"97.00"
"Incidence";"Haut-Rhin";"Lung";"45-59";"Male";"2003";"93.76"
"Incidence";"Haut-Rhin";"Lung";"45-59";"Male";"2004";"103.69"
"Incidence";"Haut-Rhin";"Lung";"45-59";"Male";"2005";"97.60"
"Incidence";"Haut-Rhin";"Lung";"45-59";"Male";"2006";"101.06"
"Incidence";"Haut-Rhin";"Lung";"45-59";"Male";"2007";"103.65"
"Incidence";"Haut-Rhin";"Lung";"45-59";"Male";"2008";"106.68"
"Incidence";"Haut-Rhin";"Lung";"45-59";"Male";"2009";"93.75"
"Incidence";"Haut-Rhin";"Lung";"45-59";"Male";"2010";"89.69"
"Incidence";"Haut-Rhin";"Lung";"45-59";"Male";"2011";"100.51"
"Incidence";"Haut-Rhin";"Lung";"45-59";"Male";"2012";"101.70"
"Incidence";"Haut-Rhin";"Lung";"45-59";"Male";"2013";"80.55"
"Incidence";"Haut-Rhin";"Lung";"45-59";"Female";"1988";"7.36"
"Incidence";"Haut-Rhin";"Lung";"45-59";"Female";"1989";"14.89"
"Incidence";"Haut-Rhin";"Lung";"45-59";"Female";"1990";"24.57"
"Incidence";"Haut-Rhin";"Lung";"45-59";"Female";"1991";"17.10"
"Incidence";"Haut-Rhin";"Lung";"45-59";"Female";"1992";"18.77"
"Incidence";"Haut-Rhin";"Lung";"45-59";"Female";"1993";"11.04"
"Incidence";"Haut-Rhin";"Lung";"45-59";"Female";"1994";"14.41"
"Incidence";"Haut-Rhin";"Lung";"45-59";"Female";"1995";"19.32"
"Incidence";"Haut-Rhin";"Lung";"45-59";"Female";"1996";"30.69"
"Incidence";"Haut-Rhin";"Lung";"45-59";"Female";"1997";"18.22"
"Incidence";"Haut-Rhin";"Lung";"45-59";"Female";"1998";"24.10"
"Incidence";"Haut-Rhin";"Lung";"45-59";"Female";"1999";"21.85"
"Incidence";"Haut-Rhin";"Lung";"45-59";"Female";"2000";"21.20"
"Incidence";"Haut-Rhin";"Lung";"45-59";"Female";"2001";"22.02"
"Incidence";"Haut-Rhin";"Lung";"45-59";"Female";"2002";"34.27"
"Incidence";"Haut-Rhin";"Lung";"45-59";"Female";"2003";"29.24"
"Incidence";"Haut-Rhin";"Lung";"45-59";"Female";"2004";"27.12"
"Incidence";"Haut-Rhin";"Lung";"45-59";"Female";"2005";"46.13"
"Incidence";"Haut-Rhin";"Lung";"45-59";"Female";"2006";"33.47"
"Incidence";"Haut-Rhin";"Lung";"45-59";"Female";"2007";"45.58"
"Incidence";"Haut-Rhin";"Lung";"45-59";"Female";"2008";"41.34"
"Incidence";"Haut-Rhin";"Lung";"45-59";"Female";"2009";"34.81"
"Incidence";"Haut-Rhin";"Lung";"45-59";"Female";"2010";"38.31"
"Incidence";"Haut-Rhin";"Lung";"45-59";"Female";"2011";"46.70"
"Incidence";"Haut-Rhin";"Lung";"45-59";"Female";"2012";"58.72"
"Incidence";"Haut-Rhin";"Lung";"45-59";"Female";"2013";"62.25"
"Incidence";"Haut-Rhin";"Lung";"60-74";"Male";"1988";"350.56"
"Incidence";"Haut-Rhin";"Lung";"60-74";"Male";"1989";"381.52"
"Incidence";"Haut-Rhin";"Lung";"60-74";"Male";"1990";"365.68"
"Incidence";"Haut-Rhin";"Lung";"60-74";"Male";"1991";"322.24"
"Incidence";"Haut-Rhin";"Lung";"60-74";"Male";"1992";"373.99"
"Incidence";"Haut-Rhin";"Lung";"60-74";"Male";"1993";"336.46"
"Incidence";"Haut-Rhin";"Lung";"60-74";"Male";"1994";"314.67"
"Incidence";"Haut-Rhin";"Lung";"60-74";"Male";"1995";"335.05"
"Incidence";"Haut-Rhin";"Lung";"60-74";"Male";"1996";"415.54"
"Incidence";"Haut-Rhin";"Lung";"60-74";"Male";"1997";"334.94"
"Incidence";"Haut-Rhin";"Lung";"60-74";"Male";"1998";"303.16"
"Incidence";"Haut-Rhin";"Lung";"60-74";"Male";"1999";"325.66"
"Incidence";"Haut-Rhin";"Lung";"60-74";"Male";"2000";"357.50"
"Incidence";"Haut-Rhin";"Lung";"60-74";"Male";"2001";"299.24"
"Incidence";"Haut-Rhin";"Lung";"60-74";"Male";"2002";"275.99"
"Incidence";"Haut-Rhin";"Lung";"60-74";"Male";"2003";"248.88"
"Incidence";"Haut-Rhin";"Lung";"60-74";"Male";"2004";"329.32"
"Incidence";"Haut-Rhin";"Lung";"60-74";"Male";"2005";"289.62"
"Incidence";"Haut-Rhin";"Lung";"60-74";"Male";"2006";"296.32"
"Incidence";"Haut-Rhin";"Lung";"60-74";"Male";"2007";"293.55"
"Incidence";"Haut-Rhin";"Lung";"60-74";"Male";"2008";"253.21"
"Incidence";"Haut-Rhin";"Lung";"60-74";"Male";"2009";"297.92"
"Incidence";"Haut-Rhin";"Lung";"60-74";"Male";"2010";"270.94"
"Incidence";"Haut-Rhin";"Lung";"60-74";"Male";"2011";"335.19"
"Incidence";"Haut-Rhin";"Lung";"60-74";"Male";"2012";"316.15"
"Incidence";"Haut-Rhin";"Lung";"60-74";"Male";"2013";"329.08"
"Incidence";"Haut-Rhin";"Lung";"60-74";"Female";"1988";"21.75"
"Incidence";"Haut-Rhin";"Lung";"60-74";"Female";"1989";"28.47"
"Incidence";"Haut-Rhin";"Lung";"60-74";"Female";"1990";"55.30"
"Incidence";"Haut-Rhin";"Lung";"60-74";"Female";"1991";"59.63"
"Incidence";"Haut-Rhin";"Lung";"60-74";"Female";"1992";"29.64"
"Incidence";"Haut-Rhin";"Lung";"60-74";"Female";"1993";"42.79"
"Incidence";"Haut-Rhin";"Lung";"60-74";"Female";"1994";"45.51"
"Incidence";"Haut-Rhin";"Lung";"60-74";"Female";"1995";"35.23"
"Incidence";"Haut-Rhin";"Lung";"60-74";"Female";"1996";"51.03"
"Incidence";"Haut-Rhin";"Lung";"60-74";"Female";"1997";"41.45"
"Incidence";"Haut-Rhin";"Lung";"60-74";"Female";"1998";"43.60"
"Incidence";"Haut-Rhin";"Lung";"60-74";"Female";"1999";"65.47"
"Incidence";"Haut-Rhin";"Lung";"60-74";"Female";"2000";"49.83"
"Incidence";"Haut-Rhin";"Lung";"60-74";"Female";"2001";"48.20"
"Incidence";"Haut-Rhin";"Lung";"60-74";"Female";"2002";"54.41"
"Incidence";"Haut-Rhin";"Lung";"60-74";"Female";"2003";"34.31"
"Incidence";"Haut-Rhin";"Lung";"60-74";"Female";"2004";"42.61"
"Incidence";"Haut-Rhin";"Lung";"60-74";"Female";"2005";"82.11"
"Incidence";"Haut-Rhin";"Lung";"60-74";"Female";"2006";"74.14"
"Incidence";"Haut-Rhin";"Lung";"60-74";"Female";"2007";"58.95"
"Incidence";"Haut-Rhin";"Lung";"60-74";"Female";"2008";"85.68"
"Incidence";"Haut-Rhin";"Lung";"60-74";"Female";"2009";"70.13"
"Incidence";"Haut-Rhin";"Lung";"60-74";"Female";"2010";"79.76"
"Incidence";"Haut-Rhin";"Lung";"60-74";"Female";"2011";"79.38"
"Incidence";"Haut-Rhin";"Lung";"60-74";"Female";"2012";"94.95"
"Incidence";"Haut-Rhin";"Lung";"60-74";"Female";"2013";"67.71"
"Incidence";"Haut-Rhin";"Lung";"75-89";"Male";"1988";"366.74"
"Incidence";"Haut-Rhin";"Lung";"75-89";"Male";"1989";"417.09"
"Incidence";"Haut-Rhin";"Lung";"75-89";"Male";"1990";"341.17"
"Incidence";"Haut-Rhin";"Lung";"75-89";"Male";"1991";"427.83"
"Incidence";"Haut-Rhin";"Lung";"75-89";"Male";"1992";"369.42"
"Incidence";"Haut-Rhin";"Lung";"75-89";"Male";"1993";"305.56"
"Incidence";"Haut-Rhin";"Lung";"75-89";"Male";"1994";"479.47"
"Incidence";"Haut-Rhin";"Lung";"75-89";"Male";"1995";"333.57"
"Incidence";"Haut-Rhin";"Lung";"75-89";"Male";"1996";"285.82"
"Incidence";"Haut-Rhin";"Lung";"75-89";"Male";"1997";"234.38"
"Incidence";"Haut-Rhin";"Lung";"75-89";"Male";"1998";"394.87"
"Incidence";"Haut-Rhin";"Lung";"75-89";"Male";"1999";"271.53"
"Incidence";"Haut-Rhin";"Lung";"75-89";"Male";"2000";"331.77"
"Incidence";"Haut-Rhin";"Lung";"75-89";"Male";"2001";"398.48"
"Incidence";"Haut-Rhin";"Lung";"75-89";"Male";"2002";"341.43"
"Incidence";"Haut-Rhin";"Lung";"75-89";"Male";"2003";"363.10"
"Incidence";"Haut-Rhin";"Lung";"75-89";"Male";"2004";"312.39"
"Incidence";"Haut-Rhin";"Lung";"75-89";"Male";"2005";"367.87"
"Incidence";"Haut-Rhin";"Lung";"75-89";"Male";"2006";"414.06"
"Incidence";"Haut-Rhin";"Lung";"75-89";"Male";"2007";"415.51"
"Incidence";"Haut-Rhin";"Lung";"75-89";"Male";"2008";"365.14"
"Incidence";"Haut-Rhin";"Lung";"75-89";"Male";"2009";"347.92"
"Incidence";"Haut-Rhin";"Lung";"75-89";"Male";"2010";"377.18"
"Incidence";"Haut-Rhin";"Lung";"75-89";"Male";"2011";"422.76"
"Incidence";"Haut-Rhin";"Lung";"75-89";"Male";"2012";"429.56"
"Incidence";"Haut-Rhin";"Lung";"75-89";"Male";"2013";"473.49"
"Incidence";"Haut-Rhin";"Lung";"75-89";"Female";"1988";"20.07"
"Incidence";"Haut-Rhin";"Lung";"75-89";"Female";"1989";"7.98"
"Incidence";"Haut-Rhin";"Lung";"75-89";"Female";"1990";"24.21"
"Incidence";"Haut-Rhin";"Lung";"75-89";"Female";"1991";"29.25"
"Incidence";"Haut-Rhin";"Lung";"75-89";"Female";"1992";"39.25"
"Incidence";"Haut-Rhin";"Lung";"75-89";"Female";"1993";"9.11"
"Incidence";"Haut-Rhin";"Lung";"75-89";"Female";"1994";"42.17"
"Incidence";"Haut-Rhin";"Lung";"75-89";"Female";"1995";"32.41"
"Incidence";"Haut-Rhin";"Lung";"75-89";"Female";"1996";"35.68"
"Incidence";"Haut-Rhin";"Lung";"75-89";"Female";"1997";"73.12"
"Incidence";"Haut-Rhin";"Lung";"75-89";"Female";"1998";"62.52"
"Incidence";"Haut-Rhin";"Lung";"75-89";"Female";"1999";"56.67"
"Incidence";"Haut-Rhin";"Lung";"75-89";"Female";"2000";"31.50"
"Incidence";"Haut-Rhin";"Lung";"75-89";"Female";"2001";"72.38"
"Incidence";"Haut-Rhin";"Lung";"75-89";"Female";"2002";"66.22"
"Incidence";"Haut-Rhin";"Lung";"75-89";"Female";"2003";"81.73"
"Incidence";"Haut-Rhin";"Lung";"75-89";"Female";"2004";"61.48"
"Incidence";"Haut-Rhin";"Lung";"75-89";"Female";"2005";"55.04"
"Incidence";"Haut-Rhin";"Lung";"75-89";"Female";"2006";"45.95"
"Incidence";"Haut-Rhin";"Lung";"75-89";"Female";"2007";"73.53"
"Incidence";"Haut-Rhin";"Lung";"75-89";"Female";"2008";"65.41"
"Incidence";"Haut-Rhin";"Lung";"75-89";"Female";"2009";"94.22"
"Incidence";"Haut-Rhin";"Lung";"75-89";"Female";"2010";"107.20"
"Incidence";"Haut-Rhin";"Lung";"75-89";"Female";"2011";"93.59"
"Incidence";"Haut-Rhin";"Lung";"75-89";"Female";"2012";"118.14"
"Incidence";"Haut-Rhin";"Lung";"75-89";"Female";"2013";"123.53"
"Incidence";"Haut-Rhin";"Lung";"90-95+";"Male";"1988";"0.00"
"Incidence";"Haut-Rhin";"Lung";"90-95+";"Male";"1989";"0.00"
"Incidence";"Haut-Rhin";"Lung";"90-95+";"Male";"1990";"0.00"
"Incidence";"Haut-Rhin";"Lung";"90-95+";"Male";"1991";"0.00"
"Incidence";"Haut-Rhin";"Lung";"90-95+";"Male";"1992";"400.40"
"Incidence";"Haut-Rhin";"Lung";"90-95+";"Male";"1993";"187.27"
"Incidence";"Haut-Rhin";"Lung";"90-95+";"Male";"1994";"512.82"
"Incidence";"Haut-Rhin";"Lung";"90-95+";"Male";"1995";"0.00"
"Incidence";"Haut-Rhin";"Lung";"90-95+";"Male";"1996";"0.00"
"Incidence";"Haut-Rhin";"Lung";"90-95+";"Male";"1997";"0.00"
"Incidence";"Haut-Rhin";"Lung";"90-95+";"Male";"1998";"137.36"
"Incidence";"Haut-Rhin";"Lung";"90-95+";"Male";"1999";"0.00"
"Incidence";"Haut-Rhin";"Lung";"90-95+";"Male";"2000";"250.16"
"Incidence";"Haut-Rhin";"Lung";"90-95+";"Male";"2001";"124.53"
"Incidence";"Haut-Rhin";"Lung";"90-95+";"Male";"2002";"0.00"
"Incidence";"Haut-Rhin";"Lung";"90-95+";"Male";"2003";"0.00"
"Incidence";"Haut-Rhin";"Lung";"90-95+";"Male";"2004";"125.87"
"Incidence";"Haut-Rhin";"Lung";"90-95+";"Male";"2005";"0.00"
"Incidence";"Haut-Rhin";"Lung";"90-95+";"Male";"2006";"0.00"
"Incidence";"Haut-Rhin";"Lung";"90-95+";"Male";"2007";"386.10"
"Incidence";"Haut-Rhin";"Lung";"90-95+";"Male";"2008";"0.00"
"Incidence";"Haut-Rhin";"Lung";"90-95+";"Male";"2009";"135.87"
"Incidence";"Haut-Rhin";"Lung";"90-95+";"Male";"2010";"108.28"
"Incidence";"Haut-Rhin";"Lung";"90-95+";"Male";"2011";"177.30"
"Incidence";"Haut-Rhin";"Lung";"90-95+";"Male";"2012";"235.85"
"Incidence";"Haut-Rhin";"Lung";"90-95+";"Male";"2013";"421.35"
"Incidence";"Haut-Rhin";"Lung";"90-95+";"Female";"1988";"65.60"
"Incidence";"Haut-Rhin";"Lung";"90-95+";"Female";"1989";"0.00"
"Incidence";"Haut-Rhin";"Lung";"90-95+";"Female";"1990";"0.00"
"Incidence";"Haut-Rhin";"Lung";"90-95+";"Female";"1991";"0.00"
"Incidence";"Haut-Rhin";"Lung";"90-95+";"Female";"1992";"0.00"
"Incidence";"Haut-Rhin";"Lung";"90-95+";"Female";"1993";"44.08"
"Incidence";"Haut-Rhin";"Lung";"90-95+";"Female";"1994";"0.00"
"Incidence";"Haut-Rhin";"Lung";"90-95+";"Female";"1995";"0.00"
"Incidence";"Haut-Rhin";"Lung";"90-95+";"Female";"1996";"37.05"
"Incidence";"Haut-Rhin";"Lung";"90-95+";"Female";"1997";"35.51"
"Incidence";"Haut-Rhin";"Lung";"90-95+";"Female";"1998";"0.00"
"Incidence";"Haut-Rhin";"Lung";"90-95+";"Female";"1999";"32.88"
"Incidence";"Haut-Rhin";"Lung";"90-95+";"Female";"2000";"0.00"
"Incidence";"Haut-Rhin";"Lung";"90-95+";"Female";"2001";"0.00"
"Incidence";"Haut-Rhin";"Lung";"90-95+";"Female";"2002";"32.02"
"Incidence";"Haut-Rhin";"Lung";"90-95+";"Female";"2003";"32.51"
"Incidence";"Haut-Rhin";"Lung";"90-95+";"Female";"2004";"98.60"
"Incidence";"Haut-Rhin";"Lung";"90-95+";"Female";"2005";"95.51"
"Incidence";"Haut-Rhin";"Lung";"90-95+";"Female";"2006";"0.00"
"Incidence";"Haut-Rhin";"Lung";"90-95+";"Female";"2007";"0.00"
"Incidence";"Haut-Rhin";"Lung";"90-95+";"Female";"2008";"0.00"
"Incidence";"Haut-Rhin";"Lung";"90-95+";"Female";"2009";"0.00"
"Incidence";"Haut-Rhin";"Lung";"90-95+";"Female";"2010";"0.00"
"Incidence";"Haut-Rhin";"Lung";"90-95+";"Female";"2011";"112.00"
"Incidence";"Haut-Rhin";"Lung";"90-95+";"Female";"2012";"73.48"
"Incidence";"Haut-Rhin";"Lung";"90-95+";"Female";"2013";"22.71"
"Incidence";"Manche";"Lung";"0-14";"Male";"1994";"0.00"
"Incidence";"Manche";"Lung";"0-14";"Male";"1995";"0.00"
"Incidence";"Manche";"Lung";"0-14";"Male";"1996";"0.00"
"Incidence";"Manche";"Lung";"0-14";"Male";"1997";"0.00"
"Incidence";"Manche";"Lung";"0-14";"Male";"1998";"0.00"
"Incidence";"Manche";"Lung";"0-14";"Male";"1999";"0.00"
"Incidence";"Manche";"Lung";"0-14";"Male";"2000";"0.00"
"Incidence";"Manche";"Lung";"0-14";"Male";"2001";"0.00"
"Incidence";"Manche";"Lung";"0-14";"Male";"2002";"0.00"
"Incidence";"Manche";"Lung";"0-14";"Male";"2003";"0.00"
"Incidence";"Manche";"Lung";"0-14";"Male";"2004";"0.00"
"Incidence";"Manche";"Lung";"0-14";"Male";"2005";"0.00"
"Incidence";"Manche";"Lung";"0-14";"Male";"2006";"0.00"
"Incidence";"Manche";"Lung";"0-14";"Male";"2007";"0.00"
"Incidence";"Manche";"Lung";"0-14";"Male";"2008";"0.00"
"Incidence";"Manche";"Lung";"0-14";"Male";"2009";"0.00"
"Incidence";"Manche";"Lung";"0-14";"Male";"2010";"0.00"
"Incidence";"Manche";"Lung";"0-14";"Male";"2011";"0.00"
"Incidence";"Manche";"Lung";"0-14";"Male";"2012";"0.00"
"Incidence";"Manche";"Lung";"0-14";"Male";"2013";"0.00"
"Incidence";"Manche";"Lung";"0-14";"Female";"1994";"0.00"
"Incidence";"Manche";"Lung";"0-14";"Female";"1995";"0.00"
"Incidence";"Manche";"Lung";"0-14";"Female";"1996";"2.15"
"Incidence";"Manche";"Lung";"0-14";"Female";"1997";"0.00"
"Incidence";"Manche";"Lung";"0-14";"Female";"1998";"0.00"
"Incidence";"Manche";"Lung";"0-14";"Female";"1999";"0.00"
"Incidence";"Manche";"Lung";"0-14";"Female";"2000";"0.00"
"Incidence";"Manche";"Lung";"0-14";"Female";"2001";"0.00"
"Incidence";"Manche";"Lung";"0-14";"Female";"2002";"0.00"
"Incidence";"Manche";"Lung";"0-14";"Female";"2003";"0.00"
"Incidence";"Manche";"Lung";"0-14";"Female";"2004";"0.00"
"Incidence";"Manche";"Lung";"0-14";"Female";"2005";"0.00"
"Incidence";"Manche";"Lung";"0-14";"Female";"2006";"0.00"
"Incidence";"Manche";"Lung";"0-14";"Female";"2007";"0.00"
"Incidence";"Manche";"Lung";"0-14";"Female";"2008";"0.00"
"Incidence";"Manche";"Lung";"0-14";"Female";"2009";"0.00"
"Incidence";"Manche";"Lung";"0-14";"Female";"2010";"0.00"
"Incidence";"Manche";"Lung";"0-14";"Female";"2011";"0.00"
"Incidence";"Manche";"Lung";"0-14";"Female";"2012";"0.00"
"Incidence";"Manche";"Lung";"0-14";"Female";"2013";"0.00"
"Incidence";"Manche";"Lung";"15-29";"Male";"1994";"2.07"
"Incidence";"Manche";"Lung";"15-29";"Male";"1995";"0.00"
"Incidence";"Manche";"Lung";"15-29";"Male";"1996";"0.00"
"Incidence";"Manche";"Lung";"15-29";"Male";"1997";"0.00"
"Incidence";"Manche";"Lung";"15-29";"Male";"1998";"0.00"
"Incidence";"Manche";"Lung";"15-29";"Male";"1999";"2.24"
"Incidence";"Manche";"Lung";"15-29";"Male";"2000";"0.00"
"Incidence";"Manche";"Lung";"15-29";"Male";"2001";"0.00"
"Incidence";"Manche";"Lung";"15-29";"Male";"2002";"0.00"
"Incidence";"Manche";"Lung";"15-29";"Male";"2003";"0.00"
"Incidence";"Manche";"Lung";"15-29";"Male";"2004";"2.39"
"Incidence";"Manche";"Lung";"15-29";"Male";"2005";"0.00"
"Incidence";"Manche";"Lung";"15-29";"Male";"2006";"2.39"
"Incidence";"Manche";"Lung";"15-29";"Male";"2007";"0.00"
"Incidence";"Manche";"Lung";"15-29";"Male";"2008";"0.00"
"Incidence";"Manche";"Lung";"15-29";"Male";"2009";"0.00"
"Incidence";"Manche";"Lung";"15-29";"Male";"2010";"4.86"
"Incidence";"Manche";"Lung";"15-29";"Male";"2011";"2.46"
"Incidence";"Manche";"Lung";"15-29";"Male";"2012";"0.00"
"Incidence";"Manche";"Lung";"15-29";"Male";"2013";"0.00"
"Incidence";"Manche";"Lung";"15-29";"Female";"1994";"0.00"
"Incidence";"Manche";"Lung";"15-29";"Female";"1995";"0.00"
"Incidence";"Manche";"Lung";"15-29";"Female";"1996";"0.00"
"Incidence";"Manche";"Lung";"15-29";"Female";"1997";"0.00"
"Incidence";"Manche";"Lung";"15-29";"Female";"1998";"0.00"
"Incidence";"Manche";"Lung";"15-29";"Female";"1999";"0.00"
"Incidence";"Manche";"Lung";"15-29";"Female";"2000";"0.00"
"Incidence";"Manche";"Lung";"15-29";"Female";"2001";"0.00"
"Incidence";"Manche";"Lung";"15-29";"Female";"2002";"0.00"
"Incidence";"Manche";"Lung";"15-29";"Female";"2003";"0.00"
"Incidence";"Manche";"Lung";"15-29";"Female";"2004";"0.00"
"Incidence";"Manche";"Lung";"15-29";"Female";"2005";"0.00"
"Incidence";"Manche";"Lung";"15-29";"Female";"2006";"0.00"
"Incidence";"Manche";"Lung";"15-29";"Female";"2007";"2.56"
"Incidence";"Manche";"Lung";"15-29";"Female";"2008";"0.00"
"Incidence";"Manche";"Lung";"15-29";"Female";"2009";"2.62"
"Incidence";"Manche";"Lung";"15-29";"Female";"2010";"0.00"
"Incidence";"Manche";"Lung";"15-29";"Female";"2011";"0.00"
"Incidence";"Manche";"Lung";"15-29";"Female";"2012";"0.00"
"Incidence";"Manche";"Lung";"15-29";"Female";"2013";"0.00"
"Incidence";"Manche";"Lung";"30-44";"Female";"1994";"2.00"
"Incidence";"Manche";"Lung";"30-44";"Female";"1995";"1.99"
"Incidence";"Manche";"Lung";"30-44";"Female";"1996";"1.98"
"Incidence";"Manche";"Lung";"30-44";"Female";"1997";"9.90"
"Incidence";"Manche";"Lung";"30-44";"Female";"1998";"5.96"
"Incidence";"Manche";"Lung";"30-44";"Female";"1999";"7.96"
"Incidence";"Manche";"Lung";"30-44";"Female";"2000";"5.98"
"Incidence";"Manche";"Lung";"30-44";"Female";"2001";"3.98"
"Incidence";"Manche";"Lung";"30-44";"Female";"2002";"1.99"
"Incidence";"Manche";"Lung";"30-44";"Female";"2003";"6.00"
"Incidence";"Manche";"Lung";"30-44";"Female";"2004";"10.08"
"Incidence";"Manche";"Lung";"30-44";"Female";"2005";"4.09"
"Incidence";"Manche";"Lung";"30-44";"Female";"2006";"2.07"
"Incidence";"Manche";"Lung";"30-44";"Female";"2007";"2.10"
"Incidence";"Manche";"Lung";"30-44";"Female";"2008";"6.43"
"Incidence";"Manche";"Lung";"30-44";"Female";"2009";"2.19"
"Incidence";"Manche";"Lung";"30-44";"Female";"2010";"8.88"
"Incidence";"Manche";"Lung";"30-44";"Female";"2011";"0.00"
"Incidence";"Manche";"Lung";"30-44";"Female";"2012";"4.57"
"Incidence";"Manche";"Lung";"30-44";"Female";"2013";"4.63"
"Incidence";"Manche";"Lung";"30-44";"Male";"1994";"16.65"
"Incidence";"Manche";"Lung";"30-44";"Male";"1995";"18.54"
"Incidence";"Manche";"Lung";"30-44";"Male";"1996";"12.98"
"Incidence";"Manche";"Lung";"30-44";"Male";"1997";"11.15"
"Incidence";"Manche";"Lung";"30-44";"Male";"1998";"13.12"
"Incidence";"Manche";"Lung";"30-44";"Male";"1999";"20.82"
"Incidence";"Manche";"Lung";"30-44";"Male";"2000";"21.00"
"Incidence";"Manche";"Lung";"30-44";"Male";"2001";"11.54"
"Incidence";"Manche";"Lung";"30-44";"Male";"2002";"19.38"
"Incidence";"Manche";"Lung";"30-44";"Male";"2003";"17.63"
"Incidence";"Manche";"Lung";"30-44";"Male";"2004";"5.95"
"Incidence";"Manche";"Lung";"30-44";"Male";"2005";"16.14"
"Incidence";"Manche";"Lung";"30-44";"Male";"2006";"8.24"
"Incidence";"Manche";"Lung";"30-44";"Male";"2007";"8.40"
"Incidence";"Manche";"Lung";"30-44";"Male";"2008";"12.80"
"Incidence";"Manche";"Lung";"30-44";"Male";"2009";"10.85"
"Incidence";"Manche";"Lung";"30-44";"Male";"2010";"11.03"
"Incidence";"Manche";"Lung";"30-44";"Male";"2011";"11.16"
"Incidence";"Manche";"Lung";"30-44";"Male";"2012";"2.26"
"Incidence";"Manche";"Lung";"30-44";"Male";"2013";"2.28"
"Incidence";"Manche";"Lung";"45-59";"Male";"1994";"111.00"
"Incidence";"Manche";"Lung";"45-59";"Male";"1995";"124.01"
"Incidence";"Manche";"Lung";"45-59";"Male";"1996";"152.10"
"Incidence";"Manche";"Lung";"45-59";"Male";"1997";"105.98"
"Incidence";"Manche";"Lung";"45-59";"Male";"1998";"105.62"
"Incidence";"Manche";"Lung";"45-59";"Male";"1999";"119.14"
"Incidence";"Manche";"Lung";"45-59";"Male";"2000";"142.59"
"Incidence";"Manche";"Lung";"45-59";"Male";"2001";"119.61"
"Incidence";"Manche";"Lung";"45-59";"Male";"2002";"108.90"
"Incidence";"Manche";"Lung";"45-59";"Male";"2003";"134.38"
"Incidence";"Manche";"Lung";"45-59";"Male";"2004";"126.70"
"Incidence";"Manche";"Lung";"45-59";"Male";"2005";"136.65"
"Incidence";"Manche";"Lung";"45-59";"Male";"2006";"89.66"
"Incidence";"Manche";"Lung";"45-59";"Male";"2007";"126.49"
"Incidence";"Manche";"Lung";"45-59";"Male";"2008";"118.55"
"Incidence";"Manche";"Lung";"45-59";"Male";"2009";"124.00"
"Incidence";"Manche";"Lung";"45-59";"Male";"2010";"127.56"
"Incidence";"Manche";"Lung";"45-59";"Male";"2011";"125.74"
"Incidence";"Manche";"Lung";"45-59";"Male";"2012";"120.25"
"Incidence";"Manche";"Lung";"45-59";"Male";"2013";"92.22"
"Incidence";"Manche";"Lung";"45-59";"Female";"1994";"5.27"
"Incidence";"Manche";"Lung";"45-59";"Female";"1995";"12.99"
"Incidence";"Manche";"Lung";"45-59";"Female";"1996";"10.22"
"Incidence";"Manche";"Lung";"45-59";"Female";"1997";"15.04"
"Incidence";"Manche";"Lung";"45-59";"Female";"1998";"27.09"
"Incidence";"Manche";"Lung";"45-59";"Female";"1999";"9.66"
"Incidence";"Manche";"Lung";"45-59";"Female";"2000";"9.39"
"Incidence";"Manche";"Lung";"45-59";"Female";"2001";"24.94"
"Incidence";"Manche";"Lung";"45-59";"Female";"2002";"17.50"
"Incidence";"Manche";"Lung";"45-59";"Female";"2003";"40.26"
"Incidence";"Manche";"Lung";"45-59";"Female";"2004";"30.84"
"Incidence";"Manche";"Lung";"45-59";"Female";"2005";"35.99"
"Incidence";"Manche";"Lung";"45-59";"Female";"2006";"33.39"
"Incidence";"Manche";"Lung";"45-59";"Female";"2007";"42.78"
"Incidence";"Manche";"Lung";"45-59";"Female";"2008";"29.03"
"Incidence";"Manche";"Lung";"45-59";"Female";"2009";"34.75"
"Incidence";"Manche";"Lung";"45-59";"Female";"2010";"55.60"
"Incidence";"Manche";"Lung";"45-59";"Female";"2011";"41.96"
"Incidence";"Manche";"Lung";"45-59";"Female";"2012";"47.66"
"Incidence";"Manche";"Lung";"45-59";"Female";"2013";"49.56"
"Incidence";"Manche";"Lung";"60-74";"Male";"1994";"291.35"
"Incidence";"Manche";"Lung";"60-74";"Male";"1995";"261.67"
"Incidence";"Manche";"Lung";"60-74";"Male";"1996";"296.57"
"Incidence";"Manche";"Lung";"60-74";"Male";"1997";"201.49"
"Incidence";"Manche";"Lung";"60-74";"Male";"1998";"272.83"
"Incidence";"Manche";"Lung";"60-74";"Male";"1999";"260.55"
"Incidence";"Manche";"Lung";"60-74";"Male";"2000";"239.66"
"Incidence";"Manche";"Lung";"60-74";"Male";"2001";"216.63"
"Incidence";"Manche";"Lung";"60-74";"Male";"2002";"295.04"
"Incidence";"Manche";"Lung";"60-74";"Male";"2003";"282.49"
"Incidence";"Manche";"Lung";"60-74";"Male";"2004";"287.29"
"Incidence";"Manche";"Lung";"60-74";"Male";"2005";"320.58"
"Incidence";"Manche";"Lung";"60-74";"Male";"2006";"256.77"
"Incidence";"Manche";"Lung";"60-74";"Male";"2007";"261.75"
"Incidence";"Manche";"Lung";"60-74";"Male";"2008";"311.99"
"Incidence";"Manche";"Lung";"60-74";"Male";"2009";"323.02"
"Incidence";"Manche";"Lung";"60-74";"Male";"2010";"260.35"
"Incidence";"Manche";"Lung";"60-74";"Male";"2011";"277.08"
"Incidence";"Manche";"Lung";"60-74";"Male";"2012";"308.23"
"Incidence";"Manche";"Lung";"60-74";"Male";"2013";"262.98"
"Incidence";"Manche";"Lung";"60-74";"Female";"1994";"30.66"
"Incidence";"Manche";"Lung";"60-74";"Female";"1995";"16.41"
"Incidence";"Manche";"Lung";"60-74";"Female";"1996";"30.67"
"Incidence";"Manche";"Lung";"60-74";"Female";"1997";"37.80"
"Incidence";"Manche";"Lung";"60-74";"Female";"1998";"14.21"
"Incidence";"Manche";"Lung";"60-74";"Female";"1999";"23.81"
"Incidence";"Manche";"Lung";"60-74";"Female";"2000";"24.02"
"Incidence";"Manche";"Lung";"60-74";"Female";"2001";"31.77"
"Incidence";"Manche";"Lung";"60-74";"Female";"2002";"32.38"
"Incidence";"Manche";"Lung";"60-74";"Female";"2003";"15.19"
"Incidence";"Manche";"Lung";"60-74";"Female";"2004";"46.15"
"Incidence";"Manche";"Lung";"60-74";"Female";"2005";"46.45"
"Incidence";"Manche";"Lung";"60-74";"Female";"2006";"46.29"
"Incidence";"Manche";"Lung";"60-74";"Female";"2007";"32.93"
"Incidence";"Manche";"Lung";"60-74";"Female";"2008";"32.20"
"Incidence";"Manche";"Lung";"60-74";"Female";"2009";"77.58"
"Incidence";"Manche";"Lung";"60-74";"Female";"2010";"45.24"
"Incidence";"Manche";"Lung";"60-74";"Female";"2011";"60.79"
"Incidence";"Manche";"Lung";"60-74";"Female";"2012";"57.36"
"Incidence";"Manche";"Lung";"60-74";"Female";"2013";"74.30"
"Incidence";"Manche";"Lung";"75-89";"Female";"1994";"20.82"
"Incidence";"Manche";"Lung";"75-89";"Female";"1995";"15.25"
"Incidence";"Manche";"Lung";"75-89";"Female";"1996";"34.02"
"Incidence";"Manche";"Lung";"75-89";"Female";"1997";"18.77"
"Incidence";"Manche";"Lung";"75-89";"Female";"1998";"27.31"
"Incidence";"Manche";"Lung";"75-89";"Female";"1999";"21.93"
"Incidence";"Manche";"Lung";"75-89";"Female";"2000";"8.46"
"Incidence";"Manche";"Lung";"75-89";"Female";"2001";"49.03"
"Incidence";"Manche";"Lung";"75-89";"Female";"2002";"11.84"
"Incidence";"Manche";"Lung";"75-89";"Female";"2003";"30.44"
"Incidence";"Manche";"Lung";"75-89";"Female";"2004";"47.80"
"Incidence";"Manche";"Lung";"75-89";"Female";"2005";"56.93"
"Incidence";"Manche";"Lung";"75-89";"Female";"2006";"47.99"
"Incidence";"Manche";"Lung";"75-89";"Female";"2007";"49.66"
"Incidence";"Manche";"Lung";"75-89";"Female";"2008";"51.49"
"Incidence";"Manche";"Lung";"75-89";"Female";"2009";"47.05"
"Incidence";"Manche";"Lung";"75-89";"Female";"2010";"52.68"
"Incidence";"Manche";"Lung";"75-89";"Female";"2011";"62.21"
"Incidence";"Manche";"Lung";"75-89";"Female";"2012";"56.00"
"Incidence";"Manche";"Lung";"75-89";"Female";"2013";"49.53"
"Incidence";"Manche";"Lung";"75-89";"Male";"1994";"280.33"
"Incidence";"Manche";"Lung";"75-89";"Male";"1995";"285.70"
"Incidence";"Manche";"Lung";"75-89";"Male";"1996";"328.02"
"Incidence";"Manche";"Lung";"75-89";"Male";"1997";"264.89"
"Incidence";"Manche";"Lung";"75-89";"Male";"1998";"298.07"
"Incidence";"Manche";"Lung";"75-89";"Male";"1999";"266.24"
"Incidence";"Manche";"Lung";"75-89";"Male";"2000";"216.85"
"Incidence";"Manche";"Lung";"75-89";"Male";"2001";"289.88"
"Incidence";"Manche";"Lung";"75-89";"Male";"2002";"290.69"
"Incidence";"Manche";"Lung";"75-89";"Male";"2003";"253.80"
"Incidence";"Manche";"Lung";"75-89";"Male";"2004";"267.72"
"Incidence";"Manche";"Lung";"75-89";"Male";"2005";"238.82"
"Incidence";"Manche";"Lung";"75-89";"Male";"2006";"234.67"
"Incidence";"Manche";"Lung";"75-89";"Male";"2007";"301.94"
"Incidence";"Manche";"Lung";"75-89";"Male";"2008";"360.14"
"Incidence";"Manche";"Lung";"75-89";"Male";"2009";"324.97"
"Incidence";"Manche";"Lung";"75-89";"Male";"2010";"324.97"
"Incidence";"Manche";"Lung";"75-89";"Male";"2011";"374.17"
"Incidence";"Manche";"Lung";"75-89";"Male";"2012";"295.09"
"Incidence";"Manche";"Lung";"75-89";"Male";"2013";"326.62"
"Incidence";"Manche";"Lung";"90-95+";"Male";"1994";"0.00"
"Incidence";"Manche";"Lung";"90-95+";"Male";"1995";"0.00"
"Incidence";"Manche";"Lung";"90-95+";"Male";"1996";"0.00"
"Incidence";"Manche";"Lung";"90-95+";"Male";"1997";"0.00"
"Incidence";"Manche";"Lung";"90-95+";"Male";"1998";"173.31"
"Incidence";"Manche";"Lung";"90-95+";"Male";"1999";"0.00"
"Incidence";"Manche";"Lung";"90-95+";"Male";"2000";"0.00"
"Incidence";"Manche";"Lung";"90-95+";"Male";"2001";"0.00"
"Incidence";"Manche";"Lung";"90-95+";"Male";"2002";"0.00"
"Incidence";"Manche";"Lung";"90-95+";"Male";"2003";"0.00"
"Incidence";"Manche";"Lung";"90-95+";"Male";"2004";"112.49"
"Incidence";"Manche";"Lung";"90-95+";"Male";"2005";"0.00"
"Incidence";"Manche";"Lung";"90-95+";"Male";"2006";"228.70"
"Incidence";"Manche";"Lung";"90-95+";"Male";"2007";"120.19"
"Incidence";"Manche";"Lung";"90-95+";"Male";"2008";"0.00"
"Incidence";"Manche";"Lung";"90-95+";"Male";"2009";"459.24"
"Incidence";"Manche";"Lung";"90-95+";"Male";"2010";"0.00"
"Incidence";"Manche";"Lung";"90-95+";"Male";"2011";"339.27"
"Incidence";"Manche";"Lung";"90-95+";"Male";"2012";"225.99"
"Incidence";"Manche";"Lung";"90-95+";"Male";"2013";"66.45"
"Incidence";"Manche";"Lung";"90-95+";"Female";"1994";"0.00"
"Incidence";"Manche";"Lung";"90-95+";"Female";"1995";"0.00"
"Incidence";"Manche";"Lung";"90-95+";"Female";"1996";"0.00"
"Incidence";"Manche";"Lung";"90-95+";"Female";"1997";"42.57"
"Incidence";"Manche";"Lung";"90-95+";"Female";"1998";"40.22"
"Incidence";"Manche";"Lung";"90-95+";"Female";"1999";"0.00"
"Incidence";"Manche";"Lung";"90-95+";"Female";"2000";"36.36"
"Incidence";"Manche";"Lung";"90-95+";"Female";"2001";"0.00"
"Incidence";"Manche";"Lung";"90-95+";"Female";"2002";"0.00"
"Incidence";"Manche";"Lung";"90-95+";"Female";"2003";"93.93"
"Incidence";"Manche";"Lung";"90-95+";"Female";"2004";"29.96"
"Incidence";"Manche";"Lung";"90-95+";"Female";"2005";"29.81"
"Incidence";"Manche";"Lung";"90-95+";"Female";"2006";"31.25"
"Incidence";"Manche";"Lung";"90-95+";"Female";"2007";"32.81"
"Incidence";"Manche";"Lung";"90-95+";"Female";"2008";"100.32"
"Incidence";"Manche";"Lung";"90-95+";"Female";"2009";"0.00"
"Incidence";"Manche";"Lung";"90-95+";"Female";"2010";"0.00"
"Incidence";"Manche";"Lung";"90-95+";"Female";"2011";"26.13"
"Incidence";"Manche";"Lung";"90-95+";"Female";"2012";"0.00"
"Incidence";"Manche";"Lung";"90-95+";"Female";"2013";"21.96"
"Incidence";"Loire-Atlantique/Vendée";"Lung";"0-14";"Male";"1998";"0.00"
"Incidence";"Loire-Atlantique/Vendée";"Lung";"0-14";"Male";"1999";"0.00"
"Incidence";"Loire-Atlantique/Vendée";"Lung";"0-14";"Male";"2000";"0.00"
"Incidence";"Loire-Atlantique/Vendée";"Lung";"0-14";"Male";"2001";"0.00"
"Incidence";"Loire-Atlantique/Vendée";"Lung";"0-14";"Male";"2002";"0.00"
"Incidence";"Loire-Atlantique/Vendée";"Lung";"0-14";"Male";"2003";"0.00"
"Incidence";"Loire-Atlantique/Vendée";"Lung";"0-14";"Male";"2004";"0.00"
"Incidence";"Loire-Atlantique/Vendée";"Lung";"0-14";"Male";"2005";"0.00"
"Incidence";"Loire-Atlantique/Vendée";"Lung";"0-14";"Male";"2006";"0.00"
"Incidence";"Loire-Atlantique/Vendée";"Lung";"0-14";"Male";"2007";"0.00"
"Incidence";"Loire-Atlantique/Vendée";"Lung";"0-14";"Male";"2008";"0.00"
"Incidence";"Loire-Atlantique/Vendée";"Lung";"0-14";"Male";"2009";"0.00"
"Incidence";"Loire-Atlantique/Vendée";"Lung";"0-14";"Male";"2010";"0.00"
"Incidence";"Loire-Atlantique/Vendée";"Lung";"0-14";"Male";"2011";"0.00"
"Incidence";"Loire-Atlantique/Vendée";"Lung";"0-14";"Male";"2012";"0.00"
"Incidence";"Loire-Atlantique/Vendée";"Lung";"0-14";"Male";"2013";"0.51"
"Incidence";"Loire-Atlantique/Vendée";"Lung";"0-14";"Female";"1998";"0.00"
"Incidence";"Loire-Atlantique/Vendée";"Lung";"0-14";"Female";"1999";"0.00"
"Incidence";"Loire-Atlantique/Vendée";"Lung";"0-14";"Female";"2000";"0.00"
"Incidence";"Loire-Atlantique/Vendée";"Lung";"0-14";"Female";"2001";"0.00"
"Incidence";"Loire-Atlantique/Vendée";"Lung";"0-14";"Female";"2002";"0.00"
"Incidence";"Loire-Atlantique/Vendée";"Lung";"0-14";"Female";"2003";"0.00"
"Incidence";"Loire-Atlantique/Vendée";"Lung";"0-14";"Female";"2004";"0.00"
"Incidence";"Loire-Atlantique/Vendée";"Lung";"0-14";"Female";"2005";"0.00"
"Incidence";"Loire-Atlantique/Vendée";"Lung";"0-14";"Female";"2006";"0.00"
"Incidence";"Loire-Atlantique/Vendée";"Lung";"0-14";"Female";"2007";"0.00"
"Incidence";"Loire-Atlantique/Vendée";"Lung";"0-14";"Female";"2008";"0.00"
"Incidence";"Loire-Atlantique/Vendée";"Lung";"0-14";"Female";"2009";"0.00"
"Incidence";"Loire-Atlantique/Vendée";"Lung";"0-14";"Female";"2010";"0.00"
"Incidence";"Loire-Atlantique/Vendée";"Lung";"0-14";"Female";"2011";"0.00"
"Incidence";"Loire-Atlantique/Vendée";"Lung";"0-14";"Female";"2012";"0.00"
"Incidence";"Loire-Atlantique/Vendée";"Lung";"0-14";"Female";"2013";"0.53"
"Incidence";"Loire-Atlantique/Vendée";"Lung";"15-29";"Female";"1998";"0.00"
"Incidence";"Loire-Atlantique/Vendée";"Lung";"15-29";"Female";"1999";"0.00"
"Incidence";"Loire-Atlantique/Vendée";"Lung";"15-29";"Female";"2000";"0.59"
"Incidence";"Loire-Atlantique/Vendée";"Lung";"15-29";"Female";"2001";"0.00"
"Incidence";"Loire-Atlantique/Vendée";"Lung";"15-29";"Female";"2002";"1.19"
"Incidence";"Loire-Atlantique/Vendée";"Lung";"15-29";"Female";"2003";"0.00"
"Incidence";"Loire-Atlantique/Vendée";"Lung";"15-29";"Female";"2004";"0.59"
"Incidence";"Loire-Atlantique/Vendée";"Lung";"15-29";"Female";"2005";"0.00"
"Incidence";"Loire-Atlantique/Vendée";"Lung";"15-29";"Female";"2006";"0.59"
"Incidence";"Loire-Atlantique/Vendée";"Lung";"15-29";"Female";"2007";"0.00"
"Incidence";"Loire-Atlantique/Vendée";"Lung";"15-29";"Female";"2008";"0.00"
"Incidence";"Loire-Atlantique/Vendée";"Lung";"15-29";"Female";"2009";"0.00"
"Incidence";"Loire-Atlantique/Vendée";"Lung";"15-29";"Female";"2010";"0.59"
"Incidence";"Loire-Atlantique/Vendée";"Lung";"15-29";"Female";"2011";"0.59"
"Incidence";"Loire-Atlantique/Vendée";"Lung";"15-29";"Female";"2012";"0.00"
"Incidence";"Loire-Atlantique/Vendée";"Lung";"15-29";"Female";"2013";"0.60"
"Incidence";"Loire-Atlantique/Vendée";"Lung";"15-29";"Male";"1998";"0.00"
"Incidence";"Loire-Atlantique/Vendée";"Lung";"15-29";"Male";"1999";"0.00"
"Incidence";"Loire-Atlantique/Vendée";"Lung";"15-29";"Male";"2000";"0.57"
"Incidence";"Loire-Atlantique/Vendée";"Lung";"15-29";"Male";"2001";"1.14"
"Incidence";"Loire-Atlantique/Vendée";"Lung";"15-29";"Male";"2002";"0.00"
"Incidence";"Loire-Atlantique/Vendée";"Lung";"15-29";"Male";"2003";"0.00"
"Incidence";"Loire-Atlantique/Vendée";"Lung";"15-29";"Male";"2004";"0.57"
"Incidence";"Loire-Atlantique/Vendée";"Lung";"15-29";"Male";"2005";"0.00"
"Incidence";"Loire-Atlantique/Vendée";"Lung";"15-29";"Male";"2006";"0.00"
"Incidence";"Loire-Atlantique/Vendée";"Lung";"15-29";"Male";"2007";"0.00"
"Incidence";"Loire-Atlantique/Vendée";"Lung";"15-29";"Male";"2008";"0.00"
"Incidence";"Loire-Atlantique/Vendée";"Lung";"15-29";"Male";"2009";"0.57"
"Incidence";"Loire-Atlantique/Vendée";"Lung";"15-29";"Male";"2010";"0.57"
"Incidence";"Loire-Atlantique/Vendée";"Lung";"15-29";"Male";"2011";"0.57"
"Incidence";"Loire-Atlantique/Vendée";"Lung";"15-29";"Male";"2012";"0.00"
"Incidence";"Loire-Atlantique/Vendée";"Lung";"15-29";"Male";"2013";"1.14"
"Incidence";"Loire-Atlantique/Vendée";"Lung";"30-44";"Male";"1998";"19.45"
"Incidence";"Loire-Atlantique/Vendée";"Lung";"30-44";"Male";"1999";"13.29"
"Incidence";"Loire-Atlantique/Vendée";"Lung";"30-44";"Male";"2000";"13.73"
"Incidence";"Loire-Atlantique/Vendée";"Lung";"30-44";"Male";"2001";"9.25"
"Incidence";"Loire-Atlantique/Vendée";"Lung";"30-44";"Male";"2002";"14.54"
"Incidence";"Loire-Atlantique/Vendée";"Lung";"30-44";"Male";"2003";"12.79"
"Incidence";"Loire-Atlantique/Vendée";"Lung";"30-44";"Male";"2004";"9.52"
"Incidence";"Loire-Atlantique/Vendée";"Lung";"30-44";"Male";"2005";"9.98"
"Incidence";"Loire-Atlantique/Vendée";"Lung";"30-44";"Male";"2006";"9.42"
"Incidence";"Loire-Atlantique/Vendée";"Lung";"30-44";"Male";"2007";"6.80"
"Incidence";"Loire-Atlantique/Vendée";"Lung";"30-44";"Male";"2008";"11.49"
"Incidence";"Loire-Atlantique/Vendée";"Lung";"30-44";"Male";"2009";"8.33"
"Incidence";"Loire-Atlantique/Vendée";"Lung";"30-44";"Male";"2010";"8.27"
"Incidence";"Loire-Atlantique/Vendée";"Lung";"30-44";"Male";"2011";"9.24"
"Incidence";"Loire-Atlantique/Vendée";"Lung";"30-44";"Male";"2012";"10.20"
"Incidence";"Loire-Atlantique/Vendée";"Lung";"30-44";"Male";"2013";"7.61"
"Incidence";"Loire-Atlantique/Vendée";"Lung";"30-44";"Female";"1998";"3.90"
"Incidence";"Loire-Atlantique/Vendée";"Lung";"30-44";"Female";"1999";"3.88"
"Incidence";"Loire-Atlantique/Vendée";"Lung";"30-44";"Female";"2000";"6.60"
"Incidence";"Loire-Atlantique/Vendée";"Lung";"30-44";"Female";"2001";"4.90"
"Incidence";"Loire-Atlantique/Vendée";"Lung";"30-44";"Female";"2002";"8.62"
"Incidence";"Loire-Atlantique/Vendée";"Lung";"30-44";"Female";"2003";"5.33"
"Incidence";"Loire-Atlantique/Vendée";"Lung";"30-44";"Female";"2004";"13.24"
"Incidence";"Loire-Atlantique/Vendée";"Lung";"30-44";"Female";"2005";"7.37"
"Incidence";"Loire-Atlantique/Vendée";"Lung";"30-44";"Female";"2006";"6.82"
"Incidence";"Loire-Atlantique/Vendée";"Lung";"30-44";"Female";"2007";"6.30"
"Incidence";"Loire-Atlantique/Vendée";"Lung";"30-44";"Female";"2008";"4.73"
"Incidence";"Loire-Atlantique/Vendée";"Lung";"30-44";"Female";"2009";"3.15"
"Incidence";"Loire-Atlantique/Vendée";"Lung";"30-44";"Female";"2010";"5.23"
"Incidence";"Loire-Atlantique/Vendée";"Lung";"30-44";"Female";"2011";"7.78"
"Incidence";"Loire-Atlantique/Vendée";"Lung";"30-44";"Female";"2012";"7.20"
"Incidence";"Loire-Atlantique/Vendée";"Lung";"30-44";"Female";"2013";"5.63"
"Incidence";"Loire-Atlantique/Vendée";"Lung";"45-59";"Male";"1998";"85.01"
"Incidence";"Loire-Atlantique/Vendée";"Lung";"45-59";"Male";"1999";"104.90"
"Incidence";"Loire-Atlantique/Vendée";"Lung";"45-59";"Male";"2000";"109.03"
"Incidence";"Loire-Atlantique/Vendée";"Lung";"45-59";"Male";"2001";"113.77"
"Incidence";"Loire-Atlantique/Vendée";"Lung";"45-59";"Male";"2002";"111.09"
"Incidence";"Loire-Atlantique/Vendée";"Lung";"45-59";"Male";"2003";"103.75"
"Incidence";"Loire-Atlantique/Vendée";"Lung";"45-59";"Male";"2004";"110.93"
"Incidence";"Loire-Atlantique/Vendée";"Lung";"45-59";"Male";"2005";"121.13"
"Incidence";"Loire-Atlantique/Vendée";"Lung";"45-59";"Male";"2006";"122.82"
"Incidence";"Loire-Atlantique/Vendée";"Lung";"45-59";"Male";"2007";"135.71"
"Incidence";"Loire-Atlantique/Vendée";"Lung";"45-59";"Male";"2008";"128.24"
"Incidence";"Loire-Atlantique/Vendée";"Lung";"45-59";"Male";"2009";"121.97"
"Incidence";"Loire-Atlantique/Vendée";"Lung";"45-59";"Male";"2010";"111.83"
"Incidence";"Loire-Atlantique/Vendée";"Lung";"45-59";"Male";"2011";"117.39"
"Incidence";"Loire-Atlantique/Vendée";"Lung";"45-59";"Male";"2012";"115.08"
"Incidence";"Loire-Atlantique/Vendée";"Lung";"45-59";"Male";"2013";"112.85"
"Incidence";"Loire-Atlantique/Vendée";"Lung";"45-59";"Female";"1998";"14.09"
"Incidence";"Loire-Atlantique/Vendée";"Lung";"45-59";"Female";"1999";"18.88"
"Incidence";"Loire-Atlantique/Vendée";"Lung";"45-59";"Female";"2000";"15.10"
"Incidence";"Loire-Atlantique/Vendée";"Lung";"45-59";"Female";"2001";"20.00"
"Incidence";"Loire-Atlantique/Vendée";"Lung";"45-59";"Female";"2002";"26.31"
"Incidence";"Loire-Atlantique/Vendée";"Lung";"45-59";"Female";"2003";"26.10"
"Incidence";"Loire-Atlantique/Vendée";"Lung";"45-59";"Female";"2004";"24.25"
"Incidence";"Loire-Atlantique/Vendée";"Lung";"45-59";"Female";"2005";"36.42"
"Incidence";"Loire-Atlantique/Vendée";"Lung";"45-59";"Female";"2006";"35.75"
"Incidence";"Loire-Atlantique/Vendée";"Lung";"45-59";"Female";"2007";"36.52"
"Incidence";"Loire-Atlantique/Vendée";"Lung";"45-59";"Female";"2008";"43.65"
"Incidence";"Loire-Atlantique/Vendée";"Lung";"45-59";"Female";"2009";"34.68"
"Incidence";"Loire-Atlantique/Vendée";"Lung";"45-59";"Female";"2010";"43.79"
"Incidence";"Loire-Atlantique/Vendée";"Lung";"45-59";"Female";"2011";"38.91"
"Incidence";"Loire-Atlantique/Vendée";"Lung";"45-59";"Female";"2012";"40.28"
"Incidence";"Loire-Atlantique/Vendée";"Lung";"45-59";"Female";"2013";"47.73"
"Incidence";"Loire-Atlantique/Vendée";"Lung";"60-74";"Male";"1998";"205.52"
"Incidence";"Loire-Atlantique/Vendée";"Lung";"60-74";"Male";"1999";"204.78"
"Incidence";"Loire-Atlantique/Vendée";"Lung";"60-74";"Male";"2000";"190.84"
"Incidence";"Loire-Atlantique/Vendée";"Lung";"60-74";"Male";"2001";"193.01"
"Incidence";"Loire-Atlantique/Vendée";"Lung";"60-74";"Male";"2002";"214.74"
"Incidence";"Loire-Atlantique/Vendée";"Lung";"60-74";"Male";"2003";"222.86"
"Incidence";"Loire-Atlantique/Vendée";"Lung";"60-74";"Male";"2004";"260.01"
"Incidence";"Loire-Atlantique/Vendée";"Lung";"60-74";"Male";"2005";"272.55"
"Incidence";"Loire-Atlantique/Vendée";"Lung";"60-74";"Male";"2006";"272.00"
"Incidence";"Loire-Atlantique/Vendée";"Lung";"60-74";"Male";"2007";"256.15"
"Incidence";"Loire-Atlantique/Vendée";"Lung";"60-74";"Male";"2008";"262.86"
"Incidence";"Loire-Atlantique/Vendée";"Lung";"60-74";"Male";"2009";"281.84"
"Incidence";"Loire-Atlantique/Vendée";"Lung";"60-74";"Male";"2010";"274.30"
"Incidence";"Loire-Atlantique/Vendée";"Lung";"60-74";"Male";"2011";"263.02"
"Incidence";"Loire-Atlantique/Vendée";"Lung";"60-74";"Male";"2012";"294.77"
"Incidence";"Loire-Atlantique/Vendée";"Lung";"60-74";"Male";"2013";"276.10"
"Incidence";"Loire-Atlantique/Vendée";"Lung";"60-74";"Female";"1998";"26.06"
"Incidence";"Loire-Atlantique/Vendée";"Lung";"60-74";"Female";"1999";"35.51"
"Incidence";"Loire-Atlantique/Vendée";"Lung";"60-74";"Female";"2000";"31.55"
"Incidence";"Loire-Atlantique/Vendée";"Lung";"60-74";"Female";"2001";"42.03"
"Incidence";"Loire-Atlantique/Vendée";"Lung";"60-74";"Female";"2002";"43.03"
"Incidence";"Loire-Atlantique/Vendée";"Lung";"60-74";"Female";"2003";"48.55"
"Incidence";"Loire-Atlantique/Vendée";"Lung";"60-74";"Female";"2004";"53.87"
"Incidence";"Loire-Atlantique/Vendée";"Lung";"60-74";"Female";"2005";"57.78"
"Incidence";"Loire-Atlantique/Vendée";"Lung";"60-74";"Female";"2006";"43.82"
"Incidence";"Loire-Atlantique/Vendée";"Lung";"60-74";"Female";"2007";"54.79"
"Incidence";"Loire-Atlantique/Vendée";"Lung";"60-74";"Female";"2008";"47.07"
"Incidence";"Loire-Atlantique/Vendée";"Lung";"60-74";"Female";"2009";"58.79"
"Incidence";"Loire-Atlantique/Vendée";"Lung";"60-74";"Female";"2010";"71.87"
"Incidence";"Loire-Atlantique/Vendée";"Lung";"60-74";"Female";"2011";"79.45"
"Incidence";"Loire-Atlantique/Vendée";"Lung";"60-74";"Female";"2012";"76.09"
"Incidence";"Loire-Atlantique/Vendée";"Lung";"60-74";"Female";"2013";"72.52"
"Incidence";"Loire-Atlantique/Vendée";"Lung";"75-89";"Male";"1998";"166.54"
"Incidence";"Loire-Atlantique/Vendée";"Lung";"75-89";"Male";"1999";"229.49"
"Incidence";"Loire-Atlantique/Vendée";"Lung";"75-89";"Male";"2000";"194.74"
"Incidence";"Loire-Atlantique/Vendée";"Lung";"75-89";"Male";"2001";"188.60"
"Incidence";"Loire-Atlantique/Vendée";"Lung";"75-89";"Male";"2002";"165.18"
"Incidence";"Loire-Atlantique/Vendée";"Lung";"75-89";"Male";"2003";"217.10"
"Incidence";"Loire-Atlantique/Vendée";"Lung";"75-89";"Male";"2004";"213.73"
"Incidence";"Loire-Atlantique/Vendée";"Lung";"75-89";"Male";"2005";"231.75"
"Incidence";"Loire-Atlantique/Vendée";"Lung";"75-89";"Male";"2006";"241.44"
"Incidence";"Loire-Atlantique/Vendée";"Lung";"75-89";"Male";"2007";"269.59"
"Incidence";"Loire-Atlantique/Vendée";"Lung";"75-89";"Male";"2008";"234.82"
"Incidence";"Loire-Atlantique/Vendée";"Lung";"75-89";"Male";"2009";"308.65"
"Incidence";"Loire-Atlantique/Vendée";"Lung";"75-89";"Male";"2010";"267.72"
"Incidence";"Loire-Atlantique/Vendée";"Lung";"75-89";"Male";"2011";"256.46"
"Incidence";"Loire-Atlantique/Vendée";"Lung";"75-89";"Male";"2012";"288.57"
"Incidence";"Loire-Atlantique/Vendée";"Lung";"75-89";"Male";"2013";"273.14"
"Incidence";"Loire-Atlantique/Vendée";"Lung";"75-89";"Female";"1998";"21.41"
"Incidence";"Loire-Atlantique/Vendée";"Lung";"75-89";"Female";"1999";"22.05"
"Incidence";"Loire-Atlantique/Vendée";"Lung";"75-89";"Female";"2000";"38.33"
"Incidence";"Loire-Atlantique/Vendée";"Lung";"75-89";"Female";"2001";"23.30"
"Incidence";"Loire-Atlantique/Vendée";"Lung";"75-89";"Female";"2002";"26.46"
"Incidence";"Loire-Atlantique/Vendée";"Lung";"75-89";"Female";"2003";"34.57"
"Incidence";"Loire-Atlantique/Vendée";"Lung";"75-89";"Female";"2004";"45.89"
"Incidence";"Loire-Atlantique/Vendée";"Lung";"75-89";"Female";"2005";"68.14"
"Incidence";"Loire-Atlantique/Vendée";"Lung";"75-89";"Female";"2006";"58.60"
"Incidence";"Loire-Atlantique/Vendée";"Lung";"75-89";"Female";"2007";"58.39"
"Incidence";"Loire-Atlantique/Vendée";"Lung";"75-89";"Female";"2008";"56.46"
"Incidence";"Loire-Atlantique/Vendée";"Lung";"75-89";"Female";"2009";"59.13"
"Incidence";"Loire-Atlantique/Vendée";"Lung";"75-89";"Female";"2010";"83.64"
"Incidence";"Loire-Atlantique/Vendée";"Lung";"75-89";"Female";"2011";"81.42"
"Incidence";"Loire-Atlantique/Vendée";"Lung";"75-89";"Female";"2012";"70.87"
"Incidence";"Loire-Atlantique/Vendée";"Lung";"75-89";"Female";"2013";"78.50"
"Incidence";"Loire-Atlantique/Vendée";"Lung";"90-95+";"Female";"1998";"0.00"
"Incidence";"Loire-Atlantique/Vendée";"Lung";"90-95+";"Female";"1999";"22.65"
"Incidence";"Loire-Atlantique/Vendée";"Lung";"90-95+";"Female";"2000";"0.00"
"Incidence";"Loire-Atlantique/Vendée";"Lung";"90-95+";"Female";"2001";"20.91"
"Incidence";"Loire-Atlantique/Vendée";"Lung";"90-95+";"Female";"2002";"19.97"
"Incidence";"Loire-Atlantique/Vendée";"Lung";"90-95+";"Female";"2003";"28.92"
"Incidence";"Loire-Atlantique/Vendée";"Lung";"90-95+";"Female";"2004";"27.82"
"Incidence";"Loire-Atlantique/Vendée";"Lung";"90-95+";"Female";"2005";"27.05"
"Incidence";"Loire-Atlantique/Vendée";"Lung";"90-95+";"Female";"2006";"18.77"
"Incidence";"Loire-Atlantique/Vendée";"Lung";"90-95+";"Female";"2007";"41.34"
"Incidence";"Loire-Atlantique/Vendée";"Lung";"90-95+";"Female";"2008";"21.75"
"Incidence";"Loire-Atlantique/Vendée";"Lung";"90-95+";"Female";"2009";"10.66"
"Incidence";"Loire-Atlantique/Vendée";"Lung";"90-95+";"Female";"2010";"77.31"
"Incidence";"Loire-Atlantique/Vendée";"Lung";"90-95+";"Female";"2011";"33.26"
"Incidence";"Loire-Atlantique/Vendée";"Lung";"90-95+";"Female";"2012";"45.08"
"Incidence";"Loire-Atlantique/Vendée";"Lung";"90-95+";"Female";"2013";"27.77"
"Incidence";"Loire-Atlantique/Vendée";"Lung";"90-95+";"Male";"1998";"46.51"
"Incidence";"Loire-Atlantique/Vendée";"Lung";"90-95+";"Male";"1999";"43.56"
"Incidence";"Loire-Atlantique/Vendée";"Lung";"90-95+";"Male";"2000";"82.14"
"Incidence";"Loire-Atlantique/Vendée";"Lung";"90-95+";"Male";"2001";"0.00"
"Incidence";"Loire-Atlantique/Vendée";"Lung";"90-95+";"Male";"2002";"38.23"
"Incidence";"Loire-Atlantique/Vendée";"Lung";"90-95+";"Male";"2003";"35.86"
"Incidence";"Loire-Atlantique/Vendée";"Lung";"90-95+";"Male";"2004";"101.21"
"Incidence";"Loire-Atlantique/Vendée";"Lung";"90-95+";"Male";"2005";"65.42"
"Incidence";"Loire-Atlantique/Vendée";"Lung";"90-95+";"Male";"2006";"104.20"
"Incidence";"Loire-Atlantique/Vendée";"Lung";"90-95+";"Male";"2007";"77.40"
"Incidence";"Loire-Atlantique/Vendée";"Lung";"90-95+";"Male";"2008";"160.00"
"Incidence";"Loire-Atlantique/Vendée";"Lung";"90-95+";"Male";"2009";"114.70"
"Incidence";"Loire-Atlantique/Vendée";"Lung";"90-95+";"Male";"2010";"63.50"
"Incidence";"Loire-Atlantique/Vendée";"Lung";"90-95+";"Male";"2011";"232.59"
"Incidence";"Loire-Atlantique/Vendée";"Lung";"90-95+";"Male";"2012";"45.55"
"Incidence";"Loire-Atlantique/Vendée";"Lung";"90-95+";"Male";"2013";"142.20"
"Mortality";"Loire-Atlantique/Vendée";"Lung";"0-14";"Female";"2000";"0.00"
"Mortality";"Loire-Atlantique/Vendée";"Lung";"0-14";"Female";"2001";"0.00"
"Mortality";"Loire-Atlantique/Vendée";"Lung";"0-14";"Female";"2002";"0.00"
"Mortality";"Loire-Atlantique/Vendée";"Lung";"0-14";"Female";"2003";"0.00"
"Mortality";"Loire-Atlantique/Vendée";"Lung";"0-14";"Female";"2004";"0.00"
"Mortality";"Loire-Atlantique/Vendée";"Lung";"0-14";"Female";"2005";"0.00"
"Mortality";"Loire-Atlantique/Vendée";"Lung";"0-14";"Female";"2006";"0.00"
"Mortality";"Loire-Atlantique/Vendée";"Lung";"0-14";"Female";"2007";"0.00"
"Mortality";"Loire-Atlantique/Vendée";"Lung";"0-14";"Female";"2008";"0.00"
"Mortality";"Loire-Atlantique/Vendée";"Lung";"0-14";"Female";"2009";"0.00"
"Mortality";"Loire-Atlantique/Vendée";"Lung";"0-14";"Female";"2010";"0.00"
"Mortality";"Loire-Atlantique/Vendée";"Lung";"0-14";"Female";"2011";"0.00"
"Mortality";"Loire-Atlantique/Vendée";"Lung";"0-14";"Female";"2012";"0.00"
"Mortality";"Loire-Atlantique/Vendée";"Lung";"0-14";"Female";"2013";"0.00"
"Mortality";"Tarn";"Lung";"0-14";"Male";"2000";"0.00"
"Mortality";"Tarn";"Lung";"0-14";"Male";"2001";"0.00"
"Mortality";"Tarn";"Lung";"0-14";"Male";"2002";"0.00"
"Mortality";"Tarn";"Lung";"0-14";"Male";"2003";"0.00"
"Mortality";"Tarn";"Lung";"0-14";"Male";"2004";"0.00"
"Mortality";"Tarn";"Lung";"0-14";"Male";"2005";"0.00"
"Mortality";"Tarn";"Lung";"0-14";"Male";"2006";"0.00"
"Mortality";"Tarn";"Lung";"0-14";"Male";"2007";"0.00"
"Mortality";"Tarn";"Lung";"0-14";"Male";"2008";"0.00"
"Mortality";"Tarn";"Lung";"0-14";"Male";"2009";"0.00"
"Mortality";"Tarn";"Lung";"0-14";"Male";"2010";"0.00"
"Mortality";"Tarn";"Lung";"0-14";"Male";"2011";"0.00"
"Mortality";"Tarn";"Lung";"0-14";"Male";"2012";"0.00"
"Mortality";"Tarn";"Lung";"0-14";"Male";"2013";"0.00"
"Mortality";"Tarn";"Lung";"0-14";"Female";"2000";"0.00"
"Mortality";"Tarn";"Lung";"0-14";"Female";"2001";"0.00"
"Mortality";"Tarn";"Lung";"0-14";"Female";"2002";"0.00"
"Mortality";"Tarn";"Lung";"0-14";"Female";"2003";"0.00"
"Mortality";"Tarn";"Lung";"0-14";"Female";"2004";"0.00"
"Mortality";"Tarn";"Lung";"0-14";"Female";"2005";"0.00"
"Mortality";"Tarn";"Lung";"0-14";"Female";"2006";"0.00"
"Mortality";"Tarn";"Lung";"0-14";"Female";"2007";"0.00"
"Mortality";"Tarn";"Lung";"0-14";"Female";"2008";"0.00"
"Mortality";"Tarn";"Lung";"0-14";"Female";"2009";"0.00"
"Mortality";"Tarn";"Lung";"0-14";"Female";"2010";"0.00"
"Mortality";"Tarn";"Lung";"0-14";"Female";"2011";"0.00"
"Mortality";"Tarn";"Lung";"0-14";"Female";"2012";"0.00"
"Mortality";"Tarn";"Lung";"0-14";"Female";"2013";"0.00"
"Mortality";"Bas-Rhin";"Lung";"0-14";"Female";"2000";"0.00"
"Mortality";"Bas-Rhin";"Lung";"0-14";"Female";"2001";"0.00"
"Mortality";"Bas-Rhin";"Lung";"0-14";"Female";"2002";"0.00"
"Mortality";"Bas-Rhin";"Lung";"0-14";"Female";"2003";"0.00"
"Mortality";"Bas-Rhin";"Lung";"0-14";"Female";"2004";"0.00"
"Mortality";"Bas-Rhin";"Lung";"0-14";"Female";"2005";"0.00"
"Mortality";"Bas-Rhin";"Lung";"0-14";"Female";"2006";"0.00"
"Mortality";"Bas-Rhin";"Lung";"0-14";"Female";"2007";"0.00"
"Mortality";"Bas-Rhin";"Lung";"0-14";"Female";"2008";"0.00"
"Mortality";"Bas-Rhin";"Lung";"0-14";"Female";"2009";"0.00"
"Mortality";"Bas-Rhin";"Lung";"0-14";"Female";"2010";"0.00"
"Mortality";"Bas-Rhin";"Lung";"0-14";"Female";"2011";"0.00"
"Mortality";"Bas-Rhin";"Lung";"0-14";"Female";"2012";"0.00"
"Mortality";"Bas-Rhin";"Lung";"0-14";"Female";"2013";"0.00"
"Mortality";"Bas-Rhin";"Lung";"0-14";"Male";"2000";"0.00"
"Mortality";"Bas-Rhin";"Lung";"0-14";"Male";"2001";"0.00"
"Mortality";"Bas-Rhin";"Lung";"0-14";"Male";"2002";"0.00"
"Mortality";"Bas-Rhin";"Lung";"0-14";"Male";"2003";"0.00"
"Mortality";"Bas-Rhin";"Lung";"0-14";"Male";"2004";"0.00"
"Mortality";"Bas-Rhin";"Lung";"0-14";"Male";"2005";"0.00"
"Mortality";"Bas-Rhin";"Lung";"0-14";"Male";"2006";"0.00"
"Mortality";"Bas-Rhin";"Lung";"0-14";"Male";"2007";"0.00"
"Mortality";"Bas-Rhin";"Lung";"0-14";"Male";"2008";"0.00"
"Mortality";"Bas-Rhin";"Lung";"0-14";"Male";"2009";"0.00"
"Mortality";"Bas-Rhin";"Lung";"0-14";"Male";"2010";"0.00"
"Mortality";"Bas-Rhin";"Lung";"0-14";"Male";"2011";"0.00"
"Mortality";"Bas-Rhin";"Lung";"0-14";"Male";"2012";"0.00"
"Mortality";"Bas-Rhin";"Lung";"0-14";"Male";"2013";"0.00"
"Mortality";"Calvados";"Lung";"0-14";"Male";"2000";"0.00"
"Mortality";"Calvados";"Lung";"0-14";"Male";"2001";"0.00"
"Mortality";"Calvados";"Lung";"0-14";"Male";"2002";"0.00"
"Mortality";"Calvados";"Lung";"0-14";"Male";"2003";"0.00"
"Mortality";"Calvados";"Lung";"0-14";"Male";"2004";"0.00"
"Mortality";"Calvados";"Lung";"0-14";"Male";"2005";"0.00"
"Mortality";"Calvados";"Lung";"0-14";"Male";"2006";"0.00"
"Mortality";"Calvados";"Lung";"0-14";"Male";"2007";"0.00"
"Mortality";"Calvados";"Lung";"0-14";"Male";"2008";"0.00"
"Mortality";"Calvados";"Lung";"0-14";"Male";"2009";"0.00"
"Mortality";"Calvados";"Lung";"0-14";"Male";"2010";"0.00"
"Mortality";"Calvados";"Lung";"0-14";"Male";"2011";"0.00"
"Mortality";"Calvados";"Lung";"0-14";"Male";"2012";"0.00"
"Mortality";"Calvados";"Lung";"0-14";"Male";"2013";"0.00"
"Mortality";"Doubs";"Lung";"0-14";"Male";"2000";"0.00"
"Mortality";"Doubs";"Lung";"0-14";"Male";"2001";"0.00"
"Mortality";"Doubs";"Lung";"0-14";"Male";"2002";"0.00"
"Mortality";"Doubs";"Lung";"0-14";"Male";"2003";"0.00"
"Mortality";"Doubs";"Lung";"0-14";"Male";"2004";"0.00"
"Mortality";"Doubs";"Lung";"0-14";"Male";"2005";"0.00"
"Mortality";"Doubs";"Lung";"0-14";"Male";"2006";"0.00"
"Mortality";"Doubs";"Lung";"0-14";"Male";"2007";"0.00"
"Mortality";"Doubs";"Lung";"0-14";"Male";"2008";"0.00"
"Mortality";"Doubs";"Lung";"0-14";"Male";"2009";"0.00"
"Mortality";"Doubs";"Lung";"0-14";"Male";"2010";"0.00"
"Mortality";"Doubs";"Lung";"0-14";"Male";"2011";"0.00"
"Mortality";"Doubs";"Lung";"0-14";"Male";"2012";"0.00"
"Mortality";"Doubs";"Lung";"0-14";"Male";"2013";"0.00"
"Mortality";"Doubs";"Lung";"0-14";"Female";"2000";"0.00"
"Mortality";"Doubs";"Lung";"0-14";"Female";"2001";"0.00"
"Mortality";"Doubs";"Lung";"0-14";"Female";"2002";"0.00"
"Mortality";"Doubs";"Lung";"0-14";"Female";"2003";"0.00"
"Mortality";"Doubs";"Lung";"0-14";"Female";"2004";"0.00"
"Mortality";"Doubs";"Lung";"0-14";"Female";"2005";"0.00"
"Mortality";"Doubs";"Lung";"0-14";"Female";"2006";"0.00"
"Mortality";"Doubs";"Lung";"0-14";"Female";"2007";"0.00"
"Mortality";"Doubs";"Lung";"0-14";"Female";"2008";"0.00"
"Mortality";"Doubs";"Lung";"0-14";"Female";"2009";"0.00"
"Mortality";"Doubs";"Lung";"0-14";"Female";"2010";"0.00"
"Mortality";"Doubs";"Lung";"0-14";"Female";"2011";"0.00"
"Mortality";"Doubs";"Lung";"0-14";"Female";"2012";"0.00"
"Mortality";"Doubs";"Lung";"0-14";"Female";"2013";"0.00"
"Mortality";"Gironde";"Lung";"0-14";"Female";"2000";"0.00"
"Mortality";"Gironde";"Lung";"0-14";"Female";"2001";"0.00"
"Mortality";"Gironde";"Lung";"0-14";"Female";"2002";"0.00"
"Mortality";"Gironde";"Lung";"0-14";"Female";"2003";"0.00"
"Mortality";"Gironde";"Lung";"0-14";"Female";"2004";"0.00"
"Mortality";"Gironde";"Lung";"0-14";"Female";"2005";"0.00"
"Mortality";"Gironde";"Lung";"0-14";"Female";"2006";"0.00"
"Mortality";"Gironde";"Lung";"0-14";"Female";"2007";"0.00"
"Mortality";"Gironde";"Lung";"0-14";"Female";"2008";"0.00"
"Mortality";"Gironde";"Lung";"0-14";"Female";"2009";"0.00"
"Mortality";"Gironde";"Lung";"0-14";"Female";"2010";"0.00"
"Mortality";"Gironde";"Lung";"0-14";"Female";"2011";"0.00"
"Mortality";"Gironde";"Lung";"0-14";"Female";"2012";"0.00"
"Mortality";"Gironde";"Lung";"0-14";"Female";"2013";"0.00"
"Mortality";"Somme";"Lung";"0-14";"Female";"2000";"0.00"
"Mortality";"Somme";"Lung";"0-14";"Female";"2001";"0.00"
"Mortality";"Somme";"Lung";"0-14";"Female";"2002";"0.00"
"Mortality";"Somme";"Lung";"0-14";"Female";"2003";"0.00"
"Mortality";"Somme";"Lung";"0-14";"Female";"2004";"0.00"
"Mortality";"Somme";"Lung";"0-14";"Female";"2005";"0.00"
"Mortality";"Somme";"Lung";"0-14";"Female";"2006";"0.00"
"Mortality";"Somme";"Lung";"0-14";"Female";"2007";"0.00"
"Mortality";"Somme";"Lung";"0-14";"Female";"2008";"0.00"
"Mortality";"Somme";"Lung";"0-14";"Female";"2009";"0.00"
"Mortality";"Somme";"Lung";"0-14";"Female";"2010";"0.00"
"Mortality";"Somme";"Lung";"0-14";"Female";"2011";"0.00"
"Mortality";"Somme";"Lung";"0-14";"Female";"2012";"0.00"
"Mortality";"Somme";"Lung";"0-14";"Female";"2013";"0.00"
"Mortality";"Gironde";"Lung";"0-14";"Male";"2000";"0.00"
"Mortality";"Gironde";"Lung";"0-14";"Male";"2001";"0.00"
"Mortality";"Gironde";"Lung";"0-14";"Male";"2002";"0.00"
"Mortality";"Gironde";"Lung";"0-14";"Male";"2003";"0.00"
"Mortality";"Gironde";"Lung";"0-14";"Male";"2004";"0.00"
"Mortality";"Gironde";"Lung";"0-14";"Male";"2005";"0.00"
"Mortality";"Gironde";"Lung";"0-14";"Male";"2006";"0.00"
"Mortality";"Gironde";"Lung";"0-14";"Male";"2007";"0.00"
"Mortality";"Gironde";"Lung";"0-14";"Male";"2008";"0.00"
"Mortality";"Gironde";"Lung";"0-14";"Male";"2009";"0.00"
"Mortality";"Gironde";"Lung";"0-14";"Male";"2010";"0.00"
"Mortality";"Gironde";"Lung";"0-14";"Male";"2011";"0.00"
"Mortality";"Gironde";"Lung";"0-14";"Male";"2012";"0.00"
"Mortality";"Gironde";"Lung";"0-14";"Male";"2013";"0.00"
"Mortality";"Somme";"Lung";"0-14";"Male";"2000";"0.00"
"Mortality";"Somme";"Lung";"0-14";"Male";"2001";"0.00"
"Mortality";"Somme";"Lung";"0-14";"Male";"2002";"0.00"
"Mortality";"Somme";"Lung";"0-14";"Male";"2003";"0.00"
"Mortality";"Somme";"Lung";"0-14";"Male";"2004";"0.00"
"Mortality";"Somme";"Lung";"0-14";"Male";"2005";"0.00"
"Mortality";"Somme";"Lung";"0-14";"Male";"2006";"0.00"
"Mortality";"Somme";"Lung";"0-14";"Male";"2007";"0.00"
"Mortality";"Somme";"Lung";"0-14";"Male";"2008";"0.00"
"Mortality";"Somme";"Lung";"0-14";"Male";"2009";"0.00"
"Mortality";"Somme";"Lung";"0-14";"Male";"2010";"0.00"
"Mortality";"Somme";"Lung";"0-14";"Male";"2011";"0.00"
"Mortality";"Somme";"Lung";"0-14";"Male";"2012";"0.00"
"Mortality";"Somme";"Lung";"0-14";"Male";"2013";"0.00"
"Mortality";"Isere";"Lung";"0-14";"Female";"2000";"0.00"
"Mortality";"Isere";"Lung";"0-14";"Female";"2001";"0.00"
"Mortality";"Isere";"Lung";"0-14";"Female";"2002";"0.00"
"Mortality";"Isere";"Lung";"0-14";"Female";"2003";"0.00"
"Mortality";"Isere";"Lung";"0-14";"Female";"2004";"0.00"
"Mortality";"Isere";"Lung";"0-14";"Female";"2005";"0.00"
"Mortality";"Isere";"Lung";"0-14";"Female";"2006";"0.00"
"Mortality";"Isere";"Lung";"0-14";"Female";"2007";"0.00"
"Mortality";"Isere";"Lung";"0-14";"Female";"2008";"0.00"
"Mortality";"Isere";"Lung";"0-14";"Female";"2009";"0.00"
"Mortality";"Isere";"Lung";"0-14";"Female";"2010";"0.00"
"Mortality";"Isere";"Lung";"0-14";"Female";"2011";"0.00"
"Mortality";"Isere";"Lung";"0-14";"Female";"2012";"0.00"
"Mortality";"Isere";"Lung";"0-14";"Female";"2013";"0.00"
"Mortality";"Manche";"Lung";"0-14";"Male";"2000";"0.00"
"Mortality";"Manche";"Lung";"0-14";"Male";"2001";"0.00"
"Mortality";"Manche";"Lung";"0-14";"Male";"2002";"0.00"
"Mortality";"Manche";"Lung";"0-14";"Male";"2003";"0.00"
"Mortality";"Manche";"Lung";"0-14";"Male";"2004";"0.00"
"Mortality";"Manche";"Lung";"0-14";"Male";"2005";"0.00"
"Mortality";"Manche";"Lung";"0-14";"Male";"2006";"0.00"
"Mortality";"Manche";"Lung";"0-14";"Male";"2007";"0.00"
"Mortality";"Manche";"Lung";"0-14";"Male";"2008";"0.00"
"Mortality";"Manche";"Lung";"0-14";"Male";"2009";"0.00"
"Mortality";"Manche";"Lung";"0-14";"Male";"2010";"0.00"
"Mortality";"Manche";"Lung";"0-14";"Male";"2011";"0.00"
"Mortality";"Manche";"Lung";"0-14";"Male";"2012";"0.00"
"Mortality";"Manche";"Lung";"0-14";"Male";"2013";"0.00"
"Mortality";"Manche";"Lung";"0-14";"Female";"2000";"0.00"
"Mortality";"Manche";"Lung";"0-14";"Female";"2001";"0.00"
"Mortality";"Manche";"Lung";"0-14";"Female";"2002";"0.00"
"Mortality";"Manche";"Lung";"0-14";"Female";"2003";"0.00"
"Mortality";"Manche";"Lung";"0-14";"Female";"2004";"0.00"
"Mortality";"Manche";"Lung";"0-14";"Female";"2005";"0.00"
"Mortality";"Manche";"Lung";"0-14";"Female";"2006";"0.00"
"Mortality";"Manche";"Lung";"0-14";"Female";"2007";"0.00"
"Mortality";"Manche";"Lung";"0-14";"Female";"2008";"0.00"
"Mortality";"Manche";"Lung";"0-14";"Female";"2009";"0.00"
"Mortality";"Manche";"Lung";"0-14";"Female";"2010";"0.00"
"Mortality";"Manche";"Lung";"0-14";"Female";"2011";"0.00"
"Mortality";"Manche";"Lung";"0-14";"Female";"2012";"0.00"
"Mortality";"Manche";"Lung";"0-14";"Female";"2013";"0.00"
"Mortality";"Isere";"Lung";"0-14";"Male";"2000";"0.00"
"Mortality";"Isere";"Lung";"0-14";"Male";"2001";"0.00"
"Mortality";"Isere";"Lung";"0-14";"Male";"2002";"0.00"
"Mortality";"Isere";"Lung";"0-14";"Male";"2003";"0.00"
"Mortality";"Isere";"Lung";"0-14";"Male";"2004";"0.00"
"Mortality";"Isere";"Lung";"0-14";"Male";"2005";"0.00"
"Mortality";"Isere";"Lung";"0-14";"Male";"2006";"0.00"
"Mortality";"Isere";"Lung";"0-14";"Male";"2007";"0.00"
"Mortality";"Isere";"Lung";"0-14";"Male";"2008";"0.00"
"Mortality";"Isere";"Lung";"0-14";"Male";"2009";"0.00"
"Mortality";"Isere";"Lung";"0-14";"Male";"2010";"0.00"
"Mortality";"Isere";"Lung";"0-14";"Male";"2011";"0.00"
"Mortality";"Isere";"Lung";"0-14";"Male";"2012";"0.00"
"Mortality";"Isere";"Lung";"0-14";"Male";"2013";"0.00"
"Mortality";"Haut-Rhin";"Lung";"0-14";"Male";"2000";"0.00"
"Mortality";"Haut-Rhin";"Lung";"0-14";"Male";"2001";"0.00"
"Mortality";"Haut-Rhin";"Lung";"0-14";"Male";"2002";"0.00"
"Mortality";"Haut-Rhin";"Lung";"0-14";"Male";"2003";"0.00"
"Mortality";"Haut-Rhin";"Lung";"0-14";"Male";"2004";"0.00"
"Mortality";"Haut-Rhin";"Lung";"0-14";"Male";"2005";"0.00"
"Mortality";"Haut-Rhin";"Lung";"0-14";"Male";"2006";"0.00"
"Mortality";"Haut-Rhin";"Lung";"0-14";"Male";"2007";"0.00"
"Mortality";"Haut-Rhin";"Lung";"0-14";"Male";"2008";"0.00"
"Mortality";"Haut-Rhin";"Lung";"0-14";"Male";"2009";"0.00"
"Mortality";"Haut-Rhin";"Lung";"0-14";"Male";"2010";"0.00"
"Mortality";"Haut-Rhin";"Lung";"0-14";"Male";"2011";"0.00"
"Mortality";"Haut-Rhin";"Lung";"0-14";"Male";"2012";"0.00"
"Mortality";"Haut-Rhin";"Lung";"0-14";"Male";"2013";"0.00"
"Mortality";"Calvados";"Lung";"0-14";"Female";"2000";"0.00"
"Mortality";"Calvados";"Lung";"0-14";"Female";"2001";"0.00"
"Mortality";"Calvados";"Lung";"0-14";"Female";"2002";"0.00"
"Mortality";"Calvados";"Lung";"0-14";"Female";"2003";"0.00"
"Mortality";"Calvados";"Lung";"0-14";"Female";"2004";"0.00"
"Mortality";"Calvados";"Lung";"0-14";"Female";"2005";"0.00"
"Mortality";"Calvados";"Lung";"0-14";"Female";"2006";"0.00"
"Mortality";"Calvados";"Lung";"0-14";"Female";"2007";"0.00"
"Mortality";"Calvados";"Lung";"0-14";"Female";"2008";"0.00"
"Mortality";"Calvados";"Lung";"0-14";"Female";"2009";"0.00"
"Mortality";"Calvados";"Lung";"0-14";"Female";"2010";"0.00"
"Mortality";"Calvados";"Lung";"0-14";"Female";"2011";"0.00"
"Mortality";"Calvados";"Lung";"0-14";"Female";"2012";"0.00"
"Mortality";"Calvados";"Lung";"0-14";"Female";"2013";"0.00"
"Mortality";"Haut-Rhin";"Lung";"0-14";"Female";"2000";"0.00"
"Mortality";"Haut-Rhin";"Lung";"0-14";"Female";"2001";"0.00"
"Mortality";"Haut-Rhin";"Lung";"0-14";"Female";"2002";"0.00"
"Mortality";"Haut-Rhin";"Lung";"0-14";"Female";"2003";"0.00"
"Mortality";"Haut-Rhin";"Lung";"0-14";"Female";"2004";"0.00"
"Mortality";"Haut-Rhin";"Lung";"0-14";"Female";"2005";"0.00"
"Mortality";"Haut-Rhin";"Lung";"0-14";"Female";"2006";"0.00"
"Mortality";"Haut-Rhin";"Lung";"0-14";"Female";"2007";"0.00"
"Mortality";"Haut-Rhin";"Lung";"0-14";"Female";"2008";"0.00"
"Mortality";"Haut-Rhin";"Lung";"0-14";"Female";"2009";"0.00"
"Mortality";"Haut-Rhin";"Lung";"0-14";"Female";"2010";"0.00"
"Mortality";"Haut-Rhin";"Lung";"0-14";"Female";"2011";"0.00"
"Mortality";"Haut-Rhin";"Lung";"0-14";"Female";"2012";"0.00"
"Mortality";"Haut-Rhin";"Lung";"0-14";"Female";"2013";"0.00"
"Mortality";"Herault";"Lung";"0-14";"Female";"2000";"0.00"
"Mortality";"Herault";"Lung";"0-14";"Female";"2001";"0.00"
"Mortality";"Herault";"Lung";"0-14";"Female";"2002";"0.00"
"Mortality";"Herault";"Lung";"0-14";"Female";"2003";"0.00"
"Mortality";"Herault";"Lung";"0-14";"Female";"2004";"0.00"
"Mortality";"Herault";"Lung";"0-14";"Female";"2005";"0.00"
"Mortality";"Herault";"Lung";"0-14";"Female";"2006";"0.00"
"Mortality";"Herault";"Lung";"0-14";"Female";"2007";"0.00"
"Mortality";"Herault";"Lung";"0-14";"Female";"2008";"0.00"
"Mortality";"Herault";"Lung";"0-14";"Female";"2009";"0.00"
"Mortality";"Herault";"Lung";"0-14";"Female";"2010";"0.00"
"Mortality";"Herault";"Lung";"0-14";"Female";"2011";"0.00"
"Mortality";"Herault";"Lung";"0-14";"Female";"2012";"0.00"
"Mortality";"Herault";"Lung";"0-14";"Female";"2013";"0.00"
"Mortality";"Herault";"Lung";"0-14";"Male";"2000";"0.00"
"Mortality";"Herault";"Lung";"0-14";"Male";"2001";"0.00"
"Mortality";"Herault";"Lung";"0-14";"Male";"2002";"0.00"
"Mortality";"Herault";"Lung";"0-14";"Male";"2003";"0.00"
"Mortality";"Herault";"Lung";"0-14";"Male";"2004";"0.00"
"Mortality";"Herault";"Lung";"0-14";"Male";"2005";"0.00"
"Mortality";"Herault";"Lung";"0-14";"Male";"2006";"0.00"
"Mortality";"Herault";"Lung";"0-14";"Male";"2007";"0.00"
"Mortality";"Herault";"Lung";"0-14";"Male";"2008";"0.00"
"Mortality";"Herault";"Lung";"0-14";"Male";"2009";"0.00"
"Mortality";"Herault";"Lung";"0-14";"Male";"2010";"0.00"
"Mortality";"Herault";"Lung";"0-14";"Male";"2011";"0.00"
"Mortality";"Herault";"Lung";"0-14";"Male";"2012";"0.00"
"Mortality";"Herault";"Lung";"0-14";"Male";"2013";"0.00"
"Mortality";"Loire-Atlantique/Vendée";"Lung";"0-14";"Male";"2000";"0.60"
"Mortality";"Loire-Atlantique/Vendée";"Lung";"0-14";"Male";"2001";"0.00"
"Mortality";"Loire-Atlantique/Vendée";"Lung";"0-14";"Male";"2002";"0.00"
"Mortality";"Loire-Atlantique/Vendée";"Lung";"0-14";"Male";"2003";"0.00"
"Mortality";"Loire-Atlantique/Vendée";"Lung";"0-14";"Male";"2004";"0.00"
"Mortality";"Loire-Atlantique/Vendée";"Lung";"0-14";"Male";"2005";"0.00"
"Mortality";"Loire-Atlantique/Vendée";"Lung";"0-14";"Male";"2006";"0.00"
"Mortality";"Loire-Atlantique/Vendée";"Lung";"0-14";"Male";"2007";"0.00"
"Mortality";"Loire-Atlantique/Vendée";"Lung";"0-14";"Male";"2008";"0.00"
"Mortality";"Loire-Atlantique/Vendée";"Lung";"0-14";"Male";"2009";"0.00"
"Mortality";"Loire-Atlantique/Vendée";"Lung";"0-14";"Male";"2010";"0.00"
"Mortality";"Loire-Atlantique/Vendée";"Lung";"0-14";"Male";"2011";"0.00"
"Mortality";"Loire-Atlantique/Vendée";"Lung";"0-14";"Male";"2012";"0.00"
"Mortality";"Loire-Atlantique/Vendée";"Lung";"0-14";"Male";"2013";"0.00"
"Mortality";"Calvados";"Lung";"15-29";"Male";"2000";"1.43"
"Mortality";"Calvados";"Lung";"15-29";"Male";"2001";"0.00"
"Mortality";"Calvados";"Lung";"15-29";"Male";"2002";"0.00"
"Mortality";"Calvados";"Lung";"15-29";"Male";"2003";"0.00"
"Mortality";"Calvados";"Lung";"15-29";"Male";"2004";"1.50"
"Mortality";"Calvados";"Lung";"15-29";"Male";"2005";"0.00"
"Mortality";"Calvados";"Lung";"15-29";"Male";"2006";"0.00"
"Mortality";"Calvados";"Lung";"15-29";"Male";"2007";"0.00"
"Mortality";"Calvados";"Lung";"15-29";"Male";"2008";"0.00"
"Mortality";"Calvados";"Lung";"15-29";"Male";"2009";"0.00"
"Mortality";"Calvados";"Lung";"15-29";"Male";"2010";"0.00"
"Mortality";"Calvados";"Lung";"15-29";"Male";"2011";"0.00"
"Mortality";"Calvados";"Lung";"15-29";"Male";"2012";"0.00"
"Mortality";"Calvados";"Lung";"15-29";"Male";"2013";"0.00"
"Mortality";"Tarn";"Lung";"15-29";"Male";"2000";"0.00"
"Mortality";"Tarn";"Lung";"15-29";"Male";"2001";"0.00"
"Mortality";"Tarn";"Lung";"15-29";"Male";"2002";"0.00"
"Mortality";"Tarn";"Lung";"15-29";"Male";"2003";"0.00"
"Mortality";"Tarn";"Lung";"15-29";"Male";"2004";"0.00"
"Mortality";"Tarn";"Lung";"15-29";"Male";"2005";"0.00"
"Mortality";"Tarn";"Lung";"15-29";"Male";"2006";"0.00"
"Mortality";"Tarn";"Lung";"15-29";"Male";"2007";"0.00"
"Mortality";"Tarn";"Lung";"15-29";"Male";"2008";"0.00"
"Mortality";"Tarn";"Lung";"15-29";"Male";"2009";"0.00"
"Mortality";"Tarn";"Lung";"15-29";"Male";"2010";"0.00"
"Mortality";"Tarn";"Lung";"15-29";"Male";"2011";"0.00"
"Mortality";"Tarn";"Lung";"15-29";"Male";"2012";"0.00"
"Mortality";"Tarn";"Lung";"15-29";"Male";"2013";"0.00"
"Mortality";"Herault";"Lung";"15-29";"Female";"2000";"0.00"
"Mortality";"Herault";"Lung";"15-29";"Female";"2001";"0.00"
"Mortality";"Herault";"Lung";"15-29";"Female";"2002";"1.01"
"Mortality";"Herault";"Lung";"15-29";"Female";"2003";"0.00"
"Mortality";"Herault";"Lung";"15-29";"Female";"2004";"0.00"
"Mortality";"Herault";"Lung";"15-29";"Female";"2005";"0.00"
"Mortality";"Herault";"Lung";"15-29";"Female";"2006";"0.00"
"Mortality";"Herault";"Lung";"15-29";"Female";"2007";"0.00"
"Mortality";"Herault";"Lung";"15-29";"Female";"2008";"0.00"
"Mortality";"Herault";"Lung";"15-29";"Female";"2009";"0.00"
"Mortality";"Herault";"Lung";"15-29";"Female";"2010";"0.00"
"Mortality";"Herault";"Lung";"15-29";"Female";"2011";"0.00"
"Mortality";"Herault";"Lung";"15-29";"Female";"2012";"0.00"
"Mortality";"Herault";"Lung";"15-29";"Female";"2013";"0.00"
"Mortality";"Bas-Rhin";"Lung";"15-29";"Male";"2000";"0.00"
"Mortality";"Bas-Rhin";"Lung";"15-29";"Male";"2001";"0.00"
"Mortality";"Bas-Rhin";"Lung";"15-29";"Male";"2002";"0.00"
"Mortality";"Bas-Rhin";"Lung";"15-29";"Male";"2003";"0.00"
"Mortality";"Bas-Rhin";"Lung";"15-29";"Male";"2004";"0.00"
"Mortality";"Bas-Rhin";"Lung";"15-29";"Male";"2005";"0.00"
"Mortality";"Bas-Rhin";"Lung";"15-29";"Male";"2006";"0.00"
"Mortality";"Bas-Rhin";"Lung";"15-29";"Male";"2007";"0.00"
"Mortality";"Bas-Rhin";"Lung";"15-29";"Male";"2008";"0.00"
"Mortality";"Bas-Rhin";"Lung";"15-29";"Male";"2009";"0.00"
"Mortality";"Bas-Rhin";"Lung";"15-29";"Male";"2010";"0.00"
"Mortality";"Bas-Rhin";"Lung";"15-29";"Male";"2011";"0.00"
"Mortality";"Bas-Rhin";"Lung";"15-29";"Male";"2012";"0.00"
"Mortality";"Bas-Rhin";"Lung";"15-29";"Male";"2013";"0.00"
"Mortality";"Herault";"Lung";"15-29";"Male";"2000";"0.00"
"Mortality";"Herault";"Lung";"15-29";"Male";"2001";"0.00"
"Mortality";"Herault";"Lung";"15-29";"Male";"2002";"0.00"
"Mortality";"Herault";"Lung";"15-29";"Male";"2003";"0.00"
"Mortality";"Herault";"Lung";"15-29";"Male";"2004";"0.00"
"Mortality";"Herault";"Lung";"15-29";"Male";"2005";"0.00"
"Mortality";"Herault";"Lung";"15-29";"Male";"2006";"0.00"
"Mortality";"Herault";"Lung";"15-29";"Male";"2007";"1.01"
"Mortality";"Herault";"Lung";"15-29";"Male";"2008";"0.00"
"Mortality";"Herault";"Lung";"15-29";"Male";"2009";"1.99"
"Mortality";"Herault";"Lung";"15-29";"Male";"2010";"0.00"
"Mortality";"Herault";"Lung";"15-29";"Male";"2011";"0.97"
"Mortality";"Herault";"Lung";"15-29";"Male";"2012";"0.00"
"Mortality";"Herault";"Lung";"15-29";"Male";"2013";"0.00"
"Mortality";"Isere";"Lung";"15-29";"Female";"2000";"0.00"
"Mortality";"Isere";"Lung";"15-29";"Female";"2001";"0.00"
"Mortality";"Isere";"Lung";"15-29";"Female";"2002";"0.00"
"Mortality";"Isere";"Lung";"15-29";"Female";"2003";"0.00"
"Mortality";"Isere";"Lung";"15-29";"Female";"2004";"0.00"
"Mortality";"Isere";"Lung";"15-29";"Female";"2005";"0.00"
"Mortality";"Isere";"Lung";"15-29";"Female";"2006";"0.87"
"Mortality";"Isere";"Lung";"15-29";"Female";"2007";"0.00"
"Mortality";"Isere";"Lung";"15-29";"Female";"2008";"0.00"
"Mortality";"Isere";"Lung";"15-29";"Female";"2009";"0.00"
"Mortality";"Isere";"Lung";"15-29";"Female";"2010";"0.00"
"Mortality";"Isere";"Lung";"15-29";"Female";"2011";"0.00"
"Mortality";"Isere";"Lung";"15-29";"Female";"2012";"0.00"
"Mortality";"Isere";"Lung";"15-29";"Female";"2013";"0.00"
"Mortality";"Gironde";"Lung";"15-29";"Male";"2000";"0.00"
"Mortality";"Gironde";"Lung";"15-29";"Male";"2001";"0.00"
"Mortality";"Gironde";"Lung";"15-29";"Male";"2002";"0.00"
"Mortality";"Gironde";"Lung";"15-29";"Male";"2003";"0.00"
"Mortality";"Gironde";"Lung";"15-29";"Male";"2004";"0.00"
"Mortality";"Gironde";"Lung";"15-29";"Male";"2005";"0.73"
"Mortality";"Gironde";"Lung";"15-29";"Male";"2006";"0.00"
"Mortality";"Gironde";"Lung";"15-29";"Male";"2007";"0.00"
"Mortality";"Gironde";"Lung";"15-29";"Male";"2008";"0.00"
"Mortality";"Gironde";"Lung";"15-29";"Male";"2009";"0.00"
"Mortality";"Gironde";"Lung";"15-29";"Male";"2010";"0.00"
"Mortality";"Gironde";"Lung";"15-29";"Male";"2011";"0.00"
"Mortality";"Gironde";"Lung";"15-29";"Male";"2012";"0.00"
"Mortality";"Gironde";"Lung";"15-29";"Male";"2013";"0.70"
"Mortality";"Somme";"Lung";"15-29";"Male";"2000";"0.00"
"Mortality";"Somme";"Lung";"15-29";"Male";"2001";"0.00"
"Mortality";"Somme";"Lung";"15-29";"Male";"2002";"0.00"
"Mortality";"Somme";"Lung";"15-29";"Male";"2003";"0.00"
"Mortality";"Somme";"Lung";"15-29";"Male";"2004";"0.00"
"Mortality";"Somme";"Lung";"15-29";"Male";"2005";"0.00"
"Mortality";"Somme";"Lung";"15-29";"Male";"2006";"0.00"
"Mortality";"Somme";"Lung";"15-29";"Male";"2007";"0.00"
"Mortality";"Somme";"Lung";"15-29";"Male";"2008";"0.00"
"Mortality";"Somme";"Lung";"15-29";"Male";"2009";"0.00"
"Mortality";"Somme";"Lung";"15-29";"Male";"2010";"0.00"
"Mortality";"Somme";"Lung";"15-29";"Male";"2011";"0.00"
"Mortality";"Somme";"Lung";"15-29";"Male";"2012";"0.00"
"Mortality";"Somme";"Lung";"15-29";"Male";"2013";"0.00"
"Mortality";"Manche";"Lung";"15-29";"Male";"2000";"0.00"
"Mortality";"Manche";"Lung";"15-29";"Male";"2001";"0.00"
"Mortality";"Manche";"Lung";"15-29";"Male";"2002";"0.00"
"Mortality";"Manche";"Lung";"15-29";"Male";"2003";"0.00"
"Mortality";"Manche";"Lung";"15-29";"Male";"2004";"0.00"
"Mortality";"Manche";"Lung";"15-29";"Male";"2005";"0.00"
"Mortality";"Manche";"Lung";"15-29";"Male";"2006";"0.00"
"Mortality";"Manche";"Lung";"15-29";"Male";"2007";"0.00"
"Mortality";"Manche";"Lung";"15-29";"Male";"2008";"0.00"
"Mortality";"Manche";"Lung";"15-29";"Male";"2009";"2.41"
"Mortality";"Manche";"Lung";"15-29";"Male";"2010";"0.00"
"Mortality";"Manche";"Lung";"15-29";"Male";"2011";"0.00"
"Mortality";"Manche";"Lung";"15-29";"Male";"2012";"0.00"
"Mortality";"Manche";"Lung";"15-29";"Male";"2013";"0.00"
"Mortality";"Isere";"Lung";"15-29";"Male";"2000";"0.00"
"Mortality";"Isere";"Lung";"15-29";"Male";"2001";"0.00"
"Mortality";"Isere";"Lung";"15-29";"Male";"2002";"0.00"
"Mortality";"Isere";"Lung";"15-29";"Male";"2003";"0.00"
"Mortality";"Isere";"Lung";"15-29";"Male";"2004";"0.84"
"Mortality";"Isere";"Lung";"15-29";"Male";"2005";"0.00"
"Mortality";"Isere";"Lung";"15-29";"Male";"2006";"0.00"
"Mortality";"Isere";"Lung";"15-29";"Male";"2007";"0.00"
"Mortality";"Isere";"Lung";"15-29";"Male";"2008";"0.00"
"Mortality";"Isere";"Lung";"15-29";"Male";"2009";"0.00"
"Mortality";"Isere";"Lung";"15-29";"Male";"2010";"0.00"
"Mortality";"Isere";"Lung";"15-29";"Male";"2011";"0.00"
"Mortality";"Isere";"Lung";"15-29";"Male";"2012";"0.00"
"Mortality";"Isere";"Lung";"15-29";"Male";"2013";"0.00"
"Mortality";"Loire-Atlantique/Vendée";"Lung";"15-29";"Male";"2000";"0.00"
"Mortality";"Loire-Atlantique/Vendée";"Lung";"15-29";"Male";"2001";"0.00"
"Mortality";"Loire-Atlantique/Vendée";"Lung";"15-29";"Male";"2002";"0.00"
"Mortality";"Loire-Atlantique/Vendée";"Lung";"15-29";"Male";"2003";"0.57"
"Mortality";"Loire-Atlantique/Vendée";"Lung";"15-29";"Male";"2004";"0.00"
"Mortality";"Loire-Atlantique/Vendée";"Lung";"15-29";"Male";"2005";"0.00"
"Mortality";"Loire-Atlantique/Vendée";"Lung";"15-29";"Male";"2006";"0.00"
"Mortality";"Loire-Atlantique/Vendée";"Lung";"15-29";"Male";"2007";"0.56"
"Mortality";"Loire-Atlantique/Vendée";"Lung";"15-29";"Male";"2008";"0.00"
"Mortality";"Loire-Atlantique/Vendée";"Lung";"15-29";"Male";"2009";"0.57"
"Mortality";"Loire-Atlantique/Vendée";"Lung";"15-29";"Male";"2010";"0.00"
"Mortality";"Loire-Atlantique/Vendée";"Lung";"15-29";"Male";"2011";"0.00"
"Mortality";"Loire-Atlantique/Vendée";"Lung";"15-29";"Male";"2012";"0.00"
"Mortality";"Loire-Atlantique/Vendée";"Lung";"15-29";"Male";"2013";"0.57"
"Mortality";"Calvados";"Lung";"15-29";"Female";"2000";"0.00"
"Mortality";"Calvados";"Lung";"15-29";"Female";"2001";"0.00"
"Mortality";"Calvados";"Lung";"15-29";"Female";"2002";"0.00"
"Mortality";"Calvados";"Lung";"15-29";"Female";"2003";"0.00"
"Mortality";"Calvados";"Lung";"15-29";"Female";"2004";"0.00"
"Mortality";"Calvados";"Lung";"15-29";"Female";"2005";"0.00"
"Mortality";"Calvados";"Lung";"15-29";"Female";"2006";"0.00"
"Mortality";"Calvados";"Lung";"15-29";"Female";"2007";"0.00"
"Mortality";"Calvados";"Lung";"15-29";"Female";"2008";"0.00"
"Mortality";"Calvados";"Lung";"15-29";"Female";"2009";"0.00"
"Mortality";"Calvados";"Lung";"15-29";"Female";"2010";"0.00"
"Mortality";"Calvados";"Lung";"15-29";"Female";"2011";"0.00"
"Mortality";"Calvados";"Lung";"15-29";"Female";"2012";"0.00"
"Mortality";"Calvados";"Lung";"15-29";"Female";"2013";"0.00"
"Mortality";"Loire-Atlantique/Vendée";"Lung";"15-29";"Female";"2000";"0.00"
"Mortality";"Loire-Atlantique/Vendée";"Lung";"15-29";"Female";"2001";"0.00"
"Mortality";"Loire-Atlantique/Vendée";"Lung";"15-29";"Female";"2002";"0.00"
"Mortality";"Loire-Atlantique/Vendée";"Lung";"15-29";"Female";"2003";"0.00"
"Mortality";"Loire-Atlantique/Vendée";"Lung";"15-29";"Female";"2004";"0.00"
"Mortality";"Loire-Atlantique/Vendée";"Lung";"15-29";"Female";"2005";"0.59"
"Mortality";"Loire-Atlantique/Vendée";"Lung";"15-29";"Female";"2006";"0.00"
"Mortality";"Loire-Atlantique/Vendée";"Lung";"15-29";"Female";"2007";"0.00"
"Mortality";"Loire-Atlantique/Vendée";"Lung";"15-29";"Female";"2008";"0.00"
"Mortality";"Loire-Atlantique/Vendée";"Lung";"15-29";"Female";"2009";"0.00"
"Mortality";"Loire-Atlantique/Vendée";"Lung";"15-29";"Female";"2010";"0.00"
"Mortality";"Loire-Atlantique/Vendée";"Lung";"15-29";"Female";"2011";"0.00"
"Mortality";"Loire-Atlantique/Vendée";"Lung";"15-29";"Female";"2012";"0.00"
"Mortality";"Loire-Atlantique/Vendée";"Lung";"15-29";"Female";"2013";"0.00"
"Mortality";"Manche";"Lung";"15-29";"Female";"2000";"0.00"
"Mortality";"Manche";"Lung";"15-29";"Female";"2001";"0.00"
"Mortality";"Manche";"Lung";"15-29";"Female";"2002";"0.00"
"Mortality";"Manche";"Lung";"15-29";"Female";"2003";"0.00"
"Mortality";"Manche";"Lung";"15-29";"Female";"2004";"0.00"
"Mortality";"Manche";"Lung";"15-29";"Female";"2005";"0.00"
"Mortality";"Manche";"Lung";"15-29";"Female";"2006";"0.00"
"Mortality";"Manche";"Lung";"15-29";"Female";"2007";"0.00"
"Mortality";"Manche";"Lung";"15-29";"Female";"2008";"0.00"
"Mortality";"Manche";"Lung";"15-29";"Female";"2009";"2.62"
"Mortality";"Manche";"Lung";"15-29";"Female";"2010";"0.00"
"Mortality";"Manche";"Lung";"15-29";"Female";"2011";"0.00"
"Mortality";"Manche";"Lung";"15-29";"Female";"2012";"0.00"
"Mortality";"Manche";"Lung";"15-29";"Female";"2013";"0.00"
"Mortality";"Bas-Rhin";"Lung";"15-29";"Female";"2000";"0.90"
"Mortality";"Bas-Rhin";"Lung";"15-29";"Female";"2001";"0.00"
"Mortality";"Bas-Rhin";"Lung";"15-29";"Female";"2002";"0.00"
"Mortality";"Bas-Rhin";"Lung";"15-29";"Female";"2003";"0.00"
"Mortality";"Bas-Rhin";"Lung";"15-29";"Female";"2004";"0.00"
"Mortality";"Bas-Rhin";"Lung";"15-29";"Female";"2005";"0.00"
"Mortality";"Bas-Rhin";"Lung";"15-29";"Female";"2006";"0.00"
"Mortality";"Bas-Rhin";"Lung";"15-29";"Female";"2007";"0.00"
"Mortality";"Bas-Rhin";"Lung";"15-29";"Female";"2008";"0.89"
"Mortality";"Bas-Rhin";"Lung";"15-29";"Female";"2009";"0.00"
"Mortality";"Bas-Rhin";"Lung";"15-29";"Female";"2010";"0.00"
"Mortality";"Bas-Rhin";"Lung";"15-29";"Female";"2011";"0.00"
"Mortality";"Bas-Rhin";"Lung";"15-29";"Female";"2012";"0.00"
"Mortality";"Bas-Rhin";"Lung";"15-29";"Female";"2013";"0.00"
"Mortality";"Somme";"Lung";"15-29";"Female";"2000";"0.00"
"Mortality";"Somme";"Lung";"15-29";"Female";"2001";"0.00"
"Mortality";"Somme";"Lung";"15-29";"Female";"2002";"0.00"
"Mortality";"Somme";"Lung";"15-29";"Female";"2003";"0.00"
"Mortality";"Somme";"Lung";"15-29";"Female";"2004";"0.00"
"Mortality";"Somme";"Lung";"15-29";"Female";"2005";"0.00"
"Mortality";"Somme";"Lung";"15-29";"Female";"2006";"0.00"
"Mortality";"Somme";"Lung";"15-29";"Female";"2007";"0.00"
"Mortality";"Somme";"Lung";"15-29";"Female";"2008";"0.00"
"Mortality";"Somme";"Lung";"15-29";"Female";"2009";"0.00"
"Mortality";"Somme";"Lung";"15-29";"Female";"2010";"0.00"
"Mortality";"Somme";"Lung";"15-29";"Female";"2011";"0.00"
"Mortality";"Somme";"Lung";"15-29";"Female";"2012";"0.00"
"Mortality";"Somme";"Lung";"15-29";"Female";"2013";"0.00"
"Mortality";"Tarn";"Lung";"15-29";"Female";"2000";"0.00"
"Mortality";"Tarn";"Lung";"15-29";"Female";"2001";"0.00"
"Mortality";"Tarn";"Lung";"15-29";"Female";"2002";"0.00"
"Mortality";"Tarn";"Lung";"15-29";"Female";"2003";"0.00"
"Mortality";"Tarn";"Lung";"15-29";"Female";"2004";"0.00"
"Mortality";"Tarn";"Lung";"15-29";"Female";"2005";"0.00"
"Mortality";"Tarn";"Lung";"15-29";"Female";"2006";"0.00"
"Mortality";"Tarn";"Lung";"15-29";"Female";"2007";"0.00"
"Mortality";"Tarn";"Lung";"15-29";"Female";"2008";"0.00"
"Mortality";"Tarn";"Lung";"15-29";"Female";"2009";"0.00"
"Mortality";"Tarn";"Lung";"15-29";"Female";"2010";"3.65"
"Mortality";"Tarn";"Lung";"15-29";"Female";"2011";"0.00"
"Mortality";"Tarn";"Lung";"15-29";"Female";"2012";"0.00"
"Mortality";"Tarn";"Lung";"15-29";"Female";"2013";"0.00"
"Mortality";"Haut-Rhin";"Lung";"15-29";"Female";"2000";"0.00"
"Mortality";"Haut-Rhin";"Lung";"15-29";"Female";"2001";"0.00"
"Mortality";"Haut-Rhin";"Lung";"15-29";"Female";"2002";"0.00"
"Mortality";"Haut-Rhin";"Lung";"15-29";"Female";"2003";"0.00"
"Mortality";"Haut-Rhin";"Lung";"15-29";"Female";"2004";"0.00"
"Mortality";"Haut-Rhin";"Lung";"15-29";"Female";"2005";"0.00"
"Mortality";"Haut-Rhin";"Lung";"15-29";"Female";"2006";"0.00"
"Mortality";"Haut-Rhin";"Lung";"15-29";"Female";"2007";"0.00"
"Mortality";"Haut-Rhin";"Lung";"15-29";"Female";"2008";"0.00"
"Mortality";"Haut-Rhin";"Lung";"15-29";"Female";"2009";"0.00"
"Mortality";"Haut-Rhin";"Lung";"15-29";"Female";"2010";"0.00"
"Mortality";"Haut-Rhin";"Lung";"15-29";"Female";"2011";"0.00"
"Mortality";"Haut-Rhin";"Lung";"15-29";"Female";"2012";"0.00"
"Mortality";"Haut-Rhin";"Lung";"15-29";"Female";"2013";"0.00"
"Mortality";"Haut-Rhin";"Lung";"15-29";"Male";"2000";"0.00"
"Mortality";"Haut-Rhin";"Lung";"15-29";"Male";"2001";"0.00"
"Mortality";"Haut-Rhin";"Lung";"15-29";"Male";"2002";"1.47"
"Mortality";"Haut-Rhin";"Lung";"15-29";"Male";"2003";"0.00"
"Mortality";"Haut-Rhin";"Lung";"15-29";"Male";"2004";"0.00"
"Mortality";"Haut-Rhin";"Lung";"15-29";"Male";"2005";"0.00"
"Mortality";"Haut-Rhin";"Lung";"15-29";"Male";"2006";"0.00"
"Mortality";"Haut-Rhin";"Lung";"15-29";"Male";"2007";"0.00"
"Mortality";"Haut-Rhin";"Lung";"15-29";"Male";"2008";"0.00"
"Mortality";"Haut-Rhin";"Lung";"15-29";"Male";"2009";"0.00"
"Mortality";"Haut-Rhin";"Lung";"15-29";"Male";"2010";"0.00"
"Mortality";"Haut-Rhin";"Lung";"15-29";"Male";"2011";"0.00"
"Mortality";"Haut-Rhin";"Lung";"15-29";"Male";"2012";"0.00"
"Mortality";"Haut-Rhin";"Lung";"15-29";"Male";"2013";"0.00"
"Mortality";"Doubs";"Lung";"15-29";"Female";"2000";"0.00"
"Mortality";"Doubs";"Lung";"15-29";"Female";"2001";"0.00"
"Mortality";"Doubs";"Lung";"15-29";"Female";"2002";"0.00"
"Mortality";"Doubs";"Lung";"15-29";"Female";"2003";"0.00"
"Mortality";"Doubs";"Lung";"15-29";"Female";"2004";"0.00"
"Mortality";"Doubs";"Lung";"15-29";"Female";"2005";"0.00"
"Mortality";"Doubs";"Lung";"15-29";"Female";"2006";"0.00"
"Mortality";"Doubs";"Lung";"15-29";"Female";"2007";"0.00"
"Mortality";"Doubs";"Lung";"15-29";"Female";"2008";"0.00"
"Mortality";"Doubs";"Lung";"15-29";"Female";"2009";"0.00"
"Mortality";"Doubs";"Lung";"15-29";"Female";"2010";"0.00"
"Mortality";"Doubs";"Lung";"15-29";"Female";"2011";"0.00"
"Mortality";"Doubs";"Lung";"15-29";"Female";"2012";"0.00"
"Mortality";"Doubs";"Lung";"15-29";"Female";"2013";"0.00"
"Mortality";"Gironde";"Lung";"15-29";"Female";"2000";"0.00"
"Mortality";"Gironde";"Lung";"15-29";"Female";"2001";"0.00"
"Mortality";"Gironde";"Lung";"15-29";"Female";"2002";"0.00"
"Mortality";"Gironde";"Lung";"15-29";"Female";"2003";"0.00"
"Mortality";"Gironde";"Lung";"15-29";"Female";"2004";"0.00"
"Mortality";"Gironde";"Lung";"15-29";"Female";"2005";"0.00"
"Mortality";"Gironde";"Lung";"15-29";"Female";"2006";"0.00"
"Mortality";"Gironde";"Lung";"15-29";"Female";"2007";"0.00"
"Mortality";"Gironde";"Lung";"15-29";"Female";"2008";"0.00"
"Mortality";"Gironde";"Lung";"15-29";"Female";"2009";"0.70"
"Mortality";"Gironde";"Lung";"15-29";"Female";"2010";"0.00"
"Mortality";"Gironde";"Lung";"15-29";"Female";"2011";"0.00"
"Mortality";"Gironde";"Lung";"15-29";"Female";"2012";"0.00"
"Mortality";"Gironde";"Lung";"15-29";"Female";"2013";"0.00"
"Mortality";"Doubs";"Lung";"15-29";"Male";"2000";"0.00"
"Mortality";"Doubs";"Lung";"15-29";"Male";"2001";"0.00"
"Mortality";"Doubs";"Lung";"15-29";"Male";"2002";"0.00"
"Mortality";"Doubs";"Lung";"15-29";"Male";"2003";"0.00"
"Mortality";"Doubs";"Lung";"15-29";"Male";"2004";"0.00"
"Mortality";"Doubs";"Lung";"15-29";"Male";"2005";"0.00"
"Mortality";"Doubs";"Lung";"15-29";"Male";"2006";"0.00"
"Mortality";"Doubs";"Lung";"15-29";"Male";"2007";"1.83"
"Mortality";"Doubs";"Lung";"15-29";"Male";"2008";"0.00"
"Mortality";"Doubs";"Lung";"15-29";"Male";"2009";"0.00"
"Mortality";"Doubs";"Lung";"15-29";"Male";"2010";"1.87"
"Mortality";"Doubs";"Lung";"15-29";"Male";"2011";"0.00"
"Mortality";"Doubs";"Lung";"15-29";"Male";"2012";"0.00"
"Mortality";"Doubs";"Lung";"15-29";"Male";"2013";"0.00"
"Mortality";"Somme";"Lung";"30-44";"Male";"2000";"10.17"
"Mortality";"Somme";"Lung";"30-44";"Male";"2001";"6.79"
"Mortality";"Somme";"Lung";"30-44";"Male";"2002";"8.49"
"Mortality";"Somme";"Lung";"30-44";"Male";"2003";"11.89"
"Mortality";"Somme";"Lung";"30-44";"Male";"2004";"10.21"
"Mortality";"Somme";"Lung";"30-44";"Male";"2005";"8.55"
"Mortality";"Somme";"Lung";"30-44";"Male";"2006";"6.90"
"Mortality";"Somme";"Lung";"30-44";"Male";"2007";"5.22"
"Mortality";"Somme";"Lung";"30-44";"Male";"2008";"7.02"
"Mortality";"Somme";"Lung";"30-44";"Male";"2009";"8.88"
"Mortality";"Somme";"Lung";"30-44";"Male";"2010";"3.59"
"Mortality";"Somme";"Lung";"30-44";"Male";"2011";"3.63"
"Mortality";"Somme";"Lung";"30-44";"Male";"2012";"7.31"
"Mortality";"Somme";"Lung";"30-44";"Male";"2013";"3.70"
"Mortality";"Somme";"Lung";"30-44";"Female";"2000";"3.39"
"Mortality";"Somme";"Lung";"30-44";"Female";"2001";"5.09"
"Mortality";"Somme";"Lung";"30-44";"Female";"2002";"3.40"
"Mortality";"Somme";"Lung";"30-44";"Female";"2003";"3.41"
"Mortality";"Somme";"Lung";"30-44";"Female";"2004";"1.71"
"Mortality";"Somme";"Lung";"30-44";"Female";"2005";"3.44"
"Mortality";"Somme";"Lung";"30-44";"Female";"2006";"1.72"
"Mortality";"Somme";"Lung";"30-44";"Female";"2007";"5.20"
"Mortality";"Somme";"Lung";"30-44";"Female";"2008";"0.00"
"Mortality";"Somme";"Lung";"30-44";"Female";"2009";"5.31"
"Mortality";"Somme";"Lung";"30-44";"Female";"2010";"3.57"
"Mortality";"Somme";"Lung";"30-44";"Female";"2011";"1.81"
"Mortality";"Somme";"Lung";"30-44";"Female";"2012";"0.00"
"Mortality";"Somme";"Lung";"30-44";"Female";"2013";"1.84"
"Mortality";"Isere";"Lung";"30-44";"Female";"2000";"1.62"
"Mortality";"Isere";"Lung";"30-44";"Female";"2001";"4.82"
"Mortality";"Isere";"Lung";"30-44";"Female";"2002";"2.39"
"Mortality";"Isere";"Lung";"30-44";"Female";"2003";"2.38"
"Mortality";"Isere";"Lung";"30-44";"Female";"2004";"5.52"
"Mortality";"Isere";"Lung";"30-44";"Female";"2005";"1.58"
"Mortality";"Isere";"Lung";"30-44";"Female";"2006";"5.53"
"Mortality";"Isere";"Lung";"30-44";"Female";"2007";"2.38"
"Mortality";"Isere";"Lung";"30-44";"Female";"2008";"4.78"
"Mortality";"Isere";"Lung";"30-44";"Female";"2009";"4.00"
"Mortality";"Isere";"Lung";"30-44";"Female";"2010";"0.80"
"Mortality";"Isere";"Lung";"30-44";"Female";"2011";"2.41"
"Mortality";"Isere";"Lung";"30-44";"Female";"2012";"3.21"
"Mortality";"Isere";"Lung";"30-44";"Female";"2013";"4.03"
"Mortality";"Isere";"Lung";"30-44";"Male";"2000";"4.06"
"Mortality";"Isere";"Lung";"30-44";"Male";"2001";"6.44"
"Mortality";"Isere";"Lung";"30-44";"Male";"2002";"4.79"
"Mortality";"Isere";"Lung";"30-44";"Male";"2003";"2.38"
"Mortality";"Isere";"Lung";"30-44";"Male";"2004";"8.68"
"Mortality";"Isere";"Lung";"30-44";"Male";"2005";"7.09"
"Mortality";"Isere";"Lung";"30-44";"Male";"2006";"3.95"
"Mortality";"Isere";"Lung";"30-44";"Male";"2007";"4.76"
"Mortality";"Isere";"Lung";"30-44";"Male";"2008";"4.78"
"Mortality";"Isere";"Lung";"30-44";"Male";"2009";"8.01"
"Mortality";"Isere";"Lung";"30-44";"Male";"2010";"5.64"
"Mortality";"Isere";"Lung";"30-44";"Male";"2011";"4.03"
"Mortality";"Isere";"Lung";"30-44";"Male";"2012";"4.84"
"Mortality";"Isere";"Lung";"30-44";"Male";"2013";"2.43"
"Mortality";"Haut-Rhin";"Lung";"30-44";"Male";"2000";"7.13"
"Mortality";"Haut-Rhin";"Lung";"30-44";"Male";"2001";"10.67"
"Mortality";"Haut-Rhin";"Lung";"30-44";"Male";"2002";"8.29"
"Mortality";"Haut-Rhin";"Lung";"30-44";"Male";"2003";"9.48"
"Mortality";"Haut-Rhin";"Lung";"30-44";"Male";"2004";"2.38"
"Mortality";"Haut-Rhin";"Lung";"30-44";"Male";"2005";"2.41"
"Mortality";"Haut-Rhin";"Lung";"30-44";"Male";"2006";"1.23"
"Mortality";"Haut-Rhin";"Lung";"30-44";"Male";"2007";"2.48"
"Mortality";"Haut-Rhin";"Lung";"30-44";"Male";"2008";"6.27"
"Mortality";"Haut-Rhin";"Lung";"30-44";"Male";"2009";"11.49"
"Mortality";"Haut-Rhin";"Lung";"30-44";"Male";"2010";"1.30"
"Mortality";"Haut-Rhin";"Lung";"30-44";"Male";"2011";"5.25"
"Mortality";"Haut-Rhin";"Lung";"30-44";"Male";"2012";"2.65"
"Mortality";"Haut-Rhin";"Lung";"30-44";"Male";"2013";"2.67"
"Mortality";"Haut-Rhin";"Lung";"30-44";"Female";"2000";"3.61"
"Mortality";"Haut-Rhin";"Lung";"30-44";"Female";"2001";"3.61"
"Mortality";"Haut-Rhin";"Lung";"30-44";"Female";"2002";"1.20"
"Mortality";"Haut-Rhin";"Lung";"30-44";"Female";"2003";"3.60"
"Mortality";"Haut-Rhin";"Lung";"30-44";"Female";"2004";"1.20"
"Mortality";"Haut-Rhin";"Lung";"30-44";"Female";"2005";"2.43"
"Mortality";"Haut-Rhin";"Lung";"30-44";"Female";"2006";"3.70"
"Mortality";"Haut-Rhin";"Lung";"30-44";"Female";"2007";"2.50"
"Mortality";"Haut-Rhin";"Lung";"30-44";"Female";"2008";"2.53"
"Mortality";"Haut-Rhin";"Lung";"30-44";"Female";"2009";"1.28"
"Mortality";"Haut-Rhin";"Lung";"30-44";"Female";"2010";"2.59"
"Mortality";"Haut-Rhin";"Lung";"30-44";"Female";"2011";"1.30"
"Mortality";"Haut-Rhin";"Lung";"30-44";"Female";"2012";"2.62"
"Mortality";"Haut-Rhin";"Lung";"30-44";"Female";"2013";"3.94"
"Mortality";"Tarn";"Lung";"30-44";"Male";"2000";"2.86"
"Mortality";"Tarn";"Lung";"30-44";"Male";"2001";"5.70"
"Mortality";"Tarn";"Lung";"30-44";"Male";"2002";"5.68"
"Mortality";"Tarn";"Lung";"30-44";"Male";"2003";"8.50"
"Mortality";"Tarn";"Lung";"30-44";"Male";"2004";"2.84"
"Mortality";"Tarn";"Lung";"30-44";"Male";"2005";"8.54"
"Mortality";"Tarn";"Lung";"30-44";"Male";"2006";"14.25"
"Mortality";"Tarn";"Lung";"30-44";"Male";"2007";"11.41"
"Mortality";"Tarn";"Lung";"30-44";"Male";"2008";"5.73"
"Mortality";"Tarn";"Lung";"30-44";"Male";"2009";"5.78"
"Mortality";"Tarn";"Lung";"30-44";"Male";"2010";"2.93"
"Mortality";"Tarn";"Lung";"30-44";"Male";"2011";"8.88"
"Mortality";"Tarn";"Lung";"30-44";"Male";"2012";"3.00"
"Mortality";"Tarn";"Lung";"30-44";"Male";"2013";"6.07"
"Mortality";"Tarn";"Lung";"30-44";"Female";"2000";"5.58"
"Mortality";"Tarn";"Lung";"30-44";"Female";"2001";"0.00"
"Mortality";"Tarn";"Lung";"30-44";"Female";"2002";"0.00"
"Mortality";"Tarn";"Lung";"30-44";"Female";"2003";"2.76"
"Mortality";"Tarn";"Lung";"30-44";"Female";"2004";"5.52"
"Mortality";"Tarn";"Lung";"30-44";"Female";"2005";"0.00"
"Mortality";"Tarn";"Lung";"30-44";"Female";"2006";"0.00"
"Mortality";"Tarn";"Lung";"30-44";"Female";"2007";"0.00"
"Mortality";"Tarn";"Lung";"30-44";"Female";"2008";"5.58"
"Mortality";"Tarn";"Lung";"30-44";"Female";"2009";"2.82"
"Mortality";"Tarn";"Lung";"30-44";"Female";"2010";"0.00"
"Mortality";"Tarn";"Lung";"30-44";"Female";"2011";"0.00"
"Mortality";"Tarn";"Lung";"30-44";"Female";"2012";"2.87"
"Mortality";"Tarn";"Lung";"30-44";"Female";"2013";"0.00"
"Mortality";"Gironde";"Lung";"30-44";"Female";"2000";"6.90"
"Mortality";"Gironde";"Lung";"30-44";"Female";"2001";"6.15"
"Mortality";"Gironde";"Lung";"30-44";"Female";"2002";"6.09"
"Mortality";"Gironde";"Lung";"30-44";"Female";"2003";"6.03"
"Mortality";"Gironde";"Lung";"30-44";"Female";"2004";"8.66"
"Mortality";"Gironde";"Lung";"30-44";"Female";"2005";"8.62"
"Mortality";"Gironde";"Lung";"30-44";"Female";"2006";"4.63"
"Mortality";"Gironde";"Lung";"30-44";"Female";"2007";"5.97"
"Mortality";"Gironde";"Lung";"30-44";"Female";"2008";"2.66"
"Mortality";"Gironde";"Lung";"30-44";"Female";"2009";"6.66"
"Mortality";"Gironde";"Lung";"30-44";"Female";"2010";"5.33"
"Mortality";"Gironde";"Lung";"30-44";"Female";"2011";"5.29"
"Mortality";"Gironde";"Lung";"30-44";"Female";"2012";"7.83"
"Mortality";"Gironde";"Lung";"30-44";"Female";"2013";"4.53"
"Mortality";"Gironde";"Lung";"30-44";"Male";"2000";"13.01"
"Mortality";"Gironde";"Lung";"30-44";"Male";"2001";"15.76"
"Mortality";"Gironde";"Lung";"30-44";"Male";"2002";"9.92"
"Mortality";"Gironde";"Lung";"30-44";"Male";"2003";"11.19"
"Mortality";"Gironde";"Lung";"30-44";"Male";"2004";"10.40"
"Mortality";"Gironde";"Lung";"30-44";"Male";"2005";"10.36"
"Mortality";"Gironde";"Lung";"30-44";"Male";"2006";"8.27"
"Mortality";"Gironde";"Lung";"30-44";"Male";"2007";"10.30"
"Mortality";"Gironde";"Lung";"30-44";"Male";"2008";"6.87"
"Mortality";"Gironde";"Lung";"30-44";"Male";"2009";"6.87"
"Mortality";"Gironde";"Lung";"30-44";"Male";"2010";"6.84"
"Mortality";"Gironde";"Lung";"30-44";"Male";"2011";"5.42"
"Mortality";"Gironde";"Lung";"30-44";"Male";"2012";"5.36"
"Mortality";"Gironde";"Lung";"30-44";"Male";"2013";"8.66"
"Mortality";"Calvados";"Lung";"30-44";"Female";"2000";"4.33"
"Mortality";"Calvados";"Lung";"30-44";"Female";"2001";"5.80"
"Mortality";"Calvados";"Lung";"30-44";"Female";"2002";"1.45"
"Mortality";"Calvados";"Lung";"30-44";"Female";"2003";"5.82"
"Mortality";"Calvados";"Lung";"30-44";"Female";"2004";"0.00"
"Mortality";"Calvados";"Lung";"30-44";"Female";"2005";"5.86"
"Mortality";"Calvados";"Lung";"30-44";"Female";"2006";"4.43"
"Mortality";"Calvados";"Lung";"30-44";"Female";"2007";"2.99"
"Mortality";"Calvados";"Lung";"30-44";"Female";"2008";"6.03"
"Mortality";"Calvados";"Lung";"30-44";"Female";"2009";"3.06"
"Mortality";"Calvados";"Lung";"30-44";"Female";"2010";"4.62"
"Mortality";"Calvados";"Lung";"30-44";"Female";"2011";"4.63"
"Mortality";"Calvados";"Lung";"30-44";"Female";"2012";"4.64"
"Mortality";"Calvados";"Lung";"30-44";"Female";"2013";"0.00"
"Mortality";"Manche";"Lung";"30-44";"Female";"2000";"5.98"
"Mortality";"Manche";"Lung";"30-44";"Female";"2001";"0.00"
"Mortality";"Manche";"Lung";"30-44";"Female";"2002";"3.99"
"Mortality";"Manche";"Lung";"30-44";"Female";"2003";"6.00"
"Mortality";"Manche";"Lung";"30-44";"Female";"2004";"2.02"
"Mortality";"Manche";"Lung";"30-44";"Female";"2005";"4.09"
"Mortality";"Manche";"Lung";"30-44";"Female";"2006";"2.07"
"Mortality";"Manche";"Lung";"30-44";"Female";"2007";"4.21"
"Mortality";"Manche";"Lung";"30-44";"Female";"2008";"2.14"
"Mortality";"Manche";"Lung";"30-44";"Female";"2009";"4.37"
"Mortality";"Manche";"Lung";"30-44";"Female";"2010";"2.22"
"Mortality";"Manche";"Lung";"30-44";"Female";"2011";"0.00"
"Mortality";"Manche";"Lung";"30-44";"Female";"2012";"6.85"
"Mortality";"Manche";"Lung";"30-44";"Female";"2013";"2.31"
"Mortality";"Manche";"Lung";"30-44";"Male";"2000";"15.27"
"Mortality";"Manche";"Lung";"30-44";"Male";"2001";"9.61"
"Mortality";"Manche";"Lung";"30-44";"Male";"2002";"5.81"
"Mortality";"Manche";"Lung";"30-44";"Male";"2003";"5.88"
"Mortality";"Manche";"Lung";"30-44";"Male";"2004";"9.92"
"Mortality";"Manche";"Lung";"30-44";"Male";"2005";"8.07"
"Mortality";"Manche";"Lung";"30-44";"Male";"2006";"8.24"
"Mortality";"Manche";"Lung";"30-44";"Male";"2007";"4.20"
"Mortality";"Manche";"Lung";"30-44";"Male";"2008";"8.53"
"Mortality";"Manche";"Lung";"30-44";"Male";"2009";"2.17"
"Mortality";"Manche";"Lung";"30-44";"Male";"2010";"8.82"
"Mortality";"Manche";"Lung";"30-44";"Male";"2011";"13.40"
"Mortality";"Manche";"Lung";"30-44";"Male";"2012";"6.77"
"Mortality";"Manche";"Lung";"30-44";"Male";"2013";"2.28"
"Mortality";"Herault";"Lung";"30-44";"Male";"2000";"8.84"
"Mortality";"Herault";"Lung";"30-44";"Male";"2001";"10.90"
"Mortality";"Herault";"Lung";"30-44";"Male";"2002";"4.30"
"Mortality";"Herault";"Lung";"30-44";"Male";"2003";"10.61"
"Mortality";"Herault";"Lung";"30-44";"Male";"2004";"7.35"
"Mortality";"Herault";"Lung";"30-44";"Male";"2005";"10.43"
"Mortality";"Herault";"Lung";"30-44";"Male";"2006";"9.32"
"Mortality";"Herault";"Lung";"30-44";"Male";"2007";"11.30"
"Mortality";"Herault";"Lung";"30-44";"Male";"2008";"5.13"
"Mortality";"Herault";"Lung";"30-44";"Male";"2009";"10.24"
"Mortality";"Herault";"Lung";"30-44";"Male";"2010";"5.07"
"Mortality";"Herault";"Lung";"30-44";"Male";"2011";"8.03"
"Mortality";"Herault";"Lung";"30-44";"Male";"2012";"5.98"
"Mortality";"Herault";"Lung";"30-44";"Male";"2013";"4.95"
"Mortality";"Herault";"Lung";"30-44";"Female";"2000";"3.08"
"Mortality";"Herault";"Lung";"30-44";"Female";"2001";"6.08"
"Mortality";"Herault";"Lung";"30-44";"Female";"2002";"9.99"
"Mortality";"Herault";"Lung";"30-44";"Female";"2003";"5.93"
"Mortality";"Herault";"Lung";"30-44";"Female";"2004";"3.93"
"Mortality";"Herault";"Lung";"30-44";"Female";"2005";"3.89"
"Mortality";"Herault";"Lung";"30-44";"Female";"2006";"8.67"
"Mortality";"Herault";"Lung";"30-44";"Female";"2007";"1.93"
"Mortality";"Herault";"Lung";"30-44";"Female";"2008";"1.94"
"Mortality";"Herault";"Lung";"30-44";"Female";"2009";"1.94"
"Mortality";"Herault";"Lung";"30-44";"Female";"2010";"5.80"
"Mortality";"Herault";"Lung";"30-44";"Female";"2011";"2.87"
"Mortality";"Herault";"Lung";"30-44";"Female";"2012";"6.66"
"Mortality";"Herault";"Lung";"30-44";"Female";"2013";"2.84"
"Mortality";"Calvados";"Lung";"30-44";"Male";"2000";"13.26"
"Mortality";"Calvados";"Lung";"30-44";"Male";"2001";"8.86"
"Mortality";"Calvados";"Lung";"30-44";"Male";"2002";"11.83"
"Mortality";"Calvados";"Lung";"30-44";"Male";"2003";"2.96"
"Mortality";"Calvados";"Lung";"30-44";"Male";"2004";"10.41"
"Mortality";"Calvados";"Lung";"30-44";"Male";"2005";"11.96"
"Mortality";"Calvados";"Lung";"30-44";"Male";"2006";"13.55"
"Mortality";"Calvados";"Lung";"30-44";"Male";"2007";"10.62"
"Mortality";"Calvados";"Lung";"30-44";"Male";"2008";"6.11"
"Mortality";"Calvados";"Lung";"30-44";"Male";"2009";"7.72"
"Mortality";"Calvados";"Lung";"30-44";"Male";"2010";"6.23"
"Mortality";"Calvados";"Lung";"30-44";"Male";"2011";"9.37"
"Mortality";"Calvados";"Lung";"30-44";"Male";"2012";"7.86"
"Mortality";"Calvados";"Lung";"30-44";"Male";"2013";"7.93"
"Mortality";"Doubs";"Lung";"30-44";"Female";"2000";"7.39"
"Mortality";"Doubs";"Lung";"30-44";"Female";"2001";"3.69"
"Mortality";"Doubs";"Lung";"30-44";"Female";"2002";"9.23"
"Mortality";"Doubs";"Lung";"30-44";"Female";"2003";"9.25"
"Mortality";"Doubs";"Lung";"30-44";"Female";"2004";"5.58"
"Mortality";"Doubs";"Lung";"30-44";"Female";"2005";"0.00"
"Mortality";"Doubs";"Lung";"30-44";"Female";"2006";"9.48"
"Mortality";"Doubs";"Lung";"30-44";"Female";"2007";"3.81"
"Mortality";"Doubs";"Lung";"30-44";"Female";"2008";"3.82"
"Mortality";"Doubs";"Lung";"30-44";"Female";"2009";"1.93"
"Mortality";"Doubs";"Lung";"30-44";"Female";"2010";"9.68"
"Mortality";"Doubs";"Lung";"30-44";"Female";"2011";"3.89"
"Mortality";"Doubs";"Lung";"30-44";"Female";"2012";"7.78"
"Mortality";"Doubs";"Lung";"30-44";"Female";"2013";"1.95"
"Mortality";"Doubs";"Lung";"30-44";"Male";"2000";"11.14"
"Mortality";"Doubs";"Lung";"30-44";"Male";"2001";"1.85"
"Mortality";"Doubs";"Lung";"30-44";"Male";"2002";"9.25"
"Mortality";"Doubs";"Lung";"30-44";"Male";"2003";"3.69"
"Mortality";"Doubs";"Lung";"30-44";"Male";"2004";"5.54"
"Mortality";"Doubs";"Lung";"30-44";"Male";"2005";"1.86"
"Mortality";"Doubs";"Lung";"30-44";"Male";"2006";"16.86"
"Mortality";"Doubs";"Lung";"30-44";"Male";"2007";"3.75"
"Mortality";"Doubs";"Lung";"30-44";"Male";"2008";"3.75"
"Mortality";"Doubs";"Lung";"30-44";"Male";"2009";"3.78"
"Mortality";"Doubs";"Lung";"30-44";"Male";"2010";"3.79"
"Mortality";"Doubs";"Lung";"30-44";"Male";"2011";"1.90"
"Mortality";"Doubs";"Lung";"30-44";"Male";"2012";"1.90"
"Mortality";"Doubs";"Lung";"30-44";"Male";"2013";"1.91"
"Mortality";"Bas-Rhin";"Lung";"30-44";"Male";"2000";"2.46"
"Mortality";"Bas-Rhin";"Lung";"30-44";"Male";"2001";"6.54"
"Mortality";"Bas-Rhin";"Lung";"30-44";"Male";"2002";"7.35"
"Mortality";"Bas-Rhin";"Lung";"30-44";"Male";"2003";"5.71"
"Mortality";"Bas-Rhin";"Lung";"30-44";"Male";"2004";"8.99"
"Mortality";"Bas-Rhin";"Lung";"30-44";"Male";"2005";"5.77"
"Mortality";"Bas-Rhin";"Lung";"30-44";"Male";"2006";"6.68"
"Mortality";"Bas-Rhin";"Lung";"30-44";"Male";"2007";"1.69"
"Mortality";"Bas-Rhin";"Lung";"30-44";"Male";"2008";"5.15"
"Mortality";"Bas-Rhin";"Lung";"30-44";"Male";"2009";"2.62"
"Mortality";"Bas-Rhin";"Lung";"30-44";"Male";"2010";"3.53"
"Mortality";"Bas-Rhin";"Lung";"30-44";"Male";"2011";"1.78"
"Mortality";"Bas-Rhin";"Lung";"30-44";"Male";"2012";"5.40"
"Mortality";"Bas-Rhin";"Lung";"30-44";"Male";"2013";"4.55"
"Mortality";"Bas-Rhin";"Lung";"30-44";"Female";"2000";"4.14"
"Mortality";"Bas-Rhin";"Lung";"30-44";"Female";"2001";"4.96"
"Mortality";"Bas-Rhin";"Lung";"30-44";"Female";"2002";"2.47"
"Mortality";"Bas-Rhin";"Lung";"30-44";"Female";"2003";"5.76"
"Mortality";"Bas-Rhin";"Lung";"30-44";"Female";"2004";"2.48"
"Mortality";"Bas-Rhin";"Lung";"30-44";"Female";"2005";"4.99"
"Mortality";"Bas-Rhin";"Lung";"30-44";"Female";"2006";"4.20"
"Mortality";"Bas-Rhin";"Lung";"30-44";"Female";"2007";"5.10"
"Mortality";"Bas-Rhin";"Lung";"30-44";"Female";"2008";"0.86"
"Mortality";"Bas-Rhin";"Lung";"30-44";"Female";"2009";"3.50"
"Mortality";"Bas-Rhin";"Lung";"30-44";"Female";"2010";"0.00"
"Mortality";"Bas-Rhin";"Lung";"30-44";"Female";"2011";"1.78"
"Mortality";"Bas-Rhin";"Lung";"30-44";"Female";"2012";"2.67"
"Mortality";"Bas-Rhin";"Lung";"30-44";"Female";"2013";"2.69"
"Mortality";"Loire-Atlantique/Vendée";"Lung";"30-44";"Female";"2000";"5.50"
"Mortality";"Loire-Atlantique/Vendée";"Lung";"30-44";"Female";"2001";"2.72"
"Mortality";"Loire-Atlantique/Vendée";"Lung";"30-44";"Female";"2002";"4.31"
"Mortality";"Loire-Atlantique/Vendée";"Lung";"30-44";"Female";"2003";"5.33"
"Mortality";"Loire-Atlantique/Vendée";"Lung";"30-44";"Female";"2004";"9.00"
"Mortality";"Loire-Atlantique/Vendée";"Lung";"30-44";"Female";"2005";"4.74"
"Mortality";"Loire-Atlantique/Vendée";"Lung";"30-44";"Female";"2006";"3.67"
"Mortality";"Loire-Atlantique/Vendée";"Lung";"30-44";"Female";"2007";"4.73"
"Mortality";"Loire-Atlantique/Vendée";"Lung";"30-44";"Female";"2008";"4.73"
"Mortality";"Loire-Atlantique/Vendée";"Lung";"30-44";"Female";"2009";"2.62"
"Mortality";"Loire-Atlantique/Vendée";"Lung";"30-44";"Female";"2010";"2.09"
"Mortality";"Loire-Atlantique/Vendée";"Lung";"30-44";"Female";"2011";"4.67"
"Mortality";"Loire-Atlantique/Vendée";"Lung";"30-44";"Female";"2012";"3.09"
"Mortality";"Loire-Atlantique/Vendée";"Lung";"30-44";"Female";"2013";"3.07"
"Mortality";"Loire-Atlantique/Vendée";"Lung";"30-44";"Male";"2000";"15.38"
"Mortality";"Loire-Atlantique/Vendée";"Lung";"30-44";"Male";"2001";"7.62"
"Mortality";"Loire-Atlantique/Vendée";"Lung";"30-44";"Male";"2002";"9.69"
"Mortality";"Loire-Atlantique/Vendée";"Lung";"30-44";"Male";"2003";"10.66"
"Mortality";"Loire-Atlantique/Vendée";"Lung";"30-44";"Male";"2004";"10.05"
"Mortality";"Loire-Atlantique/Vendée";"Lung";"30-44";"Male";"2005";"6.30"
"Mortality";"Loire-Atlantique/Vendée";"Lung";"30-44";"Male";"2006";"5.75"
"Mortality";"Loire-Atlantique/Vendée";"Lung";"30-44";"Male";"2007";"6.80"
"Mortality";"Loire-Atlantique/Vendée";"Lung";"30-44";"Male";"2008";"6.27"
"Mortality";"Loire-Atlantique/Vendée";"Lung";"30-44";"Male";"2009";"6.77"
"Mortality";"Loire-Atlantique/Vendée";"Lung";"30-44";"Male";"2010";"5.69"
"Mortality";"Loire-Atlantique/Vendée";"Lung";"30-44";"Male";"2011";"1.54"
"Mortality";"Loire-Atlantique/Vendée";"Lung";"30-44";"Male";"2012";"9.18"
"Mortality";"Loire-Atlantique/Vendée";"Lung";"30-44";"Male";"2013";"5.58"
"Mortality";"Somme";"Lung";"45-59";"Male";"2000";"82.94"
"Mortality";"Somme";"Lung";"45-59";"Male";"2001";"124.62"
"Mortality";"Somme";"Lung";"45-59";"Male";"2002";"117.71"
"Mortality";"Somme";"Lung";"45-59";"Male";"2003";"115.56"
"Mortality";"Somme";"Lung";"45-59";"Male";"2004";"99.45"
"Mortality";"Somme";"Lung";"45-59";"Male";"2005";"133.43"
"Mortality";"Somme";"Lung";"45-59";"Male";"2006";"111.03"
"Mortality";"Somme";"Lung";"45-59";"Male";"2007";"75.83"
"Mortality";"Somme";"Lung";"45-59";"Male";"2008";"129.24"
"Mortality";"Somme";"Lung";"45-59";"Male";"2009";"110.48"
"Mortality";"Somme";"Lung";"45-59";"Male";"2010";"116.34"
"Mortality";"Somme";"Lung";"45-59";"Male";"2011";"103.88"
"Mortality";"Somme";"Lung";"45-59";"Male";"2012";"102.22"
"Mortality";"Somme";"Lung";"45-59";"Male";"2013";"75.27"
"Mortality";"Tarn";"Lung";"45-59";"Male";"2000";"66.54"
"Mortality";"Tarn";"Lung";"45-59";"Male";"2001";"55.69"
"Mortality";"Tarn";"Lung";"45-59";"Male";"2002";"59.89"
"Mortality";"Tarn";"Lung";"45-59";"Male";"2003";"61.34"
"Mortality";"Tarn";"Lung";"45-59";"Male";"2004";"62.74"
"Mortality";"Tarn";"Lung";"45-59";"Male";"2005";"39.89"
"Mortality";"Tarn";"Lung";"45-59";"Male";"2006";"75.91"
"Mortality";"Tarn";"Lung";"45-59";"Male";"2007";"65.35"
"Mortality";"Tarn";"Lung";"45-59";"Male";"2008";"86.46"
"Mortality";"Tarn";"Lung";"45-59";"Male";"2009";"89.19"
"Mortality";"Tarn";"Lung";"45-59";"Male";"2010";"91.41"
"Mortality";"Tarn";"Lung";"45-59";"Male";"2011";"82.91"
"Mortality";"Tarn";"Lung";"45-59";"Male";"2012";"72.10"
"Mortality";"Tarn";"Lung";"45-59";"Male";"2013";"79.45"
"Mortality";"Tarn";"Lung";"45-59";"Female";"2000";"11.77"
"Mortality";"Tarn";"Lung";"45-59";"Female";"2001";"11.38"
"Mortality";"Tarn";"Lung";"45-59";"Female";"2002";"13.80"
"Mortality";"Tarn";"Lung";"45-59";"Female";"2003";"18.81"
"Mortality";"Tarn";"Lung";"45-59";"Female";"2004";"28.83"
"Mortality";"Tarn";"Lung";"45-59";"Female";"2005";"15.34"
"Mortality";"Tarn";"Lung";"45-59";"Female";"2006";"17.60"
"Mortality";"Tarn";"Lung";"45-59";"Female";"2007";"20.03"
"Mortality";"Tarn";"Lung";"45-59";"Female";"2008";"37.50"
"Mortality";"Tarn";"Lung";"45-59";"Female";"2009";"19.98"
"Mortality";"Tarn";"Lung";"45-59";"Female";"2010";"37.30"
"Mortality";"Tarn";"Lung";"45-59";"Female";"2011";"41.97"
"Mortality";"Tarn";"Lung";"45-59";"Female";"2012";"19.69"
"Mortality";"Tarn";"Lung";"45-59";"Female";"2013";"39.30"
"Mortality";"Doubs";"Lung";"45-59";"Female";"2000";"14.98"
"Mortality";"Doubs";"Lung";"45-59";"Female";"2001";"12.49"
"Mortality";"Doubs";"Lung";"45-59";"Female";"2002";"22.33"
"Mortality";"Doubs";"Lung";"45-59";"Female";"2003";"19.88"
"Mortality";"Doubs";"Lung";"45-59";"Female";"2004";"19.48"
"Mortality";"Doubs";"Lung";"45-59";"Female";"2005";"26.82"
"Mortality";"Doubs";"Lung";"45-59";"Female";"2006";"37.94"
"Mortality";"Doubs";"Lung";"45-59";"Female";"2007";"18.96"
"Mortality";"Doubs";"Lung";"45-59";"Female";"2008";"38.10"
"Mortality";"Doubs";"Lung";"45-59";"Female";"2009";"24.87"
"Mortality";"Doubs";"Lung";"45-59";"Female";"2010";"17.26"
"Mortality";"Doubs";"Lung";"45-59";"Female";"2011";"19.15"
"Mortality";"Doubs";"Lung";"45-59";"Female";"2012";"24.88"
"Mortality";"Doubs";"Lung";"45-59";"Female";"2013";"26.88"
"Mortality";"Bas-Rhin";"Lung";"45-59";"Female";"2000";"16.09"
"Mortality";"Bas-Rhin";"Lung";"45-59";"Female";"2001";"13.49"
"Mortality";"Bas-Rhin";"Lung";"45-59";"Female";"2002";"21.16"
"Mortality";"Bas-Rhin";"Lung";"45-59";"Female";"2003";"20.56"
"Mortality";"Bas-Rhin";"Lung";"45-59";"Female";"2004";"24.68"
"Mortality";"Bas-Rhin";"Lung";"45-59";"Female";"2005";"27.63"
"Mortality";"Bas-Rhin";"Lung";"45-59";"Female";"2006";"23.39"
"Mortality";"Bas-Rhin";"Lung";"45-59";"Female";"2007";"25.65"
"Mortality";"Bas-Rhin";"Lung";"45-59";"Female";"2008";"24.46"
"Mortality";"Bas-Rhin";"Lung";"45-59";"Female";"2009";"24.26"
"Mortality";"Bas-Rhin";"Lung";"45-59";"Female";"2010";"21.62"
"Mortality";"Bas-Rhin";"Lung";"45-59";"Female";"2011";"18.08"
"Mortality";"Bas-Rhin";"Lung";"45-59";"Female";"2012";"32.48"
"Mortality";"Bas-Rhin";"Lung";"45-59";"Female";"2013";"26.41"
"Mortality";"Gironde";"Lung";"45-59";"Female";"2000";"21.05"
"Mortality";"Gironde";"Lung";"45-59";"Female";"2001";"23.33"
"Mortality";"Gironde";"Lung";"45-59";"Female";"2002";"21.84"
"Mortality";"Gironde";"Lung";"45-59";"Female";"2003";"22.66"
"Mortality";"Gironde";"Lung";"45-59";"Female";"2004";"22.14"
"Mortality";"Gironde";"Lung";"45-59";"Female";"2005";"24.99"
"Mortality";"Gironde";"Lung";"45-59";"Female";"2006";"37.88"
"Mortality";"Gironde";"Lung";"45-59";"Female";"2007";"36.46"
"Mortality";"Gironde";"Lung";"45-59";"Female";"2008";"37.17"
"Mortality";"Gironde";"Lung";"45-59";"Female";"2009";"42.41"
"Mortality";"Gironde";"Lung";"45-59";"Female";"2010";"34.36"
"Mortality";"Gironde";"Lung";"45-59";"Female";"2011";"34.83"
"Mortality";"Gironde";"Lung";"45-59";"Female";"2012";"32.65"
"Mortality";"Gironde";"Lung";"45-59";"Female";"2013";"36.35"
"Mortality";"Somme";"Lung";"45-59";"Female";"2000";"13.84"
"Mortality";"Somme";"Lung";"45-59";"Female";"2001";"26.77"
"Mortality";"Somme";"Lung";"45-59";"Female";"2002";"16.64"
"Mortality";"Somme";"Lung";"45-59";"Female";"2003";"23.39"
"Mortality";"Somme";"Lung";"45-59";"Female";"2004";"31.66"
"Mortality";"Somme";"Lung";"45-59";"Female";"2005";"22.42"
"Mortality";"Somme";"Lung";"45-59";"Female";"2006";"10.27"
"Mortality";"Somme";"Lung";"45-59";"Female";"2007";"20.62"
"Mortality";"Somme";"Lung";"45-59";"Female";"2008";"17.18"
"Mortality";"Somme";"Lung";"45-59";"Female";"2009";"34.44"
"Mortality";"Somme";"Lung";"45-59";"Female";"2010";"36.39"
"Mortality";"Somme";"Lung";"45-59";"Female";"2011";"24.34"
"Mortality";"Somme";"Lung";"45-59";"Female";"2012";"54.07"
"Mortality";"Somme";"Lung";"45-59";"Female";"2013";"33.18"
"Mortality";"Bas-Rhin";"Lung";"45-59";"Male";"2000";"73.00"
"Mortality";"Bas-Rhin";"Lung";"45-59";"Male";"2001";"66.81"
"Mortality";"Bas-Rhin";"Lung";"45-59";"Male";"2002";"77.00"
"Mortality";"Bas-Rhin";"Lung";"45-59";"Male";"2003";"74.29"
"Mortality";"Bas-Rhin";"Lung";"45-59";"Male";"2004";"67.68"
"Mortality";"Bas-Rhin";"Lung";"45-59";"Male";"2005";"76.25"
"Mortality";"Bas-Rhin";"Lung";"45-59";"Male";"2006";"72.24"
"Mortality";"Bas-Rhin";"Lung";"45-59";"Male";"2007";"66.76"
"Mortality";"Bas-Rhin";"Lung";"45-59";"Male";"2008";"63.53"
"Mortality";"Bas-Rhin";"Lung";"45-59";"Male";"2009";"67.58"
"Mortality";"Bas-Rhin";"Lung";"45-59";"Male";"2010";"66.55"
"Mortality";"Bas-Rhin";"Lung";"45-59";"Male";"2011";"61.09"
"Mortality";"Bas-Rhin";"Lung";"45-59";"Male";"2012";"61.74"
"Mortality";"Bas-Rhin";"Lung";"45-59";"Male";"2013";"55.57"
"Mortality";"Isere";"Lung";"45-59";"Female";"2000";"14.41"
"Mortality";"Isere";"Lung";"45-59";"Female";"2001";"18.70"
"Mortality";"Isere";"Lung";"45-59";"Female";"2002";"13.69"
"Mortality";"Isere";"Lung";"45-59";"Female";"2003";"16.99"
"Mortality";"Isere";"Lung";"45-59";"Female";"2004";"17.56"
"Mortality";"Isere";"Lung";"45-59";"Female";"2005";"18.97"
"Mortality";"Isere";"Lung";"45-59";"Female";"2006";"20.46"
"Mortality";"Isere";"Lung";"45-59";"Female";"2007";"27.97"
"Mortality";"Isere";"Lung";"45-59";"Female";"2008";"27.82"
"Mortality";"Isere";"Lung";"45-59";"Female";"2009";"30.15"
"Mortality";"Isere";"Lung";"45-59";"Female";"2010";"21.65"
"Mortality";"Isere";"Lung";"45-59";"Female";"2011";"28.09"
"Mortality";"Isere";"Lung";"45-59";"Female";"2012";"28.66"
"Mortality";"Isere";"Lung";"45-59";"Female";"2013";"20.32"
"Mortality";"Doubs";"Lung";"45-59";"Male";"2000";"93.56"
"Mortality";"Doubs";"Lung";"45-59";"Male";"2001";"89.55"
"Mortality";"Doubs";"Lung";"45-59";"Male";"2002";"99.95"
"Mortality";"Doubs";"Lung";"45-59";"Male";"2003";"88.34"
"Mortality";"Doubs";"Lung";"45-59";"Male";"2004";"99.20"
"Mortality";"Doubs";"Lung";"45-59";"Male";"2005";"104.05"
"Mortality";"Doubs";"Lung";"45-59";"Male";"2006";"105.30"
"Mortality";"Doubs";"Lung";"45-59";"Male";"2007";"105.80"
"Mortality";"Doubs";"Lung";"45-59";"Male";"2008";"65.29"
"Mortality";"Doubs";"Lung";"45-59";"Male";"2009";"99.59"
"Mortality";"Doubs";"Lung";"45-59";"Male";"2010";"59.81"
"Mortality";"Doubs";"Lung";"45-59";"Male";"2011";"83.56"
"Mortality";"Doubs";"Lung";"45-59";"Male";"2012";"87.35"
"Mortality";"Doubs";"Lung";"45-59";"Male";"2013";"61.28"
"Mortality";"Isere";"Lung";"45-59";"Male";"2000";"52.14"
"Mortality";"Isere";"Lung";"45-59";"Male";"2001";"69.97"
"Mortality";"Isere";"Lung";"45-59";"Male";"2002";"77.04"
"Mortality";"Isere";"Lung";"45-59";"Male";"2003";"76.85"
"Mortality";"Isere";"Lung";"45-59";"Male";"2004";"73.96"
"Mortality";"Isere";"Lung";"45-59";"Male";"2005";"79.06"
"Mortality";"Isere";"Lung";"45-59";"Male";"2006";"65.99"
"Mortality";"Isere";"Lung";"45-59";"Male";"2007";"71.77"
"Mortality";"Isere";"Lung";"45-59";"Male";"2008";"65.28"
"Mortality";"Isere";"Lung";"45-59";"Male";"2009";"61.31"
"Mortality";"Isere";"Lung";"45-59";"Male";"2010";"70.20"
"Mortality";"Isere";"Lung";"45-59";"Male";"2011";"66.21"
"Mortality";"Isere";"Lung";"45-59";"Male";"2012";"58.72"
"Mortality";"Isere";"Lung";"45-59";"Male";"2013";"63.83"
"Mortality";"Herault";"Lung";"45-59";"Male";"2000";"114.66"
"Mortality";"Herault";"Lung";"45-59";"Male";"2001";"90.00"
"Mortality";"Herault";"Lung";"45-59";"Male";"2002";"85.22"
"Mortality";"Herault";"Lung";"45-59";"Male";"2003";"89.04"
"Mortality";"Herault";"Lung";"45-59";"Male";"2004";"105.10"
"Mortality";"Herault";"Lung";"45-59";"Male";"2005";"112.42"
"Mortality";"Herault";"Lung";"45-59";"Male";"2006";"91.58"
"Mortality";"Herault";"Lung";"45-59";"Male";"2007";"94.66"
"Mortality";"Herault";"Lung";"45-59";"Male";"2008";"93.08"
"Mortality";"Herault";"Lung";"45-59";"Male";"2009";"84.88"
"Mortality";"Herault";"Lung";"45-59";"Male";"2010";"76.87"
"Mortality";"Herault";"Lung";"45-59";"Male";"2011";"74.88"
"Mortality";"Herault";"Lung";"45-59";"Male";"2012";"86.08"
"Mortality";"Herault";"Lung";"45-59";"Male";"2013";"61.85"
"Mortality";"Haut-Rhin";"Lung";"45-59";"Male";"2000";"73.82"
"Mortality";"Haut-Rhin";"Lung";"45-59";"Male";"2001";"72.09"
"Mortality";"Haut-Rhin";"Lung";"45-59";"Male";"2002";"98.39"
"Mortality";"Haut-Rhin";"Lung";"45-59";"Male";"2003";"69.30"
"Mortality";"Haut-Rhin";"Lung";"45-59";"Male";"2004";"87.74"
"Mortality";"Haut-Rhin";"Lung";"45-59";"Male";"2005";"70.28"
"Mortality";"Haut-Rhin";"Lung";"45-59";"Male";"2006";"79.31"
"Mortality";"Haut-Rhin";"Lung";"45-59";"Male";"2007";"72.05"
"Mortality";"Haut-Rhin";"Lung";"45-59";"Male";"2008";"76.56"
"Mortality";"Haut-Rhin";"Lung";"45-59";"Male";"2009";"73.75"
"Mortality";"Haut-Rhin";"Lung";"45-59";"Male";"2010";"74.74"
"Mortality";"Haut-Rhin";"Lung";"45-59";"Male";"2011";"69.48"
"Mortality";"Haut-Rhin";"Lung";"45-59";"Male";"2012";"76.90"
"Mortality";"Haut-Rhin";"Lung";"45-59";"Male";"2013";"53.29"
"Mortality";"Haut-Rhin";"Lung";"45-59";"Female";"2000";"12.11"
"Mortality";"Haut-Rhin";"Lung";"45-59";"Female";"2001";"7.34"
"Mortality";"Haut-Rhin";"Lung";"45-59";"Female";"2002";"18.56"
"Mortality";"Haut-Rhin";"Lung";"45-59";"Female";"2003";"29.24"
"Mortality";"Haut-Rhin";"Lung";"45-59";"Female";"2004";"14.92"
"Mortality";"Haut-Rhin";"Lung";"45-59";"Female";"2005";"27.68"
"Mortality";"Haut-Rhin";"Lung";"45-59";"Female";"2006";"32.18"
"Mortality";"Haut-Rhin";"Lung";"45-59";"Female";"2007";"27.85"
"Mortality";"Haut-Rhin";"Lung";"45-59";"Female";"2008";"32.57"
"Mortality";"Haut-Rhin";"Lung";"45-59";"Female";"2009";"42.27"
"Mortality";"Haut-Rhin";"Lung";"45-59";"Female";"2010";"28.42"
"Mortality";"Haut-Rhin";"Lung";"45-59";"Female";"2011";"20.89"
"Mortality";"Haut-Rhin";"Lung";"45-59";"Female";"2012";"39.15"
"Mortality";"Haut-Rhin";"Lung";"45-59";"Female";"2013";"34.18"
"Mortality";"Herault";"Lung";"45-59";"Female";"2000";"24.87"
"Mortality";"Herault";"Lung";"45-59";"Female";"2001";"20.70"
"Mortality";"Herault";"Lung";"45-59";"Female";"2002";"30.56"
"Mortality";"Herault";"Lung";"45-59";"Female";"2003";"20.47"
"Mortality";"Herault";"Lung";"45-59";"Female";"2004";"31.87"
"Mortality";"Herault";"Lung";"45-59";"Female";"2005";"24.29"
"Mortality";"Herault";"Lung";"45-59";"Female";"2006";"32.60"
"Mortality";"Herault";"Lung";"45-59";"Female";"2007";"37.29"
"Mortality";"Herault";"Lung";"45-59";"Female";"2008";"29.49"
"Mortality";"Herault";"Lung";"45-59";"Female";"2009";"36.80"
"Mortality";"Herault";"Lung";"45-59";"Female";"2010";"29.00"
"Mortality";"Herault";"Lung";"45-59";"Female";"2011";"21.26"
"Mortality";"Herault";"Lung";"45-59";"Female";"2012";"38.33"
"Mortality";"Herault";"Lung";"45-59";"Female";"2013";"42.35"
"Mortality";"Manche";"Lung";"45-59";"Male";"2000";"87.40"
"Mortality";"Manche";"Lung";"45-59";"Male";"2001";"117.39"
"Mortality";"Manche";"Lung";"45-59";"Male";"2002";"98.23"
"Mortality";"Manche";"Lung";"45-59";"Male";"2003";"86.83"
"Mortality";"Manche";"Lung";"45-59";"Male";"2004";"114.63"
"Mortality";"Manche";"Lung";"45-59";"Male";"2005";"95.65"
"Mortality";"Manche";"Lung";"45-59";"Male";"2006";"64.86"
"Mortality";"Manche";"Lung";"45-59";"Male";"2007";"73.63"
"Mortality";"Manche";"Lung";"45-59";"Male";"2008";"92.21"
"Mortality";"Manche";"Lung";"45-59";"Male";"2009";"93.94"
"Mortality";"Manche";"Lung";"45-59";"Male";"2010";"69.41"
"Mortality";"Manche";"Lung";"45-59";"Male";"2011";"71.32"
"Mortality";"Manche";"Lung";"45-59";"Male";"2012";"107.10"
"Mortality";"Manche";"Lung";"45-59";"Male";"2013";"69.64"
"Mortality";"Calvados";"Lung";"45-59";"Female";"2000";"9.87"
"Mortality";"Calvados";"Lung";"45-59";"Female";"2001";"12.68"
"Mortality";"Calvados";"Lung";"45-59";"Female";"2002";"16.85"
"Mortality";"Calvados";"Lung";"45-59";"Female";"2003";"22.32"
"Mortality";"Calvados";"Lung";"45-59";"Female";"2004";"21.76"
"Mortality";"Calvados";"Lung";"45-59";"Female";"2005";"31.21"
"Mortality";"Calvados";"Lung";"45-59";"Female";"2006";"34.99"
"Mortality";"Calvados";"Lung";"45-59";"Female";"2007";"23.71"
"Mortality";"Calvados";"Lung";"45-59";"Female";"2008";"25.12"
"Mortality";"Calvados";"Lung";"45-59";"Female";"2009";"36.37"
"Mortality";"Calvados";"Lung";"45-59";"Female";"2010";"32.40"
"Mortality";"Calvados";"Lung";"45-59";"Female";"2011";"45.34"
"Mortality";"Calvados";"Lung";"45-59";"Female";"2012";"42.58"
"Mortality";"Calvados";"Lung";"45-59";"Female";"2013";"34.15"
"Mortality";"Manche";"Lung";"45-59";"Female";"2000";"4.70"
"Mortality";"Manche";"Lung";"45-59";"Female";"2001";"18.14"
"Mortality";"Manche";"Lung";"45-59";"Female";"2002";"8.75"
"Mortality";"Manche";"Lung";"45-59";"Female";"2003";"16.95"
"Mortality";"Manche";"Lung";"45-59";"Female";"2004";"30.84"
"Mortality";"Manche";"Lung";"45-59";"Female";"2005";"19.99"
"Mortality";"Manche";"Lung";"45-59";"Female";"2006";"21.60"
"Mortality";"Manche";"Lung";"45-59";"Female";"2007";"29.17"
"Mortality";"Manche";"Lung";"45-59";"Female";"2008";"29.03"
"Mortality";"Manche";"Lung";"45-59";"Female";"2009";"9.65"
"Mortality";"Manche";"Lung";"45-59";"Female";"2010";"26.84"
"Mortality";"Manche";"Lung";"45-59";"Female";"2011";"28.61"
"Mortality";"Manche";"Lung";"45-59";"Female";"2012";"30.50"
"Mortality";"Manche";"Lung";"45-59";"Female";"2013";"34.31"
"Mortality";"Loire-Atlantique/Vendée";"Lung";"45-59";"Male";"2000";"94.28"
"Mortality";"Loire-Atlantique/Vendée";"Lung";"45-59";"Male";"2001";"108.21"
"Mortality";"Loire-Atlantique/Vendée";"Lung";"45-59";"Male";"2002";"93.17"
"Mortality";"Loire-Atlantique/Vendée";"Lung";"45-59";"Male";"2003";"83.46"
"Mortality";"Loire-Atlantique/Vendée";"Lung";"45-59";"Male";"2004";"87.84"
"Mortality";"Loire-Atlantique/Vendée";"Lung";"45-59";"Male";"2005";"89.34"
"Mortality";"Loire-Atlantique/Vendée";"Lung";"45-59";"Male";"2006";"95.35"
"Mortality";"Loire-Atlantique/Vendée";"Lung";"45-59";"Male";"2007";"107.82"
"Mortality";"Loire-Atlantique/Vendée";"Lung";"45-59";"Male";"2008";"85.85"
"Mortality";"Loire-Atlantique/Vendée";"Lung";"45-59";"Male";"2009";"86.66"
"Mortality";"Loire-Atlantique/Vendée";"Lung";"45-59";"Male";"2010";"84.67"
"Mortality";"Loire-Atlantique/Vendée";"Lung";"45-59";"Male";"2011";"79.32"
"Mortality";"Loire-Atlantique/Vendée";"Lung";"45-59";"Male";"2012";"77.25"
"Mortality";"Loire-Atlantique/Vendée";"Lung";"45-59";"Male";"2013";"85.16"
"Mortality";"Gironde";"Lung";"45-59";"Male";"2000";"119.44"
"Mortality";"Gironde";"Lung";"45-59";"Male";"2001";"94.21"
"Mortality";"Gironde";"Lung";"45-59";"Male";"2002";"92.27"
"Mortality";"Gironde";"Lung";"45-59";"Male";"2003";"101.40"
"Mortality";"Gironde";"Lung";"45-59";"Male";"2004";"100.07"
"Mortality";"Gironde";"Lung";"45-59";"Male";"2005";"106.83"
"Mortality";"Gironde";"Lung";"45-59";"Male";"2006";"116.37"
"Mortality";"Gironde";"Lung";"45-59";"Male";"2007";"97.76"
"Mortality";"Gironde";"Lung";"45-59";"Male";"2008";"105.80"
"Mortality";"Gironde";"Lung";"45-59";"Male";"2009";"112.32"
"Mortality";"Gironde";"Lung";"45-59";"Male";"2010";"100.01"
"Mortality";"Gironde";"Lung";"45-59";"Male";"2011";"87.84"
"Mortality";"Gironde";"Lung";"45-59";"Male";"2012";"73.52"
"Mortality";"Gironde";"Lung";"45-59";"Male";"2013";"77.43"
"Mortality";"Calvados";"Lung";"45-59";"Male";"2000";"104.09"
"Mortality";"Calvados";"Lung";"45-59";"Male";"2001";"94.16"
"Mortality";"Calvados";"Lung";"45-59";"Male";"2002";"115.12"
"Mortality";"Calvados";"Lung";"45-59";"Male";"2003";"115.55"
"Mortality";"Calvados";"Lung";"45-59";"Male";"2004";"92.06"
"Mortality";"Calvados";"Lung";"45-59";"Male";"2005";"156.71"
"Mortality";"Calvados";"Lung";"45-59";"Male";"2006";"121.30"
"Mortality";"Calvados";"Lung";"45-59";"Male";"2007";"81.89"
"Mortality";"Calvados";"Lung";"45-59";"Male";"2008";"115.79"
"Mortality";"Calvados";"Lung";"45-59";"Male";"2009";"93.99"
"Mortality";"Calvados";"Lung";"45-59";"Male";"2010";"95.89"
"Mortality";"Calvados";"Lung";"45-59";"Male";"2011";"99.05"
"Mortality";"Calvados";"Lung";"45-59";"Male";"2012";"111.16"
"Mortality";"Calvados";"Lung";"45-59";"Male";"2013";"58.06"
"Mortality";"Loire-Atlantique/Vendée";"Lung";"45-59";"Female";"2000";"19.50"
"Mortality";"Loire-Atlantique/Vendée";"Lung";"45-59";"Female";"2001";"14.54"
"Mortality";"Loire-Atlantique/Vendée";"Lung";"45-59";"Female";"2002";"17.54"
"Mortality";"Loire-Atlantique/Vendée";"Lung";"45-59";"Female";"2003";"27.23"
"Mortality";"Loire-Atlantique/Vendée";"Lung";"45-59";"Female";"2004";"19.84"
"Mortality";"Loire-Atlantique/Vendée";"Lung";"45-59";"Female";"2005";"26.78"
"Mortality";"Loire-Atlantique/Vendée";"Lung";"45-59";"Female";"2006";"26.29"
"Mortality";"Loire-Atlantique/Vendée";"Lung";"45-59";"Female";"2007";"27.65"
"Mortality";"Loire-Atlantique/Vendée";"Lung";"45-59";"Female";"2008";"26.50"
"Mortality";"Loire-Atlantique/Vendée";"Lung";"45-59";"Female";"2009";"23.29"
"Mortality";"Loire-Atlantique/Vendée";"Lung";"45-59";"Female";"2010";"24.73"
"Mortality";"Loire-Atlantique/Vendée";"Lung";"45-59";"Female";"2011";"25.09"
"Mortality";"Loire-Atlantique/Vendée";"Lung";"45-59";"Female";"2012";"24.47"
"Mortality";"Loire-Atlantique/Vendée";"Lung";"45-59";"Female";"2013";"26.91"
"Mortality";"Bas-Rhin";"Lung";"60-74";"Male";"2000";"276.18"
"Mortality";"Bas-Rhin";"Lung";"60-74";"Male";"2001";"298.01"
"Mortality";"Bas-Rhin";"Lung";"60-74";"Male";"2002";"269.51"
"Mortality";"Bas-Rhin";"Lung";"60-74";"Male";"2003";"283.51"
"Mortality";"Bas-Rhin";"Lung";"60-74";"Male";"2004";"237.60"
"Mortality";"Bas-Rhin";"Lung";"60-74";"Male";"2005";"232.25"
"Mortality";"Bas-Rhin";"Lung";"60-74";"Male";"2006";"262.83"
"Mortality";"Bas-Rhin";"Lung";"60-74";"Male";"2007";"243.05"
"Mortality";"Bas-Rhin";"Lung";"60-74";"Male";"2008";"224.49"
"Mortality";"Bas-Rhin";"Lung";"60-74";"Male";"2009";"265.76"
"Mortality";"Bas-Rhin";"Lung";"60-74";"Male";"2010";"202.74"
"Mortality";"Bas-Rhin";"Lung";"60-74";"Male";"2011";"234.17"
"Mortality";"Bas-Rhin";"Lung";"60-74";"Male";"2012";"182.65"
"Mortality";"Bas-Rhin";"Lung";"60-74";"Male";"2013";"196.09"
"Mortality";"Manche";"Lung";"60-74";"Female";"2000";"12.01"
"Mortality";"Manche";"Lung";"60-74";"Female";"2001";"19.55"
"Mortality";"Manche";"Lung";"60-74";"Female";"2002";"37.36"
"Mortality";"Manche";"Lung";"60-74";"Female";"2003";"27.85"
"Mortality";"Manche";"Lung";"60-74";"Female";"2004";"35.89"
"Mortality";"Manche";"Lung";"60-74";"Female";"2005";"41.28"
"Mortality";"Manche";"Lung";"60-74";"Female";"2006";"25.71"
"Mortality";"Manche";"Lung";"60-74";"Female";"2007";"32.93"
"Mortality";"Manche";"Lung";"60-74";"Female";"2008";"34.67"
"Mortality";"Manche";"Lung";"60-74";"Female";"2009";"53.34"
"Mortality";"Manche";"Lung";"60-74";"Female";"2010";"38.09"
"Mortality";"Manche";"Lung";"60-74";"Female";"2011";"37.41"
"Mortality";"Manche";"Lung";"60-74";"Female";"2012";"43.60"
"Mortality";"Manche";"Lung";"60-74";"Female";"2013";"33.77"
"Mortality";"Calvados";"Lung";"60-74";"Male";"2000";"331.09"
"Mortality";"Calvados";"Lung";"60-74";"Male";"2001";"269.29"
"Mortality";"Calvados";"Lung";"60-74";"Male";"2002";"249.02"
"Mortality";"Calvados";"Lung";"60-74";"Male";"2003";"253.38"
"Mortality";"Calvados";"Lung";"60-74";"Male";"2004";"225.10"
"Mortality";"Calvados";"Lung";"60-74";"Male";"2005";"292.54"
"Mortality";"Calvados";"Lung";"60-74";"Male";"2006";"294.64"
"Mortality";"Calvados";"Lung";"60-74";"Male";"2007";"223.99"
"Mortality";"Calvados";"Lung";"60-74";"Male";"2008";"229.22"
"Mortality";"Calvados";"Lung";"60-74";"Male";"2009";"242.65"
"Mortality";"Calvados";"Lung";"60-74";"Male";"2010";"239.06"
"Mortality";"Calvados";"Lung";"60-74";"Male";"2011";"227.16"
"Mortality";"Calvados";"Lung";"60-74";"Male";"2012";"226.79"
"Mortality";"Calvados";"Lung";"60-74";"Male";"2013";"222.90"
"Mortality";"Herault";"Lung";"60-74";"Male";"2000";"287.07"
"Mortality";"Herault";"Lung";"60-74";"Male";"2001";"293.34"
"Mortality";"Herault";"Lung";"60-74";"Male";"2002";"235.75"
"Mortality";"Herault";"Lung";"60-74";"Male";"2003";"230.93"
"Mortality";"Herault";"Lung";"60-74";"Male";"2004";"221.17"
"Mortality";"Herault";"Lung";"60-74";"Male";"2005";"242.68"
"Mortality";"Herault";"Lung";"60-74";"Male";"2006";"272.73"
"Mortality";"Herault";"Lung";"60-74";"Male";"2007";"233.77"
"Mortality";"Herault";"Lung";"60-74";"Male";"2008";"199.96"
"Mortality";"Herault";"Lung";"60-74";"Male";"2009";"205.64"
"Mortality";"Herault";"Lung";"60-74";"Male";"2010";"190.63"
"Mortality";"Herault";"Lung";"60-74";"Male";"2011";"204.09"
"Mortality";"Herault";"Lung";"60-74";"Male";"2012";"205.95"
"Mortality";"Herault";"Lung";"60-74";"Male";"2013";"212.06"
"Mortality";"Herault";"Lung";"60-74";"Female";"2000";"43.07"
"Mortality";"Herault";"Lung";"60-74";"Female";"2001";"30.10"
"Mortality";"Herault";"Lung";"60-74";"Female";"2002";"34.12"
"Mortality";"Herault";"Lung";"60-74";"Female";"2003";"36.44"
"Mortality";"Herault";"Lung";"60-74";"Female";"2004";"38.55"
"Mortality";"Herault";"Lung";"60-74";"Female";"2005";"40.57"
"Mortality";"Herault";"Lung";"60-74";"Female";"2006";"51.65"
"Mortality";"Herault";"Lung";"60-74";"Female";"2007";"54.10"
"Mortality";"Herault";"Lung";"60-74";"Female";"2008";"54.91"
"Mortality";"Herault";"Lung";"60-74";"Female";"2009";"48.42"
"Mortality";"Herault";"Lung";"60-74";"Female";"2010";"60.89"
"Mortality";"Herault";"Lung";"60-74";"Female";"2011";"63.19"
"Mortality";"Herault";"Lung";"60-74";"Female";"2012";"61.01"
"Mortality";"Herault";"Lung";"60-74";"Female";"2013";"63.28"
"Mortality";"Calvados";"Lung";"60-74";"Female";"2000";"23.42"
"Mortality";"Calvados";"Lung";"60-74";"Female";"2001";"21.38"
"Mortality";"Calvados";"Lung";"60-74";"Female";"2002";"27.92"
"Mortality";"Calvados";"Lung";"60-74";"Female";"2003";"36.53"
"Mortality";"Calvados";"Lung";"60-74";"Female";"2004";"25.74"
"Mortality";"Calvados";"Lung";"60-74";"Female";"2005";"51.62"
"Mortality";"Calvados";"Lung";"60-74";"Female";"2006";"57.69"
"Mortality";"Calvados";"Lung";"60-74";"Female";"2007";"52.27"
"Mortality";"Calvados";"Lung";"60-74";"Female";"2008";"42.70"
"Mortality";"Calvados";"Lung";"60-74";"Female";"2009";"37.45"
"Mortality";"Calvados";"Lung";"60-74";"Female";"2010";"49.72"
"Mortality";"Calvados";"Lung";"60-74";"Female";"2011";"55.40"
"Mortality";"Calvados";"Lung";"60-74";"Female";"2012";"51.62"
"Mortality";"Calvados";"Lung";"60-74";"Female";"2013";"56.92"
"Mortality";"Gironde";"Lung";"60-74";"Male";"2000";"306.18"
"Mortality";"Gironde";"Lung";"60-74";"Male";"2001";"246.38"
"Mortality";"Gironde";"Lung";"60-74";"Male";"2002";"242.51"
"Mortality";"Gironde";"Lung";"60-74";"Male";"2003";"274.46"
"Mortality";"Gironde";"Lung";"60-74";"Male";"2004";"282.53"
"Mortality";"Gironde";"Lung";"60-74";"Male";"2005";"281.60"
"Mortality";"Gironde";"Lung";"60-74";"Male";"2006";"285.87"
"Mortality";"Gironde";"Lung";"60-74";"Male";"2007";"261.56"
"Mortality";"Gironde";"Lung";"60-74";"Male";"2008";"244.76"
"Mortality";"Gironde";"Lung";"60-74";"Male";"2009";"238.78"
"Mortality";"Gironde";"Lung";"60-74";"Male";"2010";"226.64"
"Mortality";"Gironde";"Lung";"60-74";"Male";"2011";"224.76"
"Mortality";"Gironde";"Lung";"60-74";"Male";"2012";"228.11"
"Mortality";"Gironde";"Lung";"60-74";"Male";"2013";"255.94"
"Mortality";"Somme";"Lung";"60-74";"Male";"2000";"333.47"
"Mortality";"Somme";"Lung";"60-74";"Male";"2001";"346.60"
"Mortality";"Somme";"Lung";"60-74";"Male";"2002";"295.38"
"Mortality";"Somme";"Lung";"60-74";"Male";"2003";"310.57"
"Mortality";"Somme";"Lung";"60-74";"Male";"2004";"327.38"
"Mortality";"Somme";"Lung";"60-74";"Male";"2005";"277.05"
"Mortality";"Somme";"Lung";"60-74";"Male";"2006";"309.43"
"Mortality";"Somme";"Lung";"60-74";"Male";"2007";"277.19"
"Mortality";"Somme";"Lung";"60-74";"Male";"2008";"276.16"
"Mortality";"Somme";"Lung";"60-74";"Male";"2009";"263.30"
"Mortality";"Somme";"Lung";"60-74";"Male";"2010";"203.09"
"Mortality";"Somme";"Lung";"60-74";"Male";"2011";"297.11"
"Mortality";"Somme";"Lung";"60-74";"Male";"2012";"267.95"
"Mortality";"Somme";"Lung";"60-74";"Male";"2013";"260.54"
"Mortality";"Doubs";"Lung";"60-74";"Female";"2000";"29.17"
"Mortality";"Doubs";"Lung";"60-74";"Female";"2001";"17.54"
"Mortality";"Doubs";"Lung";"60-74";"Female";"2002";"41.02"
"Mortality";"Doubs";"Lung";"60-74";"Female";"2003";"49.69"
"Mortality";"Doubs";"Lung";"60-74";"Female";"2004";"52.46"
"Mortality";"Doubs";"Lung";"60-74";"Female";"2005";"46.59"
"Mortality";"Doubs";"Lung";"60-74";"Female";"2006";"46.04"
"Mortality";"Doubs";"Lung";"60-74";"Female";"2007";"50.49"
"Mortality";"Doubs";"Lung";"60-74";"Female";"2008";"38.23"
"Mortality";"Doubs";"Lung";"60-74";"Female";"2009";"42.66"
"Mortality";"Doubs";"Lung";"60-74";"Female";"2010";"49.58"
"Mortality";"Doubs";"Lung";"60-74";"Female";"2011";"38.21"
"Mortality";"Doubs";"Lung";"60-74";"Female";"2012";"62.12"
"Mortality";"Doubs";"Lung";"60-74";"Female";"2013";"68.03"
"Mortality";"Doubs";"Lung";"60-74";"Male";"2000";"314.68"
"Mortality";"Doubs";"Lung";"60-74";"Male";"2001";"217.18"
"Mortality";"Doubs";"Lung";"60-74";"Male";"2002";"231.71"
"Mortality";"Doubs";"Lung";"60-74";"Male";"2003";"238.01"
"Mortality";"Doubs";"Lung";"60-74";"Male";"2004";"256.87"
"Mortality";"Doubs";"Lung";"60-74";"Male";"2005";"316.61"
"Mortality";"Doubs";"Lung";"60-74";"Male";"2006";"285.42"
"Mortality";"Doubs";"Lung";"60-74";"Male";"2007";"240.96"
"Mortality";"Doubs";"Lung";"60-74";"Male";"2008";"210.93"
"Mortality";"Doubs";"Lung";"60-74";"Male";"2009";"186.25"
"Mortality";"Doubs";"Lung";"60-74";"Male";"2010";"232.09"
"Mortality";"Doubs";"Lung";"60-74";"Male";"2011";"235.31"
"Mortality";"Doubs";"Lung";"60-74";"Male";"2012";"243.71"
"Mortality";"Doubs";"Lung";"60-74";"Male";"2013";"220.19"
"Mortality";"Gironde";"Lung";"60-74";"Female";"2000";"37.10"
"Mortality";"Gironde";"Lung";"60-74";"Female";"2001";"39.61"
"Mortality";"Gironde";"Lung";"60-74";"Female";"2002";"32.06"
"Mortality";"Gironde";"Lung";"60-74";"Female";"2003";"41.93"
"Mortality";"Gironde";"Lung";"60-74";"Female";"2004";"59.17"
"Mortality";"Gironde";"Lung";"60-74";"Female";"2005";"42.41"
"Mortality";"Gironde";"Lung";"60-74";"Female";"2006";"52.39"
"Mortality";"Gironde";"Lung";"60-74";"Female";"2007";"44.64"
"Mortality";"Gironde";"Lung";"60-74";"Female";"2008";"48.15"
"Mortality";"Gironde";"Lung";"60-74";"Female";"2009";"49.38"
"Mortality";"Gironde";"Lung";"60-74";"Female";"2010";"47.61"
"Mortality";"Gironde";"Lung";"60-74";"Female";"2011";"64.80"
"Mortality";"Gironde";"Lung";"60-74";"Female";"2012";"55.56"
"Mortality";"Gironde";"Lung";"60-74";"Female";"2013";"63.66"
"Mortality";"Tarn";"Lung";"60-74";"Female";"2000";"12.70"
"Mortality";"Tarn";"Lung";"60-74";"Female";"2001";"16.08"
"Mortality";"Tarn";"Lung";"60-74";"Female";"2002";"32.45"
"Mortality";"Tarn";"Lung";"60-74";"Female";"2003";"32.67"
"Mortality";"Tarn";"Lung";"60-74";"Female";"2004";"26.24"
"Mortality";"Tarn";"Lung";"60-74";"Female";"2005";"33.24"
"Mortality";"Tarn";"Lung";"60-74";"Female";"2006";"23.40"
"Mortality";"Tarn";"Lung";"60-74";"Female";"2007";"26.26"
"Mortality";"Tarn";"Lung";"60-74";"Female";"2008";"48.16"
"Mortality";"Tarn";"Lung";"60-74";"Female";"2009";"31.39"
"Mortality";"Tarn";"Lung";"60-74";"Female";"2010";"58.47"
"Mortality";"Tarn";"Lung";"60-74";"Female";"2011";"45.24"
"Mortality";"Tarn";"Lung";"60-74";"Female";"2012";"41.28"
"Mortality";"Tarn";"Lung";"60-74";"Female";"2013";"48.84"
"Mortality";"Bas-Rhin";"Lung";"60-74";"Female";"2000";"43.62"
"Mortality";"Bas-Rhin";"Lung";"60-74";"Female";"2001";"46.70"
"Mortality";"Bas-Rhin";"Lung";"60-74";"Female";"2002";"49.49"
"Mortality";"Bas-Rhin";"Lung";"60-74";"Female";"2003";"24.69"
"Mortality";"Bas-Rhin";"Lung";"60-74";"Female";"2004";"55.25"
"Mortality";"Bas-Rhin";"Lung";"60-74";"Female";"2005";"52.70"
"Mortality";"Bas-Rhin";"Lung";"60-74";"Female";"2006";"52.80"
"Mortality";"Bas-Rhin";"Lung";"60-74";"Female";"2007";"46.26"
"Mortality";"Bas-Rhin";"Lung";"60-74";"Female";"2008";"49.45"
"Mortality";"Bas-Rhin";"Lung";"60-74";"Female";"2009";"49.61"
"Mortality";"Bas-Rhin";"Lung";"60-74";"Female";"2010";"34.97"
"Mortality";"Bas-Rhin";"Lung";"60-74";"Female";"2011";"61.57"
"Mortality";"Bas-Rhin";"Lung";"60-74";"Female";"2012";"55.90"
"Mortality";"Bas-Rhin";"Lung";"60-74";"Female";"2013";"51.86"
"Mortality";"Tarn";"Lung";"60-74";"Male";"2000";"177.51"
"Mortality";"Tarn";"Lung";"60-74";"Male";"2001";"180.16"
"Mortality";"Tarn";"Lung";"60-74";"Male";"2002";"233.96"
"Mortality";"Tarn";"Lung";"60-74";"Male";"2003";"167.69"
"Mortality";"Tarn";"Lung";"60-74";"Male";"2004";"160.37"
"Mortality";"Tarn";"Lung";"60-74";"Male";"2005";"162.63"
"Mortality";"Tarn";"Lung";"60-74";"Male";"2006";"185.66"
"Mortality";"Tarn";"Lung";"60-74";"Male";"2007";"206.83"
"Mortality";"Tarn";"Lung";"60-74";"Male";"2008";"172.36"
"Mortality";"Tarn";"Lung";"60-74";"Male";"2009";"157.11"
"Mortality";"Tarn";"Lung";"60-74";"Male";"2010";"221.07"
"Mortality";"Tarn";"Lung";"60-74";"Male";"2011";"156.20"
"Mortality";"Tarn";"Lung";"60-74";"Male";"2012";"171.85"
"Mortality";"Tarn";"Lung";"60-74";"Male";"2013";"205.40"
"Mortality";"Loire-Atlantique/Vendée";"Lung";"60-74";"Female";"2000";"23.66"
"Mortality";"Loire-Atlantique/Vendée";"Lung";"60-74";"Female";"2001";"35.68"
"Mortality";"Loire-Atlantique/Vendée";"Lung";"60-74";"Female";"2002";"29.48"
"Mortality";"Loire-Atlantique/Vendée";"Lung";"60-74";"Female";"2003";"35.81"
"Mortality";"Loire-Atlantique/Vendée";"Lung";"60-74";"Female";"2004";"34.86"
"Mortality";"Loire-Atlantique/Vendée";"Lung";"60-74";"Female";"2005";"40.36"
"Mortality";"Loire-Atlantique/Vendée";"Lung";"60-74";"Female";"2006";"36.78"
"Mortality";"Loire-Atlantique/Vendée";"Lung";"60-74";"Female";"2007";"40.33"
"Mortality";"Loire-Atlantique/Vendée";"Lung";"60-74";"Female";"2008";"39.71"
"Mortality";"Loire-Atlantique/Vendée";"Lung";"60-74";"Female";"2009";"39.67"
"Mortality";"Loire-Atlantique/Vendée";"Lung";"60-74";"Female";"2010";"40.38"
"Mortality";"Loire-Atlantique/Vendée";"Lung";"60-74";"Female";"2011";"45.68"
"Mortality";"Loire-Atlantique/Vendée";"Lung";"60-74";"Female";"2012";"54.99"
"Mortality";"Loire-Atlantique/Vendée";"Lung";"60-74";"Female";"2013";"48.35"
"Mortality";"Loire-Atlantique/Vendée";"Lung";"60-74";"Male";"2000";"202.18"
"Mortality";"Loire-Atlantique/Vendée";"Lung";"60-74";"Male";"2001";"195.84"
"Mortality";"Loire-Atlantique/Vendée";"Lung";"60-74";"Male";"2002";"200.55"
"Mortality";"Loire-Atlantique/Vendée";"Lung";"60-74";"Male";"2003";"221.92"
"Mortality";"Loire-Atlantique/Vendée";"Lung";"60-74";"Male";"2004";"198.50"
"Mortality";"Loire-Atlantique/Vendée";"Lung";"60-74";"Male";"2005";"213.22"
"Mortality";"Loire-Atlantique/Vendée";"Lung";"60-74";"Male";"2006";"224.70"
"Mortality";"Loire-Atlantique/Vendée";"Lung";"60-74";"Male";"2007";"215.06"
"Mortality";"Loire-Atlantique/Vendée";"Lung";"60-74";"Male";"2008";"203.43"
"Mortality";"Loire-Atlantique/Vendée";"Lung";"60-74";"Male";"2009";"220.01"
"Mortality";"Loire-Atlantique/Vendée";"Lung";"60-74";"Male";"2010";"207.08"
"Mortality";"Loire-Atlantique/Vendée";"Lung";"60-74";"Male";"2011";"205.65"
"Mortality";"Loire-Atlantique/Vendée";"Lung";"60-74";"Male";"2012";"196.28"
"Mortality";"Loire-Atlantique/Vendée";"Lung";"60-74";"Male";"2013";"191.25"
"Mortality";"Haut-Rhin";"Lung";"60-74";"Female";"2000";"45.85"
"Mortality";"Haut-Rhin";"Lung";"60-74";"Female";"2001";"62.26"
"Mortality";"Haut-Rhin";"Lung";"60-74";"Female";"2002";"40.30"
"Mortality";"Haut-Rhin";"Lung";"60-74";"Female";"2003";"40.37"
"Mortality";"Haut-Rhin";"Lung";"60-74";"Female";"2004";"42.61"
"Mortality";"Haut-Rhin";"Lung";"60-74";"Female";"2005";"55.43"
"Mortality";"Haut-Rhin";"Lung";"60-74";"Female";"2006";"67.97"
"Mortality";"Haut-Rhin";"Lung";"60-74";"Female";"2007";"32.52"
"Mortality";"Haut-Rhin";"Lung";"60-74";"Female";"2008";"61.77"
"Mortality";"Haut-Rhin";"Lung";"60-74";"Female";"2009";"52.60"
"Mortality";"Haut-Rhin";"Lung";"60-74";"Female";"2010";"74.06"
"Mortality";"Haut-Rhin";"Lung";"60-74";"Female";"2011";"42.46"
"Mortality";"Haut-Rhin";"Lung";"60-74";"Female";"2012";"53.75"
"Mortality";"Haut-Rhin";"Lung";"60-74";"Female";"2013";"50.35"
"Mortality";"Haut-Rhin";"Lung";"60-74";"Male";"2000";"315.72"
"Mortality";"Haut-Rhin";"Lung";"60-74";"Male";"2001";"292.34"
"Mortality";"Haut-Rhin";"Lung";"60-74";"Male";"2002";"275.99"
"Mortality";"Haut-Rhin";"Lung";"60-74";"Male";"2003";"237.57"
"Mortality";"Haut-Rhin";"Lung";"60-74";"Male";"2004";"263.91"
"Mortality";"Haut-Rhin";"Lung";"60-74";"Male";"2005";"271.52"
"Mortality";"Haut-Rhin";"Lung";"60-74";"Male";"2006";"244.69"
"Mortality";"Haut-Rhin";"Lung";"60-74";"Male";"2007";"265.07"
"Mortality";"Haut-Rhin";"Lung";"60-74";"Male";"2008";"204.27"
"Mortality";"Haut-Rhin";"Lung";"60-74";"Male";"2009";"232.18"
"Mortality";"Haut-Rhin";"Lung";"60-74";"Male";"2010";"201.72"
"Mortality";"Haut-Rhin";"Lung";"60-74";"Male";"2011";"216.44"
"Mortality";"Haut-Rhin";"Lung";"60-74";"Male";"2012";"212.01"
"Mortality";"Haut-Rhin";"Lung";"60-74";"Male";"2013";"226.01"
"Mortality";"Isere";"Lung";"60-74";"Male";"2000";"211.18"
"Mortality";"Isere";"Lung";"60-74";"Male";"2001";"208.33"
"Mortality";"Isere";"Lung";"60-74";"Male";"2002";"231.63"
"Mortality";"Isere";"Lung";"60-74";"Male";"2003";"233.11"
"Mortality";"Isere";"Lung";"60-74";"Male";"2004";"235.37"
"Mortality";"Isere";"Lung";"60-74";"Male";"2005";"192.51"
"Mortality";"Isere";"Lung";"60-74";"Male";"2006";"223.75"
"Mortality";"Isere";"Lung";"60-74";"Male";"2007";"242.52"
"Mortality";"Isere";"Lung";"60-74";"Male";"2008";"224.32"
"Mortality";"Isere";"Lung";"60-74";"Male";"2009";"192.43"
"Mortality";"Isere";"Lung";"60-74";"Male";"2010";"213.44"
"Mortality";"Isere";"Lung";"60-74";"Male";"2011";"209.73"
"Mortality";"Isere";"Lung";"60-74";"Male";"2012";"202.35"
"Mortality";"Isere";"Lung";"60-74";"Male";"2013";"216.70"
"Mortality";"Isere";"Lung";"60-74";"Female";"2000";"25.46"
"Mortality";"Isere";"Lung";"60-74";"Female";"2001";"22.60"
"Mortality";"Isere";"Lung";"60-74";"Female";"2002";"28.14"
"Mortality";"Isere";"Lung";"60-74";"Female";"2003";"30.70"
"Mortality";"Isere";"Lung";"60-74";"Female";"2004";"37.24"
"Mortality";"Isere";"Lung";"60-74";"Female";"2005";"35.50"
"Mortality";"Isere";"Lung";"60-74";"Female";"2006";"49.64"
"Mortality";"Isere";"Lung";"60-74";"Female";"2007";"32.59"
"Mortality";"Isere";"Lung";"60-74";"Female";"2008";"50.79"
"Mortality";"Isere";"Lung";"60-74";"Female";"2009";"42.05"
"Mortality";"Isere";"Lung";"60-74";"Female";"2010";"28.70"
"Mortality";"Isere";"Lung";"60-74";"Female";"2011";"37.09"
"Mortality";"Isere";"Lung";"60-74";"Female";"2012";"46.18"
"Mortality";"Isere";"Lung";"60-74";"Female";"2013";"44.85"
"Mortality";"Somme";"Lung";"60-74";"Female";"2000";"35.30"
"Mortality";"Somme";"Lung";"60-74";"Female";"2001";"23.09"
"Mortality";"Somme";"Lung";"60-74";"Female";"2002";"31.33"
"Mortality";"Somme";"Lung";"60-74";"Female";"2003";"29.04"
"Mortality";"Somme";"Lung";"60-74";"Female";"2004";"29.18"
"Mortality";"Somme";"Lung";"60-74";"Female";"2005";"29.30"
"Mortality";"Somme";"Lung";"60-74";"Female";"2006";"34.36"
"Mortality";"Somme";"Lung";"60-74";"Female";"2007";"43.94"
"Mortality";"Somme";"Lung";"60-74";"Female";"2008";"42.90"
"Mortality";"Somme";"Lung";"60-74";"Female";"2009";"41.71"
"Mortality";"Somme";"Lung";"60-74";"Female";"2010";"45.29"
"Mortality";"Somme";"Lung";"60-74";"Female";"2011";"60.44"
"Mortality";"Somme";"Lung";"60-74";"Female";"2012";"45.36"
"Mortality";"Somme";"Lung";"60-74";"Female";"2013";"53.21"
"Mortality";"Manche";"Lung";"60-74";"Male";"2000";"228.25"
"Mortality";"Manche";"Lung";"60-74";"Male";"2001";"181.97"
"Mortality";"Manche";"Lung";"60-74";"Male";"2002";"242.46"
"Mortality";"Manche";"Lung";"60-74";"Male";"2003";"282.49"
"Mortality";"Manche";"Lung";"60-74";"Male";"2004";"254.71"
"Mortality";"Manche";"Lung";"60-74";"Male";"2005";"209.73"
"Mortality";"Manche";"Lung";"60-74";"Male";"2006";"211.98"
"Mortality";"Manche";"Lung";"60-74";"Male";"2007";"206.49"
"Mortality";"Manche";"Lung";"60-74";"Male";"2008";"244.53"
"Mortality";"Manche";"Lung";"60-74";"Male";"2009";"214.44"
"Mortality";"Manche";"Lung";"60-74";"Male";"2010";"249.83"
"Mortality";"Manche";"Lung";"60-74";"Male";"2011";"223.20"
"Mortality";"Manche";"Lung";"60-74";"Male";"2012";"253.10"
"Mortality";"Manche";"Lung";"60-74";"Male";"2013";"202.11"
"Mortality";"Haut-Rhin";"Lung";"75-89";"Female";"2000";"82.70"
"Mortality";"Haut-Rhin";"Lung";"75-89";"Female";"2001";"45.72"
"Mortality";"Haut-Rhin";"Lung";"75-89";"Female";"2002";"66.22"
"Mortality";"Haut-Rhin";"Lung";"75-89";"Female";"2003";"88.84"
"Mortality";"Haut-Rhin";"Lung";"75-89";"Female";"2004";"95.64"
"Mortality";"Haut-Rhin";"Lung";"75-89";"Female";"2005";"48.56"
"Mortality";"Haut-Rhin";"Lung";"75-89";"Female";"2006";"67.39"
"Mortality";"Haut-Rhin";"Lung";"75-89";"Female";"2007";"88.24"
"Mortality";"Haut-Rhin";"Lung";"75-89";"Female";"2008";"88.16"
"Mortality";"Haut-Rhin";"Lung";"75-89";"Female";"2009";"85.90"
"Mortality";"Haut-Rhin";"Lung";"75-89";"Female";"2010";"115.45"
"Mortality";"Haut-Rhin";"Lung";"75-89";"Female";"2011";"90.83"
"Mortality";"Haut-Rhin";"Lung";"75-89";"Female";"2012";"112.64"
"Mortality";"Haut-Rhin";"Lung";"75-89";"Female";"2013";"107.06"
"Mortality";"Gironde";"Lung";"75-89";"Male";"2000";"449.13"
"Mortality";"Gironde";"Lung";"75-89";"Male";"2001";"352.66"
"Mortality";"Gironde";"Lung";"75-89";"Male";"2002";"413.86"
"Mortality";"Gironde";"Lung";"75-89";"Male";"2003";"448.90"
"Mortality";"Gironde";"Lung";"75-89";"Male";"2004";"379.32"
"Mortality";"Gironde";"Lung";"75-89";"Male";"2005";"409.49"
"Mortality";"Gironde";"Lung";"75-89";"Male";"2006";"421.88"
"Mortality";"Gironde";"Lung";"75-89";"Male";"2007";"358.85"
"Mortality";"Gironde";"Lung";"75-89";"Male";"2008";"426.63"
"Mortality";"Gironde";"Lung";"75-89";"Male";"2009";"329.09"
"Mortality";"Gironde";"Lung";"75-89";"Male";"2010";"364.45"
"Mortality";"Gironde";"Lung";"75-89";"Male";"2011";"321.86"
"Mortality";"Gironde";"Lung";"75-89";"Male";"2012";"379.19"
"Mortality";"Gironde";"Lung";"75-89";"Male";"2013";"341.22"
"Mortality";"Haut-Rhin";"Lung";"75-89";"Male";"2000";"458.15"
"Mortality";"Haut-Rhin";"Lung";"75-89";"Male";"2001";"533.81"
"Mortality";"Haut-Rhin";"Lung";"75-89";"Male";"2002";"362.77"
"Mortality";"Haut-Rhin";"Lung";"75-89";"Male";"2003";"470.68"
"Mortality";"Haut-Rhin";"Lung";"75-89";"Male";"2004";"420.77"
"Mortality";"Haut-Rhin";"Lung";"75-89";"Male";"2005";"397.53"
"Mortality";"Haut-Rhin";"Lung";"75-89";"Male";"2006";"452.70"
"Mortality";"Haut-Rhin";"Lung";"75-89";"Male";"2007";"420.70"
"Mortality";"Haut-Rhin";"Lung";"75-89";"Male";"2008";"424.36"
"Mortality";"Haut-Rhin";"Lung";"75-89";"Male";"2009";"371.75"
"Mortality";"Haut-Rhin";"Lung";"75-89";"Male";"2010";"372.53"
"Mortality";"Haut-Rhin";"Lung";"75-89";"Male";"2011";"377.30"
"Mortality";"Haut-Rhin";"Lung";"75-89";"Male";"2012";"451.71"
"Mortality";"Haut-Rhin";"Lung";"75-89";"Male";"2013";"356.20"
"Mortality";"Herault";"Lung";"75-89";"Male";"2000";"406.70"
"Mortality";"Herault";"Lung";"75-89";"Male";"2001";"296.99"
"Mortality";"Herault";"Lung";"75-89";"Male";"2002";"464.21"
"Mortality";"Herault";"Lung";"75-89";"Male";"2003";"388.52"
"Mortality";"Herault";"Lung";"75-89";"Male";"2004";"411.20"
"Mortality";"Herault";"Lung";"75-89";"Male";"2005";"460.04"
"Mortality";"Herault";"Lung";"75-89";"Male";"2006";"388.98"
"Mortality";"Herault";"Lung";"75-89";"Male";"2007";"364.70"
"Mortality";"Herault";"Lung";"75-89";"Male";"2008";"385.01"
"Mortality";"Herault";"Lung";"75-89";"Male";"2009";"371.98"
"Mortality";"Herault";"Lung";"75-89";"Male";"2010";"419.80"
"Mortality";"Herault";"Lung";"75-89";"Male";"2011";"383.36"
"Mortality";"Herault";"Lung";"75-89";"Male";"2012";"394.96"
"Mortality";"Herault";"Lung";"75-89";"Male";"2013";"358.09"
"Mortality";"Manche";"Lung";"75-89";"Female";"2000";"46.51"
"Mortality";"Manche";"Lung";"75-89";"Female";"2001";"36.77"
"Mortality";"Manche";"Lung";"75-89";"Female";"2002";"35.51"
"Mortality";"Manche";"Lung";"75-89";"Female";"2003";"49.46"
"Mortality";"Manche";"Lung";"75-89";"Female";"2004";"47.80"
"Mortality";"Manche";"Lung";"75-89";"Female";"2005";"60.49"
"Mortality";"Manche";"Lung";"75-89";"Female";"2006";"44.56"
"Mortality";"Manche";"Lung";"75-89";"Female";"2007";"46.35"
"Mortality";"Manche";"Lung";"75-89";"Female";"2008";"41.84"
"Mortality";"Manche";"Lung";"75-89";"Female";"2009";"56.46"
"Mortality";"Manche";"Lung";"75-89";"Female";"2010";"37.19"
"Mortality";"Manche";"Lung";"75-89";"Female";"2011";"65.32"
"Mortality";"Manche";"Lung";"75-89";"Female";"2012";"68.45"
"Mortality";"Manche";"Lung";"75-89";"Female";"2013";"46.43"
"Mortality";"Isere";"Lung";"75-89";"Male";"2000";"383.79"
"Mortality";"Isere";"Lung";"75-89";"Male";"2001";"398.28"
"Mortality";"Isere";"Lung";"75-89";"Male";"2002";"387.72"
"Mortality";"Isere";"Lung";"75-89";"Male";"2003";"279.08"
"Mortality";"Isere";"Lung";"75-89";"Male";"2004";"361.30"
"Mortality";"Isere";"Lung";"75-89";"Male";"2005";"348.60"
"Mortality";"Isere";"Lung";"75-89";"Male";"2006";"342.11"
"Mortality";"Isere";"Lung";"75-89";"Male";"2007";"323.57"
"Mortality";"Isere";"Lung";"75-89";"Male";"2008";"439.76"
"Mortality";"Isere";"Lung";"75-89";"Male";"2009";"397.14"
"Mortality";"Isere";"Lung";"75-89";"Male";"2010";"350.29"
"Mortality";"Isere";"Lung";"75-89";"Male";"2011";"312.76"
"Mortality";"Isere";"Lung";"75-89";"Male";"2012";"375.49"
"Mortality";"Isere";"Lung";"75-89";"Male";"2013";"383.75"
"Mortality";"Calvados";"Lung";"75-89";"Male";"2000";"357.09"
"Mortality";"Calvados";"Lung";"75-89";"Male";"2001";"308.17"
"Mortality";"Calvados";"Lung";"75-89";"Male";"2002";"326.46"
"Mortality";"Calvados";"Lung";"75-89";"Male";"2003";"393.99"
"Mortality";"Calvados";"Lung";"75-89";"Male";"2004";"394.19"
"Mortality";"Calvados";"Lung";"75-89";"Male";"2005";"410.93"
"Mortality";"Calvados";"Lung";"75-89";"Male";"2006";"354.93"
"Mortality";"Calvados";"Lung";"75-89";"Male";"2007";"493.54"
"Mortality";"Calvados";"Lung";"75-89";"Male";"2008";"365.96"
"Mortality";"Calvados";"Lung";"75-89";"Male";"2009";"373.61"
"Mortality";"Calvados";"Lung";"75-89";"Male";"2010";"364.78"
"Mortality";"Calvados";"Lung";"75-89";"Male";"2011";"331.92"
"Mortality";"Calvados";"Lung";"75-89";"Male";"2012";"309.58"
"Mortality";"Calvados";"Lung";"75-89";"Male";"2013";"322.69"
"Mortality";"Gironde";"Lung";"75-89";"Female";"2000";"66.44"
"Mortality";"Gironde";"Lung";"75-89";"Female";"2001";"42.48"
"Mortality";"Gironde";"Lung";"75-89";"Female";"2002";"62.84"
"Mortality";"Gironde";"Lung";"75-89";"Female";"2003";"86.82"
"Mortality";"Gironde";"Lung";"75-89";"Female";"2004";"52.97"
"Mortality";"Gironde";"Lung";"75-89";"Female";"2005";"81.59"
"Mortality";"Gironde";"Lung";"75-89";"Female";"2006";"75.05"
"Mortality";"Gironde";"Lung";"75-89";"Female";"2007";"65.71"
"Mortality";"Gironde";"Lung";"75-89";"Female";"2008";"83.33"
"Mortality";"Gironde";"Lung";"75-89";"Female";"2009";"88.87"
"Mortality";"Gironde";"Lung";"75-89";"Female";"2010";"76.47"
"Mortality";"Gironde";"Lung";"75-89";"Female";"2011";"79.56"
"Mortality";"Gironde";"Lung";"75-89";"Female";"2012";"119.97"
"Mortality";"Gironde";"Lung";"75-89";"Female";"2013";"84.69"
"Mortality";"Isere";"Lung";"75-89";"Female";"2000";"40.14"
"Mortality";"Isere";"Lung";"75-89";"Female";"2001";"67.41"
"Mortality";"Isere";"Lung";"75-89";"Female";"2002";"72.90"
"Mortality";"Isere";"Lung";"75-89";"Female";"2003";"53.74"
"Mortality";"Isere";"Lung";"75-89";"Female";"2004";"47.34"
"Mortality";"Isere";"Lung";"75-89";"Female";"2005";"63.41"
"Mortality";"Isere";"Lung";"75-89";"Female";"2006";"64.53"
"Mortality";"Isere";"Lung";"75-89";"Female";"2007";"84.45"
"Mortality";"Isere";"Lung";"75-89";"Female";"2008";"85.64"
"Mortality";"Isere";"Lung";"75-89";"Female";"2009";"93.02"
"Mortality";"Isere";"Lung";"75-89";"Female";"2010";"91.27"
"Mortality";"Isere";"Lung";"75-89";"Female";"2011";"56.67"
"Mortality";"Isere";"Lung";"75-89";"Female";"2012";"88.81"
"Mortality";"Isere";"Lung";"75-89";"Female";"2013";"82.99"
"Mortality";"Doubs";"Lung";"75-89";"Male";"2000";"374.66"
"Mortality";"Doubs";"Lung";"75-89";"Male";"2001";"506.12"
"Mortality";"Doubs";"Lung";"75-89";"Male";"2002";"378.74"
"Mortality";"Doubs";"Lung";"75-89";"Male";"2003";"371.20"
"Mortality";"Doubs";"Lung";"75-89";"Male";"2004";"404.20"
"Mortality";"Doubs";"Lung";"75-89";"Male";"2005";"432.30"
"Mortality";"Doubs";"Lung";"75-89";"Male";"2006";"411.08"
"Mortality";"Doubs";"Lung";"75-89";"Male";"2007";"280.03"
"Mortality";"Doubs";"Lung";"75-89";"Male";"2008";"329.74"
"Mortality";"Doubs";"Lung";"75-89";"Male";"2009";"351.24"
"Mortality";"Doubs";"Lung";"75-89";"Male";"2010";"297.95"
"Mortality";"Doubs";"Lung";"75-89";"Male";"2011";"455.13"
"Mortality";"Doubs";"Lung";"75-89";"Male";"2012";"403.68"
"Mortality";"Doubs";"Lung";"75-89";"Male";"2013";"381.75"
"Mortality";"Loire-Atlantique/Vendée";"Lung";"75-89";"Female";"2000";"56.79"
"Mortality";"Loire-Atlantique/Vendée";"Lung";"75-89";"Female";"2001";"56.19"
"Mortality";"Loire-Atlantique/Vendée";"Lung";"75-89";"Female";"2002";"46.31"
"Mortality";"Loire-Atlantique/Vendée";"Lung";"75-89";"Female";"2003";"51.22"
"Mortality";"Loire-Atlantique/Vendée";"Lung";"75-89";"Female";"2004";"45.89"
"Mortality";"Loire-Atlantique/Vendée";"Lung";"75-89";"Female";"2005";"66.95"
"Mortality";"Loire-Atlantique/Vendée";"Lung";"75-89";"Female";"2006";"58.60"
"Mortality";"Loire-Atlantique/Vendée";"Lung";"75-89";"Female";"2007";"72.72"
"Mortality";"Loire-Atlantique/Vendée";"Lung";"75-89";"Female";"2008";"71.37"
"Mortality";"Loire-Atlantique/Vendée";"Lung";"75-89";"Female";"2009";"59.13"
"Mortality";"Loire-Atlantique/Vendée";"Lung";"75-89";"Female";"2010";"53.04"
"Mortality";"Loire-Atlantique/Vendée";"Lung";"75-89";"Female";"2011";"91.60"
"Mortality";"Loire-Atlantique/Vendée";"Lung";"75-89";"Female";"2012";"65.81"
"Mortality";"Loire-Atlantique/Vendée";"Lung";"75-89";"Female";"2013";"69.44"
"Mortality";"Bas-Rhin";"Lung";"75-89";"Male";"2000";"449.54"
"Mortality";"Bas-Rhin";"Lung";"75-89";"Male";"2001";"487.93"
"Mortality";"Bas-Rhin";"Lung";"75-89";"Male";"2002";"460.71"
"Mortality";"Bas-Rhin";"Lung";"75-89";"Male";"2003";"490.91"
"Mortality";"Bas-Rhin";"Lung";"75-89";"Male";"2004";"442.02"
"Mortality";"Bas-Rhin";"Lung";"75-89";"Male";"2005";"474.49"
"Mortality";"Bas-Rhin";"Lung";"75-89";"Male";"2006";"416.88"
"Mortality";"Bas-Rhin";"Lung";"75-89";"Male";"2007";"367.70"
"Mortality";"Bas-Rhin";"Lung";"75-89";"Male";"2008";"446.12"
"Mortality";"Bas-Rhin";"Lung";"75-89";"Male";"2009";"381.76"
"Mortality";"Bas-Rhin";"Lung";"75-89";"Male";"2010";"374.63"
"Mortality";"Bas-Rhin";"Lung";"75-89";"Male";"2011";"398.26"
"Mortality";"Bas-Rhin";"Lung";"75-89";"Male";"2012";"431.81"
"Mortality";"Bas-Rhin";"Lung";"75-89";"Male";"2013";"365.85"
"Mortality";"Somme";"Lung";"75-89";"Female";"2000";"63.69"
"Mortality";"Somme";"Lung";"75-89";"Female";"2001";"26.49"
"Mortality";"Somme";"Lung";"75-89";"Female";"2002";"51.51"
"Mortality";"Somme";"Lung";"75-89";"Female";"2003";"71.14"
"Mortality";"Somme";"Lung";"75-89";"Female";"2004";"65.33"
"Mortality";"Somme";"Lung";"75-89";"Female";"2005";"71.20"
"Mortality";"Somme";"Lung";"75-89";"Female";"2006";"53.31"
"Mortality";"Somme";"Lung";"75-89";"Female";"2007";"77.96"
"Mortality";"Somme";"Lung";"75-89";"Female";"2008";"69.34"
"Mortality";"Somme";"Lung";"75-89";"Female";"2009";"75.06"
"Mortality";"Somme";"Lung";"75-89";"Female";"2010";"60.30"
"Mortality";"Somme";"Lung";"75-89";"Female";"2011";"70.94"
"Mortality";"Somme";"Lung";"75-89";"Female";"2012";"99.32"
"Mortality";"Somme";"Lung";"75-89";"Female";"2013";"78.49"
"Mortality";"Tarn";"Lung";"75-89";"Female";"2000";"57.46"
"Mortality";"Tarn";"Lung";"75-89";"Female";"2001";"35.22"
"Mortality";"Tarn";"Lung";"75-89";"Female";"2002";"72.89"
"Mortality";"Tarn";"Lung";"75-89";"Female";"2003";"61.07"
"Mortality";"Tarn";"Lung";"75-89";"Female";"2004";"40.92"
"Mortality";"Tarn";"Lung";"75-89";"Female";"2005";"39.64"
"Mortality";"Tarn";"Lung";"75-89";"Female";"2006";"55.14"
"Mortality";"Tarn";"Lung";"75-89";"Female";"2007";"53.06"
"Mortality";"Tarn";"Lung";"75-89";"Female";"2008";"87.57"
"Mortality";"Tarn";"Lung";"75-89";"Female";"2009";"78.56"
"Mortality";"Tarn";"Lung";"75-89";"Female";"2010";"42.90"
"Mortality";"Tarn";"Lung";"75-89";"Female";"2011";"50.91"
"Mortality";"Tarn";"Lung";"75-89";"Female";"2012";"110.30"
"Mortality";"Tarn";"Lung";"75-89";"Female";"2013";"83.39"
"Mortality";"Calvados";"Lung";"75-89";"Female";"2000";"57.19"
"Mortality";"Calvados";"Lung";"75-89";"Female";"2001";"58.90"
"Mortality";"Calvados";"Lung";"75-89";"Female";"2002";"32.07"
"Mortality";"Calvados";"Lung";"75-89";"Female";"2003";"34.58"
"Mortality";"Calvados";"Lung";"75-89";"Female";"2004";"60.28"
"Mortality";"Calvados";"Lung";"75-89";"Female";"2005";"41.95"
"Mortality";"Calvados";"Lung";"75-89";"Female";"2006";"65.19"
"Mortality";"Calvados";"Lung";"75-89";"Female";"2007";"56.67"
"Mortality";"Calvados";"Lung";"75-89";"Female";"2008";"51.67"
"Mortality";"Calvados";"Lung";"75-89";"Female";"2009";"58.66"
"Mortality";"Calvados";"Lung";"75-89";"Female";"2010";"91.03"
"Mortality";"Calvados";"Lung";"75-89";"Female";"2011";"88.20"
"Mortality";"Calvados";"Lung";"75-89";"Female";"2012";"82.57"
"Mortality";"Calvados";"Lung";"75-89";"Female";"2013";"71.32"
"Mortality";"Herault";"Lung";"75-89";"Female";"2000";"41.18"
"Mortality";"Herault";"Lung";"75-89";"Female";"2001";"49.32"
"Mortality";"Herault";"Lung";"75-89";"Female";"2002";"50.19"
"Mortality";"Herault";"Lung";"75-89";"Female";"2003";"61.99"
"Mortality";"Herault";"Lung";"75-89";"Female";"2004";"64.34"
"Mortality";"Herault";"Lung";"75-89";"Female";"2005";"66.57"
"Mortality";"Herault";"Lung";"75-89";"Female";"2006";"82.22"
"Mortality";"Herault";"Lung";"75-89";"Female";"2007";"82.94"
"Mortality";"Herault";"Lung";"75-89";"Female";"2008";"86.31"
"Mortality";"Herault";"Lung";"75-89";"Female";"2009";"95.54"
"Mortality";"Herault";"Lung";"75-89";"Female";"2010";"98.19"
"Mortality";"Herault";"Lung";"75-89";"Female";"2011";"60.05"
"Mortality";"Herault";"Lung";"75-89";"Female";"2012";"76.53"
"Mortality";"Herault";"Lung";"75-89";"Female";"2013";"87.23"
"Mortality";"Bas-Rhin";"Lung";"75-89";"Female";"2000";"78.13"
"Mortality";"Bas-Rhin";"Lung";"75-89";"Female";"2001";"54.95"
"Mortality";"Bas-Rhin";"Lung";"75-89";"Female";"2002";"71.49"
"Mortality";"Bas-Rhin";"Lung";"75-89";"Female";"2003";"89.75"
"Mortality";"Bas-Rhin";"Lung";"75-89";"Female";"2004";"75.48"
"Mortality";"Bas-Rhin";"Lung";"75-89";"Female";"2005";"89.07"
"Mortality";"Bas-Rhin";"Lung";"75-89";"Female";"2006";"64.88"
"Mortality";"Bas-Rhin";"Lung";"75-89";"Female";"2007";"88.31"
"Mortality";"Bas-Rhin";"Lung";"75-89";"Female";"2008";"73.12"
"Mortality";"Bas-Rhin";"Lung";"75-89";"Female";"2009";"108.69"
"Mortality";"Bas-Rhin";"Lung";"75-89";"Female";"2010";"75.26"
"Mortality";"Bas-Rhin";"Lung";"75-89";"Female";"2011";"89.02"
"Mortality";"Bas-Rhin";"Lung";"75-89";"Female";"2012";"86.31"
"Mortality";"Bas-Rhin";"Lung";"75-89";"Female";"2013";"85.60"
"Mortality";"Somme";"Lung";"75-89";"Male";"2000";"353.93"
"Mortality";"Somme";"Lung";"75-89";"Male";"2001";"427.74"
"Mortality";"Somme";"Lung";"75-89";"Male";"2002";"393.26"
"Mortality";"Somme";"Lung";"75-89";"Male";"2003";"327.57"
"Mortality";"Somme";"Lung";"75-89";"Male";"2004";"371.85"
"Mortality";"Somme";"Lung";"75-89";"Male";"2005";"371.09"
"Mortality";"Somme";"Lung";"75-89";"Male";"2006";"524.57"
"Mortality";"Somme";"Lung";"75-89";"Male";"2007";"415.95"
"Mortality";"Somme";"Lung";"75-89";"Male";"2008";"462.27"
"Mortality";"Somme";"Lung";"75-89";"Male";"2009";"456.31"
"Mortality";"Somme";"Lung";"75-89";"Male";"2010";"423.70"
"Mortality";"Somme";"Lung";"75-89";"Male";"2011";"442.52"
"Mortality";"Somme";"Lung";"75-89";"Male";"2012";"410.36"
"Mortality";"Somme";"Lung";"75-89";"Male";"2013";"323.03"
"Mortality";"Manche";"Lung";"75-89";"Male";"2000";"209.62"
"Mortality";"Manche";"Lung";"75-89";"Male";"2001";"345.09"
"Mortality";"Manche";"Lung";"75-89";"Male";"2002";"317.11"
"Mortality";"Manche";"Lung";"75-89";"Male";"2003";"387.04"
"Mortality";"Manche";"Lung";"75-89";"Male";"2004";"310.31"
"Mortality";"Manche";"Lung";"75-89";"Male";"2005";"291.24"
"Mortality";"Manche";"Lung";"75-89";"Male";"2006";"284.96"
"Mortality";"Manche";"Lung";"75-89";"Male";"2007";"264.20"
"Mortality";"Manche";"Lung";"75-89";"Male";"2008";"349.71"
"Mortality";"Manche";"Lung";"75-89";"Male";"2009";"345.28"
"Mortality";"Manche";"Lung";"75-89";"Male";"2010";"314.97"
"Mortality";"Manche";"Lung";"75-89";"Male";"2011";"354.48"
"Mortality";"Manche";"Lung";"75-89";"Male";"2012";"314.44"
"Mortality";"Manche";"Lung";"75-89";"Male";"2013";"350.64"
"Mortality";"Doubs";"Lung";"75-89";"Female";"2000";"39.28"
"Mortality";"Doubs";"Lung";"75-89";"Female";"2001";"54.61"
"Mortality";"Doubs";"Lung";"75-89";"Female";"2002";"53.18"
"Mortality";"Doubs";"Lung";"75-89";"Female";"2003";"83.07"
"Mortality";"Doubs";"Lung";"75-89";"Female";"2004";"50.46"
"Mortality";"Doubs";"Lung";"75-89";"Female";"2005";"96.81"
"Mortality";"Doubs";"Lung";"75-89";"Female";"2006";"41.51"
"Mortality";"Doubs";"Lung";"75-89";"Female";"2007";"75.03"
"Mortality";"Doubs";"Lung";"75-89";"Female";"2008";"76.81"
"Mortality";"Doubs";"Lung";"75-89";"Female";"2009";"82.97"
"Mortality";"Doubs";"Lung";"75-89";"Female";"2010";"93.71"
"Mortality";"Doubs";"Lung";"75-89";"Female";"2011";"68.88"
"Mortality";"Doubs";"Lung";"75-89";"Female";"2012";"84.51"
"Mortality";"Doubs";"Lung";"75-89";"Female";"2013";"60.07"
"Mortality";"Tarn";"Lung";"75-89";"Male";"2000";"313.34"
"Mortality";"Tarn";"Lung";"75-89";"Male";"2001";"346.16"
"Mortality";"Tarn";"Lung";"75-89";"Male";"2002";"370.32"
"Mortality";"Tarn";"Lung";"75-89";"Male";"2003";"316.95"
"Mortality";"Tarn";"Lung";"75-89";"Male";"2004";"326.52"
"Mortality";"Tarn";"Lung";"75-89";"Male";"2005";"286.64"
"Mortality";"Tarn";"Lung";"75-89";"Male";"2006";"269.78"
"Mortality";"Tarn";"Lung";"75-89";"Male";"2007";"315.19"
"Mortality";"Tarn";"Lung";"75-89";"Male";"2008";"288.89"
"Mortality";"Tarn";"Lung";"75-89";"Male";"2009";"342.32"
"Mortality";"Tarn";"Lung";"75-89";"Male";"2010";"342.94"
"Mortality";"Tarn";"Lung";"75-89";"Male";"2011";"325.18"
"Mortality";"Tarn";"Lung";"75-89";"Male";"2012";"269.98"
"Mortality";"Tarn";"Lung";"75-89";"Male";"2013";"333.23"
"Mortality";"Loire-Atlantique/Vendée";"Lung";"75-89";"Male";"2000";"350.54"
"Mortality";"Loire-Atlantique/Vendée";"Lung";"75-89";"Male";"2001";"258.45"
"Mortality";"Loire-Atlantique/Vendée";"Lung";"75-89";"Male";"2002";"245.54"
"Mortality";"Loire-Atlantique/Vendée";"Lung";"75-89";"Male";"2003";"262.24"
"Mortality";"Loire-Atlantique/Vendée";"Lung";"75-89";"Male";"2004";"257.31"
"Mortality";"Loire-Atlantique/Vendée";"Lung";"75-89";"Male";"2005";"251.72"
"Mortality";"Loire-Atlantique/Vendée";"Lung";"75-89";"Male";"2006";"272.10"
"Mortality";"Loire-Atlantique/Vendée";"Lung";"75-89";"Male";"2007";"286.09"
"Mortality";"Loire-Atlantique/Vendée";"Lung";"75-89";"Male";"2008";"275.43"
"Mortality";"Loire-Atlantique/Vendée";"Lung";"75-89";"Male";"2009";"313.77"
"Mortality";"Loire-Atlantique/Vendée";"Lung";"75-89";"Male";"2010";"274.38"
"Mortality";"Loire-Atlantique/Vendée";"Lung";"75-89";"Male";"2011";"256.46"
"Mortality";"Loire-Atlantique/Vendée";"Lung";"75-89";"Male";"2012";"253.30"
"Mortality";"Loire-Atlantique/Vendée";"Lung";"75-89";"Male";"2013";"255.77"
"Mortality";"Manche";"Lung";"90-95+";"Female";"2000";"0.00"
"Mortality";"Manche";"Lung";"90-95+";"Female";"2001";"104.35"
"Mortality";"Manche";"Lung";"90-95+";"Female";"2002";"33.05"
"Mortality";"Manche";"Lung";"90-95+";"Female";"2003";"156.54"
"Mortality";"Manche";"Lung";"90-95+";"Female";"2004";"29.96"
"Mortality";"Manche";"Lung";"90-95+";"Female";"2005";"29.81"
"Mortality";"Manche";"Lung";"90-95+";"Female";"2006";"0.00"
"Mortality";"Manche";"Lung";"90-95+";"Female";"2007";"131.26"
"Mortality";"Manche";"Lung";"90-95+";"Female";"2008";"100.32"
"Mortality";"Manche";"Lung";"90-95+";"Female";"2009";"0.00"
"Mortality";"Manche";"Lung";"90-95+";"Female";"2010";"30.37"
"Mortality";"Manche";"Lung";"90-95+";"Female";"2011";"78.40"
"Mortality";"Manche";"Lung";"90-95+";"Female";"2012";"94.70"
"Mortality";"Manche";"Lung";"90-95+";"Female";"2013";"43.93"
"Mortality";"Loire-Atlantique/Vendée";"Lung";"90-95+";"Male";"2000";"287.47"
"Mortality";"Loire-Atlantique/Vendée";"Lung";"90-95+";"Male";"2001";"119.47"
"Mortality";"Loire-Atlantique/Vendée";"Lung";"90-95+";"Male";"2002";"305.87"
"Mortality";"Loire-Atlantique/Vendée";"Lung";"90-95+";"Male";"2003";"215.13"
"Mortality";"Loire-Atlantique/Vendée";"Lung";"90-95+";"Male";"2004";"303.64"
"Mortality";"Loire-Atlantique/Vendée";"Lung";"90-95+";"Male";"2005";"130.85"
"Mortality";"Loire-Atlantique/Vendée";"Lung";"90-95+";"Male";"2006";"208.41"
"Mortality";"Loire-Atlantique/Vendée";"Lung";"90-95+";"Male";"2007";"387.00"
"Mortality";"Loire-Atlantique/Vendée";"Lung";"90-95+";"Male";"2008";"240.00"
"Mortality";"Loire-Atlantique/Vendée";"Lung";"90-95+";"Male";"2009";"344.10"
"Mortality";"Loire-Atlantique/Vendée";"Lung";"90-95+";"Male";"2010";"254.01"
"Mortality";"Loire-Atlantique/Vendée";"Lung";"90-95+";"Male";"2011";"258.43"
"Mortality";"Loire-Atlantique/Vendée";"Lung";"90-95+";"Male";"2012";"113.87"
"Mortality";"Loire-Atlantique/Vendée";"Lung";"90-95+";"Male";"2013";"304.72"
"Mortality";"Calvados";"Lung";"90-95+";"Female";"2000";"0.00"
"Mortality";"Calvados";"Lung";"90-95+";"Female";"2001";"29.43"
"Mortality";"Calvados";"Lung";"90-95+";"Female";"2002";"85.19"
"Mortality";"Calvados";"Lung";"90-95+";"Female";"2003";"81.79"
"Mortality";"Calvados";"Lung";"90-95+";"Female";"2004";"78.83"
"Mortality";"Calvados";"Lung";"90-95+";"Female";"2005";"51.87"
"Mortality";"Calvados";"Lung";"90-95+";"Female";"2006";"133.67"
"Mortality";"Calvados";"Lung";"90-95+";"Female";"2007";"83.51"
"Mortality";"Calvados";"Lung";"90-95+";"Female";"2008";"27.98"
"Mortality";"Calvados";"Lung";"90-95+";"Female";"2009";"108.47"
"Mortality";"Calvados";"Lung";"90-95+";"Female";"2010";"74.27"
"Mortality";"Calvados";"Lung";"90-95+";"Female";"2011";"43.29"
"Mortality";"Calvados";"Lung";"90-95+";"Female";"2012";"79.22"
"Mortality";"Calvados";"Lung";"90-95+";"Female";"2013";"92.31"
"Mortality";"Calvados";"Lung";"90-95+";"Male";"2000";"221.85"
"Mortality";"Calvados";"Lung";"90-95+";"Male";"2001";"203.05"
"Mortality";"Calvados";"Lung";"90-95+";"Male";"2002";"184.93"
"Mortality";"Calvados";"Lung";"90-95+";"Male";"2003";"84.25"
"Mortality";"Calvados";"Lung";"90-95+";"Male";"2004";"226.93"
"Mortality";"Calvados";"Lung";"90-95+";"Male";"2005";"319.87"
"Mortality";"Calvados";"Lung";"90-95+";"Male";"2006";"374.71"
"Mortality";"Calvados";"Lung";"90-95+";"Male";"2007";"201.31"
"Mortality";"Calvados";"Lung";"90-95+";"Male";"2008";"312.66"
"Mortality";"Calvados";"Lung";"90-95+";"Male";"2009";"294.55"
"Mortality";"Calvados";"Lung";"90-95+";"Male";"2010";"85.22"
"Mortality";"Calvados";"Lung";"90-95+";"Male";"2011";"359.84"
"Mortality";"Calvados";"Lung";"90-95+";"Male";"2012";"447.71"
"Mortality";"Calvados";"Lung";"90-95+";"Male";"2013";"290.44"
"Mortality";"Herault";"Lung";"90-95+";"Female";"2000";"115.46"
"Mortality";"Herault";"Lung";"90-95+";"Female";"2001";"55.18"
"Mortality";"Herault";"Lung";"90-95+";"Female";"2002";"71.24"
"Mortality";"Herault";"Lung";"90-95+";"Female";"2003";"52.48"
"Mortality";"Herault";"Lung";"90-95+";"Female";"2004";"101.78"
"Mortality";"Herault";"Lung";"90-95+";"Female";"2005";"66.65"
"Mortality";"Herault";"Lung";"90-95+";"Female";"2006";"101.57"
"Mortality";"Herault";"Lung";"90-95+";"Female";"2007";"51.73"
"Mortality";"Herault";"Lung";"90-95+";"Female";"2008";"170.60"
"Mortality";"Herault";"Lung";"90-95+";"Female";"2009";"98.97"
"Mortality";"Herault";"Lung";"90-95+";"Female";"2010";"182.19"
"Mortality";"Herault";"Lung";"90-95+";"Female";"2011";"53.75"
"Mortality";"Herault";"Lung";"90-95+";"Female";"2012";"109.35"
"Mortality";"Herault";"Lung";"90-95+";"Female";"2013";"101.71"
"Mortality";"Haut-Rhin";"Lung";"90-95+";"Female";"2000";"32.32"
"Mortality";"Haut-Rhin";"Lung";"90-95+";"Female";"2001";"127.98"
"Mortality";"Haut-Rhin";"Lung";"90-95+";"Female";"2002";"64.04"
"Mortality";"Haut-Rhin";"Lung";"90-95+";"Female";"2003";"130.04"
"Mortality";"Haut-Rhin";"Lung";"90-95+";"Female";"2004";"65.74"
"Mortality";"Haut-Rhin";"Lung";"90-95+";"Female";"2005";"159.18"
"Mortality";"Haut-Rhin";"Lung";"90-95+";"Female";"2006";"64.57"
"Mortality";"Haut-Rhin";"Lung";"90-95+";"Female";"2007";"34.09"
"Mortality";"Haut-Rhin";"Lung";"90-95+";"Female";"2008";"0.00"
"Mortality";"Haut-Rhin";"Lung";"90-95+";"Female";"2009";"38.28"
"Mortality";"Haut-Rhin";"Lung";"90-95+";"Female";"2010";"0.00"
"Mortality";"Haut-Rhin";"Lung";"90-95+";"Female";"2011";"168.00"
"Mortality";"Haut-Rhin";"Lung";"90-95+";"Female";"2012";"24.49"
"Mortality";"Haut-Rhin";"Lung";"90-95+";"Female";"2013";"45.42"
"Mortality";"Herault";"Lung";"90-95+";"Male";"2000";"235.64"
"Mortality";"Herault";"Lung";"90-95+";"Male";"2001";"578.54"
"Mortality";"Herault";"Lung";"90-95+";"Male";"2002";"224.22"
"Mortality";"Herault";"Lung";"90-95+";"Male";"2003";"269.98"
"Mortality";"Herault";"Lung";"90-95+";"Male";"2004";"421.39"
"Mortality";"Herault";"Lung";"90-95+";"Male";"2005";"446.87"
"Mortality";"Herault";"Lung";"90-95+";"Male";"2006";"244.68"
"Mortality";"Herault";"Lung";"90-95+";"Male";"2007";"323.45"
"Mortality";"Herault";"Lung";"90-95+";"Male";"2008";"390.84"
"Mortality";"Herault";"Lung";"90-95+";"Male";"2009";"311.61"
"Mortality";"Herault";"Lung";"90-95+";"Male";"2010";"359.63"
"Mortality";"Herault";"Lung";"90-95+";"Male";"2011";"462.61"
"Mortality";"Herault";"Lung";"90-95+";"Male";"2012";"207.61"
"Mortality";"Herault";"Lung";"90-95+";"Male";"2013";"472.44"
"Mortality";"Haut-Rhin";"Lung";"90-95+";"Male";"2000";"125.08"
"Mortality";"Haut-Rhin";"Lung";"90-95+";"Male";"2001";"124.53"
"Mortality";"Haut-Rhin";"Lung";"90-95+";"Male";"2002";"1005.66"
"Mortality";"Haut-Rhin";"Lung";"90-95+";"Male";"2003";"255.43"
"Mortality";"Haut-Rhin";"Lung";"90-95+";"Male";"2004";"251.73"
"Mortality";"Haut-Rhin";"Lung";"90-95+";"Male";"2005";"479.62"
"Mortality";"Haut-Rhin";"Lung";"90-95+";"Male";"2006";"360.36"
"Mortality";"Haut-Rhin";"Lung";"90-95+";"Male";"2007";"386.10"
"Mortality";"Haut-Rhin";"Lung";"90-95+";"Male";"2008";"418.41"
"Mortality";"Haut-Rhin";"Lung";"90-95+";"Male";"2009";"135.87"
"Mortality";"Haut-Rhin";"Lung";"90-95+";"Male";"2010";"433.13"
"Mortality";"Haut-Rhin";"Lung";"90-95+";"Male";"2011";"531.91"
"Mortality";"Haut-Rhin";"Lung";"90-95+";"Male";"2012";"393.08"
"Mortality";"Haut-Rhin";"Lung";"90-95+";"Male";"2013";"280.90"
"Mortality";"Somme";"Lung";"90-95+";"Male";"2000";"208.66"
"Mortality";"Somme";"Lung";"90-95+";"Male";"2001";"195.89"
"Mortality";"Somme";"Lung";"90-95+";"Male";"2002";"279.07"
"Mortality";"Somme";"Lung";"90-95+";"Male";"2003";"266.90"
"Mortality";"Somme";"Lung";"90-95+";"Male";"2004";"251.36"
"Mortality";"Somme";"Lung";"90-95+";"Male";"2005";"187.18"
"Mortality";"Somme";"Lung";"90-95+";"Male";"2006";"347.02"
"Mortality";"Somme";"Lung";"90-95+";"Male";"2007";"0.00"
"Mortality";"Somme";"Lung";"90-95+";"Male";"2008";"408.44"
"Mortality";"Somme";"Lung";"90-95+";"Male";"2009";"412.65"
"Mortality";"Somme";"Lung";"90-95+";"Male";"2010";"485.14"
"Mortality";"Somme";"Lung";"90-95+";"Male";"2011";"384.62"
"Mortality";"Somme";"Lung";"90-95+";"Male";"2012";"165.56"
"Mortality";"Somme";"Lung";"90-95+";"Male";"2013";"382.56"
"Mortality";"Isere";"Lung";"90-95+";"Male";"2000";"237.62"
"Mortality";"Isere";"Lung";"90-95+";"Male";"2001";"767.46"
"Mortality";"Isere";"Lung";"90-95+";"Male";"2002";"378.93"
"Mortality";"Isere";"Lung";"90-95+";"Male";"2003";"368.19"
"Mortality";"Isere";"Lung";"90-95+";"Male";"2004";"510.39"
"Mortality";"Isere";"Lung";"90-95+";"Male";"2005";"194.36"
"Mortality";"Isere";"Lung";"90-95+";"Male";"2006";"366.41"
"Mortality";"Isere";"Lung";"90-95+";"Male";"2007";"262.81"
"Mortality";"Isere";"Lung";"90-95+";"Male";"2008";"138.22"
"Mortality";"Isere";"Lung";"90-95+";"Male";"2009";"264.46"
"Mortality";"Isere";"Lung";"90-95+";"Male";"2010";"560.54"
"Mortality";"Isere";"Lung";"90-95+";"Male";"2011";"549.45"
"Mortality";"Isere";"Lung";"90-95+";"Male";"2012";"357.50"
"Mortality";"Isere";"Lung";"90-95+";"Male";"2013";"440.37"
"Mortality";"Gironde";"Lung";"90-95+";"Female";"2000";"36.99"
"Mortality";"Gironde";"Lung";"90-95+";"Female";"2001";"72.25"
"Mortality";"Gironde";"Lung";"90-95+";"Female";"2002";"58.57"
"Mortality";"Gironde";"Lung";"90-95+";"Female";"2003";"11.48"
"Mortality";"Gironde";"Lung";"90-95+";"Female";"2004";"22.44"
"Mortality";"Gironde";"Lung";"90-95+";"Female";"2005";"66.03"
"Mortality";"Gironde";"Lung";"90-95+";"Female";"2006";"45.12"
"Mortality";"Gironde";"Lung";"90-95+";"Female";"2007";"35.35"
"Mortality";"Gironde";"Lung";"90-95+";"Female";"2008";"85.10"
"Mortality";"Gironde";"Lung";"90-95+";"Female";"2009";"112.02"
"Mortality";"Gironde";"Lung";"90-95+";"Female";"2010";"102.80"
"Mortality";"Gironde";"Lung";"90-95+";"Female";"2011";"156.96"
"Mortality";"Gironde";"Lung";"90-95+";"Female";"2012";"62.46"
"Mortality";"Gironde";"Lung";"90-95+";"Female";"2013";"33.38"
"Mortality";"Tarn";"Lung";"90-95+";"Female";"2000";"35.40"
"Mortality";"Tarn";"Lung";"90-95+";"Female";"2001";"0.00"
"Mortality";"Tarn";"Lung";"90-95+";"Female";"2002";"0.00"
"Mortality";"Tarn";"Lung";"90-95+";"Female";"2003";"66.16"
"Mortality";"Tarn";"Lung";"90-95+";"Female";"2004";"32.21"
"Mortality";"Tarn";"Lung";"90-95+";"Female";"2005";"30.97"
"Mortality";"Tarn";"Lung";"90-95+";"Female";"2006";"64.96"
"Mortality";"Tarn";"Lung";"90-95+";"Female";"2007";"183.28"
"Mortality";"Tarn";"Lung";"90-95+";"Female";"2008";"77.73"
"Mortality";"Tarn";"Lung";"90-95+";"Female";"2009";"79.22"
"Mortality";"Tarn";"Lung";"90-95+";"Female";"2010";"0.00"
"Mortality";"Tarn";"Lung";"90-95+";"Female";"2011";"90.53"
"Mortality";"Tarn";"Lung";"90-95+";"Female";"2012";"82.62"
"Mortality";"Tarn";"Lung";"90-95+";"Female";"2013";"76.52"
"Mortality";"Doubs";"Lung";"90-95+";"Male";"2000";"586.08"
"Mortality";"Doubs";"Lung";"90-95+";"Male";"2001";"421.64"
"Mortality";"Doubs";"Lung";"90-95+";"Male";"2002";"403.50"
"Mortality";"Doubs";"Lung";"90-95+";"Male";"2003";"262.98"
"Mortality";"Doubs";"Lung";"90-95+";"Male";"2004";"259.57"
"Mortality";"Doubs";"Lung";"90-95+";"Male";"2005";"0.00"
"Mortality";"Doubs";"Lung";"90-95+";"Male";"2006";"0.00"
"Mortality";"Doubs";"Lung";"90-95+";"Male";"2007";"0.00"
"Mortality";"Doubs";"Lung";"90-95+";"Male";"2008";"140.35"
"Mortality";"Doubs";"Lung";"90-95+";"Male";"2009";"261.27"
"Mortality";"Doubs";"Lung";"90-95+";"Male";"2010";"229.23"
"Mortality";"Doubs";"Lung";"90-95+";"Male";"2011";"600.90"
"Mortality";"Doubs";"Lung";"90-95+";"Male";"2012";"898.88"
"Mortality";"Doubs";"Lung";"90-95+";"Male";"2013";"418.41"
"Mortality";"Bas-Rhin";"Lung";"90-95+";"Male";"2000";"376.29"
"Mortality";"Bas-Rhin";"Lung";"90-95+";"Male";"2001";"369.52"
"Mortality";"Bas-Rhin";"Lung";"90-95+";"Male";"2002";"362.81"
"Mortality";"Bas-Rhin";"Lung";"90-95+";"Male";"2003";"529.80"
"Mortality";"Bas-Rhin";"Lung";"90-95+";"Male";"2004";"590.47"
"Mortality";"Bas-Rhin";"Lung";"90-95+";"Male";"2005";"327.33"
"Mortality";"Bas-Rhin";"Lung";"90-95+";"Male";"2006";"398.09"
"Mortality";"Bas-Rhin";"Lung";"90-95+";"Male";"2007";"258.06"
"Mortality";"Bas-Rhin";"Lung";"90-95+";"Male";"2008";"481.93"
"Mortality";"Bas-Rhin";"Lung";"90-95+";"Male";"2009";"369.86"
"Mortality";"Bas-Rhin";"Lung";"90-95+";"Male";"2010";"239.71"
"Mortality";"Bas-Rhin";"Lung";"90-95+";"Male";"2011";"384.74"
"Mortality";"Bas-Rhin";"Lung";"90-95+";"Male";"2012";"612.30"
"Mortality";"Bas-Rhin";"Lung";"90-95+";"Male";"2013";"523.83"
"Mortality";"Somme";"Lung";"90-95+";"Female";"2000";"102.83"
"Mortality";"Somme";"Lung";"90-95+";"Female";"2001";"65.55"
"Mortality";"Somme";"Lung";"90-95+";"Female";"2002";"63.33"
"Mortality";"Somme";"Lung";"90-95+";"Female";"2003";"30.80"
"Mortality";"Somme";"Lung";"90-95+";"Female";"2004";"30.07"
"Mortality";"Somme";"Lung";"90-95+";"Female";"2005";"31.75"
"Mortality";"Somme";"Lung";"90-95+";"Female";"2006";"173.82"
"Mortality";"Somme";"Lung";"90-95+";"Female";"2007";"36.18"
"Mortality";"Somme";"Lung";"90-95+";"Female";"2008";"38.60"
"Mortality";"Somme";"Lung";"90-95+";"Female";"2009";"160.67"
"Mortality";"Somme";"Lung";"90-95+";"Female";"2010";"113.36"
"Mortality";"Somme";"Lung";"90-95+";"Female";"2011";"32.04"
"Mortality";"Somme";"Lung";"90-95+";"Female";"2012";"84.75"
"Mortality";"Somme";"Lung";"90-95+";"Female";"2013";"80.31"
"Mortality";"Gironde";"Lung";"90-95+";"Male";"2000";"185.10"
"Mortality";"Gironde";"Lung";"90-95+";"Male";"2001";"269.48"
"Mortality";"Gironde";"Lung";"90-95+";"Male";"2002";"481.08"
"Mortality";"Gironde";"Lung";"90-95+";"Male";"2003";"346.25"
"Mortality";"Gironde";"Lung";"90-95+";"Male";"2004";"384.29"
"Mortality";"Gironde";"Lung";"90-95+";"Male";"2005";"241.55"
"Mortality";"Gironde";"Lung";"90-95+";"Male";"2006";"242.23"
"Mortality";"Gironde";"Lung";"90-95+";"Male";"2007";"474.04"
"Mortality";"Gironde";"Lung";"90-95+";"Male";"2008";"129.25"
"Mortality";"Gironde";"Lung";"90-95+";"Male";"2009";"169.13"
"Mortality";"Gironde";"Lung";"90-95+";"Male";"2010";"266.82"
"Mortality";"Gironde";"Lung";"90-95+";"Male";"2011";"250.20"
"Mortality";"Gironde";"Lung";"90-95+";"Male";"2012";"295.42"
"Mortality";"Gironde";"Lung";"90-95+";"Male";"2013";"313.40"
"Mortality";"Bas-Rhin";"Lung";"90-95+";"Female";"2000";"47.24"
"Mortality";"Bas-Rhin";"Lung";"90-95+";"Female";"2001";"69.78"
"Mortality";"Bas-Rhin";"Lung";"90-95+";"Female";"2002";"157.96"
"Mortality";"Bas-Rhin";"Lung";"90-95+";"Female";"2003";"110.98"
"Mortality";"Bas-Rhin";"Lung";"90-95+";"Female";"2004";"108.08"
"Mortality";"Bas-Rhin";"Lung";"90-95+";"Female";"2005";"124.44"
"Mortality";"Bas-Rhin";"Lung";"90-95+";"Female";"2006";"126.28"
"Mortality";"Bas-Rhin";"Lung";"90-95+";"Female";"2007";"91.50"
"Mortality";"Bas-Rhin";"Lung";"90-95+";"Female";"2008";"100.90"
"Mortality";"Bas-Rhin";"Lung";"90-95+";"Female";"2009";"77.47"
"Mortality";"Bas-Rhin";"Lung";"90-95+";"Female";"2010";"91.11"
"Mortality";"Bas-Rhin";"Lung";"90-95+";"Female";"2011";"37.70"
"Mortality";"Bas-Rhin";"Lung";"90-95+";"Female";"2012";"50.65"
"Mortality";"Bas-Rhin";"Lung";"90-95+";"Female";"2013";"111.55"
"Mortality";"Isere";"Lung";"90-95+";"Female";"2000";"41.02"
"Mortality";"Isere";"Lung";"90-95+";"Female";"2001";"60.14"
"Mortality";"Isere";"Lung";"90-95+";"Female";"2002";"98.33"
"Mortality";"Isere";"Lung";"90-95+";"Female";"2003";"38.59"
"Mortality";"Isere";"Lung";"90-95+";"Female";"2004";"56.79"
"Mortality";"Isere";"Lung";"90-95+";"Female";"2005";"18.23"
"Mortality";"Isere";"Lung";"90-95+";"Female";"2006";"18.48"
"Mortality";"Isere";"Lung";"90-95+";"Female";"2007";"58.68"
"Mortality";"Isere";"Lung";"90-95+";"Female";"2008";"120.97"
"Mortality";"Isere";"Lung";"90-95+";"Female";"2009";"61.54"
"Mortality";"Isere";"Lung";"90-95+";"Female";"2010";"56.86"
"Mortality";"Isere";"Lung";"90-95+";"Female";"2011";"66.43"
"Mortality";"Isere";"Lung";"90-95+";"Female";"2012";"119.20"
"Mortality";"Isere";"Lung";"90-95+";"Female";"2013";"54.17"
"Mortality";"Manche";"Lung";"90-95+";"Male";"2000";"298.95"
"Mortality";"Manche";"Lung";"90-95+";"Male";"2001";"408.16"
"Mortality";"Manche";"Lung";"90-95+";"Male";"2002";"125.55"
"Mortality";"Manche";"Lung";"90-95+";"Male";"2003";"474.21"
"Mortality";"Manche";"Lung";"90-95+";"Male";"2004";"112.49"
"Mortality";"Manche";"Lung";"90-95+";"Male";"2005";"219.66"
"Mortality";"Manche";"Lung";"90-95+";"Male";"2006";"0.00"
"Mortality";"Manche";"Lung";"90-95+";"Male";"2007";"721.15"
"Mortality";"Manche";"Lung";"90-95+";"Male";"2008";"0.00"
"Mortality";"Manche";"Lung";"90-95+";"Male";"2009";"229.62"
"Mortality";"Manche";"Lung";"90-95+";"Male";"2010";"403.43"
"Mortality";"Manche";"Lung";"90-95+";"Male";"2011";"339.27"
"Mortality";"Manche";"Lung";"90-95+";"Male";"2012";"677.97"
"Mortality";"Manche";"Lung";"90-95+";"Male";"2013";"265.78"
"Mortality";"Tarn";"Lung";"90-95+";"Male";"2000";"944.39"
"Mortality";"Tarn";"Lung";"90-95+";"Male";"2001";"643.09"
"Mortality";"Tarn";"Lung";"90-95+";"Male";"2002";"653.24"
"Mortality";"Tarn";"Lung";"90-95+";"Male";"2003";"110.31"
"Mortality";"Tarn";"Lung";"90-95+";"Male";"2004";"564.65"
"Mortality";"Tarn";"Lung";"90-95+";"Male";"2005";"808.90"
"Mortality";"Tarn";"Lung";"90-95+";"Male";"2006";"193.52"
"Mortality";"Tarn";"Lung";"90-95+";"Male";"2007";"218.34"
"Mortality";"Tarn";"Lung";"90-95+";"Male";"2008";"343.05"
"Mortality";"Tarn";"Lung";"90-95+";"Male";"2009";"558.97"
"Mortality";"Tarn";"Lung";"90-95+";"Male";"2010";"0.00"
"Mortality";"Tarn";"Lung";"90-95+";"Male";"2011";"297.73"
"Mortality";"Tarn";"Lung";"90-95+";"Male";"2012";"133.60"
"Mortality";"Tarn";"Lung";"90-95+";"Male";"2013";"242.50"
"Mortality";"Doubs";"Lung";"90-95+";"Female";"2000";"87.89"
"Mortality";"Doubs";"Lung";"90-95+";"Female";"2001";"42.82"
"Mortality";"Doubs";"Lung";"90-95+";"Female";"2002";"40.99"
"Mortality";"Doubs";"Lung";"90-95+";"Female";"2003";"0.00"
"Mortality";"Doubs";"Lung";"90-95+";"Female";"2004";"39.07"
"Mortality";"Doubs";"Lung";"90-95+";"Female";"2005";"115.65"
"Mortality";"Doubs";"Lung";"90-95+";"Female";"2006";"39.76"
"Mortality";"Doubs";"Lung";"90-95+";"Female";"2007";"84.71"
"Mortality";"Doubs";"Lung";"90-95+";"Female";"2008";"43.95"
"Mortality";"Doubs";"Lung";"90-95+";"Female";"2009";"85.80"
"Mortality";"Doubs";"Lung";"90-95+";"Female";"2010";"77.10"
"Mortality";"Doubs";"Lung";"90-95+";"Female";"2011";"68.93"
"Mortality";"Doubs";"Lung";"90-95+";"Female";"2012";"95.36"
"Mortality";"Doubs";"Lung";"90-95+";"Female";"2013";"87.27"
"Mortality";"Loire-Atlantique/Vendée";"Lung";"90-95+";"Female";"2000";"32.58"
"Mortality";"Loire-Atlantique/Vendée";"Lung";"90-95+";"Female";"2001";"10.45"
"Mortality";"Loire-Atlantique/Vendée";"Lung";"90-95+";"Female";"2002";"59.90"
"Mortality";"Loire-Atlantique/Vendée";"Lung";"90-95+";"Female";"2003";"67.48"
"Mortality";"Loire-Atlantique/Vendée";"Lung";"90-95+";"Female";"2004";"83.45"
"Mortality";"Loire-Atlantique/Vendée";"Lung";"90-95+";"Female";"2005";"27.05"
"Mortality";"Loire-Atlantique/Vendée";"Lung";"90-95+";"Female";"2006";"46.92"
"Mortality";"Loire-Atlantique/Vendée";"Lung";"90-95+";"Female";"2007";"103.34"
"Mortality";"Loire-Atlantique/Vendée";"Lung";"90-95+";"Female";"2008";"32.62"
"Mortality";"Loire-Atlantique/Vendée";"Lung";"90-95+";"Female";"2009";"31.97"
"Mortality";"Loire-Atlantique/Vendée";"Lung";"90-95+";"Female";"2010";"86.97"
"Mortality";"Loire-Atlantique/Vendée";"Lung";"90-95+";"Female";"2011";"74.83"
"Mortality";"Loire-Atlantique/Vendée";"Lung";"90-95+";"Female";"2012";"30.05"
"Mortality";"Loire-Atlantique/Vendée";"Lung";"90-95+";"Female";"2013";"41.65"
"Mortality";"Belfort";"Lung";"0-14";"Male";"2007";"0.00"
"Mortality";"Belfort";"Lung";"0-14";"Male";"2008";"0.00"
"Mortality";"Belfort";"Lung";"0-14";"Male";"2009";"0.00"
"Mortality";"Belfort";"Lung";"0-14";"Male";"2010";"0.00"
"Mortality";"Belfort";"Lung";"0-14";"Male";"2011";"0.00"
"Mortality";"Belfort";"Lung";"0-14";"Male";"2012";"0.00"
"Mortality";"Belfort";"Lung";"0-14";"Female";"2007";"0.00"
"Mortality";"Belfort";"Lung";"0-14";"Female";"2008";"0.00"
"Mortality";"Belfort";"Lung";"0-14";"Female";"2009";"0.00"
"Mortality";"Belfort";"Lung";"0-14";"Female";"2010";"0.00"
"Mortality";"Belfort";"Lung";"0-14";"Female";"2011";"0.00"
"Mortality";"Belfort";"Lung";"0-14";"Female";"2012";"0.00"
"Incidence";"Belfort";"Lung";"0-14";"Male";"2007";"0.00"
"Incidence";"Belfort";"Lung";"0-14";"Male";"2008";"0.00"
"Incidence";"Belfort";"Lung";"0-14";"Male";"2009";"0.00"
"Incidence";"Belfort";"Lung";"0-14";"Male";"2010";"0.00"
"Incidence";"Belfort";"Lung";"0-14";"Male";"2011";"0.00"
"Incidence";"Belfort";"Lung";"0-14";"Male";"2012";"0.00"
"Incidence";"Belfort";"Lung";"0-14";"Female";"2007";"0.00"
"Incidence";"Belfort";"Lung";"0-14";"Female";"2008";"0.00"
"Incidence";"Belfort";"Lung";"0-14";"Female";"2009";"0.00"
"Incidence";"Belfort";"Lung";"0-14";"Female";"2010";"0.00"
"Incidence";"Belfort";"Lung";"0-14";"Female";"2011";"0.00"
"Incidence";"Belfort";"Lung";"0-14";"Female";"2012";"0.00"
"Mortality";"Belfort";"Lung";"15-29";"Male";"2007";"0.00"
"Mortality";"Belfort";"Lung";"15-29";"Male";"2008";"0.00"
"Mortality";"Belfort";"Lung";"15-29";"Male";"2009";"0.00"
"Mortality";"Belfort";"Lung";"15-29";"Male";"2010";"0.00"
"Mortality";"Belfort";"Lung";"15-29";"Male";"2011";"0.00"
"Mortality";"Belfort";"Lung";"15-29";"Male";"2012";"0.00"
"Mortality";"Belfort";"Lung";"15-29";"Female";"2007";"0.00"
"Mortality";"Belfort";"Lung";"15-29";"Female";"2008";"0.00"
"Mortality";"Belfort";"Lung";"15-29";"Female";"2009";"0.00"
"Mortality";"Belfort";"Lung";"15-29";"Female";"2010";"0.00"
"Mortality";"Belfort";"Lung";"15-29";"Female";"2011";"0.00"
"Mortality";"Belfort";"Lung";"15-29";"Female";"2012";"0.00"
"Incidence";"Belfort";"Lung";"15-29";"Female";"2007";"0.00"
"Incidence";"Belfort";"Lung";"15-29";"Female";"2008";"0.00"
"Incidence";"Belfort";"Lung";"15-29";"Female";"2009";"0.00"
"Incidence";"Belfort";"Lung";"15-29";"Female";"2010";"0.00"
"Incidence";"Belfort";"Lung";"15-29";"Female";"2011";"0.00"
"Incidence";"Belfort";"Lung";"15-29";"Female";"2012";"0.00"
"Incidence";"Belfort";"Lung";"15-29";"Male";"2007";"0.00"
"Incidence";"Belfort";"Lung";"15-29";"Male";"2008";"0.00"
"Incidence";"Belfort";"Lung";"15-29";"Male";"2009";"0.00"
"Incidence";"Belfort";"Lung";"15-29";"Male";"2010";"0.00"
"Incidence";"Belfort";"Lung";"15-29";"Male";"2011";"0.00"
"Incidence";"Belfort";"Lung";"15-29";"Male";"2012";"0.00"
"Mortality";"Belfort";"Lung";"30-44";"Female";"2007";"0.00"
"Mortality";"Belfort";"Lung";"30-44";"Female";"2008";"0.00"
"Mortality";"Belfort";"Lung";"30-44";"Female";"2009";"0.00"
"Mortality";"Belfort";"Lung";"30-44";"Female";"2010";"7.26"
"Mortality";"Belfort";"Lung";"30-44";"Female";"2011";"0.00"
"Mortality";"Belfort";"Lung";"30-44";"Female";"2012";"7.27"
"Incidence";"Belfort";"Lung";"30-44";"Male";"2007";"0.00"
"Incidence";"Belfort";"Lung";"30-44";"Male";"2008";"6.69"
"Incidence";"Belfort";"Lung";"30-44";"Male";"2009";"13.56"
"Incidence";"Belfort";"Lung";"30-44";"Male";"2010";"20.39"
"Incidence";"Belfort";"Lung";"30-44";"Male";"2011";"6.80"
"Incidence";"Belfort";"Lung";"30-44";"Male";"2012";"13.80"
"Incidence";"Belfort";"Lung";"30-44";"Female";"2007";"6.97"
"Incidence";"Belfort";"Lung";"30-44";"Female";"2008";"0.00"
"Incidence";"Belfort";"Lung";"30-44";"Female";"2009";"0.00"
"Incidence";"Belfort";"Lung";"30-44";"Female";"2010";"14.52"
"Incidence";"Belfort";"Lung";"30-44";"Female";"2011";"14.58"
"Incidence";"Belfort";"Lung";"30-44";"Female";"2012";"0.00"
"Mortality";"Belfort";"Lung";"30-44";"Male";"2007";"0.00"
"Mortality";"Belfort";"Lung";"30-44";"Male";"2008";"0.00"
"Mortality";"Belfort";"Lung";"30-44";"Male";"2009";"0.00"
"Mortality";"Belfort";"Lung";"30-44";"Male";"2010";"0.00"
"Mortality";"Belfort";"Lung";"30-44";"Male";"2011";"13.59"
"Mortality";"Belfort";"Lung";"30-44";"Male";"2012";"13.80"
"Mortality";"Belfort";"Lung";"45-59";"Female";"2007";"34.08"
"Mortality";"Belfort";"Lung";"45-59";"Female";"2008";"6.86"
"Mortality";"Belfort";"Lung";"45-59";"Female";"2009";"68.54"
"Mortality";"Belfort";"Lung";"45-59";"Female";"2010";"27.36"
"Mortality";"Belfort";"Lung";"45-59";"Female";"2011";"27.44"
"Mortality";"Belfort";"Lung";"45-59";"Female";"2012";"62.25"
"Incidence";"Belfort";"Lung";"45-59";"Male";"2007";"118.31"
"Incidence";"Belfort";"Lung";"45-59";"Male";"2008";"189.97"
"Incidence";"Belfort";"Lung";"45-59";"Male";"2009";"99.00"
"Incidence";"Belfort";"Lung";"45-59";"Male";"2010";"121.06"
"Incidence";"Belfort";"Lung";"45-59";"Male";"2011";"92.96"
"Incidence";"Belfort";"Lung";"45-59";"Male";"2012";"136.03"
"Mortality";"Belfort";"Lung";"45-59";"Male";"2007";"90.47"
"Mortality";"Belfort";"Lung";"45-59";"Male";"2008";"112.57"
"Mortality";"Belfort";"Lung";"45-59";"Male";"2009";"120.21"
"Mortality";"Belfort";"Lung";"45-59";"Male";"2010";"64.09"
"Mortality";"Belfort";"Lung";"45-59";"Male";"2011";"71.51"
"Mortality";"Belfort";"Lung";"45-59";"Male";"2012";"93.08"
"Incidence";"Belfort";"Lung";"45-59";"Female";"2007";"34.08"
"Incidence";"Belfort";"Lung";"45-59";"Female";"2008";"34.31"
"Incidence";"Belfort";"Lung";"45-59";"Female";"2009";"34.27"
"Incidence";"Belfort";"Lung";"45-59";"Female";"2010";"54.71"
"Incidence";"Belfort";"Lung";"45-59";"Female";"2011";"68.59"
"Incidence";"Belfort";"Lung";"45-59";"Female";"2012";"103.75"
"Incidence";"Belfort";"Lung";"60-74";"Male";"2007";"283.52"
"Incidence";"Belfort";"Lung";"60-74";"Male";"2008";"295.54"
"Incidence";"Belfort";"Lung";"60-74";"Male";"2009";"363.54"
"Incidence";"Belfort";"Lung";"60-74";"Male";"2010";"504.18"
"Incidence";"Belfort";"Lung";"60-74";"Male";"2011";"340.98"
"Incidence";"Belfort";"Lung";"60-74";"Male";"2012";"311.95"
"Incidence";"Belfort";"Lung";"60-74";"Female";"2007";"106.80"
"Incidence";"Belfort";"Lung";"60-74";"Female";"2008";"73.68"
"Incidence";"Belfort";"Lung";"60-74";"Female";"2009";"61.78"
"Incidence";"Belfort";"Lung";"60-74";"Female";"2010";"40.11"
"Incidence";"Belfort";"Lung";"60-74";"Female";"2011";"87.42"
"Incidence";"Belfort";"Lung";"60-74";"Female";"2012";"66.03"
"Mortality";"Belfort";"Lung";"60-74";"Male";"2007";"118.13"
"Mortality";"Belfort";"Lung";"60-74";"Male";"2008";"215.97"
"Mortality";"Belfort";"Lung";"60-74";"Male";"2009";"242.36"
"Mortality";"Belfort";"Lung";"60-74";"Male";"2010";"268.18"
"Mortality";"Belfort";"Lung";"60-74";"Male";"2011";"340.98"
"Mortality";"Belfort";"Lung";"60-74";"Male";"2012";"241.51"
"Mortality";"Belfort";"Lung";"60-74";"Female";"2007";"53.40"
"Mortality";"Belfort";"Lung";"60-74";"Female";"2008";"63.15"
"Mortality";"Belfort";"Lung";"60-74";"Female";"2009";"20.59"
"Mortality";"Belfort";"Lung";"60-74";"Female";"2010";"30.08"
"Mortality";"Belfort";"Lung";"60-74";"Female";"2011";"29.14"
"Mortality";"Belfort";"Lung";"60-74";"Female";"2012";"66.03"
"Incidence";"Belfort";"Lung";"75-89";"Female";"2007";"76.19"
"Incidence";"Belfort";"Lung";"75-89";"Female";"2008";"44.22"
"Incidence";"Belfort";"Lung";"75-89";"Female";"2009";"101.24"
"Incidence";"Belfort";"Lung";"75-89";"Female";"2010";"143.40"
"Incidence";"Belfort";"Lung";"75-89";"Female";"2011";"85.73"
"Incidence";"Belfort";"Lung";"75-89";"Female";"2012";"114.95"
"Mortality";"Belfort";"Lung";"75-89";"Male";"2007";"293.33"
"Mortality";"Belfort";"Lung";"75-89";"Male";"2008";"406.92"
"Mortality";"Belfort";"Lung";"75-89";"Male";"2009";"350.70"
"Mortality";"Belfort";"Lung";"75-89";"Male";"2010";"374.11"
"Mortality";"Belfort";"Lung";"75-89";"Male";"2011";"316.49"
"Mortality";"Belfort";"Lung";"75-89";"Male";"2012";"403.51"
"Incidence";"Belfort";"Lung";"75-89";"Male";"2007";"400.00"
"Incidence";"Belfort";"Lung";"75-89";"Male";"2008";"432.35"
"Incidence";"Belfort";"Lung";"75-89";"Male";"2009";"350.70"
"Incidence";"Belfort";"Lung";"75-89";"Male";"2010";"423.99"
"Incidence";"Belfort";"Lung";"75-89";"Male";"2011";"462.57"
"Incidence";"Belfort";"Lung";"75-89";"Male";"2012";"403.51"
"Mortality";"Belfort";"Lung";"75-89";"Female";"2007";"15.24"
"Mortality";"Belfort";"Lung";"75-89";"Female";"2008";"88.45"
"Mortality";"Belfort";"Lung";"75-89";"Female";"2009";"43.39"
"Mortality";"Belfort";"Lung";"75-89";"Female";"2010";"114.72"
"Mortality";"Belfort";"Lung";"75-89";"Female";"2011";"142.89"
"Mortality";"Belfort";"Lung";"75-89";"Female";"2012";"143.69"
"Incidence";"Belfort";"Lung";"90-95+";"Female";"2007";"0.00"
"Incidence";"Belfort";"Lung";"90-95+";"Female";"2008";"283.89"
"Incidence";"Belfort";"Lung";"90-95+";"Female";"2009";"0.00"
"Incidence";"Belfort";"Lung";"90-95+";"Female";"2010";"0.00"
"Incidence";"Belfort";"Lung";"90-95+";"Female";"2011";"0.00"
"Incidence";"Belfort";"Lung";"90-95+";"Female";"2012";"0.00"
"Mortality";"Belfort";"Lung";"90-95+";"Male";"2007";"0.00"
"Mortality";"Belfort";"Lung";"90-95+";"Male";"2008";"1993.36"
"Mortality";"Belfort";"Lung";"90-95+";"Male";"2009";"581.40"
"Mortality";"Belfort";"Lung";"90-95+";"Male";"2010";"457.67"
"Mortality";"Belfort";"Lung";"90-95+";"Male";"2011";"749.06"
"Mortality";"Belfort";"Lung";"90-95+";"Male";"2012";"342.47"
"Mortality";"Belfort";"Lung";"90-95+";"Female";"2007";"0.00"
"Mortality";"Belfort";"Lung";"90-95+";"Female";"2008";"141.94"
"Mortality";"Belfort";"Lung";"90-95+";"Female";"2009";"0.00"
"Mortality";"Belfort";"Lung";"90-95+";"Female";"2010";"0.00"
"Mortality";"Belfort";"Lung";"90-95+";"Female";"2011";"0.00"
"Mortality";"Belfort";"Lung";"90-95+";"Female";"2012";"0.00"
"Incidence";"Belfort";"Lung";"90-95+";"Male";"2007";"0.00"
"Incidence";"Belfort";"Lung";"90-95+";"Male";"2008";"1993.36"
"Incidence";"Belfort";"Lung";"90-95+";"Male";"2009";"581.40"
"Incidence";"Belfort";"Lung";"90-95+";"Male";"2010";"0.00"
"Incidence";"Belfort";"Lung";"90-95+";"Male";"2011";"749.06"
"Incidence";"Belfort";"Lung";"90-95+";"Male";"2012";"684.93"
"Incidence";"Gironde";"Lung";"0-14";"Male";"2008";"0.00"
"Incidence";"Gironde";"Lung";"0-14";"Male";"2009";"0.00"
"Incidence";"Gironde";"Lung";"0-14";"Male";"2010";"0.00"
"Incidence";"Gironde";"Lung";"0-14";"Male";"2011";"0.00"
"Incidence";"Gironde";"Lung";"0-14";"Male";"2012";"0.00"
"Incidence";"Gironde";"Lung";"0-14";"Male";"2013";"0.00"
"Incidence";"Gironde";"Lung";"0-14";"Female";"2008";"0.00"
"Incidence";"Gironde";"Lung";"0-14";"Female";"2009";"0.00"
"Incidence";"Gironde";"Lung";"0-14";"Female";"2010";"0.00"
"Incidence";"Gironde";"Lung";"0-14";"Female";"2011";"0.00"
"Incidence";"Gironde";"Lung";"0-14";"Female";"2012";"0.00"
"Incidence";"Gironde";"Lung";"0-14";"Female";"2013";"0.00"
"Incidence";"Lille Area";"Lung";"0-14";"Male";"2008";"0.00"
"Incidence";"Lille Area";"Lung";"0-14";"Male";"2009";"0.00"
"Incidence";"Lille Area";"Lung";"0-14";"Male";"2010";"0.00"
"Incidence";"Lille Area";"Lung";"0-14";"Male";"2011";"0.00"
"Incidence";"Lille Area";"Lung";"0-14";"Male";"2012";"0.00"
"Incidence";"Lille Area";"Lung";"0-14";"Female";"2008";"0.00"
"Incidence";"Lille Area";"Lung";"0-14";"Female";"2009";"0.00"
"Incidence";"Lille Area";"Lung";"0-14";"Female";"2010";"0.00"
"Incidence";"Lille Area";"Lung";"0-14";"Female";"2011";"0.00"
"Incidence";"Lille Area";"Lung";"0-14";"Female";"2012";"0.00"
"Incidence";"Poitou-Charentes";"Lung";"0-14";"Male";"2008";"0.00"
"Incidence";"Poitou-Charentes";"Lung";"0-14";"Male";"2009";"0.00"
"Incidence";"Poitou-Charentes";"Lung";"0-14";"Male";"2010";"0.00"
"Incidence";"Poitou-Charentes";"Lung";"0-14";"Male";"2011";"0.00"
"Incidence";"Poitou-Charentes";"Lung";"0-14";"Male";"2012";"0.00"
"Incidence";"Poitou-Charentes";"Lung";"0-14";"Male";"2013";"0.00"
"Incidence";"Poitou-Charentes";"Lung";"0-14";"Female";"2008";"0.00"
"Incidence";"Poitou-Charentes";"Lung";"0-14";"Female";"2009";"0.00"
"Incidence";"Poitou-Charentes";"Lung";"0-14";"Female";"2010";"0.00"
"Incidence";"Poitou-Charentes";"Lung";"0-14";"Female";"2011";"0.69"
"Incidence";"Poitou-Charentes";"Lung";"0-14";"Female";"2012";"0.00"
"Incidence";"Poitou-Charentes";"Lung";"0-14";"Female";"2013";"0.00"
"Mortality";"Lille Area";"Lung";"0-14";"Male";"2008";"0.00"
"Mortality";"Lille Area";"Lung";"0-14";"Male";"2009";"0.00"
"Mortality";"Lille Area";"Lung";"0-14";"Male";"2010";"0.00"
"Mortality";"Lille Area";"Lung";"0-14";"Male";"2011";"0.00"
"Mortality";"Lille Area";"Lung";"0-14";"Male";"2012";"0.00"
"Mortality";"Lille Area";"Lung";"0-14";"Female";"2008";"0.00"
"Mortality";"Lille Area";"Lung";"0-14";"Female";"2009";"0.00"
"Mortality";"Lille Area";"Lung";"0-14";"Female";"2010";"0.00"
"Mortality";"Lille Area";"Lung";"0-14";"Female";"2011";"0.00"
"Mortality";"Lille Area";"Lung";"0-14";"Female";"2012";"0.00"
"Mortality";"Poitou-Charentes";"Lung";"0-14";"Male";"2008";"0.00"
"Mortality";"Poitou-Charentes";"Lung";"0-14";"Male";"2009";"0.00"
"Mortality";"Poitou-Charentes";"Lung";"0-14";"Male";"2010";"0.00"
"Mortality";"Poitou-Charentes";"Lung";"0-14";"Male";"2011";"0.00"
"Mortality";"Poitou-Charentes";"Lung";"0-14";"Male";"2012";"0.00"
"Mortality";"Poitou-Charentes";"Lung";"0-14";"Male";"2013";"0.00"
"Mortality";"Poitou-Charentes";"Lung";"0-14";"Female";"2008";"0.00"
"Mortality";"Poitou-Charentes";"Lung";"0-14";"Female";"2009";"0.00"
"Mortality";"Poitou-Charentes";"Lung";"0-14";"Female";"2010";"0.00"
"Mortality";"Poitou-Charentes";"Lung";"0-14";"Female";"2011";"0.00"
"Mortality";"Poitou-Charentes";"Lung";"0-14";"Female";"2012";"0.00"
"Mortality";"Poitou-Charentes";"Lung";"0-14";"Female";"2013";"0.00"
"Mortality";"Poitou-Charentes";"Lung";"15-29";"Male";"2008";"0.67"
"Mortality";"Poitou-Charentes";"Lung";"15-29";"Male";"2009";"0.00"
"Mortality";"Poitou-Charentes";"Lung";"15-29";"Male";"2010";"0.00"
"Mortality";"Poitou-Charentes";"Lung";"15-29";"Male";"2011";"0.00"
"Mortality";"Poitou-Charentes";"Lung";"15-29";"Male";"2012";"0.00"
"Mortality";"Poitou-Charentes";"Lung";"15-29";"Male";"2013";"0.70"
"Mortality";"Poitou-Charentes";"Lung";"15-29";"Female";"2008";"0.00"
"Mortality";"Poitou-Charentes";"Lung";"15-29";"Female";"2009";"0.00"
"Mortality";"Poitou-Charentes";"Lung";"15-29";"Female";"2010";"0.00"
"Mortality";"Poitou-Charentes";"Lung";"15-29";"Female";"2011";"0.71"
"Mortality";"Poitou-Charentes";"Lung";"15-29";"Female";"2012";"0.00"
"Mortality";"Poitou-Charentes";"Lung";"15-29";"Female";"2013";"0.00"
"Incidence";"Gironde";"Lung";"15-29";"Male";"2008";"0.00"
"Incidence";"Gironde";"Lung";"15-29";"Male";"2009";"0.00"
"Incidence";"Gironde";"Lung";"15-29";"Male";"2010";"1.42"
"Incidence";"Gironde";"Lung";"15-29";"Male";"2011";"0.00"
"Incidence";"Gironde";"Lung";"15-29";"Male";"2012";"1.42"
"Incidence";"Gironde";"Lung";"15-29";"Male";"2013";"0.70"
"Mortality";"Lille Area";"Lung";"15-29";"Male";"2008";"0.00"
"Mortality";"Lille Area";"Lung";"15-29";"Male";"2009";"1.01"
"Mortality";"Lille Area";"Lung";"15-29";"Male";"2010";"0.00"
"Mortality";"Lille Area";"Lung";"15-29";"Male";"2011";"0.00"
"Mortality";"Lille Area";"Lung";"15-29";"Male";"2012";"1.02"
"Incidence";"Lille Area";"Lung";"15-29";"Female";"2008";"0.00"
"Incidence";"Lille Area";"Lung";"15-29";"Female";"2009";"0.00"
"Incidence";"Lille Area";"Lung";"15-29";"Female";"2010";"0.00"
"Incidence";"Lille Area";"Lung";"15-29";"Female";"2011";"0.00"
"Incidence";"Lille Area";"Lung";"15-29";"Female";"2012";"0.00"
"Incidence";"Lille Area";"Lung";"15-29";"Male";"2008";"1.01"
"Incidence";"Lille Area";"Lung";"15-29";"Male";"2009";"1.01"
"Incidence";"Lille Area";"Lung";"15-29";"Male";"2010";"0.00"
"Incidence";"Lille Area";"Lung";"15-29";"Male";"2011";"0.00"
"Incidence";"Lille Area";"Lung";"15-29";"Male";"2012";"1.02"
"Incidence";"Poitou-Charentes";"Lung";"15-29";"Male";"2008";"0.00"
"Incidence";"Poitou-Charentes";"Lung";"15-29";"Male";"2009";"0.67"
"Incidence";"Poitou-Charentes";"Lung";"15-29";"Male";"2010";"0.00"
"Incidence";"Poitou-Charentes";"Lung";"15-29";"Male";"2011";"0.00"
"Incidence";"Poitou-Charentes";"Lung";"15-29";"Male";"2012";"1.39"
"Incidence";"Poitou-Charentes";"Lung";"15-29";"Male";"2013";"1.40"
"Incidence";"Poitou-Charentes";"Lung";"15-29";"Female";"2008";"0.69"
"Incidence";"Poitou-Charentes";"Lung";"15-29";"Female";"2009";"1.39"
"Incidence";"Poitou-Charentes";"Lung";"15-29";"Female";"2010";"0.70"
"Incidence";"Poitou-Charentes";"Lung";"15-29";"Female";"2011";"0.71"
"Incidence";"Poitou-Charentes";"Lung";"15-29";"Female";"2012";"0.00"
"Incidence";"Poitou-Charentes";"Lung";"15-29";"Female";"2013";"0.00"
"Mortality";"Lille Area";"Lung";"15-29";"Female";"2008";"0.00"
"Mortality";"Lille Area";"Lung";"15-29";"Female";"2009";"0.00"
"Mortality";"Lille Area";"Lung";"15-29";"Female";"2010";"0.00"
"Mortality";"Lille Area";"Lung";"15-29";"Female";"2011";"0.00"
"Mortality";"Lille Area";"Lung";"15-29";"Female";"2012";"0.00"
"Incidence";"Gironde";"Lung";"15-29";"Female";"2008";"0.00"
"Incidence";"Gironde";"Lung";"15-29";"Female";"2009";"1.40"
"Incidence";"Gironde";"Lung";"15-29";"Female";"2010";"0.69"
"Incidence";"Gironde";"Lung";"15-29";"Female";"2011";"0.00"
"Incidence";"Gironde";"Lung";"15-29";"Female";"2012";"0.00"
"Incidence";"Gironde";"Lung";"15-29";"Female";"2013";"0.68"
"Incidence";"Gironde";"Lung";"30-44";"Male";"2008";"10.98"
"Incidence";"Gironde";"Lung";"30-44";"Male";"2009";"6.18"
"Incidence";"Gironde";"Lung";"30-44";"Male";"2010";"12.99"
"Incidence";"Gironde";"Lung";"30-44";"Male";"2011";"8.13"
"Incidence";"Gironde";"Lung";"30-44";"Male";"2012";"13.41"
"Incidence";"Gironde";"Lung";"30-44";"Male";"2013";"8.66"
"Incidence";"Gironde";"Lung";"30-44";"Female";"2008";"9.31"
"Incidence";"Gironde";"Lung";"30-44";"Female";"2009";"6.66"
"Incidence";"Gironde";"Lung";"30-44";"Female";"2010";"8.66"
"Incidence";"Gironde";"Lung";"30-44";"Female";"2011";"14.55"
"Incidence";"Gironde";"Lung";"30-44";"Female";"2012";"8.48"
"Incidence";"Gironde";"Lung";"30-44";"Female";"2013";"10.35"
"Mortality";"Poitou-Charentes";"Lung";"30-44";"Female";"2008";"1.79"
"Mortality";"Poitou-Charentes";"Lung";"30-44";"Female";"2009";"7.84"
"Mortality";"Poitou-Charentes";"Lung";"30-44";"Female";"2010";"4.25"
"Mortality";"Poitou-Charentes";"Lung";"30-44";"Female";"2011";"5.51"
"Mortality";"Poitou-Charentes";"Lung";"30-44";"Female";"2012";"3.08"
"Mortality";"Poitou-Charentes";"Lung";"30-44";"Female";"2013";"6.22"
"Mortality";"Poitou-Charentes";"Lung";"30-44";"Male";"2008";"6.10"
"Mortality";"Poitou-Charentes";"Lung";"30-44";"Male";"2009";"4.93"
"Mortality";"Poitou-Charentes";"Lung";"30-44";"Male";"2010";"6.83"
"Mortality";"Poitou-Charentes";"Lung";"30-44";"Male";"2011";"9.36"
"Mortality";"Poitou-Charentes";"Lung";"30-44";"Male";"2012";"5.02"
"Mortality";"Poitou-Charentes";"Lung";"30-44";"Male";"2013";"6.32"
"Incidence";"Lille Area";"Lung";"30-44";"Male";"2008";"12.61"
"Incidence";"Lille Area";"Lung";"30-44";"Male";"2009";"10.14"
"Incidence";"Lille Area";"Lung";"30-44";"Male";"2010";"16.49"
"Incidence";"Lille Area";"Lung";"30-44";"Male";"2011";"8.86"
"Incidence";"Lille Area";"Lung";"30-44";"Male";"2012";"12.65"
"Incidence";"Lille Area";"Lung";"30-44";"Female";"2008";"3.72"
"Incidence";"Lille Area";"Lung";"30-44";"Female";"2009";"7.49"
"Incidence";"Lille Area";"Lung";"30-44";"Female";"2010";"7.51"
"Incidence";"Lille Area";"Lung";"30-44";"Female";"2011";"5.01"
"Incidence";"Lille Area";"Lung";"30-44";"Female";"2012";"3.76"
"Mortality";"Lille Area";"Lung";"30-44";"Male";"2008";"6.31"
"Mortality";"Lille Area";"Lung";"30-44";"Male";"2009";"8.87"
"Mortality";"Lille Area";"Lung";"30-44";"Male";"2010";"6.34"
"Mortality";"Lille Area";"Lung";"30-44";"Male";"2011";"6.33"
"Mortality";"Lille Area";"Lung";"30-44";"Male";"2012";"2.53"
"Incidence";"Poitou-Charentes";"Lung";"30-44";"Female";"2008";"6.56"
"Incidence";"Poitou-Charentes";"Lung";"30-44";"Female";"2009";"12.66"
"Incidence";"Poitou-Charentes";"Lung";"30-44";"Female";"2010";"5.47"
"Incidence";"Poitou-Charentes";"Lung";"30-44";"Female";"2011";"5.51"
"Incidence";"Poitou-Charentes";"Lung";"30-44";"Female";"2012";"4.93"
"Incidence";"Poitou-Charentes";"Lung";"30-44";"Female";"2013";"9.95"
"Incidence";"Poitou-Charentes";"Lung";"30-44";"Male";"2008";"10.97"
"Incidence";"Poitou-Charentes";"Lung";"30-44";"Male";"2009";"9.86"
"Incidence";"Poitou-Charentes";"Lung";"30-44";"Male";"2010";"9.93"
"Incidence";"Poitou-Charentes";"Lung";"30-44";"Male";"2011";"10.61"
"Incidence";"Poitou-Charentes";"Lung";"30-44";"Male";"2012";"9.41"
"Incidence";"Poitou-Charentes";"Lung";"30-44";"Male";"2013";"7.58"
"Mortality";"Lille Area";"Lung";"30-44";"Female";"2008";"1.24"
"Mortality";"Lille Area";"Lung";"30-44";"Female";"2009";"1.25"
"Mortality";"Lille Area";"Lung";"30-44";"Female";"2010";"3.76"
"Mortality";"Lille Area";"Lung";"30-44";"Female";"2011";"1.25"
"Mortality";"Lille Area";"Lung";"30-44";"Female";"2012";"2.51"
"Mortality";"Poitou-Charentes";"Lung";"45-59";"Male";"2008";"82.83"
"Mortality";"Poitou-Charentes";"Lung";"45-59";"Male";"2009";"96.70"
"Mortality";"Poitou-Charentes";"Lung";"45-59";"Male";"2010";"98.43"
"Mortality";"Poitou-Charentes";"Lung";"45-59";"Male";"2011";"101.86"
"Mortality";"Poitou-Charentes";"Lung";"45-59";"Male";"2012";"82.09"
"Mortality";"Poitou-Charentes";"Lung";"45-59";"Male";"2013";"84.43"
"Incidence";"Poitou-Charentes";"Lung";"45-59";"Female";"2008";"54.23"
"Incidence";"Poitou-Charentes";"Lung";"45-59";"Female";"2009";"51.47"
"Incidence";"Poitou-Charentes";"Lung";"45-59";"Female";"2010";"53.53"
"Incidence";"Poitou-Charentes";"Lung";"45-59";"Female";"2011";"51.95"
"Incidence";"Poitou-Charentes";"Lung";"45-59";"Female";"2012";"53.04"
"Incidence";"Poitou-Charentes";"Lung";"45-59";"Female";"2013";"57.39"
"Incidence";"Poitou-Charentes";"Lung";"45-59";"Male";"2008";"119.28"
"Incidence";"Poitou-Charentes";"Lung";"45-59";"Male";"2009";"127.09"
"Incidence";"Poitou-Charentes";"Lung";"45-59";"Male";"2010";"104.52"
"Incidence";"Poitou-Charentes";"Lung";"45-59";"Male";"2011";"123.46"
"Incidence";"Poitou-Charentes";"Lung";"45-59";"Male";"2012";"117.03"
"Incidence";"Poitou-Charentes";"Lung";"45-59";"Male";"2013";"100.54"
"Mortality";"Lille Area";"Lung";"45-59";"Male";"2008";"122.61"
"Mortality";"Lille Area";"Lung";"45-59";"Male";"2009";"117.39"
"Mortality";"Lille Area";"Lung";"45-59";"Male";"2010";"104.66"
"Mortality";"Lille Area";"Lung";"45-59";"Male";"2011";"99.36"
"Mortality";"Lille Area";"Lung";"45-59";"Male";"2012";"93.83"
"Incidence";"Gironde";"Lung";"45-59";"Male";"2008";"152.99"
"Incidence";"Gironde";"Lung";"45-59";"Male";"2009";"141.65"
"Incidence";"Gironde";"Lung";"45-59";"Male";"2010";"126.44"
"Incidence";"Gironde";"Lung";"45-59";"Male";"2011";"135.30"
"Incidence";"Gironde";"Lung";"45-59";"Male";"2012";"119.74"
"Incidence";"Gironde";"Lung";"45-59";"Male";"2013";"123.75"
"Incidence";"Lille Area";"Lung";"45-59";"Male";"2008";"167.86"
"Incidence";"Lille Area";"Lung";"45-59";"Male";"2009";"174.61"
"Incidence";"Lille Area";"Lung";"45-59";"Male";"2010";"153.30"
"Incidence";"Lille Area";"Lung";"45-59";"Male";"2011";"126.05"
"Incidence";"Lille Area";"Lung";"45-59";"Male";"2012";"135.54"
"Incidence";"Lille Area";"Lung";"45-59";"Female";"2008";"44.32"
"Incidence";"Lille Area";"Lung";"45-59";"Female";"2009";"53.91"
"Incidence";"Lille Area";"Lung";"45-59";"Female";"2010";"51.43"
"Incidence";"Lille Area";"Lung";"45-59";"Female";"2011";"36.69"
"Incidence";"Lille Area";"Lung";"45-59";"Female";"2012";"45.03"
"Mortality";"Lille Area";"Lung";"45-59";"Female";"2008";"24.17"
"Mortality";"Lille Area";"Lung";"45-59";"Female";"2009";"36.39"
"Mortality";"Lille Area";"Lung";"45-59";"Female";"2010";"32.48"
"Mortality";"Lille Area";"Lung";"45-59";"Female";"2011";"28.53"
"Mortality";"Lille Area";"Lung";"45-59";"Female";"2012";"30.02"
"Incidence";"Gironde";"Lung";"45-59";"Female";"2008";"51.78"
"Incidence";"Gironde";"Lung";"45-59";"Female";"2009";"52.35"
"Incidence";"Gironde";"Lung";"45-59";"Female";"2010";"68.72"
"Incidence";"Gironde";"Lung";"45-59";"Female";"2011";"60.46"
"Incidence";"Gironde";"Lung";"45-59";"Female";"2012";"62.68"
"Incidence";"Gironde";"Lung";"45-59";"Female";"2013";"62.96"
"Mortality";"Poitou-Charentes";"Lung";"45-59";"Female";"2008";"35.09"
"Mortality";"Poitou-Charentes";"Lung";"45-59";"Female";"2009";"32.37"
"Mortality";"Poitou-Charentes";"Lung";"45-59";"Female";"2010";"34.98"
"Mortality";"Poitou-Charentes";"Lung";"45-59";"Female";"2011";"36.58"
"Mortality";"Poitou-Charentes";"Lung";"45-59";"Female";"2012";"37.66"
"Mortality";"Poitou-Charentes";"Lung";"45-59";"Female";"2013";"43.57"
"Mortality";"Lille Area";"Lung";"60-74";"Male";"2008";"265.64"
"Mortality";"Lille Area";"Lung";"60-74";"Male";"2009";"277.80"
"Mortality";"Lille Area";"Lung";"60-74";"Male";"2010";"294.97"
"Mortality";"Lille Area";"Lung";"60-74";"Male";"2011";"331.59"
"Mortality";"Lille Area";"Lung";"60-74";"Male";"2012";"301.01"
"Incidence";"Gironde";"Lung";"60-74";"Female";"2008";"65.20"
"Incidence";"Gironde";"Lung";"60-74";"Female";"2009";"85.20"
"Incidence";"Gironde";"Lung";"60-74";"Female";"2010";"95.22"
"Incidence";"Gironde";"Lung";"60-74";"Female";"2011";"78.30"
"Incidence";"Gironde";"Lung";"60-74";"Female";"2012";"105.04"
"Incidence";"Gironde";"Lung";"60-74";"Female";"2013";"91.29"
"Incidence";"Gironde";"Lung";"60-74";"Male";"2008";"332.83"
"Incidence";"Gironde";"Lung";"60-74";"Male";"2009";"309.20"
"Incidence";"Gironde";"Lung";"60-74";"Male";"2010";"316.66"
"Incidence";"Gironde";"Lung";"60-74";"Male";"2011";"262.56"
"Incidence";"Gironde";"Lung";"60-74";"Male";"2012";"353.53"
"Incidence";"Gironde";"Lung";"60-74";"Male";"2013";"336.46"
"Incidence";"Lille Area";"Lung";"60-74";"Male";"2008";"336.84"
"Incidence";"Lille Area";"Lung";"60-74";"Male";"2009";"386.27"
"Incidence";"Lille Area";"Lung";"60-74";"Male";"2010";"405.27"
"Incidence";"Lille Area";"Lung";"60-74";"Male";"2011";"446.27"
"Incidence";"Lille Area";"Lung";"60-74";"Male";"2012";"337.42"
"Incidence";"Lille Area";"Lung";"60-74";"Female";"2008";"46.85"
"Incidence";"Lille Area";"Lung";"60-74";"Female";"2009";"84.69"
"Incidence";"Lille Area";"Lung";"60-74";"Female";"2010";"67.73"
"Incidence";"Lille Area";"Lung";"60-74";"Female";"2011";"91.05"
"Incidence";"Lille Area";"Lung";"60-74";"Female";"2012";"38.45"
"Incidence";"Poitou-Charentes";"Lung";"60-74";"Female";"2008";"57.74"
"Incidence";"Poitou-Charentes";"Lung";"60-74";"Female";"2009";"71.25"
"Incidence";"Poitou-Charentes";"Lung";"60-74";"Female";"2010";"60.73"
"Incidence";"Poitou-Charentes";"Lung";"60-74";"Female";"2011";"77.50"
"Incidence";"Poitou-Charentes";"Lung";"60-74";"Female";"2012";"70.35"
"Incidence";"Poitou-Charentes";"Lung";"60-74";"Female";"2013";"71.45"
"Mortality";"Poitou-Charentes";"Lung";"60-74";"Male";"2008";"219.74"
"Mortality";"Poitou-Charentes";"Lung";"60-74";"Male";"2009";"251.01"
"Mortality";"Poitou-Charentes";"Lung";"60-74";"Male";"2010";"237.73"
"Mortality";"Poitou-Charentes";"Lung";"60-74";"Male";"2011";"210.20"
"Mortality";"Poitou-Charentes";"Lung";"60-74";"Male";"2012";"236.57"
"Mortality";"Poitou-Charentes";"Lung";"60-74";"Male";"2013";"214.07"
"Incidence";"Poitou-Charentes";"Lung";"60-74";"Male";"2008";"290.18"
"Incidence";"Poitou-Charentes";"Lung";"60-74";"Male";"2009";"291.85"
"Incidence";"Poitou-Charentes";"Lung";"60-74";"Male";"2010";"298.24"
"Incidence";"Poitou-Charentes";"Lung";"60-74";"Male";"2011";"276.07"
"Incidence";"Poitou-Charentes";"Lung";"60-74";"Male";"2012";"308.83"
"Incidence";"Poitou-Charentes";"Lung";"60-74";"Male";"2013";"297.57"
"Mortality";"Lille Area";"Lung";"60-74";"Female";"2008";"42.39"
"Mortality";"Lille Area";"Lung";"60-74";"Female";"2009";"47.78"
"Mortality";"Lille Area";"Lung";"60-74";"Female";"2010";"61.38"
"Mortality";"Lille Area";"Lung";"60-74";"Female";"2011";"39.32"
"Mortality";"Lille Area";"Lung";"60-74";"Female";"2012";"40.47"
"Mortality";"Poitou-Charentes";"Lung";"60-74";"Female";"2008";"41.04"
"Mortality";"Poitou-Charentes";"Lung";"60-74";"Female";"2009";"48.18"
"Mortality";"Poitou-Charentes";"Lung";"60-74";"Female";"2010";"41.59"
"Mortality";"Poitou-Charentes";"Lung";"60-74";"Female";"2011";"48.68"
"Mortality";"Poitou-Charentes";"Lung";"60-74";"Female";"2012";"57.90"
"Mortality";"Poitou-Charentes";"Lung";"60-74";"Female";"2013";"55.10"
"Mortality";"Poitou-Charentes";"Lung";"75-89";"Male";"2008";"342.94"
"Mortality";"Poitou-Charentes";"Lung";"75-89";"Male";"2009";"307.93"
"Mortality";"Poitou-Charentes";"Lung";"75-89";"Male";"2010";"320.67"
"Mortality";"Poitou-Charentes";"Lung";"75-89";"Male";"2011";"308.33"
"Mortality";"Poitou-Charentes";"Lung";"75-89";"Male";"2012";"291.63"
"Mortality";"Poitou-Charentes";"Lung";"75-89";"Male";"2013";"314.27"
"Incidence";"Gironde";"Lung";"75-89";"Female";"2008";"69.44"
"Incidence";"Gironde";"Lung";"75-89";"Female";"2009";"80.67"
"Incidence";"Gironde";"Lung";"75-89";"Female";"2010";"79.20"
"Incidence";"Gironde";"Lung";"75-89";"Female";"2011";"98.76"
"Incidence";"Gironde";"Lung";"75-89";"Female";"2012";"93.77"
"Incidence";"Gironde";"Lung";"75-89";"Female";"2013";"105.52"
"Incidence";"Poitou-Charentes";"Lung";"75-89";"Female";"2008";"56.45"
"Incidence";"Poitou-Charentes";"Lung";"75-89";"Female";"2009";"59.81"
"Incidence";"Poitou-Charentes";"Lung";"75-89";"Female";"2010";"81.09"
"Incidence";"Poitou-Charentes";"Lung";"75-89";"Female";"2011";"74.12"
"Incidence";"Poitou-Charentes";"Lung";"75-89";"Female";"2012";"76.21"
"Incidence";"Poitou-Charentes";"Lung";"75-89";"Female";"2013";"76.34"
"Incidence";"Lille Area";"Lung";"75-89";"Female";"2008";"92.05"
"Incidence";"Lille Area";"Lung";"75-89";"Female";"2009";"84.11"
"Incidence";"Lille Area";"Lung";"75-89";"Female";"2010";"71.03"
"Incidence";"Lille Area";"Lung";"75-89";"Female";"2011";"71.11"
"Incidence";"Lille Area";"Lung";"75-89";"Female";"2012";"68.11"
"Mortality";"Poitou-Charentes";"Lung";"75-89";"Female";"2008";"63.98"
"Mortality";"Poitou-Charentes";"Lung";"75-89";"Female";"2009";"80.05"
"Mortality";"Poitou-Charentes";"Lung";"75-89";"Female";"2010";"62.86"
"Mortality";"Poitou-Charentes";"Lung";"75-89";"Female";"2011";"64.97"
"Mortality";"Poitou-Charentes";"Lung";"75-89";"Female";"2012";"85.40"
"Mortality";"Poitou-Charentes";"Lung";"75-89";"Female";"2013";"80.02"
"Incidence";"Poitou-Charentes";"Lung";"75-89";"Male";"2008";"306.25"
"Incidence";"Poitou-Charentes";"Lung";"75-89";"Male";"2009";"276.17"
"Incidence";"Poitou-Charentes";"Lung";"75-89";"Male";"2010";"296.21"
"Incidence";"Poitou-Charentes";"Lung";"75-89";"Male";"2011";"328.52"
"Incidence";"Poitou-Charentes";"Lung";"75-89";"Male";"2012";"298.31"
"Incidence";"Poitou-Charentes";"Lung";"75-89";"Male";"2013";"296.96"
"Incidence";"Gironde";"Lung";"75-89";"Male";"2008";"391.47"
"Incidence";"Gironde";"Lung";"75-89";"Male";"2009";"360.86"
"Incidence";"Gironde";"Lung";"75-89";"Male";"2010";"340.00"
"Incidence";"Gironde";"Lung";"75-89";"Male";"2011";"418.20"
"Incidence";"Gironde";"Lung";"75-89";"Male";"2012";"333.69"
"Incidence";"Gironde";"Lung";"75-89";"Male";"2013";"366.97"
"Mortality";"Lille Area";"Lung";"75-89";"Male";"2008";"513.80"
"Mortality";"Lille Area";"Lung";"75-89";"Male";"2009";"492.47"
"Mortality";"Lille Area";"Lung";"75-89";"Male";"2010";"449.93"
"Mortality";"Lille Area";"Lung";"75-89";"Male";"2011";"489.53"
"Mortality";"Lille Area";"Lung";"75-89";"Male";"2012";"535.55"
"Incidence";"Lille Area";"Lung";"75-89";"Male";"2008";"582.73"
"Incidence";"Lille Area";"Lung";"75-89";"Male";"2009";"461.69"
"Incidence";"Lille Area";"Lung";"75-89";"Male";"2010";"480.33"
"Incidence";"Lille Area";"Lung";"75-89";"Male";"2011";"423.05"
"Incidence";"Lille Area";"Lung";"75-89";"Male";"2012";"499.44"
"Mortality";"Lille Area";"Lung";"75-89";"Female";"2008";"76.18"
"Mortality";"Lille Area";"Lung";"75-89";"Female";"2009";"90.35"
"Mortality";"Lille Area";"Lung";"75-89";"Female";"2010";"61.76"
"Mortality";"Lille Area";"Lung";"75-89";"Female";"2011";"77.29"
"Mortality";"Lille Area";"Lung";"75-89";"Female";"2012";"77.40"
"Mortality";"Lille Area";"Lung";"90-95+";"Male";"2008";"310.32"
"Mortality";"Lille Area";"Lung";"90-95+";"Male";"2009";"445.77"
"Mortality";"Lille Area";"Lung";"90-95+";"Male";"2010";"634.12"
"Mortality";"Lille Area";"Lung";"90-95+";"Male";"2011";"714.29"
"Mortality";"Lille Area";"Lung";"90-95+";"Male";"2012";"263.39"
"Incidence";"Gironde";"Lung";"90-95+";"Male";"2008";"43.08"
"Incidence";"Gironde";"Lung";"90-95+";"Male";"2009";"169.13"
"Incidence";"Gironde";"Lung";"90-95+";"Male";"2010";"76.23"
"Incidence";"Gironde";"Lung";"90-95+";"Male";"2011";"218.92"
"Incidence";"Gironde";"Lung";"90-95+";"Male";"2012";"322.28"
"Incidence";"Gironde";"Lung";"90-95+";"Male";"2013";"144.65"
"Incidence";"Poitou-Charentes";"Lung";"90-95+";"Female";"2008";"47.69"
"Incidence";"Poitou-Charentes";"Lung";"90-95+";"Female";"2009";"64.37"
"Incidence";"Poitou-Charentes";"Lung";"90-95+";"Female";"2010";"45.46"
"Incidence";"Poitou-Charentes";"Lung";"90-95+";"Female";"2011";"26.96"
"Incidence";"Poitou-Charentes";"Lung";"90-95+";"Female";"2012";"60.85"
"Incidence";"Poitou-Charentes";"Lung";"90-95+";"Female";"2013";"45.60"
"Incidence";"Poitou-Charentes";"Lung";"90-95+";"Male";"2008";"127.11"
"Incidence";"Poitou-Charentes";"Lung";"90-95+";"Male";"2009";"153.51"
"Incidence";"Poitou-Charentes";"Lung";"90-95+";"Male";"2010";"205.29"
"Incidence";"Poitou-Charentes";"Lung";"90-95+";"Male";"2011";"113.25"
"Incidence";"Poitou-Charentes";"Lung";"90-95+";"Male";"2012";"165.15"
"Incidence";"Poitou-Charentes";"Lung";"90-95+";"Male";"2013";"59.95"
"Mortality";"Lille Area";"Lung";"90-95+";"Female";"2008";"39.82"
"Mortality";"Lille Area";"Lung";"90-95+";"Female";"2009";"156.71"
"Mortality";"Lille Area";"Lung";"90-95+";"Female";"2010";"138.43"
"Mortality";"Lille Area";"Lung";"90-95+";"Female";"2011";"114.83"
"Mortality";"Lille Area";"Lung";"90-95+";"Female";"2012";"75.16"
"Incidence";"Gironde";"Lung";"90-95+";"Female";"2008";"24.31"
"Incidence";"Gironde";"Lung";"90-95+";"Female";"2009";"49.79"
"Incidence";"Gironde";"Lung";"90-95+";"Female";"2010";"79.96"
"Incidence";"Gironde";"Lung";"90-95+";"Female";"2011";"68.67"
"Incidence";"Gironde";"Lung";"90-95+";"Female";"2012";"53.54"
"Incidence";"Gironde";"Lung";"90-95+";"Female";"2013";"41.72"
"Incidence";"Lille Area";"Lung";"90-95+";"Male";"2008";"465.48"
"Incidence";"Lille Area";"Lung";"90-95+";"Male";"2009";"297.18"
"Incidence";"Lille Area";"Lung";"90-95+";"Male";"2010";"760.94"
"Incidence";"Lille Area";"Lung";"90-95+";"Male";"2011";"102.04"
"Incidence";"Lille Area";"Lung";"90-95+";"Male";"2012";"87.80"
"Incidence";"Lille Area";"Lung";"90-95+";"Female";"2008";"39.82"
"Incidence";"Lille Area";"Lung";"90-95+";"Female";"2009";"78.35"
"Incidence";"Lille Area";"Lung";"90-95+";"Female";"2010";"34.61"
"Incidence";"Lille Area";"Lung";"90-95+";"Female";"2011";"28.71"
"Incidence";"Lille Area";"Lung";"90-95+";"Female";"2012";"75.16"
"Mortality";"Poitou-Charentes";"Lung";"90-95+";"Female";"2008";"47.69"
"Mortality";"Poitou-Charentes";"Lung";"90-95+";"Female";"2009";"112.65"
"Mortality";"Poitou-Charentes";"Lung";"90-95+";"Female";"2010";"106.08"
"Mortality";"Poitou-Charentes";"Lung";"90-95+";"Female";"2011";"94.37"
"Mortality";"Poitou-Charentes";"Lung";"90-95+";"Female";"2012";"85.19"
"Mortality";"Poitou-Charentes";"Lung";"90-95+";"Female";"2013";"51.30"
"Mortality";"Poitou-Charentes";"Lung";"90-95+";"Male";"2008";"279.65"
"Mortality";"Poitou-Charentes";"Lung";"90-95+";"Male";"2009";"230.27"
"Mortality";"Poitou-Charentes";"Lung";"90-95+";"Male";"2010";"273.72"
"Mortality";"Poitou-Charentes";"Lung";"90-95+";"Male";"2011";"151.00"
"Mortality";"Poitou-Charentes";"Lung";"90-95+";"Male";"2012";"181.67"
"Mortality";"Poitou-Charentes";"Lung";"90-95+";"Male";"2013";"164.86"
"Incidence";"Limousin";"Lung";"0-14";"Male";"2009";"0.00"
"Incidence";"Limousin";"Lung";"0-14";"Male";"2010";"0.00"
"Incidence";"Limousin";"Lung";"0-14";"Male";"2011";"0.00"
"Incidence";"Limousin";"Lung";"0-14";"Male";"2012";"0.00"
"Incidence";"Limousin";"Lung";"0-14";"Female";"2009";"0.00"
"Incidence";"Limousin";"Lung";"0-14";"Female";"2010";"0.00"
"Incidence";"Limousin";"Lung";"0-14";"Female";"2011";"0.00"
"Incidence";"Limousin";"Lung";"0-14";"Female";"2012";"0.00"
"Mortality";"Limousin";"Lung";"0-14";"Male";"2009";"0.00"
"Mortality";"Limousin";"Lung";"0-14";"Male";"2010";"0.00"
"Mortality";"Limousin";"Lung";"0-14";"Male";"2011";"0.00"
"Mortality";"Limousin";"Lung";"0-14";"Male";"2012";"0.00"
"Mortality";"Limousin";"Lung";"0-14";"Male";"2013";"0.00"
"Mortality";"Limousin";"Lung";"0-14";"Female";"2009";"0.00"
"Mortality";"Limousin";"Lung";"0-14";"Female";"2010";"0.00"
"Mortality";"Limousin";"Lung";"0-14";"Female";"2011";"0.00"
"Mortality";"Limousin";"Lung";"0-14";"Female";"2012";"0.00"
"Mortality";"Limousin";"Lung";"0-14";"Female";"2013";"0.00"
"Mortality";"Limousin";"Lung";"15-29";"Male";"2009";"0.00"
"Mortality";"Limousin";"Lung";"15-29";"Male";"2010";"0.00"
"Mortality";"Limousin";"Lung";"15-29";"Male";"2011";"0.00"
"Mortality";"Limousin";"Lung";"15-29";"Male";"2012";"0.00"
"Mortality";"Limousin";"Lung";"15-29";"Male";"2013";"0.00"
"Incidence";"Limousin";"Lung";"15-29";"Male";"2009";"0.00"
"Incidence";"Limousin";"Lung";"15-29";"Male";"2010";"3.10"
"Incidence";"Limousin";"Lung";"15-29";"Male";"2011";"0.00"
"Incidence";"Limousin";"Lung";"15-29";"Male";"2012";"0.00"
"Incidence";"Limousin";"Lung";"15-29";"Female";"2009";"0.00"
"Incidence";"Limousin";"Lung";"15-29";"Female";"2010";"0.00"
"Incidence";"Limousin";"Lung";"15-29";"Female";"2011";"0.00"
"Incidence";"Limousin";"Lung";"15-29";"Female";"2012";"0.00"
"Mortality";"Limousin";"Lung";"15-29";"Female";"2009";"0.00"
"Mortality";"Limousin";"Lung";"15-29";"Female";"2010";"3.05"
"Mortality";"Limousin";"Lung";"15-29";"Female";"2011";"0.00"
"Mortality";"Limousin";"Lung";"15-29";"Female";"2012";"0.00"
"Mortality";"Limousin";"Lung";"15-29";"Female";"2013";"0.00"
"Mortality";"Limousin";"Lung";"30-44";"Male";"2009";"5.75"
"Mortality";"Limousin";"Lung";"30-44";"Male";"2010";"2.91"
"Mortality";"Limousin";"Lung";"30-44";"Male";"2011";"5.84"
"Mortality";"Limousin";"Lung";"30-44";"Male";"2012";"5.90"
"Mortality";"Limousin";"Lung";"30-44";"Male";"2013";"0.00"
"Incidence";"Limousin";"Lung";"30-44";"Male";"2009";"5.75"
"Incidence";"Limousin";"Lung";"30-44";"Male";"2010";"2.91"
"Incidence";"Limousin";"Lung";"30-44";"Male";"2011";"5.84"
"Incidence";"Limousin";"Lung";"30-44";"Male";"2012";"2.95"
"Incidence";"Limousin";"Lung";"30-44";"Female";"2009";"2.82"
"Incidence";"Limousin";"Lung";"30-44";"Female";"2010";"5.69"
"Incidence";"Limousin";"Lung";"30-44";"Female";"2011";"2.86"
"Incidence";"Limousin";"Lung";"30-44";"Female";"2012";"17.37"
"Mortality";"Limousin";"Lung";"30-44";"Female";"2009";"2.82"
"Mortality";"Limousin";"Lung";"30-44";"Female";"2010";"2.85"
"Mortality";"Limousin";"Lung";"30-44";"Female";"2011";"0.00"
"Mortality";"Limousin";"Lung";"30-44";"Female";"2012";"0.00"
"Mortality";"Limousin";"Lung";"30-44";"Female";"2013";"11.72"
"Mortality";"Limousin";"Lung";"45-59";"Female";"2009";"35.22"
"Mortality";"Limousin";"Lung";"45-59";"Female";"2010";"22.85"
"Mortality";"Limousin";"Lung";"45-59";"Female";"2011";"35.84"
"Mortality";"Limousin";"Lung";"45-59";"Female";"2012";"35.93"
"Mortality";"Limousin";"Lung";"45-59";"Female";"2013";"28.39"
"Mortality";"Limousin";"Lung";"45-59";"Male";"2009";"76.03"
"Mortality";"Limousin";"Lung";"45-59";"Male";"2010";"79.55"
"Mortality";"Limousin";"Lung";"45-59";"Male";"2011";"64.24"
"Mortality";"Limousin";"Lung";"45-59";"Male";"2012";"53.97"
"Mortality";"Limousin";"Lung";"45-59";"Male";"2013";"119.54"
"Incidence";"Limousin";"Lung";"45-59";"Female";"2009";"30.19"
"Incidence";"Limousin";"Lung";"45-59";"Female";"2010";"48.25"
"Incidence";"Limousin";"Lung";"45-59";"Female";"2011";"40.96"
"Incidence";"Limousin";"Lung";"45-59";"Female";"2012";"35.93"
"Incidence";"Limousin";"Lung";"45-59";"Male";"2009";"78.65"
"Incidence";"Limousin";"Lung";"45-59";"Male";"2010";"103.41"
"Incidence";"Limousin";"Lung";"45-59";"Male";"2011";"107.07"
"Incidence";"Limousin";"Lung";"45-59";"Male";"2012";"105.25"
"Incidence";"Limousin";"Lung";"60-74";"Male";"2009";"195.63"
"Incidence";"Limousin";"Lung";"60-74";"Male";"2010";"218.31"
"Incidence";"Limousin";"Lung";"60-74";"Male";"2011";"247.96"
"Incidence";"Limousin";"Lung";"60-74";"Male";"2012";"245.47"
"Incidence";"Limousin";"Lung";"60-74";"Female";"2009";"51.03"
"Incidence";"Limousin";"Lung";"60-74";"Female";"2010";"75.06"
"Incidence";"Limousin";"Lung";"60-74";"Female";"2011";"58.41"
"Incidence";"Limousin";"Lung";"60-74";"Female";"2012";"72.03"
"Mortality";"Limousin";"Lung";"60-74";"Male";"2009";"160.06"
"Mortality";"Limousin";"Lung";"60-74";"Male";"2010";"225.24"
"Mortality";"Limousin";"Lung";"60-74";"Male";"2011";"159.65"
"Mortality";"Limousin";"Lung";"60-74";"Male";"2012";"212.30"
"Mortality";"Limousin";"Lung";"60-74";"Male";"2013";"217.54"
"Mortality";"Limousin";"Lung";"60-74";"Female";"2009";"51.03"
"Mortality";"Limousin";"Lung";"60-74";"Female";"2010";"65.68"
"Mortality";"Limousin";"Lung";"60-74";"Female";"2011";"52.26"
"Mortality";"Limousin";"Lung";"60-74";"Female";"2012";"60.02"
"Mortality";"Limousin";"Lung";"60-74";"Female";"2013";"32.21"
"Incidence";"Limousin";"Lung";"75-89";"Female";"2009";"68.82"
"Incidence";"Limousin";"Lung";"75-89";"Female";"2010";"52.48"
"Incidence";"Limousin";"Lung";"75-89";"Female";"2011";"53.08"
"Incidence";"Limousin";"Lung";"75-89";"Female";"2012";"78.68"
"Incidence";"Limousin";"Lung";"75-89";"Male";"2009";"196.25"
"Incidence";"Limousin";"Lung";"75-89";"Male";"2010";"283.90"
"Incidence";"Limousin";"Lung";"75-89";"Male";"2011";"312.01"
"Incidence";"Limousin";"Lung";"75-89";"Male";"2012";"275.15"
"Mortality";"Limousin";"Lung";"75-89";"Female";"2009";"72.86"
"Mortality";"Limousin";"Lung";"75-89";"Female";"2010";"92.84"
"Mortality";"Limousin";"Lung";"75-89";"Female";"2011";"44.92"
"Mortality";"Limousin";"Lung";"75-89";"Female";"2012";"70.40"
"Mortality";"Limousin";"Lung";"75-89";"Female";"2013";"46.22"
"Mortality";"Limousin";"Lung";"75-89";"Male";"2009";"259.56"
"Mortality";"Limousin";"Lung";"75-89";"Male";"2010";"239.74"
"Mortality";"Limousin";"Lung";"75-89";"Male";"2011";"312.01"
"Mortality";"Limousin";"Lung";"75-89";"Male";"2012";"262.35"
"Mortality";"Limousin";"Lung";"75-89";"Male";"2013";"232.09"
"Mortality";"Limousin";"Lung";"90-95+";"Male";"2009";"0.00"
"Mortality";"Limousin";"Lung";"90-95+";"Male";"2010";"296.74"
"Mortality";"Limousin";"Lung";"90-95+";"Male";"2011";"345.13"
"Mortality";"Limousin";"Lung";"90-95+";"Male";"2012";"387.45"
"Mortality";"Limousin";"Lung";"90-95+";"Male";"2013";"211.79"
"Mortality";"Limousin";"Lung";"90-95+";"Female";"2009";"109.51"
"Mortality";"Limousin";"Lung";"90-95+";"Female";"2010";"34.35"
"Mortality";"Limousin";"Lung";"90-95+";"Female";"2011";"31.10"
"Mortality";"Limousin";"Lung";"90-95+";"Female";"2012";"168.28"
"Mortality";"Limousin";"Lung";"90-95+";"Female";"2013";"50.68"
"Incidence";"Limousin";"Lung";"90-95+";"Male";"2009";"0.00"
"Incidence";"Limousin";"Lung";"90-95+";"Male";"2010";"197.82"
"Incidence";"Limousin";"Lung";"90-95+";"Male";"2011";"0.00"
"Incidence";"Limousin";"Lung";"90-95+";"Male";"2012";"154.98"
"Incidence";"Limousin";"Lung";"90-95+";"Female";"2009";"0.00"
"Incidence";"Limousin";"Lung";"90-95+";"Female";"2010";"0.00"
"Incidence";"Limousin";"Lung";"90-95+";"Female";"2011";"93.30"
"Incidence";"Limousin";"Lung";"90-95+";"Female";"2012";"84.14"

Historical data: Incidence/mortality trends by age
Incidence and mortality, 15 registries, Both sexes, Lung, 0 to 95+ years, by 15 years age groups

Source: ECIS - European Cancer Information System
From https://ecis.jrc.ec.europa.eu, accessed on 28-03-2026
(c) European Union, 2026