"Indicator";"Registry";"Cancer";"Age";"Sex";"Year";"Age-specific Rate"
"Mortality";"Scotland";"Lung";"0-14";"Female";"1975";"0.00"
"Mortality";"Scotland";"Lung";"0-14";"Female";"1976";"0.00"
"Mortality";"Scotland";"Lung";"0-14";"Female";"1977";"0.00"
"Mortality";"Scotland";"Lung";"0-14";"Female";"1978";"0.00"
"Mortality";"Scotland";"Lung";"0-14";"Female";"1979";"0.00"
"Mortality";"Scotland";"Lung";"0-14";"Female";"1980";"0.00"
"Mortality";"Scotland";"Lung";"0-14";"Female";"1981";"0.00"
"Mortality";"Scotland";"Lung";"0-14";"Female";"1982";"0.00"
"Mortality";"Scotland";"Lung";"0-14";"Female";"1983";"0.00"
"Mortality";"Scotland";"Lung";"0-14";"Female";"1984";"0.00"
"Mortality";"Scotland";"Lung";"0-14";"Female";"1985";"0.00"
"Mortality";"Scotland";"Lung";"0-14";"Female";"1986";"0.00"
"Mortality";"Scotland";"Lung";"0-14";"Female";"1987";"0.00"
"Mortality";"Scotland";"Lung";"0-14";"Female";"1988";"0.00"
"Mortality";"Scotland";"Lung";"0-14";"Female";"1989";"0.00"
"Mortality";"Scotland";"Lung";"0-14";"Female";"1990";"0.00"
"Mortality";"Scotland";"Lung";"0-14";"Female";"1991";"0.00"
"Mortality";"Scotland";"Lung";"0-14";"Female";"1992";"0.00"
"Mortality";"Scotland";"Lung";"0-14";"Female";"1993";"0.00"
"Mortality";"Scotland";"Lung";"0-14";"Female";"1994";"0.00"
"Mortality";"Scotland";"Lung";"0-14";"Female";"1995";"0.00"
"Mortality";"Scotland";"Lung";"0-14";"Female";"1996";"0.00"
"Mortality";"Scotland";"Lung";"0-14";"Female";"1997";"0.00"
"Mortality";"Scotland";"Lung";"0-14";"Female";"1998";"0.00"
"Mortality";"Scotland";"Lung";"0-14";"Female";"1999";"0.00"
"Mortality";"Scotland";"Lung";"0-14";"Female";"2000";"0.00"
"Mortality";"Scotland";"Lung";"0-14";"Female";"2001";"0.00"
"Mortality";"Scotland";"Lung";"0-14";"Female";"2002";"0.00"
"Mortality";"Scotland";"Lung";"0-14";"Female";"2003";"0.00"
"Mortality";"Scotland";"Lung";"0-14";"Female";"2004";"0.00"
"Mortality";"Scotland";"Lung";"0-14";"Female";"2005";"0.00"
"Mortality";"Scotland";"Lung";"0-14";"Female";"2006";"0.00"
"Mortality";"Scotland";"Lung";"0-14";"Female";"2007";"0.00"
"Mortality";"Scotland";"Lung";"0-14";"Female";"2008";"0.00"
"Mortality";"Scotland";"Lung";"0-14";"Female";"2009";"0.00"
"Mortality";"Scotland";"Lung";"0-14";"Female";"2010";"0.00"
"Mortality";"Scotland";"Lung";"0-14";"Female";"2011";"0.00"
"Mortality";"Scotland";"Lung";"0-14";"Female";"2012";"0.00"
"Mortality";"Scotland";"Lung";"0-14";"Female";"2013";"0.00"
"Incidence";"Scotland";"Lung";"0-14";"Female";"1975";"0.00"
"Incidence";"Scotland";"Lung";"0-14";"Female";"1976";"0.00"
"Incidence";"Scotland";"Lung";"0-14";"Female";"1977";"0.00"
"Incidence";"Scotland";"Lung";"0-14";"Female";"1978";"0.17"
"Incidence";"Scotland";"Lung";"0-14";"Female";"1979";"0.18"
"Incidence";"Scotland";"Lung";"0-14";"Female";"1980";"0.00"
"Incidence";"Scotland";"Lung";"0-14";"Female";"1981";"0.00"
"Incidence";"Scotland";"Lung";"0-14";"Female";"1982";"0.00"
"Incidence";"Scotland";"Lung";"0-14";"Female";"1983";"0.00"
"Incidence";"Scotland";"Lung";"0-14";"Female";"1984";"0.00"
"Incidence";"Scotland";"Lung";"0-14";"Female";"1985";"0.00"
"Incidence";"Scotland";"Lung";"0-14";"Female";"1986";"0.00"
"Incidence";"Scotland";"Lung";"0-14";"Female";"1987";"0.00"
"Incidence";"Scotland";"Lung";"0-14";"Female";"1988";"0.00"
"Incidence";"Scotland";"Lung";"0-14";"Female";"1989";"0.00"
"Incidence";"Scotland";"Lung";"0-14";"Female";"1990";"0.00"
"Incidence";"Scotland";"Lung";"0-14";"Female";"1991";"0.00"
"Incidence";"Scotland";"Lung";"0-14";"Female";"1992";"0.00"
"Incidence";"Scotland";"Lung";"0-14";"Female";"1993";"0.00"
"Incidence";"Scotland";"Lung";"0-14";"Female";"1994";"0.00"
"Incidence";"Scotland";"Lung";"0-14";"Female";"1995";"0.00"
"Incidence";"Scotland";"Lung";"0-14";"Female";"1996";"0.00"
"Incidence";"Scotland";"Lung";"0-14";"Female";"1997";"0.00"
"Incidence";"Scotland";"Lung";"0-14";"Female";"1998";"0.00"
"Incidence";"Scotland";"Lung";"0-14";"Female";"1999";"0.00"
"Incidence";"Scotland";"Lung";"0-14";"Female";"2000";"0.00"
"Incidence";"Scotland";"Lung";"0-14";"Female";"2001";"0.00"
"Incidence";"Scotland";"Lung";"0-14";"Female";"2002";"0.00"
"Incidence";"Scotland";"Lung";"0-14";"Female";"2003";"0.00"
"Incidence";"Scotland";"Lung";"0-14";"Female";"2004";"0.00"
"Incidence";"Scotland";"Lung";"0-14";"Female";"2005";"0.00"
"Incidence";"Scotland";"Lung";"0-14";"Female";"2006";"0.00"
"Incidence";"Scotland";"Lung";"0-14";"Female";"2007";"0.00"
"Incidence";"Scotland";"Lung";"0-14";"Female";"2008";"0.00"
"Incidence";"Scotland";"Lung";"0-14";"Female";"2009";"0.00"
"Incidence";"Scotland";"Lung";"0-14";"Female";"2010";"0.24"
"Incidence";"Scotland";"Lung";"0-14";"Female";"2011";"0.00"
"Incidence";"Scotland";"Lung";"0-14";"Female";"2012";"0.00"
"Incidence";"Scotland";"Lung";"0-14";"Female";"2013";"0.00"
"Mortality";"Scotland";"Lung";"0-14";"Male";"1975";"0.00"
"Mortality";"Scotland";"Lung";"0-14";"Male";"1976";"0.00"
"Mortality";"Scotland";"Lung";"0-14";"Male";"1977";"0.00"
"Mortality";"Scotland";"Lung";"0-14";"Male";"1978";"0.00"
"Mortality";"Scotland";"Lung";"0-14";"Male";"1979";"0.00"
"Mortality";"Scotland";"Lung";"0-14";"Male";"1980";"0.00"
"Mortality";"Scotland";"Lung";"0-14";"Male";"1981";"0.00"
"Mortality";"Scotland";"Lung";"0-14";"Male";"1982";"0.00"
"Mortality";"Scotland";"Lung";"0-14";"Male";"1983";"0.00"
"Mortality";"Scotland";"Lung";"0-14";"Male";"1984";"0.00"
"Mortality";"Scotland";"Lung";"0-14";"Male";"1985";"0.00"
"Mortality";"Scotland";"Lung";"0-14";"Male";"1986";"0.00"
"Mortality";"Scotland";"Lung";"0-14";"Male";"1987";"0.00"
"Mortality";"Scotland";"Lung";"0-14";"Male";"1988";"0.00"
"Mortality";"Scotland";"Lung";"0-14";"Male";"1989";"0.00"
"Mortality";"Scotland";"Lung";"0-14";"Male";"1990";"0.00"
"Mortality";"Scotland";"Lung";"0-14";"Male";"1991";"0.00"
"Mortality";"Scotland";"Lung";"0-14";"Male";"1992";"0.00"
"Mortality";"Scotland";"Lung";"0-14";"Male";"1993";"0.00"
"Mortality";"Scotland";"Lung";"0-14";"Male";"1994";"0.00"
"Mortality";"Scotland";"Lung";"0-14";"Male";"1995";"0.00"
"Mortality";"Scotland";"Lung";"0-14";"Male";"1996";"0.00"
"Mortality";"Scotland";"Lung";"0-14";"Male";"1997";"0.00"
"Mortality";"Scotland";"Lung";"0-14";"Male";"1998";"0.00"
"Mortality";"Scotland";"Lung";"0-14";"Male";"1999";"0.00"
"Mortality";"Scotland";"Lung";"0-14";"Male";"2000";"0.00"
"Mortality";"Scotland";"Lung";"0-14";"Male";"2001";"0.00"
"Mortality";"Scotland";"Lung";"0-14";"Male";"2002";"0.00"
"Mortality";"Scotland";"Lung";"0-14";"Male";"2003";"0.00"
"Mortality";"Scotland";"Lung";"0-14";"Male";"2004";"0.00"
"Mortality";"Scotland";"Lung";"0-14";"Male";"2005";"0.00"
"Mortality";"Scotland";"Lung";"0-14";"Male";"2006";"0.00"
"Mortality";"Scotland";"Lung";"0-14";"Male";"2007";"0.00"
"Mortality";"Scotland";"Lung";"0-14";"Male";"2008";"0.00"
"Mortality";"Scotland";"Lung";"0-14";"Male";"2009";"0.00"
"Mortality";"Scotland";"Lung";"0-14";"Male";"2010";"0.00"
"Mortality";"Scotland";"Lung";"0-14";"Male";"2011";"0.00"
"Mortality";"Scotland";"Lung";"0-14";"Male";"2012";"0.00"
"Mortality";"Scotland";"Lung";"0-14";"Male";"2013";"0.00"
"Incidence";"Scotland";"Lung";"0-14";"Male";"1975";"0.00"
"Incidence";"Scotland";"Lung";"0-14";"Male";"1976";"0.00"
"Incidence";"Scotland";"Lung";"0-14";"Male";"1977";"0.00"
"Incidence";"Scotland";"Lung";"0-14";"Male";"1978";"0.00"
"Incidence";"Scotland";"Lung";"0-14";"Male";"1979";"0.00"
"Incidence";"Scotland";"Lung";"0-14";"Male";"1980";"0.00"
"Incidence";"Scotland";"Lung";"0-14";"Male";"1981";"0.00"
"Incidence";"Scotland";"Lung";"0-14";"Male";"1982";"0.00"
"Incidence";"Scotland";"Lung";"0-14";"Male";"1983";"0.00"
"Incidence";"Scotland";"Lung";"0-14";"Male";"1984";"0.00"
"Incidence";"Scotland";"Lung";"0-14";"Male";"1985";"0.00"
"Incidence";"Scotland";"Lung";"0-14";"Male";"1986";"0.00"
"Incidence";"Scotland";"Lung";"0-14";"Male";"1987";"0.00"
"Incidence";"Scotland";"Lung";"0-14";"Male";"1988";"0.00"
"Incidence";"Scotland";"Lung";"0-14";"Male";"1989";"0.00"
"Incidence";"Scotland";"Lung";"0-14";"Male";"1990";"0.00"
"Incidence";"Scotland";"Lung";"0-14";"Male";"1991";"0.00"
"Incidence";"Scotland";"Lung";"0-14";"Male";"1992";"0.00"
"Incidence";"Scotland";"Lung";"0-14";"Male";"1993";"0.00"
"Incidence";"Scotland";"Lung";"0-14";"Male";"1994";"0.00"
"Incidence";"Scotland";"Lung";"0-14";"Male";"1995";"0.00"
"Incidence";"Scotland";"Lung";"0-14";"Male";"1996";"0.00"
"Incidence";"Scotland";"Lung";"0-14";"Male";"1997";"0.00"
"Incidence";"Scotland";"Lung";"0-14";"Male";"1998";"0.00"
"Incidence";"Scotland";"Lung";"0-14";"Male";"1999";"0.00"
"Incidence";"Scotland";"Lung";"0-14";"Male";"2000";"0.00"
"Incidence";"Scotland";"Lung";"0-14";"Male";"2001";"0.00"
"Incidence";"Scotland";"Lung";"0-14";"Male";"2002";"0.00"
"Incidence";"Scotland";"Lung";"0-14";"Male";"2003";"0.00"
"Incidence";"Scotland";"Lung";"0-14";"Male";"2004";"0.00"
"Incidence";"Scotland";"Lung";"0-14";"Male";"2005";"0.00"
"Incidence";"Scotland";"Lung";"0-14";"Male";"2006";"0.00"
"Incidence";"Scotland";"Lung";"0-14";"Male";"2007";"0.00"
"Incidence";"Scotland";"Lung";"0-14";"Male";"2008";"0.00"
"Incidence";"Scotland";"Lung";"0-14";"Male";"2009";"0.00"
"Incidence";"Scotland";"Lung";"0-14";"Male";"2010";"0.00"
"Incidence";"Scotland";"Lung";"0-14";"Male";"2011";"0.00"
"Incidence";"Scotland";"Lung";"0-14";"Male";"2012";"0.00"
"Incidence";"Scotland";"Lung";"0-14";"Male";"2013";"0.00"
"Mortality";"Scotland";"Lung";"15-29";"Male";"1975";"0.00"
"Mortality";"Scotland";"Lung";"15-29";"Male";"1976";"0.00"
"Mortality";"Scotland";"Lung";"15-29";"Male";"1977";"0.00"
"Mortality";"Scotland";"Lung";"15-29";"Male";"1978";"0.00"
"Mortality";"Scotland";"Lung";"15-29";"Male";"1979";"0.00"
"Mortality";"Scotland";"Lung";"15-29";"Male";"1980";"0.00"
"Mortality";"Scotland";"Lung";"15-29";"Male";"1981";"0.00"
"Mortality";"Scotland";"Lung";"15-29";"Male";"1982";"0.00"
"Mortality";"Scotland";"Lung";"15-29";"Male";"1983";"0.00"
"Mortality";"Scotland";"Lung";"15-29";"Male";"1984";"0.00"
"Mortality";"Scotland";"Lung";"15-29";"Male";"1985";"0.00"
"Mortality";"Scotland";"Lung";"15-29";"Male";"1986";"0.00"
"Mortality";"Scotland";"Lung";"15-29";"Male";"1987";"0.00"
"Mortality";"Scotland";"Lung";"15-29";"Male";"1988";"0.00"
"Mortality";"Scotland";"Lung";"15-29";"Male";"1989";"0.00"
"Mortality";"Scotland";"Lung";"15-29";"Male";"1990";"0.00"
"Mortality";"Scotland";"Lung";"15-29";"Male";"1991";"0.00"
"Mortality";"Scotland";"Lung";"15-29";"Male";"1992";"0.00"
"Mortality";"Scotland";"Lung";"15-29";"Male";"1993";"0.00"
"Mortality";"Scotland";"Lung";"15-29";"Male";"1994";"0.00"
"Mortality";"Scotland";"Lung";"15-29";"Male";"1995";"0.00"
"Mortality";"Scotland";"Lung";"15-29";"Male";"1996";"0.00"
"Mortality";"Scotland";"Lung";"15-29";"Male";"1997";"0.00"
"Mortality";"Scotland";"Lung";"15-29";"Male";"1998";"0.00"
"Mortality";"Scotland";"Lung";"15-29";"Male";"1999";"0.00"
"Mortality";"Scotland";"Lung";"15-29";"Male";"2000";"0.00"
"Mortality";"Scotland";"Lung";"15-29";"Male";"2001";"0.21"
"Mortality";"Scotland";"Lung";"15-29";"Male";"2002";"0.00"
"Mortality";"Scotland";"Lung";"15-29";"Male";"2003";"0.00"
"Mortality";"Scotland";"Lung";"15-29";"Male";"2004";"0.00"
"Mortality";"Scotland";"Lung";"15-29";"Male";"2005";"0.00"
"Mortality";"Scotland";"Lung";"15-29";"Male";"2006";"0.00"
"Mortality";"Scotland";"Lung";"15-29";"Male";"2007";"0.00"
"Mortality";"Scotland";"Lung";"15-29";"Male";"2008";"0.20"
"Mortality";"Scotland";"Lung";"15-29";"Male";"2009";"0.00"
"Mortality";"Scotland";"Lung";"15-29";"Male";"2010";"0.00"
"Mortality";"Scotland";"Lung";"15-29";"Male";"2011";"0.19"
"Mortality";"Scotland";"Lung";"15-29";"Male";"2012";"0.00"
"Mortality";"Scotland";"Lung";"15-29";"Male";"2013";"0.00"
"Mortality";"Scotland";"Lung";"15-29";"Female";"1975";"0.00"
"Mortality";"Scotland";"Lung";"15-29";"Female";"1976";"0.00"
"Mortality";"Scotland";"Lung";"15-29";"Female";"1977";"0.00"
"Mortality";"Scotland";"Lung";"15-29";"Female";"1978";"0.00"
"Mortality";"Scotland";"Lung";"15-29";"Female";"1979";"0.00"
"Mortality";"Scotland";"Lung";"15-29";"Female";"1980";"0.00"
"Mortality";"Scotland";"Lung";"15-29";"Female";"1981";"0.00"
"Mortality";"Scotland";"Lung";"15-29";"Female";"1982";"0.00"
"Mortality";"Scotland";"Lung";"15-29";"Female";"1983";"0.00"
"Mortality";"Scotland";"Lung";"15-29";"Female";"1984";"0.00"
"Mortality";"Scotland";"Lung";"15-29";"Female";"1985";"0.00"
"Mortality";"Scotland";"Lung";"15-29";"Female";"1986";"0.00"
"Mortality";"Scotland";"Lung";"15-29";"Female";"1987";"0.00"
"Mortality";"Scotland";"Lung";"15-29";"Female";"1988";"0.00"
"Mortality";"Scotland";"Lung";"15-29";"Female";"1989";"0.00"
"Mortality";"Scotland";"Lung";"15-29";"Female";"1990";"0.00"
"Mortality";"Scotland";"Lung";"15-29";"Female";"1991";"0.00"
"Mortality";"Scotland";"Lung";"15-29";"Female";"1992";"0.00"
"Mortality";"Scotland";"Lung";"15-29";"Female";"1993";"0.00"
"Mortality";"Scotland";"Lung";"15-29";"Female";"1994";"0.00"
"Mortality";"Scotland";"Lung";"15-29";"Female";"1995";"0.00"
"Mortality";"Scotland";"Lung";"15-29";"Female";"1996";"0.00"
"Mortality";"Scotland";"Lung";"15-29";"Female";"1997";"0.00"
"Mortality";"Scotland";"Lung";"15-29";"Female";"1998";"0.00"
"Mortality";"Scotland";"Lung";"15-29";"Female";"1999";"0.00"
"Mortality";"Scotland";"Lung";"15-29";"Female";"2000";"0.00"
"Mortality";"Scotland";"Lung";"15-29";"Female";"2001";"0.00"
"Mortality";"Scotland";"Lung";"15-29";"Female";"2002";"0.21"
"Mortality";"Scotland";"Lung";"15-29";"Female";"2003";"0.21"
"Mortality";"Scotland";"Lung";"15-29";"Female";"2004";"0.21"
"Mortality";"Scotland";"Lung";"15-29";"Female";"2005";"0.00"
"Mortality";"Scotland";"Lung";"15-29";"Female";"2006";"0.20"
"Mortality";"Scotland";"Lung";"15-29";"Female";"2007";"0.00"
"Mortality";"Scotland";"Lung";"15-29";"Female";"2008";"0.20"
"Mortality";"Scotland";"Lung";"15-29";"Female";"2009";"0.00"
"Mortality";"Scotland";"Lung";"15-29";"Female";"2010";"0.39"
"Mortality";"Scotland";"Lung";"15-29";"Female";"2011";"0.38"
"Mortality";"Scotland";"Lung";"15-29";"Female";"2012";"0.00"
"Mortality";"Scotland";"Lung";"15-29";"Female";"2013";"0.00"
"Incidence";"Scotland";"Lung";"15-29";"Male";"1975";"0.34"
"Incidence";"Scotland";"Lung";"15-29";"Male";"1976";"0.00"
"Incidence";"Scotland";"Lung";"15-29";"Male";"1977";"0.17"
"Incidence";"Scotland";"Lung";"15-29";"Male";"1978";"0.50"
"Incidence";"Scotland";"Lung";"15-29";"Male";"1979";"0.82"
"Incidence";"Scotland";"Lung";"15-29";"Male";"1980";"0.16"
"Incidence";"Scotland";"Lung";"15-29";"Male";"1981";"0.32"
"Incidence";"Scotland";"Lung";"15-29";"Male";"1982";"0.48"
"Incidence";"Scotland";"Lung";"15-29";"Male";"1983";"0.16"
"Incidence";"Scotland";"Lung";"15-29";"Male";"1984";"0.16"
"Incidence";"Scotland";"Lung";"15-29";"Male";"1985";"0.31"
"Incidence";"Scotland";"Lung";"15-29";"Male";"1986";"0.16"
"Incidence";"Scotland";"Lung";"15-29";"Male";"1987";"0.16"
"Incidence";"Scotland";"Lung";"15-29";"Male";"1988";"0.32"
"Incidence";"Scotland";"Lung";"15-29";"Male";"1989";"0.17"
"Incidence";"Scotland";"Lung";"15-29";"Male";"1990";"0.51"
"Incidence";"Scotland";"Lung";"15-29";"Male";"1991";"0.52"
"Incidence";"Scotland";"Lung";"15-29";"Male";"1992";"0.18"
"Incidence";"Scotland";"Lung";"15-29";"Male";"1993";"0.36"
"Incidence";"Scotland";"Lung";"15-29";"Male";"1994";"0.18"
"Incidence";"Scotland";"Lung";"15-29";"Male";"1995";"0.00"
"Incidence";"Scotland";"Lung";"15-29";"Male";"1996";"0.38"
"Incidence";"Scotland";"Lung";"15-29";"Male";"1997";"0.40"
"Incidence";"Scotland";"Lung";"15-29";"Male";"1998";"0.41"
"Incidence";"Scotland";"Lung";"15-29";"Male";"1999";"0.41"
"Incidence";"Scotland";"Lung";"15-29";"Male";"2000";"0.21"
"Incidence";"Scotland";"Lung";"15-29";"Male";"2001";"0.42"
"Incidence";"Scotland";"Lung";"15-29";"Male";"2002";"0.21"
"Incidence";"Scotland";"Lung";"15-29";"Male";"2003";"0.21"
"Incidence";"Scotland";"Lung";"15-29";"Male";"2004";"0.00"
"Incidence";"Scotland";"Lung";"15-29";"Male";"2005";"0.21"
"Incidence";"Scotland";"Lung";"15-29";"Male";"2006";"0.21"
"Incidence";"Scotland";"Lung";"15-29";"Male";"2007";"0.60"
"Incidence";"Scotland";"Lung";"15-29";"Male";"2008";"0.79"
"Incidence";"Scotland";"Lung";"15-29";"Male";"2009";"0.39"
"Incidence";"Scotland";"Lung";"15-29";"Male";"2010";"0.59"
"Incidence";"Scotland";"Lung";"15-29";"Male";"2011";"0.00"
"Incidence";"Scotland";"Lung";"15-29";"Male";"2012";"0.00"
"Incidence";"Scotland";"Lung";"15-29";"Male";"2013";"0.19"
"Incidence";"Scotland";"Lung";"15-29";"Female";"1975";"0.35"
"Incidence";"Scotland";"Lung";"15-29";"Female";"1976";"0.17"
"Incidence";"Scotland";"Lung";"15-29";"Female";"1977";"0.34"
"Incidence";"Scotland";"Lung";"15-29";"Female";"1978";"0.34"
"Incidence";"Scotland";"Lung";"15-29";"Female";"1979";"0.51"
"Incidence";"Scotland";"Lung";"15-29";"Female";"1980";"0.50"
"Incidence";"Scotland";"Lung";"15-29";"Female";"1981";"0.33"
"Incidence";"Scotland";"Lung";"15-29";"Female";"1982";"0.00"
"Incidence";"Scotland";"Lung";"15-29";"Female";"1983";"0.00"
"Incidence";"Scotland";"Lung";"15-29";"Female";"1984";"0.64"
"Incidence";"Scotland";"Lung";"15-29";"Female";"1985";"0.32"
"Incidence";"Scotland";"Lung";"15-29";"Female";"1986";"0.64"
"Incidence";"Scotland";"Lung";"15-29";"Female";"1987";"0.32"
"Incidence";"Scotland";"Lung";"15-29";"Female";"1988";"0.17"
"Incidence";"Scotland";"Lung";"15-29";"Female";"1989";"0.17"
"Incidence";"Scotland";"Lung";"15-29";"Female";"1990";"0.17"
"Incidence";"Scotland";"Lung";"15-29";"Female";"1991";"0.17"
"Incidence";"Scotland";"Lung";"15-29";"Female";"1992";"0.18"
"Incidence";"Scotland";"Lung";"15-29";"Female";"1993";"0.36"
"Incidence";"Scotland";"Lung";"15-29";"Female";"1994";"0.00"
"Incidence";"Scotland";"Lung";"15-29";"Female";"1995";"0.00"
"Incidence";"Scotland";"Lung";"15-29";"Female";"1996";"0.19"
"Incidence";"Scotland";"Lung";"15-29";"Female";"1997";"0.00"
"Incidence";"Scotland";"Lung";"15-29";"Female";"1998";"0.00"
"Incidence";"Scotland";"Lung";"15-29";"Female";"1999";"0.20"
"Incidence";"Scotland";"Lung";"15-29";"Female";"2000";"0.21"
"Incidence";"Scotland";"Lung";"15-29";"Female";"2001";"0.00"
"Incidence";"Scotland";"Lung";"15-29";"Female";"2002";"0.42"
"Incidence";"Scotland";"Lung";"15-29";"Female";"2003";"0.21"
"Incidence";"Scotland";"Lung";"15-29";"Female";"2004";"0.00"
"Incidence";"Scotland";"Lung";"15-29";"Female";"2005";"0.21"
"Incidence";"Scotland";"Lung";"15-29";"Female";"2006";"0.61"
"Incidence";"Scotland";"Lung";"15-29";"Female";"2007";"0.20"
"Incidence";"Scotland";"Lung";"15-29";"Female";"2008";"0.20"
"Incidence";"Scotland";"Lung";"15-29";"Female";"2009";"0.20"
"Incidence";"Scotland";"Lung";"15-29";"Female";"2010";"0.19"
"Incidence";"Scotland";"Lung";"15-29";"Female";"2011";"0.19"
"Incidence";"Scotland";"Lung";"15-29";"Female";"2012";"0.39"
"Incidence";"Scotland";"Lung";"15-29";"Female";"2013";"0.19"
"Mortality";"Scotland";"Lung";"30-44";"Female";"1975";"0.00"
"Mortality";"Scotland";"Lung";"30-44";"Female";"1976";"0.00"
"Mortality";"Scotland";"Lung";"30-44";"Female";"1977";"0.00"
"Mortality";"Scotland";"Lung";"30-44";"Female";"1978";"0.00"
"Mortality";"Scotland";"Lung";"30-44";"Female";"1979";"0.00"
"Mortality";"Scotland";"Lung";"30-44";"Female";"1980";"0.00"
"Mortality";"Scotland";"Lung";"30-44";"Female";"1981";"0.00"
"Mortality";"Scotland";"Lung";"30-44";"Female";"1982";"0.00"
"Mortality";"Scotland";"Lung";"30-44";"Female";"1983";"0.00"
"Mortality";"Scotland";"Lung";"30-44";"Female";"1984";"0.00"
"Mortality";"Scotland";"Lung";"30-44";"Female";"1985";"0.00"
"Mortality";"Scotland";"Lung";"30-44";"Female";"1986";"0.00"
"Mortality";"Scotland";"Lung";"30-44";"Female";"1987";"0.00"
"Mortality";"Scotland";"Lung";"30-44";"Female";"1988";"0.00"
"Mortality";"Scotland";"Lung";"30-44";"Female";"1989";"0.00"
"Mortality";"Scotland";"Lung";"30-44";"Female";"1990";"0.00"
"Mortality";"Scotland";"Lung";"30-44";"Female";"1991";"0.00"
"Mortality";"Scotland";"Lung";"30-44";"Female";"1992";"0.00"
"Mortality";"Scotland";"Lung";"30-44";"Female";"1993";"0.00"
"Mortality";"Scotland";"Lung";"30-44";"Female";"1994";"0.00"
"Mortality";"Scotland";"Lung";"30-44";"Female";"1995";"0.00"
"Mortality";"Scotland";"Lung";"30-44";"Female";"1996";"0.00"
"Mortality";"Scotland";"Lung";"30-44";"Female";"1997";"0.00"
"Mortality";"Scotland";"Lung";"30-44";"Female";"1998";"0.00"
"Mortality";"Scotland";"Lung";"30-44";"Female";"1999";"0.00"
"Mortality";"Scotland";"Lung";"30-44";"Female";"2000";"4.52"
"Mortality";"Scotland";"Lung";"30-44";"Female";"2001";"2.33"
"Mortality";"Scotland";"Lung";"30-44";"Female";"2002";"2.67"
"Mortality";"Scotland";"Lung";"30-44";"Female";"2003";"2.69"
"Mortality";"Scotland";"Lung";"30-44";"Female";"2004";"4.07"
"Mortality";"Scotland";"Lung";"30-44";"Female";"2005";"3.42"
"Mortality";"Scotland";"Lung";"30-44";"Female";"2006";"3.47"
"Mortality";"Scotland";"Lung";"30-44";"Female";"2007";"2.47"
"Mortality";"Scotland";"Lung";"30-44";"Female";"2008";"2.15"
"Mortality";"Scotland";"Lung";"30-44";"Female";"2009";"4.01"
"Mortality";"Scotland";"Lung";"30-44";"Female";"2010";"2.58"
"Mortality";"Scotland";"Lung";"30-44";"Female";"2011";"1.11"
"Mortality";"Scotland";"Lung";"30-44";"Female";"2012";"3.19"
"Mortality";"Scotland";"Lung";"30-44";"Female";"2013";"1.71"
"Incidence";"Scotland";"Lung";"30-44";"Female";"1975";"4.40"
"Incidence";"Scotland";"Lung";"30-44";"Female";"1976";"6.16"
"Incidence";"Scotland";"Lung";"30-44";"Female";"1977";"6.46"
"Incidence";"Scotland";"Lung";"30-44";"Female";"1978";"7.44"
"Incidence";"Scotland";"Lung";"30-44";"Female";"1979";"6.30"
"Incidence";"Scotland";"Lung";"30-44";"Female";"1980";"6.25"
"Incidence";"Scotland";"Lung";"30-44";"Female";"1981";"4.30"
"Incidence";"Scotland";"Lung";"30-44";"Female";"1982";"4.70"
"Incidence";"Scotland";"Lung";"30-44";"Female";"1983";"4.88"
"Incidence";"Scotland";"Lung";"30-44";"Female";"1984";"5.65"
"Incidence";"Scotland";"Lung";"30-44";"Female";"1985";"5.00"
"Incidence";"Scotland";"Lung";"30-44";"Female";"1986";"3.76"
"Incidence";"Scotland";"Lung";"30-44";"Female";"1987";"4.70"
"Incidence";"Scotland";"Lung";"30-44";"Female";"1988";"4.46"
"Incidence";"Scotland";"Lung";"30-44";"Female";"1989";"5.72"
"Incidence";"Scotland";"Lung";"30-44";"Female";"1990";"6.92"
"Incidence";"Scotland";"Lung";"30-44";"Female";"1991";"5.32"
"Incidence";"Scotland";"Lung";"30-44";"Female";"1992";"3.12"
"Incidence";"Scotland";"Lung";"30-44";"Female";"1993";"4.90"
"Incidence";"Scotland";"Lung";"30-44";"Female";"1994";"3.93"
"Incidence";"Scotland";"Lung";"30-44";"Female";"1995";"4.57"
"Incidence";"Scotland";"Lung";"30-44";"Female";"1996";"4.87"
"Incidence";"Scotland";"Lung";"30-44";"Female";"1997";"4.12"
"Incidence";"Scotland";"Lung";"30-44";"Female";"1998";"5.60"
"Incidence";"Scotland";"Lung";"30-44";"Female";"1999";"4.04"
"Incidence";"Scotland";"Lung";"30-44";"Female";"2000";"3.69"
"Incidence";"Scotland";"Lung";"30-44";"Female";"2001";"3.00"
"Incidence";"Scotland";"Lung";"30-44";"Female";"2002";"4.84"
"Incidence";"Scotland";"Lung";"30-44";"Female";"2003";"5.71"
"Incidence";"Scotland";"Lung";"30-44";"Female";"2004";"4.24"
"Incidence";"Scotland";"Lung";"30-44";"Female";"2005";"4.97"
"Incidence";"Scotland";"Lung";"30-44";"Female";"2006";"3.30"
"Incidence";"Scotland";"Lung";"30-44";"Female";"2007";"4.59"
"Incidence";"Scotland";"Lung";"30-44";"Female";"2008";"5.74"
"Incidence";"Scotland";"Lung";"30-44";"Female";"2009";"5.83"
"Incidence";"Scotland";"Lung";"30-44";"Female";"2010";"2.77"
"Incidence";"Scotland";"Lung";"30-44";"Female";"2011";"3.90"
"Incidence";"Scotland";"Lung";"30-44";"Female";"2012";"3.19"
"Incidence";"Scotland";"Lung";"30-44";"Female";"2013";"3.61"
"Incidence";"Scotland";"Lung";"30-44";"Male";"1975";"13.78"
"Incidence";"Scotland";"Lung";"30-44";"Male";"1976";"11.92"
"Incidence";"Scotland";"Lung";"30-44";"Male";"1977";"12.69"
"Incidence";"Scotland";"Lung";"30-44";"Male";"1978";"9.67"
"Incidence";"Scotland";"Lung";"30-44";"Male";"1979";"10.59"
"Incidence";"Scotland";"Lung";"30-44";"Male";"1980";"7.97"
"Incidence";"Scotland";"Lung";"30-44";"Male";"1981";"10.76"
"Incidence";"Scotland";"Lung";"30-44";"Male";"1982";"9.67"
"Incidence";"Scotland";"Lung";"30-44";"Male";"1983";"9.01"
"Incidence";"Scotland";"Lung";"30-44";"Male";"1984";"10.76"
"Incidence";"Scotland";"Lung";"30-44";"Male";"1985";"8.85"
"Incidence";"Scotland";"Lung";"30-44";"Male";"1986";"8.73"
"Incidence";"Scotland";"Lung";"30-44";"Male";"1987";"8.25"
"Incidence";"Scotland";"Lung";"30-44";"Male";"1988";"9.18"
"Incidence";"Scotland";"Lung";"30-44";"Male";"1989";"6.56"
"Incidence";"Scotland";"Lung";"30-44";"Male";"1990";"8.15"
"Incidence";"Scotland";"Lung";"30-44";"Male";"1991";"5.05"
"Incidence";"Scotland";"Lung";"30-44";"Male";"1992";"6.55"
"Incidence";"Scotland";"Lung";"30-44";"Male";"1993";"5.57"
"Incidence";"Scotland";"Lung";"30-44";"Male";"1994";"5.69"
"Incidence";"Scotland";"Lung";"30-44";"Male";"1995";"5.63"
"Incidence";"Scotland";"Lung";"30-44";"Male";"1996";"4.51"
"Incidence";"Scotland";"Lung";"30-44";"Male";"1997";"4.47"
"Incidence";"Scotland";"Lung";"30-44";"Male";"1998";"4.62"
"Incidence";"Scotland";"Lung";"30-44";"Male";"1999";"3.36"
"Incidence";"Scotland";"Lung";"30-44";"Male";"2000";"4.43"
"Incidence";"Scotland";"Lung";"30-44";"Male";"2001";"3.37"
"Incidence";"Scotland";"Lung";"30-44";"Male";"2002";"3.21"
"Incidence";"Scotland";"Lung";"30-44";"Male";"2003";"5.75"
"Incidence";"Scotland";"Lung";"30-44";"Male";"2004";"5.08"
"Incidence";"Scotland";"Lung";"30-44";"Male";"2005";"3.48"
"Incidence";"Scotland";"Lung";"30-44";"Male";"2006";"4.63"
"Incidence";"Scotland";"Lung";"30-44";"Male";"2007";"5.06"
"Incidence";"Scotland";"Lung";"30-44";"Male";"2008";"4.75"
"Incidence";"Scotland";"Lung";"30-44";"Male";"2009";"5.37"
"Incidence";"Scotland";"Lung";"30-44";"Male";"2010";"4.26"
"Incidence";"Scotland";"Lung";"30-44";"Male";"2011";"5.44"
"Incidence";"Scotland";"Lung";"30-44";"Male";"2012";"3.94"
"Incidence";"Scotland";"Lung";"30-44";"Male";"2013";"6.37"
"Mortality";"Scotland";"Lung";"30-44";"Male";"1975";"0.00"
"Mortality";"Scotland";"Lung";"30-44";"Male";"1976";"0.00"
"Mortality";"Scotland";"Lung";"30-44";"Male";"1977";"0.00"
"Mortality";"Scotland";"Lung";"30-44";"Male";"1978";"0.00"
"Mortality";"Scotland";"Lung";"30-44";"Male";"1979";"0.00"
"Mortality";"Scotland";"Lung";"30-44";"Male";"1980";"0.00"
"Mortality";"Scotland";"Lung";"30-44";"Male";"1981";"0.00"
"Mortality";"Scotland";"Lung";"30-44";"Male";"1982";"0.00"
"Mortality";"Scotland";"Lung";"30-44";"Male";"1983";"0.00"
"Mortality";"Scotland";"Lung";"30-44";"Male";"1984";"0.00"
"Mortality";"Scotland";"Lung";"30-44";"Male";"1985";"0.00"
"Mortality";"Scotland";"Lung";"30-44";"Male";"1986";"0.00"
"Mortality";"Scotland";"Lung";"30-44";"Male";"1987";"0.00"
"Mortality";"Scotland";"Lung";"30-44";"Male";"1988";"0.00"
"Mortality";"Scotland";"Lung";"30-44";"Male";"1989";"0.00"
"Mortality";"Scotland";"Lung";"30-44";"Male";"1990";"0.00"
"Mortality";"Scotland";"Lung";"30-44";"Male";"1991";"0.00"
"Mortality";"Scotland";"Lung";"30-44";"Male";"1992";"0.00"
"Mortality";"Scotland";"Lung";"30-44";"Male";"1993";"0.00"
"Mortality";"Scotland";"Lung";"30-44";"Male";"1994";"0.00"
"Mortality";"Scotland";"Lung";"30-44";"Male";"1995";"0.00"
"Mortality";"Scotland";"Lung";"30-44";"Male";"1996";"0.00"
"Mortality";"Scotland";"Lung";"30-44";"Male";"1997";"0.00"
"Mortality";"Scotland";"Lung";"30-44";"Male";"1998";"0.00"
"Mortality";"Scotland";"Lung";"30-44";"Male";"1999";"0.00"
"Mortality";"Scotland";"Lung";"30-44";"Male";"2000";"3.37"
"Mortality";"Scotland";"Lung";"30-44";"Male";"2001";"3.02"
"Mortality";"Scotland";"Lung";"30-44";"Male";"2002";"2.32"
"Mortality";"Scotland";"Lung";"30-44";"Male";"2003";"2.69"
"Mortality";"Scotland";"Lung";"30-44";"Male";"2004";"3.26"
"Mortality";"Scotland";"Lung";"30-44";"Male";"2005";"3.48"
"Mortality";"Scotland";"Lung";"30-44";"Male";"2006";"3.15"
"Mortality";"Scotland";"Lung";"30-44";"Male";"2007";"3.75"
"Mortality";"Scotland";"Lung";"30-44";"Male";"2008";"2.09"
"Mortality";"Scotland";"Lung";"30-44";"Male";"2009";"4.60"
"Mortality";"Scotland";"Lung";"30-44";"Male";"2010";"3.10"
"Mortality";"Scotland";"Lung";"30-44";"Male";"2011";"2.52"
"Mortality";"Scotland";"Lung";"30-44";"Male";"2012";"4.14"
"Mortality";"Scotland";"Lung";"30-44";"Male";"2013";"3.18"
"Incidence";"Scotland";"Lung";"45-59";"Female";"1975";"51.45"
"Incidence";"Scotland";"Lung";"45-59";"Female";"1976";"54.10"
"Incidence";"Scotland";"Lung";"45-59";"Female";"1977";"59.24"
"Incidence";"Scotland";"Lung";"45-59";"Female";"1978";"63.61"
"Incidence";"Scotland";"Lung";"45-59";"Female";"1979";"67.02"
"Incidence";"Scotland";"Lung";"45-59";"Female";"1980";"57.91"
"Incidence";"Scotland";"Lung";"45-59";"Female";"1981";"65.35"
"Incidence";"Scotland";"Lung";"45-59";"Female";"1982";"61.37"
"Incidence";"Scotland";"Lung";"45-59";"Female";"1983";"58.88"
"Incidence";"Scotland";"Lung";"45-59";"Female";"1984";"64.41"
"Incidence";"Scotland";"Lung";"45-59";"Female";"1985";"61.79"
"Incidence";"Scotland";"Lung";"45-59";"Female";"1986";"56.95"
"Incidence";"Scotland";"Lung";"45-59";"Female";"1987";"66.13"
"Incidence";"Scotland";"Lung";"45-59";"Female";"1988";"59.27"
"Incidence";"Scotland";"Lung";"45-59";"Female";"1989";"60.94"
"Incidence";"Scotland";"Lung";"45-59";"Female";"1990";"55.58"
"Incidence";"Scotland";"Lung";"45-59";"Female";"1991";"56.25"
"Incidence";"Scotland";"Lung";"45-59";"Female";"1992";"60.59"
"Incidence";"Scotland";"Lung";"45-59";"Female";"1993";"56.21"
"Incidence";"Scotland";"Lung";"45-59";"Female";"1994";"53.24"
"Incidence";"Scotland";"Lung";"45-59";"Female";"1995";"47.57"
"Incidence";"Scotland";"Lung";"45-59";"Female";"1996";"58.24"
"Incidence";"Scotland";"Lung";"45-59";"Female";"1997";"55.13"
"Incidence";"Scotland";"Lung";"45-59";"Female";"1998";"51.29"
"Incidence";"Scotland";"Lung";"45-59";"Female";"1999";"49.51"
"Incidence";"Scotland";"Lung";"45-59";"Female";"2000";"54.72"
"Incidence";"Scotland";"Lung";"45-59";"Female";"2001";"50.80"
"Incidence";"Scotland";"Lung";"45-59";"Female";"2002";"51.36"
"Incidence";"Scotland";"Lung";"45-59";"Female";"2003";"49.63"
"Incidence";"Scotland";"Lung";"45-59";"Female";"2004";"55.10"
"Incidence";"Scotland";"Lung";"45-59";"Female";"2005";"55.78"
"Incidence";"Scotland";"Lung";"45-59";"Female";"2006";"55.14"
"Incidence";"Scotland";"Lung";"45-59";"Female";"2007";"54.58"
"Incidence";"Scotland";"Lung";"45-59";"Female";"2008";"53.43"
"Incidence";"Scotland";"Lung";"45-59";"Female";"2009";"50.73"
"Incidence";"Scotland";"Lung";"45-59";"Female";"2010";"50.48"
"Incidence";"Scotland";"Lung";"45-59";"Female";"2011";"54.69"
"Incidence";"Scotland";"Lung";"45-59";"Female";"2012";"47.22"
"Incidence";"Scotland";"Lung";"45-59";"Female";"2013";"54.30"
"Incidence";"Scotland";"Lung";"45-59";"Male";"1975";"159.13"
"Incidence";"Scotland";"Lung";"45-59";"Male";"1976";"158.30"
"Incidence";"Scotland";"Lung";"45-59";"Male";"1977";"147.55"
"Incidence";"Scotland";"Lung";"45-59";"Male";"1978";"159.19"
"Incidence";"Scotland";"Lung";"45-59";"Male";"1979";"162.47"
"Incidence";"Scotland";"Lung";"45-59";"Male";"1980";"154.91"
"Incidence";"Scotland";"Lung";"45-59";"Male";"1981";"149.22"
"Incidence";"Scotland";"Lung";"45-59";"Male";"1982";"152.61"
"Incidence";"Scotland";"Lung";"45-59";"Male";"1983";"134.91"
"Incidence";"Scotland";"Lung";"45-59";"Male";"1984";"141.31"
"Incidence";"Scotland";"Lung";"45-59";"Male";"1985";"139.19"
"Incidence";"Scotland";"Lung";"45-59";"Male";"1986";"121.74"
"Incidence";"Scotland";"Lung";"45-59";"Male";"1987";"129.90"
"Incidence";"Scotland";"Lung";"45-59";"Male";"1988";"115.68"
"Incidence";"Scotland";"Lung";"45-59";"Male";"1989";"103.33"
"Incidence";"Scotland";"Lung";"45-59";"Male";"1990";"108.86"
"Incidence";"Scotland";"Lung";"45-59";"Male";"1991";"101.63"
"Incidence";"Scotland";"Lung";"45-59";"Male";"1992";"95.88"
"Incidence";"Scotland";"Lung";"45-59";"Male";"1993";"95.89"
"Incidence";"Scotland";"Lung";"45-59";"Male";"1994";"85.21"
"Incidence";"Scotland";"Lung";"45-59";"Male";"1995";"87.61"
"Incidence";"Scotland";"Lung";"45-59";"Male";"1996";"99.93"
"Incidence";"Scotland";"Lung";"45-59";"Male";"1997";"79.23"
"Incidence";"Scotland";"Lung";"45-59";"Male";"1998";"82.49"
"Incidence";"Scotland";"Lung";"45-59";"Male";"1999";"75.11"
"Incidence";"Scotland";"Lung";"45-59";"Male";"2000";"78.44"
"Incidence";"Scotland";"Lung";"45-59";"Male";"2001";"75.96"
"Incidence";"Scotland";"Lung";"45-59";"Male";"2002";"66.41"
"Incidence";"Scotland";"Lung";"45-59";"Male";"2003";"61.73"
"Incidence";"Scotland";"Lung";"45-59";"Male";"2004";"67.60"
"Incidence";"Scotland";"Lung";"45-59";"Male";"2005";"68.18"
"Incidence";"Scotland";"Lung";"45-59";"Male";"2006";"61.77"
"Incidence";"Scotland";"Lung";"45-59";"Male";"2007";"68.28"
"Incidence";"Scotland";"Lung";"45-59";"Male";"2008";"60.32"
"Incidence";"Scotland";"Lung";"45-59";"Male";"2009";"63.81"
"Incidence";"Scotland";"Lung";"45-59";"Male";"2010";"57.76"
"Incidence";"Scotland";"Lung";"45-59";"Male";"2011";"47.66"
"Incidence";"Scotland";"Lung";"45-59";"Male";"2012";"52.35"
"Incidence";"Scotland";"Lung";"45-59";"Male";"2013";"59.55"
"Mortality";"Scotland";"Lung";"45-59";"Female";"1975";"0.00"
"Mortality";"Scotland";"Lung";"45-59";"Female";"1976";"0.00"
"Mortality";"Scotland";"Lung";"45-59";"Female";"1977";"0.00"
"Mortality";"Scotland";"Lung";"45-59";"Female";"1978";"0.00"
"Mortality";"Scotland";"Lung";"45-59";"Female";"1979";"0.00"
"Mortality";"Scotland";"Lung";"45-59";"Female";"1980";"0.00"
"Mortality";"Scotland";"Lung";"45-59";"Female";"1981";"0.00"
"Mortality";"Scotland";"Lung";"45-59";"Female";"1982";"0.00"
"Mortality";"Scotland";"Lung";"45-59";"Female";"1983";"0.00"
"Mortality";"Scotland";"Lung";"45-59";"Female";"1984";"0.00"
"Mortality";"Scotland";"Lung";"45-59";"Female";"1985";"0.00"
"Mortality";"Scotland";"Lung";"45-59";"Female";"1986";"0.00"
"Mortality";"Scotland";"Lung";"45-59";"Female";"1987";"0.00"
"Mortality";"Scotland";"Lung";"45-59";"Female";"1988";"0.00"
"Mortality";"Scotland";"Lung";"45-59";"Female";"1989";"0.00"
"Mortality";"Scotland";"Lung";"45-59";"Female";"1990";"0.00"
"Mortality";"Scotland";"Lung";"45-59";"Female";"1991";"0.00"
"Mortality";"Scotland";"Lung";"45-59";"Female";"1992";"0.00"
"Mortality";"Scotland";"Lung";"45-59";"Female";"1993";"0.00"
"Mortality";"Scotland";"Lung";"45-59";"Female";"1994";"0.00"
"Mortality";"Scotland";"Lung";"45-59";"Female";"1995";"0.00"
"Mortality";"Scotland";"Lung";"45-59";"Female";"1996";"0.00"
"Mortality";"Scotland";"Lung";"45-59";"Female";"1997";"0.00"
"Mortality";"Scotland";"Lung";"45-59";"Female";"1998";"0.00"
"Mortality";"Scotland";"Lung";"45-59";"Female";"1999";"0.00"
"Mortality";"Scotland";"Lung";"45-59";"Female";"2000";"42.22"
"Mortality";"Scotland";"Lung";"45-59";"Female";"2001";"41.52"
"Mortality";"Scotland";"Lung";"45-59";"Female";"2002";"37.28"
"Mortality";"Scotland";"Lung";"45-59";"Female";"2003";"35.17"
"Mortality";"Scotland";"Lung";"45-59";"Female";"2004";"42.24"
"Mortality";"Scotland";"Lung";"45-59";"Female";"2005";"39.01"
"Mortality";"Scotland";"Lung";"45-59";"Female";"2006";"42.37"
"Mortality";"Scotland";"Lung";"45-59";"Female";"2007";"36.14"
"Mortality";"Scotland";"Lung";"45-59";"Female";"2008";"41.03"
"Mortality";"Scotland";"Lung";"45-59";"Female";"2009";"35.62"
"Mortality";"Scotland";"Lung";"45-59";"Female";"2010";"38.79"
"Mortality";"Scotland";"Lung";"45-59";"Female";"2011";"34.94"
"Mortality";"Scotland";"Lung";"45-59";"Female";"2012";"38.77"
"Mortality";"Scotland";"Lung";"45-59";"Female";"2013";"32.68"
"Mortality";"Scotland";"Lung";"45-59";"Male";"1975";"0.00"
"Mortality";"Scotland";"Lung";"45-59";"Male";"1976";"0.00"
"Mortality";"Scotland";"Lung";"45-59";"Male";"1977";"0.00"
"Mortality";"Scotland";"Lung";"45-59";"Male";"1978";"0.00"
"Mortality";"Scotland";"Lung";"45-59";"Male";"1979";"0.00"
"Mortality";"Scotland";"Lung";"45-59";"Male";"1980";"0.00"
"Mortality";"Scotland";"Lung";"45-59";"Male";"1981";"0.00"
"Mortality";"Scotland";"Lung";"45-59";"Male";"1982";"0.00"
"Mortality";"Scotland";"Lung";"45-59";"Male";"1983";"0.00"
"Mortality";"Scotland";"Lung";"45-59";"Male";"1984";"0.00"
"Mortality";"Scotland";"Lung";"45-59";"Male";"1985";"0.00"
"Mortality";"Scotland";"Lung";"45-59";"Male";"1986";"0.00"
"Mortality";"Scotland";"Lung";"45-59";"Male";"1987";"0.00"
"Mortality";"Scotland";"Lung";"45-59";"Male";"1988";"0.00"
"Mortality";"Scotland";"Lung";"45-59";"Male";"1989";"0.00"
"Mortality";"Scotland";"Lung";"45-59";"Male";"1990";"0.00"
"Mortality";"Scotland";"Lung";"45-59";"Male";"1991";"0.00"
"Mortality";"Scotland";"Lung";"45-59";"Male";"1992";"0.00"
"Mortality";"Scotland";"Lung";"45-59";"Male";"1993";"0.00"
"Mortality";"Scotland";"Lung";"45-59";"Male";"1994";"0.00"
"Mortality";"Scotland";"Lung";"45-59";"Male";"1995";"0.00"
"Mortality";"Scotland";"Lung";"45-59";"Male";"1996";"0.00"
"Mortality";"Scotland";"Lung";"45-59";"Male";"1997";"0.00"
"Mortality";"Scotland";"Lung";"45-59";"Male";"1998";"0.00"
"Mortality";"Scotland";"Lung";"45-59";"Male";"1999";"0.00"
"Mortality";"Scotland";"Lung";"45-59";"Male";"2000";"54.82"
"Mortality";"Scotland";"Lung";"45-59";"Male";"2001";"60.44"
"Mortality";"Scotland";"Lung";"45-59";"Male";"2002";"56.84"
"Mortality";"Scotland";"Lung";"45-59";"Male";"2003";"52.08"
"Mortality";"Scotland";"Lung";"45-59";"Male";"2004";"51.15"
"Mortality";"Scotland";"Lung";"45-59";"Male";"2005";"53.96"
"Mortality";"Scotland";"Lung";"45-59";"Male";"2006";"52.95"
"Mortality";"Scotland";"Lung";"45-59";"Male";"2007";"51.64"
"Mortality";"Scotland";"Lung";"45-59";"Male";"2008";"47.61"
"Mortality";"Scotland";"Lung";"45-59";"Male";"2009";"48.99"
"Mortality";"Scotland";"Lung";"45-59";"Male";"2010";"42.02"
"Mortality";"Scotland";"Lung";"45-59";"Male";"2011";"42.18"
"Mortality";"Scotland";"Lung";"45-59";"Male";"2012";"33.21"
"Mortality";"Scotland";"Lung";"45-59";"Male";"2013";"39.70"
"Incidence";"Scotland";"Lung";"60-74";"Female";"1975";"101.74"
"Incidence";"Scotland";"Lung";"60-74";"Female";"1976";"104.88"
"Incidence";"Scotland";"Lung";"60-74";"Female";"1977";"124.62"
"Incidence";"Scotland";"Lung";"60-74";"Female";"1978";"135.33"
"Incidence";"Scotland";"Lung";"60-74";"Female";"1979";"140.70"
"Incidence";"Scotland";"Lung";"60-74";"Female";"1980";"155.87"
"Incidence";"Scotland";"Lung";"60-74";"Female";"1981";"156.01"
"Incidence";"Scotland";"Lung";"60-74";"Female";"1982";"170.51"
"Incidence";"Scotland";"Lung";"60-74";"Female";"1983";"173.79"
"Incidence";"Scotland";"Lung";"60-74";"Female";"1984";"192.51"
"Incidence";"Scotland";"Lung";"60-74";"Female";"1985";"198.70"
"Incidence";"Scotland";"Lung";"60-74";"Female";"1986";"201.04"
"Incidence";"Scotland";"Lung";"60-74";"Female";"1987";"198.68"
"Incidence";"Scotland";"Lung";"60-74";"Female";"1988";"208.80"
"Incidence";"Scotland";"Lung";"60-74";"Female";"1989";"213.45"
"Incidence";"Scotland";"Lung";"60-74";"Female";"1990";"231.26"
"Incidence";"Scotland";"Lung";"60-74";"Female";"1991";"224.48"
"Incidence";"Scotland";"Lung";"60-74";"Female";"1992";"242.67"
"Incidence";"Scotland";"Lung";"60-74";"Female";"1993";"233.46"
"Incidence";"Scotland";"Lung";"60-74";"Female";"1994";"238.94"
"Incidence";"Scotland";"Lung";"60-74";"Female";"1995";"242.59"
"Incidence";"Scotland";"Lung";"60-74";"Female";"1996";"260.68"
"Incidence";"Scotland";"Lung";"60-74";"Female";"1997";"245.70"
"Incidence";"Scotland";"Lung";"60-74";"Female";"1998";"253.07"
"Incidence";"Scotland";"Lung";"60-74";"Female";"1999";"231.76"
"Incidence";"Scotland";"Lung";"60-74";"Female";"2000";"236.16"
"Incidence";"Scotland";"Lung";"60-74";"Female";"2001";"222.67"
"Incidence";"Scotland";"Lung";"60-74";"Female";"2002";"247.06"
"Incidence";"Scotland";"Lung";"60-74";"Female";"2003";"235.42"
"Incidence";"Scotland";"Lung";"60-74";"Female";"2004";"242.27"
"Incidence";"Scotland";"Lung";"60-74";"Female";"2005";"239.96"
"Incidence";"Scotland";"Lung";"60-74";"Female";"2006";"251.49"
"Incidence";"Scotland";"Lung";"60-74";"Female";"2007";"254.22"
"Incidence";"Scotland";"Lung";"60-74";"Female";"2008";"246.94"
"Incidence";"Scotland";"Lung";"60-74";"Female";"2009";"254.97"
"Incidence";"Scotland";"Lung";"60-74";"Female";"2010";"249.29"
"Incidence";"Scotland";"Lung";"60-74";"Female";"2011";"252.37"
"Incidence";"Scotland";"Lung";"60-74";"Female";"2012";"261.11"
"Incidence";"Scotland";"Lung";"60-74";"Female";"2013";"258.69"
"Incidence";"Scotland";"Lung";"60-74";"Male";"1975";"595.29"
"Incidence";"Scotland";"Lung";"60-74";"Male";"1976";"580.39"
"Incidence";"Scotland";"Lung";"60-74";"Male";"1977";"551.00"
"Incidence";"Scotland";"Lung";"60-74";"Male";"1978";"614.56"
"Incidence";"Scotland";"Lung";"60-74";"Male";"1979";"629.96"
"Incidence";"Scotland";"Lung";"60-74";"Male";"1980";"593.76"
"Incidence";"Scotland";"Lung";"60-74";"Male";"1981";"578.29"
"Incidence";"Scotland";"Lung";"60-74";"Male";"1982";"556.68"
"Incidence";"Scotland";"Lung";"60-74";"Male";"1983";"583.75"
"Incidence";"Scotland";"Lung";"60-74";"Male";"1984";"572.41"
"Incidence";"Scotland";"Lung";"60-74";"Male";"1985";"566.56"
"Incidence";"Scotland";"Lung";"60-74";"Male";"1986";"537.58"
"Incidence";"Scotland";"Lung";"60-74";"Male";"1987";"527.19"
"Incidence";"Scotland";"Lung";"60-74";"Male";"1988";"517.05"
"Incidence";"Scotland";"Lung";"60-74";"Male";"1989";"526.03"
"Incidence";"Scotland";"Lung";"60-74";"Male";"1990";"515.99"
"Incidence";"Scotland";"Lung";"60-74";"Male";"1991";"520.18"
"Incidence";"Scotland";"Lung";"60-74";"Male";"1992";"534.82"
"Incidence";"Scotland";"Lung";"60-74";"Male";"1993";"507.39"
"Incidence";"Scotland";"Lung";"60-74";"Male";"1994";"492.18"
"Incidence";"Scotland";"Lung";"60-74";"Male";"1995";"472.74"
"Incidence";"Scotland";"Lung";"60-74";"Male";"1996";"462.21"
"Incidence";"Scotland";"Lung";"60-74";"Male";"1997";"448.34"
"Incidence";"Scotland";"Lung";"60-74";"Male";"1998";"439.19"
"Incidence";"Scotland";"Lung";"60-74";"Male";"1999";"408.96"
"Incidence";"Scotland";"Lung";"60-74";"Male";"2000";"387.80"
"Incidence";"Scotland";"Lung";"60-74";"Male";"2001";"391.86"
"Incidence";"Scotland";"Lung";"60-74";"Male";"2002";"400.57"
"Incidence";"Scotland";"Lung";"60-74";"Male";"2003";"376.58"
"Incidence";"Scotland";"Lung";"60-74";"Male";"2004";"368.16"
"Incidence";"Scotland";"Lung";"60-74";"Male";"2005";"350.80"
"Incidence";"Scotland";"Lung";"60-74";"Male";"2006";"349.36"
"Incidence";"Scotland";"Lung";"60-74";"Male";"2007";"325.98"
"Incidence";"Scotland";"Lung";"60-74";"Male";"2008";"329.24"
"Incidence";"Scotland";"Lung";"60-74";"Male";"2009";"326.18"
"Incidence";"Scotland";"Lung";"60-74";"Male";"2010";"310.40"
"Incidence";"Scotland";"Lung";"60-74";"Male";"2011";"306.61"
"Incidence";"Scotland";"Lung";"60-74";"Male";"2012";"308.51"
"Incidence";"Scotland";"Lung";"60-74";"Male";"2013";"297.54"
"Mortality";"Scotland";"Lung";"60-74";"Male";"1975";"0.00"
"Mortality";"Scotland";"Lung";"60-74";"Male";"1976";"0.00"
"Mortality";"Scotland";"Lung";"60-74";"Male";"1977";"0.00"
"Mortality";"Scotland";"Lung";"60-74";"Male";"1978";"0.00"
"Mortality";"Scotland";"Lung";"60-74";"Male";"1979";"0.00"
"Mortality";"Scotland";"Lung";"60-74";"Male";"1980";"0.00"
"Mortality";"Scotland";"Lung";"60-74";"Male";"1981";"0.00"
"Mortality";"Scotland";"Lung";"60-74";"Male";"1982";"0.00"
"Mortality";"Scotland";"Lung";"60-74";"Male";"1983";"0.00"
"Mortality";"Scotland";"Lung";"60-74";"Male";"1984";"0.00"
"Mortality";"Scotland";"Lung";"60-74";"Male";"1985";"0.00"
"Mortality";"Scotland";"Lung";"60-74";"Male";"1986";"0.00"
"Mortality";"Scotland";"Lung";"60-74";"Male";"1987";"0.00"
"Mortality";"Scotland";"Lung";"60-74";"Male";"1988";"0.00"
"Mortality";"Scotland";"Lung";"60-74";"Male";"1989";"0.00"
"Mortality";"Scotland";"Lung";"60-74";"Male";"1990";"0.00"
"Mortality";"Scotland";"Lung";"60-74";"Male";"1991";"0.00"
"Mortality";"Scotland";"Lung";"60-74";"Male";"1992";"0.00"
"Mortality";"Scotland";"Lung";"60-74";"Male";"1993";"0.00"
"Mortality";"Scotland";"Lung";"60-74";"Male";"1994";"0.00"
"Mortality";"Scotland";"Lung";"60-74";"Male";"1995";"0.00"
"Mortality";"Scotland";"Lung";"60-74";"Male";"1996";"0.00"
"Mortality";"Scotland";"Lung";"60-74";"Male";"1997";"0.00"
"Mortality";"Scotland";"Lung";"60-74";"Male";"1998";"0.00"
"Mortality";"Scotland";"Lung";"60-74";"Male";"1999";"0.00"
"Mortality";"Scotland";"Lung";"60-74";"Male";"2000";"332.31"
"Mortality";"Scotland";"Lung";"60-74";"Male";"2001";"342.95"
"Mortality";"Scotland";"Lung";"60-74";"Male";"2002";"353.82"
"Mortality";"Scotland";"Lung";"60-74";"Male";"2003";"308.99"
"Mortality";"Scotland";"Lung";"60-74";"Male";"2004";"311.41"
"Mortality";"Scotland";"Lung";"60-74";"Male";"2005";"294.98"
"Mortality";"Scotland";"Lung";"60-74";"Male";"2006";"276.65"
"Mortality";"Scotland";"Lung";"60-74";"Male";"2007";"273.00"
"Mortality";"Scotland";"Lung";"60-74";"Male";"2008";"263.67"
"Mortality";"Scotland";"Lung";"60-74";"Male";"2009";"260.78"
"Mortality";"Scotland";"Lung";"60-74";"Male";"2010";"242.08"
"Mortality";"Scotland";"Lung";"60-74";"Male";"2011";"251.46"
"Mortality";"Scotland";"Lung";"60-74";"Male";"2012";"240.20"
"Mortality";"Scotland";"Lung";"60-74";"Male";"2013";"231.86"
"Mortality";"Scotland";"Lung";"60-74";"Female";"1975";"0.00"
"Mortality";"Scotland";"Lung";"60-74";"Female";"1976";"0.00"
"Mortality";"Scotland";"Lung";"60-74";"Female";"1977";"0.00"
"Mortality";"Scotland";"Lung";"60-74";"Female";"1978";"0.00"
"Mortality";"Scotland";"Lung";"60-74";"Female";"1979";"0.00"
"Mortality";"Scotland";"Lung";"60-74";"Female";"1980";"0.00"
"Mortality";"Scotland";"Lung";"60-74";"Female";"1981";"0.00"
"Mortality";"Scotland";"Lung";"60-74";"Female";"1982";"0.00"
"Mortality";"Scotland";"Lung";"60-74";"Female";"1983";"0.00"
"Mortality";"Scotland";"Lung";"60-74";"Female";"1984";"0.00"
"Mortality";"Scotland";"Lung";"60-74";"Female";"1985";"0.00"
"Mortality";"Scotland";"Lung";"60-74";"Female";"1986";"0.00"
"Mortality";"Scotland";"Lung";"60-74";"Female";"1987";"0.00"
"Mortality";"Scotland";"Lung";"60-74";"Female";"1988";"0.00"
"Mortality";"Scotland";"Lung";"60-74";"Female";"1989";"0.00"
"Mortality";"Scotland";"Lung";"60-74";"Female";"1990";"0.00"
"Mortality";"Scotland";"Lung";"60-74";"Female";"1991";"0.00"
"Mortality";"Scotland";"Lung";"60-74";"Female";"1992";"0.00"
"Mortality";"Scotland";"Lung";"60-74";"Female";"1993";"0.00"
"Mortality";"Scotland";"Lung";"60-74";"Female";"1994";"0.00"
"Mortality";"Scotland";"Lung";"60-74";"Female";"1995";"0.00"
"Mortality";"Scotland";"Lung";"60-74";"Female";"1996";"0.00"
"Mortality";"Scotland";"Lung";"60-74";"Female";"1997";"0.00"
"Mortality";"Scotland";"Lung";"60-74";"Female";"1998";"0.00"
"Mortality";"Scotland";"Lung";"60-74";"Female";"1999";"0.00"
"Mortality";"Scotland";"Lung";"60-74";"Female";"2000";"198.41"
"Mortality";"Scotland";"Lung";"60-74";"Female";"2001";"187.43"
"Mortality";"Scotland";"Lung";"60-74";"Female";"2002";"206.41"
"Mortality";"Scotland";"Lung";"60-74";"Female";"2003";"190.40"
"Mortality";"Scotland";"Lung";"60-74";"Female";"2004";"184.21"
"Mortality";"Scotland";"Lung";"60-74";"Female";"2005";"192.32"
"Mortality";"Scotland";"Lung";"60-74";"Female";"2006";"204.35"
"Mortality";"Scotland";"Lung";"60-74";"Female";"2007";"201.19"
"Mortality";"Scotland";"Lung";"60-74";"Female";"2008";"195.03"
"Mortality";"Scotland";"Lung";"60-74";"Female";"2009";"197.73"
"Mortality";"Scotland";"Lung";"60-74";"Female";"2010";"194.63"
"Mortality";"Scotland";"Lung";"60-74";"Female";"2011";"195.56"
"Mortality";"Scotland";"Lung";"60-74";"Female";"2012";"194.62"
"Mortality";"Scotland";"Lung";"60-74";"Female";"2013";"194.01"
"Incidence";"Scotland";"Lung";"75-85+";"Female";"1975";"91.34"
"Incidence";"Scotland";"Lung";"75-85+";"Female";"1976";"102.19"
"Incidence";"Scotland";"Lung";"75-85+";"Female";"1977";"118.93"
"Incidence";"Scotland";"Lung";"75-85+";"Female";"1978";"118.74"
"Incidence";"Scotland";"Lung";"75-85+";"Female";"1979";"128.31"
"Incidence";"Scotland";"Lung";"75-85+";"Female";"1980";"126.80"
"Incidence";"Scotland";"Lung";"75-85+";"Female";"1981";"145.30"
"Incidence";"Scotland";"Lung";"75-85+";"Female";"1982";"176.16"
"Incidence";"Scotland";"Lung";"75-85+";"Female";"1983";"165.05"
"Incidence";"Scotland";"Lung";"75-85+";"Female";"1984";"165.43"
"Incidence";"Scotland";"Lung";"75-85+";"Female";"1985";"200.10"
"Incidence";"Scotland";"Lung";"75-85+";"Female";"1986";"187.63"
"Incidence";"Scotland";"Lung";"75-85+";"Female";"1987";"204.96"
"Incidence";"Scotland";"Lung";"75-85+";"Female";"1988";"210.32"
"Incidence";"Scotland";"Lung";"75-85+";"Female";"1989";"187.91"
"Incidence";"Scotland";"Lung";"75-85+";"Female";"1990";"229.26"
"Incidence";"Scotland";"Lung";"75-85+";"Female";"1991";"250.45"
"Incidence";"Scotland";"Lung";"75-85+";"Female";"1992";"264.12"
"Incidence";"Scotland";"Lung";"75-85+";"Female";"1993";"255.95"
"Incidence";"Scotland";"Lung";"75-85+";"Female";"1994";"277.04"
"Incidence";"Scotland";"Lung";"75-85+";"Female";"1995";"300.05"
"Incidence";"Scotland";"Lung";"75-85+";"Female";"1996";"317.91"
"Incidence";"Scotland";"Lung";"75-85+";"Female";"1997";"312.02"
"Incidence";"Scotland";"Lung";"75-85+";"Female";"1998";"301.00"
"Incidence";"Scotland";"Lung";"75-85+";"Female";"1999";"328.14"
"Incidence";"Scotland";"Lung";"75-85+";"Female";"2000";"353.34"
"Incidence";"Scotland";"Lung";"75-85+";"Female";"2001";"307.69"
"Incidence";"Scotland";"Lung";"75-85+";"Female";"2002";"340.16"
"Incidence";"Scotland";"Lung";"75-85+";"Female";"2003";"351.97"
"Incidence";"Scotland";"Lung";"75-85+";"Female";"2004";"387.43"
"Incidence";"Scotland";"Lung";"75-85+";"Female";"2005";"365.61"
"Incidence";"Scotland";"Lung";"75-85+";"Female";"2006";"389.64"
"Incidence";"Scotland";"Lung";"75-85+";"Female";"2007";"409.71"
"Incidence";"Scotland";"Lung";"75-85+";"Female";"2008";"433.06"
"Incidence";"Scotland";"Lung";"75-85+";"Female";"2009";"409.34"
"Incidence";"Scotland";"Lung";"75-85+";"Female";"2010";"424.74"
"Incidence";"Scotland";"Lung";"75-85+";"Female";"2011";"426.86"
"Incidence";"Scotland";"Lung";"75-85+";"Female";"2012";"442.47"
"Incidence";"Scotland";"Lung";"75-85+";"Female";"2013";"427.55"
"Incidence";"Scotland";"Lung";"75-85+";"Male";"1975";"807.78"
"Incidence";"Scotland";"Lung";"75-85+";"Male";"1976";"715.18"
"Incidence";"Scotland";"Lung";"75-85+";"Male";"1977";"806.48"
"Incidence";"Scotland";"Lung";"75-85+";"Male";"1978";"818.71"
"Incidence";"Scotland";"Lung";"75-85+";"Male";"1979";"891.29"
"Incidence";"Scotland";"Lung";"75-85+";"Male";"1980";"927.34"
"Incidence";"Scotland";"Lung";"75-85+";"Male";"1981";"886.97"
"Incidence";"Scotland";"Lung";"75-85+";"Male";"1982";"875.31"
"Incidence";"Scotland";"Lung";"75-85+";"Male";"1983";"953.08"
"Incidence";"Scotland";"Lung";"75-85+";"Male";"1984";"980.43"
"Incidence";"Scotland";"Lung";"75-85+";"Male";"1985";"918.45"
"Incidence";"Scotland";"Lung";"75-85+";"Male";"1986";"904.60"
"Incidence";"Scotland";"Lung";"75-85+";"Male";"1987";"933.59"
"Incidence";"Scotland";"Lung";"75-85+";"Male";"1988";"862.99"
"Incidence";"Scotland";"Lung";"75-85+";"Male";"1989";"852.81"
"Incidence";"Scotland";"Lung";"75-85+";"Male";"1990";"790.03"
"Incidence";"Scotland";"Lung";"75-85+";"Male";"1991";"877.46"
"Incidence";"Scotland";"Lung";"75-85+";"Male";"1992";"859.76"
"Incidence";"Scotland";"Lung";"75-85+";"Male";"1993";"884.62"
"Incidence";"Scotland";"Lung";"75-85+";"Male";"1994";"888.97"
"Incidence";"Scotland";"Lung";"75-85+";"Male";"1995";"817.32"
"Incidence";"Scotland";"Lung";"75-85+";"Male";"1996";"786.65"
"Incidence";"Scotland";"Lung";"75-85+";"Male";"1997";"798.11"
"Incidence";"Scotland";"Lung";"75-85+";"Male";"1998";"732.25"
"Incidence";"Scotland";"Lung";"75-85+";"Male";"1999";"740.04"
"Incidence";"Scotland";"Lung";"75-85+";"Male";"2000";"703.78"
"Incidence";"Scotland";"Lung";"75-85+";"Male";"2001";"679.00"
"Incidence";"Scotland";"Lung";"75-85+";"Male";"2002";"752.00"
"Incidence";"Scotland";"Lung";"75-85+";"Male";"2003";"699.41"
"Incidence";"Scotland";"Lung";"75-85+";"Male";"2004";"698.14"
"Incidence";"Scotland";"Lung";"75-85+";"Male";"2005";"709.12"
"Incidence";"Scotland";"Lung";"75-85+";"Male";"2006";"705.44"
"Incidence";"Scotland";"Lung";"75-85+";"Male";"2007";"703.10"
"Incidence";"Scotland";"Lung";"75-85+";"Male";"2008";"639.89"
"Incidence";"Scotland";"Lung";"75-85+";"Male";"2009";"715.26"
"Incidence";"Scotland";"Lung";"75-85+";"Male";"2010";"646.86"
"Incidence";"Scotland";"Lung";"75-85+";"Male";"2011";"693.22"
"Incidence";"Scotland";"Lung";"75-85+";"Male";"2012";"647.55"
"Incidence";"Scotland";"Lung";"75-85+";"Male";"2013";"613.86"
"Mortality";"Scotland";"Lung";"75-85+";"Male";"1975";"0.00"
"Mortality";"Scotland";"Lung";"75-85+";"Male";"1976";"0.00"
"Mortality";"Scotland";"Lung";"75-85+";"Male";"1977";"0.00"
"Mortality";"Scotland";"Lung";"75-85+";"Male";"1978";"0.00"
"Mortality";"Scotland";"Lung";"75-85+";"Male";"1979";"0.00"
"Mortality";"Scotland";"Lung";"75-85+";"Male";"1980";"0.00"
"Mortality";"Scotland";"Lung";"75-85+";"Male";"1981";"0.00"
"Mortality";"Scotland";"Lung";"75-85+";"Male";"1982";"0.00"
"Mortality";"Scotland";"Lung";"75-85+";"Male";"1983";"0.00"
"Mortality";"Scotland";"Lung";"75-85+";"Male";"1984";"0.00"
"Mortality";"Scotland";"Lung";"75-85+";"Male";"1985";"0.00"
"Mortality";"Scotland";"Lung";"75-85+";"Male";"1986";"0.00"
"Mortality";"Scotland";"Lung";"75-85+";"Male";"1987";"0.00"
"Mortality";"Scotland";"Lung";"75-85+";"Male";"1988";"0.00"
"Mortality";"Scotland";"Lung";"75-85+";"Male";"1989";"0.00"
"Mortality";"Scotland";"Lung";"75-85+";"Male";"1990";"0.00"
"Mortality";"Scotland";"Lung";"75-85+";"Male";"1991";"0.00"
"Mortality";"Scotland";"Lung";"75-85+";"Male";"1992";"0.00"
"Mortality";"Scotland";"Lung";"75-85+";"Male";"1993";"0.00"
"Mortality";"Scotland";"Lung";"75-85+";"Male";"1994";"0.00"
"Mortality";"Scotland";"Lung";"75-85+";"Male";"1995";"0.00"
"Mortality";"Scotland";"Lung";"75-85+";"Male";"1996";"0.00"
"Mortality";"Scotland";"Lung";"75-85+";"Male";"1997";"0.00"
"Mortality";"Scotland";"Lung";"75-85+";"Male";"1998";"0.00"
"Mortality";"Scotland";"Lung";"75-85+";"Male";"1999";"0.00"
"Mortality";"Scotland";"Lung";"75-85+";"Male";"2000";"705.41"
"Mortality";"Scotland";"Lung";"75-85+";"Male";"2001";"675.04"
"Mortality";"Scotland";"Lung";"75-85+";"Male";"2002";"670.51"
"Mortality";"Scotland";"Lung";"75-85+";"Male";"2003";"674.95"
"Mortality";"Scotland";"Lung";"75-85+";"Male";"2004";"618.08"
"Mortality";"Scotland";"Lung";"75-85+";"Male";"2005";"654.24"
"Mortality";"Scotland";"Lung";"75-85+";"Male";"2006";"651.94"
"Mortality";"Scotland";"Lung";"75-85+";"Male";"2007";"673.92"
"Mortality";"Scotland";"Lung";"75-85+";"Male";"2008";"595.78"
"Mortality";"Scotland";"Lung";"75-85+";"Male";"2009";"611.38"
"Mortality";"Scotland";"Lung";"75-85+";"Male";"2010";"599.28"
"Mortality";"Scotland";"Lung";"75-85+";"Male";"2011";"605.70"
"Mortality";"Scotland";"Lung";"75-85+";"Male";"2012";"569.50"
"Mortality";"Scotland";"Lung";"75-85+";"Male";"2013";"568.70"
"Mortality";"Scotland";"Lung";"75-85+";"Female";"1975";"0.00"
"Mortality";"Scotland";"Lung";"75-85+";"Female";"1976";"0.00"
"Mortality";"Scotland";"Lung";"75-85+";"Female";"1977";"0.00"
"Mortality";"Scotland";"Lung";"75-85+";"Female";"1978";"0.00"
"Mortality";"Scotland";"Lung";"75-85+";"Female";"1979";"0.00"
"Mortality";"Scotland";"Lung";"75-85+";"Female";"1980";"0.00"
"Mortality";"Scotland";"Lung";"75-85+";"Female";"1981";"0.00"
"Mortality";"Scotland";"Lung";"75-85+";"Female";"1982";"0.00"
"Mortality";"Scotland";"Lung";"75-85+";"Female";"1983";"0.00"
"Mortality";"Scotland";"Lung";"75-85+";"Female";"1984";"0.00"
"Mortality";"Scotland";"Lung";"75-85+";"Female";"1985";"0.00"
"Mortality";"Scotland";"Lung";"75-85+";"Female";"1986";"0.00"
"Mortality";"Scotland";"Lung";"75-85+";"Female";"1987";"0.00"
"Mortality";"Scotland";"Lung";"75-85+";"Female";"1988";"0.00"
"Mortality";"Scotland";"Lung";"75-85+";"Female";"1989";"0.00"
"Mortality";"Scotland";"Lung";"75-85+";"Female";"1990";"0.00"
"Mortality";"Scotland";"Lung";"75-85+";"Female";"1991";"0.00"
"Mortality";"Scotland";"Lung";"75-85+";"Female";"1992";"0.00"
"Mortality";"Scotland";"Lung";"75-85+";"Female";"1993";"0.00"
"Mortality";"Scotland";"Lung";"75-85+";"Female";"1994";"0.00"
"Mortality";"Scotland";"Lung";"75-85+";"Female";"1995";"0.00"
"Mortality";"Scotland";"Lung";"75-85+";"Female";"1996";"0.00"
"Mortality";"Scotland";"Lung";"75-85+";"Female";"1997";"0.00"
"Mortality";"Scotland";"Lung";"75-85+";"Female";"1998";"0.00"
"Mortality";"Scotland";"Lung";"75-85+";"Female";"1999";"0.00"
"Mortality";"Scotland";"Lung";"75-85+";"Female";"2000";"313.16"
"Mortality";"Scotland";"Lung";"75-85+";"Female";"2001";"297.02"
"Mortality";"Scotland";"Lung";"75-85+";"Female";"2002";"306.99"
"Mortality";"Scotland";"Lung";"75-85+";"Female";"2003";"326.89"
"Mortality";"Scotland";"Lung";"75-85+";"Female";"2004";"342.18"
"Mortality";"Scotland";"Lung";"75-85+";"Female";"2005";"350.50"
"Mortality";"Scotland";"Lung";"75-85+";"Female";"2006";"352.63"
"Mortality";"Scotland";"Lung";"75-85+";"Female";"2007";"350.76"
"Mortality";"Scotland";"Lung";"75-85+";"Female";"2008";"377.75"
"Mortality";"Scotland";"Lung";"75-85+";"Female";"2009";"367.02"
"Mortality";"Scotland";"Lung";"75-85+";"Female";"2010";"355.96"
"Mortality";"Scotland";"Lung";"75-85+";"Female";"2011";"368.83"
"Mortality";"Scotland";"Lung";"75-85+";"Female";"2012";"396.49"
"Mortality";"Scotland";"Lung";"75-85+";"Female";"2013";"367.86"
"Incidence";"Northern Ireland";"Lung";"0-14";"Female";"1993";"0.00"
"Incidence";"Northern Ireland";"Lung";"0-14";"Female";"1994";"0.00"
"Incidence";"Northern Ireland";"Lung";"0-14";"Female";"1995";"0.00"
"Incidence";"Northern Ireland";"Lung";"0-14";"Female";"1996";"0.00"
"Incidence";"Northern Ireland";"Lung";"0-14";"Female";"1997";"0.00"
"Incidence";"Northern Ireland";"Lung";"0-14";"Female";"1998";"0.00"
"Incidence";"Northern Ireland";"Lung";"0-14";"Female";"1999";"0.00"
"Incidence";"Northern Ireland";"Lung";"0-14";"Female";"2000";"0.00"
"Incidence";"Northern Ireland";"Lung";"0-14";"Female";"2001";"0.00"
"Incidence";"Northern Ireland";"Lung";"0-14";"Female";"2002";"0.00"
"Incidence";"Northern Ireland";"Lung";"0-14";"Female";"2003";"0.00"
"Incidence";"Northern Ireland";"Lung";"0-14";"Female";"2004";"0.00"
"Incidence";"Northern Ireland";"Lung";"0-14";"Female";"2005";"0.00"
"Incidence";"Northern Ireland";"Lung";"0-14";"Female";"2006";"0.00"
"Incidence";"Northern Ireland";"Lung";"0-14";"Female";"2007";"0.00"
"Incidence";"Northern Ireland";"Lung";"0-14";"Female";"2008";"0.00"
"Incidence";"Northern Ireland";"Lung";"0-14";"Female";"2009";"0.58"
"Incidence";"Northern Ireland";"Lung";"0-14";"Female";"2010";"0.00"
"Incidence";"Northern Ireland";"Lung";"0-14";"Female";"2011";"0.00"
"Incidence";"Northern Ireland";"Lung";"0-14";"Female";"2012";"0.00"
"Incidence";"Northern Ireland";"Lung";"0-14";"Female";"2013";"0.00"
"Incidence";"Northern Ireland";"Lung";"0-14";"Female";"2014";"0.00"
"Incidence";"Northern Ireland";"Lung";"0-14";"Female";"2015";"0.00"
"Incidence";"Northern Ireland";"Lung";"0-14";"Female";"2016";"0.56"
"Incidence";"Northern Ireland";"Lung";"0-14";"Female";"2017";"0.00"
"Incidence";"Northern Ireland";"Lung";"0-14";"Female";"2018";"0.00"
"Incidence";"Northern Ireland";"Lung";"0-14";"Female";"2019";"0.00"
"Incidence";"Northern Ireland";"Lung";"0-14";"Male";"1993";"0.00"
"Incidence";"Northern Ireland";"Lung";"0-14";"Male";"1994";"0.00"
"Incidence";"Northern Ireland";"Lung";"0-14";"Male";"1995";"0.00"
"Incidence";"Northern Ireland";"Lung";"0-14";"Male";"1996";"0.00"
"Incidence";"Northern Ireland";"Lung";"0-14";"Male";"1997";"0.00"
"Incidence";"Northern Ireland";"Lung";"0-14";"Male";"1998";"0.00"
"Incidence";"Northern Ireland";"Lung";"0-14";"Male";"1999";"0.00"
"Incidence";"Northern Ireland";"Lung";"0-14";"Male";"2000";"0.00"
"Incidence";"Northern Ireland";"Lung";"0-14";"Male";"2001";"0.00"
"Incidence";"Northern Ireland";"Lung";"0-14";"Male";"2002";"0.00"
"Incidence";"Northern Ireland";"Lung";"0-14";"Male";"2003";"0.00"
"Incidence";"Northern Ireland";"Lung";"0-14";"Male";"2004";"0.00"
"Incidence";"Northern Ireland";"Lung";"0-14";"Male";"2005";"0.00"
"Incidence";"Northern Ireland";"Lung";"0-14";"Male";"2006";"0.00"
"Incidence";"Northern Ireland";"Lung";"0-14";"Male";"2007";"0.00"
"Incidence";"Northern Ireland";"Lung";"0-14";"Male";"2008";"0.00"
"Incidence";"Northern Ireland";"Lung";"0-14";"Male";"2009";"0.00"
"Incidence";"Northern Ireland";"Lung";"0-14";"Male";"2010";"0.00"
"Incidence";"Northern Ireland";"Lung";"0-14";"Male";"2011";"0.00"
"Incidence";"Northern Ireland";"Lung";"0-14";"Male";"2012";"0.00"
"Incidence";"Northern Ireland";"Lung";"0-14";"Male";"2013";"0.00"
"Incidence";"Northern Ireland";"Lung";"0-14";"Male";"2014";"0.00"
"Incidence";"Northern Ireland";"Lung";"0-14";"Male";"2015";"0.00"
"Incidence";"Northern Ireland";"Lung";"0-14";"Male";"2016";"0.00"
"Incidence";"Northern Ireland";"Lung";"0-14";"Male";"2017";"0.00"
"Incidence";"Northern Ireland";"Lung";"0-14";"Male";"2018";"0.00"
"Incidence";"Northern Ireland";"Lung";"0-14";"Male";"2019";"0.00"
"Mortality";"Northern Ireland";"Lung";"0-14";"Female";"1993";"0.00"
"Mortality";"Northern Ireland";"Lung";"0-14";"Female";"1994";"0.00"
"Mortality";"Northern Ireland";"Lung";"0-14";"Female";"1995";"0.00"
"Mortality";"Northern Ireland";"Lung";"0-14";"Female";"1996";"0.00"
"Mortality";"Northern Ireland";"Lung";"0-14";"Female";"1997";"0.00"
"Mortality";"Northern Ireland";"Lung";"0-14";"Female";"1998";"0.00"
"Mortality";"Northern Ireland";"Lung";"0-14";"Female";"1999";"0.00"
"Mortality";"Northern Ireland";"Lung";"0-14";"Female";"2000";"0.00"
"Mortality";"Northern Ireland";"Lung";"0-14";"Female";"2001";"0.00"
"Mortality";"Northern Ireland";"Lung";"0-14";"Female";"2002";"0.00"
"Mortality";"Northern Ireland";"Lung";"0-14";"Female";"2003";"0.00"
"Mortality";"Northern Ireland";"Lung";"0-14";"Female";"2004";"0.00"
"Mortality";"Northern Ireland";"Lung";"0-14";"Female";"2005";"0.00"
"Mortality";"Northern Ireland";"Lung";"0-14";"Female";"2006";"0.00"
"Mortality";"Northern Ireland";"Lung";"0-14";"Female";"2007";"0.00"
"Mortality";"Northern Ireland";"Lung";"0-14";"Female";"2008";"0.00"
"Mortality";"Northern Ireland";"Lung";"0-14";"Female";"2009";"0.00"
"Mortality";"Northern Ireland";"Lung";"0-14";"Female";"2010";"0.00"
"Mortality";"Northern Ireland";"Lung";"0-14";"Female";"2011";"0.00"
"Mortality";"Northern Ireland";"Lung";"0-14";"Female";"2012";"0.00"
"Mortality";"Northern Ireland";"Lung";"0-14";"Female";"2013";"0.00"
"Mortality";"Northern Ireland";"Lung";"0-14";"Female";"2014";"0.00"
"Mortality";"Northern Ireland";"Lung";"0-14";"Female";"2015";"0.00"
"Mortality";"Northern Ireland";"Lung";"0-14";"Female";"2016";"0.00"
"Mortality";"Northern Ireland";"Lung";"0-14";"Female";"2017";"0.00"
"Mortality";"Northern Ireland";"Lung";"0-14";"Female";"2018";"0.00"
"Mortality";"Northern Ireland";"Lung";"0-14";"Female";"2019";"0.00"
"Mortality";"Northern Ireland";"Lung";"0-14";"Male";"1993";"0.00"
"Mortality";"Northern Ireland";"Lung";"0-14";"Male";"1994";"0.00"
"Mortality";"Northern Ireland";"Lung";"0-14";"Male";"1995";"0.00"
"Mortality";"Northern Ireland";"Lung";"0-14";"Male";"1996";"0.00"
"Mortality";"Northern Ireland";"Lung";"0-14";"Male";"1997";"0.00"
"Mortality";"Northern Ireland";"Lung";"0-14";"Male";"1998";"0.00"
"Mortality";"Northern Ireland";"Lung";"0-14";"Male";"1999";"0.00"
"Mortality";"Northern Ireland";"Lung";"0-14";"Male";"2000";"0.00"
"Mortality";"Northern Ireland";"Lung";"0-14";"Male";"2001";"0.00"
"Mortality";"Northern Ireland";"Lung";"0-14";"Male";"2002";"0.00"
"Mortality";"Northern Ireland";"Lung";"0-14";"Male";"2003";"0.00"
"Mortality";"Northern Ireland";"Lung";"0-14";"Male";"2004";"0.00"
"Mortality";"Northern Ireland";"Lung";"0-14";"Male";"2005";"0.00"
"Mortality";"Northern Ireland";"Lung";"0-14";"Male";"2006";"0.00"
"Mortality";"Northern Ireland";"Lung";"0-14";"Male";"2007";"0.00"
"Mortality";"Northern Ireland";"Lung";"0-14";"Male";"2008";"0.00"
"Mortality";"Northern Ireland";"Lung";"0-14";"Male";"2009";"0.00"
"Mortality";"Northern Ireland";"Lung";"0-14";"Male";"2010";"0.00"
"Mortality";"Northern Ireland";"Lung";"0-14";"Male";"2011";"0.00"
"Mortality";"Northern Ireland";"Lung";"0-14";"Male";"2012";"0.00"
"Mortality";"Northern Ireland";"Lung";"0-14";"Male";"2013";"0.00"
"Mortality";"Northern Ireland";"Lung";"0-14";"Male";"2014";"0.00"
"Mortality";"Northern Ireland";"Lung";"0-14";"Male";"2015";"0.00"
"Mortality";"Northern Ireland";"Lung";"0-14";"Male";"2016";"0.00"
"Mortality";"Northern Ireland";"Lung";"0-14";"Male";"2017";"0.00"
"Mortality";"Northern Ireland";"Lung";"0-14";"Male";"2018";"0.00"
"Mortality";"Northern Ireland";"Lung";"0-14";"Male";"2019";"0.00"
"Incidence";"Northern Ireland";"Lung";"15-29";"Male";"1993";"0.52"
"Incidence";"Northern Ireland";"Lung";"15-29";"Male";"1994";"0.52"
"Incidence";"Northern Ireland";"Lung";"15-29";"Male";"1995";"0.53"
"Incidence";"Northern Ireland";"Lung";"15-29";"Male";"1996";"0.00"
"Incidence";"Northern Ireland";"Lung";"15-29";"Male";"1997";"0.00"
"Incidence";"Northern Ireland";"Lung";"15-29";"Male";"1998";"0.54"
"Incidence";"Northern Ireland";"Lung";"15-29";"Male";"1999";"0.55"
"Incidence";"Northern Ireland";"Lung";"15-29";"Male";"2000";"0.56"
"Incidence";"Northern Ireland";"Lung";"15-29";"Male";"2001";"0.00"
"Incidence";"Northern Ireland";"Lung";"15-29";"Male";"2002";"0.00"
"Incidence";"Northern Ireland";"Lung";"15-29";"Male";"2003";"0.55"
"Incidence";"Northern Ireland";"Lung";"15-29";"Male";"2004";"0.00"
"Incidence";"Northern Ireland";"Lung";"15-29";"Male";"2005";"0.54"
"Incidence";"Northern Ireland";"Lung";"15-29";"Male";"2006";"0.54"
"Incidence";"Northern Ireland";"Lung";"15-29";"Male";"2007";"0.00"
"Incidence";"Northern Ireland";"Lung";"15-29";"Male";"2008";"0.00"
"Incidence";"Northern Ireland";"Lung";"15-29";"Male";"2009";"0.52"
"Incidence";"Northern Ireland";"Lung";"15-29";"Male";"2010";"0.00"
"Incidence";"Northern Ireland";"Lung";"15-29";"Male";"2011";"1.59"
"Incidence";"Northern Ireland";"Lung";"15-29";"Male";"2012";"0.00"
"Incidence";"Northern Ireland";"Lung";"15-29";"Male";"2013";"1.61"
"Incidence";"Northern Ireland";"Lung";"15-29";"Male";"2014";"1.61"
"Incidence";"Northern Ireland";"Lung";"15-29";"Male";"2015";"0.00"
"Incidence";"Northern Ireland";"Lung";"15-29";"Male";"2016";"0.54"
"Incidence";"Northern Ireland";"Lung";"15-29";"Male";"2017";"0.00"
"Incidence";"Northern Ireland";"Lung";"15-29";"Male";"2018";"0.00"
"Incidence";"Northern Ireland";"Lung";"15-29";"Male";"2019";"0.00"
"Mortality";"Northern Ireland";"Lung";"15-29";"Male";"1993";"0.52"
"Mortality";"Northern Ireland";"Lung";"15-29";"Male";"1994";"0.00"
"Mortality";"Northern Ireland";"Lung";"15-29";"Male";"1995";"0.00"
"Mortality";"Northern Ireland";"Lung";"15-29";"Male";"1996";"0.00"
"Mortality";"Northern Ireland";"Lung";"15-29";"Male";"1997";"0.00"
"Mortality";"Northern Ireland";"Lung";"15-29";"Male";"1998";"0.00"
"Mortality";"Northern Ireland";"Lung";"15-29";"Male";"1999";"0.00"
"Mortality";"Northern Ireland";"Lung";"15-29";"Male";"2000";"0.56"
"Mortality";"Northern Ireland";"Lung";"15-29";"Male";"2001";"0.00"
"Mortality";"Northern Ireland";"Lung";"15-29";"Male";"2002";"0.00"
"Mortality";"Northern Ireland";"Lung";"15-29";"Male";"2003";"0.00"
"Mortality";"Northern Ireland";"Lung";"15-29";"Male";"2004";"0.00"
"Mortality";"Northern Ireland";"Lung";"15-29";"Male";"2005";"0.00"
"Mortality";"Northern Ireland";"Lung";"15-29";"Male";"2006";"0.00"
"Mortality";"Northern Ireland";"Lung";"15-29";"Male";"2007";"0.00"
"Mortality";"Northern Ireland";"Lung";"15-29";"Male";"2008";"0.00"
"Mortality";"Northern Ireland";"Lung";"15-29";"Male";"2009";"0.00"
"Mortality";"Northern Ireland";"Lung";"15-29";"Male";"2010";"0.00"
"Mortality";"Northern Ireland";"Lung";"15-29";"Male";"2011";"0.00"
"Mortality";"Northern Ireland";"Lung";"15-29";"Male";"2012";"0.00"
"Mortality";"Northern Ireland";"Lung";"15-29";"Male";"2013";"0.00"
"Mortality";"Northern Ireland";"Lung";"15-29";"Male";"2014";"0.54"
"Mortality";"Northern Ireland";"Lung";"15-29";"Male";"2015";"0.00"
"Mortality";"Northern Ireland";"Lung";"15-29";"Male";"2016";"0.54"
"Mortality";"Northern Ireland";"Lung";"15-29";"Male";"2017";"0.00"
"Mortality";"Northern Ireland";"Lung";"15-29";"Male";"2018";"0.00"
"Mortality";"Northern Ireland";"Lung";"15-29";"Male";"2019";"0.00"
"Mortality";"Northern Ireland";"Lung";"15-29";"Female";"1993";"0.00"
"Mortality";"Northern Ireland";"Lung";"15-29";"Female";"1994";"0.00"
"Mortality";"Northern Ireland";"Lung";"15-29";"Female";"1995";"0.00"
"Mortality";"Northern Ireland";"Lung";"15-29";"Female";"1996";"0.00"
"Mortality";"Northern Ireland";"Lung";"15-29";"Female";"1997";"0.00"
"Mortality";"Northern Ireland";"Lung";"15-29";"Female";"1998";"0.55"
"Mortality";"Northern Ireland";"Lung";"15-29";"Female";"1999";"0.00"
"Mortality";"Northern Ireland";"Lung";"15-29";"Female";"2000";"0.00"
"Mortality";"Northern Ireland";"Lung";"15-29";"Female";"2001";"0.00"
"Mortality";"Northern Ireland";"Lung";"15-29";"Female";"2002";"0.00"
"Mortality";"Northern Ireland";"Lung";"15-29";"Female";"2003";"0.00"
"Mortality";"Northern Ireland";"Lung";"15-29";"Female";"2004";"0.00"
"Mortality";"Northern Ireland";"Lung";"15-29";"Female";"2005";"0.00"
"Mortality";"Northern Ireland";"Lung";"15-29";"Female";"2006";"0.00"
"Mortality";"Northern Ireland";"Lung";"15-29";"Female";"2007";"0.00"
"Mortality";"Northern Ireland";"Lung";"15-29";"Female";"2008";"0.00"
"Mortality";"Northern Ireland";"Lung";"15-29";"Female";"2009";"0.00"
"Mortality";"Northern Ireland";"Lung";"15-29";"Female";"2010";"0.00"
"Mortality";"Northern Ireland";"Lung";"15-29";"Female";"2011";"0.00"
"Mortality";"Northern Ireland";"Lung";"15-29";"Female";"2012";"0.00"
"Mortality";"Northern Ireland";"Lung";"15-29";"Female";"2013";"0.00"
"Mortality";"Northern Ireland";"Lung";"15-29";"Female";"2014";"1.10"
"Mortality";"Northern Ireland";"Lung";"15-29";"Female";"2015";"0.00"
"Mortality";"Northern Ireland";"Lung";"15-29";"Female";"2016";"0.00"
"Mortality";"Northern Ireland";"Lung";"15-29";"Female";"2017";"0.00"
"Mortality";"Northern Ireland";"Lung";"15-29";"Female";"2018";"0.00"
"Mortality";"Northern Ireland";"Lung";"15-29";"Female";"2019";"0.00"
"Incidence";"Northern Ireland";"Lung";"15-29";"Female";"1993";"0.00"
"Incidence";"Northern Ireland";"Lung";"15-29";"Female";"1994";"0.00"
"Incidence";"Northern Ireland";"Lung";"15-29";"Female";"1995";"1.09"
"Incidence";"Northern Ireland";"Lung";"15-29";"Female";"1996";"0.00"
"Incidence";"Northern Ireland";"Lung";"15-29";"Female";"1997";"0.55"
"Incidence";"Northern Ireland";"Lung";"15-29";"Female";"1998";"0.55"
"Incidence";"Northern Ireland";"Lung";"15-29";"Female";"1999";"0.00"
"Incidence";"Northern Ireland";"Lung";"15-29";"Female";"2000";"0.00"
"Incidence";"Northern Ireland";"Lung";"15-29";"Female";"2001";"0.00"
"Incidence";"Northern Ireland";"Lung";"15-29";"Female";"2002";"0.00"
"Incidence";"Northern Ireland";"Lung";"15-29";"Female";"2003";"1.13"
"Incidence";"Northern Ireland";"Lung";"15-29";"Female";"2004";"0.56"
"Incidence";"Northern Ireland";"Lung";"15-29";"Female";"2005";"0.00"
"Incidence";"Northern Ireland";"Lung";"15-29";"Female";"2006";"0.54"
"Incidence";"Northern Ireland";"Lung";"15-29";"Female";"2007";"0.00"
"Incidence";"Northern Ireland";"Lung";"15-29";"Female";"2008";"0.53"
"Incidence";"Northern Ireland";"Lung";"15-29";"Female";"2009";"0.00"
"Incidence";"Northern Ireland";"Lung";"15-29";"Female";"2010";"1.06"
"Incidence";"Northern Ireland";"Lung";"15-29";"Female";"2011";"0.00"
"Incidence";"Northern Ireland";"Lung";"15-29";"Female";"2012";"0.00"
"Incidence";"Northern Ireland";"Lung";"15-29";"Female";"2013";"0.55"
"Incidence";"Northern Ireland";"Lung";"15-29";"Female";"2014";"0.55"
"Incidence";"Northern Ireland";"Lung";"15-29";"Female";"2015";"0.00"
"Incidence";"Northern Ireland";"Lung";"15-29";"Female";"2016";"1.13"
"Incidence";"Northern Ireland";"Lung";"15-29";"Female";"2017";"0.00"
"Incidence";"Northern Ireland";"Lung";"15-29";"Female";"2018";"0.00"
"Incidence";"Northern Ireland";"Lung";"15-29";"Female";"2019";"0.00"
"Incidence";"Northern Ireland";"Lung";"30-44";"Female";"1993";"3.65"
"Incidence";"Northern Ireland";"Lung";"30-44";"Female";"1994";"4.76"
"Incidence";"Northern Ireland";"Lung";"30-44";"Female";"1995";"1.17"
"Incidence";"Northern Ireland";"Lung";"30-44";"Female";"1996";"3.41"
"Incidence";"Northern Ireland";"Lung";"30-44";"Female";"1997";"4.45"
"Incidence";"Northern Ireland";"Lung";"30-44";"Female";"1998";"1.64"
"Incidence";"Northern Ireland";"Lung";"30-44";"Female";"1999";"2.15"
"Incidence";"Northern Ireland";"Lung";"30-44";"Female";"2000";"3.70"
"Incidence";"Northern Ireland";"Lung";"30-44";"Female";"2001";"3.65"
"Incidence";"Northern Ireland";"Lung";"30-44";"Female";"2002";"2.59"
"Incidence";"Northern Ireland";"Lung";"30-44";"Female";"2003";"4.13"
"Incidence";"Northern Ireland";"Lung";"30-44";"Female";"2004";"1.55"
"Incidence";"Northern Ireland";"Lung";"30-44";"Female";"2005";"3.61"
"Incidence";"Northern Ireland";"Lung";"30-44";"Female";"2006";"4.66"
"Incidence";"Northern Ireland";"Lung";"30-44";"Female";"2007";"2.59"
"Incidence";"Northern Ireland";"Lung";"30-44";"Female";"2008";"4.14"
"Incidence";"Northern Ireland";"Lung";"30-44";"Female";"2009";"4.16"
"Incidence";"Northern Ireland";"Lung";"30-44";"Female";"2010";"5.22"
"Incidence";"Northern Ireland";"Lung";"30-44";"Female";"2011";"2.62"
"Incidence";"Northern Ireland";"Lung";"30-44";"Female";"2012";"3.17"
"Incidence";"Northern Ireland";"Lung";"30-44";"Female";"2013";"5.32"
"Incidence";"Northern Ireland";"Lung";"30-44";"Female";"2014";"3.21"
"Incidence";"Northern Ireland";"Lung";"30-44";"Female";"2015";"2.68"
"Incidence";"Northern Ireland";"Lung";"30-44";"Female";"2016";"2.15"
"Incidence";"Northern Ireland";"Lung";"30-44";"Female";"2017";"3.76"
"Incidence";"Northern Ireland";"Lung";"30-44";"Female";"2018";"4.28"
"Incidence";"Northern Ireland";"Lung";"30-44";"Female";"2019";"4.26"
"Mortality";"Northern Ireland";"Lung";"30-44";"Male";"1993";"3.69"
"Mortality";"Northern Ireland";"Lung";"30-44";"Male";"1994";"4.23"
"Mortality";"Northern Ireland";"Lung";"30-44";"Male";"1995";"4.74"
"Mortality";"Northern Ireland";"Lung";"30-44";"Male";"1996";"4.05"
"Mortality";"Northern Ireland";"Lung";"30-44";"Male";"1997";"6.81"
"Mortality";"Northern Ireland";"Lung";"30-44";"Male";"1998";"1.67"
"Mortality";"Northern Ireland";"Lung";"30-44";"Male";"1999";"2.77"
"Mortality";"Northern Ireland";"Lung";"30-44";"Male";"2000";"2.74"
"Mortality";"Northern Ireland";"Lung";"30-44";"Male";"2001";"3.79"
"Mortality";"Northern Ireland";"Lung";"30-44";"Male";"2002";"2.69"
"Mortality";"Northern Ireland";"Lung";"30-44";"Male";"2003";"1.60"
"Mortality";"Northern Ireland";"Lung";"30-44";"Male";"2004";"1.07"
"Mortality";"Northern Ireland";"Lung";"30-44";"Male";"2005";"2.13"
"Mortality";"Northern Ireland";"Lung";"30-44";"Male";"2006";"2.67"
"Mortality";"Northern Ireland";"Lung";"30-44";"Male";"2007";"1.07"
"Mortality";"Northern Ireland";"Lung";"30-44";"Male";"2008";"2.15"
"Mortality";"Northern Ireland";"Lung";"30-44";"Male";"2009";"1.08"
"Mortality";"Northern Ireland";"Lung";"30-44";"Male";"2010";"2.17"
"Mortality";"Northern Ireland";"Lung";"30-44";"Male";"2011";"4.38"
"Mortality";"Northern Ireland";"Lung";"30-44";"Male";"2012";"1.66"
"Mortality";"Northern Ireland";"Lung";"30-44";"Male";"2013";"1.12"
"Mortality";"Northern Ireland";"Lung";"30-44";"Male";"2014";"2.82"
"Mortality";"Northern Ireland";"Lung";"30-44";"Male";"2015";"1.69"
"Mortality";"Northern Ireland";"Lung";"30-44";"Male";"2016";"3.38"
"Mortality";"Northern Ireland";"Lung";"30-44";"Male";"2017";"3.38"
"Mortality";"Northern Ireland";"Lung";"30-44";"Male";"2018";"0.56"
"Mortality";"Northern Ireland";"Lung";"30-44";"Male";"2019";"1.11"
"Mortality";"Northern Ireland";"Lung";"30-44";"Female";"1993";"3.04"
"Mortality";"Northern Ireland";"Lung";"30-44";"Female";"1994";"1.19"
"Mortality";"Northern Ireland";"Lung";"30-44";"Female";"1995";"4.08"
"Mortality";"Northern Ireland";"Lung";"30-44";"Female";"1996";"2.84"
"Mortality";"Northern Ireland";"Lung";"30-44";"Female";"1997";"1.11"
"Mortality";"Northern Ireland";"Lung";"30-44";"Female";"1998";"1.64"
"Mortality";"Northern Ireland";"Lung";"30-44";"Female";"1999";"2.15"
"Mortality";"Northern Ireland";"Lung";"30-44";"Female";"2000";"0.53"
"Mortality";"Northern Ireland";"Lung";"30-44";"Female";"2001";"2.09"
"Mortality";"Northern Ireland";"Lung";"30-44";"Female";"2002";"1.04"
"Mortality";"Northern Ireland";"Lung";"30-44";"Female";"2003";"2.07"
"Mortality";"Northern Ireland";"Lung";"30-44";"Female";"2004";"2.07"
"Mortality";"Northern Ireland";"Lung";"30-44";"Female";"2005";"2.07"
"Mortality";"Northern Ireland";"Lung";"30-44";"Female";"2006";"3.62"
"Mortality";"Northern Ireland";"Lung";"30-44";"Female";"2007";"2.07"
"Mortality";"Northern Ireland";"Lung";"30-44";"Female";"2008";"1.55"
"Mortality";"Northern Ireland";"Lung";"30-44";"Female";"2009";"2.08"
"Mortality";"Northern Ireland";"Lung";"30-44";"Female";"2010";"5.22"
"Mortality";"Northern Ireland";"Lung";"30-44";"Female";"2011";"1.57"
"Mortality";"Northern Ireland";"Lung";"30-44";"Female";"2012";"1.58"
"Mortality";"Northern Ireland";"Lung";"30-44";"Female";"2013";"1.06"
"Mortality";"Northern Ireland";"Lung";"30-44";"Female";"2014";"4.28"
"Mortality";"Northern Ireland";"Lung";"30-44";"Female";"2015";"1.07"
"Mortality";"Northern Ireland";"Lung";"30-44";"Female";"2016";"2.15"
"Mortality";"Northern Ireland";"Lung";"30-44";"Female";"2017";"1.61"
"Mortality";"Northern Ireland";"Lung";"30-44";"Female";"2018";"1.61"
"Mortality";"Northern Ireland";"Lung";"30-44";"Female";"2019";"3.20"
"Incidence";"Northern Ireland";"Lung";"30-44";"Male";"1993";"3.69"
"Incidence";"Northern Ireland";"Lung";"30-44";"Male";"1994";"6.65"
"Incidence";"Northern Ireland";"Lung";"30-44";"Male";"1995";"7.11"
"Incidence";"Northern Ireland";"Lung";"30-44";"Male";"1996";"3.47"
"Incidence";"Northern Ireland";"Lung";"30-44";"Male";"1997";"5.11"
"Incidence";"Northern Ireland";"Lung";"30-44";"Male";"1998";"7.82"
"Incidence";"Northern Ireland";"Lung";"30-44";"Male";"1999";"1.66"
"Incidence";"Northern Ireland";"Lung";"30-44";"Male";"2000";"1.64"
"Incidence";"Northern Ireland";"Lung";"30-44";"Male";"2001";"2.71"
"Incidence";"Northern Ireland";"Lung";"30-44";"Male";"2002";"2.15"
"Incidence";"Northern Ireland";"Lung";"30-44";"Male";"2003";"2.14"
"Incidence";"Northern Ireland";"Lung";"30-44";"Male";"2004";"5.33"
"Incidence";"Northern Ireland";"Lung";"30-44";"Male";"2005";"3.73"
"Incidence";"Northern Ireland";"Lung";"30-44";"Male";"2006";"3.20"
"Incidence";"Northern Ireland";"Lung";"30-44";"Male";"2007";"3.74"
"Incidence";"Northern Ireland";"Lung";"30-44";"Male";"2008";"2.15"
"Incidence";"Northern Ireland";"Lung";"30-44";"Male";"2009";"5.41"
"Incidence";"Northern Ireland";"Lung";"30-44";"Male";"2010";"1.63"
"Incidence";"Northern Ireland";"Lung";"30-44";"Male";"2011";"3.83"
"Incidence";"Northern Ireland";"Lung";"30-44";"Male";"2012";"0.55"
"Incidence";"Northern Ireland";"Lung";"30-44";"Male";"2013";"4.48"
"Incidence";"Northern Ireland";"Lung";"30-44";"Male";"2014";"3.38"
"Incidence";"Northern Ireland";"Lung";"30-44";"Male";"2015";"4.51"
"Incidence";"Northern Ireland";"Lung";"30-44";"Male";"2016";"4.51"
"Incidence";"Northern Ireland";"Lung";"30-44";"Male";"2017";"2.25"
"Incidence";"Northern Ireland";"Lung";"30-44";"Male";"2018";"1.68"
"Incidence";"Northern Ireland";"Lung";"30-44";"Male";"2019";"2.22"
"Mortality";"Northern Ireland";"Lung";"45-59";"Female";"1993";"26.48"
"Mortality";"Northern Ireland";"Lung";"45-59";"Female";"1994";"27.55"
"Mortality";"Northern Ireland";"Lung";"45-59";"Female";"1995";"33.80"
"Mortality";"Northern Ireland";"Lung";"45-59";"Female";"1996";"31.79"
"Mortality";"Northern Ireland";"Lung";"45-59";"Female";"1997";"23.36"
"Mortality";"Northern Ireland";"Lung";"45-59";"Female";"1998";"22.98"
"Mortality";"Northern Ireland";"Lung";"45-59";"Female";"1999";"32.59"
"Mortality";"Northern Ireland";"Lung";"45-59";"Female";"2000";"25.80"
"Mortality";"Northern Ireland";"Lung";"45-59";"Female";"2001";"22.54"
"Mortality";"Northern Ireland";"Lung";"45-59";"Female";"2002";"30.18"
"Mortality";"Northern Ireland";"Lung";"45-59";"Female";"2003";"27.09"
"Mortality";"Northern Ireland";"Lung";"45-59";"Female";"2004";"37.10"
"Mortality";"Northern Ireland";"Lung";"45-59";"Female";"2005";"25.55"
"Mortality";"Northern Ireland";"Lung";"45-59";"Female";"2006";"30.06"
"Mortality";"Northern Ireland";"Lung";"45-59";"Female";"2007";"30.82"
"Mortality";"Northern Ireland";"Lung";"45-59";"Female";"2008";"29.66"
"Mortality";"Northern Ireland";"Lung";"45-59";"Female";"2009";"28.43"
"Mortality";"Northern Ireland";"Lung";"45-59";"Female";"2010";"28.97"
"Mortality";"Northern Ireland";"Lung";"45-59";"Female";"2011";"23.84"
"Mortality";"Northern Ireland";"Lung";"45-59";"Female";"2012";"28.34"
"Mortality";"Northern Ireland";"Lung";"45-59";"Female";"2013";"23.99"
"Mortality";"Northern Ireland";"Lung";"45-59";"Female";"2014";"29.45"
"Mortality";"Northern Ireland";"Lung";"45-59";"Female";"2015";"30.06"
"Mortality";"Northern Ireland";"Lung";"45-59";"Female";"2016";"22.39"
"Mortality";"Northern Ireland";"Lung";"45-59";"Female";"2017";"28.41"
"Mortality";"Northern Ireland";"Lung";"45-59";"Female";"2018";"30.82"
"Mortality";"Northern Ireland";"Lung";"45-59";"Female";"2019";"20.48"
"Mortality";"Northern Ireland";"Lung";"45-59";"Male";"1993";"58.35"
"Mortality";"Northern Ireland";"Lung";"45-59";"Male";"1994";"59.62"
"Mortality";"Northern Ireland";"Lung";"45-59";"Male";"1995";"54.56"
"Mortality";"Northern Ireland";"Lung";"45-59";"Male";"1996";"53.53"
"Mortality";"Northern Ireland";"Lung";"45-59";"Male";"1997";"46.67"
"Mortality";"Northern Ireland";"Lung";"45-59";"Male";"1998";"39.86"
"Mortality";"Northern Ireland";"Lung";"45-59";"Male";"1999";"45.63"
"Mortality";"Northern Ireland";"Lung";"45-59";"Male";"2000";"38.31"
"Mortality";"Northern Ireland";"Lung";"45-59";"Male";"2001";"42.33"
"Mortality";"Northern Ireland";"Lung";"45-59";"Male";"2002";"51.13"
"Mortality";"Northern Ireland";"Lung";"45-59";"Male";"2003";"39.65"
"Mortality";"Northern Ireland";"Lung";"45-59";"Male";"2004";"42.42"
"Mortality";"Northern Ireland";"Lung";"45-59";"Male";"2005";"39.68"
"Mortality";"Northern Ireland";"Lung";"45-59";"Male";"2006";"35.03"
"Mortality";"Northern Ireland";"Lung";"45-59";"Male";"2007";"45.67"
"Mortality";"Northern Ireland";"Lung";"45-59";"Male";"2008";"41.03"
"Mortality";"Northern Ireland";"Lung";"45-59";"Male";"2009";"39.57"
"Mortality";"Northern Ireland";"Lung";"45-59";"Male";"2010";"39.96"
"Mortality";"Northern Ireland";"Lung";"45-59";"Male";"2011";"35.15"
"Mortality";"Northern Ireland";"Lung";"45-59";"Male";"2012";"32.83"
"Mortality";"Northern Ireland";"Lung";"45-59";"Male";"2013";"41.27"
"Mortality";"Northern Ireland";"Lung";"45-59";"Male";"2014";"35.81"
"Mortality";"Northern Ireland";"Lung";"45-59";"Male";"2015";"25.60"
"Mortality";"Northern Ireland";"Lung";"45-59";"Male";"2016";"25.93"
"Mortality";"Northern Ireland";"Lung";"45-59";"Male";"2017";"28.98"
"Mortality";"Northern Ireland";"Lung";"45-59";"Male";"2018";"33.15"
"Mortality";"Northern Ireland";"Lung";"45-59";"Male";"2019";"21.92"
"Incidence";"Northern Ireland";"Lung";"45-59";"Male";"1993";"66.45"
"Incidence";"Northern Ireland";"Lung";"45-59";"Male";"1994";"90.62"
"Incidence";"Northern Ireland";"Lung";"45-59";"Male";"1995";"60.02"
"Incidence";"Northern Ireland";"Lung";"45-59";"Male";"1996";"56.58"
"Incidence";"Northern Ireland";"Lung";"45-59";"Male";"1997";"62.47"
"Incidence";"Northern Ireland";"Lung";"45-59";"Male";"1998";"59.79"
"Incidence";"Northern Ireland";"Lung";"45-59";"Male";"1999";"45.63"
"Incidence";"Northern Ireland";"Lung";"45-59";"Male";"2000";"65.98"
"Incidence";"Northern Ireland";"Lung";"45-59";"Male";"2001";"52.04"
"Incidence";"Northern Ireland";"Lung";"45-59";"Male";"2002";"54.54"
"Incidence";"Northern Ireland";"Lung";"45-59";"Male";"2003";"48.39"
"Incidence";"Northern Ireland";"Lung";"45-59";"Male";"2004";"60.98"
"Incidence";"Northern Ireland";"Lung";"45-59";"Male";"2005";"48.79"
"Incidence";"Northern Ireland";"Lung";"45-59";"Male";"2006";"46.50"
"Incidence";"Northern Ireland";"Lung";"45-59";"Male";"2007";"55.06"
"Incidence";"Northern Ireland";"Lung";"45-59";"Male";"2008";"47.77"
"Incidence";"Northern Ireland";"Lung";"45-59";"Male";"2009";"49.16"
"Incidence";"Northern Ireland";"Lung";"45-59";"Male";"2010";"55.82"
"Incidence";"Northern Ireland";"Lung";"45-59";"Male";"2011";"47.25"
"Incidence";"Northern Ireland";"Lung";"45-59";"Male";"2012";"48.12"
"Incidence";"Northern Ireland";"Lung";"45-59";"Male";"2013";"46.84"
"Incidence";"Northern Ireland";"Lung";"45-59";"Male";"2014";"43.53"
"Incidence";"Northern Ireland";"Lung";"45-59";"Male";"2015";"35.96"
"Incidence";"Northern Ireland";"Lung";"45-59";"Male";"2016";"39.44"
"Incidence";"Northern Ireland";"Lung";"45-59";"Male";"2017";"38.10"
"Incidence";"Northern Ireland";"Lung";"45-59";"Male";"2018";"40.64"
"Incidence";"Northern Ireland";"Lung";"45-59";"Male";"2019";"34.74"
"Incidence";"Northern Ireland";"Lung";"45-59";"Female";"1993";"39.73"
"Incidence";"Northern Ireland";"Lung";"45-59";"Female";"1994";"39.03"
"Incidence";"Northern Ireland";"Lung";"45-59";"Female";"1995";"42.82"
"Incidence";"Northern Ireland";"Lung";"45-59";"Female";"1996";"39.93"
"Incidence";"Northern Ireland";"Lung";"45-59";"Female";"1997";"27.01"
"Incidence";"Northern Ireland";"Lung";"45-59";"Female";"1998";"33.74"
"Incidence";"Northern Ireland";"Lung";"45-59";"Female";"1999";"46.05"
"Incidence";"Northern Ireland";"Lung";"45-59";"Female";"2000";"36.96"
"Incidence";"Northern Ireland";"Lung";"45-59";"Female";"2001";"35.51"
"Incidence";"Northern Ireland";"Lung";"45-59";"Female";"2002";"36.21"
"Incidence";"Northern Ireland";"Lung";"45-59";"Female";"2003";"35.67"
"Incidence";"Northern Ireland";"Lung";"45-59";"Female";"2004";"37.75"
"Incidence";"Northern Ireland";"Lung";"45-59";"Female";"2005";"49.18"
"Incidence";"Northern Ireland";"Lung";"45-59";"Female";"2006";"38.20"
"Incidence";"Northern Ireland";"Lung";"45-59";"Female";"2007";"43.76"
"Incidence";"Northern Ireland";"Lung";"45-59";"Female";"2008";"34.50"
"Incidence";"Northern Ireland";"Lung";"45-59";"Female";"2009";"39.69"
"Incidence";"Northern Ireland";"Lung";"45-59";"Female";"2010";"29.55"
"Incidence";"Northern Ireland";"Lung";"45-59";"Female";"2011";"42.57"
"Incidence";"Northern Ireland";"Lung";"45-59";"Female";"2012";"45.02"
"Incidence";"Northern Ireland";"Lung";"45-59";"Female";"2013";"41.99"
"Incidence";"Northern Ireland";"Lung";"45-59";"Female";"2014";"36.42"
"Incidence";"Northern Ireland";"Lung";"45-59";"Female";"2015";"44.29"
"Incidence";"Northern Ireland";"Lung";"45-59";"Female";"2016";"51.55"
"Incidence";"Northern Ireland";"Lung";"45-59";"Female";"2017";"42.87"
"Incidence";"Northern Ireland";"Lung";"45-59";"Female";"2018";"35.95"
"Incidence";"Northern Ireland";"Lung";"45-59";"Female";"2019";"39.42"
"Incidence";"Northern Ireland";"Lung";"60-74";"Female";"1993";"168.67"
"Incidence";"Northern Ireland";"Lung";"60-74";"Female";"1994";"151.75"
"Incidence";"Northern Ireland";"Lung";"60-74";"Female";"1995";"156.47"
"Incidence";"Northern Ireland";"Lung";"60-74";"Female";"1996";"146.34"
"Incidence";"Northern Ireland";"Lung";"60-74";"Female";"1997";"159.69"
"Incidence";"Northern Ireland";"Lung";"60-74";"Female";"1998";"148.16"
"Incidence";"Northern Ireland";"Lung";"60-74";"Female";"1999";"143.85"
"Incidence";"Northern Ireland";"Lung";"60-74";"Female";"2000";"161.44"
"Incidence";"Northern Ireland";"Lung";"60-74";"Female";"2001";"132.90"
"Incidence";"Northern Ireland";"Lung";"60-74";"Female";"2002";"158.49"
"Incidence";"Northern Ireland";"Lung";"60-74";"Female";"2003";"147.69"
"Incidence";"Northern Ireland";"Lung";"60-74";"Female";"2004";"144.28"
"Incidence";"Northern Ireland";"Lung";"60-74";"Female";"2005";"132.40"
"Incidence";"Northern Ireland";"Lung";"60-74";"Female";"2006";"144.41"
"Incidence";"Northern Ireland";"Lung";"60-74";"Female";"2007";"169.52"
"Incidence";"Northern Ireland";"Lung";"60-74";"Female";"2008";"157.71"
"Incidence";"Northern Ireland";"Lung";"60-74";"Female";"2009";"172.84"
"Incidence";"Northern Ireland";"Lung";"60-74";"Female";"2010";"154.20"
"Incidence";"Northern Ireland";"Lung";"60-74";"Female";"2011";"161.59"
"Incidence";"Northern Ireland";"Lung";"60-74";"Female";"2012";"191.06"
"Incidence";"Northern Ireland";"Lung";"60-74";"Female";"2013";"181.80"
"Incidence";"Northern Ireland";"Lung";"60-74";"Female";"2014";"212.94"
"Incidence";"Northern Ireland";"Lung";"60-74";"Female";"2015";"193.92"
"Incidence";"Northern Ireland";"Lung";"60-74";"Female";"2016";"227.36"
"Incidence";"Northern Ireland";"Lung";"60-74";"Female";"2017";"211.53"
"Incidence";"Northern Ireland";"Lung";"60-74";"Female";"2018";"210.36"
"Incidence";"Northern Ireland";"Lung";"60-74";"Female";"2019";"214.03"
"Incidence";"Northern Ireland";"Lung";"60-74";"Male";"1993";"355.63"
"Incidence";"Northern Ireland";"Lung";"60-74";"Male";"1994";"385.89"
"Incidence";"Northern Ireland";"Lung";"60-74";"Male";"1995";"333.20"
"Incidence";"Northern Ireland";"Lung";"60-74";"Male";"1996";"351.94"
"Incidence";"Northern Ireland";"Lung";"60-74";"Male";"1997";"332.03"
"Incidence";"Northern Ireland";"Lung";"60-74";"Male";"1998";"318.72"
"Incidence";"Northern Ireland";"Lung";"60-74";"Male";"1999";"298.99"
"Incidence";"Northern Ireland";"Lung";"60-74";"Male";"2000";"287.55"
"Incidence";"Northern Ireland";"Lung";"60-74";"Male";"2001";"326.13"
"Incidence";"Northern Ireland";"Lung";"60-74";"Male";"2002";"274.61"
"Incidence";"Northern Ireland";"Lung";"60-74";"Male";"2003";"282.19"
"Incidence";"Northern Ireland";"Lung";"60-74";"Male";"2004";"259.56"
"Incidence";"Northern Ireland";"Lung";"60-74";"Male";"2005";"280.59"
"Incidence";"Northern Ireland";"Lung";"60-74";"Male";"2006";"289.53"
"Incidence";"Northern Ireland";"Lung";"60-74";"Male";"2007";"278.71"
"Incidence";"Northern Ireland";"Lung";"60-74";"Male";"2008";"286.61"
"Incidence";"Northern Ireland";"Lung";"60-74";"Male";"2009";"270.18"
"Incidence";"Northern Ireland";"Lung";"60-74";"Male";"2010";"260.32"
"Incidence";"Northern Ireland";"Lung";"60-74";"Male";"2011";"268.63"
"Incidence";"Northern Ireland";"Lung";"60-74";"Male";"2012";"272.32"
"Incidence";"Northern Ireland";"Lung";"60-74";"Male";"2013";"272.81"
"Incidence";"Northern Ireland";"Lung";"60-74";"Male";"2014";"250.31"
"Incidence";"Northern Ireland";"Lung";"60-74";"Male";"2015";"262.85"
"Incidence";"Northern Ireland";"Lung";"60-74";"Male";"2016";"247.75"
"Incidence";"Northern Ireland";"Lung";"60-74";"Male";"2017";"247.56"
"Incidence";"Northern Ireland";"Lung";"60-74";"Male";"2018";"244.08"
"Incidence";"Northern Ireland";"Lung";"60-74";"Male";"2019";"236.97"
"Mortality";"Northern Ireland";"Lung";"60-74";"Male";"1993";"342.89"
"Mortality";"Northern Ireland";"Lung";"60-74";"Male";"1994";"318.88"
"Mortality";"Northern Ireland";"Lung";"60-74";"Male";"1995";"296.18"
"Mortality";"Northern Ireland";"Lung";"60-74";"Male";"1996";"313.99"
"Mortality";"Northern Ireland";"Lung";"60-74";"Male";"1997";"282.97"
"Mortality";"Northern Ireland";"Lung";"60-74";"Male";"1998";"276.90"
"Mortality";"Northern Ireland";"Lung";"60-74";"Male";"1999";"271.00"
"Mortality";"Northern Ireland";"Lung";"60-74";"Male";"2000";"260.90"
"Mortality";"Northern Ireland";"Lung";"60-74";"Male";"2001";"273.42"
"Mortality";"Northern Ireland";"Lung";"60-74";"Male";"2002";"255.15"
"Mortality";"Northern Ireland";"Lung";"60-74";"Male";"2003";"239.02"
"Mortality";"Northern Ireland";"Lung";"60-74";"Male";"2004";"223.65"
"Mortality";"Northern Ireland";"Lung";"60-74";"Male";"2005";"228.48"
"Mortality";"Northern Ireland";"Lung";"60-74";"Male";"2006";"263.12"
"Mortality";"Northern Ireland";"Lung";"60-74";"Male";"2007";"205.46"
"Mortality";"Northern Ireland";"Lung";"60-74";"Male";"2008";"244.87"
"Mortality";"Northern Ireland";"Lung";"60-74";"Male";"2009";"207.83"
"Mortality";"Northern Ireland";"Lung";"60-74";"Male";"2010";"225.02"
"Mortality";"Northern Ireland";"Lung";"60-74";"Male";"2011";"210.76"
"Mortality";"Northern Ireland";"Lung";"60-74";"Male";"2012";"214.64"
"Mortality";"Northern Ireland";"Lung";"60-74";"Male";"2013";"222.07"
"Mortality";"Northern Ireland";"Lung";"60-74";"Male";"2014";"186.71"
"Mortality";"Northern Ireland";"Lung";"60-74";"Male";"2015";"194.94"
"Mortality";"Northern Ireland";"Lung";"60-74";"Male";"2016";"202.42"
"Mortality";"Northern Ireland";"Lung";"60-74";"Male";"2017";"182.41"
"Mortality";"Northern Ireland";"Lung";"60-74";"Male";"2018";"174.77"
"Mortality";"Northern Ireland";"Lung";"60-74";"Male";"2019";"169.58"
"Mortality";"Northern Ireland";"Lung";"60-74";"Female";"1993";"155.48"
"Mortality";"Northern Ireland";"Lung";"60-74";"Female";"1994";"116.87"
"Mortality";"Northern Ireland";"Lung";"60-74";"Female";"1995";"124.23"
"Mortality";"Northern Ireland";"Lung";"60-74";"Female";"1996";"123.53"
"Mortality";"Northern Ireland";"Lung";"60-74";"Female";"1997";"126.42"
"Mortality";"Northern Ireland";"Lung";"60-74";"Female";"1998";"149.10"
"Mortality";"Northern Ireland";"Lung";"60-74";"Female";"1999";"109.78"
"Mortality";"Northern Ireland";"Lung";"60-74";"Female";"2000";"161.44"
"Mortality";"Northern Ireland";"Lung";"60-74";"Female";"2001";"131.02"
"Mortality";"Northern Ireland";"Lung";"60-74";"Female";"2002";"129.42"
"Mortality";"Northern Ireland";"Lung";"60-74";"Female";"2003";"122.77"
"Mortality";"Northern Ireland";"Lung";"60-74";"Female";"2004";"111.61"
"Mortality";"Northern Ireland";"Lung";"60-74";"Female";"2005";"120.77"
"Mortality";"Northern Ireland";"Lung";"60-74";"Female";"2006";"115.35"
"Mortality";"Northern Ireland";"Lung";"60-74";"Female";"2007";"117.03"
"Mortality";"Northern Ireland";"Lung";"60-74";"Female";"2008";"118.91"
"Mortality";"Northern Ireland";"Lung";"60-74";"Female";"2009";"143.89"
"Mortality";"Northern Ireland";"Lung";"60-74";"Female";"2010";"135.54"
"Mortality";"Northern Ireland";"Lung";"60-74";"Female";"2011";"115.99"
"Mortality";"Northern Ireland";"Lung";"60-74";"Female";"2012";"144.48"
"Mortality";"Northern Ireland";"Lung";"60-74";"Female";"2013";"124.31"
"Mortality";"Northern Ireland";"Lung";"60-74";"Female";"2014";"135.58"
"Mortality";"Northern Ireland";"Lung";"60-74";"Female";"2015";"152.42"
"Mortality";"Northern Ireland";"Lung";"60-74";"Female";"2016";"162.19"
"Mortality";"Northern Ireland";"Lung";"60-74";"Female";"2017";"150.47"
"Mortality";"Northern Ireland";"Lung";"60-74";"Female";"2018";"144.54"
"Mortality";"Northern Ireland";"Lung";"60-74";"Female";"2019";"147.15"
"Mortality";"Northern Ireland";"Lung";"75-85+";"Female";"1993";"106.94"
"Mortality";"Northern Ireland";"Lung";"75-85+";"Female";"1994";"170.77"
"Mortality";"Northern Ireland";"Lung";"75-85+";"Female";"1995";"141.33"
"Mortality";"Northern Ireland";"Lung";"75-85+";"Female";"1996";"174.60"
"Mortality";"Northern Ireland";"Lung";"75-85+";"Female";"1997";"169.13"
"Mortality";"Northern Ireland";"Lung";"75-85+";"Female";"1998";"165.56"
"Mortality";"Northern Ireland";"Lung";"75-85+";"Female";"1999";"215.30"
"Mortality";"Northern Ireland";"Lung";"75-85+";"Female";"2000";"184.51"
"Mortality";"Northern Ireland";"Lung";"75-85+";"Female";"2001";"152.07"
"Mortality";"Northern Ireland";"Lung";"75-85+";"Female";"2002";"198.64"
"Mortality";"Northern Ireland";"Lung";"75-85+";"Female";"2003";"224.93"
"Mortality";"Northern Ireland";"Lung";"75-85+";"Female";"2004";"216.98"
"Mortality";"Northern Ireland";"Lung";"75-85+";"Female";"2005";"205.09"
"Mortality";"Northern Ireland";"Lung";"75-85+";"Female";"2006";"207.72"
"Mortality";"Northern Ireland";"Lung";"75-85+";"Female";"2007";"224.18"
"Mortality";"Northern Ireland";"Lung";"75-85+";"Female";"2008";"240.27"
"Mortality";"Northern Ireland";"Lung";"75-85+";"Female";"2009";"225.58"
"Mortality";"Northern Ireland";"Lung";"75-85+";"Female";"2010";"199.00"
"Mortality";"Northern Ireland";"Lung";"75-85+";"Female";"2011";"226.16"
"Mortality";"Northern Ireland";"Lung";"75-85+";"Female";"2012";"241.76"
"Mortality";"Northern Ireland";"Lung";"75-85+";"Female";"2013";"259.54"
"Mortality";"Northern Ireland";"Lung";"75-85+";"Female";"2014";"277.15"
"Mortality";"Northern Ireland";"Lung";"75-85+";"Female";"2015";"231.35"
"Mortality";"Northern Ireland";"Lung";"75-85+";"Female";"2016";"315.45"
"Mortality";"Northern Ireland";"Lung";"75-85+";"Female";"2017";"250.15"
"Mortality";"Northern Ireland";"Lung";"75-85+";"Female";"2018";"262.14"
"Mortality";"Northern Ireland";"Lung";"75-85+";"Female";"2019";"291.97"
"Mortality";"Northern Ireland";"Lung";"75-85+";"Male";"1993";"536.90"
"Mortality";"Northern Ireland";"Lung";"75-85+";"Male";"1994";"515.00"
"Mortality";"Northern Ireland";"Lung";"75-85+";"Male";"1995";"483.80"
"Mortality";"Northern Ireland";"Lung";"75-85+";"Male";"1996";"549.08"
"Mortality";"Northern Ireland";"Lung";"75-85+";"Male";"1997";"526.68"
"Mortality";"Northern Ireland";"Lung";"75-85+";"Male";"1998";"511.04"
"Mortality";"Northern Ireland";"Lung";"75-85+";"Male";"1999";"483.58"
"Mortality";"Northern Ireland";"Lung";"75-85+";"Male";"2000";"484.25"
"Mortality";"Northern Ireland";"Lung";"75-85+";"Male";"2001";"518.89"
"Mortality";"Northern Ireland";"Lung";"75-85+";"Male";"2002";"460.23"
"Mortality";"Northern Ireland";"Lung";"75-85+";"Male";"2003";"508.21"
"Mortality";"Northern Ireland";"Lung";"75-85+";"Male";"2004";"577.39"
"Mortality";"Northern Ireland";"Lung";"75-85+";"Male";"2005";"537.16"
"Mortality";"Northern Ireland";"Lung";"75-85+";"Male";"2006";"469.51"
"Mortality";"Northern Ireland";"Lung";"75-85+";"Male";"2007";"540.08"
"Mortality";"Northern Ireland";"Lung";"75-85+";"Male";"2008";"544.75"
"Mortality";"Northern Ireland";"Lung";"75-85+";"Male";"2009";"514.14"
"Mortality";"Northern Ireland";"Lung";"75-85+";"Male";"2010";"474.97"
"Mortality";"Northern Ireland";"Lung";"75-85+";"Male";"2011";"529.80"
"Mortality";"Northern Ireland";"Lung";"75-85+";"Male";"2012";"476.16"
"Mortality";"Northern Ireland";"Lung";"75-85+";"Male";"2013";"460.42"
"Mortality";"Northern Ireland";"Lung";"75-85+";"Male";"2014";"440.00"
"Mortality";"Northern Ireland";"Lung";"75-85+";"Male";"2015";"491.72"
"Mortality";"Northern Ireland";"Lung";"75-85+";"Male";"2016";"476.62"
"Mortality";"Northern Ireland";"Lung";"75-85+";"Male";"2017";"467.97"
"Mortality";"Northern Ireland";"Lung";"75-85+";"Male";"2018";"460.07"
"Mortality";"Northern Ireland";"Lung";"75-85+";"Male";"2019";"445.01"
"Incidence";"Northern Ireland";"Lung";"75-85+";"Male";"1993";"530.39"
"Incidence";"Northern Ireland";"Lung";"75-85+";"Male";"1994";"518.22"
"Incidence";"Northern Ireland";"Lung";"75-85+";"Male";"1995";"505.65"
"Incidence";"Northern Ireland";"Lung";"75-85+";"Male";"1996";"500.55"
"Incidence";"Northern Ireland";"Lung";"75-85+";"Male";"1997";"511.80"
"Incidence";"Northern Ireland";"Lung";"75-85+";"Male";"1998";"531.48"
"Incidence";"Northern Ireland";"Lung";"75-85+";"Male";"1999";"506.61"
"Incidence";"Northern Ireland";"Lung";"75-85+";"Male";"2000";"464.43"
"Incidence";"Northern Ireland";"Lung";"75-85+";"Male";"2001";"483.01"
"Incidence";"Northern Ireland";"Lung";"75-85+";"Male";"2002";"460.23"
"Incidence";"Northern Ireland";"Lung";"75-85+";"Male";"2003";"497.62"
"Incidence";"Northern Ireland";"Lung";"75-85+";"Male";"2004";"600.69"
"Incidence";"Northern Ireland";"Lung";"75-85+";"Male";"2005";"494.08"
"Incidence";"Northern Ireland";"Lung";"75-85+";"Male";"2006";"489.28"
"Incidence";"Northern Ireland";"Lung";"75-85+";"Male";"2007";"515.86"
"Incidence";"Northern Ireland";"Lung";"75-85+";"Male";"2008";"618.18"
"Incidence";"Northern Ireland";"Lung";"75-85+";"Male";"2009";"518.77"
"Incidence";"Northern Ireland";"Lung";"75-85+";"Male";"2010";"551.15"
"Incidence";"Northern Ireland";"Lung";"75-85+";"Male";"2011";"547.17"
"Incidence";"Northern Ireland";"Lung";"75-85+";"Male";"2012";"524.41"
"Incidence";"Northern Ireland";"Lung";"75-85+";"Male";"2013";"521.53"
"Incidence";"Northern Ireland";"Lung";"75-85+";"Male";"2014";"532.32"
"Incidence";"Northern Ireland";"Lung";"75-85+";"Male";"2015";"529.98"
"Incidence";"Northern Ireland";"Lung";"75-85+";"Male";"2016";"498.97"
"Incidence";"Northern Ireland";"Lung";"75-85+";"Male";"2017";"572.36"
"Incidence";"Northern Ireland";"Lung";"75-85+";"Male";"2018";"510.42"
"Incidence";"Northern Ireland";"Lung";"75-85+";"Male";"2019";"454.97"
"Incidence";"Northern Ireland";"Lung";"75-85+";"Female";"1993";"132.41"
"Incidence";"Northern Ireland";"Lung";"75-85+";"Female";"1994";"140.34"
"Incidence";"Northern Ireland";"Lung";"75-85+";"Female";"1995";"172.93"
"Incidence";"Northern Ireland";"Lung";"75-85+";"Female";"1996";"153.39"
"Incidence";"Northern Ireland";"Lung";"75-85+";"Female";"1997";"173.96"
"Incidence";"Northern Ireland";"Lung";"75-85+";"Female";"1998";"192.62"
"Incidence";"Northern Ireland";"Lung";"75-85+";"Female";"1999";"207.38"
"Incidence";"Northern Ireland";"Lung";"75-85+";"Female";"2000";"167.17"
"Incidence";"Northern Ireland";"Lung";"75-85+";"Female";"2001";"181.56"
"Incidence";"Northern Ireland";"Lung";"75-85+";"Female";"2002";"209.34"
"Incidence";"Northern Ireland";"Lung";"75-85+";"Female";"2003";"211.34"
"Incidence";"Northern Ireland";"Lung";"75-85+";"Female";"2004";"227.45"
"Incidence";"Northern Ireland";"Lung";"75-85+";"Female";"2005";"236.07"
"Incidence";"Northern Ireland";"Lung";"75-85+";"Female";"2006";"196.10"
"Incidence";"Northern Ireland";"Lung";"75-85+";"Female";"2007";"218.43"
"Incidence";"Northern Ireland";"Lung";"75-85+";"Female";"2008";"217.52"
"Incidence";"Northern Ireland";"Lung";"75-85+";"Female";"2009";"243.91"
"Incidence";"Northern Ireland";"Lung";"75-85+";"Female";"2010";"229.62"
"Incidence";"Northern Ireland";"Lung";"75-85+";"Female";"2011";"249.47"
"Incidence";"Northern Ireland";"Lung";"75-85+";"Female";"2012";"272.83"
"Incidence";"Northern Ireland";"Lung";"75-85+";"Female";"2013";"310.38"
"Incidence";"Northern Ireland";"Lung";"75-85+";"Female";"2014";"308.67"
"Incidence";"Northern Ireland";"Lung";"75-85+";"Female";"2015";"317.13"
"Incidence";"Northern Ireland";"Lung";"75-85+";"Female";"2016";"370.58"
"Incidence";"Northern Ireland";"Lung";"75-85+";"Female";"2017";"315.84"
"Incidence";"Northern Ireland";"Lung";"75-85+";"Female";"2018";"291.82"
"Incidence";"Northern Ireland";"Lung";"75-85+";"Female";"2019";"337.63"
"Mortality";"England";"Lung";"0-14";"Male";"1995";"0.02"
"Mortality";"England";"Lung";"0-14";"Male";"1996";"0.00"
"Mortality";"England";"Lung";"0-14";"Male";"1997";"0.00"
"Mortality";"England";"Lung";"0-14";"Male";"1998";"0.00"
"Mortality";"England";"Lung";"0-14";"Male";"1999";"0.00"
"Mortality";"England";"Lung";"0-14";"Male";"2000";"0.00"
"Mortality";"England";"Lung";"0-14";"Male";"2001";"0.00"
"Mortality";"England";"Lung";"0-14";"Male";"2002";"0.00"
"Mortality";"England";"Lung";"0-14";"Male";"2003";"0.00"
"Mortality";"England";"Lung";"0-14";"Male";"2004";"0.00"
"Mortality";"England";"Lung";"0-14";"Male";"2005";"0.00"
"Mortality";"England";"Lung";"0-14";"Male";"2006";"0.00"
"Mortality";"England";"Lung";"0-14";"Male";"2007";"0.00"
"Mortality";"England";"Lung";"0-14";"Male";"2008";"0.00"
"Mortality";"England";"Lung";"0-14";"Male";"2009";"0.00"
"Mortality";"England";"Lung";"0-14";"Male";"2010";"0.00"
"Mortality";"England";"Lung";"0-14";"Male";"2011";"0.02"
"Mortality";"England";"Lung";"0-14";"Male";"2012";"0.00"
"Mortality";"England";"Lung";"0-14";"Male";"2013";"0.00"
"Mortality";"England";"Lung";"0-14";"Female";"1995";"0.00"
"Mortality";"England";"Lung";"0-14";"Female";"1996";"0.04"
"Mortality";"England";"Lung";"0-14";"Female";"1997";"0.02"
"Mortality";"England";"Lung";"0-14";"Female";"1998";"0.00"
"Mortality";"England";"Lung";"0-14";"Female";"1999";"0.00"
"Mortality";"England";"Lung";"0-14";"Female";"2000";"0.00"
"Mortality";"England";"Lung";"0-14";"Female";"2001";"0.00"
"Mortality";"England";"Lung";"0-14";"Female";"2002";"0.00"
"Mortality";"England";"Lung";"0-14";"Female";"2003";"0.00"
"Mortality";"England";"Lung";"0-14";"Female";"2004";"0.00"
"Mortality";"England";"Lung";"0-14";"Female";"2005";"0.00"
"Mortality";"England";"Lung";"0-14";"Female";"2006";"0.04"
"Mortality";"England";"Lung";"0-14";"Female";"2007";"0.00"
"Mortality";"England";"Lung";"0-14";"Female";"2008";"0.00"
"Mortality";"England";"Lung";"0-14";"Female";"2009";"0.00"
"Mortality";"England";"Lung";"0-14";"Female";"2010";"0.00"
"Mortality";"England";"Lung";"0-14";"Female";"2011";"0.00"
"Mortality";"England";"Lung";"0-14";"Female";"2012";"0.00"
"Mortality";"England";"Lung";"0-14";"Female";"2013";"0.00"
"Incidence";"England";"Lung";"0-14";"Female";"1995";"0.00"
"Incidence";"England";"Lung";"0-14";"Female";"1996";"0.02"
"Incidence";"England";"Lung";"0-14";"Female";"1997";"0.02"
"Incidence";"England";"Lung";"0-14";"Female";"1998";"0.00"
"Incidence";"England";"Lung";"0-14";"Female";"1999";"0.02"
"Incidence";"England";"Lung";"0-14";"Female";"2000";"0.02"
"Incidence";"England";"Lung";"0-14";"Female";"2001";"0.02"
"Incidence";"England";"Lung";"0-14";"Female";"2002";"0.00"
"Incidence";"England";"Lung";"0-14";"Female";"2003";"0.02"
"Incidence";"England";"Lung";"0-14";"Female";"2004";"0.02"
"Incidence";"England";"Lung";"0-14";"Female";"2005";"0.00"
"Incidence";"England";"Lung";"0-14";"Female";"2006";"0.02"
"Incidence";"England";"Lung";"0-14";"Female";"2007";"0.00"
"Incidence";"England";"Lung";"0-14";"Female";"2008";"0.00"
"Incidence";"England";"Lung";"0-14";"Female";"2009";"0.00"
"Incidence";"England";"Lung";"0-14";"Female";"2010";"0.00"
"Incidence";"England";"Lung";"0-14";"Female";"2011";"0.00"
"Incidence";"England";"Lung";"0-14";"Female";"2012";"0.00"
"Incidence";"England";"Lung";"0-14";"Female";"2013";"0.02"
"Incidence";"Wales";"Lung";"0-14";"Male";"1995";"0.00"
"Incidence";"Wales";"Lung";"0-14";"Male";"1996";"0.00"
"Incidence";"Wales";"Lung";"0-14";"Male";"1997";"0.00"
"Incidence";"Wales";"Lung";"0-14";"Male";"1998";"0.00"
"Incidence";"Wales";"Lung";"0-14";"Male";"1999";"0.00"
"Incidence";"Wales";"Lung";"0-14";"Male";"2000";"0.35"
"Incidence";"Wales";"Lung";"0-14";"Male";"2001";"0.00"
"Incidence";"Wales";"Lung";"0-14";"Male";"2002";"0.00"
"Incidence";"Wales";"Lung";"0-14";"Male";"2003";"0.00"
"Incidence";"Wales";"Lung";"0-14";"Male";"2004";"0.00"
"Incidence";"Wales";"Lung";"0-14";"Male";"2005";"0.00"
"Incidence";"Wales";"Lung";"0-14";"Male";"2006";"0.74"
"Incidence";"Wales";"Lung";"0-14";"Male";"2007";"0.00"
"Incidence";"Wales";"Lung";"0-14";"Male";"2008";"0.00"
"Incidence";"Wales";"Lung";"0-14";"Male";"2009";"0.00"
"Incidence";"Wales";"Lung";"0-14";"Male";"2010";"0.00"
"Incidence";"Wales";"Lung";"0-14";"Male";"2011";"0.00"
"Incidence";"Wales";"Lung";"0-14";"Male";"2012";"0.00"
"Incidence";"Wales";"Lung";"0-14";"Male";"2013";"0.00"
"Incidence";"Wales";"Lung";"0-14";"Male";"2014";"0.00"
"Incidence";"Wales";"Lung";"0-14";"Male";"2015";"0.00"
"Incidence";"Wales";"Lung";"0-14";"Male";"2016";"0.00"
"Incidence";"Wales";"Lung";"0-14";"Male";"2017";"0.00"
"Incidence";"Wales";"Lung";"0-14";"Male";"2018";"0.00"
"Incidence";"Wales";"Lung";"0-14";"Male";"2019";"0.00"
"Incidence";"Wales";"Lung";"0-14";"Male";"2020";"0.00"
"Incidence";"England";"Lung";"0-14";"Male";"1995";"0.00"
"Incidence";"England";"Lung";"0-14";"Male";"1996";"0.00"
"Incidence";"England";"Lung";"0-14";"Male";"1997";"0.04"
"Incidence";"England";"Lung";"0-14";"Male";"1998";"0.02"
"Incidence";"England";"Lung";"0-14";"Male";"1999";"0.02"
"Incidence";"England";"Lung";"0-14";"Male";"2000";"0.02"
"Incidence";"England";"Lung";"0-14";"Male";"2001";"0.00"
"Incidence";"England";"Lung";"0-14";"Male";"2002";"0.02"
"Incidence";"England";"Lung";"0-14";"Male";"2003";"0.00"
"Incidence";"England";"Lung";"0-14";"Male";"2004";"0.00"
"Incidence";"England";"Lung";"0-14";"Male";"2005";"0.00"
"Incidence";"England";"Lung";"0-14";"Male";"2006";"0.04"
"Incidence";"England";"Lung";"0-14";"Male";"2007";"0.02"
"Incidence";"England";"Lung";"0-14";"Male";"2008";"0.00"
"Incidence";"England";"Lung";"0-14";"Male";"2009";"0.00"
"Incidence";"England";"Lung";"0-14";"Male";"2010";"0.00"
"Incidence";"England";"Lung";"0-14";"Male";"2011";"0.00"
"Incidence";"England";"Lung";"0-14";"Male";"2012";"0.00"
"Incidence";"England";"Lung";"0-14";"Male";"2013";"0.00"
"Incidence";"Wales";"Lung";"0-14";"Female";"1995";"0.00"
"Incidence";"Wales";"Lung";"0-14";"Female";"1996";"0.00"
"Incidence";"Wales";"Lung";"0-14";"Female";"1997";"0.00"
"Incidence";"Wales";"Lung";"0-14";"Female";"1998";"0.00"
"Incidence";"Wales";"Lung";"0-14";"Female";"1999";"0.00"
"Incidence";"Wales";"Lung";"0-14";"Female";"2000";"0.00"
"Incidence";"Wales";"Lung";"0-14";"Female";"2001";"0.00"
"Incidence";"Wales";"Lung";"0-14";"Female";"2002";"0.00"
"Incidence";"Wales";"Lung";"0-14";"Female";"2003";"0.00"
"Incidence";"Wales";"Lung";"0-14";"Female";"2004";"0.00"
"Incidence";"Wales";"Lung";"0-14";"Female";"2005";"0.00"
"Incidence";"Wales";"Lung";"0-14";"Female";"2006";"0.00"
"Incidence";"Wales";"Lung";"0-14";"Female";"2007";"0.00"
"Incidence";"Wales";"Lung";"0-14";"Female";"2008";"0.00"
"Incidence";"Wales";"Lung";"0-14";"Female";"2009";"0.00"
"Incidence";"Wales";"Lung";"0-14";"Female";"2010";"0.00"
"Incidence";"Wales";"Lung";"0-14";"Female";"2011";"0.00"
"Incidence";"Wales";"Lung";"0-14";"Female";"2012";"0.00"
"Incidence";"Wales";"Lung";"0-14";"Female";"2013";"0.00"
"Incidence";"Wales";"Lung";"0-14";"Female";"2014";"0.00"
"Incidence";"Wales";"Lung";"0-14";"Female";"2015";"0.00"
"Incidence";"Wales";"Lung";"0-14";"Female";"2016";"0.00"
"Incidence";"Wales";"Lung";"0-14";"Female";"2017";"0.00"
"Incidence";"Wales";"Lung";"0-14";"Female";"2018";"0.00"
"Incidence";"Wales";"Lung";"0-14";"Female";"2019";"0.00"
"Incidence";"Wales";"Lung";"0-14";"Female";"2020";"0.00"
"Mortality";"England";"Lung";"15-29";"Male";"1995";"0.08"
"Mortality";"England";"Lung";"15-29";"Male";"1996";"0.08"
"Mortality";"England";"Lung";"15-29";"Male";"1997";"0.17"
"Mortality";"England";"Lung";"15-29";"Male";"1998";"0.08"
"Mortality";"England";"Lung";"15-29";"Male";"1999";"0.06"
"Mortality";"England";"Lung";"15-29";"Male";"2000";"0.11"
"Mortality";"England";"Lung";"15-29";"Male";"2001";"0.08"
"Mortality";"England";"Lung";"15-29";"Male";"2002";"0.00"
"Mortality";"England";"Lung";"15-29";"Male";"2003";"0.08"
"Mortality";"England";"Lung";"15-29";"Male";"2004";"0.04"
"Mortality";"England";"Lung";"15-29";"Male";"2005";"0.08"
"Mortality";"England";"Lung";"15-29";"Male";"2006";"0.10"
"Mortality";"England";"Lung";"15-29";"Male";"2007";"0.12"
"Mortality";"England";"Lung";"15-29";"Male";"2008";"0.02"
"Mortality";"England";"Lung";"15-29";"Male";"2009";"0.06"
"Mortality";"England";"Lung";"15-29";"Male";"2010";"0.09"
"Mortality";"England";"Lung";"15-29";"Male";"2011";"0.07"
"Mortality";"England";"Lung";"15-29";"Male";"2012";"0.06"
"Mortality";"England";"Lung";"15-29";"Male";"2013";"0.04"
"Incidence";"Wales";"Lung";"15-29";"Male";"1995";"0.70"
"Incidence";"Wales";"Lung";"15-29";"Male";"1996";"0.00"
"Incidence";"Wales";"Lung";"15-29";"Male";"1997";"0.00"
"Incidence";"Wales";"Lung";"15-29";"Male";"1998";"0.00"
"Incidence";"Wales";"Lung";"15-29";"Male";"1999";"0.00"
"Incidence";"Wales";"Lung";"15-29";"Male";"2000";"0.00"
"Incidence";"Wales";"Lung";"15-29";"Male";"2001";"0.76"
"Incidence";"Wales";"Lung";"15-29";"Male";"2002";"0.38"
"Incidence";"Wales";"Lung";"15-29";"Male";"2003";"0.38"
"Incidence";"Wales";"Lung";"15-29";"Male";"2004";"0.37"
"Incidence";"Wales";"Lung";"15-29";"Male";"2005";"0.00"
"Incidence";"Wales";"Lung";"15-29";"Male";"2006";"0.35"
"Incidence";"Wales";"Lung";"15-29";"Male";"2007";"0.35"
"Incidence";"Wales";"Lung";"15-29";"Male";"2008";"0.68"
"Incidence";"Wales";"Lung";"15-29";"Male";"2009";"0.34"
"Incidence";"Wales";"Lung";"15-29";"Male";"2010";"0.33"
"Incidence";"Wales";"Lung";"15-29";"Male";"2011";"0.33"
"Incidence";"Wales";"Lung";"15-29";"Male";"2012";"0.00"
"Incidence";"Wales";"Lung";"15-29";"Male";"2013";"0.00"
"Incidence";"Wales";"Lung";"15-29";"Male";"2014";"0.33"
"Incidence";"Wales";"Lung";"15-29";"Male";"2015";"0.00"
"Incidence";"Wales";"Lung";"15-29";"Male";"2016";"0.33"
"Incidence";"Wales";"Lung";"15-29";"Male";"2017";"0.33"
"Incidence";"Wales";"Lung";"15-29";"Male";"2018";"0.00"
"Incidence";"Wales";"Lung";"15-29";"Male";"2019";"0.00"
"Incidence";"Wales";"Lung";"15-29";"Male";"2020";"0.36"
"Incidence";"England";"Lung";"15-29";"Male";"1995";"0.16"
"Incidence";"England";"Lung";"15-29";"Male";"1996";"0.25"
"Incidence";"England";"Lung";"15-29";"Male";"1997";"0.17"
"Incidence";"England";"Lung";"15-29";"Male";"1998";"0.15"
"Incidence";"England";"Lung";"15-29";"Male";"1999";"0.17"
"Incidence";"England";"Lung";"15-29";"Male";"2000";"0.21"
"Incidence";"England";"Lung";"15-29";"Male";"2001";"0.30"
"Incidence";"England";"Lung";"15-29";"Male";"2002";"0.21"
"Incidence";"England";"Lung";"15-29";"Male";"2003";"0.15"
"Incidence";"England";"Lung";"15-29";"Male";"2004";"0.17"
"Incidence";"England";"Lung";"15-29";"Male";"2005";"0.24"
"Incidence";"England";"Lung";"15-29";"Male";"2006";"0.12"
"Incidence";"England";"Lung";"15-29";"Male";"2007";"0.31"
"Incidence";"England";"Lung";"15-29";"Male";"2008";"0.17"
"Incidence";"England";"Lung";"15-29";"Male";"2009";"0.38"
"Incidence";"England";"Lung";"15-29";"Male";"2010";"0.30"
"Incidence";"England";"Lung";"15-29";"Male";"2011";"0.36"
"Incidence";"England";"Lung";"15-29";"Male";"2012";"0.28"
"Incidence";"England";"Lung";"15-29";"Male";"2013";"0.26"
"Mortality";"England";"Lung";"15-29";"Female";"1995";"0.04"
"Mortality";"England";"Lung";"15-29";"Female";"1996";"0.10"
"Mortality";"England";"Lung";"15-29";"Female";"1997";"0.04"
"Mortality";"England";"Lung";"15-29";"Female";"1998";"0.02"
"Mortality";"England";"Lung";"15-29";"Female";"1999";"0.06"
"Mortality";"England";"Lung";"15-29";"Female";"2000";"0.04"
"Mortality";"England";"Lung";"15-29";"Female";"2001";"0.04"
"Mortality";"England";"Lung";"15-29";"Female";"2002";"0.06"
"Mortality";"England";"Lung";"15-29";"Female";"2003";"0.06"
"Mortality";"England";"Lung";"15-29";"Female";"2004";"0.11"
"Mortality";"England";"Lung";"15-29";"Female";"2005";"0.06"
"Mortality";"England";"Lung";"15-29";"Female";"2006";"0.10"
"Mortality";"England";"Lung";"15-29";"Female";"2007";"0.00"
"Mortality";"England";"Lung";"15-29";"Female";"2008";"0.06"
"Mortality";"England";"Lung";"15-29";"Female";"2009";"0.02"
"Mortality";"England";"Lung";"15-29";"Female";"2010";"0.02"
"Mortality";"England";"Lung";"15-29";"Female";"2011";"0.04"
"Mortality";"England";"Lung";"15-29";"Female";"2012";"0.08"
"Mortality";"England";"Lung";"15-29";"Female";"2013";"0.08"
"Incidence";"England";"Lung";"15-29";"Female";"1995";"0.14"
"Incidence";"England";"Lung";"15-29";"Female";"1996";"0.10"
"Incidence";"England";"Lung";"15-29";"Female";"1997";"0.17"
"Incidence";"England";"Lung";"15-29";"Female";"1998";"0.13"
"Incidence";"England";"Lung";"15-29";"Female";"1999";"0.28"
"Incidence";"England";"Lung";"15-29";"Female";"2000";"0.15"
"Incidence";"England";"Lung";"15-29";"Female";"2001";"0.17"
"Incidence";"England";"Lung";"15-29";"Female";"2002";"0.24"
"Incidence";"England";"Lung";"15-29";"Female";"2003";"0.34"
"Incidence";"England";"Lung";"15-29";"Female";"2004";"0.19"
"Incidence";"England";"Lung";"15-29";"Female";"2005";"0.16"
"Incidence";"England";"Lung";"15-29";"Female";"2006";"0.16"
"Incidence";"England";"Lung";"15-29";"Female";"2007";"0.24"
"Incidence";"England";"Lung";"15-29";"Female";"2008";"0.29"
"Incidence";"England";"Lung";"15-29";"Female";"2009";"0.27"
"Incidence";"England";"Lung";"15-29";"Female";"2010";"0.40"
"Incidence";"England";"Lung";"15-29";"Female";"2011";"0.36"
"Incidence";"England";"Lung";"15-29";"Female";"2012";"0.36"
"Incidence";"England";"Lung";"15-29";"Female";"2013";"0.37"
"Incidence";"Wales";"Lung";"15-29";"Female";"1995";"0.36"
"Incidence";"Wales";"Lung";"15-29";"Female";"1996";"0.73"
"Incidence";"Wales";"Lung";"15-29";"Female";"1997";"0.00"
"Incidence";"Wales";"Lung";"15-29";"Female";"1998";"0.00"
"Incidence";"Wales";"Lung";"15-29";"Female";"1999";"0.00"
"Incidence";"Wales";"Lung";"15-29";"Female";"2000";"0.00"
"Incidence";"Wales";"Lung";"15-29";"Female";"2001";"0.00"
"Incidence";"Wales";"Lung";"15-29";"Female";"2002";"0.38"
"Incidence";"Wales";"Lung";"15-29";"Female";"2003";"0.00"
"Incidence";"Wales";"Lung";"15-29";"Female";"2004";"0.00"
"Incidence";"Wales";"Lung";"15-29";"Female";"2005";"0.37"
"Incidence";"Wales";"Lung";"15-29";"Female";"2006";"0.36"
"Incidence";"Wales";"Lung";"15-29";"Female";"2007";"0.00"
"Incidence";"Wales";"Lung";"15-29";"Female";"2008";"0.00"
"Incidence";"Wales";"Lung";"15-29";"Female";"2009";"0.34"
"Incidence";"Wales";"Lung";"15-29";"Female";"2010";"0.68"
"Incidence";"Wales";"Lung";"15-29";"Female";"2011";"0.34"
"Incidence";"Wales";"Lung";"15-29";"Female";"2012";"0.00"
"Incidence";"Wales";"Lung";"15-29";"Female";"2013";"0.00"
"Incidence";"Wales";"Lung";"15-29";"Female";"2014";"0.00"
"Incidence";"Wales";"Lung";"15-29";"Female";"2015";"0.00"
"Incidence";"Wales";"Lung";"15-29";"Female";"2016";"0.35"
"Incidence";"Wales";"Lung";"15-29";"Female";"2017";"1.05"
"Incidence";"Wales";"Lung";"15-29";"Female";"2018";"0.35"
"Incidence";"Wales";"Lung";"15-29";"Female";"2019";"0.71"
"Incidence";"Wales";"Lung";"15-29";"Female";"2020";"0.37"
"Mortality";"England";"Lung";"30-44";"Male";"1995";"3.34"
"Mortality";"England";"Lung";"30-44";"Male";"1996";"3.39"
"Mortality";"England";"Lung";"30-44";"Male";"1997";"2.93"
"Mortality";"England";"Lung";"30-44";"Male";"1998";"2.89"
"Mortality";"England";"Lung";"30-44";"Male";"1999";"2.67"
"Mortality";"England";"Lung";"30-44";"Male";"2000";"2.53"
"Mortality";"England";"Lung";"30-44";"Male";"2001";"2.09"
"Mortality";"England";"Lung";"30-44";"Male";"2002";"2.32"
"Mortality";"England";"Lung";"30-44";"Male";"2003";"2.12"
"Mortality";"England";"Lung";"30-44";"Male";"2004";"2.36"
"Mortality";"England";"Lung";"30-44";"Male";"2005";"2.55"
"Mortality";"England";"Lung";"30-44";"Male";"2006";"2.44"
"Mortality";"England";"Lung";"30-44";"Male";"2007";"2.09"
"Mortality";"England";"Lung";"30-44";"Male";"2008";"2.23"
"Mortality";"England";"Lung";"30-44";"Male";"2009";"2.44"
"Mortality";"England";"Lung";"30-44";"Male";"2010";"2.51"
"Mortality";"England";"Lung";"30-44";"Male";"2011";"2.02"
"Mortality";"England";"Lung";"30-44";"Male";"2012";"2.02"
"Mortality";"England";"Lung";"30-44";"Male";"2013";"1.71"
"Incidence";"Wales";"Lung";"30-44";"Female";"1995";"3.72"
"Incidence";"Wales";"Lung";"30-44";"Female";"1996";"2.35"
"Incidence";"Wales";"Lung";"30-44";"Female";"1997";"4.00"
"Incidence";"Wales";"Lung";"30-44";"Female";"1998";"5.63"
"Incidence";"Wales";"Lung";"30-44";"Female";"1999";"3.95"
"Incidence";"Wales";"Lung";"30-44";"Female";"2000";"2.28"
"Incidence";"Wales";"Lung";"30-44";"Female";"2001";"3.87"
"Incidence";"Wales";"Lung";"30-44";"Female";"2002";"3.20"
"Incidence";"Wales";"Lung";"30-44";"Female";"2003";"4.14"
"Incidence";"Wales";"Lung";"30-44";"Female";"2004";"3.51"
"Incidence";"Wales";"Lung";"30-44";"Female";"2005";"2.25"
"Incidence";"Wales";"Lung";"30-44";"Female";"2006";"4.53"
"Incidence";"Wales";"Lung";"30-44";"Female";"2007";"2.62"
"Incidence";"Wales";"Lung";"30-44";"Female";"2008";"3.99"
"Incidence";"Wales";"Lung";"30-44";"Female";"2009";"2.02"
"Incidence";"Wales";"Lung";"30-44";"Female";"2010";"2.39"
"Incidence";"Wales";"Lung";"30-44";"Female";"2011";"4.15"
"Incidence";"Wales";"Lung";"30-44";"Female";"2012";"2.45"
"Incidence";"Wales";"Lung";"30-44";"Female";"2013";"2.49"
"Incidence";"Wales";"Lung";"30-44";"Female";"2014";"3.24"
"Incidence";"Wales";"Lung";"30-44";"Female";"2015";"1.09"
"Incidence";"Wales";"Lung";"30-44";"Female";"2016";"1.10"
"Incidence";"Wales";"Lung";"30-44";"Female";"2017";"2.58"
"Incidence";"Wales";"Lung";"30-44";"Female";"2018";"2.59"
"Incidence";"Wales";"Lung";"30-44";"Female";"2019";"4.05"
"Incidence";"Wales";"Lung";"30-44";"Female";"2020";"3.90"
"Incidence";"England";"Lung";"30-44";"Male";"1995";"4.31"
"Incidence";"England";"Lung";"30-44";"Male";"1996";"4.00"
"Incidence";"England";"Lung";"30-44";"Male";"1997";"4.15"
"Incidence";"England";"Lung";"30-44";"Male";"1998";"3.88"
"Incidence";"England";"Lung";"30-44";"Male";"1999";"3.28"
"Incidence";"England";"Lung";"30-44";"Male";"2000";"3.52"
"Incidence";"England";"Lung";"30-44";"Male";"2001";"3.37"
"Incidence";"England";"Lung";"30-44";"Male";"2002";"3.21"
"Incidence";"England";"Lung";"30-44";"Male";"2003";"3.14"
"Incidence";"England";"Lung";"30-44";"Male";"2004";"3.44"
"Incidence";"England";"Lung";"30-44";"Male";"2005";"3.29"
"Incidence";"England";"Lung";"30-44";"Male";"2006";"3.46"
"Incidence";"England";"Lung";"30-44";"Male";"2007";"3.29"
"Incidence";"England";"Lung";"30-44";"Male";"2008";"3.28"
"Incidence";"England";"Lung";"30-44";"Male";"2009";"3.53"
"Incidence";"England";"Lung";"30-44";"Male";"2010";"3.55"
"Incidence";"England";"Lung";"30-44";"Male";"2011";"3.31"
"Incidence";"England";"Lung";"30-44";"Male";"2012";"3.09"
"Incidence";"England";"Lung";"30-44";"Male";"2013";"3.25"
"Incidence";"England";"Lung";"30-44";"Female";"1995";"3.29"
"Incidence";"England";"Lung";"30-44";"Female";"1996";"3.30"
"Incidence";"England";"Lung";"30-44";"Female";"1997";"3.27"
"Incidence";"England";"Lung";"30-44";"Female";"1998";"3.10"
"Incidence";"England";"Lung";"30-44";"Female";"1999";"2.95"
"Incidence";"England";"Lung";"30-44";"Female";"2000";"3.57"
"Incidence";"England";"Lung";"30-44";"Female";"2001";"2.99"
"Incidence";"England";"Lung";"30-44";"Female";"2002";"2.72"
"Incidence";"England";"Lung";"30-44";"Female";"2003";"3.29"
"Incidence";"England";"Lung";"30-44";"Female";"2004";"2.87"
"Incidence";"England";"Lung";"30-44";"Female";"2005";"3.26"
"Incidence";"England";"Lung";"30-44";"Female";"2006";"3.00"
"Incidence";"England";"Lung";"30-44";"Female";"2007";"3.47"
"Incidence";"England";"Lung";"30-44";"Female";"2008";"2.87"
"Incidence";"England";"Lung";"30-44";"Female";"2009";"3.45"
"Incidence";"England";"Lung";"30-44";"Female";"2010";"3.32"
"Incidence";"England";"Lung";"30-44";"Female";"2011";"2.59"
"Incidence";"England";"Lung";"30-44";"Female";"2012";"3.37"
"Incidence";"England";"Lung";"30-44";"Female";"2013";"2.81"
"Mortality";"England";"Lung";"30-44";"Female";"1995";"2.35"
"Mortality";"England";"Lung";"30-44";"Female";"1996";"2.24"
"Mortality";"England";"Lung";"30-44";"Female";"1997";"2.40"
"Mortality";"England";"Lung";"30-44";"Female";"1998";"2.26"
"Mortality";"England";"Lung";"30-44";"Female";"1999";"2.19"
"Mortality";"England";"Lung";"30-44";"Female";"2000";"2.18"
"Mortality";"England";"Lung";"30-44";"Female";"2001";"1.87"
"Mortality";"England";"Lung";"30-44";"Female";"2002";"2.03"
"Mortality";"England";"Lung";"30-44";"Female";"2003";"1.66"
"Mortality";"England";"Lung";"30-44";"Female";"2004";"2.09"
"Mortality";"England";"Lung";"30-44";"Female";"2005";"1.74"
"Mortality";"England";"Lung";"30-44";"Female";"2006";"2.12"
"Mortality";"England";"Lung";"30-44";"Female";"2007";"2.05"
"Mortality";"England";"Lung";"30-44";"Female";"2008";"2.05"
"Mortality";"England";"Lung";"30-44";"Female";"2009";"1.63"
"Mortality";"England";"Lung";"30-44";"Female";"2010";"1.80"
"Mortality";"England";"Lung";"30-44";"Female";"2011";"1.46"
"Mortality";"England";"Lung";"30-44";"Female";"2012";"1.68"
"Mortality";"England";"Lung";"30-44";"Female";"2013";"1.50"
"Incidence";"Wales";"Lung";"30-44";"Male";"1995";"5.91"
"Incidence";"Wales";"Lung";"30-44";"Male";"1996";"4.14"
"Incidence";"Wales";"Lung";"30-44";"Male";"1997";"2.06"
"Incidence";"Wales";"Lung";"30-44";"Male";"1998";"2.38"
"Incidence";"Wales";"Lung";"30-44";"Male";"1999";"1.36"
"Incidence";"Wales";"Lung";"30-44";"Male";"2000";"6.42"
"Incidence";"Wales";"Lung";"30-44";"Male";"2001";"2.02"
"Incidence";"Wales";"Lung";"30-44";"Male";"2002";"2.02"
"Incidence";"Wales";"Lung";"30-44";"Male";"2003";"6.37"
"Incidence";"Wales";"Lung";"30-44";"Male";"2004";"3.35"
"Incidence";"Wales";"Lung";"30-44";"Male";"2005";"4.69"
"Incidence";"Wales";"Lung";"30-44";"Male";"2006";"5.74"
"Incidence";"Wales";"Lung";"30-44";"Male";"2007";"3.41"
"Incidence";"Wales";"Lung";"30-44";"Male";"2008";"1.38"
"Incidence";"Wales";"Lung";"30-44";"Male";"2009";"2.78"
"Incidence";"Wales";"Lung";"30-44";"Male";"2010";"6.32"
"Incidence";"Wales";"Lung";"30-44";"Male";"2011";"3.54"
"Incidence";"Wales";"Lung";"30-44";"Male";"2012";"2.51"
"Incidence";"Wales";"Lung";"30-44";"Male";"2013";"5.09"
"Incidence";"Wales";"Lung";"30-44";"Male";"2014";"2.94"
"Incidence";"Wales";"Lung";"30-44";"Male";"2015";"3.71"
"Incidence";"Wales";"Lung";"30-44";"Male";"2016";"1.87"
"Incidence";"Wales";"Lung";"30-44";"Male";"2017";"1.87"
"Incidence";"Wales";"Lung";"30-44";"Male";"2018";"2.64"
"Incidence";"Wales";"Lung";"30-44";"Male";"2019";"2.62"
"Incidence";"Wales";"Lung";"30-44";"Male";"2020";"3.72"
"Mortality";"England";"Lung";"45-59";"Female";"1995";"25.69"
"Mortality";"England";"Lung";"45-59";"Female";"1996";"26.69"
"Mortality";"England";"Lung";"45-59";"Female";"1997";"26.60"
"Mortality";"England";"Lung";"45-59";"Female";"1998";"28.00"
"Mortality";"England";"Lung";"45-59";"Female";"1999";"26.68"
"Mortality";"England";"Lung";"45-59";"Female";"2000";"27.93"
"Mortality";"England";"Lung";"45-59";"Female";"2001";"28.09"
"Mortality";"England";"Lung";"45-59";"Female";"2002";"28.23"
"Mortality";"England";"Lung";"45-59";"Female";"2003";"27.61"
"Mortality";"England";"Lung";"45-59";"Female";"2004";"28.30"
"Mortality";"England";"Lung";"45-59";"Female";"2005";"26.86"
"Mortality";"England";"Lung";"45-59";"Female";"2006";"29.49"
"Mortality";"England";"Lung";"45-59";"Female";"2007";"27.12"
"Mortality";"England";"Lung";"45-59";"Female";"2008";"27.89"
"Mortality";"England";"Lung";"45-59";"Female";"2009";"24.93"
"Mortality";"England";"Lung";"45-59";"Female";"2010";"26.95"
"Mortality";"England";"Lung";"45-59";"Female";"2011";"23.87"
"Mortality";"England";"Lung";"45-59";"Female";"2012";"25.28"
"Mortality";"England";"Lung";"45-59";"Female";"2013";"23.04"
"Incidence";"Wales";"Lung";"45-59";"Female";"1995";"41.40"
"Incidence";"Wales";"Lung";"45-59";"Female";"1996";"43.30"
"Incidence";"Wales";"Lung";"45-59";"Female";"1997";"35.49"
"Incidence";"Wales";"Lung";"45-59";"Female";"1998";"41.16"
"Incidence";"Wales";"Lung";"45-59";"Female";"1999";"39.59"
"Incidence";"Wales";"Lung";"45-59";"Female";"2000";"41.95"
"Incidence";"Wales";"Lung";"45-59";"Female";"2001";"39.68"
"Incidence";"Wales";"Lung";"45-59";"Female";"2002";"43.98"
"Incidence";"Wales";"Lung";"45-59";"Female";"2003";"48.93"
"Incidence";"Wales";"Lung";"45-59";"Female";"2004";"43.12"
"Incidence";"Wales";"Lung";"45-59";"Female";"2005";"47.17"
"Incidence";"Wales";"Lung";"45-59";"Female";"2006";"47.15"
"Incidence";"Wales";"Lung";"45-59";"Female";"2007";"40.03"
"Incidence";"Wales";"Lung";"45-59";"Female";"2008";"47.31"
"Incidence";"Wales";"Lung";"45-59";"Female";"2009";"37.54"
"Incidence";"Wales";"Lung";"45-59";"Female";"2010";"44.74"
"Incidence";"Wales";"Lung";"45-59";"Female";"2011";"39.81"
"Incidence";"Wales";"Lung";"45-59";"Female";"2012";"43.89"
"Incidence";"Wales";"Lung";"45-59";"Female";"2013";"38.72"
"Incidence";"Wales";"Lung";"45-59";"Female";"2014";"47.50"
"Incidence";"Wales";"Lung";"45-59";"Female";"2015";"43.64"
"Incidence";"Wales";"Lung";"45-59";"Female";"2016";"39.51"
"Incidence";"Wales";"Lung";"45-59";"Female";"2017";"34.90"
"Incidence";"Wales";"Lung";"45-59";"Female";"2018";"37.74"
"Incidence";"Wales";"Lung";"45-59";"Female";"2019";"32.00"
"Incidence";"Wales";"Lung";"45-59";"Female";"2020";"35.37"
"Incidence";"England";"Lung";"45-59";"Male";"1995";"59.89"
"Incidence";"England";"Lung";"45-59";"Male";"1996";"57.90"
"Incidence";"England";"Lung";"45-59";"Male";"1997";"58.99"
"Incidence";"England";"Lung";"45-59";"Male";"1998";"56.38"
"Incidence";"England";"Lung";"45-59";"Male";"1999";"54.03"
"Incidence";"England";"Lung";"45-59";"Male";"2000";"54.43"
"Incidence";"England";"Lung";"45-59";"Male";"2001";"53.31"
"Incidence";"England";"Lung";"45-59";"Male";"2002";"51.30"
"Incidence";"England";"Lung";"45-59";"Male";"2003";"48.64"
"Incidence";"England";"Lung";"45-59";"Male";"2004";"49.94"
"Incidence";"England";"Lung";"45-59";"Male";"2005";"47.82"
"Incidence";"England";"Lung";"45-59";"Male";"2006";"48.05"
"Incidence";"England";"Lung";"45-59";"Male";"2007";"46.03"
"Incidence";"England";"Lung";"45-59";"Male";"2008";"44.01"
"Incidence";"England";"Lung";"45-59";"Male";"2009";"41.90"
"Incidence";"England";"Lung";"45-59";"Male";"2010";"43.11"
"Incidence";"England";"Lung";"45-59";"Male";"2011";"42.04"
"Incidence";"England";"Lung";"45-59";"Male";"2012";"40.59"
"Incidence";"England";"Lung";"45-59";"Male";"2013";"39.26"
"Mortality";"England";"Lung";"45-59";"Male";"1995";"50.53"
"Mortality";"England";"Lung";"45-59";"Male";"1996";"49.82"
"Mortality";"England";"Lung";"45-59";"Male";"1997";"46.98"
"Mortality";"England";"Lung";"45-59";"Male";"1998";"48.82"
"Mortality";"England";"Lung";"45-59";"Male";"1999";"43.56"
"Mortality";"England";"Lung";"45-59";"Male";"2000";"42.86"
"Mortality";"England";"Lung";"45-59";"Male";"2001";"43.90"
"Mortality";"England";"Lung";"45-59";"Male";"2002";"42.66"
"Mortality";"England";"Lung";"45-59";"Male";"2003";"39.17"
"Mortality";"England";"Lung";"45-59";"Male";"2004";"37.79"
"Mortality";"England";"Lung";"45-59";"Male";"2005";"37.67"
"Mortality";"England";"Lung";"45-59";"Male";"2006";"36.85"
"Mortality";"England";"Lung";"45-59";"Male";"2007";"34.99"
"Mortality";"England";"Lung";"45-59";"Male";"2008";"34.18"
"Mortality";"England";"Lung";"45-59";"Male";"2009";"32.69"
"Mortality";"England";"Lung";"45-59";"Male";"2010";"31.02"
"Mortality";"England";"Lung";"45-59";"Male";"2011";"31.08"
"Mortality";"England";"Lung";"45-59";"Male";"2012";"28.74"
"Mortality";"England";"Lung";"45-59";"Male";"2013";"28.58"
"Incidence";"Wales";"Lung";"45-59";"Male";"1995";"59.92"
"Incidence";"Wales";"Lung";"45-59";"Male";"1996";"63.25"
"Incidence";"Wales";"Lung";"45-59";"Male";"1997";"62.87"
"Incidence";"Wales";"Lung";"45-59";"Male";"1998";"62.68"
"Incidence";"Wales";"Lung";"45-59";"Male";"1999";"54.04"
"Incidence";"Wales";"Lung";"45-59";"Male";"2000";"57.07"
"Incidence";"Wales";"Lung";"45-59";"Male";"2001";"52.64"
"Incidence";"Wales";"Lung";"45-59";"Male";"2002";"54.93"
"Incidence";"Wales";"Lung";"45-59";"Male";"2003";"61.08"
"Incidence";"Wales";"Lung";"45-59";"Male";"2004";"63.42"
"Incidence";"Wales";"Lung";"45-59";"Male";"2005";"55.42"
"Incidence";"Wales";"Lung";"45-59";"Male";"2006";"57.42"
"Incidence";"Wales";"Lung";"45-59";"Male";"2007";"52.54"
"Incidence";"Wales";"Lung";"45-59";"Male";"2008";"45.79"
"Incidence";"Wales";"Lung";"45-59";"Male";"2009";"40.18"
"Incidence";"Wales";"Lung";"45-59";"Male";"2010";"48.01"
"Incidence";"Wales";"Lung";"45-59";"Male";"2011";"43.58"
"Incidence";"Wales";"Lung";"45-59";"Male";"2012";"42.54"
"Incidence";"Wales";"Lung";"45-59";"Male";"2013";"43.20"
"Incidence";"Wales";"Lung";"45-59";"Male";"2014";"39.28"
"Incidence";"Wales";"Lung";"45-59";"Male";"2015";"39.32"
"Incidence";"Wales";"Lung";"45-59";"Male";"2016";"44.51"
"Incidence";"Wales";"Lung";"45-59";"Male";"2017";"33.99"
"Incidence";"Wales";"Lung";"45-59";"Male";"2018";"41.17"
"Incidence";"Wales";"Lung";"45-59";"Male";"2019";"36.21"
"Incidence";"Wales";"Lung";"45-59";"Male";"2020";"36.16"
"Incidence";"England";"Lung";"45-59";"Female";"1995";"32.34"
"Incidence";"England";"Lung";"45-59";"Female";"1996";"33.82"
"Incidence";"England";"Lung";"45-59";"Female";"1997";"33.80"
"Incidence";"England";"Lung";"45-59";"Female";"1998";"34.77"
"Incidence";"England";"Lung";"45-59";"Female";"1999";"34.80"
"Incidence";"England";"Lung";"45-59";"Female";"2000";"36.23"
"Incidence";"England";"Lung";"45-59";"Female";"2001";"36.64"
"Incidence";"England";"Lung";"45-59";"Female";"2002";"36.07"
"Incidence";"England";"Lung";"45-59";"Female";"2003";"35.87"
"Incidence";"England";"Lung";"45-59";"Female";"2004";"37.26"
"Incidence";"England";"Lung";"45-59";"Female";"2005";"37.71"
"Incidence";"England";"Lung";"45-59";"Female";"2006";"38.61"
"Incidence";"England";"Lung";"45-59";"Female";"2007";"36.88"
"Incidence";"England";"Lung";"45-59";"Female";"2008";"37.20"
"Incidence";"England";"Lung";"45-59";"Female";"2009";"38.65"
"Incidence";"England";"Lung";"45-59";"Female";"2010";"36.59"
"Incidence";"England";"Lung";"45-59";"Female";"2011";"35.90"
"Incidence";"England";"Lung";"45-59";"Female";"2012";"37.31"
"Incidence";"England";"Lung";"45-59";"Female";"2013";"35.69"
"Incidence";"England";"Lung";"60-74";"Female";"1995";"155.79"
"Incidence";"England";"Lung";"60-74";"Female";"1996";"152.70"
"Incidence";"England";"Lung";"60-74";"Female";"1997";"153.36"
"Incidence";"England";"Lung";"60-74";"Female";"1998";"152.60"
"Incidence";"England";"Lung";"60-74";"Female";"1999";"153.05"
"Incidence";"England";"Lung";"60-74";"Female";"2000";"151.09"
"Incidence";"England";"Lung";"60-74";"Female";"2001";"146.23"
"Incidence";"England";"Lung";"60-74";"Female";"2002";"142.34"
"Incidence";"England";"Lung";"60-74";"Female";"2003";"141.58"
"Incidence";"England";"Lung";"60-74";"Female";"2004";"144.08"
"Incidence";"England";"Lung";"60-74";"Female";"2005";"148.59"
"Incidence";"England";"Lung";"60-74";"Female";"2006";"151.52"
"Incidence";"England";"Lung";"60-74";"Female";"2007";"152.91"
"Incidence";"England";"Lung";"60-74";"Female";"2008";"155.94"
"Incidence";"England";"Lung";"60-74";"Female";"2009";"159.20"
"Incidence";"England";"Lung";"60-74";"Female";"2010";"161.63"
"Incidence";"England";"Lung";"60-74";"Female";"2011";"169.46"
"Incidence";"England";"Lung";"60-74";"Female";"2012";"174.05"
"Incidence";"England";"Lung";"60-74";"Female";"2013";"174.24"
"Mortality";"England";"Lung";"60-74";"Male";"1995";"309.35"
"Mortality";"England";"Lung";"60-74";"Male";"1996";"293.45"
"Mortality";"England";"Lung";"60-74";"Male";"1997";"272.78"
"Mortality";"England";"Lung";"60-74";"Male";"1998";"268.58"
"Mortality";"England";"Lung";"60-74";"Male";"1999";"254.94"
"Mortality";"England";"Lung";"60-74";"Male";"2000";"244.10"
"Mortality";"England";"Lung";"60-74";"Male";"2001";"234.65"
"Mortality";"England";"Lung";"60-74";"Male";"2002";"228.99"
"Mortality";"England";"Lung";"60-74";"Male";"2003";"219.40"
"Mortality";"England";"Lung";"60-74";"Male";"2004";"209.89"
"Mortality";"England";"Lung";"60-74";"Male";"2005";"204.32"
"Mortality";"England";"Lung";"60-74";"Male";"2006";"199.59"
"Mortality";"England";"Lung";"60-74";"Male";"2007";"193.33"
"Mortality";"England";"Lung";"60-74";"Male";"2008";"189.17"
"Mortality";"England";"Lung";"60-74";"Male";"2009";"186.23"
"Mortality";"England";"Lung";"60-74";"Male";"2010";"181.38"
"Mortality";"England";"Lung";"60-74";"Male";"2011";"177.53"
"Mortality";"England";"Lung";"60-74";"Male";"2012";"174.22"
"Mortality";"England";"Lung";"60-74";"Male";"2013";"170.45"
"Incidence";"Wales";"Lung";"60-74";"Male";"1995";"376.92"
"Incidence";"Wales";"Lung";"60-74";"Male";"1996";"339.00"
"Incidence";"Wales";"Lung";"60-74";"Male";"1997";"346.58"
"Incidence";"Wales";"Lung";"60-74";"Male";"1998";"314.86"
"Incidence";"Wales";"Lung";"60-74";"Male";"1999";"304.74"
"Incidence";"Wales";"Lung";"60-74";"Male";"2000";"313.65"
"Incidence";"Wales";"Lung";"60-74";"Male";"2001";"310.72"
"Incidence";"Wales";"Lung";"60-74";"Male";"2002";"286.40"
"Incidence";"Wales";"Lung";"60-74";"Male";"2003";"267.04"
"Incidence";"Wales";"Lung";"60-74";"Male";"2004";"286.02"
"Incidence";"Wales";"Lung";"60-74";"Male";"2005";"260.69"
"Incidence";"Wales";"Lung";"60-74";"Male";"2006";"278.80"
"Incidence";"Wales";"Lung";"60-74";"Male";"2007";"265.21"
"Incidence";"Wales";"Lung";"60-74";"Male";"2008";"278.22"
"Incidence";"Wales";"Lung";"60-74";"Male";"2009";"259.16"
"Incidence";"Wales";"Lung";"60-74";"Male";"2010";"241.32"
"Incidence";"Wales";"Lung";"60-74";"Male";"2011";"254.47"
"Incidence";"Wales";"Lung";"60-74";"Male";"2012";"227.41"
"Incidence";"Wales";"Lung";"60-74";"Male";"2013";"256.96"
"Incidence";"Wales";"Lung";"60-74";"Male";"2014";"236.84"
"Incidence";"Wales";"Lung";"60-74";"Male";"2015";"234.81"
"Incidence";"Wales";"Lung";"60-74";"Male";"2016";"228.20"
"Incidence";"Wales";"Lung";"60-74";"Male";"2017";"223.37"
"Incidence";"Wales";"Lung";"60-74";"Male";"2018";"228.07"
"Incidence";"Wales";"Lung";"60-74";"Male";"2019";"218.18"
"Incidence";"Wales";"Lung";"60-74";"Male";"2020";"182.24"
"Incidence";"England";"Lung";"60-74";"Male";"1995";"340.18"
"Incidence";"England";"Lung";"60-74";"Male";"1996";"320.66"
"Incidence";"England";"Lung";"60-74";"Male";"1997";"316.71"
"Incidence";"England";"Lung";"60-74";"Male";"1998";"296.98"
"Incidence";"England";"Lung";"60-74";"Male";"1999";"290.88"
"Incidence";"England";"Lung";"60-74";"Male";"2000";"285.64"
"Incidence";"England";"Lung";"60-74";"Male";"2001";"272.41"
"Incidence";"England";"Lung";"60-74";"Male";"2002";"262.29"
"Incidence";"England";"Lung";"60-74";"Male";"2003";"251.09"
"Incidence";"England";"Lung";"60-74";"Male";"2004";"251.06"
"Incidence";"England";"Lung";"60-74";"Male";"2005";"243.14"
"Incidence";"England";"Lung";"60-74";"Male";"2006";"246.17"
"Incidence";"England";"Lung";"60-74";"Male";"2007";"234.42"
"Incidence";"England";"Lung";"60-74";"Male";"2008";"234.59"
"Incidence";"England";"Lung";"60-74";"Male";"2009";"231.39"
"Incidence";"England";"Lung";"60-74";"Male";"2010";"229.30"
"Incidence";"England";"Lung";"60-74";"Male";"2011";"230.03"
"Incidence";"England";"Lung";"60-74";"Male";"2012";"236.28"
"Incidence";"England";"Lung";"60-74";"Male";"2013";"227.41"
"Mortality";"England";"Lung";"60-74";"Female";"1995";"141.61"
"Mortality";"England";"Lung";"60-74";"Female";"1996";"138.78"
"Mortality";"England";"Lung";"60-74";"Female";"1997";"130.95"
"Mortality";"England";"Lung";"60-74";"Female";"1998";"132.39"
"Mortality";"England";"Lung";"60-74";"Female";"1999";"131.19"
"Mortality";"England";"Lung";"60-74";"Female";"2000";"126.22"
"Mortality";"England";"Lung";"60-74";"Female";"2001";"122.82"
"Mortality";"England";"Lung";"60-74";"Female";"2002";"119.65"
"Mortality";"England";"Lung";"60-74";"Female";"2003";"118.16"
"Mortality";"England";"Lung";"60-74";"Female";"2004";"116.73"
"Mortality";"England";"Lung";"60-74";"Female";"2005";"118.96"
"Mortality";"England";"Lung";"60-74";"Female";"2006";"122.55"
"Mortality";"England";"Lung";"60-74";"Female";"2007";"120.83"
"Mortality";"England";"Lung";"60-74";"Female";"2008";"121.42"
"Mortality";"England";"Lung";"60-74";"Female";"2009";"122.88"
"Mortality";"England";"Lung";"60-74";"Female";"2010";"120.41"
"Mortality";"England";"Lung";"60-74";"Female";"2011";"126.67"
"Mortality";"England";"Lung";"60-74";"Female";"2012";"121.28"
"Mortality";"England";"Lung";"60-74";"Female";"2013";"122.69"
"Incidence";"Wales";"Lung";"60-74";"Female";"1995";"170.40"
"Incidence";"Wales";"Lung";"60-74";"Female";"1996";"169.51"
"Incidence";"Wales";"Lung";"60-74";"Female";"1997";"161.26"
"Incidence";"Wales";"Lung";"60-74";"Female";"1998";"163.16"
"Incidence";"Wales";"Lung";"60-74";"Female";"1999";"159.30"
"Incidence";"Wales";"Lung";"60-74";"Female";"2000";"178.33"
"Incidence";"Wales";"Lung";"60-74";"Female";"2001";"170.73"
"Incidence";"Wales";"Lung";"60-74";"Female";"2002";"159.12"
"Incidence";"Wales";"Lung";"60-74";"Female";"2003";"144.96"
"Incidence";"Wales";"Lung";"60-74";"Female";"2004";"180.19"
"Incidence";"Wales";"Lung";"60-74";"Female";"2005";"173.79"
"Incidence";"Wales";"Lung";"60-74";"Female";"2006";"172.78"
"Incidence";"Wales";"Lung";"60-74";"Female";"2007";"170.44"
"Incidence";"Wales";"Lung";"60-74";"Female";"2008";"175.56"
"Incidence";"Wales";"Lung";"60-74";"Female";"2009";"163.76"
"Incidence";"Wales";"Lung";"60-74";"Female";"2010";"176.97"
"Incidence";"Wales";"Lung";"60-74";"Female";"2011";"169.73"
"Incidence";"Wales";"Lung";"60-74";"Female";"2012";"206.13"
"Incidence";"Wales";"Lung";"60-74";"Female";"2013";"184.70"
"Incidence";"Wales";"Lung";"60-74";"Female";"2014";"189.44"
"Incidence";"Wales";"Lung";"60-74";"Female";"2015";"200.53"
"Incidence";"Wales";"Lung";"60-74";"Female";"2016";"208.11"
"Incidence";"Wales";"Lung";"60-74";"Female";"2017";"207.41"
"Incidence";"Wales";"Lung";"60-74";"Female";"2018";"186.21"
"Incidence";"Wales";"Lung";"60-74";"Female";"2019";"182.75"
"Incidence";"Wales";"Lung";"60-74";"Female";"2020";"180.06"
"Incidence";"Wales";"Lung";"75-85+";"Male";"1995";"730.61"
"Incidence";"Wales";"Lung";"75-85+";"Male";"1996";"663.19"
"Incidence";"Wales";"Lung";"75-85+";"Male";"1997";"615.09"
"Incidence";"Wales";"Lung";"75-85+";"Male";"1998";"589.96"
"Incidence";"Wales";"Lung";"75-85+";"Male";"1999";"549.04"
"Incidence";"Wales";"Lung";"75-85+";"Male";"2000";"614.31"
"Incidence";"Wales";"Lung";"75-85+";"Male";"2001";"630.93"
"Incidence";"Wales";"Lung";"75-85+";"Male";"2002";"564.40"
"Incidence";"Wales";"Lung";"75-85+";"Male";"2003";"608.81"
"Incidence";"Wales";"Lung";"75-85+";"Male";"2004";"574.43"
"Incidence";"Wales";"Lung";"75-85+";"Male";"2005";"541.38"
"Incidence";"Wales";"Lung";"75-85+";"Male";"2006";"580.29"
"Incidence";"Wales";"Lung";"75-85+";"Male";"2007";"594.48"
"Incidence";"Wales";"Lung";"75-85+";"Male";"2008";"594.99"
"Incidence";"Wales";"Lung";"75-85+";"Male";"2009";"572.61"
"Incidence";"Wales";"Lung";"75-85+";"Male";"2010";"564.32"
"Incidence";"Wales";"Lung";"75-85+";"Male";"2011";"565.19"
"Incidence";"Wales";"Lung";"75-85+";"Male";"2012";"510.27"
"Incidence";"Wales";"Lung";"75-85+";"Male";"2013";"528.03"
"Incidence";"Wales";"Lung";"75-85+";"Male";"2014";"514.20"
"Incidence";"Wales";"Lung";"75-85+";"Male";"2015";"497.07"
"Incidence";"Wales";"Lung";"75-85+";"Male";"2016";"473.81"
"Incidence";"Wales";"Lung";"75-85+";"Male";"2017";"442.30"
"Incidence";"Wales";"Lung";"75-85+";"Male";"2018";"479.82"
"Incidence";"Wales";"Lung";"75-85+";"Male";"2019";"456.74"
"Incidence";"Wales";"Lung";"75-85+";"Male";"2020";"385.35"
"Mortality";"England";"Lung";"75-85+";"Male";"1995";"610.99"
"Mortality";"England";"Lung";"75-85+";"Male";"1996";"585.92"
"Mortality";"England";"Lung";"75-85+";"Male";"1997";"577.20"
"Mortality";"England";"Lung";"75-85+";"Male";"1998";"562.69"
"Mortality";"England";"Lung";"75-85+";"Male";"1999";"545.11"
"Mortality";"England";"Lung";"75-85+";"Male";"2000";"537.39"
"Mortality";"England";"Lung";"75-85+";"Male";"2001";"530.74"
"Mortality";"England";"Lung";"75-85+";"Male";"2002";"507.37"
"Mortality";"England";"Lung";"75-85+";"Male";"2003";"506.95"
"Mortality";"England";"Lung";"75-85+";"Male";"2004";"492.05"
"Mortality";"England";"Lung";"75-85+";"Male";"2005";"488.05"
"Mortality";"England";"Lung";"75-85+";"Male";"2006";"489.17"
"Mortality";"England";"Lung";"75-85+";"Male";"2007";"478.41"
"Mortality";"England";"Lung";"75-85+";"Male";"2008";"481.33"
"Mortality";"England";"Lung";"75-85+";"Male";"2009";"466.89"
"Mortality";"England";"Lung";"75-85+";"Male";"2010";"445.00"
"Mortality";"England";"Lung";"75-85+";"Male";"2011";"442.21"
"Mortality";"England";"Lung";"75-85+";"Male";"2012";"433.40"
"Mortality";"England";"Lung";"75-85+";"Male";"2013";"422.00"
"Incidence";"England";"Lung";"75-85+";"Female";"1995";"194.62"
"Incidence";"England";"Lung";"75-85+";"Female";"1996";"187.28"
"Incidence";"England";"Lung";"75-85+";"Female";"1997";"198.64"
"Incidence";"England";"Lung";"75-85+";"Female";"1998";"201.90"
"Incidence";"England";"Lung";"75-85+";"Female";"1999";"210.28"
"Incidence";"England";"Lung";"75-85+";"Female";"2000";"217.33"
"Incidence";"England";"Lung";"75-85+";"Female";"2001";"226.80"
"Incidence";"England";"Lung";"75-85+";"Female";"2002";"226.27"
"Incidence";"England";"Lung";"75-85+";"Female";"2003";"241.73"
"Incidence";"England";"Lung";"75-85+";"Female";"2004";"235.38"
"Incidence";"England";"Lung";"75-85+";"Female";"2005";"246.48"
"Incidence";"England";"Lung";"75-85+";"Female";"2006";"262.57"
"Incidence";"England";"Lung";"75-85+";"Female";"2007";"267.79"
"Incidence";"England";"Lung";"75-85+";"Female";"2008";"280.25"
"Incidence";"England";"Lung";"75-85+";"Female";"2009";"277.23"
"Incidence";"England";"Lung";"75-85+";"Female";"2010";"283.51"
"Incidence";"England";"Lung";"75-85+";"Female";"2011";"291.40"
"Incidence";"England";"Lung";"75-85+";"Female";"2012";"302.16"
"Incidence";"England";"Lung";"75-85+";"Female";"2013";"305.01"
"Incidence";"Wales";"Lung";"75-85+";"Female";"1995";"191.79"
"Incidence";"Wales";"Lung";"75-85+";"Female";"1996";"189.79"
"Incidence";"Wales";"Lung";"75-85+";"Female";"1997";"215.50"
"Incidence";"Wales";"Lung";"75-85+";"Female";"1998";"192.51"
"Incidence";"Wales";"Lung";"75-85+";"Female";"1999";"184.35"
"Incidence";"Wales";"Lung";"75-85+";"Female";"2000";"216.56"
"Incidence";"Wales";"Lung";"75-85+";"Female";"2001";"237.25"
"Incidence";"Wales";"Lung";"75-85+";"Female";"2002";"234.55"
"Incidence";"Wales";"Lung";"75-85+";"Female";"2003";"228.42"
"Incidence";"Wales";"Lung";"75-85+";"Female";"2004";"265.21"
"Incidence";"Wales";"Lung";"75-85+";"Female";"2005";"248.36"
"Incidence";"Wales";"Lung";"75-85+";"Female";"2006";"292.92"
"Incidence";"Wales";"Lung";"75-85+";"Female";"2007";"265.51"
"Incidence";"Wales";"Lung";"75-85+";"Female";"2008";"324.38"
"Incidence";"Wales";"Lung";"75-85+";"Female";"2009";"289.32"
"Incidence";"Wales";"Lung";"75-85+";"Female";"2010";"294.61"
"Incidence";"Wales";"Lung";"75-85+";"Female";"2011";"318.28"
"Incidence";"Wales";"Lung";"75-85+";"Female";"2012";"298.06"
"Incidence";"Wales";"Lung";"75-85+";"Female";"2013";"295.35"
"Incidence";"Wales";"Lung";"75-85+";"Female";"2014";"289.47"
"Incidence";"Wales";"Lung";"75-85+";"Female";"2015";"311.12"
"Incidence";"Wales";"Lung";"75-85+";"Female";"2016";"322.78"
"Incidence";"Wales";"Lung";"75-85+";"Female";"2017";"274.05"
"Incidence";"Wales";"Lung";"75-85+";"Female";"2018";"315.72"
"Incidence";"Wales";"Lung";"75-85+";"Female";"2019";"326.52"
"Incidence";"Wales";"Lung";"75-85+";"Female";"2020";"294.27"
"Mortality";"England";"Lung";"75-85+";"Female";"1995";"190.86"
"Mortality";"England";"Lung";"75-85+";"Female";"1996";"186.66"
"Mortality";"England";"Lung";"75-85+";"Female";"1997";"190.24"
"Mortality";"England";"Lung";"75-85+";"Female";"1998";"194.41"
"Mortality";"England";"Lung";"75-85+";"Female";"1999";"198.52"
"Mortality";"England";"Lung";"75-85+";"Female";"2000";"196.88"
"Mortality";"England";"Lung";"75-85+";"Female";"2001";"207.89"
"Mortality";"England";"Lung";"75-85+";"Female";"2002";"216.61"
"Mortality";"England";"Lung";"75-85+";"Female";"2003";"228.81"
"Mortality";"England";"Lung";"75-85+";"Female";"2004";"217.11"
"Mortality";"England";"Lung";"75-85+";"Female";"2005";"233.47"
"Mortality";"England";"Lung";"75-85+";"Female";"2006";"236.45"
"Mortality";"England";"Lung";"75-85+";"Female";"2007";"246.77"
"Mortality";"England";"Lung";"75-85+";"Female";"2008";"251.46"
"Mortality";"England";"Lung";"75-85+";"Female";"2009";"247.88"
"Mortality";"England";"Lung";"75-85+";"Female";"2010";"250.83"
"Mortality";"England";"Lung";"75-85+";"Female";"2011";"247.25"
"Mortality";"England";"Lung";"75-85+";"Female";"2012";"256.22"
"Mortality";"England";"Lung";"75-85+";"Female";"2013";"254.46"
"Incidence";"England";"Lung";"75-85+";"Male";"1995";"614.19"
"Incidence";"England";"Lung";"75-85+";"Male";"1996";"586.82"
"Incidence";"England";"Lung";"75-85+";"Male";"1997";"591.52"
"Incidence";"England";"Lung";"75-85+";"Male";"1998";"582.80"
"Incidence";"England";"Lung";"75-85+";"Male";"1999";"570.47"
"Incidence";"England";"Lung";"75-85+";"Male";"2000";"567.26"
"Incidence";"England";"Lung";"75-85+";"Male";"2001";"558.70"
"Incidence";"England";"Lung";"75-85+";"Male";"2002";"523.73"
"Incidence";"England";"Lung";"75-85+";"Male";"2003";"519.66"
"Incidence";"England";"Lung";"75-85+";"Male";"2004";"531.65"
"Incidence";"England";"Lung";"75-85+";"Male";"2005";"523.08"
"Incidence";"England";"Lung";"75-85+";"Male";"2006";"536.93"
"Incidence";"England";"Lung";"75-85+";"Male";"2007";"529.61"
"Incidence";"England";"Lung";"75-85+";"Male";"2008";"525.23"
"Incidence";"England";"Lung";"75-85+";"Male";"2009";"510.18"
"Incidence";"England";"Lung";"75-85+";"Male";"2010";"507.56"
"Incidence";"England";"Lung";"75-85+";"Male";"2011";"508.95"
"Incidence";"England";"Lung";"75-85+";"Male";"2012";"506.28"
"Incidence";"England";"Lung";"75-85+";"Male";"2013";"504.22"
"Mortality";"Wales";"Lung";"0-14";"Female";"2002";"0.00"
"Mortality";"Wales";"Lung";"0-14";"Female";"2003";"0.00"
"Mortality";"Wales";"Lung";"0-14";"Female";"2004";"0.00"
"Mortality";"Wales";"Lung";"0-14";"Female";"2005";"0.00"
"Mortality";"Wales";"Lung";"0-14";"Female";"2006";"0.00"
"Mortality";"Wales";"Lung";"0-14";"Female";"2007";"0.00"
"Mortality";"Wales";"Lung";"0-14";"Female";"2008";"0.00"
"Mortality";"Wales";"Lung";"0-14";"Female";"2009";"0.00"
"Mortality";"Wales";"Lung";"0-14";"Female";"2010";"0.00"
"Mortality";"Wales";"Lung";"0-14";"Female";"2011";"0.00"
"Mortality";"Wales";"Lung";"0-14";"Female";"2012";"0.00"
"Mortality";"Wales";"Lung";"0-14";"Female";"2013";"0.00"
"Mortality";"Wales";"Lung";"0-14";"Female";"2014";"0.00"
"Mortality";"Wales";"Lung";"0-14";"Female";"2015";"0.00"
"Mortality";"Wales";"Lung";"0-14";"Female";"2016";"0.00"
"Mortality";"Wales";"Lung";"0-14";"Female";"2017";"0.00"
"Mortality";"Wales";"Lung";"0-14";"Female";"2018";"0.00"
"Mortality";"Wales";"Lung";"0-14";"Female";"2019";"0.00"
"Mortality";"Wales";"Lung";"0-14";"Female";"2020";"0.00"
"Mortality";"Wales";"Lung";"0-14";"Female";"2021";"-"
"Mortality";"Wales";"Lung";"0-14";"Male";"2002";"0.00"
"Mortality";"Wales";"Lung";"0-14";"Male";"2003";"0.00"
"Mortality";"Wales";"Lung";"0-14";"Male";"2004";"0.00"
"Mortality";"Wales";"Lung";"0-14";"Male";"2005";"0.00"
"Mortality";"Wales";"Lung";"0-14";"Male";"2006";"0.00"
"Mortality";"Wales";"Lung";"0-14";"Male";"2007";"0.00"
"Mortality";"Wales";"Lung";"0-14";"Male";"2008";"0.00"
"Mortality";"Wales";"Lung";"0-14";"Male";"2009";"0.00"
"Mortality";"Wales";"Lung";"0-14";"Male";"2010";"0.00"
"Mortality";"Wales";"Lung";"0-14";"Male";"2011";"0.00"
"Mortality";"Wales";"Lung";"0-14";"Male";"2012";"0.00"
"Mortality";"Wales";"Lung";"0-14";"Male";"2013";"0.00"
"Mortality";"Wales";"Lung";"0-14";"Male";"2014";"0.00"
"Mortality";"Wales";"Lung";"0-14";"Male";"2015";"0.00"
"Mortality";"Wales";"Lung";"0-14";"Male";"2016";"0.00"
"Mortality";"Wales";"Lung";"0-14";"Male";"2017";"0.00"
"Mortality";"Wales";"Lung";"0-14";"Male";"2018";"0.00"
"Mortality";"Wales";"Lung";"0-14";"Male";"2019";"0.00"
"Mortality";"Wales";"Lung";"0-14";"Male";"2020";"0.00"
"Mortality";"Wales";"Lung";"0-14";"Male";"2021";"-"
"Mortality";"Wales";"Lung";"15-29";"Female";"2002";"0.00"
"Mortality";"Wales";"Lung";"15-29";"Female";"2003";"0.00"
"Mortality";"Wales";"Lung";"15-29";"Female";"2004";"0.00"
"Mortality";"Wales";"Lung";"15-29";"Female";"2005";"0.00"
"Mortality";"Wales";"Lung";"15-29";"Female";"2006";"0.00"
"Mortality";"Wales";"Lung";"15-29";"Female";"2007";"0.00"
"Mortality";"Wales";"Lung";"15-29";"Female";"2008";"0.00"
"Mortality";"Wales";"Lung";"15-29";"Female";"2009";"0.00"
"Mortality";"Wales";"Lung";"15-29";"Female";"2010";"0.00"
"Mortality";"Wales";"Lung";"15-29";"Female";"2011";"0.00"
"Mortality";"Wales";"Lung";"15-29";"Female";"2012";"0.00"
"Mortality";"Wales";"Lung";"15-29";"Female";"2013";"0.00"
"Mortality";"Wales";"Lung";"15-29";"Female";"2014";"0.00"
"Mortality";"Wales";"Lung";"15-29";"Female";"2015";"0.00"
"Mortality";"Wales";"Lung";"15-29";"Female";"2016";"0.35"
"Mortality";"Wales";"Lung";"15-29";"Female";"2017";"0.00"
"Mortality";"Wales";"Lung";"15-29";"Female";"2018";"0.00"
"Mortality";"Wales";"Lung";"15-29";"Female";"2019";"0.00"
"Mortality";"Wales";"Lung";"15-29";"Female";"2020";"0.00"
"Mortality";"Wales";"Lung";"15-29";"Female";"2021";"-"
"Mortality";"Wales";"Lung";"15-29";"Male";"2002";"0.00"
"Mortality";"Wales";"Lung";"15-29";"Male";"2003";"0.00"
"Mortality";"Wales";"Lung";"15-29";"Male";"2004";"0.00"
"Mortality";"Wales";"Lung";"15-29";"Male";"2005";"0.00"
"Mortality";"Wales";"Lung";"15-29";"Male";"2006";"0.00"
"Mortality";"Wales";"Lung";"15-29";"Male";"2007";"0.00"
"Mortality";"Wales";"Lung";"15-29";"Male";"2008";"0.00"
"Mortality";"Wales";"Lung";"15-29";"Male";"2009";"0.00"
"Mortality";"Wales";"Lung";"15-29";"Male";"2010";"0.00"
"Mortality";"Wales";"Lung";"15-29";"Male";"2011";"0.33"
"Mortality";"Wales";"Lung";"15-29";"Male";"2012";"0.00"
"Mortality";"Wales";"Lung";"15-29";"Male";"2013";"0.00"
"Mortality";"Wales";"Lung";"15-29";"Male";"2014";"0.00"
"Mortality";"Wales";"Lung";"15-29";"Male";"2015";"0.33"
"Mortality";"Wales";"Lung";"15-29";"Male";"2016";"0.00"
"Mortality";"Wales";"Lung";"15-29";"Male";"2017";"0.00"
"Mortality";"Wales";"Lung";"15-29";"Male";"2018";"0.00"
"Mortality";"Wales";"Lung";"15-29";"Male";"2019";"0.00"
"Mortality";"Wales";"Lung";"15-29";"Male";"2020";"0.00"
"Mortality";"Wales";"Lung";"15-29";"Male";"2021";"-"
"Mortality";"Wales";"Lung";"30-44";"Female";"2002";"2.24"
"Mortality";"Wales";"Lung";"30-44";"Female";"2003";"3.82"
"Mortality";"Wales";"Lung";"30-44";"Female";"2004";"3.19"
"Mortality";"Wales";"Lung";"30-44";"Female";"2005";"1.60"
"Mortality";"Wales";"Lung";"30-44";"Female";"2006";"2.91"
"Mortality";"Wales";"Lung";"30-44";"Female";"2007";"1.97"
"Mortality";"Wales";"Lung";"30-44";"Female";"2008";"1.99"
"Mortality";"Wales";"Lung";"30-44";"Female";"2009";"3.03"
"Mortality";"Wales";"Lung";"30-44";"Female";"2010";"1.37"
"Mortality";"Wales";"Lung";"30-44";"Female";"2011";"2.42"
"Mortality";"Wales";"Lung";"30-44";"Female";"2012";"3.15"
"Mortality";"Wales";"Lung";"30-44";"Female";"2013";"0.36"
"Mortality";"Wales";"Lung";"30-44";"Female";"2014";"0.72"
"Mortality";"Wales";"Lung";"30-44";"Female";"2015";"1.09"
"Mortality";"Wales";"Lung";"30-44";"Female";"2016";"1.10"
"Mortality";"Wales";"Lung";"30-44";"Female";"2017";"1.10"
"Mortality";"Wales";"Lung";"30-44";"Female";"2018";"0.74"
"Mortality";"Wales";"Lung";"30-44";"Female";"2019";"2.21"
"Mortality";"Wales";"Lung";"30-44";"Female";"2020";"2.13"
"Mortality";"Wales";"Lung";"30-44";"Female";"2021";"-"
"Mortality";"Wales";"Lung";"30-44";"Male";"2002";"1.68"
"Mortality";"Wales";"Lung";"30-44";"Male";"2003";"2.68"
"Mortality";"Wales";"Lung";"30-44";"Male";"2004";"3.01"
"Mortality";"Wales";"Lung";"30-44";"Male";"2005";"2.68"
"Mortality";"Wales";"Lung";"30-44";"Male";"2006";"4.05"
"Mortality";"Wales";"Lung";"30-44";"Male";"2007";"2.73"
"Mortality";"Wales";"Lung";"30-44";"Male";"2008";"1.72"
"Mortality";"Wales";"Lung";"30-44";"Male";"2009";"1.74"
"Mortality";"Wales";"Lung";"30-44";"Male";"2010";"3.51"
"Mortality";"Wales";"Lung";"30-44";"Male";"2011";"1.06"
"Mortality";"Wales";"Lung";"30-44";"Male";"2012";"1.08"
"Mortality";"Wales";"Lung";"30-44";"Male";"2013";"1.82"
"Mortality";"Wales";"Lung";"30-44";"Male";"2014";"2.94"
"Mortality";"Wales";"Lung";"30-44";"Male";"2015";"2.23"
"Mortality";"Wales";"Lung";"30-44";"Male";"2016";"1.49"
"Mortality";"Wales";"Lung";"30-44";"Male";"2017";"0.75"
"Mortality";"Wales";"Lung";"30-44";"Male";"2018";"2.26"
"Mortality";"Wales";"Lung";"30-44";"Male";"2019";"1.12"
"Mortality";"Wales";"Lung";"30-44";"Male";"2020";"2.23"
"Mortality";"Wales";"Lung";"30-44";"Male";"2021";"-"
"Mortality";"Wales";"Lung";"45-59";"Male";"2002";"42.96"
"Mortality";"Wales";"Lung";"45-59";"Male";"2003";"42.93"
"Mortality";"Wales";"Lung";"45-59";"Male";"2004";"48.17"
"Mortality";"Wales";"Lung";"45-59";"Male";"2005";"43.03"
"Mortality";"Wales";"Lung";"45-59";"Male";"2006";"40.67"
"Mortality";"Wales";"Lung";"45-59";"Male";"2007";"35.82"
"Mortality";"Wales";"Lung";"45-59";"Male";"2008";"35.54"
"Mortality";"Wales";"Lung";"45-59";"Male";"2009";"33.03"
"Mortality";"Wales";"Lung";"45-59";"Male";"2010";"35.50"
"Mortality";"Wales";"Lung";"45-59";"Male";"2011";"28.16"
"Mortality";"Wales";"Lung";"45-59";"Male";"2012";"32.24"
"Mortality";"Wales";"Lung";"45-59";"Male";"2013";"32.65"
"Mortality";"Wales";"Lung";"45-59";"Male";"2014";"28.80"
"Mortality";"Wales";"Lung";"45-59";"Male";"2015";"29.90"
"Mortality";"Wales";"Lung";"45-59";"Male";"2016";"33.22"
"Mortality";"Wales";"Lung";"45-59";"Male";"2017";"24.37"
"Mortality";"Wales";"Lung";"45-59";"Male";"2018";"27.66"
"Mortality";"Wales";"Lung";"45-59";"Male";"2019";"24.90"
"Mortality";"Wales";"Lung";"45-59";"Male";"2020";"25.41"
"Mortality";"Wales";"Lung";"45-59";"Male";"2021";"-"
"Mortality";"Wales";"Lung";"45-59";"Female";"2002";"30.92"
"Mortality";"Wales";"Lung";"45-59";"Female";"2003";"27.53"
"Mortality";"Wales";"Lung";"45-59";"Female";"2004";"32.34"
"Mortality";"Wales";"Lung";"45-59";"Female";"2005";"38.47"
"Mortality";"Wales";"Lung";"45-59";"Female";"2006";"34.87"
"Mortality";"Wales";"Lung";"45-59";"Female";"2007";"28.12"
"Mortality";"Wales";"Lung";"45-59";"Female";"2008";"36.40"
"Mortality";"Wales";"Lung";"45-59";"Female";"2009";"26.34"
"Mortality";"Wales";"Lung";"45-59";"Female";"2010";"26.12"
"Mortality";"Wales";"Lung";"45-59";"Female";"2011";"29.77"
"Mortality";"Wales";"Lung";"45-59";"Female";"2012";"25.31"
"Mortality";"Wales";"Lung";"45-59";"Female";"2013";"24.75"
"Mortality";"Wales";"Lung";"45-59";"Female";"2014";"30.83"
"Mortality";"Wales";"Lung";"45-59";"Female";"2015";"25.87"
"Mortality";"Wales";"Lung";"45-59";"Female";"2016";"26.86"
"Mortality";"Wales";"Lung";"45-59";"Female";"2017";"24.18"
"Mortality";"Wales";"Lung";"45-59";"Female";"2018";"22.71"
"Mortality";"Wales";"Lung";"45-59";"Female";"2019";"19.08"
"Mortality";"Wales";"Lung";"45-59";"Female";"2020";"22.03"
"Mortality";"Wales";"Lung";"45-59";"Female";"2021";"-"
"Mortality";"Wales";"Lung";"60-74";"Male";"2002";"257.46"
"Mortality";"Wales";"Lung";"60-74";"Male";"2003";"203.22"
"Mortality";"Wales";"Lung";"60-74";"Male";"2004";"224.01"
"Mortality";"Wales";"Lung";"60-74";"Male";"2005";"217.79"
"Mortality";"Wales";"Lung";"60-74";"Male";"2006";"226.47"
"Mortality";"Wales";"Lung";"60-74";"Male";"2007";"217.48"
"Mortality";"Wales";"Lung";"60-74";"Male";"2008";"226.49"
"Mortality";"Wales";"Lung";"60-74";"Male";"2009";"212.66"
"Mortality";"Wales";"Lung";"60-74";"Male";"2010";"179.23"
"Mortality";"Wales";"Lung";"60-74";"Male";"2011";"201.54"
"Mortality";"Wales";"Lung";"60-74";"Male";"2012";"194.87"
"Mortality";"Wales";"Lung";"60-74";"Male";"2013";"170.38"
"Mortality";"Wales";"Lung";"60-74";"Male";"2014";"183.42"
"Mortality";"Wales";"Lung";"60-74";"Male";"2015";"163.67"
"Mortality";"Wales";"Lung";"60-74";"Male";"2016";"178.17"
"Mortality";"Wales";"Lung";"60-74";"Male";"2017";"177.33"
"Mortality";"Wales";"Lung";"60-74";"Male";"2018";"164.25"
"Mortality";"Wales";"Lung";"60-74";"Male";"2019";"156.70"
"Mortality";"Wales";"Lung";"60-74";"Male";"2020";"142.16"
"Mortality";"Wales";"Lung";"60-74";"Male";"2021";"-"
"Mortality";"Wales";"Lung";"60-74";"Female";"2002";"121.73"
"Mortality";"Wales";"Lung";"60-74";"Female";"2003";"117.86"
"Mortality";"Wales";"Lung";"60-74";"Female";"2004";"132.59"
"Mortality";"Wales";"Lung";"60-74";"Female";"2005";"137.36"
"Mortality";"Wales";"Lung";"60-74";"Female";"2006";"128.18"
"Mortality";"Wales";"Lung";"60-74";"Female";"2007";"134.07"
"Mortality";"Wales";"Lung";"60-74";"Female";"2008";"136.18"
"Mortality";"Wales";"Lung";"60-74";"Female";"2009";"132.13"
"Mortality";"Wales";"Lung";"60-74";"Female";"2010";"134.50"
"Mortality";"Wales";"Lung";"60-74";"Female";"2011";"122.45"
"Mortality";"Wales";"Lung";"60-74";"Female";"2012";"137.29"
"Mortality";"Wales";"Lung";"60-74";"Female";"2013";"126.91"
"Mortality";"Wales";"Lung";"60-74";"Female";"2014";"145.81"
"Mortality";"Wales";"Lung";"60-74";"Female";"2015";"138.60"
"Mortality";"Wales";"Lung";"60-74";"Female";"2016";"137.77"
"Mortality";"Wales";"Lung";"60-74";"Female";"2017";"142.60"
"Mortality";"Wales";"Lung";"60-74";"Female";"2018";"130.92"
"Mortality";"Wales";"Lung";"60-74";"Female";"2019";"125.48"
"Mortality";"Wales";"Lung";"60-74";"Female";"2020";"122.39"
"Mortality";"Wales";"Lung";"60-74";"Female";"2021";"-"
"Mortality";"Wales";"Lung";"75-85+";"Male";"2002";"471.46"
"Mortality";"Wales";"Lung";"75-85+";"Male";"2003";"539.33"
"Mortality";"Wales";"Lung";"75-85+";"Male";"2004";"515.68"
"Mortality";"Wales";"Lung";"75-85+";"Male";"2005";"501.79"
"Mortality";"Wales";"Lung";"75-85+";"Male";"2006";"501.58"
"Mortality";"Wales";"Lung";"75-85+";"Male";"2007";"520.43"
"Mortality";"Wales";"Lung";"75-85+";"Male";"2008";"544.48"
"Mortality";"Wales";"Lung";"75-85+";"Male";"2009";"463.45"
"Mortality";"Wales";"Lung";"75-85+";"Male";"2010";"463.30"
"Mortality";"Wales";"Lung";"75-85+";"Male";"2011";"519.67"
"Mortality";"Wales";"Lung";"75-85+";"Male";"2012";"426.00"
"Mortality";"Wales";"Lung";"75-85+";"Male";"2013";"431.29"
"Mortality";"Wales";"Lung";"75-85+";"Male";"2014";"443.76"
"Mortality";"Wales";"Lung";"75-85+";"Male";"2015";"439.45"
"Mortality";"Wales";"Lung";"75-85+";"Male";"2016";"415.53"
"Mortality";"Wales";"Lung";"75-85+";"Male";"2017";"376.99"
"Mortality";"Wales";"Lung";"75-85+";"Male";"2018";"396.13"
"Mortality";"Wales";"Lung";"75-85+";"Male";"2019";"400.33"
"Mortality";"Wales";"Lung";"75-85+";"Male";"2020";"354.07"
"Mortality";"Wales";"Lung";"75-85+";"Male";"2021";"-"
"Mortality";"Wales";"Lung";"75-85+";"Female";"2002";"199.36"
"Mortality";"Wales";"Lung";"75-85+";"Female";"2003";"210.85"
"Mortality";"Wales";"Lung";"75-85+";"Female";"2004";"221.55"
"Mortality";"Wales";"Lung";"75-85+";"Female";"2005";"209.90"
"Mortality";"Wales";"Lung";"75-85+";"Female";"2006";"245.40"
"Mortality";"Wales";"Lung";"75-85+";"Female";"2007";"248.63"
"Mortality";"Wales";"Lung";"75-85+";"Female";"2008";"268.05"
"Mortality";"Wales";"Lung";"75-85+";"Female";"2009";"260.26"
"Mortality";"Wales";"Lung";"75-85+";"Female";"2010";"255.37"
"Mortality";"Wales";"Lung";"75-85+";"Female";"2011";"243.50"
"Mortality";"Wales";"Lung";"75-85+";"Female";"2012";"254.93"
"Mortality";"Wales";"Lung";"75-85+";"Female";"2013";"261.97"
"Mortality";"Wales";"Lung";"75-85+";"Female";"2014";"253.91"
"Mortality";"Wales";"Lung";"75-85+";"Female";"2015";"239.85"
"Mortality";"Wales";"Lung";"75-85+";"Female";"2016";"262.30"
"Mortality";"Wales";"Lung";"75-85+";"Female";"2017";"251.42"
"Mortality";"Wales";"Lung";"75-85+";"Female";"2018";"257.34"
"Mortality";"Wales";"Lung";"75-85+";"Female";"2019";"268.11"
"Mortality";"Wales";"Lung";"75-85+";"Female";"2020";"251.48"
"Mortality";"Wales";"Lung";"75-85+";"Female";"2021";"-"

Historical data: Incidence/mortality trends by age
Incidence and mortality, 4 registries, Both sexes, Lung, 0 to 85+ years, by 15 years age groups

Source: ECIS - European Cancer Information System
From https://ecis.jrc.ec.europa.eu, accessed on 28-03-2026
(c) European Union, 2026