"Indicator";"Registry";"Cancer";"Age";"Sex";"Year";"Age-specific Rate"
"Mortality";"Insubria-Varese";"Lung";"0-14";"Female";"1994";"0.00"
"Mortality";"Insubria-Varese";"Lung";"0-14";"Female";"1995";"0.00"
"Mortality";"Insubria-Varese";"Lung";"0-14";"Female";"1996";"0.00"
"Mortality";"Insubria-Varese";"Lung";"0-14";"Female";"1997";"0.00"
"Mortality";"Insubria-Varese";"Lung";"0-14";"Female";"1998";"0.00"
"Mortality";"Insubria-Varese";"Lung";"0-14";"Female";"1999";"0.00"
"Mortality";"Insubria-Varese";"Lung";"0-14";"Female";"2000";"0.00"
"Mortality";"Insubria-Varese";"Lung";"0-14";"Female";"2001";"0.00"
"Mortality";"Insubria-Varese";"Lung";"0-14";"Female";"2002";"0.00"
"Mortality";"Insubria-Varese";"Lung";"0-14";"Female";"2003";"0.00"
"Mortality";"Insubria-Varese";"Lung";"0-14";"Female";"2004";"0.00"
"Mortality";"Insubria-Varese";"Lung";"0-14";"Female";"2005";"0.00"
"Mortality";"Insubria-Varese";"Lung";"0-14";"Female";"2006";"0.00"
"Mortality";"Insubria-Varese";"Lung";"0-14";"Female";"2007";"0.00"
"Mortality";"Insubria-Varese";"Lung";"0-14";"Female";"2008";"0.00"
"Mortality";"Insubria-Varese";"Lung";"0-14";"Female";"2009";"0.00"
"Mortality";"Insubria-Varese";"Lung";"0-14";"Female";"2010";"0.00"
"Mortality";"Insubria-Varese";"Lung";"0-14";"Female";"2011";"0.00"
"Mortality";"Insubria-Varese";"Lung";"0-14";"Female";"2012";"0.00"
"Mortality";"Insubria-Varese";"Lung";"0-14";"Female";"2013";"0.00"
"Mortality";"Insubria-Varese";"Lung";"0-14";"Female";"2014";"0.00"
"Mortality";"Insubria-Varese";"Lung";"0-14";"Female";"2015";"0.00"
"Mortality";"Liguria";"Lung";"0-14";"Male";"1994";"0.00"
"Mortality";"Liguria";"Lung";"0-14";"Male";"1995";"0.00"
"Mortality";"Liguria";"Lung";"0-14";"Male";"1996";"0.00"
"Mortality";"Liguria";"Lung";"0-14";"Male";"1997";"0.00"
"Mortality";"Liguria";"Lung";"0-14";"Male";"1998";"0.00"
"Mortality";"Liguria";"Lung";"0-14";"Male";"1999";"0.00"
"Mortality";"Liguria";"Lung";"0-14";"Male";"2000";"0.00"
"Mortality";"Liguria";"Lung";"0-14";"Male";"2001";"0.00"
"Mortality";"Liguria";"Lung";"0-14";"Male";"2002";"0.00"
"Mortality";"Liguria";"Lung";"0-14";"Male";"2003";"0.00"
"Mortality";"Liguria";"Lung";"0-14";"Male";"2004";"0.00"
"Mortality";"Liguria";"Lung";"0-14";"Male";"2005";"0.00"
"Mortality";"Liguria";"Lung";"0-14";"Male";"2006";"0.00"
"Mortality";"Liguria";"Lung";"0-14";"Male";"2007";"0.00"
"Mortality";"Liguria";"Lung";"0-14";"Male";"2008";"0.00"
"Mortality";"Liguria";"Lung";"0-14";"Male";"2009";"0.00"
"Mortality";"Liguria";"Lung";"0-14";"Male";"2010";"0.00"
"Mortality";"Liguria";"Lung";"0-14";"Male";"2011";"0.00"
"Mortality";"Liguria";"Lung";"0-14";"Male";"2012";"0.00"
"Mortality";"Liguria";"Lung";"0-14";"Male";"2013";"0.00"
"Mortality";"Liguria";"Lung";"0-14";"Male";"2014";"0.00"
"Mortality";"Liguria";"Lung";"0-14";"Male";"2015";"0.00"
"Incidence";"Umbria";"Lung";"0-14";"Female";"1994";"0.00"
"Incidence";"Umbria";"Lung";"0-14";"Female";"1995";"0.00"
"Incidence";"Umbria";"Lung";"0-14";"Female";"1996";"0.00"
"Incidence";"Umbria";"Lung";"0-14";"Female";"1997";"0.00"
"Incidence";"Umbria";"Lung";"0-14";"Female";"1998";"0.00"
"Incidence";"Umbria";"Lung";"0-14";"Female";"1999";"0.00"
"Incidence";"Umbria";"Lung";"0-14";"Female";"2000";"0.00"
"Incidence";"Umbria";"Lung";"0-14";"Female";"2001";"0.00"
"Incidence";"Umbria";"Lung";"0-14";"Female";"2002";"0.00"
"Incidence";"Umbria";"Lung";"0-14";"Female";"2003";"0.00"
"Incidence";"Umbria";"Lung";"0-14";"Female";"2004";"0.00"
"Incidence";"Umbria";"Lung";"0-14";"Female";"2005";"0.00"
"Incidence";"Umbria";"Lung";"0-14";"Female";"2006";"0.00"
"Incidence";"Umbria";"Lung";"0-14";"Female";"2007";"0.00"
"Incidence";"Umbria";"Lung";"0-14";"Female";"2008";"0.00"
"Incidence";"Umbria";"Lung";"0-14";"Female";"2009";"0.00"
"Incidence";"Umbria";"Lung";"0-14";"Female";"2010";"0.00"
"Incidence";"Umbria";"Lung";"0-14";"Female";"2011";"0.00"
"Incidence";"Umbria";"Lung";"0-14";"Female";"2012";"0.00"
"Incidence";"Umbria";"Lung";"0-14";"Female";"2013";"0.00"
"Incidence";"Umbria";"Lung";"0-14";"Female";"2014";"0.00"
"Incidence";"Umbria";"Lung";"0-14";"Female";"2015";"0.00"
"Incidence";"Umbria";"Lung";"0-14";"Female";"2016";"0.00"
"Incidence";"Insubria-Varese";"Lung";"0-14";"Female";"1994";"0.00"
"Incidence";"Insubria-Varese";"Lung";"0-14";"Female";"1995";"0.00"
"Incidence";"Insubria-Varese";"Lung";"0-14";"Female";"1996";"0.00"
"Incidence";"Insubria-Varese";"Lung";"0-14";"Female";"1997";"0.00"
"Incidence";"Insubria-Varese";"Lung";"0-14";"Female";"1998";"0.00"
"Incidence";"Insubria-Varese";"Lung";"0-14";"Female";"1999";"0.00"
"Incidence";"Insubria-Varese";"Lung";"0-14";"Female";"2000";"0.00"
"Incidence";"Insubria-Varese";"Lung";"0-14";"Female";"2001";"0.00"
"Incidence";"Insubria-Varese";"Lung";"0-14";"Female";"2002";"0.00"
"Incidence";"Insubria-Varese";"Lung";"0-14";"Female";"2003";"0.00"
"Incidence";"Insubria-Varese";"Lung";"0-14";"Female";"2004";"0.00"
"Incidence";"Insubria-Varese";"Lung";"0-14";"Female";"2005";"0.00"
"Incidence";"Insubria-Varese";"Lung";"0-14";"Female";"2006";"0.00"
"Incidence";"Insubria-Varese";"Lung";"0-14";"Female";"2007";"0.00"
"Incidence";"Insubria-Varese";"Lung";"0-14";"Female";"2008";"0.00"
"Incidence";"Insubria-Varese";"Lung";"0-14";"Female";"2009";"0.00"
"Incidence";"Insubria-Varese";"Lung";"0-14";"Female";"2010";"0.00"
"Incidence";"Insubria-Varese";"Lung";"0-14";"Female";"2011";"0.00"
"Incidence";"Insubria-Varese";"Lung";"0-14";"Female";"2012";"0.00"
"Incidence";"Insubria-Varese";"Lung";"0-14";"Female";"2013";"0.00"
"Incidence";"Insubria-Varese";"Lung";"0-14";"Female";"2014";"0.00"
"Incidence";"Insubria-Varese";"Lung";"0-14";"Female";"2015";"0.00"
"Mortality";"Liguria";"Lung";"0-14";"Female";"1994";"0.00"
"Mortality";"Liguria";"Lung";"0-14";"Female";"1995";"0.00"
"Mortality";"Liguria";"Lung";"0-14";"Female";"1996";"0.00"
"Mortality";"Liguria";"Lung";"0-14";"Female";"1997";"0.00"
"Mortality";"Liguria";"Lung";"0-14";"Female";"1998";"0.00"
"Mortality";"Liguria";"Lung";"0-14";"Female";"1999";"0.00"
"Mortality";"Liguria";"Lung";"0-14";"Female";"2000";"0.00"
"Mortality";"Liguria";"Lung";"0-14";"Female";"2001";"0.00"
"Mortality";"Liguria";"Lung";"0-14";"Female";"2002";"0.00"
"Mortality";"Liguria";"Lung";"0-14";"Female";"2003";"0.00"
"Mortality";"Liguria";"Lung";"0-14";"Female";"2004";"0.00"
"Mortality";"Liguria";"Lung";"0-14";"Female";"2005";"0.00"
"Mortality";"Liguria";"Lung";"0-14";"Female";"2006";"0.00"
"Mortality";"Liguria";"Lung";"0-14";"Female";"2007";"0.00"
"Mortality";"Liguria";"Lung";"0-14";"Female";"2008";"0.00"
"Mortality";"Liguria";"Lung";"0-14";"Female";"2009";"0.00"
"Mortality";"Liguria";"Lung";"0-14";"Female";"2010";"0.00"
"Mortality";"Liguria";"Lung";"0-14";"Female";"2011";"0.00"
"Mortality";"Liguria";"Lung";"0-14";"Female";"2012";"0.00"
"Mortality";"Liguria";"Lung";"0-14";"Female";"2013";"0.00"
"Mortality";"Liguria";"Lung";"0-14";"Female";"2014";"0.00"
"Mortality";"Liguria";"Lung";"0-14";"Female";"2015";"0.00"
"Incidence";"Emilia-Romagna";"Lung";"0-14";"Male";"1994";"0.00"
"Incidence";"Emilia-Romagna";"Lung";"0-14";"Male";"1995";"0.00"
"Incidence";"Emilia-Romagna";"Lung";"0-14";"Male";"1996";"0.00"
"Incidence";"Emilia-Romagna";"Lung";"0-14";"Male";"1997";"0.00"
"Incidence";"Emilia-Romagna";"Lung";"0-14";"Male";"1998";"0.00"
"Incidence";"Emilia-Romagna";"Lung";"0-14";"Male";"1999";"0.00"
"Incidence";"Emilia-Romagna";"Lung";"0-14";"Male";"2000";"0.00"
"Incidence";"Emilia-Romagna";"Lung";"0-14";"Male";"2001";"0.00"
"Incidence";"Emilia-Romagna";"Lung";"0-14";"Male";"2002";"0.00"
"Incidence";"Emilia-Romagna";"Lung";"0-14";"Male";"2003";"0.00"
"Incidence";"Emilia-Romagna";"Lung";"0-14";"Male";"2004";"0.00"
"Incidence";"Emilia-Romagna";"Lung";"0-14";"Male";"2005";"0.00"
"Incidence";"Emilia-Romagna";"Lung";"0-14";"Male";"2006";"0.00"
"Incidence";"Emilia-Romagna";"Lung";"0-14";"Male";"2007";"0.00"
"Incidence";"Emilia-Romagna";"Lung";"0-14";"Male";"2008";"0.00"
"Incidence";"Emilia-Romagna";"Lung";"0-14";"Male";"2009";"0.00"
"Incidence";"Emilia-Romagna";"Lung";"0-14";"Male";"2010";"0.00"
"Incidence";"Emilia-Romagna";"Lung";"0-14";"Male";"2011";"0.00"
"Incidence";"Emilia-Romagna";"Lung";"0-14";"Male";"2012";"0.00"
"Incidence";"Emilia-Romagna";"Lung";"0-14";"Male";"2013";"0.40"
"Incidence";"Emilia-Romagna";"Lung";"0-14";"Male";"2014";"0.00"
"Incidence";"Emilia-Romagna";"Lung";"0-14";"Male";"2015";"0.00"
"Incidence";"Emilia-Romagna";"Lung";"0-14";"Male";"2016";"0.00"
"Incidence";"Emilia-Romagna";"Lung";"0-14";"Male";"2017";"0.00"
"Incidence";"Emilia-Romagna";"Lung";"0-14";"Male";"2018";"0.00"
"Incidence";"Emilia-Romagna";"Lung";"0-14";"Male";"2019";"0.00"
"Incidence";"Emilia-Romagna";"Lung";"0-14";"Male";"2020";"0.00"
"Incidence";"Emilia-Romagna";"Lung";"0-14";"Female";"1994";"0.00"
"Incidence";"Emilia-Romagna";"Lung";"0-14";"Female";"1995";"0.00"
"Incidence";"Emilia-Romagna";"Lung";"0-14";"Female";"1996";"0.00"
"Incidence";"Emilia-Romagna";"Lung";"0-14";"Female";"1997";"0.00"
"Incidence";"Emilia-Romagna";"Lung";"0-14";"Female";"1998";"0.00"
"Incidence";"Emilia-Romagna";"Lung";"0-14";"Female";"1999";"0.00"
"Incidence";"Emilia-Romagna";"Lung";"0-14";"Female";"2000";"0.00"
"Incidence";"Emilia-Romagna";"Lung";"0-14";"Female";"2001";"0.00"
"Incidence";"Emilia-Romagna";"Lung";"0-14";"Female";"2002";"0.00"
"Incidence";"Emilia-Romagna";"Lung";"0-14";"Female";"2003";"0.00"
"Incidence";"Emilia-Romagna";"Lung";"0-14";"Female";"2004";"0.00"
"Incidence";"Emilia-Romagna";"Lung";"0-14";"Female";"2005";"0.00"
"Incidence";"Emilia-Romagna";"Lung";"0-14";"Female";"2006";"0.00"
"Incidence";"Emilia-Romagna";"Lung";"0-14";"Female";"2007";"0.00"
"Incidence";"Emilia-Romagna";"Lung";"0-14";"Female";"2008";"0.00"
"Incidence";"Emilia-Romagna";"Lung";"0-14";"Female";"2009";"0.00"
"Incidence";"Emilia-Romagna";"Lung";"0-14";"Female";"2010";"0.44"
"Incidence";"Emilia-Romagna";"Lung";"0-14";"Female";"2011";"0.00"
"Incidence";"Emilia-Romagna";"Lung";"0-14";"Female";"2012";"0.00"
"Incidence";"Emilia-Romagna";"Lung";"0-14";"Female";"2013";"0.00"
"Incidence";"Emilia-Romagna";"Lung";"0-14";"Female";"2014";"0.00"
"Incidence";"Emilia-Romagna";"Lung";"0-14";"Female";"2015";"0.00"
"Incidence";"Emilia-Romagna";"Lung";"0-14";"Female";"2016";"0.00"
"Incidence";"Emilia-Romagna";"Lung";"0-14";"Female";"2017";"0.00"
"Incidence";"Emilia-Romagna";"Lung";"0-14";"Female";"2018";"0.00"
"Incidence";"Emilia-Romagna";"Lung";"0-14";"Female";"2019";"0.00"
"Incidence";"Emilia-Romagna";"Lung";"0-14";"Female";"2020";"0.00"
"Incidence";"Umbria";"Lung";"0-14";"Male";"1994";"0.00"
"Incidence";"Umbria";"Lung";"0-14";"Male";"1995";"0.00"
"Incidence";"Umbria";"Lung";"0-14";"Male";"1996";"0.00"
"Incidence";"Umbria";"Lung";"0-14";"Male";"1997";"0.00"
"Incidence";"Umbria";"Lung";"0-14";"Male";"1998";"0.00"
"Incidence";"Umbria";"Lung";"0-14";"Male";"1999";"0.00"
"Incidence";"Umbria";"Lung";"0-14";"Male";"2000";"0.00"
"Incidence";"Umbria";"Lung";"0-14";"Male";"2001";"0.00"
"Incidence";"Umbria";"Lung";"0-14";"Male";"2002";"0.00"
"Incidence";"Umbria";"Lung";"0-14";"Male";"2003";"0.00"
"Incidence";"Umbria";"Lung";"0-14";"Male";"2004";"0.00"
"Incidence";"Umbria";"Lung";"0-14";"Male";"2005";"0.00"
"Incidence";"Umbria";"Lung";"0-14";"Male";"2006";"0.00"
"Incidence";"Umbria";"Lung";"0-14";"Male";"2007";"0.00"
"Incidence";"Umbria";"Lung";"0-14";"Male";"2008";"0.00"
"Incidence";"Umbria";"Lung";"0-14";"Male";"2009";"0.00"
"Incidence";"Umbria";"Lung";"0-14";"Male";"2010";"0.00"
"Incidence";"Umbria";"Lung";"0-14";"Male";"2011";"0.00"
"Incidence";"Umbria";"Lung";"0-14";"Male";"2012";"0.00"
"Incidence";"Umbria";"Lung";"0-14";"Male";"2013";"0.00"
"Incidence";"Umbria";"Lung";"0-14";"Male";"2014";"0.00"
"Incidence";"Umbria";"Lung";"0-14";"Male";"2015";"0.00"
"Incidence";"Umbria";"Lung";"0-14";"Male";"2016";"0.00"
"Incidence";"Liguria";"Lung";"0-14";"Male";"1994";"0.00"
"Incidence";"Liguria";"Lung";"0-14";"Male";"1995";"0.00"
"Incidence";"Liguria";"Lung";"0-14";"Male";"1996";"0.00"
"Incidence";"Liguria";"Lung";"0-14";"Male";"1997";"0.00"
"Incidence";"Liguria";"Lung";"0-14";"Male";"1998";"0.00"
"Incidence";"Liguria";"Lung";"0-14";"Male";"1999";"0.00"
"Incidence";"Liguria";"Lung";"0-14";"Male";"2000";"0.00"
"Incidence";"Liguria";"Lung";"0-14";"Male";"2001";"0.00"
"Incidence";"Liguria";"Lung";"0-14";"Male";"2002";"0.00"
"Incidence";"Liguria";"Lung";"0-14";"Male";"2003";"0.00"
"Incidence";"Liguria";"Lung";"0-14";"Male";"2004";"0.00"
"Incidence";"Liguria";"Lung";"0-14";"Male";"2005";"0.00"
"Incidence";"Liguria";"Lung";"0-14";"Male";"2006";"0.00"
"Incidence";"Liguria";"Lung";"0-14";"Male";"2007";"0.00"
"Incidence";"Liguria";"Lung";"0-14";"Male";"2008";"0.00"
"Incidence";"Liguria";"Lung";"0-14";"Male";"2009";"0.00"
"Incidence";"Liguria";"Lung";"0-14";"Male";"2010";"0.00"
"Incidence";"Liguria";"Lung";"0-14";"Male";"2011";"0.00"
"Incidence";"Liguria";"Lung";"0-14";"Male";"2012";"0.00"
"Incidence";"Liguria";"Lung";"0-14";"Male";"2013";"0.00"
"Incidence";"Liguria";"Lung";"0-14";"Male";"2014";"0.00"
"Incidence";"Liguria";"Lung";"0-14";"Male";"2015";"0.00"
"Incidence";"Liguria";"Lung";"0-14";"Male";"2016";"0.00"
"Incidence";"Veneto";"Lung";"0-14";"Male";"1994";"0.00"
"Incidence";"Veneto";"Lung";"0-14";"Male";"1995";"0.00"
"Incidence";"Veneto";"Lung";"0-14";"Male";"1996";"0.00"
"Incidence";"Veneto";"Lung";"0-14";"Male";"1997";"0.00"
"Incidence";"Veneto";"Lung";"0-14";"Male";"1998";"0.00"
"Incidence";"Veneto";"Lung";"0-14";"Male";"1999";"0.00"
"Incidence";"Veneto";"Lung";"0-14";"Male";"2000";"0.00"
"Incidence";"Veneto";"Lung";"0-14";"Male";"2001";"0.00"
"Incidence";"Veneto";"Lung";"0-14";"Male";"2002";"0.00"
"Incidence";"Veneto";"Lung";"0-14";"Male";"2003";"0.00"
"Incidence";"Veneto";"Lung";"0-14";"Male";"2004";"0.00"
"Incidence";"Veneto";"Lung";"0-14";"Male";"2005";"0.00"
"Incidence";"Veneto";"Lung";"0-14";"Male";"2006";"0.00"
"Incidence";"Veneto";"Lung";"0-14";"Male";"2007";"0.00"
"Incidence";"Veneto";"Lung";"0-14";"Male";"2008";"0.00"
"Incidence";"Veneto";"Lung";"0-14";"Male";"2009";"0.00"
"Incidence";"Veneto";"Lung";"0-14";"Male";"2010";"0.00"
"Incidence";"Veneto";"Lung";"0-14";"Male";"2011";"0.00"
"Incidence";"Veneto";"Lung";"0-14";"Male";"2012";"0.00"
"Incidence";"Veneto";"Lung";"0-14";"Male";"2013";"0.00"
"Incidence";"Veneto";"Lung";"0-14";"Male";"2014";"0.00"
"Incidence";"Veneto";"Lung";"0-14";"Male";"2015";"0.00"
"Incidence";"Veneto";"Lung";"0-14";"Male";"2016";"0.00"
"Incidence";"Veneto";"Lung";"0-14";"Male";"2017";"0.00"
"Incidence";"Veneto";"Lung";"0-14";"Male";"2018";"0.00"
"Incidence";"Veneto";"Lung";"0-14";"Male";"2019";"0.00"
"Incidence";"Veneto";"Lung";"0-14";"Male";"2020";"0.00"
"Incidence";"Veneto";"Lung";"0-14";"Male";"2021";"0.00"
"Mortality";"Umbria";"Lung";"0-14";"Female";"1994";"0.00"
"Mortality";"Umbria";"Lung";"0-14";"Female";"1995";"0.00"
"Mortality";"Umbria";"Lung";"0-14";"Female";"1996";"0.00"
"Mortality";"Umbria";"Lung";"0-14";"Female";"1997";"0.00"
"Mortality";"Umbria";"Lung";"0-14";"Female";"1998";"0.00"
"Mortality";"Umbria";"Lung";"0-14";"Female";"1999";"0.00"
"Mortality";"Umbria";"Lung";"0-14";"Female";"2000";"0.00"
"Mortality";"Umbria";"Lung";"0-14";"Female";"2001";"0.00"
"Mortality";"Umbria";"Lung";"0-14";"Female";"2002";"0.00"
"Mortality";"Umbria";"Lung";"0-14";"Female";"2003";"0.00"
"Mortality";"Umbria";"Lung";"0-14";"Female";"2004";"0.00"
"Mortality";"Umbria";"Lung";"0-14";"Female";"2005";"0.00"
"Mortality";"Umbria";"Lung";"0-14";"Female";"2006";"0.00"
"Mortality";"Umbria";"Lung";"0-14";"Female";"2007";"0.00"
"Mortality";"Umbria";"Lung";"0-14";"Female";"2008";"0.00"
"Mortality";"Umbria";"Lung";"0-14";"Female";"2009";"0.00"
"Mortality";"Umbria";"Lung";"0-14";"Female";"2010";"0.00"
"Mortality";"Umbria";"Lung";"0-14";"Female";"2011";"0.00"
"Mortality";"Umbria";"Lung";"0-14";"Female";"2012";"0.00"
"Mortality";"Umbria";"Lung";"0-14";"Female";"2013";"0.00"
"Mortality";"Umbria";"Lung";"0-14";"Female";"2014";"0.00"
"Mortality";"Umbria";"Lung";"0-14";"Female";"2015";"0.00"
"Mortality";"Umbria";"Lung";"0-14";"Female";"2016";"0.00"
"Incidence";"Veneto";"Lung";"0-14";"Female";"1994";"0.00"
"Incidence";"Veneto";"Lung";"0-14";"Female";"1995";"0.00"
"Incidence";"Veneto";"Lung";"0-14";"Female";"1996";"0.00"
"Incidence";"Veneto";"Lung";"0-14";"Female";"1997";"0.00"
"Incidence";"Veneto";"Lung";"0-14";"Female";"1998";"0.00"
"Incidence";"Veneto";"Lung";"0-14";"Female";"1999";"0.00"
"Incidence";"Veneto";"Lung";"0-14";"Female";"2000";"0.00"
"Incidence";"Veneto";"Lung";"0-14";"Female";"2001";"0.00"
"Incidence";"Veneto";"Lung";"0-14";"Female";"2002";"0.00"
"Incidence";"Veneto";"Lung";"0-14";"Female";"2003";"0.00"
"Incidence";"Veneto";"Lung";"0-14";"Female";"2004";"0.00"
"Incidence";"Veneto";"Lung";"0-14";"Female";"2005";"0.00"
"Incidence";"Veneto";"Lung";"0-14";"Female";"2006";"0.00"
"Incidence";"Veneto";"Lung";"0-14";"Female";"2007";"0.00"
"Incidence";"Veneto";"Lung";"0-14";"Female";"2008";"0.00"
"Incidence";"Veneto";"Lung";"0-14";"Female";"2009";"0.00"
"Incidence";"Veneto";"Lung";"0-14";"Female";"2010";"0.00"
"Incidence";"Veneto";"Lung";"0-14";"Female";"2011";"0.00"
"Incidence";"Veneto";"Lung";"0-14";"Female";"2012";"0.00"
"Incidence";"Veneto";"Lung";"0-14";"Female";"2013";"0.00"
"Incidence";"Veneto";"Lung";"0-14";"Female";"2014";"0.00"
"Incidence";"Veneto";"Lung";"0-14";"Female";"2015";"0.00"
"Incidence";"Veneto";"Lung";"0-14";"Female";"2016";"0.30"
"Incidence";"Veneto";"Lung";"0-14";"Female";"2017";"0.00"
"Incidence";"Veneto";"Lung";"0-14";"Female";"2018";"0.00"
"Incidence";"Veneto";"Lung";"0-14";"Female";"2019";"0.00"
"Incidence";"Veneto";"Lung";"0-14";"Female";"2020";"0.00"
"Incidence";"Veneto";"Lung";"0-14";"Female";"2021";"0.00"
"Incidence";"Sassari";"Lung";"0-14";"Male";"1994";"0.00"
"Incidence";"Sassari";"Lung";"0-14";"Male";"1995";"0.00"
"Incidence";"Sassari";"Lung";"0-14";"Male";"1996";"0.00"
"Incidence";"Sassari";"Lung";"0-14";"Male";"1997";"0.00"
"Incidence";"Sassari";"Lung";"0-14";"Male";"1998";"0.00"
"Incidence";"Sassari";"Lung";"0-14";"Male";"1999";"0.00"
"Incidence";"Sassari";"Lung";"0-14";"Male";"2000";"0.00"
"Incidence";"Sassari";"Lung";"0-14";"Male";"2001";"0.00"
"Incidence";"Sassari";"Lung";"0-14";"Male";"2002";"0.00"
"Incidence";"Sassari";"Lung";"0-14";"Male";"2003";"0.00"
"Incidence";"Sassari";"Lung";"0-14";"Male";"2004";"0.00"
"Incidence";"Sassari";"Lung";"0-14";"Male";"2005";"0.00"
"Incidence";"Sassari";"Lung";"0-14";"Male";"2006";"0.00"
"Incidence";"Sassari";"Lung";"0-14";"Male";"2007";"0.00"
"Incidence";"Sassari";"Lung";"0-14";"Male";"2008";"0.00"
"Incidence";"Sassari";"Lung";"0-14";"Male";"2009";"0.00"
"Incidence";"Sassari";"Lung";"0-14";"Male";"2010";"0.00"
"Incidence";"Sassari";"Lung";"0-14";"Male";"2011";"0.00"
"Incidence";"Sassari";"Lung";"0-14";"Male";"2012";"0.00"
"Incidence";"Sassari";"Lung";"0-14";"Male";"2013";"0.00"
"Incidence";"Sassari";"Lung";"0-14";"Male";"2014";"0.00"
"Incidence";"Sassari";"Lung";"0-14";"Male";"2015";"0.00"
"Mortality";"Umbria";"Lung";"0-14";"Male";"1994";"0.00"
"Mortality";"Umbria";"Lung";"0-14";"Male";"1995";"0.00"
"Mortality";"Umbria";"Lung";"0-14";"Male";"1996";"0.00"
"Mortality";"Umbria";"Lung";"0-14";"Male";"1997";"1.92"
"Mortality";"Umbria";"Lung";"0-14";"Male";"1998";"0.00"
"Mortality";"Umbria";"Lung";"0-14";"Male";"1999";"0.00"
"Mortality";"Umbria";"Lung";"0-14";"Male";"2000";"0.00"
"Mortality";"Umbria";"Lung";"0-14";"Male";"2001";"0.00"
"Mortality";"Umbria";"Lung";"0-14";"Male";"2002";"0.00"
"Mortality";"Umbria";"Lung";"0-14";"Male";"2003";"0.00"
"Mortality";"Umbria";"Lung";"0-14";"Male";"2004";"0.00"
"Mortality";"Umbria";"Lung";"0-14";"Male";"2005";"0.00"
"Mortality";"Umbria";"Lung";"0-14";"Male";"2006";"0.00"
"Mortality";"Umbria";"Lung";"0-14";"Male";"2007";"0.00"
"Mortality";"Umbria";"Lung";"0-14";"Male";"2008";"0.00"
"Mortality";"Umbria";"Lung";"0-14";"Male";"2009";"0.00"
"Mortality";"Umbria";"Lung";"0-14";"Male";"2010";"0.00"
"Mortality";"Umbria";"Lung";"0-14";"Male";"2011";"0.00"
"Mortality";"Umbria";"Lung";"0-14";"Male";"2012";"0.00"
"Mortality";"Umbria";"Lung";"0-14";"Male";"2013";"0.00"
"Mortality";"Umbria";"Lung";"0-14";"Male";"2014";"0.00"
"Mortality";"Umbria";"Lung";"0-14";"Male";"2015";"0.00"
"Mortality";"Umbria";"Lung";"0-14";"Male";"2016";"0.00"
"Incidence";"Ragusa";"Lung";"0-14";"Male";"1994";"0.00"
"Incidence";"Ragusa";"Lung";"0-14";"Male";"1995";"0.00"
"Incidence";"Ragusa";"Lung";"0-14";"Male";"1996";"0.00"
"Incidence";"Ragusa";"Lung";"0-14";"Male";"1997";"0.00"
"Incidence";"Ragusa";"Lung";"0-14";"Male";"1998";"0.00"
"Incidence";"Ragusa";"Lung";"0-14";"Male";"1999";"0.00"
"Incidence";"Ragusa";"Lung";"0-14";"Male";"2000";"0.00"
"Incidence";"Ragusa";"Lung";"0-14";"Male";"2001";"0.00"
"Incidence";"Ragusa";"Lung";"0-14";"Male";"2002";"0.00"
"Incidence";"Ragusa";"Lung";"0-14";"Male";"2003";"0.00"
"Incidence";"Ragusa";"Lung";"0-14";"Male";"2004";"0.00"
"Incidence";"Ragusa";"Lung";"0-14";"Male";"2005";"0.00"
"Incidence";"Ragusa";"Lung";"0-14";"Male";"2006";"0.00"
"Incidence";"Ragusa";"Lung";"0-14";"Male";"2007";"0.00"
"Incidence";"Ragusa";"Lung";"0-14";"Male";"2008";"0.00"
"Incidence";"Ragusa";"Lung";"0-14";"Male";"2009";"0.00"
"Incidence";"Ragusa";"Lung";"0-14";"Male";"2010";"0.00"
"Incidence";"Ragusa";"Lung";"0-14";"Male";"2011";"0.00"
"Incidence";"Ragusa";"Lung";"0-14";"Male";"2012";"0.00"
"Incidence";"Ragusa";"Lung";"0-14";"Male";"2013";"0.00"
"Incidence";"Ragusa";"Lung";"0-14";"Male";"2014";"0.00"
"Incidence";"Ragusa";"Lung";"0-14";"Male";"2015";"2.21"
"Incidence";"Ragusa";"Lung";"0-14";"Male";"2016";"0.00"
"Incidence";"Ragusa";"Lung";"0-14";"Male";"2017";"0.00"
"Incidence";"Sassari";"Lung";"0-14";"Female";"1994";"0.00"
"Incidence";"Sassari";"Lung";"0-14";"Female";"1995";"0.00"
"Incidence";"Sassari";"Lung";"0-14";"Female";"1996";"0.00"
"Incidence";"Sassari";"Lung";"0-14";"Female";"1997";"0.00"
"Incidence";"Sassari";"Lung";"0-14";"Female";"1998";"0.00"
"Incidence";"Sassari";"Lung";"0-14";"Female";"1999";"0.00"
"Incidence";"Sassari";"Lung";"0-14";"Female";"2000";"0.00"
"Incidence";"Sassari";"Lung";"0-14";"Female";"2001";"0.00"
"Incidence";"Sassari";"Lung";"0-14";"Female";"2002";"0.00"
"Incidence";"Sassari";"Lung";"0-14";"Female";"2003";"0.00"
"Incidence";"Sassari";"Lung";"0-14";"Female";"2004";"0.00"
"Incidence";"Sassari";"Lung";"0-14";"Female";"2005";"0.00"
"Incidence";"Sassari";"Lung";"0-14";"Female";"2006";"0.00"
"Incidence";"Sassari";"Lung";"0-14";"Female";"2007";"0.00"
"Incidence";"Sassari";"Lung";"0-14";"Female";"2008";"0.00"
"Incidence";"Sassari";"Lung";"0-14";"Female";"2009";"0.00"
"Incidence";"Sassari";"Lung";"0-14";"Female";"2010";"0.00"
"Incidence";"Sassari";"Lung";"0-14";"Female";"2011";"0.00"
"Incidence";"Sassari";"Lung";"0-14";"Female";"2012";"0.00"
"Incidence";"Sassari";"Lung";"0-14";"Female";"2013";"0.00"
"Incidence";"Sassari";"Lung";"0-14";"Female";"2014";"0.00"
"Incidence";"Sassari";"Lung";"0-14";"Female";"2015";"0.00"
"Incidence";"Insubria-Varese";"Lung";"0-14";"Male";"1994";"0.00"
"Incidence";"Insubria-Varese";"Lung";"0-14";"Male";"1995";"0.00"
"Incidence";"Insubria-Varese";"Lung";"0-14";"Male";"1996";"0.00"
"Incidence";"Insubria-Varese";"Lung";"0-14";"Male";"1997";"0.00"
"Incidence";"Insubria-Varese";"Lung";"0-14";"Male";"1998";"0.00"
"Incidence";"Insubria-Varese";"Lung";"0-14";"Male";"1999";"0.00"
"Incidence";"Insubria-Varese";"Lung";"0-14";"Male";"2000";"0.00"
"Incidence";"Insubria-Varese";"Lung";"0-14";"Male";"2001";"0.00"
"Incidence";"Insubria-Varese";"Lung";"0-14";"Male";"2002";"0.00"
"Incidence";"Insubria-Varese";"Lung";"0-14";"Male";"2003";"0.00"
"Incidence";"Insubria-Varese";"Lung";"0-14";"Male";"2004";"0.00"
"Incidence";"Insubria-Varese";"Lung";"0-14";"Male";"2005";"0.00"
"Incidence";"Insubria-Varese";"Lung";"0-14";"Male";"2006";"0.00"
"Incidence";"Insubria-Varese";"Lung";"0-14";"Male";"2007";"0.00"
"Incidence";"Insubria-Varese";"Lung";"0-14";"Male";"2008";"0.00"
"Incidence";"Insubria-Varese";"Lung";"0-14";"Male";"2009";"0.00"
"Incidence";"Insubria-Varese";"Lung";"0-14";"Male";"2010";"0.00"
"Incidence";"Insubria-Varese";"Lung";"0-14";"Male";"2011";"0.00"
"Incidence";"Insubria-Varese";"Lung";"0-14";"Male";"2012";"0.00"
"Incidence";"Insubria-Varese";"Lung";"0-14";"Male";"2013";"0.00"
"Incidence";"Insubria-Varese";"Lung";"0-14";"Male";"2014";"0.00"
"Incidence";"Insubria-Varese";"Lung";"0-14";"Male";"2015";"0.00"
"Mortality";"Insubria-Varese";"Lung";"0-14";"Male";"1994";"0.00"
"Mortality";"Insubria-Varese";"Lung";"0-14";"Male";"1995";"0.00"
"Mortality";"Insubria-Varese";"Lung";"0-14";"Male";"1996";"0.00"
"Mortality";"Insubria-Varese";"Lung";"0-14";"Male";"1997";"0.00"
"Mortality";"Insubria-Varese";"Lung";"0-14";"Male";"1998";"0.00"
"Mortality";"Insubria-Varese";"Lung";"0-14";"Male";"1999";"0.00"
"Mortality";"Insubria-Varese";"Lung";"0-14";"Male";"2000";"0.00"
"Mortality";"Insubria-Varese";"Lung";"0-14";"Male";"2001";"0.00"
"Mortality";"Insubria-Varese";"Lung";"0-14";"Male";"2002";"0.00"
"Mortality";"Insubria-Varese";"Lung";"0-14";"Male";"2003";"0.00"
"Mortality";"Insubria-Varese";"Lung";"0-14";"Male";"2004";"0.00"
"Mortality";"Insubria-Varese";"Lung";"0-14";"Male";"2005";"0.00"
"Mortality";"Insubria-Varese";"Lung";"0-14";"Male";"2006";"0.00"
"Mortality";"Insubria-Varese";"Lung";"0-14";"Male";"2007";"0.00"
"Mortality";"Insubria-Varese";"Lung";"0-14";"Male";"2008";"0.00"
"Mortality";"Insubria-Varese";"Lung";"0-14";"Male";"2009";"0.00"
"Mortality";"Insubria-Varese";"Lung";"0-14";"Male";"2010";"0.00"
"Mortality";"Insubria-Varese";"Lung";"0-14";"Male";"2011";"0.00"
"Mortality";"Insubria-Varese";"Lung";"0-14";"Male";"2012";"0.00"
"Mortality";"Insubria-Varese";"Lung";"0-14";"Male";"2013";"0.00"
"Mortality";"Insubria-Varese";"Lung";"0-14";"Male";"2014";"0.00"
"Mortality";"Insubria-Varese";"Lung";"0-14";"Male";"2015";"0.00"
"Incidence";"Ragusa";"Lung";"0-14";"Female";"1994";"0.00"
"Incidence";"Ragusa";"Lung";"0-14";"Female";"1995";"0.00"
"Incidence";"Ragusa";"Lung";"0-14";"Female";"1996";"0.00"
"Incidence";"Ragusa";"Lung";"0-14";"Female";"1997";"0.00"
"Incidence";"Ragusa";"Lung";"0-14";"Female";"1998";"0.00"
"Incidence";"Ragusa";"Lung";"0-14";"Female";"1999";"0.00"
"Incidence";"Ragusa";"Lung";"0-14";"Female";"2000";"0.00"
"Incidence";"Ragusa";"Lung";"0-14";"Female";"2001";"0.00"
"Incidence";"Ragusa";"Lung";"0-14";"Female";"2002";"0.00"
"Incidence";"Ragusa";"Lung";"0-14";"Female";"2003";"0.00"
"Incidence";"Ragusa";"Lung";"0-14";"Female";"2004";"0.00"
"Incidence";"Ragusa";"Lung";"0-14";"Female";"2005";"0.00"
"Incidence";"Ragusa";"Lung";"0-14";"Female";"2006";"0.00"
"Incidence";"Ragusa";"Lung";"0-14";"Female";"2007";"0.00"
"Incidence";"Ragusa";"Lung";"0-14";"Female";"2008";"0.00"
"Incidence";"Ragusa";"Lung";"0-14";"Female";"2009";"0.00"
"Incidence";"Ragusa";"Lung";"0-14";"Female";"2010";"0.00"
"Incidence";"Ragusa";"Lung";"0-14";"Female";"2011";"0.00"
"Incidence";"Ragusa";"Lung";"0-14";"Female";"2012";"0.00"
"Incidence";"Ragusa";"Lung";"0-14";"Female";"2013";"0.00"
"Incidence";"Ragusa";"Lung";"0-14";"Female";"2014";"0.00"
"Incidence";"Ragusa";"Lung";"0-14";"Female";"2015";"0.00"
"Incidence";"Ragusa";"Lung";"0-14";"Female";"2016";"0.00"
"Incidence";"Ragusa";"Lung";"0-14";"Female";"2017";"0.00"
"Incidence";"Liguria";"Lung";"0-14";"Female";"1994";"0.00"
"Incidence";"Liguria";"Lung";"0-14";"Female";"1995";"0.00"
"Incidence";"Liguria";"Lung";"0-14";"Female";"1996";"0.00"
"Incidence";"Liguria";"Lung";"0-14";"Female";"1997";"0.00"
"Incidence";"Liguria";"Lung";"0-14";"Female";"1998";"0.00"
"Incidence";"Liguria";"Lung";"0-14";"Female";"1999";"0.00"
"Incidence";"Liguria";"Lung";"0-14";"Female";"2000";"0.00"
"Incidence";"Liguria";"Lung";"0-14";"Female";"2001";"0.00"
"Incidence";"Liguria";"Lung";"0-14";"Female";"2002";"0.00"
"Incidence";"Liguria";"Lung";"0-14";"Female";"2003";"0.00"
"Incidence";"Liguria";"Lung";"0-14";"Female";"2004";"0.00"
"Incidence";"Liguria";"Lung";"0-14";"Female";"2005";"0.00"
"Incidence";"Liguria";"Lung";"0-14";"Female";"2006";"0.00"
"Incidence";"Liguria";"Lung";"0-14";"Female";"2007";"0.00"
"Incidence";"Liguria";"Lung";"0-14";"Female";"2008";"0.00"
"Incidence";"Liguria";"Lung";"0-14";"Female";"2009";"0.00"
"Incidence";"Liguria";"Lung";"0-14";"Female";"2010";"0.00"
"Incidence";"Liguria";"Lung";"0-14";"Female";"2011";"0.00"
"Incidence";"Liguria";"Lung";"0-14";"Female";"2012";"0.00"
"Incidence";"Liguria";"Lung";"0-14";"Female";"2013";"0.00"
"Incidence";"Liguria";"Lung";"0-14";"Female";"2014";"0.00"
"Incidence";"Liguria";"Lung";"0-14";"Female";"2015";"0.00"
"Incidence";"Liguria";"Lung";"0-14";"Female";"2016";"0.00"
"Mortality";"Liguria";"Lung";"15-29";"Male";"1994";"0.00"
"Mortality";"Liguria";"Lung";"15-29";"Male";"1995";"0.00"
"Mortality";"Liguria";"Lung";"15-29";"Male";"1996";"0.00"
"Mortality";"Liguria";"Lung";"15-29";"Male";"1997";"0.00"
"Mortality";"Liguria";"Lung";"15-29";"Male";"1998";"1.31"
"Mortality";"Liguria";"Lung";"15-29";"Male";"1999";"0.00"
"Mortality";"Liguria";"Lung";"15-29";"Male";"2000";"0.00"
"Mortality";"Liguria";"Lung";"15-29";"Male";"2001";"0.00"
"Mortality";"Liguria";"Lung";"15-29";"Male";"2002";"0.00"
"Mortality";"Liguria";"Lung";"15-29";"Male";"2003";"0.00"
"Mortality";"Liguria";"Lung";"15-29";"Male";"2004";"0.00"
"Mortality";"Liguria";"Lung";"15-29";"Male";"2005";"0.00"
"Mortality";"Liguria";"Lung";"15-29";"Male";"2006";"0.00"
"Mortality";"Liguria";"Lung";"15-29";"Male";"2007";"0.00"
"Mortality";"Liguria";"Lung";"15-29";"Male";"2008";"0.00"
"Mortality";"Liguria";"Lung";"15-29";"Male";"2009";"0.00"
"Mortality";"Liguria";"Lung";"15-29";"Male";"2010";"0.00"
"Mortality";"Liguria";"Lung";"15-29";"Male";"2011";"0.00"
"Mortality";"Liguria";"Lung";"15-29";"Male";"2012";"0.00"
"Mortality";"Liguria";"Lung";"15-29";"Male";"2013";"0.00"
"Mortality";"Liguria";"Lung";"15-29";"Male";"2014";"0.00"
"Mortality";"Liguria";"Lung";"15-29";"Male";"2015";"0.00"
"Mortality";"Umbria";"Lung";"15-29";"Female";"1994";"0.00"
"Mortality";"Umbria";"Lung";"15-29";"Female";"1995";"0.00"
"Mortality";"Umbria";"Lung";"15-29";"Female";"1996";"0.00"
"Mortality";"Umbria";"Lung";"15-29";"Female";"1997";"0.00"
"Mortality";"Umbria";"Lung";"15-29";"Female";"1998";"0.00"
"Mortality";"Umbria";"Lung";"15-29";"Female";"1999";"0.00"
"Mortality";"Umbria";"Lung";"15-29";"Female";"2000";"0.00"
"Mortality";"Umbria";"Lung";"15-29";"Female";"2001";"0.00"
"Mortality";"Umbria";"Lung";"15-29";"Female";"2002";"0.00"
"Mortality";"Umbria";"Lung";"15-29";"Female";"2003";"0.00"
"Mortality";"Umbria";"Lung";"15-29";"Female";"2004";"0.00"
"Mortality";"Umbria";"Lung";"15-29";"Female";"2005";"0.00"
"Mortality";"Umbria";"Lung";"15-29";"Female";"2006";"0.00"
"Mortality";"Umbria";"Lung";"15-29";"Female";"2007";"0.00"
"Mortality";"Umbria";"Lung";"15-29";"Female";"2008";"0.00"
"Mortality";"Umbria";"Lung";"15-29";"Female";"2009";"0.00"
"Mortality";"Umbria";"Lung";"15-29";"Female";"2010";"0.00"
"Mortality";"Umbria";"Lung";"15-29";"Female";"2011";"0.00"
"Mortality";"Umbria";"Lung";"15-29";"Female";"2012";"0.00"
"Mortality";"Umbria";"Lung";"15-29";"Female";"2013";"0.00"
"Mortality";"Umbria";"Lung";"15-29";"Female";"2014";"0.00"
"Mortality";"Umbria";"Lung";"15-29";"Female";"2015";"0.00"
"Mortality";"Umbria";"Lung";"15-29";"Female";"2016";"0.00"
"Mortality";"Liguria";"Lung";"15-29";"Female";"1994";"0.00"
"Mortality";"Liguria";"Lung";"15-29";"Female";"1995";"0.00"
"Mortality";"Liguria";"Lung";"15-29";"Female";"1996";"0.00"
"Mortality";"Liguria";"Lung";"15-29";"Female";"1997";"0.00"
"Mortality";"Liguria";"Lung";"15-29";"Female";"1998";"0.00"
"Mortality";"Liguria";"Lung";"15-29";"Female";"1999";"0.00"
"Mortality";"Liguria";"Lung";"15-29";"Female";"2000";"0.00"
"Mortality";"Liguria";"Lung";"15-29";"Female";"2001";"0.00"
"Mortality";"Liguria";"Lung";"15-29";"Female";"2002";"0.00"
"Mortality";"Liguria";"Lung";"15-29";"Female";"2003";"0.00"
"Mortality";"Liguria";"Lung";"15-29";"Female";"2004";"0.00"
"Mortality";"Liguria";"Lung";"15-29";"Female";"2005";"0.00"
"Mortality";"Liguria";"Lung";"15-29";"Female";"2006";"0.00"
"Mortality";"Liguria";"Lung";"15-29";"Female";"2007";"0.00"
"Mortality";"Liguria";"Lung";"15-29";"Female";"2008";"0.00"
"Mortality";"Liguria";"Lung";"15-29";"Female";"2009";"0.00"
"Mortality";"Liguria";"Lung";"15-29";"Female";"2010";"0.00"
"Mortality";"Liguria";"Lung";"15-29";"Female";"2011";"0.00"
"Mortality";"Liguria";"Lung";"15-29";"Female";"2012";"0.00"
"Mortality";"Liguria";"Lung";"15-29";"Female";"2013";"0.00"
"Mortality";"Liguria";"Lung";"15-29";"Female";"2014";"0.00"
"Mortality";"Liguria";"Lung";"15-29";"Female";"2015";"0.00"
"Incidence";"Sassari";"Lung";"15-29";"Male";"1994";"0.00"
"Incidence";"Sassari";"Lung";"15-29";"Male";"1995";"0.00"
"Incidence";"Sassari";"Lung";"15-29";"Male";"1996";"0.00"
"Incidence";"Sassari";"Lung";"15-29";"Male";"1997";"0.00"
"Incidence";"Sassari";"Lung";"15-29";"Male";"1998";"1.92"
"Incidence";"Sassari";"Lung";"15-29";"Male";"1999";"0.00"
"Incidence";"Sassari";"Lung";"15-29";"Male";"2000";"0.00"
"Incidence";"Sassari";"Lung";"15-29";"Male";"2001";"0.00"
"Incidence";"Sassari";"Lung";"15-29";"Male";"2002";"0.00"
"Incidence";"Sassari";"Lung";"15-29";"Male";"2003";"0.00"
"Incidence";"Sassari";"Lung";"15-29";"Male";"2004";"0.00"
"Incidence";"Sassari";"Lung";"15-29";"Male";"2005";"0.00"
"Incidence";"Sassari";"Lung";"15-29";"Male";"2006";"2.31"
"Incidence";"Sassari";"Lung";"15-29";"Male";"2007";"0.00"
"Incidence";"Sassari";"Lung";"15-29";"Male";"2008";"0.00"
"Incidence";"Sassari";"Lung";"15-29";"Male";"2009";"0.00"
"Incidence";"Sassari";"Lung";"15-29";"Male";"2010";"0.00"
"Incidence";"Sassari";"Lung";"15-29";"Male";"2011";"0.00"
"Incidence";"Sassari";"Lung";"15-29";"Male";"2012";"2.58"
"Incidence";"Sassari";"Lung";"15-29";"Male";"2013";"2.62"
"Incidence";"Sassari";"Lung";"15-29";"Male";"2014";"0.00"
"Incidence";"Sassari";"Lung";"15-29";"Male";"2015";"0.00"
"Incidence";"Emilia-Romagna";"Lung";"15-29";"Male";"1994";"0.00"
"Incidence";"Emilia-Romagna";"Lung";"15-29";"Male";"1995";"0.42"
"Incidence";"Emilia-Romagna";"Lung";"15-29";"Male";"1996";"0.37"
"Incidence";"Emilia-Romagna";"Lung";"15-29";"Male";"1997";"1.13"
"Incidence";"Emilia-Romagna";"Lung";"15-29";"Male";"1998";"0.78"
"Incidence";"Emilia-Romagna";"Lung";"15-29";"Male";"1999";"0.00"
"Incidence";"Emilia-Romagna";"Lung";"15-29";"Male";"2000";"0.00"
"Incidence";"Emilia-Romagna";"Lung";"15-29";"Male";"2001";"0.84"
"Incidence";"Emilia-Romagna";"Lung";"15-29";"Male";"2002";"0.43"
"Incidence";"Emilia-Romagna";"Lung";"15-29";"Male";"2003";"0.43"
"Incidence";"Emilia-Romagna";"Lung";"15-29";"Male";"2004";"0.43"
"Incidence";"Emilia-Romagna";"Lung";"15-29";"Male";"2005";"1.33"
"Incidence";"Emilia-Romagna";"Lung";"15-29";"Male";"2006";"0.83"
"Incidence";"Emilia-Romagna";"Lung";"15-29";"Male";"2007";"0.84"
"Incidence";"Emilia-Romagna";"Lung";"15-29";"Male";"2008";"0.00"
"Incidence";"Emilia-Romagna";"Lung";"15-29";"Male";"2009";"0.42"
"Incidence";"Emilia-Romagna";"Lung";"15-29";"Male";"2010";"0.00"
"Incidence";"Emilia-Romagna";"Lung";"15-29";"Male";"2011";"0.41"
"Incidence";"Emilia-Romagna";"Lung";"15-29";"Male";"2012";"0.82"
"Incidence";"Emilia-Romagna";"Lung";"15-29";"Male";"2013";"0.00"
"Incidence";"Emilia-Romagna";"Lung";"15-29";"Male";"2014";"0.00"
"Incidence";"Emilia-Romagna";"Lung";"15-29";"Male";"2015";"0.41"
"Incidence";"Emilia-Romagna";"Lung";"15-29";"Male";"2016";"0.40"
"Incidence";"Emilia-Romagna";"Lung";"15-29";"Male";"2017";"0.00"
"Incidence";"Emilia-Romagna";"Lung";"15-29";"Male";"2018";"0.63"
"Incidence";"Emilia-Romagna";"Lung";"15-29";"Male";"2019";"0.00"
"Incidence";"Emilia-Romagna";"Lung";"15-29";"Male";"2020";"0.31"
"Incidence";"Umbria";"Lung";"15-29";"Male";"1994";"1.21"
"Incidence";"Umbria";"Lung";"15-29";"Male";"1995";"0.00"
"Incidence";"Umbria";"Lung";"15-29";"Male";"1996";"0.00"
"Incidence";"Umbria";"Lung";"15-29";"Male";"1997";"0.00"
"Incidence";"Umbria";"Lung";"15-29";"Male";"1998";"0.00"
"Incidence";"Umbria";"Lung";"15-29";"Male";"1999";"1.33"
"Incidence";"Umbria";"Lung";"15-29";"Male";"2000";"0.00"
"Incidence";"Umbria";"Lung";"15-29";"Male";"2001";"0.00"
"Incidence";"Umbria";"Lung";"15-29";"Male";"2002";"0.00"
"Incidence";"Umbria";"Lung";"15-29";"Male";"2003";"0.00"
"Incidence";"Umbria";"Lung";"15-29";"Male";"2004";"0.00"
"Incidence";"Umbria";"Lung";"15-29";"Male";"2005";"0.00"
"Incidence";"Umbria";"Lung";"15-29";"Male";"2006";"0.00"
"Incidence";"Umbria";"Lung";"15-29";"Male";"2007";"0.00"
"Incidence";"Umbria";"Lung";"15-29";"Male";"2008";"0.00"
"Incidence";"Umbria";"Lung";"15-29";"Male";"2009";"0.00"
"Incidence";"Umbria";"Lung";"15-29";"Male";"2010";"0.00"
"Incidence";"Umbria";"Lung";"15-29";"Male";"2011";"0.00"
"Incidence";"Umbria";"Lung";"15-29";"Male";"2012";"3.09"
"Incidence";"Umbria";"Lung";"15-29";"Male";"2013";"0.00"
"Incidence";"Umbria";"Lung";"15-29";"Male";"2014";"0.00"
"Incidence";"Umbria";"Lung";"15-29";"Male";"2015";"0.00"
"Incidence";"Umbria";"Lung";"15-29";"Male";"2016";"0.00"
"Mortality";"Insubria-Varese";"Lung";"15-29";"Female";"1994";"0.00"
"Mortality";"Insubria-Varese";"Lung";"15-29";"Female";"1995";"1.15"
"Mortality";"Insubria-Varese";"Lung";"15-29";"Female";"1996";"0.00"
"Mortality";"Insubria-Varese";"Lung";"15-29";"Female";"1997";"0.00"
"Mortality";"Insubria-Varese";"Lung";"15-29";"Female";"1998";"1.26"
"Mortality";"Insubria-Varese";"Lung";"15-29";"Female";"1999";"0.00"
"Mortality";"Insubria-Varese";"Lung";"15-29";"Female";"2000";"0.00"
"Mortality";"Insubria-Varese";"Lung";"15-29";"Female";"2001";"0.00"
"Mortality";"Insubria-Varese";"Lung";"15-29";"Female";"2002";"0.00"
"Mortality";"Insubria-Varese";"Lung";"15-29";"Female";"2003";"0.00"
"Mortality";"Insubria-Varese";"Lung";"15-29";"Female";"2004";"0.00"
"Mortality";"Insubria-Varese";"Lung";"15-29";"Female";"2005";"0.00"
"Mortality";"Insubria-Varese";"Lung";"15-29";"Female";"2006";"0.00"
"Mortality";"Insubria-Varese";"Lung";"15-29";"Female";"2007";"0.00"
"Mortality";"Insubria-Varese";"Lung";"15-29";"Female";"2008";"0.00"
"Mortality";"Insubria-Varese";"Lung";"15-29";"Female";"2009";"0.00"
"Mortality";"Insubria-Varese";"Lung";"15-29";"Female";"2010";"0.00"
"Mortality";"Insubria-Varese";"Lung";"15-29";"Female";"2011";"0.00"
"Mortality";"Insubria-Varese";"Lung";"15-29";"Female";"2012";"0.00"
"Mortality";"Insubria-Varese";"Lung";"15-29";"Female";"2013";"0.00"
"Mortality";"Insubria-Varese";"Lung";"15-29";"Female";"2014";"0.00"
"Mortality";"Insubria-Varese";"Lung";"15-29";"Female";"2015";"0.00"
"Incidence";"Sassari";"Lung";"15-29";"Female";"1994";"0.00"
"Incidence";"Sassari";"Lung";"15-29";"Female";"1995";"0.00"
"Incidence";"Sassari";"Lung";"15-29";"Female";"1996";"0.00"
"Incidence";"Sassari";"Lung";"15-29";"Female";"1997";"0.00"
"Incidence";"Sassari";"Lung";"15-29";"Female";"1998";"0.00"
"Incidence";"Sassari";"Lung";"15-29";"Female";"1999";"2.04"
"Incidence";"Sassari";"Lung";"15-29";"Female";"2000";"0.00"
"Incidence";"Sassari";"Lung";"15-29";"Female";"2001";"0.00"
"Incidence";"Sassari";"Lung";"15-29";"Female";"2002";"0.00"
"Incidence";"Sassari";"Lung";"15-29";"Female";"2003";"0.00"
"Incidence";"Sassari";"Lung";"15-29";"Female";"2004";"0.00"
"Incidence";"Sassari";"Lung";"15-29";"Female";"2005";"0.00"
"Incidence";"Sassari";"Lung";"15-29";"Female";"2006";"0.00"
"Incidence";"Sassari";"Lung";"15-29";"Female";"2007";"0.00"
"Incidence";"Sassari";"Lung";"15-29";"Female";"2008";"0.00"
"Incidence";"Sassari";"Lung";"15-29";"Female";"2009";"0.00"
"Incidence";"Sassari";"Lung";"15-29";"Female";"2010";"2.61"
"Incidence";"Sassari";"Lung";"15-29";"Female";"2011";"0.00"
"Incidence";"Sassari";"Lung";"15-29";"Female";"2012";"0.00"
"Incidence";"Sassari";"Lung";"15-29";"Female";"2013";"0.00"
"Incidence";"Sassari";"Lung";"15-29";"Female";"2014";"0.00"
"Incidence";"Sassari";"Lung";"15-29";"Female";"2015";"0.00"
"Incidence";"Liguria";"Lung";"15-29";"Male";"1994";"0.00"
"Incidence";"Liguria";"Lung";"15-29";"Male";"1995";"0.00"
"Incidence";"Liguria";"Lung";"15-29";"Male";"1996";"0.00"
"Incidence";"Liguria";"Lung";"15-29";"Male";"1997";"1.26"
"Incidence";"Liguria";"Lung";"15-29";"Male";"1998";"1.31"
"Incidence";"Liguria";"Lung";"15-29";"Male";"1999";"0.00"
"Incidence";"Liguria";"Lung";"15-29";"Male";"2000";"0.00"
"Incidence";"Liguria";"Lung";"15-29";"Male";"2001";"0.00"
"Incidence";"Liguria";"Lung";"15-29";"Male";"2002";"0.00"
"Incidence";"Liguria";"Lung";"15-29";"Male";"2003";"0.00"
"Incidence";"Liguria";"Lung";"15-29";"Male";"2004";"0.00"
"Incidence";"Liguria";"Lung";"15-29";"Male";"2005";"0.00"
"Incidence";"Liguria";"Lung";"15-29";"Male";"2006";"0.00"
"Incidence";"Liguria";"Lung";"15-29";"Male";"2007";"0.00"
"Incidence";"Liguria";"Lung";"15-29";"Male";"2008";"0.00"
"Incidence";"Liguria";"Lung";"15-29";"Male";"2009";"0.00"
"Incidence";"Liguria";"Lung";"15-29";"Male";"2010";"0.00"
"Incidence";"Liguria";"Lung";"15-29";"Male";"2011";"0.00"
"Incidence";"Liguria";"Lung";"15-29";"Male";"2012";"1.82"
"Incidence";"Liguria";"Lung";"15-29";"Male";"2013";"0.00"
"Incidence";"Liguria";"Lung";"15-29";"Male";"2014";"0.00"
"Incidence";"Liguria";"Lung";"15-29";"Male";"2015";"0.00"
"Incidence";"Liguria";"Lung";"15-29";"Male";"2016";"0.00"
"Incidence";"Ragusa";"Lung";"15-29";"Male";"1994";"0.00"
"Incidence";"Ragusa";"Lung";"15-29";"Male";"1995";"0.00"
"Incidence";"Ragusa";"Lung";"15-29";"Male";"1996";"0.00"
"Incidence";"Ragusa";"Lung";"15-29";"Male";"1997";"0.00"
"Incidence";"Ragusa";"Lung";"15-29";"Male";"1998";"0.00"
"Incidence";"Ragusa";"Lung";"15-29";"Male";"1999";"0.00"
"Incidence";"Ragusa";"Lung";"15-29";"Male";"2000";"0.00"
"Incidence";"Ragusa";"Lung";"15-29";"Male";"2001";"0.00"
"Incidence";"Ragusa";"Lung";"15-29";"Male";"2002";"0.00"
"Incidence";"Ragusa";"Lung";"15-29";"Male";"2003";"0.00"
"Incidence";"Ragusa";"Lung";"15-29";"Male";"2004";"0.00"
"Incidence";"Ragusa";"Lung";"15-29";"Male";"2005";"0.00"
"Incidence";"Ragusa";"Lung";"15-29";"Male";"2006";"0.00"
"Incidence";"Ragusa";"Lung";"15-29";"Male";"2007";"0.00"
"Incidence";"Ragusa";"Lung";"15-29";"Male";"2008";"0.00"
"Incidence";"Ragusa";"Lung";"15-29";"Male";"2009";"0.00"
"Incidence";"Ragusa";"Lung";"15-29";"Male";"2010";"0.00"
"Incidence";"Ragusa";"Lung";"15-29";"Male";"2011";"1.74"
"Incidence";"Ragusa";"Lung";"15-29";"Male";"2012";"0.00"
"Incidence";"Ragusa";"Lung";"15-29";"Male";"2013";"0.00"
"Incidence";"Ragusa";"Lung";"15-29";"Male";"2014";"0.00"
"Incidence";"Ragusa";"Lung";"15-29";"Male";"2015";"0.00"
"Incidence";"Ragusa";"Lung";"15-29";"Male";"2016";"0.00"
"Incidence";"Ragusa";"Lung";"15-29";"Male";"2017";"0.00"
"Incidence";"Insubria-Varese";"Lung";"15-29";"Male";"1994";"0.00"
"Incidence";"Insubria-Varese";"Lung";"15-29";"Male";"1995";"0.00"
"Incidence";"Insubria-Varese";"Lung";"15-29";"Male";"1996";"0.00"
"Incidence";"Insubria-Varese";"Lung";"15-29";"Male";"1997";"0.00"
"Incidence";"Insubria-Varese";"Lung";"15-29";"Male";"1998";"0.00"
"Incidence";"Insubria-Varese";"Lung";"15-29";"Male";"1999";"1.24"
"Incidence";"Insubria-Varese";"Lung";"15-29";"Male";"2000";"0.00"
"Incidence";"Insubria-Varese";"Lung";"15-29";"Male";"2001";"1.32"
"Incidence";"Insubria-Varese";"Lung";"15-29";"Male";"2002";"0.00"
"Incidence";"Insubria-Varese";"Lung";"15-29";"Male";"2003";"0.00"
"Incidence";"Insubria-Varese";"Lung";"15-29";"Male";"2004";"0.00"
"Incidence";"Insubria-Varese";"Lung";"15-29";"Male";"2005";"0.00"
"Incidence";"Insubria-Varese";"Lung";"15-29";"Male";"2006";"0.00"
"Incidence";"Insubria-Varese";"Lung";"15-29";"Male";"2007";"0.00"
"Incidence";"Insubria-Varese";"Lung";"15-29";"Male";"2008";"0.00"
"Incidence";"Insubria-Varese";"Lung";"15-29";"Male";"2009";"0.00"
"Incidence";"Insubria-Varese";"Lung";"15-29";"Male";"2010";"0.00"
"Incidence";"Insubria-Varese";"Lung";"15-29";"Male";"2011";"1.57"
"Incidence";"Insubria-Varese";"Lung";"15-29";"Male";"2012";"0.00"
"Incidence";"Insubria-Varese";"Lung";"15-29";"Male";"2013";"0.00"
"Incidence";"Insubria-Varese";"Lung";"15-29";"Male";"2014";"0.00"
"Incidence";"Insubria-Varese";"Lung";"15-29";"Male";"2015";"0.00"
"Mortality";"Insubria-Varese";"Lung";"15-29";"Male";"1994";"0.00"
"Mortality";"Insubria-Varese";"Lung";"15-29";"Male";"1995";"0.00"
"Mortality";"Insubria-Varese";"Lung";"15-29";"Male";"1996";"0.00"
"Mortality";"Insubria-Varese";"Lung";"15-29";"Male";"1997";"0.00"
"Mortality";"Insubria-Varese";"Lung";"15-29";"Male";"1998";"0.00"
"Mortality";"Insubria-Varese";"Lung";"15-29";"Male";"1999";"1.24"
"Mortality";"Insubria-Varese";"Lung";"15-29";"Male";"2000";"1.28"
"Mortality";"Insubria-Varese";"Lung";"15-29";"Male";"2001";"0.00"
"Mortality";"Insubria-Varese";"Lung";"15-29";"Male";"2002";"0.00"
"Mortality";"Insubria-Varese";"Lung";"15-29";"Male";"2003";"0.00"
"Mortality";"Insubria-Varese";"Lung";"15-29";"Male";"2004";"0.00"
"Mortality";"Insubria-Varese";"Lung";"15-29";"Male";"2005";"0.00"
"Mortality";"Insubria-Varese";"Lung";"15-29";"Male";"2006";"0.00"
"Mortality";"Insubria-Varese";"Lung";"15-29";"Male";"2007";"0.00"
"Mortality";"Insubria-Varese";"Lung";"15-29";"Male";"2008";"0.00"
"Mortality";"Insubria-Varese";"Lung";"15-29";"Male";"2009";"0.00"
"Mortality";"Insubria-Varese";"Lung";"15-29";"Male";"2010";"0.00"
"Mortality";"Insubria-Varese";"Lung";"15-29";"Male";"2011";"0.00"
"Mortality";"Insubria-Varese";"Lung";"15-29";"Male";"2012";"0.00"
"Mortality";"Insubria-Varese";"Lung";"15-29";"Male";"2013";"1.56"
"Mortality";"Insubria-Varese";"Lung";"15-29";"Male";"2014";"0.00"
"Mortality";"Insubria-Varese";"Lung";"15-29";"Male";"2015";"0.00"
"Incidence";"Liguria";"Lung";"15-29";"Female";"1994";"2.30"
"Incidence";"Liguria";"Lung";"15-29";"Female";"1995";"1.20"
"Incidence";"Liguria";"Lung";"15-29";"Female";"1996";"0.00"
"Incidence";"Liguria";"Lung";"15-29";"Female";"1997";"0.00"
"Incidence";"Liguria";"Lung";"15-29";"Female";"1998";"0.00"
"Incidence";"Liguria";"Lung";"15-29";"Female";"1999";"0.00"
"Incidence";"Liguria";"Lung";"15-29";"Female";"2000";"0.00"
"Incidence";"Liguria";"Lung";"15-29";"Female";"2001";"1.56"
"Incidence";"Liguria";"Lung";"15-29";"Female";"2002";"1.64"
"Incidence";"Liguria";"Lung";"15-29";"Female";"2003";"0.00"
"Incidence";"Liguria";"Lung";"15-29";"Female";"2004";"0.00"
"Incidence";"Liguria";"Lung";"15-29";"Female";"2005";"0.00"
"Incidence";"Liguria";"Lung";"15-29";"Female";"2006";"0.00"
"Incidence";"Liguria";"Lung";"15-29";"Female";"2007";"1.90"
"Incidence";"Liguria";"Lung";"15-29";"Female";"2008";"0.00"
"Incidence";"Liguria";"Lung";"15-29";"Female";"2009";"0.00"
"Incidence";"Liguria";"Lung";"15-29";"Female";"2010";"1.92"
"Incidence";"Liguria";"Lung";"15-29";"Female";"2011";"0.00"
"Incidence";"Liguria";"Lung";"15-29";"Female";"2012";"0.00"
"Incidence";"Liguria";"Lung";"15-29";"Female";"2013";"1.90"
"Incidence";"Liguria";"Lung";"15-29";"Female";"2014";"0.00"
"Incidence";"Liguria";"Lung";"15-29";"Female";"2015";"0.00"
"Incidence";"Liguria";"Lung";"15-29";"Female";"2016";"0.00"
"Incidence";"Veneto";"Lung";"15-29";"Male";"1994";"0.00"
"Incidence";"Veneto";"Lung";"15-29";"Male";"1995";"0.00"
"Incidence";"Veneto";"Lung";"15-29";"Male";"1996";"0.47"
"Incidence";"Veneto";"Lung";"15-29";"Male";"1997";"0.48"
"Incidence";"Veneto";"Lung";"15-29";"Male";"1998";"0.90"
"Incidence";"Veneto";"Lung";"15-29";"Male";"1999";"0.00"
"Incidence";"Veneto";"Lung";"15-29";"Male";"2000";"0.96"
"Incidence";"Veneto";"Lung";"15-29";"Male";"2001";"0.99"
"Incidence";"Veneto";"Lung";"15-29";"Male";"2002";"0.51"
"Incidence";"Veneto";"Lung";"15-29";"Male";"2003";"0.53"
"Incidence";"Veneto";"Lung";"15-29";"Male";"2004";"0.54"
"Incidence";"Veneto";"Lung";"15-29";"Male";"2005";"0.55"
"Incidence";"Veneto";"Lung";"15-29";"Male";"2006";"0.00"
"Incidence";"Veneto";"Lung";"15-29";"Male";"2007";"0.00"
"Incidence";"Veneto";"Lung";"15-29";"Male";"2008";"0.00"
"Incidence";"Veneto";"Lung";"15-29";"Male";"2009";"1.06"
"Incidence";"Veneto";"Lung";"15-29";"Male";"2010";"0.53"
"Incidence";"Veneto";"Lung";"15-29";"Male";"2011";"0.00"
"Incidence";"Veneto";"Lung";"15-29";"Male";"2012";"0.54"
"Incidence";"Veneto";"Lung";"15-29";"Male";"2013";"0.87"
"Incidence";"Veneto";"Lung";"15-29";"Male";"2014";"0.84"
"Incidence";"Veneto";"Lung";"15-29";"Male";"2015";"0.56"
"Incidence";"Veneto";"Lung";"15-29";"Male";"2016";"0.56"
"Incidence";"Veneto";"Lung";"15-29";"Male";"2017";"0.00"
"Incidence";"Veneto";"Lung";"15-29";"Male";"2018";"1.10"
"Incidence";"Veneto";"Lung";"15-29";"Male";"2019";"0.27"
"Incidence";"Veneto";"Lung";"15-29";"Male";"2020";"0.00"
"Incidence";"Veneto";"Lung";"15-29";"Male";"2021";"0.27"
"Incidence";"Emilia-Romagna";"Lung";"15-29";"Female";"1994";"0.00"
"Incidence";"Emilia-Romagna";"Lung";"15-29";"Female";"1995";"0.00"
"Incidence";"Emilia-Romagna";"Lung";"15-29";"Female";"1996";"0.00"
"Incidence";"Emilia-Romagna";"Lung";"15-29";"Female";"1997";"0.79"
"Incidence";"Emilia-Romagna";"Lung";"15-29";"Female";"1998";"0.40"
"Incidence";"Emilia-Romagna";"Lung";"15-29";"Female";"1999";"0.41"
"Incidence";"Emilia-Romagna";"Lung";"15-29";"Female";"2000";"0.00"
"Incidence";"Emilia-Romagna";"Lung";"15-29";"Female";"2001";"0.87"
"Incidence";"Emilia-Romagna";"Lung";"15-29";"Female";"2002";"0.00"
"Incidence";"Emilia-Romagna";"Lung";"15-29";"Female";"2003";"0.44"
"Incidence";"Emilia-Romagna";"Lung";"15-29";"Female";"2004";"0.00"
"Incidence";"Emilia-Romagna";"Lung";"15-29";"Female";"2005";"0.46"
"Incidence";"Emilia-Romagna";"Lung";"15-29";"Female";"2006";"0.43"
"Incidence";"Emilia-Romagna";"Lung";"15-29";"Female";"2007";"0.87"
"Incidence";"Emilia-Romagna";"Lung";"15-29";"Female";"2008";"0.86"
"Incidence";"Emilia-Romagna";"Lung";"15-29";"Female";"2009";"0.86"
"Incidence";"Emilia-Romagna";"Lung";"15-29";"Female";"2010";"0.43"
"Incidence";"Emilia-Romagna";"Lung";"15-29";"Female";"2011";"0.42"
"Incidence";"Emilia-Romagna";"Lung";"15-29";"Female";"2012";"0.42"
"Incidence";"Emilia-Romagna";"Lung";"15-29";"Female";"2013";"0.42"
"Incidence";"Emilia-Romagna";"Lung";"15-29";"Female";"2014";"0.00"
"Incidence";"Emilia-Romagna";"Lung";"15-29";"Female";"2015";"0.85"
"Incidence";"Emilia-Romagna";"Lung";"15-29";"Female";"2016";"0.43"
"Incidence";"Emilia-Romagna";"Lung";"15-29";"Female";"2017";"0.00"
"Incidence";"Emilia-Romagna";"Lung";"15-29";"Female";"2018";"0.00"
"Incidence";"Emilia-Romagna";"Lung";"15-29";"Female";"2019";"0.00"
"Incidence";"Emilia-Romagna";"Lung";"15-29";"Female";"2020";"0.00"
"Mortality";"Umbria";"Lung";"15-29";"Male";"1994";"0.00"
"Mortality";"Umbria";"Lung";"15-29";"Male";"1995";"0.00"
"Mortality";"Umbria";"Lung";"15-29";"Male";"1996";"0.00"
"Mortality";"Umbria";"Lung";"15-29";"Male";"1997";"0.00"
"Mortality";"Umbria";"Lung";"15-29";"Male";"1998";"0.00"
"Mortality";"Umbria";"Lung";"15-29";"Male";"1999";"0.00"
"Mortality";"Umbria";"Lung";"15-29";"Male";"2000";"1.35"
"Mortality";"Umbria";"Lung";"15-29";"Male";"2001";"1.37"
"Mortality";"Umbria";"Lung";"15-29";"Male";"2002";"0.00"
"Mortality";"Umbria";"Lung";"15-29";"Male";"2003";"0.00"
"Mortality";"Umbria";"Lung";"15-29";"Male";"2004";"0.00"
"Mortality";"Umbria";"Lung";"15-29";"Male";"2005";"0.00"
"Mortality";"Umbria";"Lung";"15-29";"Male";"2006";"0.00"
"Mortality";"Umbria";"Lung";"15-29";"Male";"2007";"1.47"
"Mortality";"Umbria";"Lung";"15-29";"Male";"2008";"0.00"
"Mortality";"Umbria";"Lung";"15-29";"Male";"2009";"0.00"
"Mortality";"Umbria";"Lung";"15-29";"Male";"2010";"0.00"
"Mortality";"Umbria";"Lung";"15-29";"Male";"2011";"0.00"
"Mortality";"Umbria";"Lung";"15-29";"Male";"2012";"0.00"
"Mortality";"Umbria";"Lung";"15-29";"Male";"2013";"1.54"
"Mortality";"Umbria";"Lung";"15-29";"Male";"2014";"0.00"
"Mortality";"Umbria";"Lung";"15-29";"Male";"2015";"0.00"
"Mortality";"Umbria";"Lung";"15-29";"Male";"2016";"0.00"
"Incidence";"Umbria";"Lung";"15-29";"Female";"1994";"0.00"
"Incidence";"Umbria";"Lung";"15-29";"Female";"1995";"0.00"
"Incidence";"Umbria";"Lung";"15-29";"Female";"1996";"0.00"
"Incidence";"Umbria";"Lung";"15-29";"Female";"1997";"0.00"
"Incidence";"Umbria";"Lung";"15-29";"Female";"1998";"2.68"
"Incidence";"Umbria";"Lung";"15-29";"Female";"1999";"0.00"
"Incidence";"Umbria";"Lung";"15-29";"Female";"2000";"1.39"
"Incidence";"Umbria";"Lung";"15-29";"Female";"2001";"0.00"
"Incidence";"Umbria";"Lung";"15-29";"Female";"2002";"0.00"
"Incidence";"Umbria";"Lung";"15-29";"Female";"2003";"0.00"
"Incidence";"Umbria";"Lung";"15-29";"Female";"2004";"0.00"
"Incidence";"Umbria";"Lung";"15-29";"Female";"2005";"0.00"
"Incidence";"Umbria";"Lung";"15-29";"Female";"2006";"0.00"
"Incidence";"Umbria";"Lung";"15-29";"Female";"2007";"3.06"
"Incidence";"Umbria";"Lung";"15-29";"Female";"2008";"0.00"
"Incidence";"Umbria";"Lung";"15-29";"Female";"2009";"0.00"
"Incidence";"Umbria";"Lung";"15-29";"Female";"2010";"0.00"
"Incidence";"Umbria";"Lung";"15-29";"Female";"2011";"0.00"
"Incidence";"Umbria";"Lung";"15-29";"Female";"2012";"0.00"
"Incidence";"Umbria";"Lung";"15-29";"Female";"2013";"0.00"
"Incidence";"Umbria";"Lung";"15-29";"Female";"2014";"0.00"
"Incidence";"Umbria";"Lung";"15-29";"Female";"2015";"0.00"
"Incidence";"Umbria";"Lung";"15-29";"Female";"2016";"0.00"
"Incidence";"Veneto";"Lung";"15-29";"Female";"1994";"0.46"
"Incidence";"Veneto";"Lung";"15-29";"Female";"1995";"0.47"
"Incidence";"Veneto";"Lung";"15-29";"Female";"1996";"0.98"
"Incidence";"Veneto";"Lung";"15-29";"Female";"1997";"0.00"
"Incidence";"Veneto";"Lung";"15-29";"Female";"1998";"1.40"
"Incidence";"Veneto";"Lung";"15-29";"Female";"1999";"0.96"
"Incidence";"Veneto";"Lung";"15-29";"Female";"2000";"1.00"
"Incidence";"Veneto";"Lung";"15-29";"Female";"2001";"0.00"
"Incidence";"Veneto";"Lung";"15-29";"Female";"2002";"0.00"
"Incidence";"Veneto";"Lung";"15-29";"Female";"2003";"0.55"
"Incidence";"Veneto";"Lung";"15-29";"Female";"2004";"0.56"
"Incidence";"Veneto";"Lung";"15-29";"Female";"2005";"0.00"
"Incidence";"Veneto";"Lung";"15-29";"Female";"2006";"0.59"
"Incidence";"Veneto";"Lung";"15-29";"Female";"2007";"0.00"
"Incidence";"Veneto";"Lung";"15-29";"Female";"2008";"1.09"
"Incidence";"Veneto";"Lung";"15-29";"Female";"2009";"0.00"
"Incidence";"Veneto";"Lung";"15-29";"Female";"2010";"0.55"
"Incidence";"Veneto";"Lung";"15-29";"Female";"2011";"0.00"
"Incidence";"Veneto";"Lung";"15-29";"Female";"2012";"0.00"
"Incidence";"Veneto";"Lung";"15-29";"Female";"2013";"0.30"
"Incidence";"Veneto";"Lung";"15-29";"Female";"2014";"0.29"
"Incidence";"Veneto";"Lung";"15-29";"Female";"2015";"0.00"
"Incidence";"Veneto";"Lung";"15-29";"Female";"2016";"0.58"
"Incidence";"Veneto";"Lung";"15-29";"Female";"2017";"0.87"
"Incidence";"Veneto";"Lung";"15-29";"Female";"2018";"0.00"
"Incidence";"Veneto";"Lung";"15-29";"Female";"2019";"0.58"
"Incidence";"Veneto";"Lung";"15-29";"Female";"2020";"0.29"
"Incidence";"Veneto";"Lung";"15-29";"Female";"2021";"0.29"
"Incidence";"Ragusa";"Lung";"15-29";"Female";"1994";"0.00"
"Incidence";"Ragusa";"Lung";"15-29";"Female";"1995";"0.00"
"Incidence";"Ragusa";"Lung";"15-29";"Female";"1996";"0.00"
"Incidence";"Ragusa";"Lung";"15-29";"Female";"1997";"0.00"
"Incidence";"Ragusa";"Lung";"15-29";"Female";"1998";"0.00"
"Incidence";"Ragusa";"Lung";"15-29";"Female";"1999";"0.00"
"Incidence";"Ragusa";"Lung";"15-29";"Female";"2000";"0.00"
"Incidence";"Ragusa";"Lung";"15-29";"Female";"2001";"0.00"
"Incidence";"Ragusa";"Lung";"15-29";"Female";"2002";"0.00"
"Incidence";"Ragusa";"Lung";"15-29";"Female";"2003";"0.00"
"Incidence";"Ragusa";"Lung";"15-29";"Female";"2004";"0.00"
"Incidence";"Ragusa";"Lung";"15-29";"Female";"2005";"0.00"
"Incidence";"Ragusa";"Lung";"15-29";"Female";"2006";"0.00"
"Incidence";"Ragusa";"Lung";"15-29";"Female";"2007";"0.00"
"Incidence";"Ragusa";"Lung";"15-29";"Female";"2008";"0.00"
"Incidence";"Ragusa";"Lung";"15-29";"Female";"2009";"0.00"
"Incidence";"Ragusa";"Lung";"15-29";"Female";"2010";"0.00"
"Incidence";"Ragusa";"Lung";"15-29";"Female";"2011";"1.81"
"Incidence";"Ragusa";"Lung";"15-29";"Female";"2012";"1.88"
"Incidence";"Ragusa";"Lung";"15-29";"Female";"2013";"1.89"
"Incidence";"Ragusa";"Lung";"15-29";"Female";"2014";"0.00"
"Incidence";"Ragusa";"Lung";"15-29";"Female";"2015";"1.90"
"Incidence";"Ragusa";"Lung";"15-29";"Female";"2016";"0.00"
"Incidence";"Ragusa";"Lung";"15-29";"Female";"2017";"0.00"
"Incidence";"Insubria-Varese";"Lung";"15-29";"Female";"1994";"0.00"
"Incidence";"Insubria-Varese";"Lung";"15-29";"Female";"1995";"0.00"
"Incidence";"Insubria-Varese";"Lung";"15-29";"Female";"1996";"0.00"
"Incidence";"Insubria-Varese";"Lung";"15-29";"Female";"1997";"0.00"
"Incidence";"Insubria-Varese";"Lung";"15-29";"Female";"1998";"0.00"
"Incidence";"Insubria-Varese";"Lung";"15-29";"Female";"1999";"0.00"
"Incidence";"Insubria-Varese";"Lung";"15-29";"Female";"2000";"0.00"
"Incidence";"Insubria-Varese";"Lung";"15-29";"Female";"2001";"1.38"
"Incidence";"Insubria-Varese";"Lung";"15-29";"Female";"2002";"0.00"
"Incidence";"Insubria-Varese";"Lung";"15-29";"Female";"2003";"1.47"
"Incidence";"Insubria-Varese";"Lung";"15-29";"Female";"2004";"0.00"
"Incidence";"Insubria-Varese";"Lung";"15-29";"Female";"2005";"0.00"
"Incidence";"Insubria-Varese";"Lung";"15-29";"Female";"2006";"0.00"
"Incidence";"Insubria-Varese";"Lung";"15-29";"Female";"2007";"1.58"
"Incidence";"Insubria-Varese";"Lung";"15-29";"Female";"2008";"0.00"
"Incidence";"Insubria-Varese";"Lung";"15-29";"Female";"2009";"0.00"
"Incidence";"Insubria-Varese";"Lung";"15-29";"Female";"2010";"0.00"
"Incidence";"Insubria-Varese";"Lung";"15-29";"Female";"2011";"0.00"
"Incidence";"Insubria-Varese";"Lung";"15-29";"Female";"2012";"1.62"
"Incidence";"Insubria-Varese";"Lung";"15-29";"Female";"2013";"0.00"
"Incidence";"Insubria-Varese";"Lung";"15-29";"Female";"2014";"0.00"
"Incidence";"Insubria-Varese";"Lung";"15-29";"Female";"2015";"0.00"
"Incidence";"Umbria";"Lung";"30-44";"Female";"1994";"3.63"
"Incidence";"Umbria";"Lung";"30-44";"Female";"1995";"2.40"
"Incidence";"Umbria";"Lung";"30-44";"Female";"1996";"7.11"
"Incidence";"Umbria";"Lung";"30-44";"Female";"1997";"4.68"
"Incidence";"Umbria";"Lung";"30-44";"Female";"1998";"4.63"
"Incidence";"Umbria";"Lung";"30-44";"Female";"1999";"2.29"
"Incidence";"Umbria";"Lung";"30-44";"Female";"2000";"0.00"
"Incidence";"Umbria";"Lung";"30-44";"Female";"2001";"2.24"
"Incidence";"Umbria";"Lung";"30-44";"Female";"2002";"1.11"
"Incidence";"Umbria";"Lung";"30-44";"Female";"2003";"0.00"
"Incidence";"Umbria";"Lung";"30-44";"Female";"2004";"3.15"
"Incidence";"Umbria";"Lung";"30-44";"Female";"2005";"2.05"
"Incidence";"Umbria";"Lung";"30-44";"Female";"2006";"4.03"
"Incidence";"Umbria";"Lung";"30-44";"Female";"2007";"4.02"
"Incidence";"Umbria";"Lung";"30-44";"Female";"2008";"2.96"
"Incidence";"Umbria";"Lung";"30-44";"Female";"2009";"2.94"
"Incidence";"Umbria";"Lung";"30-44";"Female";"2010";"0.99"
"Incidence";"Umbria";"Lung";"30-44";"Female";"2011";"4.96"
"Incidence";"Umbria";"Lung";"30-44";"Female";"2012";"3.13"
"Incidence";"Umbria";"Lung";"30-44";"Female";"2013";"3.16"
"Incidence";"Umbria";"Lung";"30-44";"Female";"2014";"3.18"
"Incidence";"Umbria";"Lung";"30-44";"Female";"2015";"3.26"
"Incidence";"Umbria";"Lung";"30-44";"Female";"2016";"3.32"
"Incidence";"Liguria";"Lung";"30-44";"Female";"1994";"2.18"
"Incidence";"Liguria";"Lung";"30-44";"Female";"1995";"2.17"
"Incidence";"Liguria";"Lung";"30-44";"Female";"1996";"3.23"
"Incidence";"Liguria";"Lung";"30-44";"Female";"1997";"3.20"
"Incidence";"Liguria";"Lung";"30-44";"Female";"1998";"6.35"
"Incidence";"Liguria";"Lung";"30-44";"Female";"1999";"4.21"
"Incidence";"Liguria";"Lung";"30-44";"Female";"2000";"0.00"
"Incidence";"Liguria";"Lung";"30-44";"Female";"2001";"3.12"
"Incidence";"Liguria";"Lung";"30-44";"Female";"2002";"5.18"
"Incidence";"Liguria";"Lung";"30-44";"Female";"2003";"4.12"
"Incidence";"Liguria";"Lung";"30-44";"Female";"2004";"3.05"
"Incidence";"Liguria";"Lung";"30-44";"Female";"2005";"5.02"
"Incidence";"Liguria";"Lung";"30-44";"Female";"2006";"6.06"
"Incidence";"Liguria";"Lung";"30-44";"Female";"2007";"10.21"
"Incidence";"Liguria";"Lung";"30-44";"Female";"2008";"7.27"
"Incidence";"Liguria";"Lung";"30-44";"Female";"2009";"5.29"
"Incidence";"Liguria";"Lung";"30-44";"Female";"2010";"7.61"
"Incidence";"Liguria";"Lung";"30-44";"Female";"2011";"6.70"
"Incidence";"Liguria";"Lung";"30-44";"Female";"2012";"2.30"
"Incidence";"Liguria";"Lung";"30-44";"Female";"2013";"3.55"
"Incidence";"Liguria";"Lung";"30-44";"Female";"2014";"4.89"
"Incidence";"Liguria";"Lung";"30-44";"Female";"2015";"6.38"
"Incidence";"Liguria";"Lung";"30-44";"Female";"2016";"2.65"
"Incidence";"Ragusa";"Lung";"30-44";"Female";"1994";"0.00"
"Incidence";"Ragusa";"Lung";"30-44";"Female";"1995";"0.00"
"Incidence";"Ragusa";"Lung";"30-44";"Female";"1996";"3.19"
"Incidence";"Ragusa";"Lung";"30-44";"Female";"1997";"3.12"
"Incidence";"Ragusa";"Lung";"30-44";"Female";"1998";"0.00"
"Incidence";"Ragusa";"Lung";"30-44";"Female";"1999";"0.00"
"Incidence";"Ragusa";"Lung";"30-44";"Female";"2000";"6.04"
"Incidence";"Ragusa";"Lung";"30-44";"Female";"2001";"0.00"
"Incidence";"Ragusa";"Lung";"30-44";"Female";"2002";"3.08"
"Incidence";"Ragusa";"Lung";"30-44";"Female";"2003";"0.00"
"Incidence";"Ragusa";"Lung";"30-44";"Female";"2004";"0.00"
"Incidence";"Ragusa";"Lung";"30-44";"Female";"2005";"0.00"
"Incidence";"Ragusa";"Lung";"30-44";"Female";"2006";"2.90"
"Incidence";"Ragusa";"Lung";"30-44";"Female";"2007";"3.08"
"Incidence";"Ragusa";"Lung";"30-44";"Female";"2008";"0.00"
"Incidence";"Ragusa";"Lung";"30-44";"Female";"2009";"3.09"
"Incidence";"Ragusa";"Lung";"30-44";"Female";"2010";"1.56"
"Incidence";"Ragusa";"Lung";"30-44";"Female";"2011";"1.56"
"Incidence";"Ragusa";"Lung";"30-44";"Female";"2012";"6.43"
"Incidence";"Ragusa";"Lung";"30-44";"Female";"2013";"0.00"
"Incidence";"Ragusa";"Lung";"30-44";"Female";"2014";"0.00"
"Incidence";"Ragusa";"Lung";"30-44";"Female";"2015";"3.29"
"Incidence";"Ragusa";"Lung";"30-44";"Female";"2016";"3.36"
"Incidence";"Ragusa";"Lung";"30-44";"Female";"2017";"0.00"
"Incidence";"Insubria-Varese";"Lung";"30-44";"Female";"1994";"4.58"
"Incidence";"Insubria-Varese";"Lung";"30-44";"Female";"1995";"1.13"
"Incidence";"Insubria-Varese";"Lung";"30-44";"Female";"1996";"7.82"
"Incidence";"Insubria-Varese";"Lung";"30-44";"Female";"1997";"4.40"
"Incidence";"Insubria-Varese";"Lung";"30-44";"Female";"1998";"3.26"
"Incidence";"Insubria-Varese";"Lung";"30-44";"Female";"1999";"3.22"
"Incidence";"Insubria-Varese";"Lung";"30-44";"Female";"2000";"5.30"
"Incidence";"Insubria-Varese";"Lung";"30-44";"Female";"2001";"4.20"
"Incidence";"Insubria-Varese";"Lung";"30-44";"Female";"2002";"2.07"
"Incidence";"Insubria-Varese";"Lung";"30-44";"Female";"2003";"3.06"
"Incidence";"Insubria-Varese";"Lung";"30-44";"Female";"2004";"5.00"
"Incidence";"Insubria-Varese";"Lung";"30-44";"Female";"2005";"1.97"
"Incidence";"Insubria-Varese";"Lung";"30-44";"Female";"2006";"5.87"
"Incidence";"Insubria-Varese";"Lung";"30-44";"Female";"2007";"3.90"
"Incidence";"Insubria-Varese";"Lung";"30-44";"Female";"2008";"0.97"
"Incidence";"Insubria-Varese";"Lung";"30-44";"Female";"2009";"3.90"
"Incidence";"Insubria-Varese";"Lung";"30-44";"Female";"2010";"2.97"
"Incidence";"Insubria-Varese";"Lung";"30-44";"Female";"2011";"4.02"
"Incidence";"Insubria-Varese";"Lung";"30-44";"Female";"2012";"1.03"
"Incidence";"Insubria-Varese";"Lung";"30-44";"Female";"2013";"3.12"
"Incidence";"Insubria-Varese";"Lung";"30-44";"Female";"2014";"2.12"
"Incidence";"Insubria-Varese";"Lung";"30-44";"Female";"2015";"6.54"
"Incidence";"Umbria";"Lung";"30-44";"Male";"1994";"8.47"
"Incidence";"Umbria";"Lung";"30-44";"Male";"1995";"8.38"
"Incidence";"Umbria";"Lung";"30-44";"Male";"1996";"3.55"
"Incidence";"Umbria";"Lung";"30-44";"Male";"1997";"9.34"
"Incidence";"Umbria";"Lung";"30-44";"Male";"1998";"8.08"
"Incidence";"Umbria";"Lung";"30-44";"Male";"1999";"5.71"
"Incidence";"Umbria";"Lung";"30-44";"Male";"2000";"5.63"
"Incidence";"Umbria";"Lung";"30-44";"Male";"2001";"6.68"
"Incidence";"Umbria";"Lung";"30-44";"Male";"2002";"8.78"
"Incidence";"Umbria";"Lung";"30-44";"Male";"2003";"4.29"
"Incidence";"Umbria";"Lung";"30-44";"Male";"2004";"8.31"
"Incidence";"Umbria";"Lung";"30-44";"Male";"2005";"4.06"
"Incidence";"Umbria";"Lung";"30-44";"Male";"2006";"2.00"
"Incidence";"Umbria";"Lung";"30-44";"Male";"2007";"3.99"
"Incidence";"Umbria";"Lung";"30-44";"Male";"2008";"6.93"
"Incidence";"Umbria";"Lung";"30-44";"Male";"2009";"3.95"
"Incidence";"Umbria";"Lung";"30-44";"Male";"2010";"3.98"
"Incidence";"Umbria";"Lung";"30-44";"Male";"2011";"6.04"
"Incidence";"Umbria";"Lung";"30-44";"Male";"2012";"2.14"
"Incidence";"Umbria";"Lung";"30-44";"Male";"2013";"2.15"
"Incidence";"Umbria";"Lung";"30-44";"Male";"2014";"4.34"
"Incidence";"Umbria";"Lung";"30-44";"Male";"2015";"1.11"
"Incidence";"Umbria";"Lung";"30-44";"Male";"2016";"4.55"
"Mortality";"Liguria";"Lung";"30-44";"Male";"1994";"1.08"
"Mortality";"Liguria";"Lung";"30-44";"Male";"1995";"9.70"
"Mortality";"Liguria";"Lung";"30-44";"Male";"1996";"4.28"
"Mortality";"Liguria";"Lung";"30-44";"Male";"1997";"3.17"
"Mortality";"Liguria";"Lung";"30-44";"Male";"1998";"2.11"
"Mortality";"Liguria";"Lung";"30-44";"Male";"1999";"3.15"
"Mortality";"Liguria";"Lung";"30-44";"Male";"2000";"4.18"
"Mortality";"Liguria";"Lung";"30-44";"Male";"2001";"5.21"
"Mortality";"Liguria";"Lung";"30-44";"Male";"2002";"5.20"
"Mortality";"Liguria";"Lung";"30-44";"Male";"2003";"1.04"
"Mortality";"Liguria";"Lung";"30-44";"Male";"2004";"2.05"
"Mortality";"Liguria";"Lung";"30-44";"Male";"2005";"4.07"
"Mortality";"Liguria";"Lung";"30-44";"Male";"2006";"1.02"
"Mortality";"Liguria";"Lung";"30-44";"Male";"2007";"3.11"
"Mortality";"Liguria";"Lung";"30-44";"Male";"2008";"4.24"
"Mortality";"Liguria";"Lung";"30-44";"Male";"2009";"4.33"
"Mortality";"Liguria";"Lung";"30-44";"Male";"2010";"5.59"
"Mortality";"Liguria";"Lung";"30-44";"Male";"2011";"3.46"
"Mortality";"Liguria";"Lung";"30-44";"Male";"2012";"1.19"
"Mortality";"Liguria";"Lung";"30-44";"Male";"2013";"0.00"
"Mortality";"Liguria";"Lung";"30-44";"Male";"2014";"0.00"
"Mortality";"Liguria";"Lung";"30-44";"Male";"2015";"0.00"
"Incidence";"Ragusa";"Lung";"30-44";"Male";"1994";"0.00"
"Incidence";"Ragusa";"Lung";"30-44";"Male";"1995";"13.15"
"Incidence";"Ragusa";"Lung";"30-44";"Male";"1996";"0.00"
"Incidence";"Ragusa";"Lung";"30-44";"Male";"1997";"12.31"
"Incidence";"Ragusa";"Lung";"30-44";"Male";"1998";"9.01"
"Incidence";"Ragusa";"Lung";"30-44";"Male";"1999";"11.90"
"Incidence";"Ragusa";"Lung";"30-44";"Male";"2000";"8.77"
"Incidence";"Ragusa";"Lung";"30-44";"Male";"2001";"8.77"
"Incidence";"Ragusa";"Lung";"30-44";"Male";"2002";"3.09"
"Incidence";"Ragusa";"Lung";"30-44";"Male";"2003";"3.03"
"Incidence";"Ragusa";"Lung";"30-44";"Male";"2004";"11.57"
"Incidence";"Ragusa";"Lung";"30-44";"Male";"2005";"8.43"
"Incidence";"Ragusa";"Lung";"30-44";"Male";"2006";"0.00"
"Incidence";"Ragusa";"Lung";"30-44";"Male";"2007";"3.10"
"Incidence";"Ragusa";"Lung";"30-44";"Male";"2008";"3.10"
"Incidence";"Ragusa";"Lung";"30-44";"Male";"2009";"9.33"
"Incidence";"Ragusa";"Lung";"30-44";"Male";"2010";"7.82"
"Incidence";"Ragusa";"Lung";"30-44";"Male";"2011";"6.26"
"Incidence";"Ragusa";"Lung";"30-44";"Male";"2012";"6.50"
"Incidence";"Ragusa";"Lung";"30-44";"Male";"2013";"1.64"
"Incidence";"Ragusa";"Lung";"30-44";"Male";"2014";"4.82"
"Incidence";"Ragusa";"Lung";"30-44";"Male";"2015";"0.00"
"Incidence";"Ragusa";"Lung";"30-44";"Male";"2016";"4.88"
"Incidence";"Ragusa";"Lung";"30-44";"Male";"2017";"1.64"
"Incidence";"Veneto";"Lung";"30-44";"Male";"1994";"6.43"
"Incidence";"Veneto";"Lung";"30-44";"Male";"1995";"6.77"
"Incidence";"Veneto";"Lung";"30-44";"Male";"1996";"9.76"
"Incidence";"Veneto";"Lung";"30-44";"Male";"1997";"6.51"
"Incidence";"Veneto";"Lung";"30-44";"Male";"1998";"3.85"
"Incidence";"Veneto";"Lung";"30-44";"Male";"1999";"8.32"
"Incidence";"Veneto";"Lung";"30-44";"Male";"2000";"4.45"
"Incidence";"Veneto";"Lung";"30-44";"Male";"2001";"4.02"
"Incidence";"Veneto";"Lung";"30-44";"Male";"2002";"4.68"
"Incidence";"Veneto";"Lung";"30-44";"Male";"2003";"3.90"
"Incidence";"Veneto";"Lung";"30-44";"Male";"2004";"5.55"
"Incidence";"Veneto";"Lung";"30-44";"Male";"2005";"4.43"
"Incidence";"Veneto";"Lung";"30-44";"Male";"2006";"4.42"
"Incidence";"Veneto";"Lung";"30-44";"Male";"2007";"3.42"
"Incidence";"Veneto";"Lung";"30-44";"Male";"2008";"1.25"
"Incidence";"Veneto";"Lung";"30-44";"Male";"2009";"1.89"
"Incidence";"Veneto";"Lung";"30-44";"Male";"2010";"2.27"
"Incidence";"Veneto";"Lung";"30-44";"Male";"2011";"3.68"
"Incidence";"Veneto";"Lung";"30-44";"Male";"2012";"3.12"
"Incidence";"Veneto";"Lung";"30-44";"Male";"2013";"3.46"
"Incidence";"Veneto";"Lung";"30-44";"Male";"2014";"3.21"
"Incidence";"Veneto";"Lung";"30-44";"Male";"2015";"1.95"
"Incidence";"Veneto";"Lung";"30-44";"Male";"2016";"2.42"
"Incidence";"Veneto";"Lung";"30-44";"Male";"2017";"3.13"
"Incidence";"Veneto";"Lung";"30-44";"Male";"2018";"2.37"
"Incidence";"Veneto";"Lung";"30-44";"Male";"2019";"3.31"
"Incidence";"Veneto";"Lung";"30-44";"Male";"2020";"2.09"
"Incidence";"Veneto";"Lung";"30-44";"Male";"2021";"4.06"
"Mortality";"Umbria";"Lung";"30-44";"Female";"1994";"2.42"
"Mortality";"Umbria";"Lung";"30-44";"Female";"1995";"2.40"
"Mortality";"Umbria";"Lung";"30-44";"Female";"1996";"1.18"
"Mortality";"Umbria";"Lung";"30-44";"Female";"1997";"1.17"
"Mortality";"Umbria";"Lung";"30-44";"Female";"1998";"2.31"
"Mortality";"Umbria";"Lung";"30-44";"Female";"1999";"3.43"
"Mortality";"Umbria";"Lung";"30-44";"Female";"2000";"1.13"
"Mortality";"Umbria";"Lung";"30-44";"Female";"2001";"0.00"
"Mortality";"Umbria";"Lung";"30-44";"Female";"2002";"2.22"
"Mortality";"Umbria";"Lung";"30-44";"Female";"2003";"1.08"
"Mortality";"Umbria";"Lung";"30-44";"Female";"2004";"1.05"
"Mortality";"Umbria";"Lung";"30-44";"Female";"2005";"1.02"
"Mortality";"Umbria";"Lung";"30-44";"Female";"2006";"0.00"
"Mortality";"Umbria";"Lung";"30-44";"Female";"2007";"5.03"
"Mortality";"Umbria";"Lung";"30-44";"Female";"2008";"0.99"
"Mortality";"Umbria";"Lung";"30-44";"Female";"2009";"2.94"
"Mortality";"Umbria";"Lung";"30-44";"Female";"2010";"1.97"
"Mortality";"Umbria";"Lung";"30-44";"Female";"2011";"0.00"
"Mortality";"Umbria";"Lung";"30-44";"Female";"2012";"2.09"
"Mortality";"Umbria";"Lung";"30-44";"Female";"2013";"2.11"
"Mortality";"Umbria";"Lung";"30-44";"Female";"2014";"3.18"
"Mortality";"Umbria";"Lung";"30-44";"Female";"2015";"1.09"
"Mortality";"Umbria";"Lung";"30-44";"Female";"2016";"2.22"
"Incidence";"Veneto";"Lung";"30-44";"Female";"1994";"2.36"
"Incidence";"Veneto";"Lung";"30-44";"Female";"1995";"6.05"
"Incidence";"Veneto";"Lung";"30-44";"Female";"1996";"2.75"
"Incidence";"Veneto";"Lung";"30-44";"Female";"1997";"4.95"
"Incidence";"Veneto";"Lung";"30-44";"Female";"1998";"2.39"
"Incidence";"Veneto";"Lung";"30-44";"Female";"1999";"5.48"
"Incidence";"Veneto";"Lung";"30-44";"Female";"2000";"3.09"
"Incidence";"Veneto";"Lung";"30-44";"Female";"2001";"2.67"
"Incidence";"Veneto";"Lung";"30-44";"Female";"2002";"3.01"
"Incidence";"Veneto";"Lung";"30-44";"Female";"2003";"4.07"
"Incidence";"Veneto";"Lung";"30-44";"Female";"2004";"3.61"
"Incidence";"Veneto";"Lung";"30-44";"Female";"2005";"0.00"
"Incidence";"Veneto";"Lung";"30-44";"Female";"2006";"3.91"
"Incidence";"Veneto";"Lung";"30-44";"Female";"2007";"1.78"
"Incidence";"Veneto";"Lung";"30-44";"Female";"2008";"2.27"
"Incidence";"Veneto";"Lung";"30-44";"Female";"2009";"2.60"
"Incidence";"Veneto";"Lung";"30-44";"Female";"2010";"2.99"
"Incidence";"Veneto";"Lung";"30-44";"Female";"2011";"2.04"
"Incidence";"Veneto";"Lung";"30-44";"Female";"2012";"2.10"
"Incidence";"Veneto";"Lung";"30-44";"Female";"2013";"2.93"
"Incidence";"Veneto";"Lung";"30-44";"Female";"2014";"3.06"
"Incidence";"Veneto";"Lung";"30-44";"Female";"2015";"2.76"
"Incidence";"Veneto";"Lung";"30-44";"Female";"2016";"2.85"
"Incidence";"Veneto";"Lung";"30-44";"Female";"2017";"3.58"
"Incidence";"Veneto";"Lung";"30-44";"Female";"2018";"3.47"
"Incidence";"Veneto";"Lung";"30-44";"Female";"2019";"4.01"
"Incidence";"Veneto";"Lung";"30-44";"Female";"2020";"3.07"
"Incidence";"Veneto";"Lung";"30-44";"Female";"2021";"3.64"
"Mortality";"Insubria-Varese";"Lung";"30-44";"Female";"1994";"4.58"
"Mortality";"Insubria-Varese";"Lung";"30-44";"Female";"1995";"0.00"
"Mortality";"Insubria-Varese";"Lung";"30-44";"Female";"1996";"2.23"
"Mortality";"Insubria-Varese";"Lung";"30-44";"Female";"1997";"4.40"
"Mortality";"Insubria-Varese";"Lung";"30-44";"Female";"1998";"5.43"
"Mortality";"Insubria-Varese";"Lung";"30-44";"Female";"1999";"3.22"
"Mortality";"Insubria-Varese";"Lung";"30-44";"Female";"2000";"2.12"
"Mortality";"Insubria-Varese";"Lung";"30-44";"Female";"2001";"3.15"
"Mortality";"Insubria-Varese";"Lung";"30-44";"Female";"2002";"2.07"
"Mortality";"Insubria-Varese";"Lung";"30-44";"Female";"2003";"4.08"
"Mortality";"Insubria-Varese";"Lung";"30-44";"Female";"2004";"2.00"
"Mortality";"Insubria-Varese";"Lung";"30-44";"Female";"2005";"1.97"
"Mortality";"Insubria-Varese";"Lung";"30-44";"Female";"2006";"0.00"
"Mortality";"Insubria-Varese";"Lung";"30-44";"Female";"2007";"4.87"
"Mortality";"Insubria-Varese";"Lung";"30-44";"Female";"2008";"1.94"
"Mortality";"Insubria-Varese";"Lung";"30-44";"Female";"2009";"1.95"
"Mortality";"Insubria-Varese";"Lung";"30-44";"Female";"2010";"0.99"
"Mortality";"Insubria-Varese";"Lung";"30-44";"Female";"2011";"4.02"
"Mortality";"Insubria-Varese";"Lung";"30-44";"Female";"2012";"1.03"
"Mortality";"Insubria-Varese";"Lung";"30-44";"Female";"2013";"1.04"
"Mortality";"Insubria-Varese";"Lung";"30-44";"Female";"2014";"1.06"
"Mortality";"Insubria-Varese";"Lung";"30-44";"Female";"2015";"3.27"
"Incidence";"Sassari";"Lung";"30-44";"Male";"1994";"3.91"
"Incidence";"Sassari";"Lung";"30-44";"Male";"1995";"9.65"
"Incidence";"Sassari";"Lung";"30-44";"Male";"1996";"9.54"
"Incidence";"Sassari";"Lung";"30-44";"Male";"1997";"17.04"
"Incidence";"Sassari";"Lung";"30-44";"Male";"1998";"5.65"
"Incidence";"Sassari";"Lung";"30-44";"Male";"1999";"7.48"
"Incidence";"Sassari";"Lung";"30-44";"Male";"2000";"0.00"
"Incidence";"Sassari";"Lung";"30-44";"Male";"2001";"5.55"
"Incidence";"Sassari";"Lung";"30-44";"Male";"2002";"3.65"
"Incidence";"Sassari";"Lung";"30-44";"Male";"2003";"3.60"
"Incidence";"Sassari";"Lung";"30-44";"Male";"2004";"1.77"
"Incidence";"Sassari";"Lung";"30-44";"Male";"2005";"3.48"
"Incidence";"Sassari";"Lung";"30-44";"Male";"2006";"8.61"
"Incidence";"Sassari";"Lung";"30-44";"Male";"2007";"1.71"
"Incidence";"Sassari";"Lung";"30-44";"Male";"2008";"5.09"
"Incidence";"Sassari";"Lung";"30-44";"Male";"2009";"0.00"
"Incidence";"Sassari";"Lung";"30-44";"Male";"2010";"3.44"
"Incidence";"Sassari";"Lung";"30-44";"Male";"2011";"5.23"
"Incidence";"Sassari";"Lung";"30-44";"Male";"2012";"5.30"
"Incidence";"Sassari";"Lung";"30-44";"Male";"2013";"7.15"
"Incidence";"Sassari";"Lung";"30-44";"Male";"2014";"7.25"
"Incidence";"Sassari";"Lung";"30-44";"Male";"2015";"1.85"
"Incidence";"Sassari";"Lung";"30-44";"Female";"1994";"0.00"
"Incidence";"Sassari";"Lung";"30-44";"Female";"1995";"1.93"
"Incidence";"Sassari";"Lung";"30-44";"Female";"1996";"1.91"
"Incidence";"Sassari";"Lung";"30-44";"Female";"1997";"1.89"
"Incidence";"Sassari";"Lung";"30-44";"Female";"1998";"1.87"
"Incidence";"Sassari";"Lung";"30-44";"Female";"1999";"5.56"
"Incidence";"Sassari";"Lung";"30-44";"Female";"2000";"3.69"
"Incidence";"Sassari";"Lung";"30-44";"Female";"2001";"5.49"
"Incidence";"Sassari";"Lung";"30-44";"Female";"2002";"1.80"
"Incidence";"Sassari";"Lung";"30-44";"Female";"2003";"7.11"
"Incidence";"Sassari";"Lung";"30-44";"Female";"2004";"1.75"
"Incidence";"Sassari";"Lung";"30-44";"Female";"2005";"3.47"
"Incidence";"Sassari";"Lung";"30-44";"Female";"2006";"6.90"
"Incidence";"Sassari";"Lung";"30-44";"Female";"2007";"3.44"
"Incidence";"Sassari";"Lung";"30-44";"Female";"2008";"6.83"
"Incidence";"Sassari";"Lung";"30-44";"Female";"2009";"0.00"
"Incidence";"Sassari";"Lung";"30-44";"Female";"2010";"10.36"
"Incidence";"Sassari";"Lung";"30-44";"Female";"2011";"0.00"
"Incidence";"Sassari";"Lung";"30-44";"Female";"2012";"8.94"
"Incidence";"Sassari";"Lung";"30-44";"Female";"2013";"1.82"
"Incidence";"Sassari";"Lung";"30-44";"Female";"2014";"1.85"
"Incidence";"Sassari";"Lung";"30-44";"Female";"2015";"1.89"
"Mortality";"Liguria";"Lung";"30-44";"Female";"1994";"3.26"
"Mortality";"Liguria";"Lung";"30-44";"Female";"1995";"0.00"
"Mortality";"Liguria";"Lung";"30-44";"Female";"1996";"4.31"
"Mortality";"Liguria";"Lung";"30-44";"Female";"1997";"0.00"
"Mortality";"Liguria";"Lung";"30-44";"Female";"1998";"5.29"
"Mortality";"Liguria";"Lung";"30-44";"Female";"1999";"1.05"
"Mortality";"Liguria";"Lung";"30-44";"Female";"2000";"2.10"
"Mortality";"Liguria";"Lung";"30-44";"Female";"2001";"2.08"
"Mortality";"Liguria";"Lung";"30-44";"Female";"2002";"2.07"
"Mortality";"Liguria";"Lung";"30-44";"Female";"2003";"2.06"
"Mortality";"Liguria";"Lung";"30-44";"Female";"2004";"3.05"
"Mortality";"Liguria";"Lung";"30-44";"Female";"2005";"1.00"
"Mortality";"Liguria";"Lung";"30-44";"Female";"2006";"0.00"
"Mortality";"Liguria";"Lung";"30-44";"Female";"2007";"0.00"
"Mortality";"Liguria";"Lung";"30-44";"Female";"2008";"9.35"
"Mortality";"Liguria";"Lung";"30-44";"Female";"2009";"5.29"
"Mortality";"Liguria";"Lung";"30-44";"Female";"2010";"5.44"
"Mortality";"Liguria";"Lung";"30-44";"Female";"2011";"2.23"
"Mortality";"Liguria";"Lung";"30-44";"Female";"2012";"4.60"
"Mortality";"Liguria";"Lung";"30-44";"Female";"2013";"1.18"
"Mortality";"Liguria";"Lung";"30-44";"Female";"2014";"1.22"
"Mortality";"Liguria";"Lung";"30-44";"Female";"2015";"2.55"
"Mortality";"Insubria-Varese";"Lung";"30-44";"Male";"1994";"5.70"
"Mortality";"Insubria-Varese";"Lung";"30-44";"Male";"1995";"2.25"
"Mortality";"Insubria-Varese";"Lung";"30-44";"Male";"1996";"7.76"
"Mortality";"Insubria-Varese";"Lung";"30-44";"Male";"1997";"5.45"
"Mortality";"Insubria-Varese";"Lung";"30-44";"Male";"1998";"1.07"
"Mortality";"Insubria-Varese";"Lung";"30-44";"Male";"1999";"3.18"
"Mortality";"Insubria-Varese";"Lung";"30-44";"Male";"2000";"10.44"
"Mortality";"Insubria-Varese";"Lung";"30-44";"Male";"2001";"7.21"
"Mortality";"Insubria-Varese";"Lung";"30-44";"Male";"2002";"3.04"
"Mortality";"Insubria-Varese";"Lung";"30-44";"Male";"2003";"1.99"
"Mortality";"Insubria-Varese";"Lung";"30-44";"Male";"2004";"2.92"
"Mortality";"Insubria-Varese";"Lung";"30-44";"Male";"2005";"0.00"
"Mortality";"Insubria-Varese";"Lung";"30-44";"Male";"2006";"4.72"
"Mortality";"Insubria-Varese";"Lung";"30-44";"Male";"2007";"3.75"
"Mortality";"Insubria-Varese";"Lung";"30-44";"Male";"2008";"2.80"
"Mortality";"Insubria-Varese";"Lung";"30-44";"Male";"2009";"0.94"
"Mortality";"Insubria-Varese";"Lung";"30-44";"Male";"2010";"3.84"
"Mortality";"Insubria-Varese";"Lung";"30-44";"Male";"2011";"1.97"
"Mortality";"Insubria-Varese";"Lung";"30-44";"Male";"2012";"2.01"
"Mortality";"Insubria-Varese";"Lung";"30-44";"Male";"2013";"3.05"
"Mortality";"Insubria-Varese";"Lung";"30-44";"Male";"2014";"3.12"
"Mortality";"Insubria-Varese";"Lung";"30-44";"Male";"2015";"4.28"
"Mortality";"Umbria";"Lung";"30-44";"Male";"1994";"3.63"
"Mortality";"Umbria";"Lung";"30-44";"Male";"1995";"2.40"
"Mortality";"Umbria";"Lung";"30-44";"Male";"1996";"1.18"
"Mortality";"Umbria";"Lung";"30-44";"Male";"1997";"2.34"
"Mortality";"Umbria";"Lung";"30-44";"Male";"1998";"8.08"
"Mortality";"Umbria";"Lung";"30-44";"Male";"1999";"3.43"
"Mortality";"Umbria";"Lung";"30-44";"Male";"2000";"3.38"
"Mortality";"Umbria";"Lung";"30-44";"Male";"2001";"2.23"
"Mortality";"Umbria";"Lung";"30-44";"Male";"2002";"6.59"
"Mortality";"Umbria";"Lung";"30-44";"Male";"2003";"3.22"
"Mortality";"Umbria";"Lung";"30-44";"Male";"2004";"6.23"
"Mortality";"Umbria";"Lung";"30-44";"Male";"2005";"4.06"
"Mortality";"Umbria";"Lung";"30-44";"Male";"2006";"1.00"
"Mortality";"Umbria";"Lung";"30-44";"Male";"2007";"3.00"
"Mortality";"Umbria";"Lung";"30-44";"Male";"2008";"2.97"
"Mortality";"Umbria";"Lung";"30-44";"Male";"2009";"4.94"
"Mortality";"Umbria";"Lung";"30-44";"Male";"2010";"2.99"
"Mortality";"Umbria";"Lung";"30-44";"Male";"2011";"5.03"
"Mortality";"Umbria";"Lung";"30-44";"Male";"2012";"1.07"
"Mortality";"Umbria";"Lung";"30-44";"Male";"2013";"2.15"
"Mortality";"Umbria";"Lung";"30-44";"Male";"2014";"2.17"
"Mortality";"Umbria";"Lung";"30-44";"Male";"2015";"2.22"
"Mortality";"Umbria";"Lung";"30-44";"Male";"2016";"1.14"
"Incidence";"Emilia-Romagna";"Lung";"30-44";"Female";"1994";"4.10"
"Incidence";"Emilia-Romagna";"Lung";"30-44";"Female";"1995";"2.43"
"Incidence";"Emilia-Romagna";"Lung";"30-44";"Female";"1996";"1.69"
"Incidence";"Emilia-Romagna";"Lung";"30-44";"Female";"1997";"3.32"
"Incidence";"Emilia-Romagna";"Lung";"30-44";"Female";"1998";"5.23"
"Incidence";"Emilia-Romagna";"Lung";"30-44";"Female";"1999";"3.53"
"Incidence";"Emilia-Romagna";"Lung";"30-44";"Female";"2000";"4.42"
"Incidence";"Emilia-Romagna";"Lung";"30-44";"Female";"2001";"5.27"
"Incidence";"Emilia-Romagna";"Lung";"30-44";"Female";"2002";"4.87"
"Incidence";"Emilia-Romagna";"Lung";"30-44";"Female";"2003";"4.00"
"Incidence";"Emilia-Romagna";"Lung";"30-44";"Female";"2004";"2.50"
"Incidence";"Emilia-Romagna";"Lung";"30-44";"Female";"2005";"3.27"
"Incidence";"Emilia-Romagna";"Lung";"30-44";"Female";"2006";"4.23"
"Incidence";"Emilia-Romagna";"Lung";"30-44";"Female";"2007";"2.96"
"Incidence";"Emilia-Romagna";"Lung";"30-44";"Female";"2008";"3.66"
"Incidence";"Emilia-Romagna";"Lung";"30-44";"Female";"2009";"3.66"
"Incidence";"Emilia-Romagna";"Lung";"30-44";"Female";"2010";"5.39"
"Incidence";"Emilia-Romagna";"Lung";"30-44";"Female";"2011";"3.72"
"Incidence";"Emilia-Romagna";"Lung";"30-44";"Female";"2012";"3.03"
"Incidence";"Emilia-Romagna";"Lung";"30-44";"Female";"2013";"3.85"
"Incidence";"Emilia-Romagna";"Lung";"30-44";"Female";"2014";"4.47"
"Incidence";"Emilia-Romagna";"Lung";"30-44";"Female";"2015";"4.58"
"Incidence";"Emilia-Romagna";"Lung";"30-44";"Female";"2016";"2.77"
"Incidence";"Emilia-Romagna";"Lung";"30-44";"Female";"2017";"3.64"
"Incidence";"Emilia-Romagna";"Lung";"30-44";"Female";"2018";"2.80"
"Incidence";"Emilia-Romagna";"Lung";"30-44";"Female";"2019";"3.84"
"Incidence";"Emilia-Romagna";"Lung";"30-44";"Female";"2020";"4.93"
"Incidence";"Liguria";"Lung";"30-44";"Male";"1994";"4.34"
"Incidence";"Liguria";"Lung";"30-44";"Male";"1995";"9.70"
"Incidence";"Liguria";"Lung";"30-44";"Male";"1996";"3.21"
"Incidence";"Liguria";"Lung";"30-44";"Male";"1997";"5.29"
"Incidence";"Liguria";"Lung";"30-44";"Male";"1998";"4.22"
"Incidence";"Liguria";"Lung";"30-44";"Male";"1999";"7.34"
"Incidence";"Liguria";"Lung";"30-44";"Male";"2000";"11.49"
"Incidence";"Liguria";"Lung";"30-44";"Male";"2001";"5.21"
"Incidence";"Liguria";"Lung";"30-44";"Male";"2002";"10.39"
"Incidence";"Liguria";"Lung";"30-44";"Male";"2003";"1.04"
"Incidence";"Liguria";"Lung";"30-44";"Male";"2004";"2.05"
"Incidence";"Liguria";"Lung";"30-44";"Male";"2005";"9.15"
"Incidence";"Liguria";"Lung";"30-44";"Male";"2006";"2.04"
"Incidence";"Liguria";"Lung";"30-44";"Male";"2007";"7.26"
"Incidence";"Liguria";"Lung";"30-44";"Male";"2008";"7.43"
"Incidence";"Liguria";"Lung";"30-44";"Male";"2009";"7.58"
"Incidence";"Liguria";"Lung";"30-44";"Male";"2010";"3.35"
"Incidence";"Liguria";"Lung";"30-44";"Male";"2011";"4.62"
"Incidence";"Liguria";"Lung";"30-44";"Male";"2012";"4.76"
"Incidence";"Liguria";"Lung";"30-44";"Male";"2013";"3.66"
"Incidence";"Liguria";"Lung";"30-44";"Male";"2014";"2.51"
"Incidence";"Liguria";"Lung";"30-44";"Male";"2015";"1.31"
"Incidence";"Liguria";"Lung";"30-44";"Male";"2016";"2.72"
"Incidence";"Emilia-Romagna";"Lung";"30-44";"Male";"1994";"6.89"
"Incidence";"Emilia-Romagna";"Lung";"30-44";"Male";"1995";"6.79"
"Incidence";"Emilia-Romagna";"Lung";"30-44";"Male";"1996";"5.28"
"Incidence";"Emilia-Romagna";"Lung";"30-44";"Male";"1997";"7.11"
"Incidence";"Emilia-Romagna";"Lung";"30-44";"Male";"1998";"6.65"
"Incidence";"Emilia-Romagna";"Lung";"30-44";"Male";"1999";"6.82"
"Incidence";"Emilia-Romagna";"Lung";"30-44";"Male";"2000";"4.86"
"Incidence";"Emilia-Romagna";"Lung";"30-44";"Male";"2001";"6.26"
"Incidence";"Emilia-Romagna";"Lung";"30-44";"Male";"2002";"6.70"
"Incidence";"Emilia-Romagna";"Lung";"30-44";"Male";"2003";"7.40"
"Incidence";"Emilia-Romagna";"Lung";"30-44";"Male";"2004";"4.51"
"Incidence";"Emilia-Romagna";"Lung";"30-44";"Male";"2005";"4.43"
"Incidence";"Emilia-Romagna";"Lung";"30-44";"Male";"2006";"3.57"
"Incidence";"Emilia-Romagna";"Lung";"30-44";"Male";"2007";"3.32"
"Incidence";"Emilia-Romagna";"Lung";"30-44";"Male";"2008";"4.72"
"Incidence";"Emilia-Romagna";"Lung";"30-44";"Male";"2009";"3.33"
"Incidence";"Emilia-Romagna";"Lung";"30-44";"Male";"2010";"5.54"
"Incidence";"Emilia-Romagna";"Lung";"30-44";"Male";"2011";"4.92"
"Incidence";"Emilia-Romagna";"Lung";"30-44";"Male";"2012";"3.52"
"Incidence";"Emilia-Romagna";"Lung";"30-44";"Male";"2013";"4.86"
"Incidence";"Emilia-Romagna";"Lung";"30-44";"Male";"2014";"3.41"
"Incidence";"Emilia-Romagna";"Lung";"30-44";"Male";"2015";"4.86"
"Incidence";"Emilia-Romagna";"Lung";"30-44";"Male";"2016";"6.67"
"Incidence";"Emilia-Romagna";"Lung";"30-44";"Male";"2017";"4.12"
"Incidence";"Emilia-Romagna";"Lung";"30-44";"Male";"2018";"5.15"
"Incidence";"Emilia-Romagna";"Lung";"30-44";"Male";"2019";"3.83"
"Incidence";"Emilia-Romagna";"Lung";"30-44";"Male";"2020";"3.68"
"Incidence";"Insubria-Varese";"Lung";"30-44";"Male";"1994";"7.99"
"Incidence";"Insubria-Varese";"Lung";"30-44";"Male";"1995";"6.76"
"Incidence";"Insubria-Varese";"Lung";"30-44";"Male";"1996";"5.54"
"Incidence";"Insubria-Varese";"Lung";"30-44";"Male";"1997";"7.62"
"Incidence";"Insubria-Varese";"Lung";"30-44";"Male";"1998";"8.59"
"Incidence";"Insubria-Varese";"Lung";"30-44";"Male";"1999";"5.29"
"Incidence";"Insubria-Varese";"Lung";"30-44";"Male";"2000";"7.31"
"Incidence";"Insubria-Varese";"Lung";"30-44";"Male";"2001";"7.21"
"Incidence";"Insubria-Varese";"Lung";"30-44";"Male";"2002";"3.04"
"Incidence";"Insubria-Varese";"Lung";"30-44";"Male";"2003";"5.97"
"Incidence";"Insubria-Varese";"Lung";"30-44";"Male";"2004";"3.90"
"Incidence";"Insubria-Varese";"Lung";"30-44";"Male";"2005";"4.77"
"Incidence";"Insubria-Varese";"Lung";"30-44";"Male";"2006";"3.77"
"Incidence";"Insubria-Varese";"Lung";"30-44";"Male";"2007";"2.81"
"Incidence";"Insubria-Varese";"Lung";"30-44";"Male";"2008";"3.74"
"Incidence";"Insubria-Varese";"Lung";"30-44";"Male";"2009";"2.82"
"Incidence";"Insubria-Varese";"Lung";"30-44";"Male";"2010";"4.80"
"Incidence";"Insubria-Varese";"Lung";"30-44";"Male";"2011";"3.94"
"Incidence";"Insubria-Varese";"Lung";"30-44";"Male";"2012";"4.01"
"Incidence";"Insubria-Varese";"Lung";"30-44";"Male";"2013";"3.05"
"Incidence";"Insubria-Varese";"Lung";"30-44";"Male";"2014";"4.17"
"Incidence";"Insubria-Varese";"Lung";"30-44";"Male";"2015";"3.21"
"Incidence";"Liguria";"Lung";"45-59";"Male";"1994";"116.08"
"Incidence";"Liguria";"Lung";"45-59";"Male";"1995";"116.92"
"Incidence";"Liguria";"Lung";"45-59";"Male";"1996";"103.99"
"Incidence";"Liguria";"Lung";"45-59";"Male";"1997";"107.37"
"Incidence";"Liguria";"Lung";"45-59";"Male";"1998";"120.08"
"Incidence";"Liguria";"Lung";"45-59";"Male";"1999";"104.50"
"Incidence";"Liguria";"Lung";"45-59";"Male";"2000";"98.23"
"Incidence";"Liguria";"Lung";"45-59";"Male";"2001";"103.30"
"Incidence";"Liguria";"Lung";"45-59";"Male";"2002";"95.97"
"Incidence";"Liguria";"Lung";"45-59";"Male";"2003";"77.35"
"Incidence";"Liguria";"Lung";"45-59";"Male";"2004";"92.18"
"Incidence";"Liguria";"Lung";"45-59";"Male";"2005";"77.79"
"Incidence";"Liguria";"Lung";"45-59";"Male";"2006";"91.42"
"Incidence";"Liguria";"Lung";"45-59";"Male";"2007";"61.38"
"Incidence";"Liguria";"Lung";"45-59";"Male";"2008";"62.73"
"Incidence";"Liguria";"Lung";"45-59";"Male";"2009";"70.31"
"Incidence";"Liguria";"Lung";"45-59";"Male";"2010";"73.61"
"Incidence";"Liguria";"Lung";"45-59";"Male";"2011";"50.70"
"Incidence";"Liguria";"Lung";"45-59";"Male";"2012";"56.46"
"Incidence";"Liguria";"Lung";"45-59";"Male";"2013";"46.10"
"Incidence";"Liguria";"Lung";"45-59";"Male";"2014";"52.95"
"Incidence";"Liguria";"Lung";"45-59";"Male";"2015";"32.62"
"Incidence";"Liguria";"Lung";"45-59";"Male";"2016";"50.08"
"Incidence";"Veneto";"Lung";"45-59";"Female";"1994";"28.49"
"Incidence";"Veneto";"Lung";"45-59";"Female";"1995";"21.38"
"Incidence";"Veneto";"Lung";"45-59";"Female";"1996";"19.30"
"Incidence";"Veneto";"Lung";"45-59";"Female";"1997";"17.77"
"Incidence";"Veneto";"Lung";"45-59";"Female";"1998";"21.43"
"Incidence";"Veneto";"Lung";"45-59";"Female";"1999";"26.43"
"Incidence";"Veneto";"Lung";"45-59";"Female";"2000";"29.20"
"Incidence";"Veneto";"Lung";"45-59";"Female";"2001";"27.94"
"Incidence";"Veneto";"Lung";"45-59";"Female";"2002";"25.16"
"Incidence";"Veneto";"Lung";"45-59";"Female";"2003";"22.78"
"Incidence";"Veneto";"Lung";"45-59";"Female";"2004";"27.33"
"Incidence";"Veneto";"Lung";"45-59";"Female";"2005";"24.74"
"Incidence";"Veneto";"Lung";"45-59";"Female";"2006";"37.40"
"Incidence";"Veneto";"Lung";"45-59";"Female";"2007";"25.40"
"Incidence";"Veneto";"Lung";"45-59";"Female";"2008";"21.70"
"Incidence";"Veneto";"Lung";"45-59";"Female";"2009";"23.54"
"Incidence";"Veneto";"Lung";"45-59";"Female";"2010";"23.75"
"Incidence";"Veneto";"Lung";"45-59";"Female";"2011";"24.28"
"Incidence";"Veneto";"Lung";"45-59";"Female";"2012";"27.94"
"Incidence";"Veneto";"Lung";"45-59";"Female";"2013";"22.76"
"Incidence";"Veneto";"Lung";"45-59";"Female";"2014";"26.46"
"Incidence";"Veneto";"Lung";"45-59";"Female";"2015";"21.78"
"Incidence";"Veneto";"Lung";"45-59";"Female";"2016";"21.31"
"Incidence";"Veneto";"Lung";"45-59";"Female";"2017";"19.86"
"Incidence";"Veneto";"Lung";"45-59";"Female";"2018";"23.22"
"Incidence";"Veneto";"Lung";"45-59";"Female";"2019";"23.36"
"Incidence";"Veneto";"Lung";"45-59";"Female";"2020";"21.17"
"Incidence";"Veneto";"Lung";"45-59";"Female";"2021";"19.08"
"Incidence";"Umbria";"Lung";"45-59";"Female";"1994";"20.74"
"Incidence";"Umbria";"Lung";"45-59";"Female";"1995";"24.31"
"Incidence";"Umbria";"Lung";"45-59";"Female";"1996";"18.22"
"Incidence";"Umbria";"Lung";"45-59";"Female";"1997";"12.12"
"Incidence";"Umbria";"Lung";"45-59";"Female";"1998";"18.26"
"Incidence";"Umbria";"Lung";"45-59";"Female";"1999";"25.72"
"Incidence";"Umbria";"Lung";"45-59";"Female";"2000";"30.68"
"Incidence";"Umbria";"Lung";"45-59";"Female";"2001";"24.63"
"Incidence";"Umbria";"Lung";"45-59";"Female";"2002";"23.26"
"Incidence";"Umbria";"Lung";"45-59";"Female";"2003";"13.35"
"Incidence";"Umbria";"Lung";"45-59";"Female";"2004";"28.55"
"Incidence";"Umbria";"Lung";"45-59";"Female";"2005";"33.78"
"Incidence";"Umbria";"Lung";"45-59";"Female";"2006";"36.32"
"Incidence";"Umbria";"Lung";"45-59";"Female";"2007";"25.88"
"Incidence";"Umbria";"Lung";"45-59";"Female";"2008";"36.46"
"Incidence";"Umbria";"Lung";"45-59";"Female";"2009";"36.87"
"Incidence";"Umbria";"Lung";"45-59";"Female";"2010";"36.11"
"Incidence";"Umbria";"Lung";"45-59";"Female";"2011";"36.33"
"Incidence";"Umbria";"Lung";"45-59";"Female";"2012";"29.41"
"Incidence";"Umbria";"Lung";"45-59";"Female";"2013";"37.25"
"Incidence";"Umbria";"Lung";"45-59";"Female";"2014";"28.91"
"Incidence";"Umbria";"Lung";"45-59";"Female";"2015";"22.64"
"Incidence";"Umbria";"Lung";"45-59";"Female";"2016";"27.32"
"Mortality";"Liguria";"Lung";"45-59";"Female";"1994";"15.47"
"Mortality";"Liguria";"Lung";"45-59";"Female";"1995";"16.57"
"Mortality";"Liguria";"Lung";"45-59";"Female";"1996";"22.68"
"Mortality";"Liguria";"Lung";"45-59";"Female";"1997";"12.01"
"Mortality";"Liguria";"Lung";"45-59";"Female";"1998";"10.16"
"Mortality";"Liguria";"Lung";"45-59";"Female";"1999";"14.52"
"Mortality";"Liguria";"Lung";"45-59";"Female";"2000";"25.37"
"Mortality";"Liguria";"Lung";"45-59";"Female";"2001";"20.46"
"Mortality";"Liguria";"Lung";"45-59";"Female";"2002";"18.51"
"Mortality";"Liguria";"Lung";"45-59";"Female";"2003";"14.21"
"Mortality";"Liguria";"Lung";"45-59";"Female";"2004";"26.18"
"Mortality";"Liguria";"Lung";"45-59";"Female";"2005";"26.01"
"Mortality";"Liguria";"Lung";"45-59";"Female";"2006";"23.55"
"Mortality";"Liguria";"Lung";"45-59";"Female";"2007";"14.04"
"Mortality";"Liguria";"Lung";"45-59";"Female";"2008";"33.53"
"Mortality";"Liguria";"Lung";"45-59";"Female";"2009";"16.09"
"Mortality";"Liguria";"Lung";"45-59";"Female";"2010";"22.19"
"Mortality";"Liguria";"Lung";"45-59";"Female";"2011";"17.64"
"Mortality";"Liguria";"Lung";"45-59";"Female";"2012";"29.54"
"Mortality";"Liguria";"Lung";"45-59";"Female";"2013";"21.11"
"Mortality";"Liguria";"Lung";"45-59";"Female";"2014";"23.88"
"Mortality";"Liguria";"Lung";"45-59";"Female";"2015";"25.72"
"Incidence";"Liguria";"Lung";"45-59";"Female";"1994";"14.50"
"Incidence";"Liguria";"Lung";"45-59";"Female";"1995";"21.44"
"Incidence";"Liguria";"Lung";"45-59";"Female";"1996";"23.67"
"Incidence";"Liguria";"Lung";"45-59";"Female";"1997";"25.02"
"Incidence";"Liguria";"Lung";"45-59";"Female";"1998";"18.29"
"Incidence";"Liguria";"Lung";"45-59";"Female";"1999";"32.16"
"Incidence";"Liguria";"Lung";"45-59";"Female";"2000";"25.37"
"Incidence";"Liguria";"Lung";"45-59";"Female";"2001";"24.77"
"Incidence";"Liguria";"Lung";"45-59";"Female";"2002";"23.96"
"Incidence";"Liguria";"Lung";"45-59";"Female";"2003";"25.15"
"Incidence";"Liguria";"Lung";"45-59";"Female";"2004";"44.73"
"Incidence";"Liguria";"Lung";"45-59";"Female";"2005";"37.93"
"Incidence";"Liguria";"Lung";"45-59";"Female";"2006";"24.62"
"Incidence";"Liguria";"Lung";"45-59";"Female";"2007";"28.07"
"Incidence";"Liguria";"Lung";"45-59";"Female";"2008";"32.45"
"Incidence";"Liguria";"Lung";"45-59";"Female";"2009";"33.26"
"Incidence";"Liguria";"Lung";"45-59";"Female";"2010";"34.87"
"Incidence";"Liguria";"Lung";"45-59";"Female";"2011";"37.35"
"Incidence";"Liguria";"Lung";"45-59";"Female";"2012";"29.54"
"Incidence";"Liguria";"Lung";"45-59";"Female";"2013";"42.21"
"Incidence";"Liguria";"Lung";"45-59";"Female";"2014";"45.77"
"Incidence";"Liguria";"Lung";"45-59";"Female";"2015";"23.74"
"Incidence";"Liguria";"Lung";"45-59";"Female";"2016";"34.37"
"Mortality";"Liguria";"Lung";"45-59";"Male";"1994";"70.07"
"Mortality";"Liguria";"Lung";"45-59";"Male";"1995";"93.75"
"Mortality";"Liguria";"Lung";"45-59";"Male";"1996";"81.71"
"Mortality";"Liguria";"Lung";"45-59";"Male";"1997";"71.94"
"Mortality";"Liguria";"Lung";"45-59";"Male";"1998";"66.59"
"Mortality";"Liguria";"Lung";"45-59";"Male";"1999";"92.27"
"Mortality";"Liguria";"Lung";"45-59";"Male";"2000";"86.93"
"Mortality";"Liguria";"Lung";"45-59";"Male";"2001";"79.19"
"Mortality";"Liguria";"Lung";"45-59";"Male";"2002";"71.69"
"Mortality";"Liguria";"Lung";"45-59";"Male";"2003";"75.04"
"Mortality";"Liguria";"Lung";"45-59";"Male";"2004";"59.92"
"Mortality";"Liguria";"Lung";"45-59";"Male";"2005";"48.04"
"Mortality";"Liguria";"Lung";"45-59";"Male";"2006";"50.79"
"Mortality";"Liguria";"Lung";"45-59";"Male";"2007";"59.11"
"Mortality";"Liguria";"Lung";"45-59";"Male";"2008";"54.75"
"Mortality";"Liguria";"Lung";"45-59";"Male";"2009";"52.17"
"Mortality";"Liguria";"Lung";"45-59";"Male";"2010";"39.03"
"Mortality";"Liguria";"Lung";"45-59";"Male";"2011";"44.09"
"Mortality";"Liguria";"Lung";"45-59";"Male";"2012";"49.94"
"Mortality";"Liguria";"Lung";"45-59";"Male";"2013";"27.87"
"Mortality";"Liguria";"Lung";"45-59";"Male";"2014";"36.01"
"Mortality";"Liguria";"Lung";"45-59";"Male";"2015";"17.89"
"Incidence";"Insubria-Varese";"Lung";"45-59";"Female";"1994";"16.71"
"Incidence";"Insubria-Varese";"Lung";"45-59";"Female";"1995";"22.49"
"Incidence";"Insubria-Varese";"Lung";"45-59";"Female";"1996";"23.57"
"Incidence";"Insubria-Varese";"Lung";"45-59";"Female";"1997";"17.62"
"Incidence";"Insubria-Varese";"Lung";"45-59";"Female";"1998";"17.65"
"Incidence";"Insubria-Varese";"Lung";"45-59";"Female";"1999";"23.70"
"Incidence";"Insubria-Varese";"Lung";"45-59";"Female";"2000";"20.30"
"Incidence";"Insubria-Varese";"Lung";"45-59";"Female";"2001";"18.02"
"Incidence";"Insubria-Varese";"Lung";"45-59";"Female";"2002";"21.64"
"Incidence";"Insubria-Varese";"Lung";"45-59";"Female";"2003";"21.58"
"Incidence";"Insubria-Varese";"Lung";"45-59";"Female";"2004";"31.98"
"Incidence";"Insubria-Varese";"Lung";"45-59";"Female";"2005";"27.96"
"Incidence";"Insubria-Varese";"Lung";"45-59";"Female";"2006";"26.44"
"Incidence";"Insubria-Varese";"Lung";"45-59";"Female";"2007";"37.82"
"Incidence";"Insubria-Varese";"Lung";"45-59";"Female";"2008";"19.30"
"Incidence";"Insubria-Varese";"Lung";"45-59";"Female";"2009";"29.18"
"Incidence";"Insubria-Varese";"Lung";"45-59";"Female";"2010";"39.83"
"Incidence";"Insubria-Varese";"Lung";"45-59";"Female";"2011";"32.36"
"Incidence";"Insubria-Varese";"Lung";"45-59";"Female";"2012";"30.74"
"Incidence";"Insubria-Varese";"Lung";"45-59";"Female";"2013";"27.82"
"Incidence";"Insubria-Varese";"Lung";"45-59";"Female";"2014";"28.37"
"Incidence";"Insubria-Varese";"Lung";"45-59";"Female";"2015";"29.92"
"Incidence";"Ragusa";"Lung";"45-59";"Male";"1994";"49.30"
"Incidence";"Ragusa";"Lung";"45-59";"Male";"1995";"65.29"
"Incidence";"Ragusa";"Lung";"45-59";"Male";"1996";"77.08"
"Incidence";"Ragusa";"Lung";"45-59";"Male";"1997";"84.53"
"Incidence";"Ragusa";"Lung";"45-59";"Male";"1998";"63.95"
"Incidence";"Ragusa";"Lung";"45-59";"Male";"1999";"79.24"
"Incidence";"Ragusa";"Lung";"45-59";"Male";"2000";"55.27"
"Incidence";"Ragusa";"Lung";"45-59";"Male";"2001";"94.73"
"Incidence";"Ragusa";"Lung";"45-59";"Male";"2002";"115.00"
"Incidence";"Ragusa";"Lung";"45-59";"Male";"2003";"42.97"
"Incidence";"Ragusa";"Lung";"45-59";"Male";"2004";"63.90"
"Incidence";"Ragusa";"Lung";"45-59";"Male";"2005";"69.54"
"Incidence";"Ragusa";"Lung";"45-59";"Male";"2006";"64.30"
"Incidence";"Ragusa";"Lung";"45-59";"Male";"2007";"60.81"
"Incidence";"Ragusa";"Lung";"45-59";"Male";"2008";"45.25"
"Incidence";"Ragusa";"Lung";"45-59";"Male";"2009";"59.65"
"Incidence";"Ragusa";"Lung";"45-59";"Male";"2010";"44.16"
"Incidence";"Ragusa";"Lung";"45-59";"Male";"2011";"72.07"
"Incidence";"Ragusa";"Lung";"45-59";"Male";"2012";"41.15"
"Incidence";"Ragusa";"Lung";"45-59";"Male";"2013";"69.63"
"Incidence";"Ragusa";"Lung";"45-59";"Male";"2014";"75.21"
"Incidence";"Ragusa";"Lung";"45-59";"Male";"2015";"59.36"
"Incidence";"Ragusa";"Lung";"45-59";"Male";"2016";"40.85"
"Incidence";"Ragusa";"Lung";"45-59";"Male";"2017";"48.45"
"Incidence";"Veneto";"Lung";"45-59";"Male";"1994";"101.87"
"Incidence";"Veneto";"Lung";"45-59";"Male";"1995";"96.87"
"Incidence";"Veneto";"Lung";"45-59";"Male";"1996";"108.95"
"Incidence";"Veneto";"Lung";"45-59";"Male";"1997";"98.58"
"Incidence";"Veneto";"Lung";"45-59";"Male";"1998";"92.86"
"Incidence";"Veneto";"Lung";"45-59";"Male";"1999";"84.17"
"Incidence";"Veneto";"Lung";"45-59";"Male";"2000";"88.90"
"Incidence";"Veneto";"Lung";"45-59";"Male";"2001";"86.17"
"Incidence";"Veneto";"Lung";"45-59";"Male";"2002";"73.90"
"Incidence";"Veneto";"Lung";"45-59";"Male";"2003";"69.08"
"Incidence";"Veneto";"Lung";"45-59";"Male";"2004";"61.18"
"Incidence";"Veneto";"Lung";"45-59";"Male";"2005";"59.70"
"Incidence";"Veneto";"Lung";"45-59";"Male";"2006";"56.55"
"Incidence";"Veneto";"Lung";"45-59";"Male";"2007";"49.45"
"Incidence";"Veneto";"Lung";"45-59";"Male";"2008";"49.30"
"Incidence";"Veneto";"Lung";"45-59";"Male";"2009";"46.68"
"Incidence";"Veneto";"Lung";"45-59";"Male";"2010";"47.58"
"Incidence";"Veneto";"Lung";"45-59";"Male";"2011";"44.85"
"Incidence";"Veneto";"Lung";"45-59";"Male";"2012";"41.80"
"Incidence";"Veneto";"Lung";"45-59";"Male";"2013";"37.57"
"Incidence";"Veneto";"Lung";"45-59";"Male";"2014";"33.59"
"Incidence";"Veneto";"Lung";"45-59";"Male";"2015";"26.81"
"Incidence";"Veneto";"Lung";"45-59";"Male";"2016";"28.84"
"Incidence";"Veneto";"Lung";"45-59";"Male";"2017";"29.66"
"Incidence";"Veneto";"Lung";"45-59";"Male";"2018";"30.98"
"Incidence";"Veneto";"Lung";"45-59";"Male";"2019";"25.78"
"Incidence";"Veneto";"Lung";"45-59";"Male";"2020";"24.35"
"Incidence";"Veneto";"Lung";"45-59";"Male";"2021";"30.28"
"Mortality";"Umbria";"Lung";"45-59";"Male";"1994";"59.69"
"Mortality";"Umbria";"Lung";"45-59";"Male";"1995";"54.26"
"Mortality";"Umbria";"Lung";"45-59";"Male";"1996";"56.60"
"Mortality";"Umbria";"Lung";"45-59";"Male";"1997";"56.27"
"Mortality";"Umbria";"Lung";"45-59";"Male";"1998";"53.88"
"Mortality";"Umbria";"Lung";"45-59";"Male";"1999";"58.09"
"Mortality";"Umbria";"Lung";"45-59";"Male";"2000";"40.52"
"Mortality";"Umbria";"Lung";"45-59";"Male";"2001";"49.43"
"Mortality";"Umbria";"Lung";"45-59";"Male";"2002";"45.32"
"Mortality";"Umbria";"Lung";"45-59";"Male";"2003";"51.03"
"Mortality";"Umbria";"Lung";"45-59";"Male";"2004";"42.92"
"Mortality";"Umbria";"Lung";"45-59";"Male";"2005";"63.53"
"Mortality";"Umbria";"Lung";"45-59";"Male";"2006";"57.28"
"Mortality";"Umbria";"Lung";"45-59";"Male";"2007";"58.84"
"Mortality";"Umbria";"Lung";"45-59";"Male";"2008";"31.97"
"Mortality";"Umbria";"Lung";"45-59";"Male";"2009";"45.36"
"Mortality";"Umbria";"Lung";"45-59";"Male";"2010";"31.21"
"Mortality";"Umbria";"Lung";"45-59";"Male";"2011";"20.81"
"Mortality";"Umbria";"Lung";"45-59";"Male";"2012";"30.05"
"Mortality";"Umbria";"Lung";"45-59";"Male";"2013";"30.81"
"Mortality";"Umbria";"Lung";"45-59";"Male";"2014";"35.11"
"Mortality";"Umbria";"Lung";"45-59";"Male";"2015";"35.73"
"Mortality";"Umbria";"Lung";"45-59";"Male";"2016";"21.84"
"Incidence";"Umbria";"Lung";"45-59";"Male";"1994";"82.55"
"Incidence";"Umbria";"Lung";"45-59";"Male";"1995";"85.81"
"Incidence";"Umbria";"Lung";"45-59";"Male";"1996";"80.49"
"Incidence";"Umbria";"Lung";"45-59";"Male";"1997";"72.52"
"Incidence";"Umbria";"Lung";"45-59";"Male";"1998";"71.42"
"Incidence";"Umbria";"Lung";"45-59";"Male";"1999";"78.30"
"Incidence";"Umbria";"Lung";"45-59";"Male";"2000";"75.97"
"Incidence";"Umbria";"Lung";"45-59";"Male";"2001";"69.71"
"Incidence";"Umbria";"Lung";"45-59";"Male";"2002";"69.25"
"Incidence";"Umbria";"Lung";"45-59";"Male";"2003";"58.50"
"Incidence";"Umbria";"Lung";"45-59";"Male";"2004";"72.35"
"Incidence";"Umbria";"Lung";"45-59";"Male";"2005";"83.91"
"Incidence";"Umbria";"Lung";"45-59";"Male";"2006";"65.46"
"Incidence";"Umbria";"Lung";"45-59";"Male";"2007";"62.30"
"Incidence";"Umbria";"Lung";"45-59";"Male";"2008";"55.94"
"Incidence";"Umbria";"Lung";"45-59";"Male";"2009";"54.43"
"Incidence";"Umbria";"Lung";"45-59";"Male";"2010";"49.05"
"Incidence";"Umbria";"Lung";"45-59";"Male";"2011";"42.72"
"Incidence";"Umbria";"Lung";"45-59";"Male";"2012";"54.54"
"Incidence";"Umbria";"Lung";"45-59";"Male";"2013";"45.11"
"Incidence";"Umbria";"Lung";"45-59";"Male";"2014";"55.33"
"Incidence";"Umbria";"Lung";"45-59";"Male";"2015";"48.33"
"Incidence";"Umbria";"Lung";"45-59";"Male";"2016";"40.57"
"Incidence";"Ragusa";"Lung";"45-59";"Female";"1994";"0.00"
"Incidence";"Ragusa";"Lung";"45-59";"Female";"1995";"7.62"
"Incidence";"Ragusa";"Lung";"45-59";"Female";"1996";"7.55"
"Incidence";"Ragusa";"Lung";"45-59";"Female";"1997";"22.56"
"Incidence";"Ragusa";"Lung";"45-59";"Female";"1998";"7.50"
"Incidence";"Ragusa";"Lung";"45-59";"Female";"1999";"11.20"
"Incidence";"Ragusa";"Lung";"45-59";"Female";"2000";"3.73"
"Incidence";"Ragusa";"Lung";"45-59";"Female";"2001";"11.19"
"Incidence";"Ragusa";"Lung";"45-59";"Female";"2002";"7.45"
"Incidence";"Ragusa";"Lung";"45-59";"Female";"2003";"11.04"
"Incidence";"Ragusa";"Lung";"45-59";"Female";"2004";"7.12"
"Incidence";"Ragusa";"Lung";"45-59";"Female";"2005";"3.47"
"Incidence";"Ragusa";"Lung";"45-59";"Female";"2006";"10.14"
"Incidence";"Ragusa";"Lung";"45-59";"Female";"2007";"28.30"
"Incidence";"Ragusa";"Lung";"45-59";"Female";"2008";"12.27"
"Incidence";"Ragusa";"Lung";"45-59";"Female";"2009";"32.97"
"Incidence";"Ragusa";"Lung";"45-59";"Female";"2010";"13.67"
"Incidence";"Ragusa";"Lung";"45-59";"Female";"2011";"8.41"
"Incidence";"Ragusa";"Lung";"45-59";"Female";"2012";"19.98"
"Incidence";"Ragusa";"Lung";"45-59";"Female";"2013";"26.09"
"Incidence";"Ragusa";"Lung";"45-59";"Female";"2014";"25.25"
"Incidence";"Ragusa";"Lung";"45-59";"Female";"2015";"20.33"
"Incidence";"Ragusa";"Lung";"45-59";"Female";"2016";"31.03"
"Incidence";"Ragusa";"Lung";"45-59";"Female";"2017";"10.79"
"Mortality";"Umbria";"Lung";"45-59";"Female";"1994";"9.76"
"Mortality";"Umbria";"Lung";"45-59";"Female";"1995";"12.16"
"Mortality";"Umbria";"Lung";"45-59";"Female";"1996";"17.01"
"Mortality";"Umbria";"Lung";"45-59";"Female";"1997";"13.33"
"Mortality";"Umbria";"Lung";"45-59";"Female";"1998";"13.39"
"Mortality";"Umbria";"Lung";"45-59";"Female";"1999";"13.47"
"Mortality";"Umbria";"Lung";"45-59";"Female";"2000";"13.50"
"Mortality";"Umbria";"Lung";"45-59";"Female";"2001";"18.47"
"Mortality";"Umbria";"Lung";"45-59";"Female";"2002";"11.02"
"Mortality";"Umbria";"Lung";"45-59";"Female";"2003";"19.41"
"Mortality";"Umbria";"Lung";"45-59";"Female";"2004";"14.28"
"Mortality";"Umbria";"Lung";"45-59";"Female";"2005";"16.31"
"Mortality";"Umbria";"Lung";"45-59";"Female";"2006";"19.30"
"Mortality";"Umbria";"Lung";"45-59";"Female";"2007";"21.38"
"Mortality";"Umbria";"Lung";"45-59";"Female";"2008";"15.47"
"Mortality";"Umbria";"Lung";"45-59";"Female";"2009";"21.69"
"Mortality";"Umbria";"Lung";"45-59";"Female";"2010";"22.30"
"Mortality";"Umbria";"Lung";"45-59";"Female";"2011";"30.10"
"Mortality";"Umbria";"Lung";"45-59";"Female";"2012";"17.86"
"Mortality";"Umbria";"Lung";"45-59";"Female";"2013";"16.56"
"Mortality";"Umbria";"Lung";"45-59";"Female";"2014";"18.94"
"Mortality";"Umbria";"Lung";"45-59";"Female";"2015";"10.83"
"Mortality";"Umbria";"Lung";"45-59";"Female";"2016";"9.76"
"Incidence";"Sassari";"Lung";"45-59";"Female";"1994";"4.78"
"Incidence";"Sassari";"Lung";"45-59";"Female";"1995";"11.78"
"Incidence";"Sassari";"Lung";"45-59";"Female";"1996";"9.30"
"Incidence";"Sassari";"Lung";"45-59";"Female";"1997";"27.57"
"Incidence";"Sassari";"Lung";"45-59";"Female";"1998";"13.69"
"Incidence";"Sassari";"Lung";"45-59";"Female";"1999";"9.05"
"Incidence";"Sassari";"Lung";"45-59";"Female";"2000";"20.31"
"Incidence";"Sassari";"Lung";"45-59";"Female";"2001";"26.95"
"Incidence";"Sassari";"Lung";"45-59";"Female";"2002";"24.30"
"Incidence";"Sassari";"Lung";"45-59";"Female";"2003";"17.41"
"Incidence";"Sassari";"Lung";"45-59";"Female";"2004";"17.07"
"Incidence";"Sassari";"Lung";"45-59";"Female";"2005";"31.39"
"Incidence";"Sassari";"Lung";"45-59";"Female";"2006";"18.43"
"Incidence";"Sassari";"Lung";"45-59";"Female";"2007";"32.13"
"Incidence";"Sassari";"Lung";"45-59";"Female";"2008";"21.61"
"Incidence";"Sassari";"Lung";"45-59";"Female";"2009";"34.66"
"Incidence";"Sassari";"Lung";"45-59";"Female";"2010";"39.45"
"Incidence";"Sassari";"Lung";"45-59";"Female";"2011";"31.29"
"Incidence";"Sassari";"Lung";"45-59";"Female";"2012";"19.89"
"Incidence";"Sassari";"Lung";"45-59";"Female";"2013";"33.76"
"Incidence";"Sassari";"Lung";"45-59";"Female";"2014";"33.18"
"Incidence";"Sassari";"Lung";"45-59";"Female";"2015";"36.22"
"Incidence";"Emilia-Romagna";"Lung";"45-59";"Male";"1994";"117.27"
"Incidence";"Emilia-Romagna";"Lung";"45-59";"Male";"1995";"106.62"
"Incidence";"Emilia-Romagna";"Lung";"45-59";"Male";"1996";"111.85"
"Incidence";"Emilia-Romagna";"Lung";"45-59";"Male";"1997";"92.61"
"Incidence";"Emilia-Romagna";"Lung";"45-59";"Male";"1998";"90.59"
"Incidence";"Emilia-Romagna";"Lung";"45-59";"Male";"1999";"95.14"
"Incidence";"Emilia-Romagna";"Lung";"45-59";"Male";"2000";"83.05"
"Incidence";"Emilia-Romagna";"Lung";"45-59";"Male";"2001";"85.69"
"Incidence";"Emilia-Romagna";"Lung";"45-59";"Male";"2002";"85.48"
"Incidence";"Emilia-Romagna";"Lung";"45-59";"Male";"2003";"65.89"
"Incidence";"Emilia-Romagna";"Lung";"45-59";"Male";"2004";"71.91"
"Incidence";"Emilia-Romagna";"Lung";"45-59";"Male";"2005";"67.24"
"Incidence";"Emilia-Romagna";"Lung";"45-59";"Male";"2006";"67.11"
"Incidence";"Emilia-Romagna";"Lung";"45-59";"Male";"2007";"54.89"
"Incidence";"Emilia-Romagna";"Lung";"45-59";"Male";"2008";"61.42"
"Incidence";"Emilia-Romagna";"Lung";"45-59";"Male";"2009";"52.53"
"Incidence";"Emilia-Romagna";"Lung";"45-59";"Male";"2010";"54.46"
"Incidence";"Emilia-Romagna";"Lung";"45-59";"Male";"2011";"49.46"
"Incidence";"Emilia-Romagna";"Lung";"45-59";"Male";"2012";"43.21"
"Incidence";"Emilia-Romagna";"Lung";"45-59";"Male";"2013";"46.29"
"Incidence";"Emilia-Romagna";"Lung";"45-59";"Male";"2014";"47.32"
"Incidence";"Emilia-Romagna";"Lung";"45-59";"Male";"2015";"47.75"
"Incidence";"Emilia-Romagna";"Lung";"45-59";"Male";"2016";"41.89"
"Incidence";"Emilia-Romagna";"Lung";"45-59";"Male";"2017";"33.23"
"Incidence";"Emilia-Romagna";"Lung";"45-59";"Male";"2018";"38.27"
"Incidence";"Emilia-Romagna";"Lung";"45-59";"Male";"2019";"37.17"
"Incidence";"Emilia-Romagna";"Lung";"45-59";"Male";"2020";"34.65"
"Incidence";"Sassari";"Lung";"45-59";"Male";"1994";"83.33"
"Incidence";"Sassari";"Lung";"45-59";"Male";"1995";"96.41"
"Incidence";"Sassari";"Lung";"45-59";"Male";"1996";"88.22"
"Incidence";"Sassari";"Lung";"45-59";"Male";"1997";"70.50"
"Incidence";"Sassari";"Lung";"45-59";"Male";"1998";"111.59"
"Incidence";"Sassari";"Lung";"45-59";"Male";"1999";"101.37"
"Incidence";"Sassari";"Lung";"45-59";"Male";"2000";"80.33"
"Incidence";"Sassari";"Lung";"45-59";"Male";"2001";"93.10"
"Incidence";"Sassari";"Lung";"45-59";"Male";"2002";"82.59"
"Incidence";"Sassari";"Lung";"45-59";"Male";"2003";"76.78"
"Incidence";"Sassari";"Lung";"45-59";"Male";"2004";"70.91"
"Incidence";"Sassari";"Lung";"45-59";"Male";"2005";"67.59"
"Incidence";"Sassari";"Lung";"45-59";"Male";"2006";"86.55"
"Incidence";"Sassari";"Lung";"45-59";"Male";"2007";"56.73"
"Incidence";"Sassari";"Lung";"45-59";"Male";"2008";"39.80"
"Incidence";"Sassari";"Lung";"45-59";"Male";"2009";"54.75"
"Incidence";"Sassari";"Lung";"45-59";"Male";"2010";"48.04"
"Incidence";"Sassari";"Lung";"45-59";"Male";"2011";"52.81"
"Incidence";"Sassari";"Lung";"45-59";"Male";"2012";"35.17"
"Incidence";"Sassari";"Lung";"45-59";"Male";"2013";"52.76"
"Incidence";"Sassari";"Lung";"45-59";"Male";"2014";"35.82"
"Incidence";"Sassari";"Lung";"45-59";"Male";"2015";"58.27"
"Mortality";"Insubria-Varese";"Lung";"45-59";"Male";"1994";"91.76"
"Mortality";"Insubria-Varese";"Lung";"45-59";"Male";"1995";"67.68"
"Mortality";"Insubria-Varese";"Lung";"45-59";"Male";"1996";"80.74"
"Mortality";"Insubria-Varese";"Lung";"45-59";"Male";"1997";"84.27"
"Mortality";"Insubria-Varese";"Lung";"45-59";"Male";"1998";"87.90"
"Mortality";"Insubria-Varese";"Lung";"45-59";"Male";"1999";"72.52"
"Mortality";"Insubria-Varese";"Lung";"45-59";"Male";"2000";"70.68"
"Mortality";"Insubria-Varese";"Lung";"45-59";"Male";"2001";"88.70"
"Mortality";"Insubria-Varese";"Lung";"45-59";"Male";"2002";"45.04"
"Mortality";"Insubria-Varese";"Lung";"45-59";"Male";"2003";"70.62"
"Mortality";"Insubria-Varese";"Lung";"45-59";"Male";"2004";"57.62"
"Mortality";"Insubria-Varese";"Lung";"45-59";"Male";"2005";"60.43"
"Mortality";"Insubria-Varese";"Lung";"45-59";"Male";"2006";"48.64"
"Mortality";"Insubria-Varese";"Lung";"45-59";"Male";"2007";"48.47"
"Mortality";"Insubria-Varese";"Lung";"45-59";"Male";"2008";"38.63"
"Mortality";"Insubria-Varese";"Lung";"45-59";"Male";"2009";"36.93"
"Mortality";"Insubria-Varese";"Lung";"45-59";"Male";"2010";"50.89"
"Mortality";"Insubria-Varese";"Lung";"45-59";"Male";"2011";"36.57"
"Mortality";"Insubria-Varese";"Lung";"45-59";"Male";"2012";"32.66"
"Mortality";"Insubria-Varese";"Lung";"45-59";"Male";"2013";"36.87"
"Mortality";"Insubria-Varese";"Lung";"45-59";"Male";"2014";"22.65"
"Mortality";"Insubria-Varese";"Lung";"45-59";"Male";"2015";"27.32"
"Incidence";"Insubria-Varese";"Lung";"45-59";"Male";"1994";"95.48"
"Incidence";"Insubria-Varese";"Lung";"45-59";"Male";"1995";"107.06"
"Incidence";"Insubria-Varese";"Lung";"45-59";"Male";"1996";"108.88"
"Incidence";"Insubria-Varese";"Lung";"45-59";"Male";"1997";"109.91"
"Incidence";"Insubria-Varese";"Lung";"45-59";"Male";"1998";"81.80"
"Incidence";"Insubria-Varese";"Lung";"45-59";"Male";"1999";"104.48"
"Incidence";"Insubria-Varese";"Lung";"45-59";"Male";"2000";"90.51"
"Incidence";"Insubria-Varese";"Lung";"45-59";"Male";"2001";"99.95"
"Incidence";"Insubria-Varese";"Lung";"45-59";"Male";"2002";"61.31"
"Incidence";"Insubria-Varese";"Lung";"45-59";"Male";"2003";"95.39"
"Incidence";"Insubria-Varese";"Lung";"45-59";"Male";"2004";"87.04"
"Incidence";"Insubria-Varese";"Lung";"45-59";"Male";"2005";"66.47"
"Incidence";"Insubria-Varese";"Lung";"45-59";"Male";"2006";"67.63"
"Incidence";"Insubria-Varese";"Lung";"45-59";"Male";"2007";"53.20"
"Incidence";"Insubria-Varese";"Lung";"45-59";"Male";"2008";"39.80"
"Incidence";"Insubria-Varese";"Lung";"45-59";"Male";"2009";"65.78"
"Incidence";"Insubria-Varese";"Lung";"45-59";"Male";"2010";"41.85"
"Incidence";"Insubria-Varese";"Lung";"45-59";"Male";"2011";"58.73"
"Incidence";"Insubria-Varese";"Lung";"45-59";"Male";"2012";"52.26"
"Incidence";"Insubria-Varese";"Lung";"45-59";"Male";"2013";"46.35"
"Incidence";"Insubria-Varese";"Lung";"45-59";"Male";"2014";"38.10"
"Incidence";"Insubria-Varese";"Lung";"45-59";"Male";"2015";"39.46"
"Incidence";"Emilia-Romagna";"Lung";"45-59";"Female";"1994";"17.07"
"Incidence";"Emilia-Romagna";"Lung";"45-59";"Female";"1995";"23.75"
"Incidence";"Emilia-Romagna";"Lung";"45-59";"Female";"1996";"20.92"
"Incidence";"Emilia-Romagna";"Lung";"45-59";"Female";"1997";"31.59"
"Incidence";"Emilia-Romagna";"Lung";"45-59";"Female";"1998";"27.83"
"Incidence";"Emilia-Romagna";"Lung";"45-59";"Female";"1999";"36.26"
"Incidence";"Emilia-Romagna";"Lung";"45-59";"Female";"2000";"36.43"
"Incidence";"Emilia-Romagna";"Lung";"45-59";"Female";"2001";"26.68"
"Incidence";"Emilia-Romagna";"Lung";"45-59";"Female";"2002";"28.96"
"Incidence";"Emilia-Romagna";"Lung";"45-59";"Female";"2003";"26.49"
"Incidence";"Emilia-Romagna";"Lung";"45-59";"Female";"2004";"30.84"
"Incidence";"Emilia-Romagna";"Lung";"45-59";"Female";"2005";"32.42"
"Incidence";"Emilia-Romagna";"Lung";"45-59";"Female";"2006";"30.83"
"Incidence";"Emilia-Romagna";"Lung";"45-59";"Female";"2007";"33.96"
"Incidence";"Emilia-Romagna";"Lung";"45-59";"Female";"2008";"32.21"
"Incidence";"Emilia-Romagna";"Lung";"45-59";"Female";"2009";"41.23"
"Incidence";"Emilia-Romagna";"Lung";"45-59";"Female";"2010";"32.16"
"Incidence";"Emilia-Romagna";"Lung";"45-59";"Female";"2011";"32.96"
"Incidence";"Emilia-Romagna";"Lung";"45-59";"Female";"2012";"39.19"
"Incidence";"Emilia-Romagna";"Lung";"45-59";"Female";"2013";"34.57"
"Incidence";"Emilia-Romagna";"Lung";"45-59";"Female";"2014";"36.63"
"Incidence";"Emilia-Romagna";"Lung";"45-59";"Female";"2015";"31.90"
"Incidence";"Emilia-Romagna";"Lung";"45-59";"Female";"2016";"32.67"
"Incidence";"Emilia-Romagna";"Lung";"45-59";"Female";"2017";"33.81"
"Incidence";"Emilia-Romagna";"Lung";"45-59";"Female";"2018";"31.89"
"Incidence";"Emilia-Romagna";"Lung";"45-59";"Female";"2019";"32.65"
"Incidence";"Emilia-Romagna";"Lung";"45-59";"Female";"2020";"32.31"
"Mortality";"Insubria-Varese";"Lung";"45-59";"Female";"1994";"7.16"
"Mortality";"Insubria-Varese";"Lung";"45-59";"Female";"1995";"10.65"
"Mortality";"Insubria-Varese";"Lung";"45-59";"Female";"1996";"11.78"
"Mortality";"Insubria-Varese";"Lung";"45-59";"Female";"1997";"16.44"
"Mortality";"Insubria-Varese";"Lung";"45-59";"Female";"1998";"9.41"
"Mortality";"Insubria-Varese";"Lung";"45-59";"Female";"1999";"11.85"
"Mortality";"Insubria-Varese";"Lung";"45-59";"Female";"2000";"10.75"
"Mortality";"Insubria-Varese";"Lung";"45-59";"Female";"2001";"20.42"
"Mortality";"Insubria-Varese";"Lung";"45-59";"Female";"2002";"13.23"
"Mortality";"Insubria-Varese";"Lung";"45-59";"Female";"2003";"14.38"
"Mortality";"Insubria-Varese";"Lung";"45-59";"Female";"2004";"13.03"
"Mortality";"Insubria-Varese";"Lung";"45-59";"Female";"2005";"24.46"
"Mortality";"Insubria-Varese";"Lung";"45-59";"Female";"2006";"28.74"
"Mortality";"Insubria-Varese";"Lung";"45-59";"Female";"2007";"21.78"
"Mortality";"Insubria-Varese";"Lung";"45-59";"Female";"2008";"17.03"
"Mortality";"Insubria-Varese";"Lung";"45-59";"Female";"2009";"17.96"
"Mortality";"Insubria-Varese";"Lung";"45-59";"Female";"2010";"25.44"
"Mortality";"Insubria-Varese";"Lung";"45-59";"Female";"2011";"21.57"
"Mortality";"Insubria-Varese";"Lung";"45-59";"Female";"2012";"26.50"
"Mortality";"Insubria-Varese";"Lung";"45-59";"Female";"2013";"16.48"
"Mortality";"Insubria-Varese";"Lung";"45-59";"Female";"2014";"27.36"
"Mortality";"Insubria-Varese";"Lung";"45-59";"Female";"2015";"15.96"
"Mortality";"Umbria";"Lung";"60-74";"Male";"1994";"319.02"
"Mortality";"Umbria";"Lung";"60-74";"Male";"1995";"265.00"
"Mortality";"Umbria";"Lung";"60-74";"Male";"1996";"277.51"
"Mortality";"Umbria";"Lung";"60-74";"Male";"1997";"305.86"
"Mortality";"Umbria";"Lung";"60-74";"Male";"1998";"293.80"
"Mortality";"Umbria";"Lung";"60-74";"Male";"1999";"244.69"
"Mortality";"Umbria";"Lung";"60-74";"Male";"2000";"219.65"
"Mortality";"Umbria";"Lung";"60-74";"Male";"2001";"256.85"
"Mortality";"Umbria";"Lung";"60-74";"Male";"2002";"246.53"
"Mortality";"Umbria";"Lung";"60-74";"Male";"2003";"214.17"
"Mortality";"Umbria";"Lung";"60-74";"Male";"2004";"221.62"
"Mortality";"Umbria";"Lung";"60-74";"Male";"2005";"210.36"
"Mortality";"Umbria";"Lung";"60-74";"Male";"2006";"181.96"
"Mortality";"Umbria";"Lung";"60-74";"Male";"2007";"211.27"
"Mortality";"Umbria";"Lung";"60-74";"Male";"2008";"201.50"
"Mortality";"Umbria";"Lung";"60-74";"Male";"2009";"222.69"
"Mortality";"Umbria";"Lung";"60-74";"Male";"2010";"194.62"
"Mortality";"Umbria";"Lung";"60-74";"Male";"2011";"186.35"
"Mortality";"Umbria";"Lung";"60-74";"Male";"2012";"195.47"
"Mortality";"Umbria";"Lung";"60-74";"Male";"2013";"198.04"
"Mortality";"Umbria";"Lung";"60-74";"Male";"2014";"190.72"
"Mortality";"Umbria";"Lung";"60-74";"Male";"2015";"178.32"
"Mortality";"Umbria";"Lung";"60-74";"Male";"2016";"179.79"
"Incidence";"Veneto";"Lung";"60-74";"Male";"1994";"566.69"
"Incidence";"Veneto";"Lung";"60-74";"Male";"1995";"484.30"
"Incidence";"Veneto";"Lung";"60-74";"Male";"1996";"482.13"
"Incidence";"Veneto";"Lung";"60-74";"Male";"1997";"494.30"
"Incidence";"Veneto";"Lung";"60-74";"Male";"1998";"473.16"
"Incidence";"Veneto";"Lung";"60-74";"Male";"1999";"469.69"
"Incidence";"Veneto";"Lung";"60-74";"Male";"2000";"453.79"
"Incidence";"Veneto";"Lung";"60-74";"Male";"2001";"416.15"
"Incidence";"Veneto";"Lung";"60-74";"Male";"2002";"405.65"
"Incidence";"Veneto";"Lung";"60-74";"Male";"2003";"357.09"
"Incidence";"Veneto";"Lung";"60-74";"Male";"2004";"330.10"
"Incidence";"Veneto";"Lung";"60-74";"Male";"2005";"325.57"
"Incidence";"Veneto";"Lung";"60-74";"Male";"2006";"337.27"
"Incidence";"Veneto";"Lung";"60-74";"Male";"2007";"307.82"
"Incidence";"Veneto";"Lung";"60-74";"Male";"2008";"254.01"
"Incidence";"Veneto";"Lung";"60-74";"Male";"2009";"262.70"
"Incidence";"Veneto";"Lung";"60-74";"Male";"2010";"262.80"
"Incidence";"Veneto";"Lung";"60-74";"Male";"2011";"244.62"
"Incidence";"Veneto";"Lung";"60-74";"Male";"2012";"254.45"
"Incidence";"Veneto";"Lung";"60-74";"Male";"2013";"231.04"
"Incidence";"Veneto";"Lung";"60-74";"Male";"2014";"226.13"
"Incidence";"Veneto";"Lung";"60-74";"Male";"2015";"231.17"
"Incidence";"Veneto";"Lung";"60-74";"Male";"2016";"217.33"
"Incidence";"Veneto";"Lung";"60-74";"Male";"2017";"209.94"
"Incidence";"Veneto";"Lung";"60-74";"Male";"2018";"205.02"
"Incidence";"Veneto";"Lung";"60-74";"Male";"2019";"189.35"
"Incidence";"Veneto";"Lung";"60-74";"Male";"2020";"162.80"
"Incidence";"Veneto";"Lung";"60-74";"Male";"2021";"175.53"
"Incidence";"Veneto";"Lung";"60-74";"Female";"1994";"90.46"
"Incidence";"Veneto";"Lung";"60-74";"Female";"1995";"74.87"
"Incidence";"Veneto";"Lung";"60-74";"Female";"1996";"95.92"
"Incidence";"Veneto";"Lung";"60-74";"Female";"1997";"92.45"
"Incidence";"Veneto";"Lung";"60-74";"Female";"1998";"97.97"
"Incidence";"Veneto";"Lung";"60-74";"Female";"1999";"75.03"
"Incidence";"Veneto";"Lung";"60-74";"Female";"2000";"75.00"
"Incidence";"Veneto";"Lung";"60-74";"Female";"2001";"81.51"
"Incidence";"Veneto";"Lung";"60-74";"Female";"2002";"85.35"
"Incidence";"Veneto";"Lung";"60-74";"Female";"2003";"78.56"
"Incidence";"Veneto";"Lung";"60-74";"Female";"2004";"72.02"
"Incidence";"Veneto";"Lung";"60-74";"Female";"2005";"79.61"
"Incidence";"Veneto";"Lung";"60-74";"Female";"2006";"76.89"
"Incidence";"Veneto";"Lung";"60-74";"Female";"2007";"87.30"
"Incidence";"Veneto";"Lung";"60-74";"Female";"2008";"80.75"
"Incidence";"Veneto";"Lung";"60-74";"Female";"2009";"84.78"
"Incidence";"Veneto";"Lung";"60-74";"Female";"2010";"72.33"
"Incidence";"Veneto";"Lung";"60-74";"Female";"2011";"85.88"
"Incidence";"Veneto";"Lung";"60-74";"Female";"2012";"90.57"
"Incidence";"Veneto";"Lung";"60-74";"Female";"2013";"81.98"
"Incidence";"Veneto";"Lung";"60-74";"Female";"2014";"87.83"
"Incidence";"Veneto";"Lung";"60-74";"Female";"2015";"76.90"
"Incidence";"Veneto";"Lung";"60-74";"Female";"2016";"94.59"
"Incidence";"Veneto";"Lung";"60-74";"Female";"2017";"102.67"
"Incidence";"Veneto";"Lung";"60-74";"Female";"2018";"101.27"
"Incidence";"Veneto";"Lung";"60-74";"Female";"2019";"98.45"
"Incidence";"Veneto";"Lung";"60-74";"Female";"2020";"88.30"
"Incidence";"Veneto";"Lung";"60-74";"Female";"2021";"92.89"
"Incidence";"Emilia-Romagna";"Lung";"60-74";"Female";"1994";"55.51"
"Incidence";"Emilia-Romagna";"Lung";"60-74";"Female";"1995";"78.97"
"Incidence";"Emilia-Romagna";"Lung";"60-74";"Female";"1996";"70.10"
"Incidence";"Emilia-Romagna";"Lung";"60-74";"Female";"1997";"70.60"
"Incidence";"Emilia-Romagna";"Lung";"60-74";"Female";"1998";"64.37"
"Incidence";"Emilia-Romagna";"Lung";"60-74";"Female";"1999";"65.01"
"Incidence";"Emilia-Romagna";"Lung";"60-74";"Female";"2000";"76.11"
"Incidence";"Emilia-Romagna";"Lung";"60-74";"Female";"2001";"75.09"
"Incidence";"Emilia-Romagna";"Lung";"60-74";"Female";"2002";"79.46"
"Incidence";"Emilia-Romagna";"Lung";"60-74";"Female";"2003";"73.21"
"Incidence";"Emilia-Romagna";"Lung";"60-74";"Female";"2004";"76.99"
"Incidence";"Emilia-Romagna";"Lung";"60-74";"Female";"2005";"85.54"
"Incidence";"Emilia-Romagna";"Lung";"60-74";"Female";"2006";"84.65"
"Incidence";"Emilia-Romagna";"Lung";"60-74";"Female";"2007";"87.59"
"Incidence";"Emilia-Romagna";"Lung";"60-74";"Female";"2008";"92.95"
"Incidence";"Emilia-Romagna";"Lung";"60-74";"Female";"2009";"98.40"
"Incidence";"Emilia-Romagna";"Lung";"60-74";"Female";"2010";"95.77"
"Incidence";"Emilia-Romagna";"Lung";"60-74";"Female";"2011";"102.22"
"Incidence";"Emilia-Romagna";"Lung";"60-74";"Female";"2012";"118.86"
"Incidence";"Emilia-Romagna";"Lung";"60-74";"Female";"2013";"122.10"
"Incidence";"Emilia-Romagna";"Lung";"60-74";"Female";"2014";"120.72"
"Incidence";"Emilia-Romagna";"Lung";"60-74";"Female";"2015";"130.45"
"Incidence";"Emilia-Romagna";"Lung";"60-74";"Female";"2016";"126.59"
"Incidence";"Emilia-Romagna";"Lung";"60-74";"Female";"2017";"122.90"
"Incidence";"Emilia-Romagna";"Lung";"60-74";"Female";"2018";"133.55"
"Incidence";"Emilia-Romagna";"Lung";"60-74";"Female";"2019";"136.01"
"Incidence";"Emilia-Romagna";"Lung";"60-74";"Female";"2020";"132.45"
"Incidence";"Sassari";"Lung";"60-74";"Male";"1994";"354.03"
"Incidence";"Sassari";"Lung";"60-74";"Male";"1995";"358.32"
"Incidence";"Sassari";"Lung";"60-74";"Male";"1996";"356.50"
"Incidence";"Sassari";"Lung";"60-74";"Male";"1997";"336.77"
"Incidence";"Sassari";"Lung";"60-74";"Male";"1998";"349.94"
"Incidence";"Sassari";"Lung";"60-74";"Male";"1999";"336.62"
"Incidence";"Sassari";"Lung";"60-74";"Male";"2000";"305.92"
"Incidence";"Sassari";"Lung";"60-74";"Male";"2001";"283.57"
"Incidence";"Sassari";"Lung";"60-74";"Male";"2002";"316.39"
"Incidence";"Sassari";"Lung";"60-74";"Male";"2003";"271.06"
"Incidence";"Sassari";"Lung";"60-74";"Male";"2004";"283.82"
"Incidence";"Sassari";"Lung";"60-74";"Male";"2005";"274.34"
"Incidence";"Sassari";"Lung";"60-74";"Male";"2006";"304.68"
"Incidence";"Sassari";"Lung";"60-74";"Male";"2007";"303.18"
"Incidence";"Sassari";"Lung";"60-74";"Male";"2008";"263.71"
"Incidence";"Sassari";"Lung";"60-74";"Male";"2009";"294.74"
"Incidence";"Sassari";"Lung";"60-74";"Male";"2010";"281.46"
"Incidence";"Sassari";"Lung";"60-74";"Male";"2011";"277.24"
"Incidence";"Sassari";"Lung";"60-74";"Male";"2012";"255.28"
"Incidence";"Sassari";"Lung";"60-74";"Male";"2013";"293.37"
"Incidence";"Sassari";"Lung";"60-74";"Male";"2014";"289.43"
"Incidence";"Sassari";"Lung";"60-74";"Male";"2015";"265.94"
"Incidence";"Sassari";"Lung";"60-74";"Female";"1994";"39.75"
"Incidence";"Sassari";"Lung";"60-74";"Female";"1995";"36.26"
"Incidence";"Sassari";"Lung";"60-74";"Female";"1996";"59.66"
"Incidence";"Sassari";"Lung";"60-74";"Female";"1997";"26.49"
"Incidence";"Sassari";"Lung";"60-74";"Female";"1998";"34.99"
"Incidence";"Sassari";"Lung";"60-74";"Female";"1999";"37.41"
"Incidence";"Sassari";"Lung";"60-74";"Female";"2000";"42.22"
"Incidence";"Sassari";"Lung";"60-74";"Female";"2001";"58.19"
"Incidence";"Sassari";"Lung";"60-74";"Female";"2002";"35.61"
"Incidence";"Sassari";"Lung";"60-74";"Female";"2003";"59.02"
"Incidence";"Sassari";"Lung";"60-74";"Female";"2004";"60.90"
"Incidence";"Sassari";"Lung";"60-74";"Female";"2005";"57.44"
"Incidence";"Sassari";"Lung";"60-74";"Female";"2006";"54.36"
"Incidence";"Sassari";"Lung";"60-74";"Female";"2007";"70.96"
"Incidence";"Sassari";"Lung";"60-74";"Female";"2008";"52.07"
"Incidence";"Sassari";"Lung";"60-74";"Female";"2009";"60.52"
"Incidence";"Sassari";"Lung";"60-74";"Female";"2010";"45.44"
"Incidence";"Sassari";"Lung";"60-74";"Female";"2011";"51.66"
"Incidence";"Sassari";"Lung";"60-74";"Female";"2012";"69.24"
"Incidence";"Sassari";"Lung";"60-74";"Female";"2013";"88.85"
"Incidence";"Sassari";"Lung";"60-74";"Female";"2014";"81.42"
"Incidence";"Sassari";"Lung";"60-74";"Female";"2015";"80.65"
"Incidence";"Liguria";"Lung";"60-74";"Female";"1994";"78.63"
"Incidence";"Liguria";"Lung";"60-74";"Female";"1995";"82.72"
"Incidence";"Liguria";"Lung";"60-74";"Female";"1996";"58.58"
"Incidence";"Liguria";"Lung";"60-74";"Female";"1997";"79.78"
"Incidence";"Liguria";"Lung";"60-74";"Female";"1998";"64.98"
"Incidence";"Liguria";"Lung";"60-74";"Female";"1999";"59.19"
"Incidence";"Liguria";"Lung";"60-74";"Female";"2000";"71.97"
"Incidence";"Liguria";"Lung";"60-74";"Female";"2001";"84.98"
"Incidence";"Liguria";"Lung";"60-74";"Female";"2002";"69.71"
"Incidence";"Liguria";"Lung";"60-74";"Female";"2003";"71.34"
"Incidence";"Liguria";"Lung";"60-74";"Female";"2004";"90.45"
"Incidence";"Liguria";"Lung";"60-74";"Female";"2005";"71.11"
"Incidence";"Liguria";"Lung";"60-74";"Female";"2006";"73.85"
"Incidence";"Liguria";"Lung";"60-74";"Female";"2007";"104.35"
"Incidence";"Liguria";"Lung";"60-74";"Female";"2008";"82.29"
"Incidence";"Liguria";"Lung";"60-74";"Female";"2009";"90.60"
"Incidence";"Liguria";"Lung";"60-74";"Female";"2010";"102.50"
"Incidence";"Liguria";"Lung";"60-74";"Female";"2011";"97.99"
"Incidence";"Liguria";"Lung";"60-74";"Female";"2012";"94.64"
"Incidence";"Liguria";"Lung";"60-74";"Female";"2013";"95.81"
"Incidence";"Liguria";"Lung";"60-74";"Female";"2014";"117.48"
"Incidence";"Liguria";"Lung";"60-74";"Female";"2015";"112.65"
"Incidence";"Liguria";"Lung";"60-74";"Female";"2016";"125.85"
"Incidence";"Ragusa";"Lung";"60-74";"Male";"1994";"251.06"
"Incidence";"Ragusa";"Lung";"60-74";"Male";"1995";"258.98"
"Incidence";"Ragusa";"Lung";"60-74";"Male";"1996";"222.47"
"Incidence";"Ragusa";"Lung";"60-74";"Male";"1997";"252.61"
"Incidence";"Ragusa";"Lung";"60-74";"Male";"1998";"327.43"
"Incidence";"Ragusa";"Lung";"60-74";"Male";"1999";"262.27"
"Incidence";"Ragusa";"Lung";"60-74";"Male";"2000";"287.87"
"Incidence";"Ragusa";"Lung";"60-74";"Male";"2001";"319.73"
"Incidence";"Ragusa";"Lung";"60-74";"Male";"2002";"277.64"
"Incidence";"Ragusa";"Lung";"60-74";"Male";"2003";"248.97"
"Incidence";"Ragusa";"Lung";"60-74";"Male";"2004";"271.41"
"Incidence";"Ragusa";"Lung";"60-74";"Male";"2005";"238.73"
"Incidence";"Ragusa";"Lung";"60-74";"Male";"2006";"214.49"
"Incidence";"Ragusa";"Lung";"60-74";"Male";"2007";"288.60"
"Incidence";"Ragusa";"Lung";"60-74";"Male";"2008";"248.34"
"Incidence";"Ragusa";"Lung";"60-74";"Male";"2009";"322.21"
"Incidence";"Ragusa";"Lung";"60-74";"Male";"2010";"278.99"
"Incidence";"Ragusa";"Lung";"60-74";"Male";"2011";"255.06"
"Incidence";"Ragusa";"Lung";"60-74";"Male";"2012";"279.24"
"Incidence";"Ragusa";"Lung";"60-74";"Male";"2013";"253.03"
"Incidence";"Ragusa";"Lung";"60-74";"Male";"2014";"252.33"
"Incidence";"Ragusa";"Lung";"60-74";"Male";"2015";"263.16"
"Incidence";"Ragusa";"Lung";"60-74";"Male";"2016";"268.16"
"Incidence";"Ragusa";"Lung";"60-74";"Male";"2017";"257.28"
"Incidence";"Emilia-Romagna";"Lung";"60-74";"Male";"1994";"430.00"
"Incidence";"Emilia-Romagna";"Lung";"60-74";"Male";"1995";"435.24"
"Incidence";"Emilia-Romagna";"Lung";"60-74";"Male";"1996";"439.43"
"Incidence";"Emilia-Romagna";"Lung";"60-74";"Male";"1997";"440.32"
"Incidence";"Emilia-Romagna";"Lung";"60-74";"Male";"1998";"400.54"
"Incidence";"Emilia-Romagna";"Lung";"60-74";"Male";"1999";"394.86"
"Incidence";"Emilia-Romagna";"Lung";"60-74";"Male";"2000";"380.87"
"Incidence";"Emilia-Romagna";"Lung";"60-74";"Male";"2001";"394.33"
"Incidence";"Emilia-Romagna";"Lung";"60-74";"Male";"2002";"349.81"
"Incidence";"Emilia-Romagna";"Lung";"60-74";"Male";"2003";"344.46"
"Incidence";"Emilia-Romagna";"Lung";"60-74";"Male";"2004";"356.94"
"Incidence";"Emilia-Romagna";"Lung";"60-74";"Male";"2005";"326.04"
"Incidence";"Emilia-Romagna";"Lung";"60-74";"Male";"2006";"340.23"
"Incidence";"Emilia-Romagna";"Lung";"60-74";"Male";"2007";"317.38"
"Incidence";"Emilia-Romagna";"Lung";"60-74";"Male";"2008";"303.02"
"Incidence";"Emilia-Romagna";"Lung";"60-74";"Male";"2009";"304.34"
"Incidence";"Emilia-Romagna";"Lung";"60-74";"Male";"2010";"281.76"
"Incidence";"Emilia-Romagna";"Lung";"60-74";"Male";"2011";"286.60"
"Incidence";"Emilia-Romagna";"Lung";"60-74";"Male";"2012";"266.77"
"Incidence";"Emilia-Romagna";"Lung";"60-74";"Male";"2013";"277.30"
"Incidence";"Emilia-Romagna";"Lung";"60-74";"Male";"2014";"285.61"
"Incidence";"Emilia-Romagna";"Lung";"60-74";"Male";"2015";"276.14"
"Incidence";"Emilia-Romagna";"Lung";"60-74";"Male";"2016";"258.33"
"Incidence";"Emilia-Romagna";"Lung";"60-74";"Male";"2017";"246.56"
"Incidence";"Emilia-Romagna";"Lung";"60-74";"Male";"2018";"244.00"
"Incidence";"Emilia-Romagna";"Lung";"60-74";"Male";"2019";"245.52"
"Incidence";"Emilia-Romagna";"Lung";"60-74";"Male";"2020";"204.00"
"Incidence";"Insubria-Varese";"Lung";"60-74";"Female";"1994";"59.10"
"Incidence";"Insubria-Varese";"Lung";"60-74";"Female";"1995";"58.85"
"Incidence";"Insubria-Varese";"Lung";"60-74";"Female";"1996";"56.99"
"Incidence";"Insubria-Varese";"Lung";"60-74";"Female";"1997";"61.00"
"Incidence";"Insubria-Varese";"Lung";"60-74";"Female";"1998";"58.75"
"Incidence";"Insubria-Varese";"Lung";"60-74";"Female";"1999";"63.48"
"Incidence";"Insubria-Varese";"Lung";"60-74";"Female";"2000";"59.53"
"Incidence";"Insubria-Varese";"Lung";"60-74";"Female";"2001";"55.85"
"Incidence";"Insubria-Varese";"Lung";"60-74";"Female";"2002";"72.96"
"Incidence";"Insubria-Varese";"Lung";"60-74";"Female";"2003";"65.74"
"Incidence";"Insubria-Varese";"Lung";"60-74";"Female";"2004";"62.82"
"Incidence";"Insubria-Varese";"Lung";"60-74";"Female";"2005";"69.19"
"Incidence";"Insubria-Varese";"Lung";"60-74";"Female";"2006";"61.40"
"Incidence";"Insubria-Varese";"Lung";"60-74";"Female";"2007";"54.93"
"Incidence";"Insubria-Varese";"Lung";"60-74";"Female";"2008";"68.45"
"Incidence";"Insubria-Varese";"Lung";"60-74";"Female";"2009";"62.21"
"Incidence";"Insubria-Varese";"Lung";"60-74";"Female";"2010";"54.01"
"Incidence";"Insubria-Varese";"Lung";"60-74";"Female";"2011";"83.42"
"Incidence";"Insubria-Varese";"Lung";"60-74";"Female";"2012";"92.07"
"Incidence";"Insubria-Varese";"Lung";"60-74";"Female";"2013";"78.72"
"Incidence";"Insubria-Varese";"Lung";"60-74";"Female";"2014";"67.92"
"Incidence";"Insubria-Varese";"Lung";"60-74";"Female";"2015";"71.85"
"Incidence";"Insubria-Varese";"Lung";"60-74";"Male";"1994";"464.70"
"Incidence";"Insubria-Varese";"Lung";"60-74";"Male";"1995";"497.50"
"Incidence";"Insubria-Varese";"Lung";"60-74";"Male";"1996";"515.74"
"Incidence";"Insubria-Varese";"Lung";"60-74";"Male";"1997";"471.41"
"Incidence";"Insubria-Varese";"Lung";"60-74";"Male";"1998";"375.86"
"Incidence";"Insubria-Varese";"Lung";"60-74";"Male";"1999";"385.90"
"Incidence";"Insubria-Varese";"Lung";"60-74";"Male";"2000";"416.54"
"Incidence";"Insubria-Varese";"Lung";"60-74";"Male";"2001";"356.59"
"Incidence";"Insubria-Varese";"Lung";"60-74";"Male";"2002";"397.32"
"Incidence";"Insubria-Varese";"Lung";"60-74";"Male";"2003";"381.11"
"Incidence";"Insubria-Varese";"Lung";"60-74";"Male";"2004";"316.92"
"Incidence";"Insubria-Varese";"Lung";"60-74";"Male";"2005";"310.75"
"Incidence";"Insubria-Varese";"Lung";"60-74";"Male";"2006";"328.47"
"Incidence";"Insubria-Varese";"Lung";"60-74";"Male";"2007";"340.88"
"Incidence";"Insubria-Varese";"Lung";"60-74";"Male";"2008";"325.78"
"Incidence";"Insubria-Varese";"Lung";"60-74";"Male";"2009";"259.20"
"Incidence";"Insubria-Varese";"Lung";"60-74";"Male";"2010";"289.82"
"Incidence";"Insubria-Varese";"Lung";"60-74";"Male";"2011";"287.79"
"Incidence";"Insubria-Varese";"Lung";"60-74";"Male";"2012";"296.69"
"Incidence";"Insubria-Varese";"Lung";"60-74";"Male";"2013";"259.97"
"Incidence";"Insubria-Varese";"Lung";"60-74";"Male";"2014";"268.07"
"Incidence";"Insubria-Varese";"Lung";"60-74";"Male";"2015";"249.28"
"Mortality";"Umbria";"Lung";"60-74";"Female";"1994";"27.76"
"Mortality";"Umbria";"Lung";"60-74";"Female";"1995";"34.50"
"Mortality";"Umbria";"Lung";"60-74";"Female";"1996";"39.51"
"Mortality";"Umbria";"Lung";"60-74";"Female";"1997";"41.11"
"Mortality";"Umbria";"Lung";"60-74";"Female";"1998";"42.55"
"Mortality";"Umbria";"Lung";"60-74";"Female";"1999";"32.92"
"Mortality";"Umbria";"Lung";"60-74";"Female";"2000";"32.96"
"Mortality";"Umbria";"Lung";"60-74";"Female";"2001";"44.00"
"Mortality";"Umbria";"Lung";"60-74";"Female";"2002";"44.28"
"Mortality";"Umbria";"Lung";"60-74";"Female";"2003";"40.82"
"Mortality";"Umbria";"Lung";"60-74";"Female";"2004";"44.27"
"Mortality";"Umbria";"Lung";"60-74";"Female";"2005";"37.10"
"Mortality";"Umbria";"Lung";"60-74";"Female";"2006";"49.10"
"Mortality";"Umbria";"Lung";"60-74";"Female";"2007";"51.51"
"Mortality";"Umbria";"Lung";"60-74";"Female";"2008";"45.98"
"Mortality";"Umbria";"Lung";"60-74";"Female";"2009";"39.23"
"Mortality";"Umbria";"Lung";"60-74";"Female";"2010";"51.04"
"Mortality";"Umbria";"Lung";"60-74";"Female";"2011";"63.98"
"Mortality";"Umbria";"Lung";"60-74";"Female";"2012";"68.35"
"Mortality";"Umbria";"Lung";"60-74";"Female";"2013";"58.58"
"Mortality";"Umbria";"Lung";"60-74";"Female";"2014";"76.54"
"Mortality";"Umbria";"Lung";"60-74";"Female";"2015";"46.15"
"Mortality";"Umbria";"Lung";"60-74";"Female";"2016";"71.56"
"Mortality";"Insubria-Varese";"Lung";"60-74";"Male";"1994";"403.50"
"Mortality";"Insubria-Varese";"Lung";"60-74";"Male";"1995";"421.68"
"Mortality";"Insubria-Varese";"Lung";"60-74";"Male";"1996";"426.75"
"Mortality";"Insubria-Varese";"Lung";"60-74";"Male";"1997";"399.99"
"Mortality";"Insubria-Varese";"Lung";"60-74";"Male";"1998";"347.89"
"Mortality";"Insubria-Varese";"Lung";"60-74";"Male";"1999";"384.20"
"Mortality";"Insubria-Varese";"Lung";"60-74";"Male";"2000";"299.18"
"Mortality";"Insubria-Varese";"Lung";"60-74";"Male";"2001";"289.13"
"Mortality";"Insubria-Varese";"Lung";"60-74";"Male";"2002";"334.25"
"Mortality";"Insubria-Varese";"Lung";"60-74";"Male";"2003";"306.44"
"Mortality";"Insubria-Varese";"Lung";"60-74";"Male";"2004";"284.61"
"Mortality";"Insubria-Varese";"Lung";"60-74";"Male";"2005";"268.10"
"Mortality";"Insubria-Varese";"Lung";"60-74";"Male";"2006";"252.44"
"Mortality";"Insubria-Varese";"Lung";"60-74";"Male";"2007";"296.41"
"Mortality";"Insubria-Varese";"Lung";"60-74";"Male";"2008";"265.88"
"Mortality";"Insubria-Varese";"Lung";"60-74";"Male";"2009";"257.77"
"Mortality";"Insubria-Varese";"Lung";"60-74";"Male";"2010";"233.27"
"Mortality";"Insubria-Varese";"Lung";"60-74";"Male";"2011";"216.54"
"Mortality";"Insubria-Varese";"Lung";"60-74";"Male";"2012";"228.12"
"Mortality";"Insubria-Varese";"Lung";"60-74";"Male";"2013";"209.08"
"Mortality";"Insubria-Varese";"Lung";"60-74";"Male";"2014";"197.60"
"Mortality";"Insubria-Varese";"Lung";"60-74";"Male";"2015";"196.66"
"Mortality";"Insubria-Varese";"Lung";"60-74";"Female";"1994";"51.52"
"Mortality";"Insubria-Varese";"Lung";"60-74";"Female";"1995";"47.08"
"Mortality";"Insubria-Varese";"Lung";"60-74";"Female";"1996";"54.07"
"Mortality";"Insubria-Varese";"Lung";"60-74";"Female";"1997";"65.36"
"Mortality";"Insubria-Varese";"Lung";"60-74";"Female";"1998";"53.02"
"Mortality";"Insubria-Varese";"Lung";"60-74";"Female";"1999";"47.96"
"Mortality";"Insubria-Varese";"Lung";"60-74";"Female";"2000";"48.46"
"Mortality";"Insubria-Varese";"Lung";"60-74";"Female";"2001";"54.48"
"Mortality";"Insubria-Varese";"Lung";"60-74";"Female";"2002";"51.34"
"Mortality";"Insubria-Varese";"Lung";"60-74";"Female";"2003";"50.98"
"Mortality";"Insubria-Varese";"Lung";"60-74";"Female";"2004";"46.78"
"Mortality";"Insubria-Varese";"Lung";"60-74";"Female";"2005";"49.23"
"Mortality";"Insubria-Varese";"Lung";"60-74";"Female";"2006";"49.39"
"Mortality";"Insubria-Varese";"Lung";"60-74";"Female";"2007";"41.85"
"Mortality";"Insubria-Varese";"Lung";"60-74";"Female";"2008";"49.08"
"Mortality";"Insubria-Varese";"Lung";"60-74";"Female";"2009";"48.25"
"Mortality";"Insubria-Varese";"Lung";"60-74";"Female";"2010";"41.45"
"Mortality";"Insubria-Varese";"Lung";"60-74";"Female";"2011";"51.05"
"Mortality";"Insubria-Varese";"Lung";"60-74";"Female";"2012";"52.26"
"Mortality";"Insubria-Varese";"Lung";"60-74";"Female";"2013";"52.89"
"Mortality";"Insubria-Varese";"Lung";"60-74";"Female";"2014";"51.87"
"Mortality";"Insubria-Varese";"Lung";"60-74";"Female";"2015";"58.22"
"Incidence";"Umbria";"Lung";"60-74";"Female";"1994";"44.66"
"Incidence";"Umbria";"Lung";"60-74";"Female";"1995";"54.73"
"Incidence";"Umbria";"Lung";"60-74";"Female";"1996";"55.07"
"Incidence";"Umbria";"Lung";"60-74";"Female";"1997";"51.99"
"Incidence";"Umbria";"Lung";"60-74";"Female";"1998";"47.41"
"Incidence";"Umbria";"Lung";"60-74";"Female";"1999";"47.55"
"Incidence";"Umbria";"Lung";"60-74";"Female";"2000";"53.71"
"Incidence";"Umbria";"Lung";"60-74";"Female";"2001";"56.22"
"Incidence";"Umbria";"Lung";"60-74";"Female";"2002";"71.35"
"Incidence";"Umbria";"Lung";"60-74";"Female";"2003";"56.91"
"Incidence";"Umbria";"Lung";"60-74";"Female";"2004";"57.80"
"Incidence";"Umbria";"Lung";"60-74";"Female";"2005";"53.17"
"Incidence";"Umbria";"Lung";"60-74";"Female";"2006";"81.83"
"Incidence";"Umbria";"Lung";"60-74";"Female";"2007";"80.40"
"Incidence";"Umbria";"Lung";"60-74";"Female";"2008";"68.35"
"Incidence";"Umbria";"Lung";"60-74";"Female";"2009";"55.17"
"Incidence";"Umbria";"Lung";"60-74";"Female";"2010";"81.42"
"Incidence";"Umbria";"Lung";"60-74";"Female";"2011";"88.12"
"Incidence";"Umbria";"Lung";"60-74";"Female";"2012";"81.78"
"Incidence";"Umbria";"Lung";"60-74";"Female";"2013";"97.64"
"Incidence";"Umbria";"Lung";"60-74";"Female";"2014";"78.97"
"Incidence";"Umbria";"Lung";"60-74";"Female";"2015";"91.09"
"Incidence";"Umbria";"Lung";"60-74";"Female";"2016";"86.12"
"Incidence";"Liguria";"Lung";"60-74";"Male";"1994";"460.22"
"Incidence";"Liguria";"Lung";"60-74";"Male";"1995";"461.29"
"Incidence";"Liguria";"Lung";"60-74";"Male";"1996";"473.44"
"Incidence";"Liguria";"Lung";"60-74";"Male";"1997";"442.47"
"Incidence";"Liguria";"Lung";"60-74";"Male";"1998";"436.85"
"Incidence";"Liguria";"Lung";"60-74";"Male";"1999";"406.45"
"Incidence";"Liguria";"Lung";"60-74";"Male";"2000";"418.20"
"Incidence";"Liguria";"Lung";"60-74";"Male";"2001";"374.45"
"Incidence";"Liguria";"Lung";"60-74";"Male";"2002";"406.22"
"Incidence";"Liguria";"Lung";"60-74";"Male";"2003";"359.41"
"Incidence";"Liguria";"Lung";"60-74";"Male";"2004";"368.69"
"Incidence";"Liguria";"Lung";"60-74";"Male";"2005";"328.64"
"Incidence";"Liguria";"Lung";"60-74";"Male";"2006";"345.73"
"Incidence";"Liguria";"Lung";"60-74";"Male";"2007";"326.09"
"Incidence";"Liguria";"Lung";"60-74";"Male";"2008";"345.08"
"Incidence";"Liguria";"Lung";"60-74";"Male";"2009";"298.73"
"Incidence";"Liguria";"Lung";"60-74";"Male";"2010";"274.24"
"Incidence";"Liguria";"Lung";"60-74";"Male";"2011";"309.02"
"Incidence";"Liguria";"Lung";"60-74";"Male";"2012";"267.34"
"Incidence";"Liguria";"Lung";"60-74";"Male";"2013";"314.59"
"Incidence";"Liguria";"Lung";"60-74";"Male";"2014";"249.60"
"Incidence";"Liguria";"Lung";"60-74";"Male";"2015";"263.78"
"Incidence";"Liguria";"Lung";"60-74";"Male";"2016";"294.80"
"Incidence";"Umbria";"Lung";"60-74";"Male";"1994";"326.05"
"Incidence";"Umbria";"Lung";"60-74";"Male";"1995";"342.70"
"Incidence";"Umbria";"Lung";"60-74";"Male";"1996";"348.63"
"Incidence";"Umbria";"Lung";"60-74";"Male";"1997";"331.23"
"Incidence";"Umbria";"Lung";"60-74";"Male";"1998";"351.71"
"Incidence";"Umbria";"Lung";"60-74";"Male";"1999";"309.38"
"Incidence";"Umbria";"Lung";"60-74";"Male";"2000";"297.10"
"Incidence";"Umbria";"Lung";"60-74";"Male";"2001";"303.17"
"Incidence";"Umbria";"Lung";"60-74";"Male";"2002";"300.37"
"Incidence";"Umbria";"Lung";"60-74";"Male";"2003";"280.83"
"Incidence";"Umbria";"Lung";"60-74";"Male";"2004";"265.38"
"Incidence";"Umbria";"Lung";"60-74";"Male";"2005";"238.59"
"Incidence";"Umbria";"Lung";"60-74";"Male";"2006";"274.37"
"Incidence";"Umbria";"Lung";"60-74";"Male";"2007";"280.29"
"Incidence";"Umbria";"Lung";"60-74";"Male";"2008";"297.38"
"Incidence";"Umbria";"Lung";"60-74";"Male";"2009";"252.75"
"Incidence";"Umbria";"Lung";"60-74";"Male";"2010";"282.46"
"Incidence";"Umbria";"Lung";"60-74";"Male";"2011";"231.94"
"Incidence";"Umbria";"Lung";"60-74";"Male";"2012";"264.69"
"Incidence";"Umbria";"Lung";"60-74";"Male";"2013";"265.86"
"Incidence";"Umbria";"Lung";"60-74";"Male";"2014";"244.45"
"Incidence";"Umbria";"Lung";"60-74";"Male";"2015";"240.00"
"Incidence";"Umbria";"Lung";"60-74";"Male";"2016";"229.43"
"Incidence";"Ragusa";"Lung";"60-74";"Female";"1994";"20.95"
"Incidence";"Ragusa";"Lung";"60-74";"Female";"1995";"12.58"
"Incidence";"Ragusa";"Lung";"60-74";"Female";"1996";"12.51"
"Incidence";"Ragusa";"Lung";"60-74";"Female";"1997";"29.53"
"Incidence";"Ragusa";"Lung";"60-74";"Female";"1998";"37.62"
"Incidence";"Ragusa";"Lung";"60-74";"Female";"1999";"33.09"
"Incidence";"Ragusa";"Lung";"60-74";"Female";"2000";"32.77"
"Incidence";"Ragusa";"Lung";"60-74";"Female";"2001";"45.54"
"Incidence";"Ragusa";"Lung";"60-74";"Female";"2002";"29.34"
"Incidence";"Ragusa";"Lung";"60-74";"Female";"2003";"33.55"
"Incidence";"Ragusa";"Lung";"60-74";"Female";"2004";"46.11"
"Incidence";"Ragusa";"Lung";"60-74";"Female";"2005";"46.52"
"Incidence";"Ragusa";"Lung";"60-74";"Female";"2006";"12.79"
"Incidence";"Ragusa";"Lung";"60-74";"Female";"2007";"28.83"
"Incidence";"Ragusa";"Lung";"60-74";"Female";"2008";"32.90"
"Incidence";"Ragusa";"Lung";"60-74";"Female";"2009";"30.23"
"Incidence";"Ragusa";"Lung";"60-74";"Female";"2010";"27.76"
"Incidence";"Ragusa";"Lung";"60-74";"Female";"2011";"44.66"
"Incidence";"Ragusa";"Lung";"60-74";"Female";"2012";"55.09"
"Incidence";"Ragusa";"Lung";"60-74";"Female";"2013";"52.61"
"Incidence";"Ragusa";"Lung";"60-74";"Female";"2014";"51.98"
"Incidence";"Ragusa";"Lung";"60-74";"Female";"2015";"60.00"
"Incidence";"Ragusa";"Lung";"60-74";"Female";"2016";"53.59"
"Incidence";"Ragusa";"Lung";"60-74";"Female";"2017";"64.99"
"Mortality";"Liguria";"Lung";"60-74";"Male";"1994";"383.31"
"Mortality";"Liguria";"Lung";"60-74";"Male";"1995";"358.65"
"Mortality";"Liguria";"Lung";"60-74";"Male";"1996";"376.57"
"Mortality";"Liguria";"Lung";"60-74";"Male";"1997";"363.24"
"Mortality";"Liguria";"Lung";"60-74";"Male";"1998";"385.45"
"Mortality";"Liguria";"Lung";"60-74";"Male";"1999";"347.69"
"Mortality";"Liguria";"Lung";"60-74";"Male";"2000";"330.42"
"Mortality";"Liguria";"Lung";"60-74";"Male";"2001";"336.77"
"Mortality";"Liguria";"Lung";"60-74";"Male";"2002";"341.56"
"Mortality";"Liguria";"Lung";"60-74";"Male";"2003";"298.08"
"Mortality";"Liguria";"Lung";"60-74";"Male";"2004";"310.54"
"Mortality";"Liguria";"Lung";"60-74";"Male";"2005";"263.91"
"Mortality";"Liguria";"Lung";"60-74";"Male";"2006";"288.74"
"Mortality";"Liguria";"Lung";"60-74";"Male";"2007";"225.37"
"Mortality";"Liguria";"Lung";"60-74";"Male";"2008";"270.06"
"Mortality";"Liguria";"Lung";"60-74";"Male";"2009";"253.92"
"Mortality";"Liguria";"Lung";"60-74";"Male";"2010";"235.59"
"Mortality";"Liguria";"Lung";"60-74";"Male";"2011";"238.00"
"Mortality";"Liguria";"Lung";"60-74";"Male";"2012";"205.84"
"Mortality";"Liguria";"Lung";"60-74";"Male";"2013";"235.94"
"Mortality";"Liguria";"Lung";"60-74";"Male";"2014";"196.85"
"Mortality";"Liguria";"Lung";"60-74";"Male";"2015";"198.81"
"Mortality";"Liguria";"Lung";"60-74";"Female";"1994";"59.45"
"Mortality";"Liguria";"Lung";"60-74";"Female";"1995";"69.41"
"Mortality";"Liguria";"Lung";"60-74";"Female";"1996";"51.86"
"Mortality";"Liguria";"Lung";"60-74";"Female";"1997";"52.54"
"Mortality";"Liguria";"Lung";"60-74";"Female";"1998";"63.01"
"Mortality";"Liguria";"Lung";"60-74";"Female";"1999";"40.44"
"Mortality";"Liguria";"Lung";"60-74";"Female";"2000";"53.24"
"Mortality";"Liguria";"Lung";"60-74";"Female";"2001";"47.43"
"Mortality";"Liguria";"Lung";"60-74";"Female";"2002";"56.76"
"Mortality";"Liguria";"Lung";"60-74";"Female";"2003";"64.30"
"Mortality";"Liguria";"Lung";"60-74";"Female";"2004";"55.90"
"Mortality";"Liguria";"Lung";"60-74";"Female";"2005";"59.78"
"Mortality";"Liguria";"Lung";"60-74";"Female";"2006";"50.64"
"Mortality";"Liguria";"Lung";"60-74";"Female";"2007";"67.46"
"Mortality";"Liguria";"Lung";"60-74";"Female";"2008";"68.57"
"Mortality";"Liguria";"Lung";"60-74";"Female";"2009";"49.52"
"Mortality";"Liguria";"Lung";"60-74";"Female";"2010";"75.03"
"Mortality";"Liguria";"Lung";"60-74";"Female";"2011";"71.36"
"Mortality";"Liguria";"Lung";"60-74";"Female";"2012";"62.37"
"Mortality";"Liguria";"Lung";"60-74";"Female";"2013";"48.99"
"Mortality";"Liguria";"Lung";"60-74";"Female";"2014";"74.26"
"Mortality";"Liguria";"Lung";"60-74";"Female";"2015";"69.84"
"Incidence";"Ragusa";"Lung";"75-85+";"Male";"1994";"204.66"
"Incidence";"Ragusa";"Lung";"75-85+";"Male";"1995";"328.51"
"Incidence";"Ragusa";"Lung";"75-85+";"Male";"1996";"198.67"
"Incidence";"Ragusa";"Lung";"75-85+";"Male";"1997";"270.18"
"Incidence";"Ragusa";"Lung";"75-85+";"Male";"1998";"354.96"
"Incidence";"Ragusa";"Lung";"75-85+";"Male";"1999";"415.89"
"Incidence";"Ragusa";"Lung";"75-85+";"Male";"2000";"276.13"
"Incidence";"Ragusa";"Lung";"75-85+";"Male";"2001";"245.26"
"Incidence";"Ragusa";"Lung";"75-85+";"Male";"2002";"318.03"
"Incidence";"Ragusa";"Lung";"75-85+";"Male";"2003";"450.13"
"Incidence";"Ragusa";"Lung";"75-85+";"Male";"2004";"331.55"
"Incidence";"Ragusa";"Lung";"75-85+";"Male";"2005";"342.24"
"Incidence";"Ragusa";"Lung";"75-85+";"Male";"2006";"470.26"
"Incidence";"Ragusa";"Lung";"75-85+";"Male";"2007";"404.44"
"Incidence";"Ragusa";"Lung";"75-85+";"Male";"2008";"431.47"
"Incidence";"Ragusa";"Lung";"75-85+";"Male";"2009";"424.53"
"Incidence";"Ragusa";"Lung";"75-85+";"Male";"2010";"367.23"
"Incidence";"Ragusa";"Lung";"75-85+";"Male";"2011";"398.51"
"Incidence";"Ragusa";"Lung";"75-85+";"Male";"2012";"419.05"
"Incidence";"Ragusa";"Lung";"75-85+";"Male";"2013";"403.91"
"Incidence";"Ragusa";"Lung";"75-85+";"Male";"2014";"417.80"
"Incidence";"Ragusa";"Lung";"75-85+";"Male";"2015";"374.89"
"Incidence";"Ragusa";"Lung";"75-85+";"Male";"2016";"400.07"
"Incidence";"Ragusa";"Lung";"75-85+";"Male";"2017";"383.67"
"Incidence";"Liguria";"Lung";"75-85+";"Male";"1994";"608.68"
"Incidence";"Liguria";"Lung";"75-85+";"Male";"1995";"562.85"
"Incidence";"Liguria";"Lung";"75-85+";"Male";"1996";"645.35"
"Incidence";"Liguria";"Lung";"75-85+";"Male";"1997";"643.67"
"Incidence";"Liguria";"Lung";"75-85+";"Male";"1998";"679.10"
"Incidence";"Liguria";"Lung";"75-85+";"Male";"1999";"619.18"
"Incidence";"Liguria";"Lung";"75-85+";"Male";"2000";"637.50"
"Incidence";"Liguria";"Lung";"75-85+";"Male";"2001";"533.31"
"Incidence";"Liguria";"Lung";"75-85+";"Male";"2002";"597.07"
"Incidence";"Liguria";"Lung";"75-85+";"Male";"2003";"594.40"
"Incidence";"Liguria";"Lung";"75-85+";"Male";"2004";"626.35"
"Incidence";"Liguria";"Lung";"75-85+";"Male";"2005";"613.19"
"Incidence";"Liguria";"Lung";"75-85+";"Male";"2006";"626.69"
"Incidence";"Liguria";"Lung";"75-85+";"Male";"2007";"617.43"
"Incidence";"Liguria";"Lung";"75-85+";"Male";"2008";"589.89"
"Incidence";"Liguria";"Lung";"75-85+";"Male";"2009";"539.23"
"Incidence";"Liguria";"Lung";"75-85+";"Male";"2010";"569.17"
"Incidence";"Liguria";"Lung";"75-85+";"Male";"2011";"543.07"
"Incidence";"Liguria";"Lung";"75-85+";"Male";"2012";"508.77"
"Incidence";"Liguria";"Lung";"75-85+";"Male";"2013";"509.48"
"Incidence";"Liguria";"Lung";"75-85+";"Male";"2014";"504.97"
"Incidence";"Liguria";"Lung";"75-85+";"Male";"2015";"457.12"
"Incidence";"Liguria";"Lung";"75-85+";"Male";"2016";"454.14"
"Mortality";"Liguria";"Lung";"75-85+";"Female";"1994";"94.37"
"Mortality";"Liguria";"Lung";"75-85+";"Female";"1995";"90.36"
"Mortality";"Liguria";"Lung";"75-85+";"Female";"1996";"110.86"
"Mortality";"Liguria";"Lung";"75-85+";"Female";"1997";"104.60"
"Mortality";"Liguria";"Lung";"75-85+";"Female";"1998";"95.76"
"Mortality";"Liguria";"Lung";"75-85+";"Female";"1999";"92.49"
"Mortality";"Liguria";"Lung";"75-85+";"Female";"2000";"119.01"
"Mortality";"Liguria";"Lung";"75-85+";"Female";"2001";"121.39"
"Mortality";"Liguria";"Lung";"75-85+";"Female";"2002";"109.39"
"Mortality";"Liguria";"Lung";"75-85+";"Female";"2003";"110.79"
"Mortality";"Liguria";"Lung";"75-85+";"Female";"2004";"121.09"
"Mortality";"Liguria";"Lung";"75-85+";"Female";"2005";"111.37"
"Mortality";"Liguria";"Lung";"75-85+";"Female";"2006";"102.64"
"Mortality";"Liguria";"Lung";"75-85+";"Female";"2007";"116.75"
"Mortality";"Liguria";"Lung";"75-85+";"Female";"2008";"104.90"
"Mortality";"Liguria";"Lung";"75-85+";"Female";"2009";"113.02"
"Mortality";"Liguria";"Lung";"75-85+";"Female";"2010";"128.99"
"Mortality";"Liguria";"Lung";"75-85+";"Female";"2011";"111.58"
"Mortality";"Liguria";"Lung";"75-85+";"Female";"2012";"135.00"
"Mortality";"Liguria";"Lung";"75-85+";"Female";"2013";"117.90"
"Mortality";"Liguria";"Lung";"75-85+";"Female";"2014";"144.91"
"Mortality";"Liguria";"Lung";"75-85+";"Female";"2015";"118.45"
"Incidence";"Liguria";"Lung";"75-85+";"Female";"1994";"89.49"
"Incidence";"Liguria";"Lung";"75-85+";"Female";"1995";"126.50"
"Incidence";"Liguria";"Lung";"75-85+";"Female";"1996";"99.61"
"Incidence";"Liguria";"Lung";"75-85+";"Female";"1997";"103.04"
"Incidence";"Liguria";"Lung";"75-85+";"Female";"1998";"115.52"
"Incidence";"Liguria";"Lung";"75-85+";"Female";"1999";"102.93"
"Incidence";"Liguria";"Lung";"75-85+";"Female";"2000";"101.38"
"Incidence";"Liguria";"Lung";"75-85+";"Female";"2001";"119.94"
"Incidence";"Liguria";"Lung";"75-85+";"Female";"2002";"119.34"
"Incidence";"Liguria";"Lung";"75-85+";"Female";"2003";"115.00"
"Incidence";"Liguria";"Lung";"75-85+";"Female";"2004";"140.57"
"Incidence";"Liguria";"Lung";"75-85+";"Female";"2005";"135.81"
"Incidence";"Liguria";"Lung";"75-85+";"Female";"2006";"122.63"
"Incidence";"Liguria";"Lung";"75-85+";"Female";"2007";"118.07"
"Incidence";"Liguria";"Lung";"75-85+";"Female";"2008";"121.73"
"Incidence";"Liguria";"Lung";"75-85+";"Female";"2009";"122.01"
"Incidence";"Liguria";"Lung";"75-85+";"Female";"2010";"128.99"
"Incidence";"Liguria";"Lung";"75-85+";"Female";"2011";"131.86"
"Incidence";"Liguria";"Lung";"75-85+";"Female";"2012";"156.45"
"Incidence";"Liguria";"Lung";"75-85+";"Female";"2013";"117.90"
"Incidence";"Liguria";"Lung";"75-85+";"Female";"2014";"139.96"
"Incidence";"Liguria";"Lung";"75-85+";"Female";"2015";"126.99"
"Incidence";"Liguria";"Lung";"75-85+";"Female";"2016";"132.46"
"Mortality";"Insubria-Varese";"Lung";"75-85+";"Male";"1994";"706.98"
"Mortality";"Insubria-Varese";"Lung";"75-85+";"Male";"1995";"510.33"
"Mortality";"Insubria-Varese";"Lung";"75-85+";"Male";"1996";"573.81"
"Mortality";"Insubria-Varese";"Lung";"75-85+";"Male";"1997";"605.82"
"Mortality";"Insubria-Varese";"Lung";"75-85+";"Male";"1998";"678.36"
"Mortality";"Insubria-Varese";"Lung";"75-85+";"Male";"1999";"594.04"
"Mortality";"Insubria-Varese";"Lung";"75-85+";"Male";"2000";"742.28"
"Mortality";"Insubria-Varese";"Lung";"75-85+";"Male";"2001";"621.09"
"Mortality";"Insubria-Varese";"Lung";"75-85+";"Male";"2002";"636.17"
"Mortality";"Insubria-Varese";"Lung";"75-85+";"Male";"2003";"669.46"
"Mortality";"Insubria-Varese";"Lung";"75-85+";"Male";"2004";"646.97"
"Mortality";"Insubria-Varese";"Lung";"75-85+";"Male";"2005";"723.77"
"Mortality";"Insubria-Varese";"Lung";"75-85+";"Male";"2006";"641.05"
"Mortality";"Insubria-Varese";"Lung";"75-85+";"Male";"2007";"682.99"
"Mortality";"Insubria-Varese";"Lung";"75-85+";"Male";"2008";"656.84"
"Mortality";"Insubria-Varese";"Lung";"75-85+";"Male";"2009";"526.28"
"Mortality";"Insubria-Varese";"Lung";"75-85+";"Male";"2010";"543.07"
"Mortality";"Insubria-Varese";"Lung";"75-85+";"Male";"2011";"538.24"
"Mortality";"Insubria-Varese";"Lung";"75-85+";"Male";"2012";"590.17"
"Mortality";"Insubria-Varese";"Lung";"75-85+";"Male";"2013";"524.77"
"Mortality";"Insubria-Varese";"Lung";"75-85+";"Male";"2014";"491.03"
"Mortality";"Insubria-Varese";"Lung";"75-85+";"Male";"2015";"525.30"
"Mortality";"Insubria-Varese";"Lung";"75-85+";"Female";"1994";"80.36"
"Mortality";"Insubria-Varese";"Lung";"75-85+";"Female";"1995";"135.61"
"Mortality";"Insubria-Varese";"Lung";"75-85+";"Female";"1996";"58.21"
"Mortality";"Insubria-Varese";"Lung";"75-85+";"Female";"1997";"77.36"
"Mortality";"Insubria-Varese";"Lung";"75-85+";"Female";"1998";"111.66"
"Mortality";"Insubria-Varese";"Lung";"75-85+";"Female";"1999";"67.90"
"Mortality";"Insubria-Varese";"Lung";"75-85+";"Female";"2000";"114.40"
"Mortality";"Insubria-Varese";"Lung";"75-85+";"Female";"2001";"101.48"
"Mortality";"Insubria-Varese";"Lung";"75-85+";"Female";"2002";"96.27"
"Mortality";"Insubria-Varese";"Lung";"75-85+";"Female";"2003";"98.24"
"Mortality";"Insubria-Varese";"Lung";"75-85+";"Female";"2004";"89.89"
"Mortality";"Insubria-Varese";"Lung";"75-85+";"Female";"2005";"136.48"
"Mortality";"Insubria-Varese";"Lung";"75-85+";"Female";"2006";"110.19"
"Mortality";"Insubria-Varese";"Lung";"75-85+";"Female";"2007";"155.27"
"Mortality";"Insubria-Varese";"Lung";"75-85+";"Female";"2008";"84.18"
"Mortality";"Insubria-Varese";"Lung";"75-85+";"Female";"2009";"158.98"
"Mortality";"Insubria-Varese";"Lung";"75-85+";"Female";"2010";"145.95"
"Mortality";"Insubria-Varese";"Lung";"75-85+";"Female";"2011";"118.90"
"Mortality";"Insubria-Varese";"Lung";"75-85+";"Female";"2012";"119.69"
"Mortality";"Insubria-Varese";"Lung";"75-85+";"Female";"2013";"88.26"
"Mortality";"Insubria-Varese";"Lung";"75-85+";"Female";"2014";"124.22"
"Mortality";"Insubria-Varese";"Lung";"75-85+";"Female";"2015";"125.00"
"Incidence";"Sassari";"Lung";"75-85+";"Female";"1994";"53.62"
"Incidence";"Sassari";"Lung";"75-85+";"Female";"1995";"64.50"
"Incidence";"Sassari";"Lung";"75-85+";"Female";"1996";"49.72"
"Incidence";"Sassari";"Lung";"75-85+";"Female";"1997";"71.83"
"Incidence";"Sassari";"Lung";"75-85+";"Female";"1998";"57.74"
"Incidence";"Sassari";"Lung";"75-85+";"Female";"1999";"82.99"
"Incidence";"Sassari";"Lung";"75-85+";"Female";"2000";"64.34"
"Incidence";"Sassari";"Lung";"75-85+";"Female";"2001";"20.76"
"Incidence";"Sassari";"Lung";"75-85+";"Female";"2002";"81.96"
"Incidence";"Sassari";"Lung";"75-85+";"Female";"2003";"89.29"
"Incidence";"Sassari";"Lung";"75-85+";"Female";"2004";"62.85"
"Incidence";"Sassari";"Lung";"75-85+";"Female";"2005";"78.96"
"Incidence";"Sassari";"Lung";"75-85+";"Female";"2006";"85.03"
"Incidence";"Sassari";"Lung";"75-85+";"Female";"2007";"77.94"
"Incidence";"Sassari";"Lung";"75-85+";"Female";"2008";"79.89"
"Incidence";"Sassari";"Lung";"75-85+";"Female";"2009";"85.81"
"Incidence";"Sassari";"Lung";"75-85+";"Female";"2010";"63.69"
"Incidence";"Sassari";"Lung";"75-85+";"Female";"2011";"85.34"
"Incidence";"Sassari";"Lung";"75-85+";"Female";"2012";"71.93"
"Incidence";"Sassari";"Lung";"75-85+";"Female";"2013";"81.38"
"Incidence";"Sassari";"Lung";"75-85+";"Female";"2014";"114.66"
"Incidence";"Sassari";"Lung";"75-85+";"Female";"2015";"83.28"
"Incidence";"Sassari";"Lung";"75-85+";"Male";"1994";"505.89"
"Incidence";"Sassari";"Lung";"75-85+";"Male";"1995";"493.87"
"Incidence";"Sassari";"Lung";"75-85+";"Male";"1996";"464.25"
"Incidence";"Sassari";"Lung";"75-85+";"Male";"1997";"267.57"
"Incidence";"Sassari";"Lung";"75-85+";"Male";"1998";"422.96"
"Incidence";"Sassari";"Lung";"75-85+";"Male";"1999";"335.68"
"Incidence";"Sassari";"Lung";"75-85+";"Male";"2000";"449.24"
"Incidence";"Sassari";"Lung";"75-85+";"Male";"2001";"490.95"
"Incidence";"Sassari";"Lung";"75-85+";"Male";"2002";"457.02"
"Incidence";"Sassari";"Lung";"75-85+";"Male";"2003";"516.62"
"Incidence";"Sassari";"Lung";"75-85+";"Male";"2004";"429.83"
"Incidence";"Sassari";"Lung";"75-85+";"Male";"2005";"444.77"
"Incidence";"Sassari";"Lung";"75-85+";"Male";"2006";"442.48"
"Incidence";"Sassari";"Lung";"75-85+";"Male";"2007";"487.94"
"Incidence";"Sassari";"Lung";"75-85+";"Male";"2008";"485.82"
"Incidence";"Sassari";"Lung";"75-85+";"Male";"2009";"486.05"
"Incidence";"Sassari";"Lung";"75-85+";"Male";"2010";"527.27"
"Incidence";"Sassari";"Lung";"75-85+";"Male";"2011";"484.20"
"Incidence";"Sassari";"Lung";"75-85+";"Male";"2012";"462.59"
"Incidence";"Sassari";"Lung";"75-85+";"Male";"2013";"434.15"
"Incidence";"Sassari";"Lung";"75-85+";"Male";"2014";"450.64"
"Incidence";"Sassari";"Lung";"75-85+";"Male";"2015";"410.97"
"Incidence";"Emilia-Romagna";"Lung";"75-85+";"Female";"1994";"84.74"
"Incidence";"Emilia-Romagna";"Lung";"75-85+";"Female";"1995";"94.26"
"Incidence";"Emilia-Romagna";"Lung";"75-85+";"Female";"1996";"92.55"
"Incidence";"Emilia-Romagna";"Lung";"75-85+";"Female";"1997";"83.40"
"Incidence";"Emilia-Romagna";"Lung";"75-85+";"Female";"1998";"101.85"
"Incidence";"Emilia-Romagna";"Lung";"75-85+";"Female";"1999";"94.12"
"Incidence";"Emilia-Romagna";"Lung";"75-85+";"Female";"2000";"100.82"
"Incidence";"Emilia-Romagna";"Lung";"75-85+";"Female";"2001";"113.77"
"Incidence";"Emilia-Romagna";"Lung";"75-85+";"Female";"2002";"105.29"
"Incidence";"Emilia-Romagna";"Lung";"75-85+";"Female";"2003";"109.57"
"Incidence";"Emilia-Romagna";"Lung";"75-85+";"Female";"2004";"103.69"
"Incidence";"Emilia-Romagna";"Lung";"75-85+";"Female";"2005";"125.00"
"Incidence";"Emilia-Romagna";"Lung";"75-85+";"Female";"2006";"137.63"
"Incidence";"Emilia-Romagna";"Lung";"75-85+";"Female";"2007";"125.42"
"Incidence";"Emilia-Romagna";"Lung";"75-85+";"Female";"2008";"135.54"
"Incidence";"Emilia-Romagna";"Lung";"75-85+";"Female";"2009";"148.04"
"Incidence";"Emilia-Romagna";"Lung";"75-85+";"Female";"2010";"140.58"
"Incidence";"Emilia-Romagna";"Lung";"75-85+";"Female";"2011";"144.05"
"Incidence";"Emilia-Romagna";"Lung";"75-85+";"Female";"2012";"154.46"
"Incidence";"Emilia-Romagna";"Lung";"75-85+";"Female";"2013";"155.31"
"Incidence";"Emilia-Romagna";"Lung";"75-85+";"Female";"2014";"149.46"
"Incidence";"Emilia-Romagna";"Lung";"75-85+";"Female";"2015";"153.79"
"Incidence";"Emilia-Romagna";"Lung";"75-85+";"Female";"2016";"147.07"
"Incidence";"Emilia-Romagna";"Lung";"75-85+";"Female";"2017";"162.82"
"Incidence";"Emilia-Romagna";"Lung";"75-85+";"Female";"2018";"174.61"
"Incidence";"Emilia-Romagna";"Lung";"75-85+";"Female";"2019";"165.85"
"Incidence";"Emilia-Romagna";"Lung";"75-85+";"Female";"2020";"163.60"
"Incidence";"Emilia-Romagna";"Lung";"75-85+";"Male";"1994";"516.30"
"Incidence";"Emilia-Romagna";"Lung";"75-85+";"Male";"1995";"505.75"
"Incidence";"Emilia-Romagna";"Lung";"75-85+";"Male";"1996";"512.76"
"Incidence";"Emilia-Romagna";"Lung";"75-85+";"Male";"1997";"472.16"
"Incidence";"Emilia-Romagna";"Lung";"75-85+";"Male";"1998";"555.00"
"Incidence";"Emilia-Romagna";"Lung";"75-85+";"Male";"1999";"563.44"
"Incidence";"Emilia-Romagna";"Lung";"75-85+";"Male";"2000";"564.73"
"Incidence";"Emilia-Romagna";"Lung";"75-85+";"Male";"2001";"603.72"
"Incidence";"Emilia-Romagna";"Lung";"75-85+";"Male";"2002";"646.56"
"Incidence";"Emilia-Romagna";"Lung";"75-85+";"Male";"2003";"674.84"
"Incidence";"Emilia-Romagna";"Lung";"75-85+";"Male";"2004";"594.03"
"Incidence";"Emilia-Romagna";"Lung";"75-85+";"Male";"2005";"620.60"
"Incidence";"Emilia-Romagna";"Lung";"75-85+";"Male";"2006";"606.88"
"Incidence";"Emilia-Romagna";"Lung";"75-85+";"Male";"2007";"651.52"
"Incidence";"Emilia-Romagna";"Lung";"75-85+";"Male";"2008";"627.23"
"Incidence";"Emilia-Romagna";"Lung";"75-85+";"Male";"2009";"598.76"
"Incidence";"Emilia-Romagna";"Lung";"75-85+";"Male";"2010";"590.80"
"Incidence";"Emilia-Romagna";"Lung";"75-85+";"Male";"2011";"568.54"
"Incidence";"Emilia-Romagna";"Lung";"75-85+";"Male";"2012";"549.20"
"Incidence";"Emilia-Romagna";"Lung";"75-85+";"Male";"2013";"525.30"
"Incidence";"Emilia-Romagna";"Lung";"75-85+";"Male";"2014";"514.14"
"Incidence";"Emilia-Romagna";"Lung";"75-85+";"Male";"2015";"518.82"
"Incidence";"Emilia-Romagna";"Lung";"75-85+";"Male";"2016";"489.86"
"Incidence";"Emilia-Romagna";"Lung";"75-85+";"Male";"2017";"490.61"
"Incidence";"Emilia-Romagna";"Lung";"75-85+";"Male";"2018";"449.60"
"Incidence";"Emilia-Romagna";"Lung";"75-85+";"Male";"2019";"457.23"
"Incidence";"Emilia-Romagna";"Lung";"75-85+";"Male";"2020";"405.92"
"Mortality";"Liguria";"Lung";"75-85+";"Male";"1994";"475.23"
"Mortality";"Liguria";"Lung";"75-85+";"Male";"1995";"599.06"
"Mortality";"Liguria";"Lung";"75-85+";"Male";"1996";"626.18"
"Mortality";"Liguria";"Lung";"75-85+";"Male";"1997";"619.03"
"Mortality";"Liguria";"Lung";"75-85+";"Male";"1998";"613.57"
"Mortality";"Liguria";"Lung";"75-85+";"Male";"1999";"607.60"
"Mortality";"Liguria";"Lung";"75-85+";"Male";"2000";"606.34"
"Mortality";"Liguria";"Lung";"75-85+";"Male";"2001";"566.47"
"Mortality";"Liguria";"Lung";"75-85+";"Male";"2002";"570.05"
"Mortality";"Liguria";"Lung";"75-85+";"Male";"2003";"562.70"
"Mortality";"Liguria";"Lung";"75-85+";"Male";"2004";"603.15"
"Mortality";"Liguria";"Lung";"75-85+";"Male";"2005";"590.76"
"Mortality";"Liguria";"Lung";"75-85+";"Male";"2006";"604.99"
"Mortality";"Liguria";"Lung";"75-85+";"Male";"2007";"575.17"
"Mortality";"Liguria";"Lung";"75-85+";"Male";"2008";"564.54"
"Mortality";"Liguria";"Lung";"75-85+";"Male";"2009";"568.68"
"Mortality";"Liguria";"Lung";"75-85+";"Male";"2010";"553.55"
"Mortality";"Liguria";"Lung";"75-85+";"Male";"2011";"562.86"
"Mortality";"Liguria";"Lung";"75-85+";"Male";"2012";"539.08"
"Mortality";"Liguria";"Lung";"75-85+";"Male";"2013";"528.66"
"Mortality";"Liguria";"Lung";"75-85+";"Male";"2014";"444.45"
"Mortality";"Liguria";"Lung";"75-85+";"Male";"2015";"471.34"
"Mortality";"Umbria";"Lung";"75-85+";"Female";"1994";"75.28"
"Mortality";"Umbria";"Lung";"75-85+";"Female";"1995";"44.30"
"Mortality";"Umbria";"Lung";"75-85+";"Female";"1996";"81.47"
"Mortality";"Umbria";"Lung";"75-85+";"Female";"1997";"101.35"
"Mortality";"Umbria";"Lung";"75-85+";"Female";"1998";"62.87"
"Mortality";"Umbria";"Lung";"75-85+";"Female";"1999";"68.32"
"Mortality";"Umbria";"Lung";"75-85+";"Female";"2000";"69.77"
"Mortality";"Umbria";"Lung";"75-85+";"Female";"2001";"65.23"
"Mortality";"Umbria";"Lung";"75-85+";"Female";"2002";"63.02"
"Mortality";"Umbria";"Lung";"75-85+";"Female";"2003";"68.98"
"Mortality";"Umbria";"Lung";"75-85+";"Female";"2004";"68.63"
"Mortality";"Umbria";"Lung";"75-85+";"Female";"2005";"87.98"
"Mortality";"Umbria";"Lung";"75-85+";"Female";"2006";"74.81"
"Mortality";"Umbria";"Lung";"75-85+";"Female";"2007";"96.26"
"Mortality";"Umbria";"Lung";"75-85+";"Female";"2008";"90.55"
"Mortality";"Umbria";"Lung";"75-85+";"Female";"2009";"93.97"
"Mortality";"Umbria";"Lung";"75-85+";"Female";"2010";"95.41"
"Mortality";"Umbria";"Lung";"75-85+";"Female";"2011";"97.23"
"Mortality";"Umbria";"Lung";"75-85+";"Female";"2012";"73.90"
"Mortality";"Umbria";"Lung";"75-85+";"Female";"2013";"96.71"
"Mortality";"Umbria";"Lung";"75-85+";"Female";"2014";"102.55"
"Mortality";"Umbria";"Lung";"75-85+";"Female";"2015";"74.09"
"Mortality";"Umbria";"Lung";"75-85+";"Female";"2016";"89.05"
"Incidence";"Umbria";"Lung";"75-85+";"Male";"1994";"412.14"
"Incidence";"Umbria";"Lung";"75-85+";"Male";"1995";"393.62"
"Incidence";"Umbria";"Lung";"75-85+";"Male";"1996";"430.57"
"Incidence";"Umbria";"Lung";"75-85+";"Male";"1997";"469.53"
"Incidence";"Umbria";"Lung";"75-85+";"Male";"1998";"433.25"
"Incidence";"Umbria";"Lung";"75-85+";"Male";"1999";"435.88"
"Incidence";"Umbria";"Lung";"75-85+";"Male";"2000";"473.86"
"Incidence";"Umbria";"Lung";"75-85+";"Male";"2001";"443.53"
"Incidence";"Umbria";"Lung";"75-85+";"Male";"2002";"464.04"
"Incidence";"Umbria";"Lung";"75-85+";"Male";"2003";"492.89"
"Incidence";"Umbria";"Lung";"75-85+";"Male";"2004";"392.68"
"Incidence";"Umbria";"Lung";"75-85+";"Male";"2005";"484.37"
"Incidence";"Umbria";"Lung";"75-85+";"Male";"2006";"473.70"
"Incidence";"Umbria";"Lung";"75-85+";"Male";"2007";"469.79"
"Incidence";"Umbria";"Lung";"75-85+";"Male";"2008";"511.52"
"Incidence";"Umbria";"Lung";"75-85+";"Male";"2009";"490.08"
"Incidence";"Umbria";"Lung";"75-85+";"Male";"2010";"465.35"
"Incidence";"Umbria";"Lung";"75-85+";"Male";"2011";"443.10"
"Incidence";"Umbria";"Lung";"75-85+";"Male";"2012";"467.77"
"Incidence";"Umbria";"Lung";"75-85+";"Male";"2013";"494.85"
"Incidence";"Umbria";"Lung";"75-85+";"Male";"2014";"423.38"
"Incidence";"Umbria";"Lung";"75-85+";"Male";"2015";"458.83"
"Incidence";"Umbria";"Lung";"75-85+";"Male";"2016";"432.54"
"Incidence";"Insubria-Varese";"Lung";"75-85+";"Female";"1994";"63.14"
"Incidence";"Insubria-Varese";"Lung";"75-85+";"Female";"1995";"103.87"
"Incidence";"Insubria-Varese";"Lung";"75-85+";"Female";"1996";"72.07"
"Incidence";"Insubria-Varese";"Lung";"75-85+";"Female";"1997";"88.03"
"Incidence";"Insubria-Varese";"Lung";"75-85+";"Female";"1998";"93.48"
"Incidence";"Insubria-Varese";"Lung";"75-85+";"Female";"1999";"90.53"
"Incidence";"Insubria-Varese";"Lung";"75-85+";"Female";"2000";"126.57"
"Incidence";"Insubria-Varese";"Lung";"75-85+";"Female";"2001";"70.80"
"Incidence";"Insubria-Varese";"Lung";"75-85+";"Female";"2002";"100.85"
"Incidence";"Insubria-Varese";"Lung";"75-85+";"Female";"2003";"89.31"
"Incidence";"Insubria-Varese";"Lung";"75-85+";"Female";"2004";"103.05"
"Incidence";"Insubria-Varese";"Lung";"75-85+";"Female";"2005";"138.61"
"Incidence";"Insubria-Varese";"Lung";"75-85+";"Female";"2006";"110.19"
"Incidence";"Insubria-Varese";"Lung";"75-85+";"Female";"2007";"131.07"
"Incidence";"Insubria-Varese";"Lung";"75-85+";"Female";"2008";"103.76"
"Incidence";"Insubria-Varese";"Lung";"75-85+";"Female";"2009";"158.98"
"Incidence";"Insubria-Varese";"Lung";"75-85+";"Female";"2010";"116.01"
"Incidence";"Insubria-Varese";"Lung";"75-85+";"Female";"2011";"102.44"
"Incidence";"Insubria-Varese";"Lung";"75-85+";"Female";"2012";"130.40"
"Incidence";"Insubria-Varese";"Lung";"75-85+";"Female";"2013";"114.22"
"Incidence";"Insubria-Varese";"Lung";"75-85+";"Female";"2014";"122.54"
"Incidence";"Insubria-Varese";"Lung";"75-85+";"Female";"2015";"112.02"
"Incidence";"Ragusa";"Lung";"75-85+";"Female";"1994";"27.01"
"Incidence";"Ragusa";"Lung";"75-85+";"Female";"1995";"42.70"
"Incidence";"Ragusa";"Lung";"75-85+";"Female";"1996";"73.57"
"Incidence";"Ragusa";"Lung";"75-85+";"Female";"1997";"39.49"
"Incidence";"Ragusa";"Lung";"75-85+";"Female";"1998";"38.21"
"Incidence";"Ragusa";"Lung";"75-85+";"Female";"1999";"57.88"
"Incidence";"Ragusa";"Lung";"75-85+";"Female";"2000";"78.33"
"Incidence";"Ragusa";"Lung";"75-85+";"Female";"2001";"68.44"
"Incidence";"Ragusa";"Lung";"75-85+";"Female";"2002";"51.29"
"Incidence";"Ragusa";"Lung";"75-85+";"Female";"2003";"77.20"
"Incidence";"Ragusa";"Lung";"75-85+";"Female";"2004";"67.59"
"Incidence";"Ragusa";"Lung";"75-85+";"Female";"2005";"52.82"
"Incidence";"Ragusa";"Lung";"75-85+";"Female";"2006";"83.17"
"Incidence";"Ragusa";"Lung";"75-85+";"Female";"2007";"74.10"
"Incidence";"Ragusa";"Lung";"75-85+";"Female";"2008";"62.35"
"Incidence";"Ragusa";"Lung";"75-85+";"Female";"2009";"64.38"
"Incidence";"Ragusa";"Lung";"75-85+";"Female";"2010";"63.17"
"Incidence";"Ragusa";"Lung";"75-85+";"Female";"2011";"80.53"
"Incidence";"Ragusa";"Lung";"75-85+";"Female";"2012";"62.21"
"Incidence";"Ragusa";"Lung";"75-85+";"Female";"2013";"67.88"
"Incidence";"Ragusa";"Lung";"75-85+";"Female";"2014";"65.24"
"Incidence";"Ragusa";"Lung";"75-85+";"Female";"2015";"58.02"
"Incidence";"Ragusa";"Lung";"75-85+";"Female";"2016";"74.19"
"Incidence";"Ragusa";"Lung";"75-85+";"Female";"2017";"31.01"
"Incidence";"Veneto";"Lung";"75-85+";"Male";"1994";"619.43"
"Incidence";"Veneto";"Lung";"75-85+";"Male";"1995";"720.53"
"Incidence";"Veneto";"Lung";"75-85+";"Male";"1996";"688.27"
"Incidence";"Veneto";"Lung";"75-85+";"Male";"1997";"728.15"
"Incidence";"Veneto";"Lung";"75-85+";"Male";"1998";"712.78"
"Incidence";"Veneto";"Lung";"75-85+";"Male";"1999";"676.95"
"Incidence";"Veneto";"Lung";"75-85+";"Male";"2000";"737.15"
"Incidence";"Veneto";"Lung";"75-85+";"Male";"2001";"701.27"
"Incidence";"Veneto";"Lung";"75-85+";"Male";"2002";"687.66"
"Incidence";"Veneto";"Lung";"75-85+";"Male";"2003";"649.79"
"Incidence";"Veneto";"Lung";"75-85+";"Male";"2004";"607.48"
"Incidence";"Veneto";"Lung";"75-85+";"Male";"2005";"748.27"
"Incidence";"Veneto";"Lung";"75-85+";"Male";"2006";"653.35"
"Incidence";"Veneto";"Lung";"75-85+";"Male";"2007";"630.78"
"Incidence";"Veneto";"Lung";"75-85+";"Male";"2008";"594.63"
"Incidence";"Veneto";"Lung";"75-85+";"Male";"2009";"591.95"
"Incidence";"Veneto";"Lung";"75-85+";"Male";"2010";"593.95"
"Incidence";"Veneto";"Lung";"75-85+";"Male";"2011";"633.98"
"Incidence";"Veneto";"Lung";"75-85+";"Male";"2012";"563.24"
"Incidence";"Veneto";"Lung";"75-85+";"Male";"2013";"512.66"
"Incidence";"Veneto";"Lung";"75-85+";"Male";"2014";"506.94"
"Incidence";"Veneto";"Lung";"75-85+";"Male";"2015";"487.07"
"Incidence";"Veneto";"Lung";"75-85+";"Male";"2016";"483.67"
"Incidence";"Veneto";"Lung";"75-85+";"Male";"2017";"449.96"
"Incidence";"Veneto";"Lung";"75-85+";"Male";"2018";"444.39"
"Incidence";"Veneto";"Lung";"75-85+";"Male";"2019";"431.54"
"Incidence";"Veneto";"Lung";"75-85+";"Male";"2020";"365.34"
"Incidence";"Veneto";"Lung";"75-85+";"Male";"2021";"350.96"
"Mortality";"Umbria";"Lung";"75-85+";"Male";"1994";"416.11"
"Mortality";"Umbria";"Lung";"75-85+";"Male";"1995";"385.75"
"Mortality";"Umbria";"Lung";"75-85+";"Male";"1996";"434.28"
"Mortality";"Umbria";"Lung";"75-85+";"Male";"1997";"469.53"
"Mortality";"Umbria";"Lung";"75-85+";"Male";"1998";"460.12"
"Mortality";"Umbria";"Lung";"75-85+";"Male";"1999";"368.07"
"Mortality";"Umbria";"Lung";"75-85+";"Male";"2000";"396.43"
"Mortality";"Umbria";"Lung";"75-85+";"Male";"2001";"488.18"
"Mortality";"Umbria";"Lung";"75-85+";"Male";"2002";"458.24"
"Mortality";"Umbria";"Lung";"75-85+";"Male";"2003";"465.04"
"Mortality";"Umbria";"Lung";"75-85+";"Male";"2004";"427.88"
"Mortality";"Umbria";"Lung";"75-85+";"Male";"2005";"489.66"
"Mortality";"Umbria";"Lung";"75-85+";"Male";"2006";"458.17"
"Mortality";"Umbria";"Lung";"75-85+";"Male";"2007";"436.96"
"Mortality";"Umbria";"Lung";"75-85+";"Male";"2008";"437.03"
"Mortality";"Umbria";"Lung";"75-85+";"Male";"2009";"465.69"
"Mortality";"Umbria";"Lung";"75-85+";"Male";"2010";"446.26"
"Mortality";"Umbria";"Lung";"75-85+";"Male";"2011";"457.17"
"Mortality";"Umbria";"Lung";"75-85+";"Male";"2012";"460.72"
"Mortality";"Umbria";"Lung";"75-85+";"Male";"2013";"441.42"
"Mortality";"Umbria";"Lung";"75-85+";"Male";"2014";"396.64"
"Mortality";"Umbria";"Lung";"75-85+";"Male";"2015";"422.04"
"Mortality";"Umbria";"Lung";"75-85+";"Male";"2016";"426.15"
"Incidence";"Umbria";"Lung";"75-85+";"Female";"1994";"60.23"
"Incidence";"Umbria";"Lung";"75-85+";"Female";"1995";"91.05"
"Incidence";"Umbria";"Lung";"75-85+";"Female";"1996";"88.45"
"Incidence";"Umbria";"Lung";"75-85+";"Female";"1997";"72.71"
"Incidence";"Umbria";"Lung";"75-85+";"Female";"1998";"88.02"
"Incidence";"Umbria";"Lung";"75-85+";"Female";"1999";"76.35"
"Incidence";"Umbria";"Lung";"75-85+";"Female";"2000";"60.08"
"Incidence";"Umbria";"Lung";"75-85+";"Female";"2001";"78.28"
"Incidence";"Umbria";"Lung";"75-85+";"Female";"2002";"70.22"
"Incidence";"Umbria";"Lung";"75-85+";"Female";"2003";"91.40"
"Incidence";"Umbria";"Lung";"75-85+";"Female";"2004";"87.04"
"Incidence";"Umbria";"Lung";"75-85+";"Female";"2005";"78.21"
"Incidence";"Umbria";"Lung";"75-85+";"Female";"2006";"100.27"
"Incidence";"Umbria";"Lung";"75-85+";"Female";"2007";"104.03"
"Incidence";"Umbria";"Lung";"75-85+";"Female";"2008";"104.36"
"Incidence";"Umbria";"Lung";"75-85+";"Female";"2009";"113.68"
"Incidence";"Umbria";"Lung";"75-85+";"Female";"2010";"108.83"
"Incidence";"Umbria";"Lung";"75-85+";"Female";"2011";"86.92"
"Incidence";"Umbria";"Lung";"75-85+";"Female";"2012";"107.90"
"Incidence";"Umbria";"Lung";"75-85+";"Female";"2013";"106.97"
"Incidence";"Umbria";"Lung";"75-85+";"Female";"2014";"116.80"
"Incidence";"Umbria";"Lung";"75-85+";"Female";"2015";"95.06"
"Incidence";"Umbria";"Lung";"75-85+";"Female";"2016";"96.01"
"Incidence";"Insubria-Varese";"Lung";"75-85+";"Male";"1994";"599.67"
"Incidence";"Insubria-Varese";"Lung";"75-85+";"Male";"1995";"484.82"
"Incidence";"Insubria-Varese";"Lung";"75-85+";"Male";"1996";"604.01"
"Incidence";"Insubria-Varese";"Lung";"75-85+";"Male";"1997";"577.24"
"Incidence";"Insubria-Varese";"Lung";"75-85+";"Male";"1998";"606.66"
"Incidence";"Insubria-Varese";"Lung";"75-85+";"Male";"1999";"657.69"
"Incidence";"Insubria-Varese";"Lung";"75-85+";"Male";"2000";"747.37"
"Incidence";"Insubria-Varese";"Lung";"75-85+";"Male";"2001";"552.62"
"Incidence";"Insubria-Varese";"Lung";"75-85+";"Male";"2002";"580.04"
"Incidence";"Insubria-Varese";"Lung";"75-85+";"Male";"2003";"620.37"
"Incidence";"Insubria-Varese";"Lung";"75-85+";"Male";"2004";"586.59"
"Incidence";"Insubria-Varese";"Lung";"75-85+";"Male";"2005";"600.40"
"Incidence";"Insubria-Varese";"Lung";"75-85+";"Male";"2006";"644.96"
"Incidence";"Insubria-Varese";"Lung";"75-85+";"Male";"2007";"664.33"
"Incidence";"Insubria-Varese";"Lung";"75-85+";"Male";"2008";"592.58"
"Incidence";"Insubria-Varese";"Lung";"75-85+";"Male";"2009";"543.48"
"Incidence";"Insubria-Varese";"Lung";"75-85+";"Male";"2010";"549.65"
"Incidence";"Insubria-Varese";"Lung";"75-85+";"Male";"2011";"604.34"
"Incidence";"Insubria-Varese";"Lung";"75-85+";"Male";"2012";"504.99"
"Incidence";"Insubria-Varese";"Lung";"75-85+";"Male";"2013";"602.62"
"Incidence";"Insubria-Varese";"Lung";"75-85+";"Male";"2014";"523.95"
"Incidence";"Insubria-Varese";"Lung";"75-85+";"Male";"2015";"483.69"
"Incidence";"Veneto";"Lung";"75-85+";"Female";"1994";"115.50"
"Incidence";"Veneto";"Lung";"75-85+";"Female";"1995";"114.12"
"Incidence";"Veneto";"Lung";"75-85+";"Female";"1996";"114.83"
"Incidence";"Veneto";"Lung";"75-85+";"Female";"1997";"110.80"
"Incidence";"Veneto";"Lung";"75-85+";"Female";"1998";"136.66"
"Incidence";"Veneto";"Lung";"75-85+";"Female";"1999";"151.17"
"Incidence";"Veneto";"Lung";"75-85+";"Female";"2000";"134.05"
"Incidence";"Veneto";"Lung";"75-85+";"Female";"2001";"140.95"
"Incidence";"Veneto";"Lung";"75-85+";"Female";"2002";"146.56"
"Incidence";"Veneto";"Lung";"75-85+";"Female";"2003";"136.99"
"Incidence";"Veneto";"Lung";"75-85+";"Female";"2004";"135.72"
"Incidence";"Veneto";"Lung";"75-85+";"Female";"2005";"154.26"
"Incidence";"Veneto";"Lung";"75-85+";"Female";"2006";"146.08"
"Incidence";"Veneto";"Lung";"75-85+";"Female";"2007";"131.60"
"Incidence";"Veneto";"Lung";"75-85+";"Female";"2008";"127.59"
"Incidence";"Veneto";"Lung";"75-85+";"Female";"2009";"147.75"
"Incidence";"Veneto";"Lung";"75-85+";"Female";"2010";"152.64"
"Incidence";"Veneto";"Lung";"75-85+";"Female";"2011";"133.28"
"Incidence";"Veneto";"Lung";"75-85+";"Female";"2012";"149.93"
"Incidence";"Veneto";"Lung";"75-85+";"Female";"2013";"138.39"
"Incidence";"Veneto";"Lung";"75-85+";"Female";"2014";"151.34"
"Incidence";"Veneto";"Lung";"75-85+";"Female";"2015";"141.93"
"Incidence";"Veneto";"Lung";"75-85+";"Female";"2016";"145.58"
"Incidence";"Veneto";"Lung";"75-85+";"Female";"2017";"134.84"
"Incidence";"Veneto";"Lung";"75-85+";"Female";"2018";"144.83"
"Incidence";"Veneto";"Lung";"75-85+";"Female";"2019";"146.53"
"Incidence";"Veneto";"Lung";"75-85+";"Female";"2020";"123.37"
"Incidence";"Veneto";"Lung";"75-85+";"Female";"2021";"131.23"
"Incidence";"South Tyrol";"Lung";"0-14";"Male";"1995";"0.00"
"Incidence";"South Tyrol";"Lung";"0-14";"Male";"1996";"0.00"
"Incidence";"South Tyrol";"Lung";"0-14";"Male";"1997";"0.00"
"Incidence";"South Tyrol";"Lung";"0-14";"Male";"1998";"0.00"
"Incidence";"South Tyrol";"Lung";"0-14";"Male";"1999";"0.00"
"Incidence";"South Tyrol";"Lung";"0-14";"Male";"2000";"0.00"
"Incidence";"South Tyrol";"Lung";"0-14";"Male";"2001";"0.00"
"Incidence";"South Tyrol";"Lung";"0-14";"Male";"2002";"0.00"
"Incidence";"South Tyrol";"Lung";"0-14";"Male";"2003";"0.00"
"Incidence";"South Tyrol";"Lung";"0-14";"Male";"2004";"0.00"
"Incidence";"South Tyrol";"Lung";"0-14";"Male";"2005";"0.00"
"Incidence";"South Tyrol";"Lung";"0-14";"Male";"2006";"0.00"
"Incidence";"South Tyrol";"Lung";"0-14";"Male";"2007";"0.00"
"Incidence";"South Tyrol";"Lung";"0-14";"Male";"2008";"0.00"
"Incidence";"South Tyrol";"Lung";"0-14";"Male";"2009";"0.00"
"Incidence";"South Tyrol";"Lung";"0-14";"Male";"2010";"0.00"
"Incidence";"South Tyrol";"Lung";"0-14";"Male";"2011";"0.00"
"Incidence";"South Tyrol";"Lung";"0-14";"Male";"2012";"0.00"
"Incidence";"South Tyrol";"Lung";"0-14";"Male";"2013";"0.00"
"Incidence";"South Tyrol";"Lung";"0-14";"Male";"2014";"0.00"
"Incidence";"South Tyrol";"Lung";"0-14";"Male";"2015";"0.00"
"Incidence";"South Tyrol";"Lung";"0-14";"Male";"2016";"0.00"
"Incidence";"South Tyrol";"Lung";"0-14";"Male";"2017";"0.00"
"Incidence";"Trento";"Lung";"0-14";"Male";"1995";"0.00"
"Incidence";"Trento";"Lung";"0-14";"Male";"1996";"0.00"
"Incidence";"Trento";"Lung";"0-14";"Male";"1997";"0.00"
"Incidence";"Trento";"Lung";"0-14";"Male";"1998";"0.00"
"Incidence";"Trento";"Lung";"0-14";"Male";"1999";"0.00"
"Incidence";"Trento";"Lung";"0-14";"Male";"2000";"0.00"
"Incidence";"Trento";"Lung";"0-14";"Male";"2001";"0.00"
"Incidence";"Trento";"Lung";"0-14";"Male";"2002";"0.00"
"Incidence";"Trento";"Lung";"0-14";"Male";"2003";"0.00"
"Incidence";"Trento";"Lung";"0-14";"Male";"2004";"0.00"
"Incidence";"Trento";"Lung";"0-14";"Male";"2005";"0.00"
"Incidence";"Trento";"Lung";"0-14";"Male";"2006";"0.00"
"Incidence";"Trento";"Lung";"0-14";"Male";"2007";"0.00"
"Incidence";"Trento";"Lung";"0-14";"Male";"2008";"0.00"
"Incidence";"Trento";"Lung";"0-14";"Male";"2009";"0.00"
"Incidence";"Trento";"Lung";"0-14";"Male";"2010";"0.00"
"Incidence";"Trento";"Lung";"0-14";"Male";"2011";"0.00"
"Incidence";"Trento";"Lung";"0-14";"Male";"2012";"0.00"
"Incidence";"Trento";"Lung";"0-14";"Male";"2013";"0.00"
"Incidence";"Trento";"Lung";"0-14";"Male";"2014";"0.00"
"Incidence";"Trento";"Lung";"0-14";"Male";"2015";"0.00"
"Incidence";"Trento";"Lung";"0-14";"Male";"2016";"0.00"
"Incidence";"Trento";"Lung";"0-14";"Male";"2017";"0.00"
"Incidence";"Friuli Venezia Giulia";"Lung";"0-14";"Male";"1995";"0.00"
"Incidence";"Friuli Venezia Giulia";"Lung";"0-14";"Male";"1996";"0.00"
"Incidence";"Friuli Venezia Giulia";"Lung";"0-14";"Male";"1997";"0.00"
"Incidence";"Friuli Venezia Giulia";"Lung";"0-14";"Male";"1998";"0.00"
"Incidence";"Friuli Venezia Giulia";"Lung";"0-14";"Male";"1999";"0.00"
"Incidence";"Friuli Venezia Giulia";"Lung";"0-14";"Male";"2000";"0.00"
"Incidence";"Friuli Venezia Giulia";"Lung";"0-14";"Male";"2001";"0.00"
"Incidence";"Friuli Venezia Giulia";"Lung";"0-14";"Male";"2002";"0.00"
"Incidence";"Friuli Venezia Giulia";"Lung";"0-14";"Male";"2003";"0.00"
"Incidence";"Friuli Venezia Giulia";"Lung";"0-14";"Male";"2004";"0.00"
"Incidence";"Friuli Venezia Giulia";"Lung";"0-14";"Male";"2005";"0.00"
"Incidence";"Friuli Venezia Giulia";"Lung";"0-14";"Male";"2006";"0.00"
"Incidence";"Friuli Venezia Giulia";"Lung";"0-14";"Male";"2007";"0.00"
"Incidence";"Friuli Venezia Giulia";"Lung";"0-14";"Male";"2008";"0.00"
"Incidence";"Friuli Venezia Giulia";"Lung";"0-14";"Male";"2009";"0.00"
"Incidence";"Friuli Venezia Giulia";"Lung";"0-14";"Male";"2010";"0.00"
"Incidence";"Friuli Venezia Giulia";"Lung";"0-14";"Male";"2011";"0.00"
"Incidence";"Friuli Venezia Giulia";"Lung";"0-14";"Male";"2012";"0.00"
"Incidence";"Friuli Venezia Giulia";"Lung";"0-14";"Male";"2013";"0.00"
"Incidence";"Friuli Venezia Giulia";"Lung";"0-14";"Male";"2014";"0.00"
"Incidence";"Friuli Venezia Giulia";"Lung";"0-14";"Male";"2015";"0.00"
"Incidence";"Friuli Venezia Giulia";"Lung";"0-14";"Male";"2016";"0.00"
"Incidence";"Friuli Venezia Giulia";"Lung";"0-14";"Male";"2017";"0.00"
"Incidence";"Friuli Venezia Giulia";"Lung";"0-14";"Male";"2018";"0.00"
"Incidence";"Friuli Venezia Giulia";"Lung";"0-14";"Male";"2019";"0.00"
"Incidence";"Friuli Venezia Giulia";"Lung";"0-14";"Male";"2020";"0.00"
"Incidence";"South Tyrol";"Lung";"0-14";"Female";"1995";"0.00"
"Incidence";"South Tyrol";"Lung";"0-14";"Female";"1996";"0.00"
"Incidence";"South Tyrol";"Lung";"0-14";"Female";"1997";"0.00"
"Incidence";"South Tyrol";"Lung";"0-14";"Female";"1998";"0.00"
"Incidence";"South Tyrol";"Lung";"0-14";"Female";"1999";"0.00"
"Incidence";"South Tyrol";"Lung";"0-14";"Female";"2000";"0.00"
"Incidence";"South Tyrol";"Lung";"0-14";"Female";"2001";"0.00"
"Incidence";"South Tyrol";"Lung";"0-14";"Female";"2002";"0.00"
"Incidence";"South Tyrol";"Lung";"0-14";"Female";"2003";"0.00"
"Incidence";"South Tyrol";"Lung";"0-14";"Female";"2004";"0.00"
"Incidence";"South Tyrol";"Lung";"0-14";"Female";"2005";"0.00"
"Incidence";"South Tyrol";"Lung";"0-14";"Female";"2006";"0.00"
"Incidence";"South Tyrol";"Lung";"0-14";"Female";"2007";"0.00"
"Incidence";"South Tyrol";"Lung";"0-14";"Female";"2008";"0.00"
"Incidence";"South Tyrol";"Lung";"0-14";"Female";"2009";"0.00"
"Incidence";"South Tyrol";"Lung";"0-14";"Female";"2010";"0.00"
"Incidence";"South Tyrol";"Lung";"0-14";"Female";"2011";"0.00"
"Incidence";"South Tyrol";"Lung";"0-14";"Female";"2012";"0.00"
"Incidence";"South Tyrol";"Lung";"0-14";"Female";"2013";"0.00"
"Incidence";"South Tyrol";"Lung";"0-14";"Female";"2014";"0.00"
"Incidence";"South Tyrol";"Lung";"0-14";"Female";"2015";"0.00"
"Incidence";"South Tyrol";"Lung";"0-14";"Female";"2016";"0.00"
"Incidence";"South Tyrol";"Lung";"0-14";"Female";"2017";"0.00"
"Incidence";"Friuli Venezia Giulia";"Lung";"0-14";"Female";"1995";"0.00"
"Incidence";"Friuli Venezia Giulia";"Lung";"0-14";"Female";"1996";"0.00"
"Incidence";"Friuli Venezia Giulia";"Lung";"0-14";"Female";"1997";"0.00"
"Incidence";"Friuli Venezia Giulia";"Lung";"0-14";"Female";"1998";"0.00"
"Incidence";"Friuli Venezia Giulia";"Lung";"0-14";"Female";"1999";"0.00"
"Incidence";"Friuli Venezia Giulia";"Lung";"0-14";"Female";"2000";"0.00"
"Incidence";"Friuli Venezia Giulia";"Lung";"0-14";"Female";"2001";"0.00"
"Incidence";"Friuli Venezia Giulia";"Lung";"0-14";"Female";"2002";"0.00"
"Incidence";"Friuli Venezia Giulia";"Lung";"0-14";"Female";"2003";"0.00"
"Incidence";"Friuli Venezia Giulia";"Lung";"0-14";"Female";"2004";"0.00"
"Incidence";"Friuli Venezia Giulia";"Lung";"0-14";"Female";"2005";"0.00"
"Incidence";"Friuli Venezia Giulia";"Lung";"0-14";"Female";"2006";"0.00"
"Incidence";"Friuli Venezia Giulia";"Lung";"0-14";"Female";"2007";"0.00"
"Incidence";"Friuli Venezia Giulia";"Lung";"0-14";"Female";"2008";"0.00"
"Incidence";"Friuli Venezia Giulia";"Lung";"0-14";"Female";"2009";"0.00"
"Incidence";"Friuli Venezia Giulia";"Lung";"0-14";"Female";"2010";"0.00"
"Incidence";"Friuli Venezia Giulia";"Lung";"0-14";"Female";"2011";"0.00"
"Incidence";"Friuli Venezia Giulia";"Lung";"0-14";"Female";"2012";"0.00"
"Incidence";"Friuli Venezia Giulia";"Lung";"0-14";"Female";"2013";"0.00"
"Incidence";"Friuli Venezia Giulia";"Lung";"0-14";"Female";"2014";"0.00"
"Incidence";"Friuli Venezia Giulia";"Lung";"0-14";"Female";"2015";"0.00"
"Incidence";"Friuli Venezia Giulia";"Lung";"0-14";"Female";"2016";"0.00"
"Incidence";"Friuli Venezia Giulia";"Lung";"0-14";"Female";"2017";"0.00"
"Incidence";"Friuli Venezia Giulia";"Lung";"0-14";"Female";"2018";"0.00"
"Incidence";"Friuli Venezia Giulia";"Lung";"0-14";"Female";"2019";"0.00"
"Incidence";"Friuli Venezia Giulia";"Lung";"0-14";"Female";"2020";"0.00"
"Incidence";"Trento";"Lung";"0-14";"Female";"1995";"0.00"
"Incidence";"Trento";"Lung";"0-14";"Female";"1996";"0.00"
"Incidence";"Trento";"Lung";"0-14";"Female";"1997";"0.00"
"Incidence";"Trento";"Lung";"0-14";"Female";"1998";"0.00"
"Incidence";"Trento";"Lung";"0-14";"Female";"1999";"0.00"
"Incidence";"Trento";"Lung";"0-14";"Female";"2000";"0.00"
"Incidence";"Trento";"Lung";"0-14";"Female";"2001";"0.00"
"Incidence";"Trento";"Lung";"0-14";"Female";"2002";"0.00"
"Incidence";"Trento";"Lung";"0-14";"Female";"2003";"0.00"
"Incidence";"Trento";"Lung";"0-14";"Female";"2004";"0.00"
"Incidence";"Trento";"Lung";"0-14";"Female";"2005";"0.00"
"Incidence";"Trento";"Lung";"0-14";"Female";"2006";"0.00"
"Incidence";"Trento";"Lung";"0-14";"Female";"2007";"0.00"
"Incidence";"Trento";"Lung";"0-14";"Female";"2008";"0.00"
"Incidence";"Trento";"Lung";"0-14";"Female";"2009";"0.00"
"Incidence";"Trento";"Lung";"0-14";"Female";"2010";"0.00"
"Incidence";"Trento";"Lung";"0-14";"Female";"2011";"0.00"
"Incidence";"Trento";"Lung";"0-14";"Female";"2012";"0.00"
"Incidence";"Trento";"Lung";"0-14";"Female";"2013";"0.00"
"Incidence";"Trento";"Lung";"0-14";"Female";"2014";"0.00"
"Incidence";"Trento";"Lung";"0-14";"Female";"2015";"0.00"
"Incidence";"Trento";"Lung";"0-14";"Female";"2016";"0.00"
"Incidence";"Trento";"Lung";"0-14";"Female";"2017";"0.00"
"Incidence";"Friuli Venezia Giulia";"Lung";"15-29";"Male";"1995";"0.00"
"Incidence";"Friuli Venezia Giulia";"Lung";"15-29";"Male";"1996";"0.00"
"Incidence";"Friuli Venezia Giulia";"Lung";"15-29";"Male";"1997";"0.00"
"Incidence";"Friuli Venezia Giulia";"Lung";"15-29";"Male";"1998";"0.00"
"Incidence";"Friuli Venezia Giulia";"Lung";"15-29";"Male";"1999";"0.00"
"Incidence";"Friuli Venezia Giulia";"Lung";"15-29";"Male";"2000";"0.00"
"Incidence";"Friuli Venezia Giulia";"Lung";"15-29";"Male";"2001";"0.00"
"Incidence";"Friuli Venezia Giulia";"Lung";"15-29";"Male";"2002";"2.01"
"Incidence";"Friuli Venezia Giulia";"Lung";"15-29";"Male";"2003";"0.00"
"Incidence";"Friuli Venezia Giulia";"Lung";"15-29";"Male";"2004";"0.00"
"Incidence";"Friuli Venezia Giulia";"Lung";"15-29";"Male";"2005";"0.00"
"Incidence";"Friuli Venezia Giulia";"Lung";"15-29";"Male";"2006";"0.00"
"Incidence";"Friuli Venezia Giulia";"Lung";"15-29";"Male";"2007";"0.00"
"Incidence";"Friuli Venezia Giulia";"Lung";"15-29";"Male";"2008";"0.00"
"Incidence";"Friuli Venezia Giulia";"Lung";"15-29";"Male";"2009";"0.00"
"Incidence";"Friuli Venezia Giulia";"Lung";"15-29";"Male";"2010";"0.00"
"Incidence";"Friuli Venezia Giulia";"Lung";"15-29";"Male";"2011";"2.43"
"Incidence";"Friuli Venezia Giulia";"Lung";"15-29";"Male";"2012";"1.22"
"Incidence";"Friuli Venezia Giulia";"Lung";"15-29";"Male";"2013";"0.00"
"Incidence";"Friuli Venezia Giulia";"Lung";"15-29";"Male";"2014";"0.00"
"Incidence";"Friuli Venezia Giulia";"Lung";"15-29";"Male";"2015";"0.00"
"Incidence";"Friuli Venezia Giulia";"Lung";"15-29";"Male";"2016";"0.00"
"Incidence";"Friuli Venezia Giulia";"Lung";"15-29";"Male";"2017";"2.44"
"Incidence";"Friuli Venezia Giulia";"Lung";"15-29";"Male";"2018";"0.00"
"Incidence";"Friuli Venezia Giulia";"Lung";"15-29";"Male";"2019";"0.00"
"Incidence";"Friuli Venezia Giulia";"Lung";"15-29";"Male";"2020";"0.00"
"Incidence";"South Tyrol";"Lung";"15-29";"Male";"1995";"0.00"
"Incidence";"South Tyrol";"Lung";"15-29";"Male";"1996";"0.00"
"Incidence";"South Tyrol";"Lung";"15-29";"Male";"1997";"0.00"
"Incidence";"South Tyrol";"Lung";"15-29";"Male";"1998";"0.00"
"Incidence";"South Tyrol";"Lung";"15-29";"Male";"1999";"0.00"
"Incidence";"South Tyrol";"Lung";"15-29";"Male";"2000";"2.19"
"Incidence";"South Tyrol";"Lung";"15-29";"Male";"2001";"0.00"
"Incidence";"South Tyrol";"Lung";"15-29";"Male";"2002";"0.00"
"Incidence";"South Tyrol";"Lung";"15-29";"Male";"2003";"0.00"
"Incidence";"South Tyrol";"Lung";"15-29";"Male";"2004";"0.00"
"Incidence";"South Tyrol";"Lung";"15-29";"Male";"2005";"0.00"
"Incidence";"South Tyrol";"Lung";"15-29";"Male";"2006";"0.00"
"Incidence";"South Tyrol";"Lung";"15-29";"Male";"2007";"0.00"
"Incidence";"South Tyrol";"Lung";"15-29";"Male";"2008";"0.00"
"Incidence";"South Tyrol";"Lung";"15-29";"Male";"2009";"0.00"
"Incidence";"South Tyrol";"Lung";"15-29";"Male";"2010";"0.00"
"Incidence";"South Tyrol";"Lung";"15-29";"Male";"2011";"0.00"
"Incidence";"South Tyrol";"Lung";"15-29";"Male";"2012";"0.00"
"Incidence";"South Tyrol";"Lung";"15-29";"Male";"2013";"0.00"
"Incidence";"South Tyrol";"Lung";"15-29";"Male";"2014";"0.00"
"Incidence";"South Tyrol";"Lung";"15-29";"Male";"2015";"0.00"
"Incidence";"South Tyrol";"Lung";"15-29";"Male";"2016";"0.00"
"Incidence";"South Tyrol";"Lung";"15-29";"Male";"2017";"0.00"
"Incidence";"Trento";"Lung";"15-29";"Male";"1995";"0.00"
"Incidence";"Trento";"Lung";"15-29";"Male";"1996";"0.00"
"Incidence";"Trento";"Lung";"15-29";"Male";"1997";"2.17"
"Incidence";"Trento";"Lung";"15-29";"Male";"1998";"0.00"
"Incidence";"Trento";"Lung";"15-29";"Male";"1999";"0.00"
"Incidence";"Trento";"Lung";"15-29";"Male";"2000";"0.00"
"Incidence";"Trento";"Lung";"15-29";"Male";"2001";"0.00"
"Incidence";"Trento";"Lung";"15-29";"Male";"2002";"0.00"
"Incidence";"Trento";"Lung";"15-29";"Male";"2003";"0.00"
"Incidence";"Trento";"Lung";"15-29";"Male";"2004";"0.00"
"Incidence";"Trento";"Lung";"15-29";"Male";"2005";"0.00"
"Incidence";"Trento";"Lung";"15-29";"Male";"2006";"0.00"
"Incidence";"Trento";"Lung";"15-29";"Male";"2007";"0.00"
"Incidence";"Trento";"Lung";"15-29";"Male";"2008";"0.00"
"Incidence";"Trento";"Lung";"15-29";"Male";"2009";"0.00"
"Incidence";"Trento";"Lung";"15-29";"Male";"2010";"2.48"
"Incidence";"Trento";"Lung";"15-29";"Male";"2011";"0.00"
"Incidence";"Trento";"Lung";"15-29";"Male";"2012";"0.00"
"Incidence";"Trento";"Lung";"15-29";"Male";"2013";"0.00"
"Incidence";"Trento";"Lung";"15-29";"Male";"2014";"0.00"
"Incidence";"Trento";"Lung";"15-29";"Male";"2015";"0.00"
"Incidence";"Trento";"Lung";"15-29";"Male";"2016";"0.00"
"Incidence";"Trento";"Lung";"15-29";"Male";"2017";"0.00"
"Incidence";"Friuli Venezia Giulia";"Lung";"15-29";"Female";"1995";"0.00"
"Incidence";"Friuli Venezia Giulia";"Lung";"15-29";"Female";"1996";"0.00"
"Incidence";"Friuli Venezia Giulia";"Lung";"15-29";"Female";"1997";"0.00"
"Incidence";"Friuli Venezia Giulia";"Lung";"15-29";"Female";"1998";"0.00"
"Incidence";"Friuli Venezia Giulia";"Lung";"15-29";"Female";"1999";"0.00"
"Incidence";"Friuli Venezia Giulia";"Lung";"15-29";"Female";"2000";"0.00"
"Incidence";"Friuli Venezia Giulia";"Lung";"15-29";"Female";"2001";"0.00"
"Incidence";"Friuli Venezia Giulia";"Lung";"15-29";"Female";"2002";"1.09"
"Incidence";"Friuli Venezia Giulia";"Lung";"15-29";"Female";"2003";"0.00"
"Incidence";"Friuli Venezia Giulia";"Lung";"15-29";"Female";"2004";"1.15"
"Incidence";"Friuli Venezia Giulia";"Lung";"15-29";"Female";"2005";"0.00"
"Incidence";"Friuli Venezia Giulia";"Lung";"15-29";"Female";"2006";"0.00"
"Incidence";"Friuli Venezia Giulia";"Lung";"15-29";"Female";"2007";"0.00"
"Incidence";"Friuli Venezia Giulia";"Lung";"15-29";"Female";"2008";"1.24"
"Incidence";"Friuli Venezia Giulia";"Lung";"15-29";"Female";"2009";"0.00"
"Incidence";"Friuli Venezia Giulia";"Lung";"15-29";"Female";"2010";"0.00"
"Incidence";"Friuli Venezia Giulia";"Lung";"15-29";"Female";"2011";"0.00"
"Incidence";"Friuli Venezia Giulia";"Lung";"15-29";"Female";"2012";"0.00"
"Incidence";"Friuli Venezia Giulia";"Lung";"15-29";"Female";"2013";"0.00"
"Incidence";"Friuli Venezia Giulia";"Lung";"15-29";"Female";"2014";"1.27"
"Incidence";"Friuli Venezia Giulia";"Lung";"15-29";"Female";"2015";"1.28"
"Incidence";"Friuli Venezia Giulia";"Lung";"15-29";"Female";"2016";"0.00"
"Incidence";"Friuli Venezia Giulia";"Lung";"15-29";"Female";"2017";"1.29"
"Incidence";"Friuli Venezia Giulia";"Lung";"15-29";"Female";"2018";"0.00"
"Incidence";"Friuli Venezia Giulia";"Lung";"15-29";"Female";"2019";"0.00"
"Incidence";"Friuli Venezia Giulia";"Lung";"15-29";"Female";"2020";"2.57"
"Incidence";"South Tyrol";"Lung";"15-29";"Female";"1995";"3.98"
"Incidence";"South Tyrol";"Lung";"15-29";"Female";"1996";"0.00"
"Incidence";"South Tyrol";"Lung";"15-29";"Female";"1997";"0.00"
"Incidence";"South Tyrol";"Lung";"15-29";"Female";"1998";"2.15"
"Incidence";"South Tyrol";"Lung";"15-29";"Female";"1999";"2.21"
"Incidence";"South Tyrol";"Lung";"15-29";"Female";"2000";"0.00"
"Incidence";"South Tyrol";"Lung";"15-29";"Female";"2001";"0.00"
"Incidence";"South Tyrol";"Lung";"15-29";"Female";"2002";"0.00"
"Incidence";"South Tyrol";"Lung";"15-29";"Female";"2003";"2.43"
"Incidence";"South Tyrol";"Lung";"15-29";"Female";"2004";"0.00"
"Incidence";"South Tyrol";"Lung";"15-29";"Female";"2005";"0.00"
"Incidence";"South Tyrol";"Lung";"15-29";"Female";"2006";"0.00"
"Incidence";"South Tyrol";"Lung";"15-29";"Female";"2007";"0.00"
"Incidence";"South Tyrol";"Lung";"15-29";"Female";"2008";"0.00"
"Incidence";"South Tyrol";"Lung";"15-29";"Female";"2009";"0.00"
"Incidence";"South Tyrol";"Lung";"15-29";"Female";"2010";"0.00"
"Incidence";"South Tyrol";"Lung";"15-29";"Female";"2011";"2.39"
"Incidence";"South Tyrol";"Lung";"15-29";"Female";"2012";"0.00"
"Incidence";"South Tyrol";"Lung";"15-29";"Female";"2013";"0.00"
"Incidence";"South Tyrol";"Lung";"15-29";"Female";"2014";"0.00"
"Incidence";"South Tyrol";"Lung";"15-29";"Female";"2015";"0.00"
"Incidence";"South Tyrol";"Lung";"15-29";"Female";"2016";"0.00"
"Incidence";"South Tyrol";"Lung";"15-29";"Female";"2017";"0.00"
"Incidence";"Trento";"Lung";"15-29";"Female";"1995";"0.00"
"Incidence";"Trento";"Lung";"15-29";"Female";"1996";"0.00"
"Incidence";"Trento";"Lung";"15-29";"Female";"1997";"0.00"
"Incidence";"Trento";"Lung";"15-29";"Female";"1998";"2.31"
"Incidence";"Trento";"Lung";"15-29";"Female";"1999";"0.00"
"Incidence";"Trento";"Lung";"15-29";"Female";"2000";"0.00"
"Incidence";"Trento";"Lung";"15-29";"Female";"2001";"0.00"
"Incidence";"Trento";"Lung";"15-29";"Female";"2002";"2.47"
"Incidence";"Trento";"Lung";"15-29";"Female";"2003";"0.00"
"Incidence";"Trento";"Lung";"15-29";"Female";"2004";"2.53"
"Incidence";"Trento";"Lung";"15-29";"Female";"2005";"0.00"
"Incidence";"Trento";"Lung";"15-29";"Female";"2006";"0.00"
"Incidence";"Trento";"Lung";"15-29";"Female";"2007";"0.00"
"Incidence";"Trento";"Lung";"15-29";"Female";"2008";"0.00"
"Incidence";"Trento";"Lung";"15-29";"Female";"2009";"0.00"
"Incidence";"Trento";"Lung";"15-29";"Female";"2010";"2.56"
"Incidence";"Trento";"Lung";"15-29";"Female";"2011";"0.00"
"Incidence";"Trento";"Lung";"15-29";"Female";"2012";"0.00"
"Incidence";"Trento";"Lung";"15-29";"Female";"2013";"0.00"
"Incidence";"Trento";"Lung";"15-29";"Female";"2014";"0.00"
"Incidence";"Trento";"Lung";"15-29";"Female";"2015";"0.00"
"Incidence";"Trento";"Lung";"15-29";"Female";"2016";"0.00"
"Incidence";"Trento";"Lung";"15-29";"Female";"2017";"0.00"
"Incidence";"Friuli Venezia Giulia";"Lung";"30-44";"Male";"1995";"7.10"
"Incidence";"Friuli Venezia Giulia";"Lung";"30-44";"Male";"1996";"6.24"
"Incidence";"Friuli Venezia Giulia";"Lung";"30-44";"Male";"1997";"7.70"
"Incidence";"Friuli Venezia Giulia";"Lung";"30-44";"Male";"1998";"4.55"
"Incidence";"Friuli Venezia Giulia";"Lung";"30-44";"Male";"1999";"4.48"
"Incidence";"Friuli Venezia Giulia";"Lung";"30-44";"Male";"2000";"4.40"
"Incidence";"Friuli Venezia Giulia";"Lung";"30-44";"Male";"2001";"5.78"
"Incidence";"Friuli Venezia Giulia";"Lung";"30-44";"Male";"2002";"4.27"
"Incidence";"Friuli Venezia Giulia";"Lung";"30-44";"Male";"2003";"5.56"
"Incidence";"Friuli Venezia Giulia";"Lung";"30-44";"Male";"2004";"4.79"
"Incidence";"Friuli Venezia Giulia";"Lung";"30-44";"Male";"2005";"1.35"
"Incidence";"Friuli Venezia Giulia";"Lung";"30-44";"Male";"2006";"2.71"
"Incidence";"Friuli Venezia Giulia";"Lung";"30-44";"Male";"2007";"2.04"
"Incidence";"Friuli Venezia Giulia";"Lung";"30-44";"Male";"2008";"6.12"
"Incidence";"Friuli Venezia Giulia";"Lung";"30-44";"Male";"2009";"2.74"
"Incidence";"Friuli Venezia Giulia";"Lung";"30-44";"Male";"2010";"3.51"
"Incidence";"Friuli Venezia Giulia";"Lung";"30-44";"Male";"2011";"3.61"
"Incidence";"Friuli Venezia Giulia";"Lung";"30-44";"Male";"2012";"5.98"
"Incidence";"Friuli Venezia Giulia";"Lung";"30-44";"Male";"2013";"3.82"
"Incidence";"Friuli Venezia Giulia";"Lung";"30-44";"Male";"2014";"2.36"
"Incidence";"Friuli Venezia Giulia";"Lung";"30-44";"Male";"2015";"2.44"
"Incidence";"Friuli Venezia Giulia";"Lung";"30-44";"Male";"2016";"5.89"
"Incidence";"Friuli Venezia Giulia";"Lung";"30-44";"Male";"2017";"4.36"
"Incidence";"Friuli Venezia Giulia";"Lung";"30-44";"Male";"2018";"3.60"
"Incidence";"Friuli Venezia Giulia";"Lung";"30-44";"Male";"2019";"3.67"
"Incidence";"Friuli Venezia Giulia";"Lung";"30-44";"Male";"2020";"3.81"
"Incidence";"Friuli Venezia Giulia";"Lung";"30-44";"Female";"1995";"3.23"
"Incidence";"Friuli Venezia Giulia";"Lung";"30-44";"Female";"1996";"3.21"
"Incidence";"Friuli Venezia Giulia";"Lung";"30-44";"Female";"1997";"2.37"
"Incidence";"Friuli Venezia Giulia";"Lung";"30-44";"Female";"1998";"1.56"
"Incidence";"Friuli Venezia Giulia";"Lung";"30-44";"Female";"1999";"2.32"
"Incidence";"Friuli Venezia Giulia";"Lung";"30-44";"Female";"2000";"2.29"
"Incidence";"Friuli Venezia Giulia";"Lung";"30-44";"Female";"2001";"3.75"
"Incidence";"Friuli Venezia Giulia";"Lung";"30-44";"Female";"2002";"2.96"
"Incidence";"Friuli Venezia Giulia";"Lung";"30-44";"Female";"2003";"1.45"
"Incidence";"Friuli Venezia Giulia";"Lung";"30-44";"Female";"2004";"2.14"
"Incidence";"Friuli Venezia Giulia";"Lung";"30-44";"Female";"2005";"2.12"
"Incidence";"Friuli Venezia Giulia";"Lung";"30-44";"Female";"2006";"2.82"
"Incidence";"Friuli Venezia Giulia";"Lung";"30-44";"Female";"2007";"2.83"
"Incidence";"Friuli Venezia Giulia";"Lung";"30-44";"Female";"2008";"3.54"
"Incidence";"Friuli Venezia Giulia";"Lung";"30-44";"Female";"2009";"2.14"
"Incidence";"Friuli Venezia Giulia";"Lung";"30-44";"Female";"2010";"3.64"
"Incidence";"Friuli Venezia Giulia";"Lung";"30-44";"Female";"2011";"0.75"
"Incidence";"Friuli Venezia Giulia";"Lung";"30-44";"Female";"2012";"1.53"
"Incidence";"Friuli Venezia Giulia";"Lung";"30-44";"Female";"2013";"2.35"
"Incidence";"Friuli Venezia Giulia";"Lung";"30-44";"Female";"2014";"3.22"
"Incidence";"Friuli Venezia Giulia";"Lung";"30-44";"Female";"2015";"2.50"
"Incidence";"Friuli Venezia Giulia";"Lung";"30-44";"Female";"2016";"2.59"
"Incidence";"Friuli Venezia Giulia";"Lung";"30-44";"Female";"2017";"2.68"
"Incidence";"Friuli Venezia Giulia";"Lung";"30-44";"Female";"2018";"1.85"
"Incidence";"Friuli Venezia Giulia";"Lung";"30-44";"Female";"2019";"3.82"
"Incidence";"Friuli Venezia Giulia";"Lung";"30-44";"Female";"2020";"0.99"
"Incidence";"Trento";"Lung";"30-44";"Male";"1995";"3.84"
"Incidence";"Trento";"Lung";"30-44";"Male";"1996";"3.78"
"Incidence";"Trento";"Lung";"30-44";"Male";"1997";"1.86"
"Incidence";"Trento";"Lung";"30-44";"Male";"1998";"3.65"
"Incidence";"Trento";"Lung";"30-44";"Male";"1999";"0.00"
"Incidence";"Trento";"Lung";"30-44";"Male";"2000";"6.94"
"Incidence";"Trento";"Lung";"30-44";"Male";"2001";"3.43"
"Incidence";"Trento";"Lung";"30-44";"Male";"2002";"3.40"
"Incidence";"Trento";"Lung";"30-44";"Male";"2003";"1.68"
"Incidence";"Trento";"Lung";"30-44";"Male";"2004";"3.30"
"Incidence";"Trento";"Lung";"30-44";"Male";"2005";"3.25"
"Incidence";"Trento";"Lung";"30-44";"Male";"2006";"6.49"
"Incidence";"Trento";"Lung";"30-44";"Male";"2007";"4.89"
"Incidence";"Trento";"Lung";"30-44";"Male";"2008";"4.89"
"Incidence";"Trento";"Lung";"30-44";"Male";"2009";"4.94"
"Incidence";"Trento";"Lung";"30-44";"Male";"2010";"6.72"
"Incidence";"Trento";"Lung";"30-44";"Male";"2011";"0.00"
"Incidence";"Trento";"Lung";"30-44";"Male";"2012";"3.51"
"Incidence";"Trento";"Lung";"30-44";"Male";"2013";"0.00"
"Incidence";"Trento";"Lung";"30-44";"Male";"2014";"3.59"
"Incidence";"Trento";"Lung";"30-44";"Male";"2015";"3.69"
"Incidence";"Trento";"Lung";"30-44";"Male";"2016";"1.88"
"Incidence";"Trento";"Lung";"30-44";"Male";"2017";"7.74"
"Incidence";"Trento";"Lung";"30-44";"Female";"1995";"0.00"
"Incidence";"Trento";"Lung";"30-44";"Female";"1996";"5.98"
"Incidence";"Trento";"Lung";"30-44";"Female";"1997";"7.79"
"Incidence";"Trento";"Lung";"30-44";"Female";"1998";"1.91"
"Incidence";"Trento";"Lung";"30-44";"Female";"1999";"1.84"
"Incidence";"Trento";"Lung";"30-44";"Female";"2000";"3.63"
"Incidence";"Trento";"Lung";"30-44";"Female";"2001";"1.79"
"Incidence";"Trento";"Lung";"30-44";"Female";"2002";"5.31"
"Incidence";"Trento";"Lung";"30-44";"Female";"2003";"0.00"
"Incidence";"Trento";"Lung";"30-44";"Female";"2004";"1.71"
"Incidence";"Trento";"Lung";"30-44";"Female";"2005";"3.38"
"Incidence";"Trento";"Lung";"30-44";"Female";"2006";"5.03"
"Incidence";"Trento";"Lung";"30-44";"Female";"2007";"1.68"
"Incidence";"Trento";"Lung";"30-44";"Female";"2008";"0.00"
"Incidence";"Trento";"Lung";"30-44";"Female";"2009";"3.36"
"Incidence";"Trento";"Lung";"30-44";"Female";"2010";"1.70"
"Incidence";"Trento";"Lung";"30-44";"Female";"2011";"3.46"
"Incidence";"Trento";"Lung";"30-44";"Female";"2012";"3.54"
"Incidence";"Trento";"Lung";"30-44";"Female";"2013";"3.57"
"Incidence";"Trento";"Lung";"30-44";"Female";"2014";"3.62"
"Incidence";"Trento";"Lung";"30-44";"Female";"2015";"7.39"
"Incidence";"Trento";"Lung";"30-44";"Female";"2016";"3.78"
"Incidence";"Trento";"Lung";"30-44";"Female";"2017";"5.83"
"Incidence";"South Tyrol";"Lung";"30-44";"Female";"1995";"2.04"
"Incidence";"South Tyrol";"Lung";"30-44";"Female";"1996";"3.96"
"Incidence";"South Tyrol";"Lung";"30-44";"Female";"1997";"0.00"
"Incidence";"South Tyrol";"Lung";"30-44";"Female";"1998";"1.88"
"Incidence";"South Tyrol";"Lung";"30-44";"Female";"1999";"1.84"
"Incidence";"South Tyrol";"Lung";"30-44";"Female";"2000";"0.00"
"Incidence";"South Tyrol";"Lung";"30-44";"Female";"2001";"3.55"
"Incidence";"South Tyrol";"Lung";"30-44";"Female";"2002";"1.74"
"Incidence";"South Tyrol";"Lung";"30-44";"Female";"2003";"1.72"
"Incidence";"South Tyrol";"Lung";"30-44";"Female";"2004";"1.70"
"Incidence";"South Tyrol";"Lung";"30-44";"Female";"2005";"3.37"
"Incidence";"South Tyrol";"Lung";"30-44";"Female";"2006";"0.00"
"Incidence";"South Tyrol";"Lung";"30-44";"Female";"2007";"0.00"
"Incidence";"South Tyrol";"Lung";"30-44";"Female";"2008";"3.39"
"Incidence";"South Tyrol";"Lung";"30-44";"Female";"2009";"6.89"
"Incidence";"South Tyrol";"Lung";"30-44";"Female";"2010";"0.00"
"Incidence";"South Tyrol";"Lung";"30-44";"Female";"2011";"3.58"
"Incidence";"South Tyrol";"Lung";"30-44";"Female";"2012";"0.00"
"Incidence";"South Tyrol";"Lung";"30-44";"Female";"2013";"1.83"
"Incidence";"South Tyrol";"Lung";"30-44";"Female";"2014";"5.63"
"Incidence";"South Tyrol";"Lung";"30-44";"Female";"2015";"1.92"
"Incidence";"South Tyrol";"Lung";"30-44";"Female";"2016";"1.96"
"Incidence";"South Tyrol";"Lung";"30-44";"Female";"2017";"7.99"
"Incidence";"South Tyrol";"Lung";"30-44";"Male";"1995";"1.92"
"Incidence";"South Tyrol";"Lung";"30-44";"Male";"1996";"3.72"
"Incidence";"South Tyrol";"Lung";"30-44";"Male";"1997";"7.25"
"Incidence";"South Tyrol";"Lung";"30-44";"Male";"1998";"1.77"
"Incidence";"South Tyrol";"Lung";"30-44";"Male";"1999";"3.45"
"Incidence";"South Tyrol";"Lung";"30-44";"Male";"2000";"1.70"
"Incidence";"South Tyrol";"Lung";"30-44";"Male";"2001";"3.33"
"Incidence";"South Tyrol";"Lung";"30-44";"Male";"2002";"1.62"
"Incidence";"South Tyrol";"Lung";"30-44";"Male";"2003";"9.64"
"Incidence";"South Tyrol";"Lung";"30-44";"Male";"2004";"1.59"
"Incidence";"South Tyrol";"Lung";"30-44";"Male";"2005";"1.59"
"Incidence";"South Tyrol";"Lung";"30-44";"Male";"2006";"6.38"
"Incidence";"South Tyrol";"Lung";"30-44";"Male";"2007";"3.20"
"Incidence";"South Tyrol";"Lung";"30-44";"Male";"2008";"1.62"
"Incidence";"South Tyrol";"Lung";"30-44";"Male";"2009";"3.33"
"Incidence";"South Tyrol";"Lung";"30-44";"Male";"2010";"0.00"
"Incidence";"South Tyrol";"Lung";"30-44";"Male";"2011";"5.31"
"Incidence";"South Tyrol";"Lung";"30-44";"Male";"2012";"1.79"
"Incidence";"South Tyrol";"Lung";"30-44";"Male";"2013";"0.00"
"Incidence";"South Tyrol";"Lung";"30-44";"Male";"2014";"1.87"
"Incidence";"South Tyrol";"Lung";"30-44";"Male";"2015";"0.00"
"Incidence";"South Tyrol";"Lung";"30-44";"Male";"2016";"3.89"
"Incidence";"South Tyrol";"Lung";"30-44";"Male";"2017";"3.95"
"Incidence";"Trento";"Lung";"45-59";"Female";"1995";"19.07"
"Incidence";"Trento";"Lung";"45-59";"Female";"1996";"32.89"
"Incidence";"Trento";"Lung";"45-59";"Female";"1997";"11.61"
"Incidence";"Trento";"Lung";"45-59";"Female";"1998";"11.49"
"Incidence";"Trento";"Lung";"45-59";"Female";"1999";"17.88"
"Incidence";"Trento";"Lung";"45-59";"Female";"2000";"11.08"
"Incidence";"Trento";"Lung";"45-59";"Female";"2001";"26.45"
"Incidence";"Trento";"Lung";"45-59";"Female";"2002";"17.53"
"Incidence";"Trento";"Lung";"45-59";"Female";"2003";"19.49"
"Incidence";"Trento";"Lung";"45-59";"Female";"2004";"16.96"
"Incidence";"Trento";"Lung";"45-59";"Female";"2005";"18.61"
"Incidence";"Trento";"Lung";"45-59";"Female";"2006";"30.09"
"Incidence";"Trento";"Lung";"45-59";"Female";"2007";"9.91"
"Incidence";"Trento";"Lung";"45-59";"Female";"2008";"13.60"
"Incidence";"Trento";"Lung";"45-59";"Female";"2009";"20.85"
"Incidence";"Trento";"Lung";"45-59";"Female";"2010";"25.75"
"Incidence";"Trento";"Lung";"45-59";"Female";"2011";"23.37"
"Incidence";"Trento";"Lung";"45-59";"Female";"2012";"22.89"
"Incidence";"Trento";"Lung";"45-59";"Female";"2013";"18.86"
"Incidence";"Trento";"Lung";"45-59";"Female";"2014";"28.41"
"Incidence";"Trento";"Lung";"45-59";"Female";"2015";"19.75"
"Incidence";"Trento";"Lung";"45-59";"Female";"2016";"16.26"
"Incidence";"Trento";"Lung";"45-59";"Female";"2017";"22.49"
"Incidence";"Trento";"Lung";"45-59";"Male";"1995";"76.08"
"Incidence";"Trento";"Lung";"45-59";"Male";"1996";"88.53"
"Incidence";"Trento";"Lung";"45-59";"Male";"1997";"59.39"
"Incidence";"Trento";"Lung";"45-59";"Male";"1998";"78.69"
"Incidence";"Trento";"Lung";"45-59";"Male";"1999";"84.96"
"Incidence";"Trento";"Lung";"45-59";"Male";"2000";"64.75"
"Incidence";"Trento";"Lung";"45-59";"Male";"2001";"64.10"
"Incidence";"Trento";"Lung";"45-59";"Male";"2002";"67.60"
"Incidence";"Trento";"Lung";"45-59";"Male";"2003";"51.97"
"Incidence";"Trento";"Lung";"45-59";"Male";"2004";"46.99"
"Incidence";"Trento";"Lung";"45-59";"Male";"2005";"51.89"
"Incidence";"Trento";"Lung";"45-59";"Male";"2006";"63.97"
"Incidence";"Trento";"Lung";"45-59";"Male";"2007";"47.85"
"Incidence";"Trento";"Lung";"45-59";"Male";"2008";"32.09"
"Incidence";"Trento";"Lung";"45-59";"Male";"2009";"44.56"
"Incidence";"Trento";"Lung";"45-59";"Male";"2010";"36.35"
"Incidence";"Trento";"Lung";"45-59";"Male";"2011";"30.27"
"Incidence";"Trento";"Lung";"45-59";"Male";"2012";"40.40"
"Incidence";"Trento";"Lung";"45-59";"Male";"2013";"42.90"
"Incidence";"Trento";"Lung";"45-59";"Male";"2014";"46.76"
"Incidence";"Trento";"Lung";"45-59";"Male";"2015";"42.75"
"Incidence";"Trento";"Lung";"45-59";"Male";"2016";"27.71"
"Incidence";"Trento";"Lung";"45-59";"Male";"2017";"22.64"
"Incidence";"Friuli Venezia Giulia";"Lung";"45-59";"Male";"1995";"110.59"
"Incidence";"Friuli Venezia Giulia";"Lung";"45-59";"Male";"1996";"87.90"
"Incidence";"Friuli Venezia Giulia";"Lung";"45-59";"Male";"1997";"106.10"
"Incidence";"Friuli Venezia Giulia";"Lung";"45-59";"Male";"1998";"89.15"
"Incidence";"Friuli Venezia Giulia";"Lung";"45-59";"Male";"1999";"87.62"
"Incidence";"Friuli Venezia Giulia";"Lung";"45-59";"Male";"2000";"73.12"
"Incidence";"Friuli Venezia Giulia";"Lung";"45-59";"Male";"2001";"64.96"
"Incidence";"Friuli Venezia Giulia";"Lung";"45-59";"Male";"2002";"67.73"
"Incidence";"Friuli Venezia Giulia";"Lung";"45-59";"Male";"2003";"70.12"
"Incidence";"Friuli Venezia Giulia";"Lung";"45-59";"Male";"2004";"61.78"
"Incidence";"Friuli Venezia Giulia";"Lung";"45-59";"Male";"2005";"73.44"
"Incidence";"Friuli Venezia Giulia";"Lung";"45-59";"Male";"2006";"60.88"
"Incidence";"Friuli Venezia Giulia";"Lung";"45-59";"Male";"2007";"57.82"
"Incidence";"Friuli Venezia Giulia";"Lung";"45-59";"Male";"2008";"45.48"
"Incidence";"Friuli Venezia Giulia";"Lung";"45-59";"Male";"2009";"53.01"
"Incidence";"Friuli Venezia Giulia";"Lung";"45-59";"Male";"2010";"51.38"
"Incidence";"Friuli Venezia Giulia";"Lung";"45-59";"Male";"2011";"49.11"
"Incidence";"Friuli Venezia Giulia";"Lung";"45-59";"Male";"2012";"46.84"
"Incidence";"Friuli Venezia Giulia";"Lung";"45-59";"Male";"2013";"43.77"
"Incidence";"Friuli Venezia Giulia";"Lung";"45-59";"Male";"2014";"38.57"
"Incidence";"Friuli Venezia Giulia";"Lung";"45-59";"Male";"2015";"37.26"
"Incidence";"Friuli Venezia Giulia";"Lung";"45-59";"Male";"2016";"34.71"
"Incidence";"Friuli Venezia Giulia";"Lung";"45-59";"Male";"2017";"42.04"
"Incidence";"Friuli Venezia Giulia";"Lung";"45-59";"Male";"2018";"27.69"
"Incidence";"Friuli Venezia Giulia";"Lung";"45-59";"Male";"2019";"32.22"
"Incidence";"Friuli Venezia Giulia";"Lung";"45-59";"Male";"2020";"26.62"
"Incidence";"South Tyrol";"Lung";"45-59";"Male";"1995";"64.68"
"Incidence";"South Tyrol";"Lung";"45-59";"Male";"1996";"83.99"
"Incidence";"South Tyrol";"Lung";"45-59";"Male";"1997";"36.76"
"Incidence";"South Tyrol";"Lung";"45-59";"Male";"1998";"71.08"
"Incidence";"South Tyrol";"Lung";"45-59";"Male";"1999";"53.89"
"Incidence";"South Tyrol";"Lung";"45-59";"Male";"2000";"48.83"
"Incidence";"South Tyrol";"Lung";"45-59";"Male";"2001";"41.49"
"Incidence";"South Tyrol";"Lung";"45-59";"Male";"2002";"75.23"
"Incidence";"South Tyrol";"Lung";"45-59";"Male";"2003";"57.46"
"Incidence";"South Tyrol";"Lung";"45-59";"Male";"2004";"65.13"
"Incidence";"South Tyrol";"Lung";"45-59";"Male";"2005";"47.04"
"Incidence";"South Tyrol";"Lung";"45-59";"Male";"2006";"59.23"
"Incidence";"South Tyrol";"Lung";"45-59";"Male";"2007";"31.87"
"Incidence";"South Tyrol";"Lung";"45-59";"Male";"2008";"61.74"
"Incidence";"South Tyrol";"Lung";"45-59";"Male";"2009";"41.59"
"Incidence";"South Tyrol";"Lung";"45-59";"Male";"2010";"34.38"
"Incidence";"South Tyrol";"Lung";"45-59";"Male";"2011";"35.72"
"Incidence";"South Tyrol";"Lung";"45-59";"Male";"2012";"34.57"
"Incidence";"South Tyrol";"Lung";"45-59";"Male";"2013";"42.16"
"Incidence";"South Tyrol";"Lung";"45-59";"Male";"2014";"23.89"
"Incidence";"South Tyrol";"Lung";"45-59";"Male";"2015";"28.46"
"Incidence";"South Tyrol";"Lung";"45-59";"Male";"2016";"21.34"
"Incidence";"South Tyrol";"Lung";"45-59";"Male";"2017";"32.29"
"Incidence";"Friuli Venezia Giulia";"Lung";"45-59";"Female";"1995";"17.35"
"Incidence";"Friuli Venezia Giulia";"Lung";"45-59";"Female";"1996";"26.67"
"Incidence";"Friuli Venezia Giulia";"Lung";"45-59";"Female";"1997";"17.26"
"Incidence";"Friuli Venezia Giulia";"Lung";"45-59";"Female";"1998";"32.19"
"Incidence";"Friuli Venezia Giulia";"Lung";"45-59";"Female";"1999";"27.66"
"Incidence";"Friuli Venezia Giulia";"Lung";"45-59";"Female";"2000";"20.73"
"Incidence";"Friuli Venezia Giulia";"Lung";"45-59";"Female";"2001";"25.85"
"Incidence";"Friuli Venezia Giulia";"Lung";"45-59";"Female";"2002";"26.82"
"Incidence";"Friuli Venezia Giulia";"Lung";"45-59";"Female";"2003";"26.92"
"Incidence";"Friuli Venezia Giulia";"Lung";"45-59";"Female";"2004";"25.12"
"Incidence";"Friuli Venezia Giulia";"Lung";"45-59";"Female";"2005";"28.22"
"Incidence";"Friuli Venezia Giulia";"Lung";"45-59";"Female";"2006";"27.00"
"Incidence";"Friuli Venezia Giulia";"Lung";"45-59";"Female";"2007";"31.09"
"Incidence";"Friuli Venezia Giulia";"Lung";"45-59";"Female";"2008";"26.97"
"Incidence";"Friuli Venezia Giulia";"Lung";"45-59";"Female";"2009";"36.03"
"Incidence";"Friuli Venezia Giulia";"Lung";"45-59";"Female";"2010";"32.35"
"Incidence";"Friuli Venezia Giulia";"Lung";"45-59";"Female";"2011";"28.83"
"Incidence";"Friuli Venezia Giulia";"Lung";"45-59";"Female";"2012";"40.33"
"Incidence";"Friuli Venezia Giulia";"Lung";"45-59";"Female";"2013";"29.37"
"Incidence";"Friuli Venezia Giulia";"Lung";"45-59";"Female";"2014";"24.58"
"Incidence";"Friuli Venezia Giulia";"Lung";"45-59";"Female";"2015";"30.65"
"Incidence";"Friuli Venezia Giulia";"Lung";"45-59";"Female";"2016";"23.20"
"Incidence";"Friuli Venezia Giulia";"Lung";"45-59";"Female";"2017";"31.27"
"Incidence";"Friuli Venezia Giulia";"Lung";"45-59";"Female";"2018";"28.89"
"Incidence";"Friuli Venezia Giulia";"Lung";"45-59";"Female";"2019";"21.14"
"Incidence";"Friuli Venezia Giulia";"Lung";"45-59";"Female";"2020";"23.72"
"Incidence";"South Tyrol";"Lung";"45-59";"Female";"1995";"9.79"
"Incidence";"South Tyrol";"Lung";"45-59";"Female";"1996";"7.31"
"Incidence";"South Tyrol";"Lung";"45-59";"Female";"1997";"14.53"
"Incidence";"South Tyrol";"Lung";"45-59";"Female";"1998";"19.34"
"Incidence";"South Tyrol";"Lung";"45-59";"Female";"1999";"12.12"
"Incidence";"South Tyrol";"Lung";"45-59";"Female";"2000";"31.50"
"Incidence";"South Tyrol";"Lung";"45-59";"Female";"2001";"26.76"
"Incidence";"South Tyrol";"Lung";"45-59";"Female";"2002";"16.92"
"Incidence";"South Tyrol";"Lung";"45-59";"Female";"2003";"21.57"
"Incidence";"South Tyrol";"Lung";"45-59";"Female";"2004";"32.99"
"Incidence";"South Tyrol";"Lung";"45-59";"Female";"2005";"31.91"
"Incidence";"South Tyrol";"Lung";"45-59";"Female";"2006";"11.17"
"Incidence";"South Tyrol";"Lung";"45-59";"Female";"2007";"28.18"
"Incidence";"South Tyrol";"Lung";"45-59";"Female";"2008";"33.67"
"Incidence";"South Tyrol";"Lung";"45-59";"Female";"2009";"38.64"
"Incidence";"South Tyrol";"Lung";"45-59";"Female";"2010";"33.47"
"Incidence";"South Tyrol";"Lung";"45-59";"Female";"2011";"25.03"
"Incidence";"South Tyrol";"Lung";"45-59";"Female";"2012";"22.35"
"Incidence";"South Tyrol";"Lung";"45-59";"Female";"2013";"36.00"
"Incidence";"South Tyrol";"Lung";"45-59";"Female";"2014";"31.57"
"Incidence";"South Tyrol";"Lung";"45-59";"Female";"2015";"29.13"
"Incidence";"South Tyrol";"Lung";"45-59";"Female";"2016";"30.23"
"Incidence";"South Tyrol";"Lung";"45-59";"Female";"2017";"19.82"
"Incidence";"Friuli Venezia Giulia";"Lung";"60-74";"Female";"1995";"72.25"
"Incidence";"Friuli Venezia Giulia";"Lung";"60-74";"Female";"1996";"101.09"
"Incidence";"Friuli Venezia Giulia";"Lung";"60-74";"Female";"1997";"93.33"
"Incidence";"Friuli Venezia Giulia";"Lung";"60-74";"Female";"1998";"100.57"
"Incidence";"Friuli Venezia Giulia";"Lung";"60-74";"Female";"1999";"78.79"
"Incidence";"Friuli Venezia Giulia";"Lung";"60-74";"Female";"2000";"68.93"
"Incidence";"Friuli Venezia Giulia";"Lung";"60-74";"Female";"2001";"61.39"
"Incidence";"Friuli Venezia Giulia";"Lung";"60-74";"Female";"2002";"82.29"
"Incidence";"Friuli Venezia Giulia";"Lung";"60-74";"Female";"2003";"77.47"
"Incidence";"Friuli Venezia Giulia";"Lung";"60-74";"Female";"2004";"86.71"
"Incidence";"Friuli Venezia Giulia";"Lung";"60-74";"Female";"2005";"88.85"
"Incidence";"Friuli Venezia Giulia";"Lung";"60-74";"Female";"2006";"96.82"
"Incidence";"Friuli Venezia Giulia";"Lung";"60-74";"Female";"2007";"110.50"
"Incidence";"Friuli Venezia Giulia";"Lung";"60-74";"Female";"2008";"97.00"
"Incidence";"Friuli Venezia Giulia";"Lung";"60-74";"Female";"2009";"93.86"
"Incidence";"Friuli Venezia Giulia";"Lung";"60-74";"Female";"2010";"100.55"
"Incidence";"Friuli Venezia Giulia";"Lung";"60-74";"Female";"2011";"87.55"
"Incidence";"Friuli Venezia Giulia";"Lung";"60-74";"Female";"2012";"116.72"
"Incidence";"Friuli Venezia Giulia";"Lung";"60-74";"Female";"2013";"89.65"
"Incidence";"Friuli Venezia Giulia";"Lung";"60-74";"Female";"2014";"92.51"
"Incidence";"Friuli Venezia Giulia";"Lung";"60-74";"Female";"2015";"107.09"
"Incidence";"Friuli Venezia Giulia";"Lung";"60-74";"Female";"2016";"130.50"
"Incidence";"Friuli Venezia Giulia";"Lung";"60-74";"Female";"2017";"114.17"
"Incidence";"Friuli Venezia Giulia";"Lung";"60-74";"Female";"2018";"115.78"
"Incidence";"Friuli Venezia Giulia";"Lung";"60-74";"Female";"2019";"119.50"
"Incidence";"Friuli Venezia Giulia";"Lung";"60-74";"Female";"2020";"117.16"
"Incidence";"South Tyrol";"Lung";"60-74";"Female";"1995";"35.76"
"Incidence";"South Tyrol";"Lung";"60-74";"Female";"1996";"53.75"
"Incidence";"South Tyrol";"Lung";"60-74";"Female";"1997";"71.80"
"Incidence";"South Tyrol";"Lung";"60-74";"Female";"1998";"83.57"
"Incidence";"South Tyrol";"Lung";"60-74";"Female";"1999";"73.99"
"Incidence";"South Tyrol";"Lung";"60-74";"Female";"2000";"64.43"
"Incidence";"South Tyrol";"Lung";"60-74";"Female";"2001";"60.18"
"Incidence";"South Tyrol";"Lung";"60-74";"Female";"2002";"61.98"
"Incidence";"South Tyrol";"Lung";"60-74";"Female";"2003";"52.68"
"Incidence";"South Tyrol";"Lung";"60-74";"Female";"2004";"63.09"
"Incidence";"South Tyrol";"Lung";"60-74";"Female";"2005";"66.00"
"Incidence";"South Tyrol";"Lung";"60-74";"Female";"2006";"70.12"
"Incidence";"South Tyrol";"Lung";"60-74";"Female";"2007";"63.81"
"Incidence";"South Tyrol";"Lung";"60-74";"Female";"2008";"68.00"
"Incidence";"South Tyrol";"Lung";"60-74";"Female";"2009";"85.25"
"Incidence";"South Tyrol";"Lung";"60-74";"Female";"2010";"89.34"
"Incidence";"South Tyrol";"Lung";"60-74";"Female";"2011";"73.93"
"Incidence";"South Tyrol";"Lung";"60-74";"Female";"2012";"70.51"
"Incidence";"South Tyrol";"Lung";"60-74";"Female";"2013";"72.25"
"Incidence";"South Tyrol";"Lung";"60-74";"Female";"2014";"79.74"
"Incidence";"South Tyrol";"Lung";"60-74";"Female";"2015";"81.89"
"Incidence";"South Tyrol";"Lung";"60-74";"Female";"2016";"101.44"
"Incidence";"South Tyrol";"Lung";"60-74";"Female";"2017";"95.43"
"Incidence";"South Tyrol";"Lung";"60-74";"Male";"1995";"197.20"
"Incidence";"South Tyrol";"Lung";"60-74";"Male";"1996";"321.13"
"Incidence";"South Tyrol";"Lung";"60-74";"Male";"1997";"274.55"
"Incidence";"South Tyrol";"Lung";"60-74";"Male";"1998";"314.67"
"Incidence";"South Tyrol";"Lung";"60-74";"Male";"1999";"282.93"
"Incidence";"South Tyrol";"Lung";"60-74";"Male";"2000";"290.53"
"Incidence";"South Tyrol";"Lung";"60-74";"Male";"2001";"245.07"
"Incidence";"South Tyrol";"Lung";"60-74";"Male";"2002";"213.26"
"Incidence";"South Tyrol";"Lung";"60-74";"Male";"2003";"192.64"
"Incidence";"South Tyrol";"Lung";"60-74";"Male";"2004";"164.94"
"Incidence";"South Tyrol";"Lung";"60-74";"Male";"2005";"198.04"
"Incidence";"South Tyrol";"Lung";"60-74";"Male";"2006";"232.75"
"Incidence";"South Tyrol";"Lung";"60-74";"Male";"2007";"203.12"
"Incidence";"South Tyrol";"Lung";"60-74";"Male";"2008";"211.23"
"Incidence";"South Tyrol";"Lung";"60-74";"Male";"2009";"211.13"
"Incidence";"South Tyrol";"Lung";"60-74";"Male";"2010";"205.43"
"Incidence";"South Tyrol";"Lung";"60-74";"Male";"2011";"255.41"
"Incidence";"South Tyrol";"Lung";"60-74";"Male";"2012";"236.06"
"Incidence";"South Tyrol";"Lung";"60-74";"Male";"2013";"222.53"
"Incidence";"South Tyrol";"Lung";"60-74";"Male";"2014";"177.54"
"Incidence";"South Tyrol";"Lung";"60-74";"Male";"2015";"208.87"
"Incidence";"South Tyrol";"Lung";"60-74";"Male";"2016";"216.06"
"Incidence";"South Tyrol";"Lung";"60-74";"Male";"2017";"211.50"
"Incidence";"Friuli Venezia Giulia";"Lung";"60-74";"Male";"1995";"445.38"
"Incidence";"Friuli Venezia Giulia";"Lung";"60-74";"Male";"1996";"433.51"
"Incidence";"Friuli Venezia Giulia";"Lung";"60-74";"Male";"1997";"388.25"
"Incidence";"Friuli Venezia Giulia";"Lung";"60-74";"Male";"1998";"393.88"
"Incidence";"Friuli Venezia Giulia";"Lung";"60-74";"Male";"1999";"393.25"
"Incidence";"Friuli Venezia Giulia";"Lung";"60-74";"Male";"2000";"328.90"
"Incidence";"Friuli Venezia Giulia";"Lung";"60-74";"Male";"2001";"342.32"
"Incidence";"Friuli Venezia Giulia";"Lung";"60-74";"Male";"2002";"349.42"
"Incidence";"Friuli Venezia Giulia";"Lung";"60-74";"Male";"2003";"297.41"
"Incidence";"Friuli Venezia Giulia";"Lung";"60-74";"Male";"2004";"318.00"
"Incidence";"Friuli Venezia Giulia";"Lung";"60-74";"Male";"2005";"282.98"
"Incidence";"Friuli Venezia Giulia";"Lung";"60-74";"Male";"2006";"280.90"
"Incidence";"Friuli Venezia Giulia";"Lung";"60-74";"Male";"2007";"257.67"
"Incidence";"Friuli Venezia Giulia";"Lung";"60-74";"Male";"2008";"287.98"
"Incidence";"Friuli Venezia Giulia";"Lung";"60-74";"Male";"2009";"297.97"
"Incidence";"Friuli Venezia Giulia";"Lung";"60-74";"Male";"2010";"264.50"
"Incidence";"Friuli Venezia Giulia";"Lung";"60-74";"Male";"2011";"260.69"
"Incidence";"Friuli Venezia Giulia";"Lung";"60-74";"Male";"2012";"231.21"
"Incidence";"Friuli Venezia Giulia";"Lung";"60-74";"Male";"2013";"248.85"
"Incidence";"Friuli Venezia Giulia";"Lung";"60-74";"Male";"2014";"241.13"
"Incidence";"Friuli Venezia Giulia";"Lung";"60-74";"Male";"2015";"213.37"
"Incidence";"Friuli Venezia Giulia";"Lung";"60-74";"Male";"2016";"212.16"
"Incidence";"Friuli Venezia Giulia";"Lung";"60-74";"Male";"2017";"212.61"
"Incidence";"Friuli Venezia Giulia";"Lung";"60-74";"Male";"2018";"207.57"
"Incidence";"Friuli Venezia Giulia";"Lung";"60-74";"Male";"2019";"219.02"
"Incidence";"Friuli Venezia Giulia";"Lung";"60-74";"Male";"2020";"184.33"
"Incidence";"Trento";"Lung";"60-74";"Male";"1995";"417.62"
"Incidence";"Trento";"Lung";"60-74";"Male";"1996";"345.76"
"Incidence";"Trento";"Lung";"60-74";"Male";"1997";"362.76"
"Incidence";"Trento";"Lung";"60-74";"Male";"1998";"386.30"
"Incidence";"Trento";"Lung";"60-74";"Male";"1999";"300.51"
"Incidence";"Trento";"Lung";"60-74";"Male";"2000";"290.96"
"Incidence";"Trento";"Lung";"60-74";"Male";"2001";"295.15"
"Incidence";"Trento";"Lung";"60-74";"Male";"2002";"257.44"
"Incidence";"Trento";"Lung";"60-74";"Male";"2003";"235.86"
"Incidence";"Trento";"Lung";"60-74";"Male";"2004";"255.95"
"Incidence";"Trento";"Lung";"60-74";"Male";"2005";"261.90"
"Incidence";"Trento";"Lung";"60-74";"Male";"2006";"233.30"
"Incidence";"Trento";"Lung";"60-74";"Male";"2007";"197.71"
"Incidence";"Trento";"Lung";"60-74";"Male";"2008";"235.49"
"Incidence";"Trento";"Lung";"60-74";"Male";"2009";"226.32"
"Incidence";"Trento";"Lung";"60-74";"Male";"2010";"251.50"
"Incidence";"Trento";"Lung";"60-74";"Male";"2011";"215.74"
"Incidence";"Trento";"Lung";"60-74";"Male";"2012";"240.19"
"Incidence";"Trento";"Lung";"60-74";"Male";"2013";"225.20"
"Incidence";"Trento";"Lung";"60-74";"Male";"2014";"194.08"
"Incidence";"Trento";"Lung";"60-74";"Male";"2015";"212.51"
"Incidence";"Trento";"Lung";"60-74";"Male";"2016";"191.56"
"Incidence";"Trento";"Lung";"60-74";"Male";"2017";"179.29"
"Incidence";"Trento";"Lung";"60-74";"Female";"1995";"38.15"
"Incidence";"Trento";"Lung";"60-74";"Female";"1996";"38.38"
"Incidence";"Trento";"Lung";"60-74";"Female";"1997";"43.98"
"Incidence";"Trento";"Lung";"60-74";"Female";"1998";"39.10"
"Incidence";"Trento";"Lung";"60-74";"Female";"1999";"64.21"
"Incidence";"Trento";"Lung";"60-74";"Female";"2000";"59.24"
"Incidence";"Trento";"Lung";"60-74";"Female";"2001";"51.12"
"Incidence";"Trento";"Lung";"60-74";"Female";"2002";"61.12"
"Incidence";"Trento";"Lung";"60-74";"Female";"2003";"43.10"
"Incidence";"Trento";"Lung";"60-74";"Female";"2004";"75.63"
"Incidence";"Trento";"Lung";"60-74";"Female";"2005";"70.38"
"Incidence";"Trento";"Lung";"60-74";"Female";"2006";"45.78"
"Incidence";"Trento";"Lung";"60-74";"Female";"2007";"72.28"
"Incidence";"Trento";"Lung";"60-74";"Female";"2008";"68.52"
"Incidence";"Trento";"Lung";"60-74";"Female";"2009";"45.59"
"Incidence";"Trento";"Lung";"60-74";"Female";"2010";"80.64"
"Incidence";"Trento";"Lung";"60-74";"Female";"2011";"97.97"
"Incidence";"Trento";"Lung";"60-74";"Female";"2012";"76.32"
"Incidence";"Trento";"Lung";"60-74";"Female";"2013";"70.63"
"Incidence";"Trento";"Lung";"60-74";"Female";"2014";"103.33"
"Incidence";"Trento";"Lung";"60-74";"Female";"2015";"91.14"
"Incidence";"Trento";"Lung";"60-74";"Female";"2016";"97.09"
"Incidence";"Trento";"Lung";"60-74";"Female";"2017";"82.89"
"Incidence";"Trento";"Lung";"75-85+";"Female";"1995";"78.28"
"Incidence";"Trento";"Lung";"75-85+";"Female";"1996";"60.76"
"Incidence";"Trento";"Lung";"75-85+";"Female";"1997";"88.86"
"Incidence";"Trento";"Lung";"75-85+";"Female";"1998";"72.61"
"Incidence";"Trento";"Lung";"75-85+";"Female";"1999";"63.85"
"Incidence";"Trento";"Lung";"75-85+";"Female";"2000";"92.29"
"Incidence";"Trento";"Lung";"75-85+";"Female";"2001";"56.13"
"Incidence";"Trento";"Lung";"75-85+";"Female";"2002";"58.08"
"Incidence";"Trento";"Lung";"75-85+";"Female";"2003";"88.19"
"Incidence";"Trento";"Lung";"75-85+";"Female";"2004";"86.31"
"Incidence";"Trento";"Lung";"75-85+";"Female";"2005";"94.31"
"Incidence";"Trento";"Lung";"75-85+";"Female";"2006";"91.77"
"Incidence";"Trento";"Lung";"75-85+";"Female";"2007";"99.45"
"Incidence";"Trento";"Lung";"75-85+";"Female";"2008";"79.17"
"Incidence";"Trento";"Lung";"75-85+";"Female";"2009";"131.08"
"Incidence";"Trento";"Lung";"75-85+";"Female";"2010";"113.73"
"Incidence";"Trento";"Lung";"75-85+";"Female";"2011";"139.68"
"Incidence";"Trento";"Lung";"75-85+";"Female";"2012";"141.55"
"Incidence";"Trento";"Lung";"75-85+";"Female";"2013";"116.01"
"Incidence";"Trento";"Lung";"75-85+";"Female";"2014";"128.18"
"Incidence";"Trento";"Lung";"75-85+";"Female";"2015";"120.19"
"Incidence";"Trento";"Lung";"75-85+";"Female";"2016";"163.23"
"Incidence";"Trento";"Lung";"75-85+";"Female";"2017";"138.63"
"Incidence";"South Tyrol";"Lung";"75-85+";"Male";"1995";"324.52"
"Incidence";"South Tyrol";"Lung";"75-85+";"Male";"1996";"367.85"
"Incidence";"South Tyrol";"Lung";"75-85+";"Male";"1997";"465.26"
"Incidence";"South Tyrol";"Lung";"75-85+";"Male";"1998";"371.26"
"Incidence";"South Tyrol";"Lung";"75-85+";"Male";"1999";"395.56"
"Incidence";"South Tyrol";"Lung";"75-85+";"Male";"2000";"414.10"
"Incidence";"South Tyrol";"Lung";"75-85+";"Male";"2001";"399.33"
"Incidence";"South Tyrol";"Lung";"75-85+";"Male";"2002";"477.98"
"Incidence";"South Tyrol";"Lung";"75-85+";"Male";"2003";"399.02"
"Incidence";"South Tyrol";"Lung";"75-85+";"Male";"2004";"502.16"
"Incidence";"South Tyrol";"Lung";"75-85+";"Male";"2005";"410.60"
"Incidence";"South Tyrol";"Lung";"75-85+";"Male";"2006";"486.30"
"Incidence";"South Tyrol";"Lung";"75-85+";"Male";"2007";"427.17"
"Incidence";"South Tyrol";"Lung";"75-85+";"Male";"2008";"489.81"
"Incidence";"South Tyrol";"Lung";"75-85+";"Male";"2009";"396.80"
"Incidence";"South Tyrol";"Lung";"75-85+";"Male";"2010";"421.25"
"Incidence";"South Tyrol";"Lung";"75-85+";"Male";"2011";"422.67"
"Incidence";"South Tyrol";"Lung";"75-85+";"Male";"2012";"351.30"
"Incidence";"South Tyrol";"Lung";"75-85+";"Male";"2013";"444.69"
"Incidence";"South Tyrol";"Lung";"75-85+";"Male";"2014";"351.60"
"Incidence";"South Tyrol";"Lung";"75-85+";"Male";"2015";"359.55"
"Incidence";"South Tyrol";"Lung";"75-85+";"Male";"2016";"294.17"
"Incidence";"South Tyrol";"Lung";"75-85+";"Male";"2017";"254.64"
"Incidence";"Friuli Venezia Giulia";"Lung";"75-85+";"Male";"1995";"603.13"
"Incidence";"Friuli Venezia Giulia";"Lung";"75-85+";"Male";"1996";"615.20"
"Incidence";"Friuli Venezia Giulia";"Lung";"75-85+";"Male";"1997";"540.97"
"Incidence";"Friuli Venezia Giulia";"Lung";"75-85+";"Male";"1998";"644.22"
"Incidence";"Friuli Venezia Giulia";"Lung";"75-85+";"Male";"1999";"516.64"
"Incidence";"Friuli Venezia Giulia";"Lung";"75-85+";"Male";"2000";"578.55"
"Incidence";"Friuli Venezia Giulia";"Lung";"75-85+";"Male";"2001";"503.70"
"Incidence";"Friuli Venezia Giulia";"Lung";"75-85+";"Male";"2002";"516.14"
"Incidence";"Friuli Venezia Giulia";"Lung";"75-85+";"Male";"2003";"561.02"
"Incidence";"Friuli Venezia Giulia";"Lung";"75-85+";"Male";"2004";"581.89"
"Incidence";"Friuli Venezia Giulia";"Lung";"75-85+";"Male";"2005";"578.46"
"Incidence";"Friuli Venezia Giulia";"Lung";"75-85+";"Male";"2006";"572.01"
"Incidence";"Friuli Venezia Giulia";"Lung";"75-85+";"Male";"2007";"518.93"
"Incidence";"Friuli Venezia Giulia";"Lung";"75-85+";"Male";"2008";"546.59"
"Incidence";"Friuli Venezia Giulia";"Lung";"75-85+";"Male";"2009";"573.63"
"Incidence";"Friuli Venezia Giulia";"Lung";"75-85+";"Male";"2010";"560.26"
"Incidence";"Friuli Venezia Giulia";"Lung";"75-85+";"Male";"2011";"514.88"
"Incidence";"Friuli Venezia Giulia";"Lung";"75-85+";"Male";"2012";"470.62"
"Incidence";"Friuli Venezia Giulia";"Lung";"75-85+";"Male";"2013";"453.89"
"Incidence";"Friuli Venezia Giulia";"Lung";"75-85+";"Male";"2014";"397.57"
"Incidence";"Friuli Venezia Giulia";"Lung";"75-85+";"Male";"2015";"440.86"
"Incidence";"Friuli Venezia Giulia";"Lung";"75-85+";"Male";"2016";"387.31"
"Incidence";"Friuli Venezia Giulia";"Lung";"75-85+";"Male";"2017";"369.66"
"Incidence";"Friuli Venezia Giulia";"Lung";"75-85+";"Male";"2018";"389.04"
"Incidence";"Friuli Venezia Giulia";"Lung";"75-85+";"Male";"2019";"390.78"
"Incidence";"Friuli Venezia Giulia";"Lung";"75-85+";"Male";"2020";"377.49"
"Incidence";"South Tyrol";"Lung";"75-85+";"Female";"1995";"122.62"
"Incidence";"South Tyrol";"Lung";"75-85+";"Female";"1996";"55.82"
"Incidence";"South Tyrol";"Lung";"75-85+";"Female";"1997";"74.58"
"Incidence";"South Tyrol";"Lung";"75-85+";"Female";"1998";"92.19"
"Incidence";"South Tyrol";"Lung";"75-85+";"Female";"1999";"98.70"
"Incidence";"South Tyrol";"Lung";"75-85+";"Female";"2000";"114.26"
"Incidence";"South Tyrol";"Lung";"75-85+";"Female";"2001";"97.17"
"Incidence";"South Tyrol";"Lung";"75-85+";"Female";"2002";"99.30"
"Incidence";"South Tyrol";"Lung";"75-85+";"Female";"2003";"70.36"
"Incidence";"South Tyrol";"Lung";"75-85+";"Female";"2004";"159.23"
"Incidence";"South Tyrol";"Lung";"75-85+";"Female";"2005";"125.87"
"Incidence";"South Tyrol";"Lung";"75-85+";"Female";"2006";"147.46"
"Incidence";"South Tyrol";"Lung";"75-85+";"Female";"2007";"136.19"
"Incidence";"South Tyrol";"Lung";"75-85+";"Female";"2008";"132.98"
"Incidence";"South Tyrol";"Lung";"75-85+";"Female";"2009";"163.29"
"Incidence";"South Tyrol";"Lung";"75-85+";"Female";"2010";"78.26"
"Incidence";"South Tyrol";"Lung";"75-85+";"Female";"2011";"154.65"
"Incidence";"South Tyrol";"Lung";"75-85+";"Female";"2012";"134.09"
"Incidence";"South Tyrol";"Lung";"75-85+";"Female";"2013";"123.84"
"Incidence";"South Tyrol";"Lung";"75-85+";"Female";"2014";"161.16"
"Incidence";"South Tyrol";"Lung";"75-85+";"Female";"2015";"140.76"
"Incidence";"South Tyrol";"Lung";"75-85+";"Female";"2016";"103.89"
"Incidence";"South Tyrol";"Lung";"75-85+";"Female";"2017";"142.33"
"Incidence";"Friuli Venezia Giulia";"Lung";"75-85+";"Female";"1995";"131.01"
"Incidence";"Friuli Venezia Giulia";"Lung";"75-85+";"Female";"1996";"127.63"
"Incidence";"Friuli Venezia Giulia";"Lung";"75-85+";"Female";"1997";"118.61"
"Incidence";"Friuli Venezia Giulia";"Lung";"75-85+";"Female";"1998";"139.38"
"Incidence";"Friuli Venezia Giulia";"Lung";"75-85+";"Female";"1999";"111.72"
"Incidence";"Friuli Venezia Giulia";"Lung";"75-85+";"Female";"2000";"102.87"
"Incidence";"Friuli Venezia Giulia";"Lung";"75-85+";"Female";"2001";"121.45"
"Incidence";"Friuli Venezia Giulia";"Lung";"75-85+";"Female";"2002";"124.63"
"Incidence";"Friuli Venezia Giulia";"Lung";"75-85+";"Female";"2003";"139.51"
"Incidence";"Friuli Venezia Giulia";"Lung";"75-85+";"Female";"2004";"134.96"
"Incidence";"Friuli Venezia Giulia";"Lung";"75-85+";"Female";"2005";"132.40"
"Incidence";"Friuli Venezia Giulia";"Lung";"75-85+";"Female";"2006";"114.76"
"Incidence";"Friuli Venezia Giulia";"Lung";"75-85+";"Female";"2007";"143.84"
"Incidence";"Friuli Venezia Giulia";"Lung";"75-85+";"Female";"2008";"145.89"
"Incidence";"Friuli Venezia Giulia";"Lung";"75-85+";"Female";"2009";"133.17"
"Incidence";"Friuli Venezia Giulia";"Lung";"75-85+";"Female";"2010";"162.03"
"Incidence";"Friuli Venezia Giulia";"Lung";"75-85+";"Female";"2011";"147.64"
"Incidence";"Friuli Venezia Giulia";"Lung";"75-85+";"Female";"2012";"156.17"
"Incidence";"Friuli Venezia Giulia";"Lung";"75-85+";"Female";"2013";"128.80"
"Incidence";"Friuli Venezia Giulia";"Lung";"75-85+";"Female";"2014";"135.11"
"Incidence";"Friuli Venezia Giulia";"Lung";"75-85+";"Female";"2015";"115.93"
"Incidence";"Friuli Venezia Giulia";"Lung";"75-85+";"Female";"2016";"120.15"
"Incidence";"Friuli Venezia Giulia";"Lung";"75-85+";"Female";"2017";"130.43"
"Incidence";"Friuli Venezia Giulia";"Lung";"75-85+";"Female";"2018";"149.03"
"Incidence";"Friuli Venezia Giulia";"Lung";"75-85+";"Female";"2019";"159.82"
"Incidence";"Friuli Venezia Giulia";"Lung";"75-85+";"Female";"2020";"145.59"
"Incidence";"Trento";"Lung";"75-85+";"Male";"1995";"388.39"
"Incidence";"Trento";"Lung";"75-85+";"Male";"1996";"446.99"
"Incidence";"Trento";"Lung";"75-85+";"Male";"1997";"477.24"
"Incidence";"Trento";"Lung";"75-85+";"Male";"1998";"411.38"
"Incidence";"Trento";"Lung";"75-85+";"Male";"1999";"405.22"
"Incidence";"Trento";"Lung";"75-85+";"Male";"2000";"408.10"
"Incidence";"Trento";"Lung";"75-85+";"Male";"2001";"412.86"
"Incidence";"Trento";"Lung";"75-85+";"Male";"2002";"371.88"
"Incidence";"Trento";"Lung";"75-85+";"Male";"2003";"448.59"
"Incidence";"Trento";"Lung";"75-85+";"Male";"2004";"504.27"
"Incidence";"Trento";"Lung";"75-85+";"Male";"2005";"545.38"
"Incidence";"Trento";"Lung";"75-85+";"Male";"2006";"436.60"
"Incidence";"Trento";"Lung";"75-85+";"Male";"2007";"524.79"
"Incidence";"Trento";"Lung";"75-85+";"Male";"2008";"424.03"
"Incidence";"Trento";"Lung";"75-85+";"Male";"2009";"454.34"
"Incidence";"Trento";"Lung";"75-85+";"Male";"2010";"439.44"
"Incidence";"Trento";"Lung";"75-85+";"Male";"2011";"488.23"
"Incidence";"Trento";"Lung";"75-85+";"Male";"2012";"498.90"
"Incidence";"Trento";"Lung";"75-85+";"Male";"2013";"535.54"
"Incidence";"Trento";"Lung";"75-85+";"Male";"2014";"484.64"
"Incidence";"Trento";"Lung";"75-85+";"Male";"2015";"350.83"
"Incidence";"Trento";"Lung";"75-85+";"Male";"2016";"364.85"
"Incidence";"Trento";"Lung";"75-85+";"Male";"2017";"410.48"
"Mortality";"Sondrio";"Lung";"0-14";"Female";"1998";"0.00"
"Mortality";"Sondrio";"Lung";"0-14";"Female";"1999";"0.00"
"Mortality";"Sondrio";"Lung";"0-14";"Female";"2000";"0.00"
"Mortality";"Sondrio";"Lung";"0-14";"Female";"2001";"0.00"
"Mortality";"Sondrio";"Lung";"0-14";"Female";"2002";"0.00"
"Mortality";"Sondrio";"Lung";"0-14";"Female";"2003";"0.00"
"Mortality";"Sondrio";"Lung";"0-14";"Female";"2004";"0.00"
"Mortality";"Sondrio";"Lung";"0-14";"Female";"2005";"0.00"
"Mortality";"Sondrio";"Lung";"0-14";"Female";"2006";"0.00"
"Mortality";"Sondrio";"Lung";"0-14";"Female";"2007";"0.00"
"Mortality";"Sondrio";"Lung";"0-14";"Female";"2008";"0.00"
"Mortality";"Sondrio";"Lung";"0-14";"Female";"2009";"0.00"
"Mortality";"Sondrio";"Lung";"0-14";"Female";"2010";"0.00"
"Mortality";"Sondrio";"Lung";"0-14";"Female";"2011";"0.00"
"Mortality";"Sondrio";"Lung";"0-14";"Female";"2012";"0.00"
"Mortality";"Sondrio";"Lung";"0-14";"Female";"2013";"0.00"
"Mortality";"Sondrio";"Lung";"0-14";"Female";"2014";"0.00"
"Mortality";"Sondrio";"Lung";"0-14";"Female";"2015";"0.00"
"Mortality";"Sondrio";"Lung";"0-14";"Female";"2016";"0.00"
"Mortality";"Sondrio";"Lung";"0-14";"Male";"1998";"0.00"
"Mortality";"Sondrio";"Lung";"0-14";"Male";"1999";"0.00"
"Mortality";"Sondrio";"Lung";"0-14";"Male";"2000";"0.00"
"Mortality";"Sondrio";"Lung";"0-14";"Male";"2001";"0.00"
"Mortality";"Sondrio";"Lung";"0-14";"Male";"2002";"0.00"
"Mortality";"Sondrio";"Lung";"0-14";"Male";"2003";"0.00"
"Mortality";"Sondrio";"Lung";"0-14";"Male";"2004";"0.00"
"Mortality";"Sondrio";"Lung";"0-14";"Male";"2005";"0.00"
"Mortality";"Sondrio";"Lung";"0-14";"Male";"2006";"0.00"
"Mortality";"Sondrio";"Lung";"0-14";"Male";"2007";"0.00"
"Mortality";"Sondrio";"Lung";"0-14";"Male";"2008";"0.00"
"Mortality";"Sondrio";"Lung";"0-14";"Male";"2009";"0.00"
"Mortality";"Sondrio";"Lung";"0-14";"Male";"2010";"0.00"
"Mortality";"Sondrio";"Lung";"0-14";"Male";"2011";"0.00"
"Mortality";"Sondrio";"Lung";"0-14";"Male";"2012";"0.00"
"Mortality";"Sondrio";"Lung";"0-14";"Male";"2013";"0.00"
"Mortality";"Sondrio";"Lung";"0-14";"Male";"2014";"0.00"
"Mortality";"Sondrio";"Lung";"0-14";"Male";"2015";"0.00"
"Mortality";"Sondrio";"Lung";"0-14";"Male";"2016";"0.00"
"Incidence";"Sondrio";"Lung";"0-14";"Female";"1998";"0.00"
"Incidence";"Sondrio";"Lung";"0-14";"Female";"1999";"0.00"
"Incidence";"Sondrio";"Lung";"0-14";"Female";"2000";"0.00"
"Incidence";"Sondrio";"Lung";"0-14";"Female";"2001";"0.00"
"Incidence";"Sondrio";"Lung";"0-14";"Female";"2002";"0.00"
"Incidence";"Sondrio";"Lung";"0-14";"Female";"2003";"0.00"
"Incidence";"Sondrio";"Lung";"0-14";"Female";"2004";"0.00"
"Incidence";"Sondrio";"Lung";"0-14";"Female";"2005";"0.00"
"Incidence";"Sondrio";"Lung";"0-14";"Female";"2006";"0.00"
"Incidence";"Sondrio";"Lung";"0-14";"Female";"2007";"0.00"
"Incidence";"Sondrio";"Lung";"0-14";"Female";"2008";"0.00"
"Incidence";"Sondrio";"Lung";"0-14";"Female";"2009";"0.00"
"Incidence";"Sondrio";"Lung";"0-14";"Female";"2010";"0.00"
"Incidence";"Sondrio";"Lung";"0-14";"Female";"2011";"0.00"
"Incidence";"Sondrio";"Lung";"0-14";"Female";"2012";"0.00"
"Incidence";"Sondrio";"Lung";"0-14";"Female";"2013";"0.00"
"Incidence";"Sondrio";"Lung";"0-14";"Female";"2014";"0.00"
"Incidence";"Sondrio";"Lung";"0-14";"Female";"2015";"0.00"
"Incidence";"Sondrio";"Lung";"0-14";"Female";"2016";"0.00"
"Incidence";"Sondrio";"Lung";"0-14";"Male";"1998";"0.00"
"Incidence";"Sondrio";"Lung";"0-14";"Male";"1999";"0.00"
"Incidence";"Sondrio";"Lung";"0-14";"Male";"2000";"0.00"
"Incidence";"Sondrio";"Lung";"0-14";"Male";"2001";"0.00"
"Incidence";"Sondrio";"Lung";"0-14";"Male";"2002";"0.00"
"Incidence";"Sondrio";"Lung";"0-14";"Male";"2003";"0.00"
"Incidence";"Sondrio";"Lung";"0-14";"Male";"2004";"0.00"
"Incidence";"Sondrio";"Lung";"0-14";"Male";"2005";"0.00"
"Incidence";"Sondrio";"Lung";"0-14";"Male";"2006";"0.00"
"Incidence";"Sondrio";"Lung";"0-14";"Male";"2007";"0.00"
"Incidence";"Sondrio";"Lung";"0-14";"Male";"2008";"0.00"
"Incidence";"Sondrio";"Lung";"0-14";"Male";"2009";"0.00"
"Incidence";"Sondrio";"Lung";"0-14";"Male";"2010";"0.00"
"Incidence";"Sondrio";"Lung";"0-14";"Male";"2011";"0.00"
"Incidence";"Sondrio";"Lung";"0-14";"Male";"2012";"0.00"
"Incidence";"Sondrio";"Lung";"0-14";"Male";"2013";"0.00"
"Incidence";"Sondrio";"Lung";"0-14";"Male";"2014";"0.00"
"Incidence";"Sondrio";"Lung";"0-14";"Male";"2015";"0.00"
"Incidence";"Sondrio";"Lung";"0-14";"Male";"2016";"0.00"
"Incidence";"Sondrio";"Lung";"15-29";"Male";"1998";"5.29"
"Incidence";"Sondrio";"Lung";"15-29";"Male";"1999";"0.00"
"Incidence";"Sondrio";"Lung";"15-29";"Male";"2000";"0.00"
"Incidence";"Sondrio";"Lung";"15-29";"Male";"2001";"0.00"
"Incidence";"Sondrio";"Lung";"15-29";"Male";"2002";"0.00"
"Incidence";"Sondrio";"Lung";"15-29";"Male";"2003";"0.00"
"Incidence";"Sondrio";"Lung";"15-29";"Male";"2004";"0.00"
"Incidence";"Sondrio";"Lung";"15-29";"Male";"2005";"0.00"
"Incidence";"Sondrio";"Lung";"15-29";"Male";"2006";"0.00"
"Incidence";"Sondrio";"Lung";"15-29";"Male";"2007";"0.00"
"Incidence";"Sondrio";"Lung";"15-29";"Male";"2008";"0.00"
"Incidence";"Sondrio";"Lung";"15-29";"Male";"2009";"0.00"
"Incidence";"Sondrio";"Lung";"15-29";"Male";"2010";"0.00"
"Incidence";"Sondrio";"Lung";"15-29";"Male";"2011";"0.00"
"Incidence";"Sondrio";"Lung";"15-29";"Male";"2012";"0.00"
"Incidence";"Sondrio";"Lung";"15-29";"Male";"2013";"0.00"
"Incidence";"Sondrio";"Lung";"15-29";"Male";"2014";"0.00"
"Incidence";"Sondrio";"Lung";"15-29";"Male";"2015";"0.00"
"Incidence";"Sondrio";"Lung";"15-29";"Male";"2016";"0.00"
"Mortality";"Sondrio";"Lung";"15-29";"Female";"1998";"0.00"
"Mortality";"Sondrio";"Lung";"15-29";"Female";"1999";"0.00"
"Mortality";"Sondrio";"Lung";"15-29";"Female";"2000";"0.00"
"Mortality";"Sondrio";"Lung";"15-29";"Female";"2001";"0.00"
"Mortality";"Sondrio";"Lung";"15-29";"Female";"2002";"0.00"
"Mortality";"Sondrio";"Lung";"15-29";"Female";"2003";"0.00"
"Mortality";"Sondrio";"Lung";"15-29";"Female";"2004";"0.00"
"Mortality";"Sondrio";"Lung";"15-29";"Female";"2005";"0.00"
"Mortality";"Sondrio";"Lung";"15-29";"Female";"2006";"0.00"
"Mortality";"Sondrio";"Lung";"15-29";"Female";"2007";"0.00"
"Mortality";"Sondrio";"Lung";"15-29";"Female";"2008";"0.00"
"Mortality";"Sondrio";"Lung";"15-29";"Female";"2009";"0.00"
"Mortality";"Sondrio";"Lung";"15-29";"Female";"2010";"0.00"
"Mortality";"Sondrio";"Lung";"15-29";"Female";"2011";"0.00"
"Mortality";"Sondrio";"Lung";"15-29";"Female";"2012";"0.00"
"Mortality";"Sondrio";"Lung";"15-29";"Female";"2013";"0.00"
"Mortality";"Sondrio";"Lung";"15-29";"Female";"2014";"0.00"
"Mortality";"Sondrio";"Lung";"15-29";"Female";"2015";"0.00"
"Mortality";"Sondrio";"Lung";"15-29";"Female";"2016";"0.00"
"Incidence";"Sondrio";"Lung";"15-29";"Female";"1998";"0.00"
"Incidence";"Sondrio";"Lung";"15-29";"Female";"1999";"0.00"
"Incidence";"Sondrio";"Lung";"15-29";"Female";"2000";"0.00"
"Incidence";"Sondrio";"Lung";"15-29";"Female";"2001";"0.00"
"Incidence";"Sondrio";"Lung";"15-29";"Female";"2002";"0.00"
"Incidence";"Sondrio";"Lung";"15-29";"Female";"2003";"0.00"
"Incidence";"Sondrio";"Lung";"15-29";"Female";"2004";"0.00"
"Incidence";"Sondrio";"Lung";"15-29";"Female";"2005";"0.00"
"Incidence";"Sondrio";"Lung";"15-29";"Female";"2006";"0.00"
"Incidence";"Sondrio";"Lung";"15-29";"Female";"2007";"0.00"
"Incidence";"Sondrio";"Lung";"15-29";"Female";"2008";"0.00"
"Incidence";"Sondrio";"Lung";"15-29";"Female";"2009";"0.00"
"Incidence";"Sondrio";"Lung";"15-29";"Female";"2010";"0.00"
"Incidence";"Sondrio";"Lung";"15-29";"Female";"2011";"0.00"
"Incidence";"Sondrio";"Lung";"15-29";"Female";"2012";"0.00"
"Incidence";"Sondrio";"Lung";"15-29";"Female";"2013";"0.00"
"Incidence";"Sondrio";"Lung";"15-29";"Female";"2014";"0.00"
"Incidence";"Sondrio";"Lung";"15-29";"Female";"2015";"0.00"
"Incidence";"Sondrio";"Lung";"15-29";"Female";"2016";"0.00"
"Mortality";"Sondrio";"Lung";"15-29";"Male";"1998";"0.00"
"Mortality";"Sondrio";"Lung";"15-29";"Male";"1999";"5.46"
"Mortality";"Sondrio";"Lung";"15-29";"Male";"2000";"0.00"
"Mortality";"Sondrio";"Lung";"15-29";"Male";"2001";"0.00"
"Mortality";"Sondrio";"Lung";"15-29";"Male";"2002";"0.00"
"Mortality";"Sondrio";"Lung";"15-29";"Male";"2003";"0.00"
"Mortality";"Sondrio";"Lung";"15-29";"Male";"2004";"0.00"
"Mortality";"Sondrio";"Lung";"15-29";"Male";"2005";"0.00"
"Mortality";"Sondrio";"Lung";"15-29";"Male";"2006";"0.00"
"Mortality";"Sondrio";"Lung";"15-29";"Male";"2007";"0.00"
"Mortality";"Sondrio";"Lung";"15-29";"Male";"2008";"0.00"
"Mortality";"Sondrio";"Lung";"15-29";"Male";"2009";"0.00"
"Mortality";"Sondrio";"Lung";"15-29";"Male";"2010";"0.00"
"Mortality";"Sondrio";"Lung";"15-29";"Male";"2011";"0.00"
"Mortality";"Sondrio";"Lung";"15-29";"Male";"2012";"0.00"
"Mortality";"Sondrio";"Lung";"15-29";"Male";"2013";"0.00"
"Mortality";"Sondrio";"Lung";"15-29";"Male";"2014";"0.00"
"Mortality";"Sondrio";"Lung";"15-29";"Male";"2015";"0.00"
"Mortality";"Sondrio";"Lung";"15-29";"Male";"2016";"0.00"
"Mortality";"Sondrio";"Lung";"30-44";"Male";"1998";"9.36"
"Mortality";"Sondrio";"Lung";"30-44";"Male";"1999";"4.63"
"Mortality";"Sondrio";"Lung";"30-44";"Male";"2000";"9.22"
"Mortality";"Sondrio";"Lung";"30-44";"Male";"2001";"4.59"
"Mortality";"Sondrio";"Lung";"30-44";"Male";"2002";"0.00"
"Mortality";"Sondrio";"Lung";"30-44";"Male";"2003";"0.00"
"Mortality";"Sondrio";"Lung";"30-44";"Male";"2004";"13.39"
"Mortality";"Sondrio";"Lung";"30-44";"Male";"2005";"0.00"
"Mortality";"Sondrio";"Lung";"30-44";"Male";"2006";"0.00"
"Mortality";"Sondrio";"Lung";"30-44";"Male";"2007";"4.50"
"Mortality";"Sondrio";"Lung";"30-44";"Male";"2008";"0.00"
"Mortality";"Sondrio";"Lung";"30-44";"Male";"2009";"9.21"
"Mortality";"Sondrio";"Lung";"30-44";"Male";"2010";"0.00"
"Mortality";"Sondrio";"Lung";"30-44";"Male";"2011";"4.82"
"Mortality";"Sondrio";"Lung";"30-44";"Male";"2012";"0.00"
"Mortality";"Sondrio";"Lung";"30-44";"Male";"2013";"5.12"
"Mortality";"Sondrio";"Lung";"30-44";"Male";"2014";"3.28"
"Mortality";"Sondrio";"Lung";"30-44";"Male";"2015";"0.00"
"Mortality";"Sondrio";"Lung";"30-44";"Male";"2016";"3.48"
"Mortality";"Sondrio";"Lung";"30-44";"Female";"1998";"0.00"
"Mortality";"Sondrio";"Lung";"30-44";"Female";"1999";"4.81"
"Mortality";"Sondrio";"Lung";"30-44";"Female";"2000";"0.00"
"Mortality";"Sondrio";"Lung";"30-44";"Female";"2001";"0.00"
"Mortality";"Sondrio";"Lung";"30-44";"Female";"2002";"0.00"
"Mortality";"Sondrio";"Lung";"30-44";"Female";"2003";"0.00"
"Mortality";"Sondrio";"Lung";"30-44";"Female";"2004";"4.65"
"Mortality";"Sondrio";"Lung";"30-44";"Female";"2005";"0.00"
"Mortality";"Sondrio";"Lung";"30-44";"Female";"2006";"0.00"
"Mortality";"Sondrio";"Lung";"30-44";"Female";"2007";"4.71"
"Mortality";"Sondrio";"Lung";"30-44";"Female";"2008";"0.00"
"Mortality";"Sondrio";"Lung";"30-44";"Female";"2009";"0.00"
"Mortality";"Sondrio";"Lung";"30-44";"Female";"2010";"0.00"
"Mortality";"Sondrio";"Lung";"30-44";"Female";"2011";"0.00"
"Mortality";"Sondrio";"Lung";"30-44";"Female";"2012";"0.00"
"Mortality";"Sondrio";"Lung";"30-44";"Female";"2013";"5.31"
"Mortality";"Sondrio";"Lung";"30-44";"Female";"2014";"3.45"
"Mortality";"Sondrio";"Lung";"30-44";"Female";"2015";"0.00"
"Mortality";"Sondrio";"Lung";"30-44";"Female";"2016";"3.64"
"Incidence";"Sondrio";"Lung";"30-44";"Female";"1998";"0.00"
"Incidence";"Sondrio";"Lung";"30-44";"Female";"1999";"0.00"
"Incidence";"Sondrio";"Lung";"30-44";"Female";"2000";"4.78"
"Incidence";"Sondrio";"Lung";"30-44";"Female";"2001";"4.76"
"Incidence";"Sondrio";"Lung";"30-44";"Female";"2002";"0.00"
"Incidence";"Sondrio";"Lung";"30-44";"Female";"2003";"4.66"
"Incidence";"Sondrio";"Lung";"30-44";"Female";"2004";"0.00"
"Incidence";"Sondrio";"Lung";"30-44";"Female";"2005";"0.00"
"Incidence";"Sondrio";"Lung";"30-44";"Female";"2006";"4.66"
"Incidence";"Sondrio";"Lung";"30-44";"Female";"2007";"0.00"
"Incidence";"Sondrio";"Lung";"30-44";"Female";"2008";"0.00"
"Incidence";"Sondrio";"Lung";"30-44";"Female";"2009";"0.00"
"Incidence";"Sondrio";"Lung";"30-44";"Female";"2010";"0.00"
"Incidence";"Sondrio";"Lung";"30-44";"Female";"2011";"0.00"
"Incidence";"Sondrio";"Lung";"30-44";"Female";"2012";"0.00"
"Incidence";"Sondrio";"Lung";"30-44";"Female";"2013";"10.62"
"Incidence";"Sondrio";"Lung";"30-44";"Female";"2014";"6.89"
"Incidence";"Sondrio";"Lung";"30-44";"Female";"2015";"3.55"
"Incidence";"Sondrio";"Lung";"30-44";"Female";"2016";"3.64"
"Incidence";"Sondrio";"Lung";"30-44";"Male";"1998";"9.36"
"Incidence";"Sondrio";"Lung";"30-44";"Male";"1999";"0.00"
"Incidence";"Sondrio";"Lung";"30-44";"Male";"2000";"9.22"
"Incidence";"Sondrio";"Lung";"30-44";"Male";"2001";"4.59"
"Incidence";"Sondrio";"Lung";"30-44";"Male";"2002";"4.53"
"Incidence";"Sondrio";"Lung";"30-44";"Male";"2003";"8.97"
"Incidence";"Sondrio";"Lung";"30-44";"Male";"2004";"13.39"
"Incidence";"Sondrio";"Lung";"30-44";"Male";"2005";"4.47"
"Incidence";"Sondrio";"Lung";"30-44";"Male";"2006";"4.47"
"Incidence";"Sondrio";"Lung";"30-44";"Male";"2007";"0.00"
"Incidence";"Sondrio";"Lung";"30-44";"Male";"2008";"4.53"
"Incidence";"Sondrio";"Lung";"30-44";"Male";"2009";"9.21"
"Incidence";"Sondrio";"Lung";"30-44";"Male";"2010";"0.00"
"Incidence";"Sondrio";"Lung";"30-44";"Male";"2011";"4.82"
"Incidence";"Sondrio";"Lung";"30-44";"Male";"2012";"0.00"
"Incidence";"Sondrio";"Lung";"30-44";"Male";"2013";"5.12"
"Incidence";"Sondrio";"Lung";"30-44";"Male";"2014";"6.55"
"Incidence";"Sondrio";"Lung";"30-44";"Male";"2015";"13.54"
"Incidence";"Sondrio";"Lung";"30-44";"Male";"2016";"0.00"
"Incidence";"Sondrio";"Lung";"45-59";"Female";"1998";"24.45"
"Incidence";"Sondrio";"Lung";"45-59";"Female";"1999";"12.18"
"Incidence";"Sondrio";"Lung";"45-59";"Female";"2000";"12.12"
"Incidence";"Sondrio";"Lung";"45-59";"Female";"2001";"18.12"
"Incidence";"Sondrio";"Lung";"45-59";"Female";"2002";"23.68"
"Incidence";"Sondrio";"Lung";"45-59";"Female";"2003";"34.81"
"Incidence";"Sondrio";"Lung";"45-59";"Female";"2004";"39.55"
"Incidence";"Sondrio";"Lung";"45-59";"Female";"2005";"21.92"
"Incidence";"Sondrio";"Lung";"45-59";"Female";"2006";"38.36"
"Incidence";"Sondrio";"Lung";"45-59";"Female";"2007";"32.37"
"Incidence";"Sondrio";"Lung";"45-59";"Female";"2008";"63.55"
"Incidence";"Sondrio";"Lung";"45-59";"Female";"2009";"36.46"
"Incidence";"Sondrio";"Lung";"45-59";"Female";"2010";"55.73"
"Incidence";"Sondrio";"Lung";"45-59";"Female";"2011";"24.86"
"Incidence";"Sondrio";"Lung";"45-59";"Female";"2012";"34.65"
"Incidence";"Sondrio";"Lung";"45-59";"Female";"2013";"38.54"
"Incidence";"Sondrio";"Lung";"45-59";"Female";"2014";"18.46"
"Incidence";"Sondrio";"Lung";"45-59";"Female";"2015";"48.52"
"Incidence";"Sondrio";"Lung";"45-59";"Female";"2016";"51.23"
"Mortality";"Sondrio";"Lung";"45-59";"Female";"1998";"36.67"
"Mortality";"Sondrio";"Lung";"45-59";"Female";"1999";"0.00"
"Mortality";"Sondrio";"Lung";"45-59";"Female";"2000";"24.24"
"Mortality";"Sondrio";"Lung";"45-59";"Female";"2001";"12.08"
"Mortality";"Sondrio";"Lung";"45-59";"Female";"2002";"29.60"
"Mortality";"Sondrio";"Lung";"45-59";"Female";"2003";"17.41"
"Mortality";"Sondrio";"Lung";"45-59";"Female";"2004";"28.25"
"Mortality";"Sondrio";"Lung";"45-59";"Female";"2005";"0.00"
"Mortality";"Sondrio";"Lung";"45-59";"Female";"2006";"21.92"
"Mortality";"Sondrio";"Lung";"45-59";"Female";"2007";"26.98"
"Mortality";"Sondrio";"Lung";"45-59";"Female";"2008";"21.18"
"Mortality";"Sondrio";"Lung";"45-59";"Female";"2009";"31.25"
"Mortality";"Sondrio";"Lung";"45-59";"Female";"2010";"15.20"
"Mortality";"Sondrio";"Lung";"45-59";"Female";"2011";"19.88"
"Mortality";"Sondrio";"Lung";"45-59";"Female";"2012";"24.75"
"Mortality";"Sondrio";"Lung";"45-59";"Female";"2013";"14.45"
"Mortality";"Sondrio";"Lung";"45-59";"Female";"2014";"9.23"
"Mortality";"Sondrio";"Lung";"45-59";"Female";"2015";"15.16"
"Mortality";"Sondrio";"Lung";"45-59";"Female";"2016";"30.13"
"Incidence";"Sondrio";"Lung";"45-59";"Male";"1998";"133.65"
"Incidence";"Sondrio";"Lung";"45-59";"Male";"1999";"116.06"
"Incidence";"Sondrio";"Lung";"45-59";"Male";"2000";"98.51"
"Incidence";"Sondrio";"Lung";"45-59";"Male";"2001";"121.93"
"Incidence";"Sondrio";"Lung";"45-59";"Male";"2002";"68.24"
"Incidence";"Sondrio";"Lung";"45-59";"Male";"2003";"112.06"
"Incidence";"Sondrio";"Lung";"45-59";"Male";"2004";"76.78"
"Incidence";"Sondrio";"Lung";"45-59";"Male";"2005";"64.03"
"Incidence";"Sondrio";"Lung";"45-59";"Male";"2006";"69.36"
"Incidence";"Sondrio";"Lung";"45-59";"Male";"2007";"84.60"
"Incidence";"Sondrio";"Lung";"45-59";"Male";"2008";"62.63"
"Incidence";"Sondrio";"Lung";"45-59";"Male";"2009";"61.53"
"Incidence";"Sondrio";"Lung";"45-59";"Male";"2010";"90.73"
"Incidence";"Sondrio";"Lung";"45-59";"Male";"2011";"79.45"
"Incidence";"Sondrio";"Lung";"45-59";"Male";"2012";"59.93"
"Incidence";"Sondrio";"Lung";"45-59";"Male";"2013";"91.92"
"Incidence";"Sondrio";"Lung";"45-59";"Male";"2014";"45.69"
"Incidence";"Sondrio";"Lung";"45-59";"Male";"2015";"60.41"
"Incidence";"Sondrio";"Lung";"45-59";"Male";"2016";"44.95"
"Mortality";"Sondrio";"Lung";"45-59";"Male";"1998";"69.73"
"Mortality";"Sondrio";"Lung";"45-59";"Male";"1999";"69.63"
"Mortality";"Sondrio";"Lung";"45-59";"Male";"2000";"57.94"
"Mortality";"Sondrio";"Lung";"45-59";"Male";"2001";"63.87"
"Mortality";"Sondrio";"Lung";"45-59";"Male";"2002";"85.30"
"Mortality";"Sondrio";"Lung";"45-59";"Male";"2003";"67.23"
"Mortality";"Sondrio";"Lung";"45-59";"Male";"2004";"71.29"
"Mortality";"Sondrio";"Lung";"45-59";"Male";"2005";"64.03"
"Mortality";"Sondrio";"Lung";"45-59";"Male";"2006";"69.36"
"Mortality";"Sondrio";"Lung";"45-59";"Male";"2007";"52.88"
"Mortality";"Sondrio";"Lung";"45-59";"Male";"2008";"83.50"
"Mortality";"Sondrio";"Lung";"45-59";"Male";"2009";"51.28"
"Mortality";"Sondrio";"Lung";"45-59";"Male";"2010";"40.33"
"Mortality";"Sondrio";"Lung";"45-59";"Male";"2011";"69.52"
"Mortality";"Sondrio";"Lung";"45-59";"Male";"2012";"39.95"
"Mortality";"Sondrio";"Lung";"45-59";"Male";"2013";"48.38"
"Mortality";"Sondrio";"Lung";"45-59";"Male";"2014";"48.73"
"Mortality";"Sondrio";"Lung";"45-59";"Male";"2015";"57.39"
"Mortality";"Sondrio";"Lung";"45-59";"Male";"2016";"23.97"
"Mortality";"Sondrio";"Lung";"60-74";"Male";"1998";"370.55"
"Mortality";"Sondrio";"Lung";"60-74";"Male";"1999";"533.85"
"Mortality";"Sondrio";"Lung";"60-74";"Male";"2000";"412.63"
"Mortality";"Sondrio";"Lung";"60-74";"Male";"2001";"410.25"
"Mortality";"Sondrio";"Lung";"60-74";"Male";"2002";"277.49"
"Mortality";"Sondrio";"Lung";"60-74";"Male";"2003";"387.14"
"Mortality";"Sondrio";"Lung";"60-74";"Male";"2004";"348.15"
"Mortality";"Sondrio";"Lung";"60-74";"Male";"2005";"452.52"
"Mortality";"Sondrio";"Lung";"60-74";"Male";"2006";"296.74"
"Mortality";"Sondrio";"Lung";"60-74";"Male";"2007";"260.68"
"Mortality";"Sondrio";"Lung";"60-74";"Male";"2008";"242.30"
"Mortality";"Sondrio";"Lung";"60-74";"Male";"2009";"294.20"
"Mortality";"Sondrio";"Lung";"60-74";"Male";"2010";"260.38"
"Mortality";"Sondrio";"Lung";"60-74";"Male";"2011";"283.80"
"Mortality";"Sondrio";"Lung";"60-74";"Male";"2012";"289.06"
"Mortality";"Sondrio";"Lung";"60-74";"Male";"2013";"316.54"
"Mortality";"Sondrio";"Lung";"60-74";"Male";"2014";"274.50"
"Mortality";"Sondrio";"Lung";"60-74";"Male";"2015";"207.47"
"Mortality";"Sondrio";"Lung";"60-74";"Male";"2016";"227.08"
"Incidence";"Sondrio";"Lung";"60-74";"Male";"1998";"510.54"
"Incidence";"Sondrio";"Lung";"60-74";"Male";"1999";"566.21"
"Incidence";"Sondrio";"Lung";"60-74";"Male";"2000";"372.96"
"Incidence";"Sondrio";"Lung";"60-74";"Male";"2001";"441.21"
"Incidence";"Sondrio";"Lung";"60-74";"Male";"2002";"344.98"
"Incidence";"Sondrio";"Lung";"60-74";"Male";"2003";"513.70"
"Incidence";"Sondrio";"Lung";"60-74";"Male";"2004";"437.04"
"Incidence";"Sondrio";"Lung";"60-74";"Male";"2005";"378.34"
"Incidence";"Sondrio";"Lung";"60-74";"Male";"2006";"341.25"
"Incidence";"Sondrio";"Lung";"60-74";"Male";"2007";"311.37"
"Incidence";"Sondrio";"Lung";"60-74";"Male";"2008";"349.20"
"Incidence";"Sondrio";"Lung";"60-74";"Male";"2009";"350.24"
"Incidence";"Sondrio";"Lung";"60-74";"Male";"2010";"397.42"
"Incidence";"Sondrio";"Lung";"60-74";"Male";"2011";"398.68"
"Incidence";"Sondrio";"Lung";"60-74";"Male";"2012";"423.50"
"Incidence";"Sondrio";"Lung";"60-74";"Male";"2013";"395.67"
"Incidence";"Sondrio";"Lung";"60-74";"Male";"2014";"286.79"
"Incidence";"Sondrio";"Lung";"60-74";"Male";"2015";"288.83"
"Incidence";"Sondrio";"Lung";"60-74";"Male";"2016";"304.12"
"Incidence";"Sondrio";"Lung";"60-74";"Female";"1998";"103.80"
"Incidence";"Sondrio";"Lung";"60-74";"Female";"1999";"89.31"
"Incidence";"Sondrio";"Lung";"60-74";"Female";"2000";"40.83"
"Incidence";"Sondrio";"Lung";"60-74";"Female";"2001";"40.32"
"Incidence";"Sondrio";"Lung";"60-74";"Female";"2002";"93.17"
"Incidence";"Sondrio";"Lung";"60-74";"Female";"2003";"53.27"
"Incidence";"Sondrio";"Lung";"60-74";"Female";"2004";"59.98"
"Incidence";"Sondrio";"Lung";"60-74";"Female";"2005";"80.74"
"Incidence";"Sondrio";"Lung";"60-74";"Female";"2006";"74.01"
"Incidence";"Sondrio";"Lung";"60-74";"Female";"2007";"73.11"
"Incidence";"Sondrio";"Lung";"60-74";"Female";"2008";"125.32"
"Incidence";"Sondrio";"Lung";"60-74";"Female";"2009";"65.02"
"Incidence";"Sondrio";"Lung";"60-74";"Female";"2010";"161.47"
"Incidence";"Sondrio";"Lung";"60-74";"Female";"2011";"70.38"
"Incidence";"Sondrio";"Lung";"60-74";"Female";"2012";"76.53"
"Incidence";"Sondrio";"Lung";"60-74";"Female";"2013";"182.13"
"Incidence";"Sondrio";"Lung";"60-74";"Female";"2014";"83.56"
"Incidence";"Sondrio";"Lung";"60-74";"Female";"2015";"103.38"
"Incidence";"Sondrio";"Lung";"60-74";"Female";"2016";"55.30"
"Mortality";"Sondrio";"Lung";"60-74";"Female";"1998";"76.12"
"Mortality";"Sondrio";"Lung";"60-74";"Female";"1999";"61.83"
"Mortality";"Sondrio";"Lung";"60-74";"Female";"2000";"47.63"
"Mortality";"Sondrio";"Lung";"60-74";"Female";"2001";"33.60"
"Mortality";"Sondrio";"Lung";"60-74";"Female";"2002";"46.59"
"Mortality";"Sondrio";"Lung";"60-74";"Female";"2003";"46.61"
"Mortality";"Sondrio";"Lung";"60-74";"Female";"2004";"39.99"
"Mortality";"Sondrio";"Lung";"60-74";"Female";"2005";"33.64"
"Mortality";"Sondrio";"Lung";"60-74";"Female";"2006";"80.74"
"Mortality";"Sondrio";"Lung";"60-74";"Female";"2007";"66.47"
"Mortality";"Sondrio";"Lung";"60-74";"Female";"2008";"72.55"
"Mortality";"Sondrio";"Lung";"60-74";"Female";"2009";"78.02"
"Mortality";"Sondrio";"Lung";"60-74";"Female";"2010";"83.96"
"Mortality";"Sondrio";"Lung";"60-74";"Female";"2011";"115.16"
"Mortality";"Sondrio";"Lung";"60-74";"Female";"2012";"57.40"
"Mortality";"Sondrio";"Lung";"60-74";"Female";"2013";"100.48"
"Mortality";"Sondrio";"Lung";"60-74";"Female";"2014";"103.46"
"Mortality";"Sondrio";"Lung";"60-74";"Female";"2015";"59.64"
"Mortality";"Sondrio";"Lung";"60-74";"Female";"2016";"79.00"
"Mortality";"Sondrio";"Lung";"75-85+";"Female";"1998";"71.00"
"Mortality";"Sondrio";"Lung";"75-85+";"Female";"1999";"69.01"
"Mortality";"Sondrio";"Lung";"75-85+";"Female";"2000";"122.64"
"Mortality";"Sondrio";"Lung";"75-85+";"Female";"2001";"86.55"
"Mortality";"Sondrio";"Lung";"75-85+";"Female";"2002";"113.06"
"Mortality";"Sondrio";"Lung";"75-85+";"Female";"2003";"80.63"
"Mortality";"Sondrio";"Lung";"75-85+";"Female";"2004";"118.19"
"Mortality";"Sondrio";"Lung";"75-85+";"Female";"2005";"104.98"
"Mortality";"Sondrio";"Lung";"75-85+";"Female";"2006";"143.16"
"Mortality";"Sondrio";"Lung";"75-85+";"Female";"2007";"138.54"
"Mortality";"Sondrio";"Lung";"75-85+";"Female";"2008";"117.12"
"Mortality";"Sondrio";"Lung";"75-85+";"Female";"2009";"132.67"
"Mortality";"Sondrio";"Lung";"75-85+";"Female";"2010";"198.81"
"Mortality";"Sondrio";"Lung";"75-85+";"Female";"2011";"127.18"
"Mortality";"Sondrio";"Lung";"75-85+";"Female";"2012";"117.93"
"Mortality";"Sondrio";"Lung";"75-85+";"Female";"2013";"122.75"
"Mortality";"Sondrio";"Lung";"75-85+";"Female";"2014";"195.46"
"Mortality";"Sondrio";"Lung";"75-85+";"Female";"2015";"154.55"
"Mortality";"Sondrio";"Lung";"75-85+";"Female";"2016";"207.30"
"Mortality";"Sondrio";"Lung";"75-85+";"Male";"1998";"943.89"
"Mortality";"Sondrio";"Lung";"75-85+";"Male";"1999";"788.40"
"Mortality";"Sondrio";"Lung";"75-85+";"Male";"2000";"875.27"
"Mortality";"Sondrio";"Lung";"75-85+";"Male";"2001";"781.99"
"Mortality";"Sondrio";"Lung";"75-85+";"Male";"2002";"438.79"
"Mortality";"Sondrio";"Lung";"75-85+";"Male";"2003";"754.24"
"Mortality";"Sondrio";"Lung";"75-85+";"Male";"2004";"479.81"
"Mortality";"Sondrio";"Lung";"75-85+";"Male";"2005";"798.93"
"Mortality";"Sondrio";"Lung";"75-85+";"Male";"2006";"722.85"
"Mortality";"Sondrio";"Lung";"75-85+";"Male";"2007";"679.40"
"Mortality";"Sondrio";"Lung";"75-85+";"Male";"2008";"897.73"
"Mortality";"Sondrio";"Lung";"75-85+";"Male";"2009";"580.20"
"Mortality";"Sondrio";"Lung";"75-85+";"Male";"2010";"672.46"
"Mortality";"Sondrio";"Lung";"75-85+";"Male";"2011";"576.86"
"Mortality";"Sondrio";"Lung";"75-85+";"Male";"2012";"573.41"
"Mortality";"Sondrio";"Lung";"75-85+";"Male";"2013";"717.57"
"Mortality";"Sondrio";"Lung";"75-85+";"Male";"2014";"613.44"
"Mortality";"Sondrio";"Lung";"75-85+";"Male";"2015";"455.06"
"Mortality";"Sondrio";"Lung";"75-85+";"Male";"2016";"395.62"
"Incidence";"Sondrio";"Lung";"75-85+";"Male";"1998";"760.36"
"Incidence";"Sondrio";"Lung";"75-85+";"Male";"1999";"457.78"
"Incidence";"Sondrio";"Lung";"75-85+";"Male";"2000";"632.14"
"Incidence";"Sondrio";"Lung";"75-85+";"Male";"2001";"639.81"
"Incidence";"Sondrio";"Lung";"75-85+";"Male";"2002";"592.37"
"Incidence";"Sondrio";"Lung";"75-85+";"Male";"2003";"775.19"
"Incidence";"Sondrio";"Lung";"75-85+";"Male";"2004";"499.80"
"Incidence";"Sondrio";"Lung";"75-85+";"Male";"2005";"570.67"
"Incidence";"Sondrio";"Lung";"75-85+";"Male";"2006";"646.76"
"Incidence";"Sondrio";"Lung";"75-85+";"Male";"2007";"863.02"
"Incidence";"Sondrio";"Lung";"75-85+";"Male";"2008";"651.29"
"Incidence";"Sondrio";"Lung";"75-85+";"Male";"2009";"631.40"
"Incidence";"Sondrio";"Lung";"75-85+";"Male";"2010";"705.26"
"Incidence";"Sondrio";"Lung";"75-85+";"Male";"2011";"514.50"
"Incidence";"Sondrio";"Lung";"75-85+";"Male";"2012";"603.59"
"Incidence";"Sondrio";"Lung";"75-85+";"Male";"2013";"731.92"
"Incidence";"Sondrio";"Lung";"75-85+";"Male";"2014";"540.19"
"Incidence";"Sondrio";"Lung";"75-85+";"Male";"2015";"481.32"
"Incidence";"Sondrio";"Lung";"75-85+";"Male";"2016";"496.63"
"Incidence";"Sondrio";"Lung";"75-85+";"Female";"1998";"59.16"
"Incidence";"Sondrio";"Lung";"75-85+";"Female";"1999";"69.01"
"Incidence";"Sondrio";"Lung";"75-85+";"Female";"2000";"111.50"
"Incidence";"Sondrio";"Lung";"75-85+";"Female";"2001";"64.91"
"Incidence";"Sondrio";"Lung";"75-85+";"Female";"2002";"164.46"
"Incidence";"Sondrio";"Lung";"75-85+";"Female";"2003";"70.55"
"Incidence";"Sondrio";"Lung";"75-85+";"Female";"2004";"118.19"
"Incidence";"Sondrio";"Lung";"75-85+";"Female";"2005";"66.81"
"Incidence";"Sondrio";"Lung";"75-85+";"Female";"2006";"209.96"
"Incidence";"Sondrio";"Lung";"75-85+";"Female";"2007";"110.83"
"Incidence";"Sondrio";"Lung";"75-85+";"Female";"2008";"126.13"
"Incidence";"Sondrio";"Lung";"75-85+";"Female";"2009";"141.52"
"Incidence";"Sondrio";"Lung";"75-85+";"Female";"2010";"155.59"
"Incidence";"Sondrio";"Lung";"75-85+";"Female";"2011";"118.70"
"Incidence";"Sondrio";"Lung";"75-85+";"Female";"2012";"151.63"
"Incidence";"Sondrio";"Lung";"75-85+";"Female";"2013";"122.75"
"Incidence";"Sondrio";"Lung";"75-85+";"Female";"2014";"221.87"
"Incidence";"Sondrio";"Lung";"75-85+";"Female";"2015";"139.10"
"Incidence";"Sondrio";"Lung";"75-85+";"Female";"2016";"187.08"
"Mortality";"Siracusa";"Lung";"0-14";"Female";"1999";"0.00"
"Mortality";"Siracusa";"Lung";"0-14";"Female";"2000";"0.00"
"Mortality";"Siracusa";"Lung";"0-14";"Female";"2001";"0.00"
"Mortality";"Siracusa";"Lung";"0-14";"Female";"2002";"0.00"
"Mortality";"Siracusa";"Lung";"0-14";"Female";"2003";"0.00"
"Mortality";"Siracusa";"Lung";"0-14";"Female";"2004";"0.00"
"Mortality";"Siracusa";"Lung";"0-14";"Female";"2005";"0.00"
"Mortality";"Siracusa";"Lung";"0-14";"Female";"2006";"0.00"
"Mortality";"Siracusa";"Lung";"0-14";"Female";"2007";"0.00"
"Mortality";"Siracusa";"Lung";"0-14";"Female";"2008";"0.00"
"Mortality";"Siracusa";"Lung";"0-14";"Female";"2009";"0.00"
"Mortality";"Siracusa";"Lung";"0-14";"Female";"2010";"0.00"
"Mortality";"Siracusa";"Lung";"0-14";"Female";"2011";"0.00"
"Mortality";"Siracusa";"Lung";"0-14";"Female";"2012";"0.00"
"Mortality";"Siracusa";"Lung";"0-14";"Female";"2013";"0.00"
"Mortality";"Siracusa";"Lung";"0-14";"Female";"2014";"0.00"
"Mortality";"Siracusa";"Lung";"0-14";"Female";"2015";"0.00"
"Mortality";"Siracusa";"Lung";"0-14";"Female";"2016";"0.00"
"Mortality";"Siracusa";"Lung";"0-14";"Female";"2017";"0.00"
"Incidence";"Mantova and Cremona";"Lung";"0-14";"Female";"1999";"0.00"
"Incidence";"Mantova and Cremona";"Lung";"0-14";"Female";"2000";"0.00"
"Incidence";"Mantova and Cremona";"Lung";"0-14";"Female";"2001";"0.00"
"Incidence";"Mantova and Cremona";"Lung";"0-14";"Female";"2002";"0.00"
"Incidence";"Mantova and Cremona";"Lung";"0-14";"Female";"2003";"0.00"
"Incidence";"Mantova and Cremona";"Lung";"0-14";"Female";"2004";"0.00"
"Incidence";"Mantova and Cremona";"Lung";"0-14";"Female";"2005";"0.00"
"Incidence";"Mantova and Cremona";"Lung";"0-14";"Female";"2006";"0.00"
"Incidence";"Mantova and Cremona";"Lung";"0-14";"Female";"2007";"0.00"
"Incidence";"Mantova and Cremona";"Lung";"0-14";"Female";"2008";"0.00"
"Incidence";"Mantova and Cremona";"Lung";"0-14";"Female";"2009";"0.00"
"Incidence";"Mantova and Cremona";"Lung";"0-14";"Female";"2010";"0.00"
"Incidence";"Mantova and Cremona";"Lung";"0-14";"Female";"2011";"0.00"
"Incidence";"Mantova and Cremona";"Lung";"0-14";"Female";"2012";"0.00"
"Incidence";"Mantova and Cremona";"Lung";"0-14";"Female";"2013";"0.00"
"Incidence";"Mantova and Cremona";"Lung";"0-14";"Female";"2014";"0.00"
"Incidence";"Mantova and Cremona";"Lung";"0-14";"Female";"2015";"0.00"
"Incidence";"Mantova and Cremona";"Lung";"0-14";"Female";"2016";"0.00"
"Incidence";"Mantova and Cremona";"Lung";"0-14";"Female";"2017";"0.00"
"Incidence";"Mantova and Cremona";"Lung";"0-14";"Female";"2018";"0.00"
"Incidence";"Mantova and Cremona";"Lung";"0-14";"Female";"2019";"0.00"
"Incidence";"Mantova and Cremona";"Lung";"0-14";"Female";"2020";"0.00"
"Incidence";"Mantova and Cremona";"Lung";"0-14";"Female";"2021";"0.00"
"Incidence";"Brescia";"Lung";"0-14";"Male";"1999";"0.00"
"Incidence";"Brescia";"Lung";"0-14";"Male";"2000";"1.40"
"Incidence";"Brescia";"Lung";"0-14";"Male";"2001";"0.00"
"Incidence";"Brescia";"Lung";"0-14";"Male";"2002";"0.00"
"Incidence";"Brescia";"Lung";"0-14";"Male";"2003";"0.00"
"Incidence";"Brescia";"Lung";"0-14";"Male";"2004";"0.00"
"Incidence";"Brescia";"Lung";"0-14";"Male";"2005";"0.00"
"Incidence";"Brescia";"Lung";"0-14";"Male";"2006";"0.00"
"Incidence";"Brescia";"Lung";"0-14";"Male";"2007";"0.00"
"Incidence";"Brescia";"Lung";"0-14";"Male";"2008";"0.00"
"Incidence";"Brescia";"Lung";"0-14";"Male";"2009";"0.00"
"Incidence";"Brescia";"Lung";"0-14";"Male";"2010";"0.00"
"Incidence";"Brescia";"Lung";"0-14";"Male";"2011";"0.00"
"Incidence";"Brescia";"Lung";"0-14";"Male";"2012";"0.00"
"Incidence";"Brescia";"Lung";"0-14";"Male";"2013";"0.00"
"Incidence";"Brescia";"Lung";"0-14";"Male";"2014";"0.00"
"Incidence";"Brescia";"Lung";"0-14";"Male";"2015";"0.00"
"Incidence";"Brescia";"Lung";"0-14";"Male";"2016";"0.00"
"Incidence";"Brescia";"Lung";"0-14";"Male";"2017";"0.00"
"Incidence";"Siracusa";"Lung";"0-14";"Male";"1999";"0.00"
"Incidence";"Siracusa";"Lung";"0-14";"Male";"2000";"0.00"
"Incidence";"Siracusa";"Lung";"0-14";"Male";"2001";"0.00"
"Incidence";"Siracusa";"Lung";"0-14";"Male";"2002";"0.00"
"Incidence";"Siracusa";"Lung";"0-14";"Male";"2003";"0.00"
"Incidence";"Siracusa";"Lung";"0-14";"Male";"2004";"0.00"
"Incidence";"Siracusa";"Lung";"0-14";"Male";"2005";"0.00"
"Incidence";"Siracusa";"Lung";"0-14";"Male";"2006";"0.00"
"Incidence";"Siracusa";"Lung";"0-14";"Male";"2007";"0.00"
"Incidence";"Siracusa";"Lung";"0-14";"Male";"2008";"0.00"
"Incidence";"Siracusa";"Lung";"0-14";"Male";"2009";"0.00"
"Incidence";"Siracusa";"Lung";"0-14";"Male";"2010";"0.00"
"Incidence";"Siracusa";"Lung";"0-14";"Male";"2011";"0.00"
"Incidence";"Siracusa";"Lung";"0-14";"Male";"2012";"0.00"
"Incidence";"Siracusa";"Lung";"0-14";"Male";"2013";"0.00"
"Incidence";"Siracusa";"Lung";"0-14";"Male";"2014";"0.00"
"Incidence";"Siracusa";"Lung";"0-14";"Male";"2015";"0.00"
"Incidence";"Siracusa";"Lung";"0-14";"Male";"2016";"0.00"
"Incidence";"Siracusa";"Lung";"0-14";"Male";"2017";"0.00"
"Mortality";"Siracusa";"Lung";"0-14";"Male";"1999";"0.00"
"Mortality";"Siracusa";"Lung";"0-14";"Male";"2000";"0.00"
"Mortality";"Siracusa";"Lung";"0-14";"Male";"2001";"0.00"
"Mortality";"Siracusa";"Lung";"0-14";"Male";"2002";"0.00"
"Mortality";"Siracusa";"Lung";"0-14";"Male";"2003";"0.00"
"Mortality";"Siracusa";"Lung";"0-14";"Male";"2004";"0.00"
"Mortality";"Siracusa";"Lung";"0-14";"Male";"2005";"0.00"
"Mortality";"Siracusa";"Lung";"0-14";"Male";"2006";"0.00"
"Mortality";"Siracusa";"Lung";"0-14";"Male";"2007";"0.00"
"Mortality";"Siracusa";"Lung";"0-14";"Male";"2008";"0.00"
"Mortality";"Siracusa";"Lung";"0-14";"Male";"2009";"0.00"
"Mortality";"Siracusa";"Lung";"0-14";"Male";"2010";"0.00"
"Mortality";"Siracusa";"Lung";"0-14";"Male";"2011";"0.00"
"Mortality";"Siracusa";"Lung";"0-14";"Male";"2012";"0.00"
"Mortality";"Siracusa";"Lung";"0-14";"Male";"2013";"0.00"
"Mortality";"Siracusa";"Lung";"0-14";"Male";"2014";"0.00"
"Mortality";"Siracusa";"Lung";"0-14";"Male";"2015";"0.00"
"Mortality";"Siracusa";"Lung";"0-14";"Male";"2016";"0.00"
"Mortality";"Siracusa";"Lung";"0-14";"Male";"2017";"0.00"
"Incidence";"Brescia";"Lung";"0-14";"Female";"1999";"0.00"
"Incidence";"Brescia";"Lung";"0-14";"Female";"2000";"0.00"
"Incidence";"Brescia";"Lung";"0-14";"Female";"2001";"0.00"
"Incidence";"Brescia";"Lung";"0-14";"Female";"2002";"0.00"
"Incidence";"Brescia";"Lung";"0-14";"Female";"2003";"0.00"
"Incidence";"Brescia";"Lung";"0-14";"Female";"2004";"0.00"
"Incidence";"Brescia";"Lung";"0-14";"Female";"2005";"0.00"
"Incidence";"Brescia";"Lung";"0-14";"Female";"2006";"0.00"
"Incidence";"Brescia";"Lung";"0-14";"Female";"2007";"0.00"
"Incidence";"Brescia";"Lung";"0-14";"Female";"2008";"0.00"
"Incidence";"Brescia";"Lung";"0-14";"Female";"2009";"0.00"
"Incidence";"Brescia";"Lung";"0-14";"Female";"2010";"0.00"
"Incidence";"Brescia";"Lung";"0-14";"Female";"2011";"0.00"
"Incidence";"Brescia";"Lung";"0-14";"Female";"2012";"0.00"
"Incidence";"Brescia";"Lung";"0-14";"Female";"2013";"0.00"
"Incidence";"Brescia";"Lung";"0-14";"Female";"2014";"1.16"
"Incidence";"Brescia";"Lung";"0-14";"Female";"2015";"0.00"
"Incidence";"Brescia";"Lung";"0-14";"Female";"2016";"0.00"
"Incidence";"Brescia";"Lung";"0-14";"Female";"2017";"0.00"
"Incidence";"Mantova and Cremona";"Lung";"0-14";"Male";"1999";"0.00"
"Incidence";"Mantova and Cremona";"Lung";"0-14";"Male";"2000";"0.00"
"Incidence";"Mantova and Cremona";"Lung";"0-14";"Male";"2001";"0.00"
"Incidence";"Mantova and Cremona";"Lung";"0-14";"Male";"2002";"0.00"
"Incidence";"Mantova and Cremona";"Lung";"0-14";"Male";"2003";"0.00"
"Incidence";"Mantova and Cremona";"Lung";"0-14";"Male";"2004";"0.00"
"Incidence";"Mantova and Cremona";"Lung";"0-14";"Male";"2005";"0.00"
"Incidence";"Mantova and Cremona";"Lung";"0-14";"Male";"2006";"0.00"
"Incidence";"Mantova and Cremona";"Lung";"0-14";"Male";"2007";"0.00"
"Incidence";"Mantova and Cremona";"Lung";"0-14";"Male";"2008";"0.00"
"Incidence";"Mantova and Cremona";"Lung";"0-14";"Male";"2009";"0.00"
"Incidence";"Mantova and Cremona";"Lung";"0-14";"Male";"2010";"0.00"
"Incidence";"Mantova and Cremona";"Lung";"0-14";"Male";"2011";"0.00"
"Incidence";"Mantova and Cremona";"Lung";"0-14";"Male";"2012";"0.00"
"Incidence";"Mantova and Cremona";"Lung";"0-14";"Male";"2013";"0.00"
"Incidence";"Mantova and Cremona";"Lung";"0-14";"Male";"2014";"0.00"
"Incidence";"Mantova and Cremona";"Lung";"0-14";"Male";"2015";"0.00"
"Incidence";"Mantova and Cremona";"Lung";"0-14";"Male";"2016";"0.00"
"Incidence";"Mantova and Cremona";"Lung";"0-14";"Male";"2017";"0.00"
"Incidence";"Mantova and Cremona";"Lung";"0-14";"Male";"2018";"0.00"
"Incidence";"Mantova and Cremona";"Lung";"0-14";"Male";"2019";"0.00"
"Incidence";"Mantova and Cremona";"Lung";"0-14";"Male";"2020";"0.00"
"Incidence";"Mantova and Cremona";"Lung";"0-14";"Male";"2021";"0.00"
"Incidence";"Siracusa";"Lung";"0-14";"Female";"1999";"0.00"
"Incidence";"Siracusa";"Lung";"0-14";"Female";"2000";"0.00"
"Incidence";"Siracusa";"Lung";"0-14";"Female";"2001";"0.00"
"Incidence";"Siracusa";"Lung";"0-14";"Female";"2002";"0.00"
"Incidence";"Siracusa";"Lung";"0-14";"Female";"2003";"0.00"
"Incidence";"Siracusa";"Lung";"0-14";"Female";"2004";"0.00"
"Incidence";"Siracusa";"Lung";"0-14";"Female";"2005";"0.00"
"Incidence";"Siracusa";"Lung";"0-14";"Female";"2006";"0.00"
"Incidence";"Siracusa";"Lung";"0-14";"Female";"2007";"0.00"
"Incidence";"Siracusa";"Lung";"0-14";"Female";"2008";"0.00"
"Incidence";"Siracusa";"Lung";"0-14";"Female";"2009";"0.00"
"Incidence";"Siracusa";"Lung";"0-14";"Female";"2010";"0.00"
"Incidence";"Siracusa";"Lung";"0-14";"Female";"2011";"0.00"
"Incidence";"Siracusa";"Lung";"0-14";"Female";"2012";"0.00"
"Incidence";"Siracusa";"Lung";"0-14";"Female";"2013";"0.00"
"Incidence";"Siracusa";"Lung";"0-14";"Female";"2014";"0.00"
"Incidence";"Siracusa";"Lung";"0-14";"Female";"2015";"0.00"
"Incidence";"Siracusa";"Lung";"0-14";"Female";"2016";"0.00"
"Incidence";"Siracusa";"Lung";"0-14";"Female";"2017";"0.00"
"Incidence";"Mantova and Cremona";"Lung";"15-29";"Male";"1999";"0.00"
"Incidence";"Mantova and Cremona";"Lung";"15-29";"Male";"2000";"0.00"
"Incidence";"Mantova and Cremona";"Lung";"15-29";"Male";"2001";"0.00"
"Incidence";"Mantova and Cremona";"Lung";"15-29";"Male";"2002";"0.00"
"Incidence";"Mantova and Cremona";"Lung";"15-29";"Male";"2003";"0.00"
"Incidence";"Mantova and Cremona";"Lung";"15-29";"Male";"2004";"0.00"
"Incidence";"Mantova and Cremona";"Lung";"15-29";"Male";"2005";"0.00"
"Incidence";"Mantova and Cremona";"Lung";"15-29";"Male";"2006";"0.00"
"Incidence";"Mantova and Cremona";"Lung";"15-29";"Male";"2007";"0.00"
"Incidence";"Mantova and Cremona";"Lung";"15-29";"Male";"2008";"0.00"
"Incidence";"Mantova and Cremona";"Lung";"15-29";"Male";"2009";"0.00"
"Incidence";"Mantova and Cremona";"Lung";"15-29";"Male";"2010";"0.00"
"Incidence";"Mantova and Cremona";"Lung";"15-29";"Male";"2011";"1.81"
"Incidence";"Mantova and Cremona";"Lung";"15-29";"Male";"2012";"0.00"
"Incidence";"Mantova and Cremona";"Lung";"15-29";"Male";"2013";"0.00"
"Incidence";"Mantova and Cremona";"Lung";"15-29";"Male";"2014";"0.00"
"Incidence";"Mantova and Cremona";"Lung";"15-29";"Male";"2015";"0.00"
"Incidence";"Mantova and Cremona";"Lung";"15-29";"Male";"2016";"0.00"
"Incidence";"Mantova and Cremona";"Lung";"15-29";"Male";"2017";"1.83"
"Incidence";"Mantova and Cremona";"Lung";"15-29";"Male";"2018";"3.63"
"Incidence";"Mantova and Cremona";"Lung";"15-29";"Male";"2019";"0.00"
"Incidence";"Mantova and Cremona";"Lung";"15-29";"Male";"2020";"0.00"
"Incidence";"Mantova and Cremona";"Lung";"15-29";"Male";"2021";"0.00"
"Incidence";"Siracusa";"Lung";"15-29";"Female";"1999";"0.00"
"Incidence";"Siracusa";"Lung";"15-29";"Female";"2000";"0.00"
"Incidence";"Siracusa";"Lung";"15-29";"Female";"2001";"2.35"
"Incidence";"Siracusa";"Lung";"15-29";"Female";"2002";"0.00"
"Incidence";"Siracusa";"Lung";"15-29";"Female";"2003";"2.48"
"Incidence";"Siracusa";"Lung";"15-29";"Female";"2004";"0.00"
"Incidence";"Siracusa";"Lung";"15-29";"Female";"2005";"0.00"
"Incidence";"Siracusa";"Lung";"15-29";"Female";"2006";"2.61"
"Incidence";"Siracusa";"Lung";"15-29";"Female";"2007";"0.00"
"Incidence";"Siracusa";"Lung";"15-29";"Female";"2008";"0.00"
"Incidence";"Siracusa";"Lung";"15-29";"Female";"2009";"0.00"
"Incidence";"Siracusa";"Lung";"15-29";"Female";"2010";"0.00"
"Incidence";"Siracusa";"Lung";"15-29";"Female";"2011";"0.00"
"Incidence";"Siracusa";"Lung";"15-29";"Female";"2012";"0.00"
"Incidence";"Siracusa";"Lung";"15-29";"Female";"2013";"0.00"
"Incidence";"Siracusa";"Lung";"15-29";"Female";"2014";"0.00"
"Incidence";"Siracusa";"Lung";"15-29";"Female";"2015";"2.95"
"Incidence";"Siracusa";"Lung";"15-29";"Female";"2016";"0.00"
"Incidence";"Siracusa";"Lung";"15-29";"Female";"2017";"0.00"
"Incidence";"Siracusa";"Lung";"15-29";"Male";"1999";"0.00"
"Incidence";"Siracusa";"Lung";"15-29";"Male";"2000";"0.00"
"Incidence";"Siracusa";"Lung";"15-29";"Male";"2001";"0.00"
"Incidence";"Siracusa";"Lung";"15-29";"Male";"2002";"0.00"
"Incidence";"Siracusa";"Lung";"15-29";"Male";"2003";"0.00"
"Incidence";"Siracusa";"Lung";"15-29";"Male";"2004";"0.00"
"Incidence";"Siracusa";"Lung";"15-29";"Male";"2005";"0.00"
"Incidence";"Siracusa";"Lung";"15-29";"Male";"2006";"0.00"
"Incidence";"Siracusa";"Lung";"15-29";"Male";"2007";"0.00"
"Incidence";"Siracusa";"Lung";"15-29";"Male";"2008";"0.00"
"Incidence";"Siracusa";"Lung";"15-29";"Male";"2009";"0.00"
"Incidence";"Siracusa";"Lung";"15-29";"Male";"2010";"0.00"
"Incidence";"Siracusa";"Lung";"15-29";"Male";"2011";"0.00"
"Incidence";"Siracusa";"Lung";"15-29";"Male";"2012";"0.00"
"Incidence";"Siracusa";"Lung";"15-29";"Male";"2013";"0.00"
"Incidence";"Siracusa";"Lung";"15-29";"Male";"2014";"0.00"
"Incidence";"Siracusa";"Lung";"15-29";"Male";"2015";"0.00"
"Incidence";"Siracusa";"Lung";"15-29";"Male";"2016";"0.00"
"Incidence";"Siracusa";"Lung";"15-29";"Male";"2017";"0.00"
"Incidence";"Brescia";"Lung";"15-29";"Female";"1999";"0.00"
"Incidence";"Brescia";"Lung";"15-29";"Female";"2000";"1.05"
"Incidence";"Brescia";"Lung";"15-29";"Female";"2001";"0.00"
"Incidence";"Brescia";"Lung";"15-29";"Female";"2002";"0.00"
"Incidence";"Brescia";"Lung";"15-29";"Female";"2003";"0.00"
"Incidence";"Brescia";"Lung";"15-29";"Female";"2004";"1.13"
"Incidence";"Brescia";"Lung";"15-29";"Female";"2005";"1.15"
"Incidence";"Brescia";"Lung";"15-29";"Female";"2006";"0.00"
"Incidence";"Brescia";"Lung";"15-29";"Female";"2007";"0.00"
"Incidence";"Brescia";"Lung";"15-29";"Female";"2008";"0.00"
"Incidence";"Brescia";"Lung";"15-29";"Female";"2009";"0.00"
"Incidence";"Brescia";"Lung";"15-29";"Female";"2010";"1.19"
"Incidence";"Brescia";"Lung";"15-29";"Female";"2011";"0.00"
"Incidence";"Brescia";"Lung";"15-29";"Female";"2012";"0.00"
"Incidence";"Brescia";"Lung";"15-29";"Female";"2013";"0.00"
"Incidence";"Brescia";"Lung";"15-29";"Female";"2014";"0.00"
"Incidence";"Brescia";"Lung";"15-29";"Female";"2015";"1.19"
"Incidence";"Brescia";"Lung";"15-29";"Female";"2016";"1.19"
"Incidence";"Brescia";"Lung";"15-29";"Female";"2017";"1.19"
"Mortality";"Siracusa";"Lung";"15-29";"Female";"1999";"0.00"
"Mortality";"Siracusa";"Lung";"15-29";"Female";"2000";"0.00"
"Mortality";"Siracusa";"Lung";"15-29";"Female";"2001";"0.00"
"Mortality";"Siracusa";"Lung";"15-29";"Female";"2002";"0.00"
"Mortality";"Siracusa";"Lung";"15-29";"Female";"2003";"0.00"
"Mortality";"Siracusa";"Lung";"15-29";"Female";"2004";"2.51"
"Mortality";"Siracusa";"Lung";"15-29";"Female";"2005";"0.00"
"Mortality";"Siracusa";"Lung";"15-29";"Female";"2006";"0.00"
"Mortality";"Siracusa";"Lung";"15-29";"Female";"2007";"0.00"
"Mortality";"Siracusa";"Lung";"15-29";"Female";"2008";"0.00"
"Mortality";"Siracusa";"Lung";"15-29";"Female";"2009";"0.00"
"Mortality";"Siracusa";"Lung";"15-29";"Female";"2010";"0.00"
"Mortality";"Siracusa";"Lung";"15-29";"Female";"2011";"0.00"
"Mortality";"Siracusa";"Lung";"15-29";"Female";"2012";"0.00"
"Mortality";"Siracusa";"Lung";"15-29";"Female";"2013";"0.00"
"Mortality";"Siracusa";"Lung";"15-29";"Female";"2014";"0.00"
"Mortality";"Siracusa";"Lung";"15-29";"Female";"2015";"0.00"
"Mortality";"Siracusa";"Lung";"15-29";"Female";"2016";"3.01"
"Mortality";"Siracusa";"Lung";"15-29";"Female";"2017";"0.00"
"Mortality";"Siracusa";"Lung";"15-29";"Male";"1999";"0.00"
"Mortality";"Siracusa";"Lung";"15-29";"Male";"2000";"0.00"
"Mortality";"Siracusa";"Lung";"15-29";"Male";"2001";"0.00"
"Mortality";"Siracusa";"Lung";"15-29";"Male";"2002";"0.00"
"Mortality";"Siracusa";"Lung";"15-29";"Male";"2003";"0.00"
"Mortality";"Siracusa";"Lung";"15-29";"Male";"2004";"0.00"
"Mortality";"Siracusa";"Lung";"15-29";"Male";"2005";"0.00"
"Mortality";"Siracusa";"Lung";"15-29";"Male";"2006";"0.00"
"Mortality";"Siracusa";"Lung";"15-29";"Male";"2007";"0.00"
"Mortality";"Siracusa";"Lung";"15-29";"Male";"2008";"0.00"
"Mortality";"Siracusa";"Lung";"15-29";"Male";"2009";"0.00"
"Mortality";"Siracusa";"Lung";"15-29";"Male";"2010";"0.00"
"Mortality";"Siracusa";"Lung";"15-29";"Male";"2011";"0.00"
"Mortality";"Siracusa";"Lung";"15-29";"Male";"2012";"0.00"
"Mortality";"Siracusa";"Lung";"15-29";"Male";"2013";"0.00"
"Mortality";"Siracusa";"Lung";"15-29";"Male";"2014";"0.00"
"Mortality";"Siracusa";"Lung";"15-29";"Male";"2015";"0.00"
"Mortality";"Siracusa";"Lung";"15-29";"Male";"2016";"0.00"
"Mortality";"Siracusa";"Lung";"15-29";"Male";"2017";"0.00"
"Incidence";"Mantova and Cremona";"Lung";"15-29";"Female";"1999";"0.00"
"Incidence";"Mantova and Cremona";"Lung";"15-29";"Female";"2000";"0.00"
"Incidence";"Mantova and Cremona";"Lung";"15-29";"Female";"2001";"0.00"
"Incidence";"Mantova and Cremona";"Lung";"15-29";"Female";"2002";"0.00"
"Incidence";"Mantova and Cremona";"Lung";"15-29";"Female";"2003";"0.00"
"Incidence";"Mantova and Cremona";"Lung";"15-29";"Female";"2004";"0.00"
"Incidence";"Mantova and Cremona";"Lung";"15-29";"Female";"2005";"0.00"
"Incidence";"Mantova and Cremona";"Lung";"15-29";"Female";"2006";"0.00"
"Incidence";"Mantova and Cremona";"Lung";"15-29";"Female";"2007";"0.00"
"Incidence";"Mantova and Cremona";"Lung";"15-29";"Female";"2008";"0.00"
"Incidence";"Mantova and Cremona";"Lung";"15-29";"Female";"2009";"1.85"
"Incidence";"Mantova and Cremona";"Lung";"15-29";"Female";"2010";"0.00"
"Incidence";"Mantova and Cremona";"Lung";"15-29";"Female";"2011";"0.00"
"Incidence";"Mantova and Cremona";"Lung";"15-29";"Female";"2012";"0.00"
"Incidence";"Mantova and Cremona";"Lung";"15-29";"Female";"2013";"0.00"
"Incidence";"Mantova and Cremona";"Lung";"15-29";"Female";"2014";"0.00"
"Incidence";"Mantova and Cremona";"Lung";"15-29";"Female";"2015";"0.00"
"Incidence";"Mantova and Cremona";"Lung";"15-29";"Female";"2016";"0.00"
"Incidence";"Mantova and Cremona";"Lung";"15-29";"Female";"2017";"0.00"
"Incidence";"Mantova and Cremona";"Lung";"15-29";"Female";"2018";"1.96"
"Incidence";"Mantova and Cremona";"Lung";"15-29";"Female";"2019";"0.00"
"Incidence";"Mantova and Cremona";"Lung";"15-29";"Female";"2020";"1.95"
"Incidence";"Mantova and Cremona";"Lung";"15-29";"Female";"2021";"0.00"
"Incidence";"Brescia";"Lung";"15-29";"Male";"1999";"0.00"
"Incidence";"Brescia";"Lung";"15-29";"Male";"2000";"2.00"
"Incidence";"Brescia";"Lung";"15-29";"Male";"2001";"0.00"
"Incidence";"Brescia";"Lung";"15-29";"Male";"2002";"0.00"
"Incidence";"Brescia";"Lung";"15-29";"Male";"2003";"1.08"
"Incidence";"Brescia";"Lung";"15-29";"Male";"2004";"0.00"
"Incidence";"Brescia";"Lung";"15-29";"Male";"2005";"0.00"
"Incidence";"Brescia";"Lung";"15-29";"Male";"2006";"0.00"
"Incidence";"Brescia";"Lung";"15-29";"Male";"2007";"0.00"
"Incidence";"Brescia";"Lung";"15-29";"Male";"2008";"0.00"
"Incidence";"Brescia";"Lung";"15-29";"Male";"2009";"2.29"
"Incidence";"Brescia";"Lung";"15-29";"Male";"2010";"0.00"
"Incidence";"Brescia";"Lung";"15-29";"Male";"2011";"0.00"
"Incidence";"Brescia";"Lung";"15-29";"Male";"2012";"1.13"
"Incidence";"Brescia";"Lung";"15-29";"Male";"2013";"0.00"
"Incidence";"Brescia";"Lung";"15-29";"Male";"2014";"1.13"
"Incidence";"Brescia";"Lung";"15-29";"Male";"2015";"0.00"
"Incidence";"Brescia";"Lung";"15-29";"Male";"2016";"0.00"
"Incidence";"Brescia";"Lung";"15-29";"Male";"2017";"1.13"
"Incidence";"Mantova and Cremona";"Lung";"30-44";"Female";"1999";"2.41"
"Incidence";"Mantova and Cremona";"Lung";"30-44";"Female";"2000";"0.00"
"Incidence";"Mantova and Cremona";"Lung";"30-44";"Female";"2001";"2.36"
"Incidence";"Mantova and Cremona";"Lung";"30-44";"Female";"2002";"4.64"
"Incidence";"Mantova and Cremona";"Lung";"30-44";"Female";"2003";"0.00"
"Incidence";"Mantova and Cremona";"Lung";"30-44";"Female";"2004";"4.45"
"Incidence";"Mantova and Cremona";"Lung";"30-44";"Female";"2005";"1.17"
"Incidence";"Mantova and Cremona";"Lung";"30-44";"Female";"2006";"6.94"
"Incidence";"Mantova and Cremona";"Lung";"30-44";"Female";"2007";"1.15"
"Incidence";"Mantova and Cremona";"Lung";"30-44";"Female";"2008";"5.67"
"Incidence";"Mantova and Cremona";"Lung";"30-44";"Female";"2009";"1.13"
"Incidence";"Mantova and Cremona";"Lung";"30-44";"Female";"2010";"8.02"
"Incidence";"Mantova and Cremona";"Lung";"30-44";"Female";"2011";"2.32"
"Incidence";"Mantova and Cremona";"Lung";"30-44";"Female";"2012";"5.90"
"Incidence";"Mantova and Cremona";"Lung";"30-44";"Female";"2013";"4.80"
"Incidence";"Mantova and Cremona";"Lung";"30-44";"Female";"2014";"3.69"
"Incidence";"Mantova and Cremona";"Lung";"30-44";"Female";"2015";"1.26"
"Incidence";"Mantova and Cremona";"Lung";"30-44";"Female";"2016";"1.30"
"Incidence";"Mantova and Cremona";"Lung";"30-44";"Female";"2017";"2.67"
"Incidence";"Mantova and Cremona";"Lung";"30-44";"Female";"2018";"5.50"
"Incidence";"Mantova and Cremona";"Lung";"30-44";"Female";"2019";"2.83"
"Incidence";"Mantova and Cremona";"Lung";"30-44";"Female";"2020";"1.45"
"Incidence";"Mantova and Cremona";"Lung";"30-44";"Female";"2021";"3.00"
"Incidence";"Brescia";"Lung";"30-44";"Male";"1999";"3.28"
"Incidence";"Brescia";"Lung";"30-44";"Male";"2000";"4.79"
"Incidence";"Brescia";"Lung";"30-44";"Male";"2001";"7.03"
"Incidence";"Brescia";"Lung";"30-44";"Male";"2002";"4.59"
"Incidence";"Brescia";"Lung";"30-44";"Male";"2003";"0.74"
"Incidence";"Brescia";"Lung";"30-44";"Male";"2004";"4.31"
"Incidence";"Brescia";"Lung";"30-44";"Male";"2005";"5.59"
"Incidence";"Brescia";"Lung";"30-44";"Male";"2006";"2.75"
"Incidence";"Brescia";"Lung";"30-44";"Male";"2007";"6.14"
"Incidence";"Brescia";"Lung";"30-44";"Male";"2008";"6.81"
"Incidence";"Brescia";"Lung";"30-44";"Male";"2009";"4.11"
"Incidence";"Brescia";"Lung";"30-44";"Male";"2010";"2.11"
"Incidence";"Brescia";"Lung";"30-44";"Male";"2011";"4.84"
"Incidence";"Brescia";"Lung";"30-44";"Male";"2012";"4.41"
"Incidence";"Brescia";"Lung";"30-44";"Male";"2013";"4.48"
"Incidence";"Brescia";"Lung";"30-44";"Male";"2014";"3.76"
"Incidence";"Brescia";"Lung";"30-44";"Male";"2015";"1.54"
"Incidence";"Brescia";"Lung";"30-44";"Male";"2016";"3.99"
"Incidence";"Brescia";"Lung";"30-44";"Male";"2017";"1.65"
"Incidence";"Brescia";"Lung";"30-44";"Female";"1999";"4.35"
"Incidence";"Brescia";"Lung";"30-44";"Female";"2000";"3.41"
"Incidence";"Brescia";"Lung";"30-44";"Female";"2001";"2.51"
"Incidence";"Brescia";"Lung";"30-44";"Female";"2002";"7.40"
"Incidence";"Brescia";"Lung";"30-44";"Female";"2003";"3.22"
"Incidence";"Brescia";"Lung";"30-44";"Female";"2004";"1.56"
"Incidence";"Brescia";"Lung";"30-44";"Female";"2005";"4.58"
"Incidence";"Brescia";"Lung";"30-44";"Female";"2006";"1.50"
"Incidence";"Brescia";"Lung";"30-44";"Female";"2007";"2.24"
"Incidence";"Brescia";"Lung";"30-44";"Female";"2008";"5.20"
"Incidence";"Brescia";"Lung";"30-44";"Female";"2009";"5.93"
"Incidence";"Brescia";"Lung";"30-44";"Female";"2010";"2.99"
"Incidence";"Brescia";"Lung";"30-44";"Female";"2011";"2.96"
"Incidence";"Brescia";"Lung";"30-44";"Female";"2012";"2.31"
"Incidence";"Brescia";"Lung";"30-44";"Female";"2013";"7.00"
"Incidence";"Brescia";"Lung";"30-44";"Female";"2014";"3.93"
"Incidence";"Brescia";"Lung";"30-44";"Female";"2015";"2.40"
"Incidence";"Brescia";"Lung";"30-44";"Female";"2016";"4.10"
"Incidence";"Brescia";"Lung";"30-44";"Female";"2017";"5.06"
"Incidence";"Siracusa";"Lung";"30-44";"Male";"1999";"9.32"
"Incidence";"Siracusa";"Lung";"30-44";"Male";"2000";"6.93"
"Incidence";"Siracusa";"Lung";"30-44";"Male";"2001";"4.61"
"Incidence";"Siracusa";"Lung";"30-44";"Male";"2002";"9.12"
"Incidence";"Siracusa";"Lung";"30-44";"Male";"2003";"11.29"
"Incidence";"Siracusa";"Lung";"30-44";"Male";"2004";"8.88"
"Incidence";"Siracusa";"Lung";"30-44";"Male";"2005";"8.83"
"Incidence";"Siracusa";"Lung";"30-44";"Male";"2006";"2.21"
"Incidence";"Siracusa";"Lung";"30-44";"Male";"2007";"2.20"
"Incidence";"Siracusa";"Lung";"30-44";"Male";"2008";"6.58"
"Incidence";"Siracusa";"Lung";"30-44";"Male";"2009";"4.37"
"Incidence";"Siracusa";"Lung";"30-44";"Male";"2010";"0.00"
"Incidence";"Siracusa";"Lung";"30-44";"Male";"2011";"11.09"
"Incidence";"Siracusa";"Lung";"30-44";"Male";"2012";"0.00"
"Incidence";"Siracusa";"Lung";"30-44";"Male";"2013";"6.82"
"Incidence";"Siracusa";"Lung";"30-44";"Male";"2014";"13.56"
"Incidence";"Siracusa";"Lung";"30-44";"Male";"2015";"6.89"
"Incidence";"Siracusa";"Lung";"30-44";"Male";"2016";"4.67"
"Incidence";"Siracusa";"Lung";"30-44";"Male";"2017";"4.76"
"Incidence";"Siracusa";"Lung";"30-44";"Female";"1999";"4.58"
"Incidence";"Siracusa";"Lung";"30-44";"Female";"2000";"0.00"
"Incidence";"Siracusa";"Lung";"30-44";"Female";"2001";"4.54"
"Incidence";"Siracusa";"Lung";"30-44";"Female";"2002";"8.99"
"Incidence";"Siracusa";"Lung";"30-44";"Female";"2003";"4.46"
"Incidence";"Siracusa";"Lung";"30-44";"Female";"2004";"11.02"
"Incidence";"Siracusa";"Lung";"30-44";"Female";"2005";"6.56"
"Incidence";"Siracusa";"Lung";"30-44";"Female";"2006";"6.57"
"Incidence";"Siracusa";"Lung";"30-44";"Female";"2007";"0.00"
"Incidence";"Siracusa";"Lung";"30-44";"Female";"2008";"4.38"
"Incidence";"Siracusa";"Lung";"30-44";"Female";"2009";"4.37"
"Incidence";"Siracusa";"Lung";"30-44";"Female";"2010";"4.40"
"Incidence";"Siracusa";"Lung";"30-44";"Female";"2011";"0.00"
"Incidence";"Siracusa";"Lung";"30-44";"Female";"2012";"0.00"
"Incidence";"Siracusa";"Lung";"30-44";"Female";"2013";"0.00"
"Incidence";"Siracusa";"Lung";"30-44";"Female";"2014";"9.18"
"Incidence";"Siracusa";"Lung";"30-44";"Female";"2015";"2.33"
"Incidence";"Siracusa";"Lung";"30-44";"Female";"2016";"7.14"
"Incidence";"Siracusa";"Lung";"30-44";"Female";"2017";"2.44"
"Mortality";"Siracusa";"Lung";"30-44";"Female";"1999";"0.00"
"Mortality";"Siracusa";"Lung";"30-44";"Female";"2000";"2.28"
"Mortality";"Siracusa";"Lung";"30-44";"Female";"2001";"0.00"
"Mortality";"Siracusa";"Lung";"30-44";"Female";"2002";"2.25"
"Mortality";"Siracusa";"Lung";"30-44";"Female";"2003";"4.46"
"Mortality";"Siracusa";"Lung";"30-44";"Female";"2004";"4.41"
"Mortality";"Siracusa";"Lung";"30-44";"Female";"2005";"2.19"
"Mortality";"Siracusa";"Lung";"30-44";"Female";"2006";"0.00"
"Mortality";"Siracusa";"Lung";"30-44";"Female";"2007";"0.00"
"Mortality";"Siracusa";"Lung";"30-44";"Female";"2008";"2.19"
"Mortality";"Siracusa";"Lung";"30-44";"Female";"2009";"2.18"
"Mortality";"Siracusa";"Lung";"30-44";"Female";"2010";"4.40"
"Mortality";"Siracusa";"Lung";"30-44";"Female";"2011";"0.00"
"Mortality";"Siracusa";"Lung";"30-44";"Female";"2012";"0.00"
"Mortality";"Siracusa";"Lung";"30-44";"Female";"2013";"0.00"
"Mortality";"Siracusa";"Lung";"30-44";"Female";"2014";"0.00"
"Mortality";"Siracusa";"Lung";"30-44";"Female";"2015";"0.00"
"Mortality";"Siracusa";"Lung";"30-44";"Female";"2016";"4.76"
"Mortality";"Siracusa";"Lung";"30-44";"Female";"2017";"4.87"
"Mortality";"Siracusa";"Lung";"30-44";"Male";"1999";"4.66"
"Mortality";"Siracusa";"Lung";"30-44";"Male";"2000";"9.24"
"Mortality";"Siracusa";"Lung";"30-44";"Male";"2001";"2.31"
"Mortality";"Siracusa";"Lung";"30-44";"Male";"2002";"6.84"
"Mortality";"Siracusa";"Lung";"30-44";"Male";"2003";"9.03"
"Mortality";"Siracusa";"Lung";"30-44";"Male";"2004";"2.22"
"Mortality";"Siracusa";"Lung";"30-44";"Male";"2005";"8.83"
"Mortality";"Siracusa";"Lung";"30-44";"Male";"2006";"6.63"
"Mortality";"Siracusa";"Lung";"30-44";"Male";"2007";"2.20"
"Mortality";"Siracusa";"Lung";"30-44";"Male";"2008";"4.39"
"Mortality";"Siracusa";"Lung";"30-44";"Male";"2009";"0.00"
"Mortality";"Siracusa";"Lung";"30-44";"Male";"2010";"2.21"
"Mortality";"Siracusa";"Lung";"30-44";"Male";"2011";"2.22"
"Mortality";"Siracusa";"Lung";"30-44";"Male";"2012";"2.26"
"Mortality";"Siracusa";"Lung";"30-44";"Male";"2013";"2.27"
"Mortality";"Siracusa";"Lung";"30-44";"Male";"2014";"6.78"
"Mortality";"Siracusa";"Lung";"30-44";"Male";"2015";"2.30"
"Mortality";"Siracusa";"Lung";"30-44";"Male";"2016";"4.67"
"Mortality";"Siracusa";"Lung";"30-44";"Male";"2017";"2.38"
"Incidence";"Mantova and Cremona";"Lung";"30-44";"Male";"1999";"0.00"
"Incidence";"Mantova and Cremona";"Lung";"30-44";"Male";"2000";"4.51"
"Incidence";"Mantova and Cremona";"Lung";"30-44";"Male";"2001";"0.00"
"Incidence";"Mantova and Cremona";"Lung";"30-44";"Male";"2002";"2.18"
"Incidence";"Mantova and Cremona";"Lung";"30-44";"Male";"2003";"2.13"
"Incidence";"Mantova and Cremona";"Lung";"30-44";"Male";"2004";"2.06"
"Incidence";"Mantova and Cremona";"Lung";"30-44";"Male";"2005";"5.39"
"Incidence";"Mantova and Cremona";"Lung";"30-44";"Male";"2006";"6.41"
"Incidence";"Mantova and Cremona";"Lung";"30-44";"Male";"2007";"5.32"
"Incidence";"Mantova and Cremona";"Lung";"30-44";"Male";"2008";"3.15"
"Incidence";"Mantova and Cremona";"Lung";"30-44";"Male";"2009";"1.05"
"Incidence";"Mantova and Cremona";"Lung";"30-44";"Male";"2010";"5.36"
"Incidence";"Mantova and Cremona";"Lung";"30-44";"Male";"2011";"1.10"
"Incidence";"Mantova and Cremona";"Lung";"30-44";"Male";"2012";"3.37"
"Incidence";"Mantova and Cremona";"Lung";"30-44";"Male";"2013";"4.57"
"Incidence";"Mantova and Cremona";"Lung";"30-44";"Male";"2014";"7.03"
"Incidence";"Mantova and Cremona";"Lung";"30-44";"Male";"2015";"6.02"
"Incidence";"Mantova and Cremona";"Lung";"30-44";"Male";"2016";"6.21"
"Incidence";"Mantova and Cremona";"Lung";"30-44";"Male";"2017";"2.56"
"Incidence";"Mantova and Cremona";"Lung";"30-44";"Male";"2018";"1.32"
"Incidence";"Mantova and Cremona";"Lung";"30-44";"Male";"2019";"4.05"
"Incidence";"Mantova and Cremona";"Lung";"30-44";"Male";"2020";"1.39"
"Incidence";"Mantova and Cremona";"Lung";"30-44";"Male";"2021";"5.77"
"Incidence";"Siracusa";"Lung";"45-59";"Male";"1999";"94.72"
"Incidence";"Siracusa";"Lung";"45-59";"Male";"2000";"66.82"
"Incidence";"Siracusa";"Lung";"45-59";"Male";"2001";"61.24"
"Incidence";"Siracusa";"Lung";"45-59";"Male";"2002";"99.92"
"Incidence";"Siracusa";"Lung";"45-59";"Male";"2003";"46.69"
"Incidence";"Siracusa";"Lung";"45-59";"Male";"2004";"73.68"
"Incidence";"Siracusa";"Lung";"45-59";"Male";"2005";"91.19"
"Incidence";"Siracusa";"Lung";"45-59";"Male";"2006";"55.52"
"Incidence";"Siracusa";"Lung";"45-59";"Male";"2007";"52.65"
"Incidence";"Siracusa";"Lung";"45-59";"Male";"2008";"65.76"
"Incidence";"Siracusa";"Lung";"45-59";"Male";"2009";"65.15"
"Incidence";"Siracusa";"Lung";"45-59";"Male";"2010";"46.16"
"Incidence";"Siracusa";"Lung";"45-59";"Male";"2011";"75.96"
"Incidence";"Siracusa";"Lung";"45-59";"Male";"2012";"69.94"
"Incidence";"Siracusa";"Lung";"45-59";"Male";"2013";"39.48"
"Incidence";"Siracusa";"Lung";"45-59";"Male";"2014";"40.62"
"Incidence";"Siracusa";"Lung";"45-59";"Male";"2015";"49.15"
"Incidence";"Siracusa";"Lung";"45-59";"Male";"2016";"58.00"
"Incidence";"Siracusa";"Lung";"45-59";"Male";"2017";"50.33"
"Incidence";"Mantova and Cremona";"Lung";"45-59";"Female";"1999";"21.42"
"Incidence";"Mantova and Cremona";"Lung";"45-59";"Female";"2000";"18.79"
"Incidence";"Mantova and Cremona";"Lung";"45-59";"Female";"2001";"18.82"
"Incidence";"Mantova and Cremona";"Lung";"45-59";"Female";"2002";"8.05"
"Incidence";"Mantova and Cremona";"Lung";"45-59";"Female";"2003";"13.32"
"Incidence";"Mantova and Cremona";"Lung";"45-59";"Female";"2004";"23.58"
"Incidence";"Mantova and Cremona";"Lung";"45-59";"Female";"2005";"27.10"
"Incidence";"Mantova and Cremona";"Lung";"45-59";"Female";"2006";"33.05"
"Incidence";"Mantova and Cremona";"Lung";"45-59";"Female";"2007";"34.24"
"Incidence";"Mantova and Cremona";"Lung";"45-59";"Female";"2008";"33.92"
"Incidence";"Mantova and Cremona";"Lung";"45-59";"Female";"2009";"30.87"
"Incidence";"Mantova and Cremona";"Lung";"45-59";"Female";"2010";"25.32"
"Incidence";"Mantova and Cremona";"Lung";"45-59";"Female";"2011";"31.03"
"Incidence";"Mantova and Cremona";"Lung";"45-59";"Female";"2012";"31.70"
"Incidence";"Mantova and Cremona";"Lung";"45-59";"Female";"2013";"29.99"
"Incidence";"Mantova and Cremona";"Lung";"45-59";"Female";"2014";"41.24"
"Incidence";"Mantova and Cremona";"Lung";"45-59";"Female";"2015";"24.42"
"Incidence";"Mantova and Cremona";"Lung";"45-59";"Female";"2016";"33.48"
"Incidence";"Mantova and Cremona";"Lung";"45-59";"Female";"2017";"20.54"
"Incidence";"Mantova and Cremona";"Lung";"45-59";"Female";"2018";"23.78"
"Incidence";"Mantova and Cremona";"Lung";"45-59";"Female";"2019";"24.70"
"Incidence";"Mantova and Cremona";"Lung";"45-59";"Female";"2020";"24.55"
"Incidence";"Mantova and Cremona";"Lung";"45-59";"Female";"2021";"25.63"
"Incidence";"Brescia";"Lung";"45-59";"Male";"1999";"94.06"
"Incidence";"Brescia";"Lung";"45-59";"Male";"2000";"98.16"
"Incidence";"Brescia";"Lung";"45-59";"Male";"2001";"78.94"
"Incidence";"Brescia";"Lung";"45-59";"Male";"2002";"100.32"
"Incidence";"Brescia";"Lung";"45-59";"Male";"2003";"80.29"
"Incidence";"Brescia";"Lung";"45-59";"Male";"2004";"76.80"
"Incidence";"Brescia";"Lung";"45-59";"Male";"2005";"58.11"
"Incidence";"Brescia";"Lung";"45-59";"Male";"2006";"68.49"
"Incidence";"Brescia";"Lung";"45-59";"Male";"2007";"61.39"
"Incidence";"Brescia";"Lung";"45-59";"Male";"2008";"65.74"
"Incidence";"Brescia";"Lung";"45-59";"Male";"2009";"60.25"
"Incidence";"Brescia";"Lung";"45-59";"Male";"2010";"61.61"
"Incidence";"Brescia";"Lung";"45-59";"Male";"2011";"48.97"
"Incidence";"Brescia";"Lung";"45-59";"Male";"2012";"45.80"
"Incidence";"Brescia";"Lung";"45-59";"Male";"2013";"45.21"
"Incidence";"Brescia";"Lung";"45-59";"Male";"2014";"47.42"
"Incidence";"Brescia";"Lung";"45-59";"Male";"2015";"40.25"
"Incidence";"Brescia";"Lung";"45-59";"Male";"2016";"35.78"
"Incidence";"Brescia";"Lung";"45-59";"Male";"2017";"40.39"
"Incidence";"Brescia";"Lung";"45-59";"Female";"1999";"21.42"
"Incidence";"Brescia";"Lung";"45-59";"Female";"2000";"20.45"
"Incidence";"Brescia";"Lung";"45-59";"Female";"2001";"20.51"
"Incidence";"Brescia";"Lung";"45-59";"Female";"2002";"18.37"
"Incidence";"Brescia";"Lung";"45-59";"Female";"2003";"22.24"
"Incidence";"Brescia";"Lung";"45-59";"Female";"2004";"34.65"
"Incidence";"Brescia";"Lung";"45-59";"Female";"2005";"23.30"
"Incidence";"Brescia";"Lung";"45-59";"Female";"2006";"19.87"
"Incidence";"Brescia";"Lung";"45-59";"Female";"2007";"35.66"
"Incidence";"Brescia";"Lung";"45-59";"Female";"2008";"22.17"
"Incidence";"Brescia";"Lung";"45-59";"Female";"2009";"31.70"
"Incidence";"Brescia";"Lung";"45-59";"Female";"2010";"40.73"
"Incidence";"Brescia";"Lung";"45-59";"Female";"2011";"27.32"
"Incidence";"Brescia";"Lung";"45-59";"Female";"2012";"32.10"
"Incidence";"Brescia";"Lung";"45-59";"Female";"2013";"25.48"
"Incidence";"Brescia";"Lung";"45-59";"Female";"2014";"27.84"
"Incidence";"Brescia";"Lung";"45-59";"Female";"2015";"26.47"
"Incidence";"Brescia";"Lung";"45-59";"Female";"2016";"26.77"
"Incidence";"Brescia";"Lung";"45-59";"Female";"2017";"24.88"
"Mortality";"Siracusa";"Lung";"45-59";"Female";"1999";"16.17"
"Mortality";"Siracusa";"Lung";"45-59";"Female";"2000";"8.05"
"Mortality";"Siracusa";"Lung";"45-59";"Female";"2001";"13.38"
"Mortality";"Siracusa";"Lung";"45-59";"Female";"2002";"8.00"
"Mortality";"Siracusa";"Lung";"45-59";"Female";"2003";"15.84"
"Mortality";"Siracusa";"Lung";"45-59";"Female";"2004";"20.87"
"Mortality";"Siracusa";"Lung";"45-59";"Female";"2005";"20.49"
"Mortality";"Siracusa";"Lung";"45-59";"Female";"2006";"20.19"
"Mortality";"Siracusa";"Lung";"45-59";"Female";"2007";"12.53"
"Mortality";"Siracusa";"Lung";"45-59";"Female";"2008";"22.42"
"Mortality";"Siracusa";"Lung";"45-59";"Female";"2009";"17.25"
"Mortality";"Siracusa";"Lung";"45-59";"Female";"2010";"9.76"
"Mortality";"Siracusa";"Lung";"45-59";"Female";"2011";"24.14"
"Mortality";"Siracusa";"Lung";"45-59";"Female";"2012";"9.57"
"Mortality";"Siracusa";"Lung";"45-59";"Female";"2013";"16.48"
"Mortality";"Siracusa";"Lung";"45-59";"Female";"2014";"25.25"
"Mortality";"Siracusa";"Lung";"45-59";"Female";"2015";"11.36"
"Mortality";"Siracusa";"Lung";"45-59";"Female";"2016";"13.52"
"Mortality";"Siracusa";"Lung";"45-59";"Female";"2017";"24.48"
"Mortality";"Siracusa";"Lung";"45-59";"Male";"1999";"72.43"
"Mortality";"Siracusa";"Lung";"45-59";"Male";"2000";"58.47"
"Mortality";"Siracusa";"Lung";"45-59";"Male";"2001";"50.10"
"Mortality";"Siracusa";"Lung";"45-59";"Male";"2002";"63.84"
"Mortality";"Siracusa";"Lung";"45-59";"Male";"2003";"57.68"
"Mortality";"Siracusa";"Lung";"45-59";"Male";"2004";"40.93"
"Mortality";"Siracusa";"Lung";"45-59";"Male";"2005";"56.32"
"Mortality";"Siracusa";"Lung";"45-59";"Male";"2006";"52.88"
"Mortality";"Siracusa";"Lung";"45-59";"Male";"2007";"60.54"
"Mortality";"Siracusa";"Lung";"45-59";"Male";"2008";"49.98"
"Mortality";"Siracusa";"Lung";"45-59";"Male";"2009";"46.91"
"Mortality";"Siracusa";"Lung";"45-59";"Male";"2010";"41.03"
"Mortality";"Siracusa";"Lung";"45-59";"Male";"2011";"30.38"
"Mortality";"Siracusa";"Lung";"45-59";"Male";"2012";"67.44"
"Mortality";"Siracusa";"Lung";"45-59";"Male";"2013";"46.88"
"Mortality";"Siracusa";"Lung";"45-59";"Male";"2014";"43.01"
"Mortality";"Siracusa";"Lung";"45-59";"Male";"2015";"28.09"
"Mortality";"Siracusa";"Lung";"45-59";"Male";"2016";"32.48"
"Mortality";"Siracusa";"Lung";"45-59";"Male";"2017";"48.04"
"Incidence";"Mantova and Cremona";"Lung";"45-59";"Male";"1999";"65.63"
"Incidence";"Mantova and Cremona";"Lung";"45-59";"Male";"2000";"68.29"
"Incidence";"Mantova and Cremona";"Lung";"45-59";"Male";"2001";"57.55"
"Incidence";"Mantova and Cremona";"Lung";"45-59";"Male";"2002";"70.63"
"Incidence";"Mantova and Cremona";"Lung";"45-59";"Male";"2003";"56.28"
"Incidence";"Mantova and Cremona";"Lung";"45-59";"Male";"2004";"73.93"
"Incidence";"Mantova and Cremona";"Lung";"45-59";"Male";"2005";"72.53"
"Incidence";"Mantova and Cremona";"Lung";"45-59";"Male";"2006";"87.69"
"Incidence";"Mantova and Cremona";"Lung";"45-59";"Male";"2007";"66.38"
"Incidence";"Mantova and Cremona";"Lung";"45-59";"Male";"2008";"69.69"
"Incidence";"Mantova and Cremona";"Lung";"45-59";"Male";"2009";"61.19"
"Incidence";"Mantova and Cremona";"Lung";"45-59";"Male";"2010";"54.02"
"Incidence";"Mantova and Cremona";"Lung";"45-59";"Male";"2011";"49.47"
"Incidence";"Mantova and Cremona";"Lung";"45-59";"Male";"2012";"48.43"
"Incidence";"Mantova and Cremona";"Lung";"45-59";"Male";"2013";"36.77"
"Incidence";"Mantova and Cremona";"Lung";"45-59";"Male";"2014";"40.70"
"Incidence";"Mantova and Cremona";"Lung";"45-59";"Male";"2015";"32.00"
"Incidence";"Mantova and Cremona";"Lung";"45-59";"Male";"2016";"31.61"
"Incidence";"Mantova and Cremona";"Lung";"45-59";"Male";"2017";"41.31"
"Incidence";"Mantova and Cremona";"Lung";"45-59";"Male";"2018";"33.11"
"Incidence";"Mantova and Cremona";"Lung";"45-59";"Male";"2019";"38.17"
"Incidence";"Mantova and Cremona";"Lung";"45-59";"Male";"2020";"36.76"
"Incidence";"Mantova and Cremona";"Lung";"45-59";"Male";"2021";"22.70"
"Incidence";"Siracusa";"Lung";"45-59";"Female";"1999";"10.78"
"Incidence";"Siracusa";"Lung";"45-59";"Female";"2000";"21.45"
"Incidence";"Siracusa";"Lung";"45-59";"Female";"2001";"16.06"
"Incidence";"Siracusa";"Lung";"45-59";"Female";"2002";"18.68"
"Incidence";"Siracusa";"Lung";"45-59";"Female";"2003";"23.76"
"Incidence";"Siracusa";"Lung";"45-59";"Female";"2004";"15.65"
"Incidence";"Siracusa";"Lung";"45-59";"Female";"2005";"15.37"
"Incidence";"Siracusa";"Lung";"45-59";"Female";"2006";"22.71"
"Incidence";"Siracusa";"Lung";"45-59";"Female";"2007";"30.08"
"Incidence";"Siracusa";"Lung";"45-59";"Female";"2008";"22.42"
"Incidence";"Siracusa";"Lung";"45-59";"Female";"2009";"17.25"
"Incidence";"Siracusa";"Lung";"45-59";"Female";"2010";"31.71"
"Incidence";"Siracusa";"Lung";"45-59";"Female";"2011";"28.97"
"Incidence";"Siracusa";"Lung";"45-59";"Female";"2012";"11.96"
"Incidence";"Siracusa";"Lung";"45-59";"Female";"2013";"28.25"
"Incidence";"Siracusa";"Lung";"45-59";"Female";"2014";"25.25"
"Incidence";"Siracusa";"Lung";"45-59";"Female";"2015";"31.82"
"Incidence";"Siracusa";"Lung";"45-59";"Female";"2016";"31.55"
"Incidence";"Siracusa";"Lung";"45-59";"Female";"2017";"26.70"
"Mortality";"Siracusa";"Lung";"60-74";"Female";"1999";"13.38"
"Mortality";"Siracusa";"Lung";"60-74";"Female";"2000";"33.32"
"Mortality";"Siracusa";"Lung";"60-74";"Female";"2001";"22.96"
"Mortality";"Siracusa";"Lung";"60-74";"Female";"2002";"35.81"
"Mortality";"Siracusa";"Lung";"60-74";"Female";"2003";"12.92"
"Mortality";"Siracusa";"Lung";"60-74";"Female";"2004";"38.91"
"Mortality";"Siracusa";"Lung";"60-74";"Female";"2005";"38.94"
"Mortality";"Siracusa";"Lung";"60-74";"Female";"2006";"45.01"
"Mortality";"Siracusa";"Lung";"60-74";"Female";"2007";"37.98"
"Mortality";"Siracusa";"Lung";"60-74";"Female";"2008";"40.17"
"Mortality";"Siracusa";"Lung";"60-74";"Female";"2009";"51.58"
"Mortality";"Siracusa";"Lung";"60-74";"Female";"2010";"39.06"
"Mortality";"Siracusa";"Lung";"60-74";"Female";"2011";"38.53"
"Mortality";"Siracusa";"Lung";"60-74";"Female";"2012";"46.98"
"Mortality";"Siracusa";"Lung";"60-74";"Female";"2013";"55.38"
"Mortality";"Siracusa";"Lung";"60-74";"Female";"2014";"51.74"
"Mortality";"Siracusa";"Lung";"60-74";"Female";"2015";"59.73"
"Mortality";"Siracusa";"Lung";"60-74";"Female";"2016";"28.25"
"Mortality";"Siracusa";"Lung";"60-74";"Female";"2017";"53.18"
"Incidence";"Siracusa";"Lung";"60-74";"Female";"1999";"26.75"
"Incidence";"Siracusa";"Lung";"60-74";"Female";"2000";"39.98"
"Incidence";"Siracusa";"Lung";"60-74";"Female";"2001";"32.80"
"Incidence";"Siracusa";"Lung";"60-74";"Female";"2002";"35.81"
"Incidence";"Siracusa";"Lung";"60-74";"Female";"2003";"25.85"
"Incidence";"Siracusa";"Lung";"60-74";"Female";"2004";"42.15"
"Incidence";"Siracusa";"Lung";"60-74";"Female";"2005";"48.67"
"Incidence";"Siracusa";"Lung";"60-74";"Female";"2006";"48.22"
"Incidence";"Siracusa";"Lung";"60-74";"Female";"2007";"15.82"
"Incidence";"Siracusa";"Lung";"60-74";"Female";"2008";"71.07"
"Incidence";"Siracusa";"Lung";"60-74";"Female";"2009";"60.68"
"Incidence";"Siracusa";"Lung";"60-74";"Female";"2010";"54.09"
"Incidence";"Siracusa";"Lung";"60-74";"Female";"2011";"53.34"
"Incidence";"Siracusa";"Lung";"60-74";"Female";"2012";"64.60"
"Incidence";"Siracusa";"Lung";"60-74";"Female";"2013";"55.38"
"Incidence";"Siracusa";"Lung";"60-74";"Female";"2014";"71.86"
"Incidence";"Siracusa";"Lung";"60-74";"Female";"2015";"68.27"
"Incidence";"Siracusa";"Lung";"60-74";"Female";"2016";"53.68"
"Incidence";"Siracusa";"Lung";"60-74";"Female";"2017";"89.57"
"Mortality";"Siracusa";"Lung";"60-74";"Male";"1999";"184.38"
"Mortality";"Siracusa";"Lung";"60-74";"Male";"2000";"269.26"
"Mortality";"Siracusa";"Lung";"60-74";"Male";"2001";"253.86"
"Mortality";"Siracusa";"Lung";"60-74";"Male";"2002";"242.17"
"Mortality";"Siracusa";"Lung";"60-74";"Male";"2003";"211.34"
"Mortality";"Siracusa";"Lung";"60-74";"Male";"2004";"302.18"
"Mortality";"Siracusa";"Lung";"60-74";"Male";"2005";"250.16"
"Mortality";"Siracusa";"Lung";"60-74";"Male";"2006";"287.33"
"Mortality";"Siracusa";"Lung";"60-74";"Male";"2007";"274.36"
"Mortality";"Siracusa";"Lung";"60-74";"Male";"2008";"177.13"
"Mortality";"Siracusa";"Lung";"60-74";"Male";"2009";"269.73"
"Mortality";"Siracusa";"Lung";"60-74";"Male";"2010";"230.23"
"Mortality";"Siracusa";"Lung";"60-74";"Male";"2011";"224.47"
"Mortality";"Siracusa";"Lung";"60-74";"Male";"2012";"251.36"
"Mortality";"Siracusa";"Lung";"60-74";"Male";"2013";"182.73"
"Mortality";"Siracusa";"Lung";"60-74";"Male";"2014";"213.85"
"Mortality";"Siracusa";"Lung";"60-74";"Male";"2015";"233.49"
"Mortality";"Siracusa";"Lung";"60-74";"Male";"2016";"231.77"
"Mortality";"Siracusa";"Lung";"60-74";"Male";"2017";"183.47"
"Incidence";"Brescia";"Lung";"60-74";"Female";"1999";"68.62"
"Incidence";"Brescia";"Lung";"60-74";"Female";"2000";"64.01"
"Incidence";"Brescia";"Lung";"60-74";"Female";"2001";"74.68"
"Incidence";"Brescia";"Lung";"60-74";"Female";"2002";"69.41"
"Incidence";"Brescia";"Lung";"60-74";"Female";"2003";"50.59"
"Incidence";"Brescia";"Lung";"60-74";"Female";"2004";"70.95"
"Incidence";"Brescia";"Lung";"60-74";"Female";"2005";"75.29"
"Incidence";"Brescia";"Lung";"60-74";"Female";"2006";"66.62"
"Incidence";"Brescia";"Lung";"60-74";"Female";"2007";"73.43"
"Incidence";"Brescia";"Lung";"60-74";"Female";"2008";"77.86"
"Incidence";"Brescia";"Lung";"60-74";"Female";"2009";"74.18"
"Incidence";"Brescia";"Lung";"60-74";"Female";"2010";"99.08"
"Incidence";"Brescia";"Lung";"60-74";"Female";"2011";"65.64"
"Incidence";"Brescia";"Lung";"60-74";"Female";"2012";"77.35"
"Incidence";"Brescia";"Lung";"60-74";"Female";"2013";"106.02"
"Incidence";"Brescia";"Lung";"60-74";"Female";"2014";"89.74"
"Incidence";"Brescia";"Lung";"60-74";"Female";"2015";"98.91"
"Incidence";"Brescia";"Lung";"60-74";"Female";"2016";"88.41"
"Incidence";"Brescia";"Lung";"60-74";"Female";"2017";"88.71"
"Incidence";"Siracusa";"Lung";"60-74";"Male";"1999";"316.09"
"Incidence";"Siracusa";"Lung";"60-74";"Male";"2000";"321.62"
"Incidence";"Siracusa";"Lung";"60-74";"Male";"2001";"301.69"
"Incidence";"Siracusa";"Lung";"60-74";"Male";"2002";"297.20"
"Incidence";"Siracusa";"Lung";"60-74";"Male";"2003";"349.80"
"Incidence";"Siracusa";"Lung";"60-74";"Male";"2004";"287.62"
"Incidence";"Siracusa";"Lung";"60-74";"Male";"2005";"300.92"
"Incidence";"Siracusa";"Lung";"60-74";"Male";"2006";"319.65"
"Incidence";"Siracusa";"Lung";"60-74";"Male";"2007";"281.39"
"Incidence";"Siracusa";"Lung";"60-74";"Male";"2008";"303.16"
"Incidence";"Siracusa";"Lung";"60-74";"Male";"2009";"289.71"
"Incidence";"Siracusa";"Lung";"60-74";"Male";"2010";"282.86"
"Incidence";"Siracusa";"Lung";"60-74";"Male";"2011";"257.00"
"Incidence";"Siracusa";"Lung";"60-74";"Male";"2012";"296.48"
"Incidence";"Siracusa";"Lung";"60-74";"Male";"2013";"269.28"
"Incidence";"Siracusa";"Lung";"60-74";"Male";"2014";"276.75"
"Incidence";"Siracusa";"Lung";"60-74";"Male";"2015";"289.53"
"Incidence";"Siracusa";"Lung";"60-74";"Male";"2016";"259.58"
"Incidence";"Siracusa";"Lung";"60-74";"Male";"2017";"266.03"
"Incidence";"Brescia";"Lung";"60-74";"Male";"1999";"441.06"
"Incidence";"Brescia";"Lung";"60-74";"Male";"2000";"444.98"
"Incidence";"Brescia";"Lung";"60-74";"Male";"2001";"415.06"
"Incidence";"Brescia";"Lung";"60-74";"Male";"2002";"415.99"
"Incidence";"Brescia";"Lung";"60-74";"Male";"2003";"446.45"
"Incidence";"Brescia";"Lung";"60-74";"Male";"2004";"333.88"
"Incidence";"Brescia";"Lung";"60-74";"Male";"2005";"344.85"
"Incidence";"Brescia";"Lung";"60-74";"Male";"2006";"385.07"
"Incidence";"Brescia";"Lung";"60-74";"Male";"2007";"396.36"
"Incidence";"Brescia";"Lung";"60-74";"Male";"2008";"355.23"
"Incidence";"Brescia";"Lung";"60-74";"Male";"2009";"308.15"
"Incidence";"Brescia";"Lung";"60-74";"Male";"2010";"341.09"
"Incidence";"Brescia";"Lung";"60-74";"Male";"2011";"314.14"
"Incidence";"Brescia";"Lung";"60-74";"Male";"2012";"282.94"
"Incidence";"Brescia";"Lung";"60-74";"Male";"2013";"297.45"
"Incidence";"Brescia";"Lung";"60-74";"Male";"2014";"269.23"
"Incidence";"Brescia";"Lung";"60-74";"Male";"2015";"280.53"
"Incidence";"Brescia";"Lung";"60-74";"Male";"2016";"265.10"
"Incidence";"Brescia";"Lung";"60-74";"Male";"2017";"257.48"
"Incidence";"Mantova and Cremona";"Lung";"60-74";"Female";"1999";"46.94"
"Incidence";"Mantova and Cremona";"Lung";"60-74";"Female";"2000";"52.51"
"Incidence";"Mantova and Cremona";"Lung";"60-74";"Female";"2001";"58.04"
"Incidence";"Mantova and Cremona";"Lung";"60-74";"Female";"2002";"80.67"
"Incidence";"Mantova and Cremona";"Lung";"60-74";"Female";"2003";"75.56"
"Incidence";"Mantova and Cremona";"Lung";"60-74";"Female";"2004";"67.43"
"Incidence";"Mantova and Cremona";"Lung";"60-74";"Female";"2005";"63.76"
"Incidence";"Mantova and Cremona";"Lung";"60-74";"Female";"2006";"66.50"
"Incidence";"Mantova and Cremona";"Lung";"60-74";"Female";"2007";"76.39"
"Incidence";"Mantova and Cremona";"Lung";"60-74";"Female";"2008";"78.55"
"Incidence";"Mantova and Cremona";"Lung";"60-74";"Female";"2009";"77.49"
"Incidence";"Mantova and Cremona";"Lung";"60-74";"Female";"2010";"79.90"
"Incidence";"Mantova and Cremona";"Lung";"60-74";"Female";"2011";"88.48"
"Incidence";"Mantova and Cremona";"Lung";"60-74";"Female";"2012";"85.20"
"Incidence";"Mantova and Cremona";"Lung";"60-74";"Female";"2013";"86.50"
"Incidence";"Mantova and Cremona";"Lung";"60-74";"Female";"2014";"92.79"
"Incidence";"Mantova and Cremona";"Lung";"60-74";"Female";"2015";"100.30"
"Incidence";"Mantova and Cremona";"Lung";"60-74";"Female";"2016";"107.44"
"Incidence";"Mantova and Cremona";"Lung";"60-74";"Female";"2017";"125.71"
"Incidence";"Mantova and Cremona";"Lung";"60-74";"Female";"2018";"111.59"
"Incidence";"Mantova and Cremona";"Lung";"60-74";"Female";"2019";"123.04"
"Incidence";"Mantova and Cremona";"Lung";"60-74";"Female";"2020";"111.49"
"Incidence";"Mantova and Cremona";"Lung";"60-74";"Female";"2021";"106.84"
"Incidence";"Mantova and Cremona";"Lung";"60-74";"Male";"1999";"349.00"
"Incidence";"Mantova and Cremona";"Lung";"60-74";"Male";"2000";"358.05"
"Incidence";"Mantova and Cremona";"Lung";"60-74";"Male";"2001";"358.53"
"Incidence";"Mantova and Cremona";"Lung";"60-74";"Male";"2002";"351.72"
"Incidence";"Mantova and Cremona";"Lung";"60-74";"Male";"2003";"340.06"
"Incidence";"Mantova and Cremona";"Lung";"60-74";"Male";"2004";"320.94"
"Incidence";"Mantova and Cremona";"Lung";"60-74";"Male";"2005";"373.52"
"Incidence";"Mantova and Cremona";"Lung";"60-74";"Male";"2006";"369.92"
"Incidence";"Mantova and Cremona";"Lung";"60-74";"Male";"2007";"333.62"
"Incidence";"Mantova and Cremona";"Lung";"60-74";"Male";"2008";"304.33"
"Incidence";"Mantova and Cremona";"Lung";"60-74";"Male";"2009";"314.78"
"Incidence";"Mantova and Cremona";"Lung";"60-74";"Male";"2010";"302.85"
"Incidence";"Mantova and Cremona";"Lung";"60-74";"Male";"2011";"322.08"
"Incidence";"Mantova and Cremona";"Lung";"60-74";"Male";"2012";"290.80"
"Incidence";"Mantova and Cremona";"Lung";"60-74";"Male";"2013";"296.22"
"Incidence";"Mantova and Cremona";"Lung";"60-74";"Male";"2014";"261.21"
"Incidence";"Mantova and Cremona";"Lung";"60-74";"Male";"2015";"253.32"
"Incidence";"Mantova and Cremona";"Lung";"60-74";"Male";"2016";"251.89"
"Incidence";"Mantova and Cremona";"Lung";"60-74";"Male";"2017";"249.60"
"Incidence";"Mantova and Cremona";"Lung";"60-74";"Male";"2018";"246.60"
"Incidence";"Mantova and Cremona";"Lung";"60-74";"Male";"2019";"227.86"
"Incidence";"Mantova and Cremona";"Lung";"60-74";"Male";"2020";"222.13"
"Incidence";"Mantova and Cremona";"Lung";"60-74";"Male";"2021";"230.13"
"Incidence";"Siracusa";"Lung";"75-85+";"Male";"1999";"317.90"
"Incidence";"Siracusa";"Lung";"75-85+";"Male";"2000";"361.18"
"Incidence";"Siracusa";"Lung";"75-85+";"Male";"2001";"391.50"
"Incidence";"Siracusa";"Lung";"75-85+";"Male";"2002";"307.19"
"Incidence";"Siracusa";"Lung";"75-85+";"Male";"2003";"391.92"
"Incidence";"Siracusa";"Lung";"75-85+";"Male";"2004";"421.30"
"Incidence";"Siracusa";"Lung";"75-85+";"Male";"2005";"383.52"
"Incidence";"Siracusa";"Lung";"75-85+";"Male";"2006";"450.17"
"Incidence";"Siracusa";"Lung";"75-85+";"Male";"2007";"428.40"
"Incidence";"Siracusa";"Lung";"75-85+";"Male";"2008";"319.12"
"Incidence";"Siracusa";"Lung";"75-85+";"Male";"2009";"311.73"
"Incidence";"Siracusa";"Lung";"75-85+";"Male";"2010";"380.94"
"Incidence";"Siracusa";"Lung";"75-85+";"Male";"2011";"411.98"
"Incidence";"Siracusa";"Lung";"75-85+";"Male";"2012";"527.56"
"Incidence";"Siracusa";"Lung";"75-85+";"Male";"2013";"521.94"
"Incidence";"Siracusa";"Lung";"75-85+";"Male";"2014";"448.31"
"Incidence";"Siracusa";"Lung";"75-85+";"Male";"2015";"416.21"
"Incidence";"Siracusa";"Lung";"75-85+";"Male";"2016";"451.34"
"Incidence";"Siracusa";"Lung";"75-85+";"Male";"2017";"517.25"
"Mortality";"Siracusa";"Lung";"75-85+";"Female";"1999";"27.13"
"Mortality";"Siracusa";"Lung";"75-85+";"Female";"2000";"32.39"
"Mortality";"Siracusa";"Lung";"75-85+";"Female";"2001";"31.28"
"Mortality";"Siracusa";"Lung";"75-85+";"Female";"2002";"42.23"
"Mortality";"Siracusa";"Lung";"75-85+";"Female";"2003";"52.26"
"Mortality";"Siracusa";"Lung";"75-85+";"Female";"2004";"39.60"
"Mortality";"Siracusa";"Lung";"75-85+";"Female";"2005";"87.92"
"Mortality";"Siracusa";"Lung";"75-85+";"Female";"2006";"74.75"
"Mortality";"Siracusa";"Lung";"75-85+";"Female";"2007";"72.66"
"Mortality";"Siracusa";"Lung";"75-85+";"Female";"2008";"81.65"
"Mortality";"Siracusa";"Lung";"75-85+";"Female";"2009";"60.21"
"Mortality";"Siracusa";"Lung";"75-85+";"Female";"2010";"53.88"
"Mortality";"Siracusa";"Lung";"75-85+";"Female";"2011";"38.34"
"Mortality";"Siracusa";"Lung";"75-85+";"Female";"2012";"82.02"
"Mortality";"Siracusa";"Lung";"75-85+";"Female";"2013";"91.58"
"Mortality";"Siracusa";"Lung";"75-85+";"Female";"2014";"101.76"
"Mortality";"Siracusa";"Lung";"75-85+";"Female";"2015";"67.76"
"Mortality";"Siracusa";"Lung";"75-85+";"Female";"2016";"74.87"
"Mortality";"Siracusa";"Lung";"75-85+";"Female";"2017";"78.14"
"Incidence";"Siracusa";"Lung";"75-85+";"Female";"1999";"13.56"
"Incidence";"Siracusa";"Lung";"75-85+";"Female";"2000";"38.87"
"Incidence";"Siracusa";"Lung";"75-85+";"Female";"2001";"37.54"
"Incidence";"Siracusa";"Lung";"75-85+";"Female";"2002";"36.20"
"Incidence";"Siracusa";"Lung";"75-85+";"Female";"2003";"34.84"
"Incidence";"Siracusa";"Lung";"75-85+";"Female";"2004";"50.91"
"Incidence";"Siracusa";"Lung";"75-85+";"Female";"2005";"82.43"
"Incidence";"Siracusa";"Lung";"75-85+";"Female";"2006";"58.74"
"Incidence";"Siracusa";"Lung";"75-85+";"Female";"2007";"72.66"
"Incidence";"Siracusa";"Lung";"75-85+";"Female";"2008";"45.93"
"Incidence";"Siracusa";"Lung";"75-85+";"Female";"2009";"65.23"
"Incidence";"Siracusa";"Lung";"75-85+";"Female";"2010";"53.88"
"Incidence";"Siracusa";"Lung";"75-85+";"Female";"2011";"86.27"
"Incidence";"Siracusa";"Lung";"75-85+";"Female";"2012";"82.02"
"Incidence";"Siracusa";"Lung";"75-85+";"Female";"2013";"72.30"
"Incidence";"Siracusa";"Lung";"75-85+";"Female";"2014";"87.88"
"Incidence";"Siracusa";"Lung";"75-85+";"Female";"2015";"49.69"
"Incidence";"Siracusa";"Lung";"75-85+";"Female";"2016";"88.08"
"Incidence";"Siracusa";"Lung";"75-85+";"Female";"2017";"91.17"
"Mortality";"Siracusa";"Lung";"75-85+";"Male";"1999";"238.43"
"Mortality";"Siracusa";"Lung";"75-85+";"Male";"2000";"256.63"
"Mortality";"Siracusa";"Lung";"75-85+";"Male";"2001";"512.68"
"Mortality";"Siracusa";"Lung";"75-85+";"Male";"2002";"415.61"
"Mortality";"Siracusa";"Lung";"75-85+";"Male";"2003";"357.08"
"Mortality";"Siracusa";"Lung";"75-85+";"Male";"2004";"303.34"
"Mortality";"Siracusa";"Lung";"75-85+";"Male";"2005";"456.96"
"Mortality";"Siracusa";"Lung";"75-85+";"Male";"2006";"426.47"
"Mortality";"Siracusa";"Lung";"75-85+";"Male";"2007";"428.40"
"Mortality";"Siracusa";"Lung";"75-85+";"Male";"2008";"433.10"
"Mortality";"Siracusa";"Lung";"75-85+";"Male";"2009";"274.62"
"Mortality";"Siracusa";"Lung";"75-85+";"Male";"2010";"488.75"
"Mortality";"Siracusa";"Lung";"75-85+";"Male";"2011";"418.97"
"Mortality";"Siracusa";"Lung";"75-85+";"Male";"2012";"548.38"
"Mortality";"Siracusa";"Lung";"75-85+";"Male";"2013";"405.19"
"Mortality";"Siracusa";"Lung";"75-85+";"Male";"2014";"474.68"
"Mortality";"Siracusa";"Lung";"75-85+";"Male";"2015";"499.46"
"Mortality";"Siracusa";"Lung";"75-85+";"Male";"2016";"519.35"
"Mortality";"Siracusa";"Lung";"75-85+";"Male";"2017";"505.08"
"Incidence";"Brescia";"Lung";"75-85+";"Male";"1999";"651.62"
"Incidence";"Brescia";"Lung";"75-85+";"Male";"2000";"575.77"
"Incidence";"Brescia";"Lung";"75-85+";"Male";"2001";"660.33"
"Incidence";"Brescia";"Lung";"75-85+";"Male";"2002";"637.21"
"Incidence";"Brescia";"Lung";"75-85+";"Male";"2003";"655.07"
"Incidence";"Brescia";"Lung";"75-85+";"Male";"2004";"680.35"
"Incidence";"Brescia";"Lung";"75-85+";"Male";"2005";"598.43"
"Incidence";"Brescia";"Lung";"75-85+";"Male";"2006";"630.18"
"Incidence";"Brescia";"Lung";"75-85+";"Male";"2007";"680.41"
"Incidence";"Brescia";"Lung";"75-85+";"Male";"2008";"607.42"
"Incidence";"Brescia";"Lung";"75-85+";"Male";"2009";"645.34"
"Incidence";"Brescia";"Lung";"75-85+";"Male";"2010";"586.11"
"Incidence";"Brescia";"Lung";"75-85+";"Male";"2011";"595.22"
"Incidence";"Brescia";"Lung";"75-85+";"Male";"2012";"506.32"
"Incidence";"Brescia";"Lung";"75-85+";"Male";"2013";"516.92"
"Incidence";"Brescia";"Lung";"75-85+";"Male";"2014";"506.01"
"Incidence";"Brescia";"Lung";"75-85+";"Male";"2015";"542.75"
"Incidence";"Brescia";"Lung";"75-85+";"Male";"2016";"530.02"
"Incidence";"Brescia";"Lung";"75-85+";"Male";"2017";"450.41"
"Incidence";"Mantova and Cremona";"Lung";"75-85+";"Male";"1999";"491.82"
"Incidence";"Mantova and Cremona";"Lung";"75-85+";"Male";"2000";"551.39"
"Incidence";"Mantova and Cremona";"Lung";"75-85+";"Male";"2001";"404.12"
"Incidence";"Mantova and Cremona";"Lung";"75-85+";"Male";"2002";"619.93"
"Incidence";"Mantova and Cremona";"Lung";"75-85+";"Male";"2003";"683.13"
"Incidence";"Mantova and Cremona";"Lung";"75-85+";"Male";"2004";"601.53"
"Incidence";"Mantova and Cremona";"Lung";"75-85+";"Male";"2005";"631.73"
"Incidence";"Mantova and Cremona";"Lung";"75-85+";"Male";"2006";"659.21"
"Incidence";"Mantova and Cremona";"Lung";"75-85+";"Male";"2007";"688.10"
"Incidence";"Mantova and Cremona";"Lung";"75-85+";"Male";"2008";"600.27"
"Incidence";"Mantova and Cremona";"Lung";"75-85+";"Male";"2009";"630.16"
"Incidence";"Mantova and Cremona";"Lung";"75-85+";"Male";"2010";"613.10"
"Incidence";"Mantova and Cremona";"Lung";"75-85+";"Male";"2011";"703.02"
"Incidence";"Mantova and Cremona";"Lung";"75-85+";"Male";"2012";"557.17"
"Incidence";"Mantova and Cremona";"Lung";"75-85+";"Male";"2013";"604.71"
"Incidence";"Mantova and Cremona";"Lung";"75-85+";"Male";"2014";"464.84"
"Incidence";"Mantova and Cremona";"Lung";"75-85+";"Male";"2015";"427.65"
"Incidence";"Mantova and Cremona";"Lung";"75-85+";"Male";"2016";"509.63"
"Incidence";"Mantova and Cremona";"Lung";"75-85+";"Male";"2017";"448.29"
"Incidence";"Mantova and Cremona";"Lung";"75-85+";"Male";"2018";"507.01"
"Incidence";"Mantova and Cremona";"Lung";"75-85+";"Male";"2019";"450.85"
"Incidence";"Mantova and Cremona";"Lung";"75-85+";"Male";"2020";"413.50"
"Incidence";"Mantova and Cremona";"Lung";"75-85+";"Male";"2021";"435.24"
"Incidence";"Mantova and Cremona";"Lung";"75-85+";"Female";"1999";"73.24"
"Incidence";"Mantova and Cremona";"Lung";"75-85+";"Female";"2000";"96.17"
"Incidence";"Mantova and Cremona";"Lung";"75-85+";"Female";"2001";"81.16"
"Incidence";"Mantova and Cremona";"Lung";"75-85+";"Female";"2002";"118.38"
"Incidence";"Mantova and Cremona";"Lung";"75-85+";"Female";"2003";"107.98"
"Incidence";"Mantova and Cremona";"Lung";"75-85+";"Female";"2004";"114.21"
"Incidence";"Mantova and Cremona";"Lung";"75-85+";"Female";"2005";"125.03"
"Incidence";"Mantova and Cremona";"Lung";"75-85+";"Female";"2006";"127.93"
"Incidence";"Mantova and Cremona";"Lung";"75-85+";"Female";"2007";"109.55"
"Incidence";"Mantova and Cremona";"Lung";"75-85+";"Female";"2008";"151.20"
"Incidence";"Mantova and Cremona";"Lung";"75-85+";"Female";"2009";"113.78"
"Incidence";"Mantova and Cremona";"Lung";"75-85+";"Female";"2010";"141.92"
"Incidence";"Mantova and Cremona";"Lung";"75-85+";"Female";"2011";"132.63"
"Incidence";"Mantova and Cremona";"Lung";"75-85+";"Female";"2012";"117.25"
"Incidence";"Mantova and Cremona";"Lung";"75-85+";"Female";"2013";"132.46"
"Incidence";"Mantova and Cremona";"Lung";"75-85+";"Female";"2014";"123.25"
"Incidence";"Mantova and Cremona";"Lung";"75-85+";"Female";"2015";"152.34"
"Incidence";"Mantova and Cremona";"Lung";"75-85+";"Female";"2016";"121.99"
"Incidence";"Mantova and Cremona";"Lung";"75-85+";"Female";"2017";"136.42"
"Incidence";"Mantova and Cremona";"Lung";"75-85+";"Female";"2018";"121.29"
"Incidence";"Mantova and Cremona";"Lung";"75-85+";"Female";"2019";"148.54"
"Incidence";"Mantova and Cremona";"Lung";"75-85+";"Female";"2020";"155.30"
"Incidence";"Mantova and Cremona";"Lung";"75-85+";"Female";"2021";"106.12"
"Incidence";"Brescia";"Lung";"75-85+";"Female";"1999";"75.11"
"Incidence";"Brescia";"Lung";"75-85+";"Female";"2000";"110.93"
"Incidence";"Brescia";"Lung";"75-85+";"Female";"2001";"102.82"
"Incidence";"Brescia";"Lung";"75-85+";"Female";"2002";"128.86"
"Incidence";"Brescia";"Lung";"75-85+";"Female";"2003";"114.66"
"Incidence";"Brescia";"Lung";"75-85+";"Female";"2004";"109.35"
"Incidence";"Brescia";"Lung";"75-85+";"Female";"2005";"114.42"
"Incidence";"Brescia";"Lung";"75-85+";"Female";"2006";"115.55"
"Incidence";"Brescia";"Lung";"75-85+";"Female";"2007";"130.61"
"Incidence";"Brescia";"Lung";"75-85+";"Female";"2008";"114.18"
"Incidence";"Brescia";"Lung";"75-85+";"Female";"2009";"122.94"
"Incidence";"Brescia";"Lung";"75-85+";"Female";"2010";"150.52"
"Incidence";"Brescia";"Lung";"75-85+";"Female";"2011";"140.12"
"Incidence";"Brescia";"Lung";"75-85+";"Female";"2012";"117.89"
"Incidence";"Brescia";"Lung";"75-85+";"Female";"2013";"122.86"
"Incidence";"Brescia";"Lung";"75-85+";"Female";"2014";"131.65"
"Incidence";"Brescia";"Lung";"75-85+";"Female";"2015";"148.33"
"Incidence";"Brescia";"Lung";"75-85+";"Female";"2016";"164.32"
"Incidence";"Brescia";"Lung";"75-85+";"Female";"2017";"131.78"
"Incidence";"Trapani";"Lung";"0-14";"Female";"2002";"0.00"
"Incidence";"Trapani";"Lung";"0-14";"Female";"2003";"0.00"
"Incidence";"Trapani";"Lung";"0-14";"Female";"2004";"0.00"
"Incidence";"Trapani";"Lung";"0-14";"Female";"2005";"0.00"
"Incidence";"Trapani";"Lung";"0-14";"Female";"2006";"0.00"
"Incidence";"Trapani";"Lung";"0-14";"Female";"2007";"0.00"
"Incidence";"Trapani";"Lung";"0-14";"Female";"2008";"0.00"
"Incidence";"Trapani";"Lung";"0-14";"Female";"2009";"0.00"
"Incidence";"Trapani";"Lung";"0-14";"Female";"2010";"0.00"
"Incidence";"Trapani";"Lung";"0-14";"Female";"2011";"0.00"
"Incidence";"Trapani";"Lung";"0-14";"Female";"2012";"0.00"
"Incidence";"Trapani";"Lung";"0-14";"Female";"2013";"0.00"
"Incidence";"Trapani";"Lung";"0-14";"Female";"2014";"0.00"
"Incidence";"Trapani";"Lung";"0-14";"Female";"2015";"0.00"
"Incidence";"Trapani";"Lung";"0-14";"Female";"2016";"0.00"
"Incidence";"Trapani";"Lung";"0-14";"Female";"2017";"0.00"
"Incidence";"Trapani";"Lung";"0-14";"Female";"2018";"0.00"
"Incidence";"Trapani";"Lung";"0-14";"Female";"2019";"0.00"
"Incidence";"Trapani";"Lung";"0-14";"Male";"2002";"0.00"
"Incidence";"Trapani";"Lung";"0-14";"Male";"2003";"0.00"
"Incidence";"Trapani";"Lung";"0-14";"Male";"2004";"0.00"
"Incidence";"Trapani";"Lung";"0-14";"Male";"2005";"0.00"
"Incidence";"Trapani";"Lung";"0-14";"Male";"2006";"0.00"
"Incidence";"Trapani";"Lung";"0-14";"Male";"2007";"0.00"
"Incidence";"Trapani";"Lung";"0-14";"Male";"2008";"0.00"
"Incidence";"Trapani";"Lung";"0-14";"Male";"2009";"0.00"
"Incidence";"Trapani";"Lung";"0-14";"Male";"2010";"0.00"
"Incidence";"Trapani";"Lung";"0-14";"Male";"2011";"0.00"
"Incidence";"Trapani";"Lung";"0-14";"Male";"2012";"0.00"
"Incidence";"Trapani";"Lung";"0-14";"Male";"2013";"0.00"
"Incidence";"Trapani";"Lung";"0-14";"Male";"2014";"0.00"
"Incidence";"Trapani";"Lung";"0-14";"Male";"2015";"0.00"
"Incidence";"Trapani";"Lung";"0-14";"Male";"2016";"3.37"
"Incidence";"Trapani";"Lung";"0-14";"Male";"2017";"0.00"
"Incidence";"Trapani";"Lung";"0-14";"Male";"2018";"0.00"
"Incidence";"Trapani";"Lung";"0-14";"Male";"2019";"0.00"
"Incidence";"Trapani";"Lung";"15-29";"Male";"2002";"2.31"
"Incidence";"Trapani";"Lung";"15-29";"Male";"2003";"0.00"
"Incidence";"Trapani";"Lung";"15-29";"Male";"2004";"0.00"
"Incidence";"Trapani";"Lung";"15-29";"Male";"2005";"0.00"
"Incidence";"Trapani";"Lung";"15-29";"Male";"2006";"0.00"
"Incidence";"Trapani";"Lung";"15-29";"Male";"2007";"0.00"
"Incidence";"Trapani";"Lung";"15-29";"Male";"2008";"0.00"
"Incidence";"Trapani";"Lung";"15-29";"Male";"2009";"0.00"
"Incidence";"Trapani";"Lung";"15-29";"Male";"2010";"0.00"
"Incidence";"Trapani";"Lung";"15-29";"Male";"2011";"0.00"
"Incidence";"Trapani";"Lung";"15-29";"Male";"2012";"0.00"
"Incidence";"Trapani";"Lung";"15-29";"Male";"2013";"0.00"
"Incidence";"Trapani";"Lung";"15-29";"Male";"2014";"2.59"
"Incidence";"Trapani";"Lung";"15-29";"Male";"2015";"0.00"
"Incidence";"Trapani";"Lung";"15-29";"Male";"2016";"2.54"
"Incidence";"Trapani";"Lung";"15-29";"Male";"2017";"2.54"
"Incidence";"Trapani";"Lung";"15-29";"Male";"2018";"0.00"
"Incidence";"Trapani";"Lung";"15-29";"Male";"2019";"0.00"
"Incidence";"Trapani";"Lung";"15-29";"Female";"2002";"0.00"
"Incidence";"Trapani";"Lung";"15-29";"Female";"2003";"0.00"
"Incidence";"Trapani";"Lung";"15-29";"Female";"2004";"0.00"
"Incidence";"Trapani";"Lung";"15-29";"Female";"2005";"0.00"
"Incidence";"Trapani";"Lung";"15-29";"Female";"2006";"0.00"
"Incidence";"Trapani";"Lung";"15-29";"Female";"2007";"0.00"
"Incidence";"Trapani";"Lung";"15-29";"Female";"2008";"0.00"
"Incidence";"Trapani";"Lung";"15-29";"Female";"2009";"0.00"
"Incidence";"Trapani";"Lung";"15-29";"Female";"2010";"0.00"
"Incidence";"Trapani";"Lung";"15-29";"Female";"2011";"0.00"
"Incidence";"Trapani";"Lung";"15-29";"Female";"2012";"0.00"
"Incidence";"Trapani";"Lung";"15-29";"Female";"2013";"0.00"
"Incidence";"Trapani";"Lung";"15-29";"Female";"2014";"0.00"
"Incidence";"Trapani";"Lung";"15-29";"Female";"2015";"2.74"
"Incidence";"Trapani";"Lung";"15-29";"Female";"2016";"0.00"
"Incidence";"Trapani";"Lung";"15-29";"Female";"2017";"0.00"
"Incidence";"Trapani";"Lung";"15-29";"Female";"2018";"0.00"
"Incidence";"Trapani";"Lung";"15-29";"Female";"2019";"2.91"
"Incidence";"Trapani";"Lung";"30-44";"Female";"2002";"2.14"
"Incidence";"Trapani";"Lung";"30-44";"Female";"2003";"2.13"
"Incidence";"Trapani";"Lung";"30-44";"Female";"2004";"0.00"
"Incidence";"Trapani";"Lung";"30-44";"Female";"2005";"0.00"
"Incidence";"Trapani";"Lung";"30-44";"Female";"2006";"2.08"
"Incidence";"Trapani";"Lung";"30-44";"Female";"2007";"0.00"
"Incidence";"Trapani";"Lung";"30-44";"Female";"2008";"4.17"
"Incidence";"Trapani";"Lung";"30-44";"Female";"2009";"8.39"
"Incidence";"Trapani";"Lung";"30-44";"Female";"2010";"2.12"
"Incidence";"Trapani";"Lung";"30-44";"Female";"2011";"12.85"
"Incidence";"Trapani";"Lung";"30-44";"Female";"2012";"4.34"
"Incidence";"Trapani";"Lung";"30-44";"Female";"2013";"4.41"
"Incidence";"Trapani";"Lung";"30-44";"Female";"2014";"0.00"
"Incidence";"Trapani";"Lung";"30-44";"Female";"2015";"0.00"
"Incidence";"Trapani";"Lung";"30-44";"Female";"2016";"0.00"
"Incidence";"Trapani";"Lung";"30-44";"Female";"2017";"0.00"
"Incidence";"Trapani";"Lung";"30-44";"Female";"2018";"0.00"
"Incidence";"Trapani";"Lung";"30-44";"Female";"2019";"2.58"
"Incidence";"Trapani";"Lung";"30-44";"Male";"2002";"2.27"
"Incidence";"Trapani";"Lung";"30-44";"Male";"2003";"2.24"
"Incidence";"Trapani";"Lung";"30-44";"Male";"2004";"2.22"
"Incidence";"Trapani";"Lung";"30-44";"Male";"2005";"2.19"
"Incidence";"Trapani";"Lung";"30-44";"Male";"2006";"0.00"
"Incidence";"Trapani";"Lung";"30-44";"Male";"2007";"6.51"
"Incidence";"Trapani";"Lung";"30-44";"Male";"2008";"10.86"
"Incidence";"Trapani";"Lung";"30-44";"Male";"2009";"4.36"
"Incidence";"Trapani";"Lung";"30-44";"Male";"2010";"4.40"
"Incidence";"Trapani";"Lung";"30-44";"Male";"2011";"0.00"
"Incidence";"Trapani";"Lung";"30-44";"Male";"2012";"2.20"
"Incidence";"Trapani";"Lung";"30-44";"Male";"2013";"2.24"
"Incidence";"Trapani";"Lung";"30-44";"Male";"2014";"0.00"
"Incidence";"Trapani";"Lung";"30-44";"Male";"2015";"2.31"
"Incidence";"Trapani";"Lung";"30-44";"Male";"2016";"2.34"
"Incidence";"Trapani";"Lung";"30-44";"Male";"2017";"2.39"
"Incidence";"Trapani";"Lung";"30-44";"Male";"2018";"4.90"
"Incidence";"Trapani";"Lung";"30-44";"Male";"2019";"0.00"
"Incidence";"Trapani";"Lung";"45-59";"Female";"2002";"12.63"
"Incidence";"Trapani";"Lung";"45-59";"Female";"2003";"12.56"
"Incidence";"Trapani";"Lung";"45-59";"Female";"2004";"9.92"
"Incidence";"Trapani";"Lung";"45-59";"Female";"2005";"19.54"
"Incidence";"Trapani";"Lung";"45-59";"Female";"2006";"26.36"
"Incidence";"Trapani";"Lung";"45-59";"Female";"2007";"16.61"
"Incidence";"Trapani";"Lung";"45-59";"Female";"2008";"28.02"
"Incidence";"Trapani";"Lung";"45-59";"Female";"2009";"13.87"
"Incidence";"Trapani";"Lung";"45-59";"Female";"2010";"25.08"
"Incidence";"Trapani";"Lung";"45-59";"Female";"2011";"20.24"
"Incidence";"Trapani";"Lung";"45-59";"Female";"2012";"17.70"
"Incidence";"Trapani";"Lung";"45-59";"Female";"2013";"26.23"
"Incidence";"Trapani";"Lung";"45-59";"Female";"2014";"25.82"
"Incidence";"Trapani";"Lung";"45-59";"Female";"2015";"27.61"
"Incidence";"Trapani";"Lung";"45-59";"Female";"2016";"12.64"
"Incidence";"Trapani";"Lung";"45-59";"Female";"2017";"35.56"
"Incidence";"Trapani";"Lung";"45-59";"Female";"2018";"31.24"
"Incidence";"Trapani";"Lung";"45-59";"Female";"2019";"22.77"
"Incidence";"Trapani";"Lung";"45-59";"Male";"2002";"50.59"
"Incidence";"Trapani";"Lung";"45-59";"Male";"2003";"65.95"
"Incidence";"Trapani";"Lung";"45-59";"Male";"2004";"83.22"
"Incidence";"Trapani";"Lung";"45-59";"Male";"2005";"66.71"
"Incidence";"Trapani";"Lung";"45-59";"Male";"2006";"88.13"
"Incidence";"Trapani";"Lung";"45-59";"Male";"2007";"74.86"
"Incidence";"Trapani";"Lung";"45-59";"Male";"2008";"51.76"
"Incidence";"Trapani";"Lung";"45-59";"Male";"2009";"73.23"
"Incidence";"Trapani";"Lung";"45-59";"Male";"2010";"43.29"
"Incidence";"Trapani";"Lung";"45-59";"Male";"2011";"47.52"
"Incidence";"Trapani";"Lung";"45-59";"Male";"2012";"32.86"
"Incidence";"Trapani";"Lung";"45-59";"Male";"2013";"30.00"
"Incidence";"Trapani";"Lung";"45-59";"Male";"2014";"45.42"
"Incidence";"Trapani";"Lung";"45-59";"Male";"2015";"26.84"
"Incidence";"Trapani";"Lung";"45-59";"Male";"2016";"46.60"
"Incidence";"Trapani";"Lung";"45-59";"Male";"2017";"35.29"
"Incidence";"Trapani";"Lung";"45-59";"Male";"2018";"32.87"
"Incidence";"Trapani";"Lung";"45-59";"Male";"2019";"28.33"
"Incidence";"Trapani";"Lung";"60-74";"Female";"2002";"16.89"
"Incidence";"Trapani";"Lung";"60-74";"Female";"2003";"25.16"
"Incidence";"Trapani";"Lung";"60-74";"Female";"2004";"19.61"
"Incidence";"Trapani";"Lung";"60-74";"Female";"2005";"56.10"
"Incidence";"Trapani";"Lung";"60-74";"Female";"2006";"45.28"
"Incidence";"Trapani";"Lung";"60-74";"Female";"2007";"36.27"
"Incidence";"Trapani";"Lung";"60-74";"Female";"2008";"30.20"
"Incidence";"Trapani";"Lung";"60-74";"Female";"2009";"51.46"
"Incidence";"Trapani";"Lung";"60-74";"Female";"2010";"34.63"
"Incidence";"Trapani";"Lung";"60-74";"Female";"2011";"34.30"
"Incidence";"Trapani";"Lung";"60-74";"Female";"2012";"57.67"
"Incidence";"Trapani";"Lung";"60-74";"Female";"2013";"65.34"
"Incidence";"Trapani";"Lung";"60-74";"Female";"2014";"47.26"
"Incidence";"Trapani";"Lung";"60-74";"Female";"2015";"57.78"
"Incidence";"Trapani";"Lung";"60-74";"Female";"2016";"70.95"
"Incidence";"Trapani";"Lung";"60-74";"Female";"2017";"67.50"
"Incidence";"Trapani";"Lung";"60-74";"Female";"2018";"59.42"
"Incidence";"Trapani";"Lung";"60-74";"Female";"2019";"84.78"
"Incidence";"Trapani";"Lung";"60-74";"Male";"2002";"277.39"
"Incidence";"Trapani";"Lung";"60-74";"Male";"2003";"249.72"
"Incidence";"Trapani";"Lung";"60-74";"Male";"2004";"239.23"
"Incidence";"Trapani";"Lung";"60-74";"Male";"2005";"253.41"
"Incidence";"Trapani";"Lung";"60-74";"Male";"2006";"263.40"
"Incidence";"Trapani";"Lung";"60-74";"Male";"2007";"262.39"
"Incidence";"Trapani";"Lung";"60-74";"Male";"2008";"272.05"
"Incidence";"Trapani";"Lung";"60-74";"Male";"2009";"312.34"
"Incidence";"Trapani";"Lung";"60-74";"Male";"2010";"292.56"
"Incidence";"Trapani";"Lung";"60-74";"Male";"2011";"334.81"
"Incidence";"Trapani";"Lung";"60-74";"Male";"2012";"282.75"
"Incidence";"Trapani";"Lung";"60-74";"Male";"2013";"238.49"
"Incidence";"Trapani";"Lung";"60-74";"Male";"2014";"212.84"
"Incidence";"Trapani";"Lung";"60-74";"Male";"2015";"246.84"
"Incidence";"Trapani";"Lung";"60-74";"Male";"2016";"246.50"
"Incidence";"Trapani";"Lung";"60-74";"Male";"2017";"275.00"
"Incidence";"Trapani";"Lung";"60-74";"Male";"2018";"188.47"
"Incidence";"Trapani";"Lung";"60-74";"Male";"2019";"240.37"
"Incidence";"Trapani";"Lung";"75-85+";"Male";"2002";"343.77"
"Incidence";"Trapani";"Lung";"75-85+";"Male";"2003";"384.21"
"Incidence";"Trapani";"Lung";"75-85+";"Male";"2004";"360.52"
"Incidence";"Trapani";"Lung";"75-85+";"Male";"2005";"323.90"
"Incidence";"Trapani";"Lung";"75-85+";"Male";"2006";"350.77"
"Incidence";"Trapani";"Lung";"75-85+";"Male";"2007";"397.37"
"Incidence";"Trapani";"Lung";"75-85+";"Male";"2008";"414.10"
"Incidence";"Trapani";"Lung";"75-85+";"Male";"2009";"464.34"
"Incidence";"Trapani";"Lung";"75-85+";"Male";"2010";"429.43"
"Incidence";"Trapani";"Lung";"75-85+";"Male";"2011";"471.91"
"Incidence";"Trapani";"Lung";"75-85+";"Male";"2012";"429.40"
"Incidence";"Trapani";"Lung";"75-85+";"Male";"2013";"446.75"
"Incidence";"Trapani";"Lung";"75-85+";"Male";"2014";"369.08"
"Incidence";"Trapani";"Lung";"75-85+";"Male";"2015";"374.02"
"Incidence";"Trapani";"Lung";"75-85+";"Male";"2016";"385.76"
"Incidence";"Trapani";"Lung";"75-85+";"Male";"2017";"361.34"
"Incidence";"Trapani";"Lung";"75-85+";"Male";"2018";"419.70"
"Incidence";"Trapani";"Lung";"75-85+";"Male";"2019";"347.72"
"Incidence";"Trapani";"Lung";"75-85+";"Female";"2002";"52.38"
"Incidence";"Trapani";"Lung";"75-85+";"Female";"2003";"55.50"
"Incidence";"Trapani";"Lung";"75-85+";"Female";"2004";"76.44"
"Incidence";"Trapani";"Lung";"75-85+";"Female";"2005";"26.10"
"Incidence";"Trapani";"Lung";"75-85+";"Female";"2006";"41.97"
"Incidence";"Trapani";"Lung";"75-85+";"Female";"2007";"61.50"
"Incidence";"Trapani";"Lung";"75-85+";"Female";"2008";"56.48"
"Incidence";"Trapani";"Lung";"75-85+";"Female";"2009";"59.09"
"Incidence";"Trapani";"Lung";"75-85+";"Female";"2010";"46.54"
"Incidence";"Trapani";"Lung";"75-85+";"Female";"2011";"53.11"
"Incidence";"Trapani";"Lung";"75-85+";"Female";"2012";"59.77"
"Incidence";"Trapani";"Lung";"75-85+";"Female";"2013";"70.15"
"Incidence";"Trapani";"Lung";"75-85+";"Female";"2014";"76.56"
"Incidence";"Trapani";"Lung";"75-85+";"Female";"2015";"53.68"
"Incidence";"Trapani";"Lung";"75-85+";"Female";"2016";"53.11"
"Incidence";"Trapani";"Lung";"75-85+";"Female";"2017";"59.87"
"Incidence";"Trapani";"Lung";"75-85+";"Female";"2018";"49.09"
"Incidence";"Trapani";"Lung";"75-85+";"Female";"2019";"45.29"
"Incidence";"Pavia";"Lung";"0-14";"Male";"2003";"0.00"
"Incidence";"Pavia";"Lung";"0-14";"Male";"2004";"0.00"
"Incidence";"Pavia";"Lung";"0-14";"Male";"2005";"0.00"
"Incidence";"Pavia";"Lung";"0-14";"Male";"2006";"0.00"
"Incidence";"Pavia";"Lung";"0-14";"Male";"2007";"0.00"
"Incidence";"Pavia";"Lung";"0-14";"Male";"2008";"0.00"
"Incidence";"Pavia";"Lung";"0-14";"Male";"2009";"0.00"
"Incidence";"Pavia";"Lung";"0-14";"Male";"2010";"0.00"
"Incidence";"Pavia";"Lung";"0-14";"Male";"2011";"0.00"
"Incidence";"Pavia";"Lung";"0-14";"Male";"2012";"0.00"
"Incidence";"Pavia";"Lung";"0-14";"Male";"2013";"0.00"
"Incidence";"Pavia";"Lung";"0-14";"Male";"2014";"0.00"
"Incidence";"Pavia";"Lung";"0-14";"Male";"2015";"0.00"
"Incidence";"Pavia";"Lung";"0-14";"Male";"2016";"0.00"
"Incidence";"Pavia";"Lung";"0-14";"Male";"2017";"0.00"
"Incidence";"Nuoro";"Lung";"0-14";"Female";"2003";"0.00"
"Incidence";"Nuoro";"Lung";"0-14";"Female";"2004";"0.00"
"Incidence";"Nuoro";"Lung";"0-14";"Female";"2005";"0.00"
"Incidence";"Nuoro";"Lung";"0-14";"Female";"2006";"0.00"
"Incidence";"Nuoro";"Lung";"0-14";"Female";"2007";"0.00"
"Incidence";"Nuoro";"Lung";"0-14";"Female";"2008";"0.00"
"Incidence";"Nuoro";"Lung";"0-14";"Female";"2009";"0.00"
"Incidence";"Nuoro";"Lung";"0-14";"Female";"2010";"0.00"
"Incidence";"Nuoro";"Lung";"0-14";"Female";"2011";"0.00"
"Incidence";"Nuoro";"Lung";"0-14";"Female";"2012";"0.00"
"Incidence";"Nuoro";"Lung";"0-14";"Female";"2013";"0.00"
"Incidence";"Nuoro";"Lung";"0-14";"Female";"2014";"0.00"
"Incidence";"Nuoro";"Lung";"0-14";"Female";"2015";"0.00"
"Incidence";"Insubria-Como";"Lung";"0-14";"Male";"2003";"0.00"
"Incidence";"Insubria-Como";"Lung";"0-14";"Male";"2004";"0.00"
"Incidence";"Insubria-Como";"Lung";"0-14";"Male";"2005";"0.00"
"Incidence";"Insubria-Como";"Lung";"0-14";"Male";"2006";"0.00"
"Incidence";"Insubria-Como";"Lung";"0-14";"Male";"2007";"0.00"
"Incidence";"Insubria-Como";"Lung";"0-14";"Male";"2008";"0.00"
"Incidence";"Insubria-Como";"Lung";"0-14";"Male";"2009";"0.00"
"Incidence";"Insubria-Como";"Lung";"0-14";"Male";"2010";"0.00"
"Incidence";"Insubria-Como";"Lung";"0-14";"Male";"2011";"0.00"
"Incidence";"Insubria-Como";"Lung";"0-14";"Male";"2012";"0.00"
"Incidence";"Insubria-Como";"Lung";"0-14";"Male";"2013";"0.00"
"Incidence";"Insubria-Como";"Lung";"0-14";"Male";"2014";"0.00"
"Incidence";"Insubria-Como";"Lung";"0-14";"Male";"2015";"0.00"
"Incidence";"Catania-Messina-Enna";"Lung";"0-14";"Male";"2003";"0.00"
"Incidence";"Catania-Messina-Enna";"Lung";"0-14";"Male";"2004";"0.00"
"Incidence";"Catania-Messina-Enna";"Lung";"0-14";"Male";"2005";"0.00"
"Incidence";"Catania-Messina-Enna";"Lung";"0-14";"Male";"2006";"0.00"
"Incidence";"Catania-Messina-Enna";"Lung";"0-14";"Male";"2007";"0.00"
"Incidence";"Catania-Messina-Enna";"Lung";"0-14";"Male";"2008";"0.00"
"Incidence";"Catania-Messina-Enna";"Lung";"0-14";"Male";"2009";"0.00"
"Incidence";"Catania-Messina-Enna";"Lung";"0-14";"Male";"2010";"0.00"
"Incidence";"Catania-Messina-Enna";"Lung";"0-14";"Male";"2011";"0.00"
"Incidence";"Catania-Messina-Enna";"Lung";"0-14";"Male";"2012";"0.00"
"Incidence";"Catania-Messina-Enna";"Lung";"0-14";"Male";"2013";"0.00"
"Incidence";"Catania-Messina-Enna";"Lung";"0-14";"Male";"2014";"0.00"
"Incidence";"Catania-Messina-Enna";"Lung";"0-14";"Male";"2015";"0.00"
"Incidence";"Catania-Messina-Enna";"Lung";"0-14";"Male";"2016";"0.00"
"Incidence";"Catania-Messina-Enna";"Lung";"0-14";"Male";"2017";"0.00"
"Mortality";"Pavia";"Lung";"0-14";"Male";"2003";"0.00"
"Mortality";"Pavia";"Lung";"0-14";"Male";"2004";"0.00"
"Mortality";"Pavia";"Lung";"0-14";"Male";"2005";"0.00"
"Mortality";"Pavia";"Lung";"0-14";"Male";"2006";"0.00"
"Mortality";"Pavia";"Lung";"0-14";"Male";"2007";"0.00"
"Mortality";"Pavia";"Lung";"0-14";"Male";"2008";"0.00"
"Mortality";"Pavia";"Lung";"0-14";"Male";"2009";"0.00"
"Mortality";"Pavia";"Lung";"0-14";"Male";"2010";"0.00"
"Mortality";"Pavia";"Lung";"0-14";"Male";"2011";"0.00"
"Mortality";"Pavia";"Lung";"0-14";"Male";"2012";"0.00"
"Mortality";"Pavia";"Lung";"0-14";"Male";"2013";"0.00"
"Mortality";"Pavia";"Lung";"0-14";"Male";"2014";"0.00"
"Mortality";"Pavia";"Lung";"0-14";"Male";"2015";"0.00"
"Mortality";"Pavia";"Lung";"0-14";"Male";"2016";"0.00"
"Mortality";"Pavia";"Lung";"0-14";"Male";"2017";"0.00"
"Mortality";"Catania-Messina-Enna";"Lung";"0-14";"Male";"2003";"0.00"
"Mortality";"Catania-Messina-Enna";"Lung";"0-14";"Male";"2004";"0.00"
"Mortality";"Catania-Messina-Enna";"Lung";"0-14";"Male";"2005";"0.00"
"Mortality";"Catania-Messina-Enna";"Lung";"0-14";"Male";"2006";"0.00"
"Mortality";"Catania-Messina-Enna";"Lung";"0-14";"Male";"2007";"0.00"
"Mortality";"Catania-Messina-Enna";"Lung";"0-14";"Male";"2008";"0.00"
"Mortality";"Catania-Messina-Enna";"Lung";"0-14";"Male";"2009";"0.00"
"Mortality";"Catania-Messina-Enna";"Lung";"0-14";"Male";"2010";"0.68"
"Mortality";"Catania-Messina-Enna";"Lung";"0-14";"Male";"2011";"0.00"
"Mortality";"Catania-Messina-Enna";"Lung";"0-14";"Male";"2012";"0.00"
"Mortality";"Catania-Messina-Enna";"Lung";"0-14";"Male";"2013";"0.00"
"Mortality";"Catania-Messina-Enna";"Lung";"0-14";"Male";"2014";"1.39"
"Mortality";"Catania-Messina-Enna";"Lung";"0-14";"Male";"2015";"0.00"
"Mortality";"Catania-Messina-Enna";"Lung";"0-14";"Male";"2016";"0.00"
"Mortality";"Catania-Messina-Enna";"Lung";"0-14";"Male";"2017";"0.00"
"Mortality";"Catania-Messina-Enna";"Lung";"0-14";"Female";"2003";"0.00"
"Mortality";"Catania-Messina-Enna";"Lung";"0-14";"Female";"2004";"0.00"
"Mortality";"Catania-Messina-Enna";"Lung";"0-14";"Female";"2005";"0.67"
"Mortality";"Catania-Messina-Enna";"Lung";"0-14";"Female";"2006";"0.00"
"Mortality";"Catania-Messina-Enna";"Lung";"0-14";"Female";"2007";"0.00"
"Mortality";"Catania-Messina-Enna";"Lung";"0-14";"Female";"2008";"0.00"
"Mortality";"Catania-Messina-Enna";"Lung";"0-14";"Female";"2009";"0.00"
"Mortality";"Catania-Messina-Enna";"Lung";"0-14";"Female";"2010";"0.00"
"Mortality";"Catania-Messina-Enna";"Lung";"0-14";"Female";"2011";"0.00"
"Mortality";"Catania-Messina-Enna";"Lung";"0-14";"Female";"2012";"0.00"
"Mortality";"Catania-Messina-Enna";"Lung";"0-14";"Female";"2013";"0.00"
"Mortality";"Catania-Messina-Enna";"Lung";"0-14";"Female";"2014";"0.00"
"Mortality";"Catania-Messina-Enna";"Lung";"0-14";"Female";"2015";"0.00"
"Mortality";"Catania-Messina-Enna";"Lung";"0-14";"Female";"2016";"0.00"
"Mortality";"Catania-Messina-Enna";"Lung";"0-14";"Female";"2017";"0.00"
"Incidence";"Catanzaro";"Lung";"0-14";"Female";"2003";"0.00"
"Incidence";"Catanzaro";"Lung";"0-14";"Female";"2004";"0.00"
"Incidence";"Catanzaro";"Lung";"0-14";"Female";"2005";"0.00"
"Incidence";"Catanzaro";"Lung";"0-14";"Female";"2006";"0.00"
"Incidence";"Catanzaro";"Lung";"0-14";"Female";"2007";"0.00"
"Incidence";"Catanzaro";"Lung";"0-14";"Female";"2008";"0.00"
"Incidence";"Catanzaro";"Lung";"0-14";"Female";"2009";"0.00"
"Incidence";"Catanzaro";"Lung";"0-14";"Female";"2010";"0.00"
"Incidence";"Insubria-Como";"Lung";"0-14";"Female";"2003";"0.00"
"Incidence";"Insubria-Como";"Lung";"0-14";"Female";"2004";"0.00"
"Incidence";"Insubria-Como";"Lung";"0-14";"Female";"2005";"0.00"
"Incidence";"Insubria-Como";"Lung";"0-14";"Female";"2006";"0.00"
"Incidence";"Insubria-Como";"Lung";"0-14";"Female";"2007";"0.00"
"Incidence";"Insubria-Como";"Lung";"0-14";"Female";"2008";"0.00"
"Incidence";"Insubria-Como";"Lung";"0-14";"Female";"2009";"0.00"
"Incidence";"Insubria-Como";"Lung";"0-14";"Female";"2010";"0.00"
"Incidence";"Insubria-Como";"Lung";"0-14";"Female";"2011";"0.00"
"Incidence";"Insubria-Como";"Lung";"0-14";"Female";"2012";"0.00"
"Incidence";"Insubria-Como";"Lung";"0-14";"Female";"2013";"0.00"
"Incidence";"Insubria-Como";"Lung";"0-14";"Female";"2014";"0.00"
"Incidence";"Insubria-Como";"Lung";"0-14";"Female";"2015";"0.00"
"Mortality";"Palermo";"Lung";"0-14";"Female";"2003";"0.96"
"Mortality";"Palermo";"Lung";"0-14";"Female";"2004";"0.00"
"Mortality";"Palermo";"Lung";"0-14";"Female";"2005";"0.00"
"Mortality";"Palermo";"Lung";"0-14";"Female";"2006";"0.00"
"Mortality";"Palermo";"Lung";"0-14";"Female";"2007";"0.00"
"Mortality";"Palermo";"Lung";"0-14";"Female";"2008";"0.00"
"Mortality";"Palermo";"Lung";"0-14";"Female";"2009";"0.00"
"Mortality";"Palermo";"Lung";"0-14";"Female";"2010";"0.00"
"Mortality";"Palermo";"Lung";"0-14";"Female";"2011";"0.00"
"Mortality";"Palermo";"Lung";"0-14";"Female";"2012";"0.00"
"Mortality";"Palermo";"Lung";"0-14";"Female";"2013";"0.00"
"Mortality";"Palermo";"Lung";"0-14";"Female";"2014";"0.00"
"Mortality";"Palermo";"Lung";"0-14";"Female";"2015";"0.00"
"Mortality";"Palermo";"Lung";"0-14";"Female";"2016";"0.00"
"Mortality";"Palermo";"Lung";"0-14";"Female";"2017";"0.00"
"Incidence";"Catanzaro";"Lung";"0-14";"Male";"2003";"0.00"
"Incidence";"Catanzaro";"Lung";"0-14";"Male";"2004";"0.00"
"Incidence";"Catanzaro";"Lung";"0-14";"Male";"2005";"0.00"
"Incidence";"Catanzaro";"Lung";"0-14";"Male";"2006";"0.00"
"Incidence";"Catanzaro";"Lung";"0-14";"Male";"2007";"0.00"
"Incidence";"Catanzaro";"Lung";"0-14";"Male";"2008";"0.00"
"Incidence";"Catanzaro";"Lung";"0-14";"Male";"2009";"0.00"
"Incidence";"Catanzaro";"Lung";"0-14";"Male";"2010";"0.00"
"Mortality";"Palermo";"Lung";"0-14";"Male";"2003";"0.00"
"Mortality";"Palermo";"Lung";"0-14";"Male";"2004";"0.00"
"Mortality";"Palermo";"Lung";"0-14";"Male";"2005";"0.00"
"Mortality";"Palermo";"Lung";"0-14";"Male";"2006";"0.00"
"Mortality";"Palermo";"Lung";"0-14";"Male";"2007";"0.00"
"Mortality";"Palermo";"Lung";"0-14";"Male";"2008";"0.00"
"Mortality";"Palermo";"Lung";"0-14";"Male";"2009";"0.00"
"Mortality";"Palermo";"Lung";"0-14";"Male";"2010";"0.00"
"Mortality";"Palermo";"Lung";"0-14";"Male";"2011";"0.00"
"Mortality";"Palermo";"Lung";"0-14";"Male";"2012";"0.00"
"Mortality";"Palermo";"Lung";"0-14";"Male";"2013";"0.00"
"Mortality";"Palermo";"Lung";"0-14";"Male";"2014";"0.00"
"Mortality";"Palermo";"Lung";"0-14";"Male";"2015";"0.00"
"Mortality";"Palermo";"Lung";"0-14";"Male";"2016";"0.00"
"Mortality";"Palermo";"Lung";"0-14";"Male";"2017";"0.00"
"Incidence";"Palermo";"Lung";"0-14";"Female";"2003";"0.96"
"Incidence";"Palermo";"Lung";"0-14";"Female";"2004";"0.00"
"Incidence";"Palermo";"Lung";"0-14";"Female";"2005";"0.00"
"Incidence";"Palermo";"Lung";"0-14";"Female";"2006";"0.00"
"Incidence";"Palermo";"Lung";"0-14";"Female";"2007";"0.00"
"Incidence";"Palermo";"Lung";"0-14";"Female";"2008";"0.00"
"Incidence";"Palermo";"Lung";"0-14";"Female";"2009";"0.00"
"Incidence";"Palermo";"Lung";"0-14";"Female";"2010";"0.00"
"Incidence";"Palermo";"Lung";"0-14";"Female";"2011";"0.00"
"Incidence";"Palermo";"Lung";"0-14";"Female";"2012";"0.00"
"Incidence";"Palermo";"Lung";"0-14";"Female";"2013";"0.00"
"Incidence";"Palermo";"Lung";"0-14";"Female";"2014";"0.00"
"Incidence";"Palermo";"Lung";"0-14";"Female";"2015";"0.00"
"Incidence";"Palermo";"Lung";"0-14";"Female";"2016";"0.00"
"Incidence";"Palermo";"Lung";"0-14";"Female";"2017";"0.00"
"Incidence";"Nuoro";"Lung";"0-14";"Male";"2003";"0.00"
"Incidence";"Nuoro";"Lung";"0-14";"Male";"2004";"0.00"
"Incidence";"Nuoro";"Lung";"0-14";"Male";"2005";"0.00"
"Incidence";"Nuoro";"Lung";"0-14";"Male";"2006";"0.00"
"Incidence";"Nuoro";"Lung";"0-14";"Male";"2007";"0.00"
"Incidence";"Nuoro";"Lung";"0-14";"Male";"2008";"0.00"
"Incidence";"Nuoro";"Lung";"0-14";"Male";"2009";"0.00"
"Incidence";"Nuoro";"Lung";"0-14";"Male";"2010";"0.00"
"Incidence";"Nuoro";"Lung";"0-14";"Male";"2011";"0.00"
"Incidence";"Nuoro";"Lung";"0-14";"Male";"2012";"0.00"
"Incidence";"Nuoro";"Lung";"0-14";"Male";"2013";"0.00"
"Incidence";"Nuoro";"Lung";"0-14";"Male";"2014";"0.00"
"Incidence";"Nuoro";"Lung";"0-14";"Male";"2015";"0.00"
"Mortality";"Pavia";"Lung";"0-14";"Female";"2003";"0.00"
"Mortality";"Pavia";"Lung";"0-14";"Female";"2004";"0.00"
"Mortality";"Pavia";"Lung";"0-14";"Female";"2005";"0.00"
"Mortality";"Pavia";"Lung";"0-14";"Female";"2006";"0.00"
"Mortality";"Pavia";"Lung";"0-14";"Female";"2007";"0.00"
"Mortality";"Pavia";"Lung";"0-14";"Female";"2008";"0.00"
"Mortality";"Pavia";"Lung";"0-14";"Female";"2009";"0.00"
"Mortality";"Pavia";"Lung";"0-14";"Female";"2010";"0.00"
"Mortality";"Pavia";"Lung";"0-14";"Female";"2011";"0.00"
"Mortality";"Pavia";"Lung";"0-14";"Female";"2012";"0.00"
"Mortality";"Pavia";"Lung";"0-14";"Female";"2013";"0.00"
"Mortality";"Pavia";"Lung";"0-14";"Female";"2014";"0.00"
"Mortality";"Pavia";"Lung";"0-14";"Female";"2015";"0.00"
"Mortality";"Pavia";"Lung";"0-14";"Female";"2016";"0.00"
"Mortality";"Pavia";"Lung";"0-14";"Female";"2017";"0.00"
"Incidence";"Palermo";"Lung";"0-14";"Male";"2003";"0.00"
"Incidence";"Palermo";"Lung";"0-14";"Male";"2004";"0.00"
"Incidence";"Palermo";"Lung";"0-14";"Male";"2005";"0.00"
"Incidence";"Palermo";"Lung";"0-14";"Male";"2006";"0.00"
"Incidence";"Palermo";"Lung";"0-14";"Male";"2007";"0.00"
"Incidence";"Palermo";"Lung";"0-14";"Male";"2008";"0.00"
"Incidence";"Palermo";"Lung";"0-14";"Male";"2009";"0.00"
"Incidence";"Palermo";"Lung";"0-14";"Male";"2010";"0.00"
"Incidence";"Palermo";"Lung";"0-14";"Male";"2011";"0.00"
"Incidence";"Palermo";"Lung";"0-14";"Male";"2012";"0.00"
"Incidence";"Palermo";"Lung";"0-14";"Male";"2013";"0.00"
"Incidence";"Palermo";"Lung";"0-14";"Male";"2014";"0.00"
"Incidence";"Palermo";"Lung";"0-14";"Male";"2015";"0.00"
"Incidence";"Palermo";"Lung";"0-14";"Male";"2016";"0.00"
"Incidence";"Palermo";"Lung";"0-14";"Male";"2017";"0.00"
"Incidence";"Pavia";"Lung";"0-14";"Female";"2003";"0.00"
"Incidence";"Pavia";"Lung";"0-14";"Female";"2004";"0.00"
"Incidence";"Pavia";"Lung";"0-14";"Female";"2005";"0.00"
"Incidence";"Pavia";"Lung";"0-14";"Female";"2006";"0.00"
"Incidence";"Pavia";"Lung";"0-14";"Female";"2007";"0.00"
"Incidence";"Pavia";"Lung";"0-14";"Female";"2008";"0.00"
"Incidence";"Pavia";"Lung";"0-14";"Female";"2009";"0.00"
"Incidence";"Pavia";"Lung";"0-14";"Female";"2010";"0.00"
"Incidence";"Pavia";"Lung";"0-14";"Female";"2011";"0.00"
"Incidence";"Pavia";"Lung";"0-14";"Female";"2012";"0.00"
"Incidence";"Pavia";"Lung";"0-14";"Female";"2013";"0.00"
"Incidence";"Pavia";"Lung";"0-14";"Female";"2014";"0.00"
"Incidence";"Pavia";"Lung";"0-14";"Female";"2015";"0.00"
"Incidence";"Pavia";"Lung";"0-14";"Female";"2016";"0.00"
"Incidence";"Pavia";"Lung";"0-14";"Female";"2017";"0.00"
"Incidence";"Catania-Messina-Enna";"Lung";"0-14";"Female";"2003";"0.00"
"Incidence";"Catania-Messina-Enna";"Lung";"0-14";"Female";"2004";"0.00"
"Incidence";"Catania-Messina-Enna";"Lung";"0-14";"Female";"2005";"0.00"
"Incidence";"Catania-Messina-Enna";"Lung";"0-14";"Female";"2006";"0.00"
"Incidence";"Catania-Messina-Enna";"Lung";"0-14";"Female";"2007";"0.00"
"Incidence";"Catania-Messina-Enna";"Lung";"0-14";"Female";"2008";"0.00"
"Incidence";"Catania-Messina-Enna";"Lung";"0-14";"Female";"2009";"0.00"
"Incidence";"Catania-Messina-Enna";"Lung";"0-14";"Female";"2010";"0.00"
"Incidence";"Catania-Messina-Enna";"Lung";"0-14";"Female";"2011";"0.00"
"Incidence";"Catania-Messina-Enna";"Lung";"0-14";"Female";"2012";"0.00"
"Incidence";"Catania-Messina-Enna";"Lung";"0-14";"Female";"2013";"0.00"
"Incidence";"Catania-Messina-Enna";"Lung";"0-14";"Female";"2014";"0.00"
"Incidence";"Catania-Messina-Enna";"Lung";"0-14";"Female";"2015";"0.00"
"Incidence";"Catania-Messina-Enna";"Lung";"0-14";"Female";"2016";"0.00"
"Incidence";"Catania-Messina-Enna";"Lung";"0-14";"Female";"2017";"0.00"
"Mortality";"Palermo";"Lung";"15-29";"Male";"2003";"0.00"
"Mortality";"Palermo";"Lung";"15-29";"Male";"2004";"0.00"
"Mortality";"Palermo";"Lung";"15-29";"Male";"2005";"0.00"
"Mortality";"Palermo";"Lung";"15-29";"Male";"2006";"0.00"
"Mortality";"Palermo";"Lung";"15-29";"Male";"2007";"0.81"
"Mortality";"Palermo";"Lung";"15-29";"Male";"2008";"0.82"
"Mortality";"Palermo";"Lung";"15-29";"Male";"2009";"0.83"
"Mortality";"Palermo";"Lung";"15-29";"Male";"2010";"0.00"
"Mortality";"Palermo";"Lung";"15-29";"Male";"2011";"0.00"
"Mortality";"Palermo";"Lung";"15-29";"Male";"2012";"0.00"
"Mortality";"Palermo";"Lung";"15-29";"Male";"2013";"0.00"
"Mortality";"Palermo";"Lung";"15-29";"Male";"2014";"0.00"
"Mortality";"Palermo";"Lung";"15-29";"Male";"2015";"0.00"
"Mortality";"Palermo";"Lung";"15-29";"Male";"2016";"0.00"
"Mortality";"Palermo";"Lung";"15-29";"Male";"2017";"0.00"
"Incidence";"Catania-Messina-Enna";"Lung";"15-29";"Male";"2003";"0.52"
"Incidence";"Catania-Messina-Enna";"Lung";"15-29";"Male";"2004";"0.52"
"Incidence";"Catania-Messina-Enna";"Lung";"15-29";"Male";"2005";"0.00"
"Incidence";"Catania-Messina-Enna";"Lung";"15-29";"Male";"2006";"1.06"
"Incidence";"Catania-Messina-Enna";"Lung";"15-29";"Male";"2007";"1.07"
"Incidence";"Catania-Messina-Enna";"Lung";"15-29";"Male";"2008";"0.00"
"Incidence";"Catania-Messina-Enna";"Lung";"15-29";"Male";"2009";"0.00"
"Incidence";"Catania-Messina-Enna";"Lung";"15-29";"Male";"2010";"0.00"
"Incidence";"Catania-Messina-Enna";"Lung";"15-29";"Male";"2011";"0.00"
"Incidence";"Catania-Messina-Enna";"Lung";"15-29";"Male";"2012";"0.00"
"Incidence";"Catania-Messina-Enna";"Lung";"15-29";"Male";"2013";"0.00"
"Incidence";"Catania-Messina-Enna";"Lung";"15-29";"Male";"2014";"0.56"
"Incidence";"Catania-Messina-Enna";"Lung";"15-29";"Male";"2015";"0.00"
"Incidence";"Catania-Messina-Enna";"Lung";"15-29";"Male";"2016";"0.00"
"Incidence";"Catania-Messina-Enna";"Lung";"15-29";"Male";"2017";"0.00"
"Incidence";"Catania-Messina-Enna";"Lung";"15-29";"Female";"2003";"2.09"
"Incidence";"Catania-Messina-Enna";"Lung";"15-29";"Female";"2004";"0.00"
"Incidence";"Catania-Messina-Enna";"Lung";"15-29";"Female";"2005";"0.53"
"Incidence";"Catania-Messina-Enna";"Lung";"15-29";"Female";"2006";"0.54"
"Incidence";"Catania-Messina-Enna";"Lung";"15-29";"Female";"2007";"0.00"
"Incidence";"Catania-Messina-Enna";"Lung";"15-29";"Female";"2008";"0.00"
"Incidence";"Catania-Messina-Enna";"Lung";"15-29";"Female";"2009";"0.00"
"Incidence";"Catania-Messina-Enna";"Lung";"15-29";"Female";"2010";"0.00"
"Incidence";"Catania-Messina-Enna";"Lung";"15-29";"Female";"2011";"0.00"
"Incidence";"Catania-Messina-Enna";"Lung";"15-29";"Female";"2012";"0.00"
"Incidence";"Catania-Messina-Enna";"Lung";"15-29";"Female";"2013";"0.59"
"Incidence";"Catania-Messina-Enna";"Lung";"15-29";"Female";"2014";"0.00"
"Incidence";"Catania-Messina-Enna";"Lung";"15-29";"Female";"2015";"0.00"
"Incidence";"Catania-Messina-Enna";"Lung";"15-29";"Female";"2016";"1.21"
"Incidence";"Catania-Messina-Enna";"Lung";"15-29";"Female";"2017";"0.62"
"Incidence";"Catanzaro";"Lung";"15-29";"Male";"2003";"0.00"
"Incidence";"Catanzaro";"Lung";"15-29";"Male";"2004";"4.03"
"Incidence";"Catanzaro";"Lung";"15-29";"Male";"2005";"0.00"
"Incidence";"Catanzaro";"Lung";"15-29";"Male";"2006";"0.00"
"Incidence";"Catanzaro";"Lung";"15-29";"Male";"2007";"0.00"
"Incidence";"Catanzaro";"Lung";"15-29";"Male";"2008";"0.00"
"Incidence";"Catanzaro";"Lung";"15-29";"Male";"2009";"0.00"
"Incidence";"Catanzaro";"Lung";"15-29";"Male";"2010";"0.00"
"Incidence";"Catanzaro";"Lung";"15-29";"Female";"2003";"0.00"
"Incidence";"Catanzaro";"Lung";"15-29";"Female";"2004";"0.00"
"Incidence";"Catanzaro";"Lung";"15-29";"Female";"2005";"0.00"
"Incidence";"Catanzaro";"Lung";"15-29";"Female";"2006";"0.00"
"Incidence";"Catanzaro";"Lung";"15-29";"Female";"2007";"0.00"
"Incidence";"Catanzaro";"Lung";"15-29";"Female";"2008";"0.00"
"Incidence";"Catanzaro";"Lung";"15-29";"Female";"2009";"0.00"
"Incidence";"Catanzaro";"Lung";"15-29";"Female";"2010";"0.00"
"Incidence";"Insubria-Como";"Lung";"15-29";"Male";"2003";"0.00"
"Incidence";"Insubria-Como";"Lung";"15-29";"Male";"2004";"4.26"
"Incidence";"Insubria-Como";"Lung";"15-29";"Male";"2005";"0.00"
"Incidence";"Insubria-Como";"Lung";"15-29";"Male";"2006";"0.00"
"Incidence";"Insubria-Como";"Lung";"15-29";"Male";"2007";"0.00"
"Incidence";"Insubria-Como";"Lung";"15-29";"Male";"2008";"0.00"
"Incidence";"Insubria-Como";"Lung";"15-29";"Male";"2009";"0.00"
"Incidence";"Insubria-Como";"Lung";"15-29";"Male";"2010";"2.33"
"Incidence";"Insubria-Como";"Lung";"15-29";"Male";"2011";"0.00"
"Incidence";"Insubria-Como";"Lung";"15-29";"Male";"2012";"0.00"
"Incidence";"Insubria-Como";"Lung";"15-29";"Male";"2013";"0.00"
"Incidence";"Insubria-Como";"Lung";"15-29";"Male";"2014";"0.00"
"Incidence";"Insubria-Como";"Lung";"15-29";"Male";"2015";"0.00"
"Incidence";"Insubria-Como";"Lung";"15-29";"Female";"2003";"0.00"
"Incidence";"Insubria-Como";"Lung";"15-29";"Female";"2004";"0.00"
"Incidence";"Insubria-Como";"Lung";"15-29";"Female";"2005";"0.00"
"Incidence";"Insubria-Como";"Lung";"15-29";"Female";"2006";"2.31"
"Incidence";"Insubria-Como";"Lung";"15-29";"Female";"2007";"0.00"
"Incidence";"Insubria-Como";"Lung";"15-29";"Female";"2008";"0.00"
"Incidence";"Insubria-Como";"Lung";"15-29";"Female";"2009";"0.00"
"Incidence";"Insubria-Como";"Lung";"15-29";"Female";"2010";"0.00"
"Incidence";"Insubria-Como";"Lung";"15-29";"Female";"2011";"0.00"
"Incidence";"Insubria-Como";"Lung";"15-29";"Female";"2012";"0.00"
"Incidence";"Insubria-Como";"Lung";"15-29";"Female";"2013";"2.38"
"Incidence";"Insubria-Como";"Lung";"15-29";"Female";"2014";"0.00"
"Incidence";"Insubria-Como";"Lung";"15-29";"Female";"2015";"2.40"
"Incidence";"Nuoro";"Lung";"15-29";"Male";"2003";"0.00"
"Incidence";"Nuoro";"Lung";"15-29";"Male";"2004";"0.00"
"Incidence";"Nuoro";"Lung";"15-29";"Male";"2005";"0.00"
"Incidence";"Nuoro";"Lung";"15-29";"Male";"2006";"0.00"
"Incidence";"Nuoro";"Lung";"15-29";"Male";"2007";"4.86"
"Incidence";"Nuoro";"Lung";"15-29";"Male";"2008";"0.00"
"Incidence";"Nuoro";"Lung";"15-29";"Male";"2009";"0.00"
"Incidence";"Nuoro";"Lung";"15-29";"Male";"2010";"0.00"
"Incidence";"Nuoro";"Lung";"15-29";"Male";"2011";"0.00"
"Incidence";"Nuoro";"Lung";"15-29";"Male";"2012";"0.00"
"Incidence";"Nuoro";"Lung";"15-29";"Male";"2013";"0.00"
"Incidence";"Nuoro";"Lung";"15-29";"Male";"2014";"0.00"
"Incidence";"Nuoro";"Lung";"15-29";"Male";"2015";"0.00"
"Incidence";"Nuoro";"Lung";"15-29";"Female";"2003";"0.00"
"Incidence";"Nuoro";"Lung";"15-29";"Female";"2004";"0.00"
"Incidence";"Nuoro";"Lung";"15-29";"Female";"2005";"0.00"
"Incidence";"Nuoro";"Lung";"15-29";"Female";"2006";"0.00"
"Incidence";"Nuoro";"Lung";"15-29";"Female";"2007";"0.00"
"Incidence";"Nuoro";"Lung";"15-29";"Female";"2008";"0.00"
"Incidence";"Nuoro";"Lung";"15-29";"Female";"2009";"0.00"
"Incidence";"Nuoro";"Lung";"15-29";"Female";"2010";"0.00"
"Incidence";"Nuoro";"Lung";"15-29";"Female";"2011";"0.00"
"Incidence";"Nuoro";"Lung";"15-29";"Female";"2012";"0.00"
"Incidence";"Nuoro";"Lung";"15-29";"Female";"2013";"0.00"
"Incidence";"Nuoro";"Lung";"15-29";"Female";"2014";"0.00"
"Incidence";"Nuoro";"Lung";"15-29";"Female";"2015";"0.00"
"Incidence";"Palermo";"Lung";"15-29";"Male";"2003";"0.00"
"Incidence";"Palermo";"Lung";"15-29";"Male";"2004";"0.00"
"Incidence";"Palermo";"Lung";"15-29";"Male";"2005";"0.79"
"Incidence";"Palermo";"Lung";"15-29";"Male";"2006";"1.61"
"Incidence";"Palermo";"Lung";"15-29";"Male";"2007";"0.00"
"Incidence";"Palermo";"Lung";"15-29";"Male";"2008";"0.00"
"Incidence";"Palermo";"Lung";"15-29";"Male";"2009";"0.83"
"Incidence";"Palermo";"Lung";"15-29";"Male";"2010";"0.00"
"Incidence";"Palermo";"Lung";"15-29";"Male";"2011";"0.00"
"Incidence";"Palermo";"Lung";"15-29";"Male";"2012";"0.00"
"Incidence";"Palermo";"Lung";"15-29";"Male";"2013";"0.85"
"Incidence";"Palermo";"Lung";"15-29";"Male";"2014";"0.00"
"Incidence";"Palermo";"Lung";"15-29";"Male";"2015";"0.87"
"Incidence";"Palermo";"Lung";"15-29";"Male";"2016";"0.00"
"Incidence";"Palermo";"Lung";"15-29";"Male";"2017";"0.00"
"Incidence";"Palermo";"Lung";"15-29";"Female";"2003";"0.00"
"Incidence";"Palermo";"Lung";"15-29";"Female";"2004";"0.00"
"Incidence";"Palermo";"Lung";"15-29";"Female";"2005";"0.81"
"Incidence";"Palermo";"Lung";"15-29";"Female";"2006";"0.00"
"Incidence";"Palermo";"Lung";"15-29";"Female";"2007";"0.00"
"Incidence";"Palermo";"Lung";"15-29";"Female";"2008";"0.00"
"Incidence";"Palermo";"Lung";"15-29";"Female";"2009";"0.00"
"Incidence";"Palermo";"Lung";"15-29";"Female";"2010";"0.00"
"Incidence";"Palermo";"Lung";"15-29";"Female";"2011";"0.00"
"Incidence";"Palermo";"Lung";"15-29";"Female";"2012";"0.00"
"Incidence";"Palermo";"Lung";"15-29";"Female";"2013";"0.00"
"Incidence";"Palermo";"Lung";"15-29";"Female";"2014";"0.90"
"Incidence";"Palermo";"Lung";"15-29";"Female";"2015";"0.91"
"Incidence";"Palermo";"Lung";"15-29";"Female";"2016";"0.00"
"Incidence";"Palermo";"Lung";"15-29";"Female";"2017";"0.00"
"Incidence";"Pavia";"Lung";"15-29";"Male";"2003";"0.00"
"Incidence";"Pavia";"Lung";"15-29";"Male";"2004";"0.00"
"Incidence";"Pavia";"Lung";"15-29";"Male";"2005";"0.00"
"Incidence";"Pavia";"Lung";"15-29";"Male";"2006";"0.00"
"Incidence";"Pavia";"Lung";"15-29";"Male";"2007";"0.00"
"Incidence";"Pavia";"Lung";"15-29";"Male";"2008";"0.00"
"Incidence";"Pavia";"Lung";"15-29";"Male";"2009";"0.00"
"Incidence";"Pavia";"Lung";"15-29";"Male";"2010";"0.00"
"Incidence";"Pavia";"Lung";"15-29";"Male";"2011";"0.00"
"Incidence";"Pavia";"Lung";"15-29";"Male";"2012";"0.00"
"Incidence";"Pavia";"Lung";"15-29";"Male";"2013";"0.00"
"Incidence";"Pavia";"Lung";"15-29";"Male";"2014";"0.00"
"Incidence";"Pavia";"Lung";"15-29";"Male";"2015";"0.00"
"Incidence";"Pavia";"Lung";"15-29";"Male";"2016";"0.00"
"Incidence";"Pavia";"Lung";"15-29";"Male";"2017";"0.00"
"Incidence";"Pavia";"Lung";"15-29";"Female";"2003";"2.71"
"Incidence";"Pavia";"Lung";"15-29";"Female";"2004";"0.00"
"Incidence";"Pavia";"Lung";"15-29";"Female";"2005";"0.00"
"Incidence";"Pavia";"Lung";"15-29";"Female";"2006";"2.83"
"Incidence";"Pavia";"Lung";"15-29";"Female";"2007";"0.00"
"Incidence";"Pavia";"Lung";"15-29";"Female";"2008";"0.00"
"Incidence";"Pavia";"Lung";"15-29";"Female";"2009";"0.00"
"Incidence";"Pavia";"Lung";"15-29";"Female";"2010";"0.00"
"Incidence";"Pavia";"Lung";"15-29";"Female";"2011";"0.00"
"Incidence";"Pavia";"Lung";"15-29";"Female";"2012";"0.00"
"Incidence";"Pavia";"Lung";"15-29";"Female";"2013";"0.00"
"Incidence";"Pavia";"Lung";"15-29";"Female";"2014";"0.00"
"Incidence";"Pavia";"Lung";"15-29";"Female";"2015";"0.00"
"Incidence";"Pavia";"Lung";"15-29";"Female";"2016";"0.00"
"Incidence";"Pavia";"Lung";"15-29";"Female";"2017";"0.00"
"Mortality";"Pavia";"Lung";"15-29";"Female";"2003";"0.00"
"Mortality";"Pavia";"Lung";"15-29";"Female";"2004";"0.00"
"Mortality";"Pavia";"Lung";"15-29";"Female";"2005";"0.00"
"Mortality";"Pavia";"Lung";"15-29";"Female";"2006";"0.00"
"Mortality";"Pavia";"Lung";"15-29";"Female";"2007";"0.00"
"Mortality";"Pavia";"Lung";"15-29";"Female";"2008";"2.81"
"Mortality";"Pavia";"Lung";"15-29";"Female";"2009";"0.00"
"Mortality";"Pavia";"Lung";"15-29";"Female";"2010";"0.00"
"Mortality";"Pavia";"Lung";"15-29";"Female";"2011";"0.00"
"Mortality";"Pavia";"Lung";"15-29";"Female";"2012";"0.00"
"Mortality";"Pavia";"Lung";"15-29";"Female";"2013";"0.00"
"Mortality";"Pavia";"Lung";"15-29";"Female";"2014";"0.00"
"Mortality";"Pavia";"Lung";"15-29";"Female";"2015";"0.00"
"Mortality";"Pavia";"Lung";"15-29";"Female";"2016";"0.00"
"Mortality";"Pavia";"Lung";"15-29";"Female";"2017";"0.00"
"Mortality";"Pavia";"Lung";"15-29";"Male";"2003";"0.00"
"Mortality";"Pavia";"Lung";"15-29";"Male";"2004";"0.00"
"Mortality";"Pavia";"Lung";"15-29";"Male";"2005";"0.00"
"Mortality";"Pavia";"Lung";"15-29";"Male";"2006";"0.00"
"Mortality";"Pavia";"Lung";"15-29";"Male";"2007";"0.00"
"Mortality";"Pavia";"Lung";"15-29";"Male";"2008";"0.00"
"Mortality";"Pavia";"Lung";"15-29";"Male";"2009";"0.00"
"Mortality";"Pavia";"Lung";"15-29";"Male";"2010";"0.00"
"Mortality";"Pavia";"Lung";"15-29";"Male";"2011";"0.00"
"Mortality";"Pavia";"Lung";"15-29";"Male";"2012";"0.00"
"Mortality";"Pavia";"Lung";"15-29";"Male";"2013";"0.00"
"Mortality";"Pavia";"Lung";"15-29";"Male";"2014";"0.00"
"Mortality";"Pavia";"Lung";"15-29";"Male";"2015";"0.00"
"Mortality";"Pavia";"Lung";"15-29";"Male";"2016";"0.00"
"Mortality";"Pavia";"Lung";"15-29";"Male";"2017";"0.00"
"Mortality";"Catania-Messina-Enna";"Lung";"15-29";"Male";"2003";"0.52"
"Mortality";"Catania-Messina-Enna";"Lung";"15-29";"Male";"2004";"0.52"
"Mortality";"Catania-Messina-Enna";"Lung";"15-29";"Male";"2005";"0.52"
"Mortality";"Catania-Messina-Enna";"Lung";"15-29";"Male";"2006";"0.00"
"Mortality";"Catania-Messina-Enna";"Lung";"15-29";"Male";"2007";"0.00"
"Mortality";"Catania-Messina-Enna";"Lung";"15-29";"Male";"2008";"0.00"
"Mortality";"Catania-Messina-Enna";"Lung";"15-29";"Male";"2009";"0.00"
"Mortality";"Catania-Messina-Enna";"Lung";"15-29";"Male";"2010";"0.54"
"Mortality";"Catania-Messina-Enna";"Lung";"15-29";"Male";"2011";"0.55"
"Mortality";"Catania-Messina-Enna";"Lung";"15-29";"Male";"2012";"0.00"
"Mortality";"Catania-Messina-Enna";"Lung";"15-29";"Male";"2013";"0.00"
"Mortality";"Catania-Messina-Enna";"Lung";"15-29";"Male";"2014";"0.00"
"Mortality";"Catania-Messina-Enna";"Lung";"15-29";"Male";"2015";"0.57"
"Mortality";"Catania-Messina-Enna";"Lung";"15-29";"Male";"2016";"0.00"
"Mortality";"Catania-Messina-Enna";"Lung";"15-29";"Male";"2017";"0.00"
"Mortality";"Catania-Messina-Enna";"Lung";"15-29";"Female";"2003";"0.52"
"Mortality";"Catania-Messina-Enna";"Lung";"15-29";"Female";"2004";"0.53"
"Mortality";"Catania-Messina-Enna";"Lung";"15-29";"Female";"2005";"1.07"
"Mortality";"Catania-Messina-Enna";"Lung";"15-29";"Female";"2006";"0.00"
"Mortality";"Catania-Messina-Enna";"Lung";"15-29";"Female";"2007";"0.00"
"Mortality";"Catania-Messina-Enna";"Lung";"15-29";"Female";"2008";"0.55"
"Mortality";"Catania-Messina-Enna";"Lung";"15-29";"Female";"2009";"0.55"
"Mortality";"Catania-Messina-Enna";"Lung";"15-29";"Female";"2010";"0.00"
"Mortality";"Catania-Messina-Enna";"Lung";"15-29";"Female";"2011";"0.00"
"Mortality";"Catania-Messina-Enna";"Lung";"15-29";"Female";"2012";"0.00"
"Mortality";"Catania-Messina-Enna";"Lung";"15-29";"Female";"2013";"0.00"
"Mortality";"Catania-Messina-Enna";"Lung";"15-29";"Female";"2014";"0.59"
"Mortality";"Catania-Messina-Enna";"Lung";"15-29";"Female";"2015";"0.00"
"Mortality";"Catania-Messina-Enna";"Lung";"15-29";"Female";"2016";"0.00"
"Mortality";"Catania-Messina-Enna";"Lung";"15-29";"Female";"2017";"0.00"
"Mortality";"Palermo";"Lung";"15-29";"Female";"2003";"0.00"
"Mortality";"Palermo";"Lung";"15-29";"Female";"2004";"0.00"
"Mortality";"Palermo";"Lung";"15-29";"Female";"2005";"0.00"
"Mortality";"Palermo";"Lung";"15-29";"Female";"2006";"0.00"
"Mortality";"Palermo";"Lung";"15-29";"Female";"2007";"0.00"
"Mortality";"Palermo";"Lung";"15-29";"Female";"2008";"0.00"
"Mortality";"Palermo";"Lung";"15-29";"Female";"2009";"0.00"
"Mortality";"Palermo";"Lung";"15-29";"Female";"2010";"0.00"
"Mortality";"Palermo";"Lung";"15-29";"Female";"2011";"0.00"
"Mortality";"Palermo";"Lung";"15-29";"Female";"2012";"0.00"
"Mortality";"Palermo";"Lung";"15-29";"Female";"2013";"0.00"
"Mortality";"Palermo";"Lung";"15-29";"Female";"2014";"0.00"
"Mortality";"Palermo";"Lung";"15-29";"Female";"2015";"0.00"
"Mortality";"Palermo";"Lung";"15-29";"Female";"2016";"0.00"
"Mortality";"Palermo";"Lung";"15-29";"Female";"2017";"0.00"
"Incidence";"Catanzaro";"Lung";"30-44";"Male";"2003";"3.85"
"Incidence";"Catanzaro";"Lung";"30-44";"Male";"2004";"3.87"
"Incidence";"Catanzaro";"Lung";"30-44";"Male";"2005";"3.93"
"Incidence";"Catanzaro";"Lung";"30-44";"Male";"2006";"7.69"
"Incidence";"Catanzaro";"Lung";"30-44";"Male";"2007";"7.75"
"Incidence";"Catanzaro";"Lung";"30-44";"Male";"2008";"0.00"
"Incidence";"Catanzaro";"Lung";"30-44";"Male";"2009";"5.21"
"Incidence";"Catanzaro";"Lung";"30-44";"Male";"2010";"10.59"
"Mortality";"Catania-Messina-Enna";"Lung";"30-44";"Female";"2003";"0.46"
"Mortality";"Catania-Messina-Enna";"Lung";"30-44";"Female";"2004";"2.29"
"Mortality";"Catania-Messina-Enna";"Lung";"30-44";"Female";"2005";"3.19"
"Mortality";"Catania-Messina-Enna";"Lung";"30-44";"Female";"2006";"1.37"
"Mortality";"Catania-Messina-Enna";"Lung";"30-44";"Female";"2007";"4.60"
"Mortality";"Catania-Messina-Enna";"Lung";"30-44";"Female";"2008";"0.46"
"Mortality";"Catania-Messina-Enna";"Lung";"30-44";"Female";"2009";"0.00"
"Mortality";"Catania-Messina-Enna";"Lung";"30-44";"Female";"2010";"2.81"
"Mortality";"Catania-Messina-Enna";"Lung";"30-44";"Female";"2011";"2.37"
"Mortality";"Catania-Messina-Enna";"Lung";"30-44";"Female";"2012";"2.42"
"Mortality";"Catania-Messina-Enna";"Lung";"30-44";"Female";"2013";"2.96"
"Mortality";"Catania-Messina-Enna";"Lung";"30-44";"Female";"2014";"1.47"
"Mortality";"Catania-Messina-Enna";"Lung";"30-44";"Female";"2015";"2.49"
"Mortality";"Catania-Messina-Enna";"Lung";"30-44";"Female";"2016";"1.01"
"Mortality";"Catania-Messina-Enna";"Lung";"30-44";"Female";"2017";"3.11"
"Incidence";"Pavia";"Lung";"30-44";"Male";"2003";"8.19"
"Incidence";"Pavia";"Lung";"30-44";"Male";"2004";"3.17"
"Incidence";"Pavia";"Lung";"30-44";"Male";"2005";"3.10"
"Incidence";"Pavia";"Lung";"30-44";"Male";"2006";"15.22"
"Incidence";"Pavia";"Lung";"30-44";"Male";"2007";"3.01"
"Incidence";"Pavia";"Lung";"30-44";"Male";"2008";"8.90"
"Incidence";"Pavia";"Lung";"30-44";"Male";"2009";"5.91"
"Incidence";"Pavia";"Lung";"30-44";"Male";"2010";"4.47"
"Incidence";"Pavia";"Lung";"30-44";"Male";"2011";"4.54"
"Incidence";"Pavia";"Lung";"30-44";"Male";"2012";"3.26"
"Incidence";"Pavia";"Lung";"30-44";"Male";"2013";"3.32"
"Incidence";"Pavia";"Lung";"30-44";"Male";"2014";"4.98"
"Incidence";"Pavia";"Lung";"30-44";"Male";"2015";"1.75"
"Incidence";"Pavia";"Lung";"30-44";"Male";"2016";"3.51"
"Incidence";"Pavia";"Lung";"30-44";"Male";"2017";"7.23"
"Mortality";"Pavia";"Lung";"30-44";"Male";"2003";"1.64"
"Mortality";"Pavia";"Lung";"30-44";"Male";"2004";"3.17"
"Mortality";"Pavia";"Lung";"30-44";"Male";"2005";"0.00"
"Mortality";"Pavia";"Lung";"30-44";"Male";"2006";"3.04"
"Mortality";"Pavia";"Lung";"30-44";"Male";"2007";"6.03"
"Mortality";"Pavia";"Lung";"30-44";"Male";"2008";"4.45"
"Mortality";"Pavia";"Lung";"30-44";"Male";"2009";"0.00"
"Mortality";"Pavia";"Lung";"30-44";"Male";"2010";"0.00"
"Mortality";"Pavia";"Lung";"30-44";"Male";"2011";"6.05"
"Mortality";"Pavia";"Lung";"30-44";"Male";"2012";"8.16"
"Mortality";"Pavia";"Lung";"30-44";"Male";"2013";"1.66"
"Mortality";"Pavia";"Lung";"30-44";"Male";"2014";"1.66"
"Mortality";"Pavia";"Lung";"30-44";"Male";"2015";"0.00"
"Mortality";"Pavia";"Lung";"30-44";"Male";"2016";"1.75"
"Mortality";"Pavia";"Lung";"30-44";"Male";"2017";"3.61"
"Incidence";"Nuoro";"Lung";"30-44";"Male";"2003";"3.22"
"Incidence";"Nuoro";"Lung";"30-44";"Male";"2004";"6.42"
"Incidence";"Nuoro";"Lung";"30-44";"Male";"2005";"0.00"
"Incidence";"Nuoro";"Lung";"30-44";"Male";"2006";"15.48"
"Incidence";"Nuoro";"Lung";"30-44";"Male";"2007";"3.91"
"Incidence";"Nuoro";"Lung";"30-44";"Male";"2008";"0.00"
"Incidence";"Nuoro";"Lung";"30-44";"Male";"2009";"0.00"
"Incidence";"Nuoro";"Lung";"30-44";"Male";"2010";"4.06"
"Incidence";"Nuoro";"Lung";"30-44";"Male";"2011";"0.00"
"Incidence";"Nuoro";"Lung";"30-44";"Male";"2012";"4.21"
"Incidence";"Nuoro";"Lung";"30-44";"Male";"2013";"0.00"
"Incidence";"Nuoro";"Lung";"30-44";"Male";"2014";"4.45"
"Incidence";"Nuoro";"Lung";"30-44";"Male";"2015";"0.00"
"Mortality";"Pavia";"Lung";"30-44";"Female";"2003";"0.00"
"Mortality";"Pavia";"Lung";"30-44";"Female";"2004";"0.00"
"Mortality";"Pavia";"Lung";"30-44";"Female";"2005";"0.00"
"Mortality";"Pavia";"Lung";"30-44";"Female";"2006";"1.62"
"Mortality";"Pavia";"Lung";"30-44";"Female";"2007";"4.81"
"Mortality";"Pavia";"Lung";"30-44";"Female";"2008";"0.00"
"Mortality";"Pavia";"Lung";"30-44";"Female";"2009";"4.71"
"Mortality";"Pavia";"Lung";"30-44";"Female";"2010";"0.00"
"Mortality";"Pavia";"Lung";"30-44";"Female";"2011";"4.79"
"Mortality";"Pavia";"Lung";"30-44";"Female";"2012";"6.73"
"Mortality";"Pavia";"Lung";"30-44";"Female";"2013";"1.70"
"Mortality";"Pavia";"Lung";"30-44";"Female";"2014";"1.71"
"Mortality";"Pavia";"Lung";"30-44";"Female";"2015";"5.41"
"Mortality";"Pavia";"Lung";"30-44";"Female";"2016";"1.80"
"Mortality";"Pavia";"Lung";"30-44";"Female";"2017";"0.00"
"Incidence";"Nuoro";"Lung";"30-44";"Female";"2003";"0.00"
"Incidence";"Nuoro";"Lung";"30-44";"Female";"2004";"0.00"
"Incidence";"Nuoro";"Lung";"30-44";"Female";"2005";"3.36"
"Incidence";"Nuoro";"Lung";"30-44";"Female";"2006";"4.04"
"Incidence";"Nuoro";"Lung";"30-44";"Female";"2007";"4.09"
"Incidence";"Nuoro";"Lung";"30-44";"Female";"2008";"0.00"
"Incidence";"Nuoro";"Lung";"30-44";"Female";"2009";"4.18"
"Incidence";"Nuoro";"Lung";"30-44";"Female";"2010";"0.00"
"Incidence";"Nuoro";"Lung";"30-44";"Female";"2011";"0.00"
"Incidence";"Nuoro";"Lung";"30-44";"Female";"2012";"0.00"
"Incidence";"Nuoro";"Lung";"30-44";"Female";"2013";"0.00"
"Incidence";"Nuoro";"Lung";"30-44";"Female";"2014";"14.14"
"Incidence";"Nuoro";"Lung";"30-44";"Female";"2015";"9.74"
"Incidence";"Catania-Messina-Enna";"Lung";"30-44";"Female";"2003";"2.77"
"Incidence";"Catania-Messina-Enna";"Lung";"30-44";"Female";"2004";"2.29"
"Incidence";"Catania-Messina-Enna";"Lung";"30-44";"Female";"2005";"3.19"
"Incidence";"Catania-Messina-Enna";"Lung";"30-44";"Female";"2006";"4.58"
"Incidence";"Catania-Messina-Enna";"Lung";"30-44";"Female";"2007";"2.30"
"Incidence";"Catania-Messina-Enna";"Lung";"30-44";"Female";"2008";"1.38"
"Incidence";"Catania-Messina-Enna";"Lung";"30-44";"Female";"2009";"0.93"
"Incidence";"Catania-Messina-Enna";"Lung";"30-44";"Female";"2010";"3.28"
"Incidence";"Catania-Messina-Enna";"Lung";"30-44";"Female";"2011";"6.15"
"Incidence";"Catania-Messina-Enna";"Lung";"30-44";"Female";"2012";"4.85"
"Incidence";"Catania-Messina-Enna";"Lung";"30-44";"Female";"2013";"2.46"
"Incidence";"Catania-Messina-Enna";"Lung";"30-44";"Female";"2014";"2.95"
"Incidence";"Catania-Messina-Enna";"Lung";"30-44";"Female";"2015";"2.98"
"Incidence";"Catania-Messina-Enna";"Lung";"30-44";"Female";"2016";"5.07"
"Incidence";"Catania-Messina-Enna";"Lung";"30-44";"Female";"2017";"2.59"
"Incidence";"Catania-Messina-Enna";"Lung";"30-44";"Male";"2003";"4.38"
"Incidence";"Catania-Messina-Enna";"Lung";"30-44";"Male";"2004";"3.85"
"Incidence";"Catania-Messina-Enna";"Lung";"30-44";"Male";"2005";"2.39"
"Incidence";"Catania-Messina-Enna";"Lung";"30-44";"Male";"2006";"5.26"
"Incidence";"Catania-Messina-Enna";"Lung";"30-44";"Male";"2007";"3.84"
"Incidence";"Catania-Messina-Enna";"Lung";"30-44";"Male";"2008";"3.37"
"Incidence";"Catania-Messina-Enna";"Lung";"30-44";"Male";"2009";"6.77"
"Incidence";"Catania-Messina-Enna";"Lung";"30-44";"Male";"2010";"6.85"
"Incidence";"Catania-Messina-Enna";"Lung";"30-44";"Male";"2011";"5.90"
"Incidence";"Catania-Messina-Enna";"Lung";"30-44";"Male";"2012";"6.05"
"Incidence";"Catania-Messina-Enna";"Lung";"30-44";"Male";"2013";"3.07"
"Incidence";"Catania-Messina-Enna";"Lung";"30-44";"Male";"2014";"2.53"
"Incidence";"Catania-Messina-Enna";"Lung";"30-44";"Male";"2015";"2.55"
"Incidence";"Catania-Messina-Enna";"Lung";"30-44";"Male";"2016";"3.63"
"Incidence";"Catania-Messina-Enna";"Lung";"30-44";"Male";"2017";"4.21"
"Incidence";"Insubria-Como";"Lung";"30-44";"Male";"2003";"1.47"
"Incidence";"Insubria-Como";"Lung";"30-44";"Male";"2004";"2.86"
"Incidence";"Insubria-Como";"Lung";"30-44";"Male";"2005";"2.80"
"Incidence";"Insubria-Como";"Lung";"30-44";"Male";"2006";"4.12"
"Incidence";"Insubria-Como";"Lung";"30-44";"Male";"2007";"6.84"
"Incidence";"Insubria-Como";"Lung";"30-44";"Male";"2008";"6.86"
"Incidence";"Insubria-Como";"Lung";"30-44";"Male";"2009";"0.00"
"Incidence";"Insubria-Como";"Lung";"30-44";"Male";"2010";"1.40"
"Incidence";"Insubria-Como";"Lung";"30-44";"Male";"2011";"2.85"
"Incidence";"Insubria-Como";"Lung";"30-44";"Male";"2012";"1.45"
"Incidence";"Insubria-Como";"Lung";"30-44";"Male";"2013";"2.96"
"Incidence";"Insubria-Como";"Lung";"30-44";"Male";"2014";"7.55"
"Incidence";"Insubria-Como";"Lung";"30-44";"Male";"2015";"3.11"
"Incidence";"Insubria-Como";"Lung";"30-44";"Female";"2003";"4.57"
"Incidence";"Insubria-Como";"Lung";"30-44";"Female";"2004";"4.46"
"Incidence";"Insubria-Como";"Lung";"30-44";"Female";"2005";"1.46"
"Incidence";"Insubria-Como";"Lung";"30-44";"Female";"2006";"2.88"
"Incidence";"Insubria-Como";"Lung";"30-44";"Female";"2007";"2.86"
"Incidence";"Insubria-Como";"Lung";"30-44";"Female";"2008";"1.42"
"Incidence";"Insubria-Como";"Lung";"30-44";"Female";"2009";"2.86"
"Incidence";"Insubria-Como";"Lung";"30-44";"Female";"2010";"1.45"
"Incidence";"Insubria-Como";"Lung";"30-44";"Female";"2011";"4.43"
"Incidence";"Insubria-Como";"Lung";"30-44";"Female";"2012";"0.00"
"Incidence";"Insubria-Como";"Lung";"30-44";"Female";"2013";"4.57"
"Incidence";"Insubria-Como";"Lung";"30-44";"Female";"2014";"3.10"
"Incidence";"Insubria-Como";"Lung";"30-44";"Female";"2015";"1.59"
"Incidence";"Palermo";"Lung";"30-44";"Female";"2003";"4.25"
"Incidence";"Palermo";"Lung";"30-44";"Female";"2004";"3.53"
"Incidence";"Palermo";"Lung";"30-44";"Female";"2005";"2.11"
"Incidence";"Palermo";"Lung";"30-44";"Female";"2006";"2.82"
"Incidence";"Palermo";"Lung";"30-44";"Female";"2007";"1.41"
"Incidence";"Palermo";"Lung";"30-44";"Female";"2008";"3.53"
"Incidence";"Palermo";"Lung";"30-44";"Female";"2009";"2.13"
"Incidence";"Palermo";"Lung";"30-44";"Female";"2010";"5.03"
"Incidence";"Palermo";"Lung";"30-44";"Female";"2011";"2.89"
"Incidence";"Palermo";"Lung";"30-44";"Female";"2012";"6.60"
"Incidence";"Palermo";"Lung";"30-44";"Female";"2013";"2.97"
"Incidence";"Palermo";"Lung";"30-44";"Female";"2014";"3.76"
"Incidence";"Palermo";"Lung";"30-44";"Female";"2015";"1.53"
"Incidence";"Palermo";"Lung";"30-44";"Female";"2016";"5.46"
"Incidence";"Palermo";"Lung";"30-44";"Female";"2017";"3.98"
"Mortality";"Palermo";"Lung";"30-44";"Male";"2003";"6.03"
"Mortality";"Palermo";"Lung";"30-44";"Male";"2004";"4.48"
"Mortality";"Palermo";"Lung";"30-44";"Male";"2005";"0.74"
"Mortality";"Palermo";"Lung";"30-44";"Male";"2006";"2.97"
"Mortality";"Palermo";"Lung";"30-44";"Male";"2007";"2.98"
"Mortality";"Palermo";"Lung";"30-44";"Male";"2008";"0.75"
"Mortality";"Palermo";"Lung";"30-44";"Male";"2009";"0.75"
"Mortality";"Palermo";"Lung";"30-44";"Male";"2010";"2.26"
"Mortality";"Palermo";"Lung";"30-44";"Male";"2011";"2.27"
"Mortality";"Palermo";"Lung";"30-44";"Male";"2012";"5.34"
"Mortality";"Palermo";"Lung";"30-44";"Male";"2013";"2.31"
"Mortality";"Palermo";"Lung";"30-44";"Male";"2014";"3.11"
"Mortality";"Palermo";"Lung";"30-44";"Male";"2015";"3.15"
"Mortality";"Palermo";"Lung";"30-44";"Male";"2016";"2.40"
"Mortality";"Palermo";"Lung";"30-44";"Male";"2017";"2.45"
"Mortality";"Palermo";"Lung";"30-44";"Female";"2003";"4.25"
"Mortality";"Palermo";"Lung";"30-44";"Female";"2004";"6.35"
"Mortality";"Palermo";"Lung";"30-44";"Female";"2005";"2.11"
"Mortality";"Palermo";"Lung";"30-44";"Female";"2006";"5.63"
"Mortality";"Palermo";"Lung";"30-44";"Female";"2007";"0.70"
"Mortality";"Palermo";"Lung";"30-44";"Female";"2008";"1.41"
"Mortality";"Palermo";"Lung";"30-44";"Female";"2009";"1.42"
"Mortality";"Palermo";"Lung";"30-44";"Female";"2010";"2.15"
"Mortality";"Palermo";"Lung";"30-44";"Female";"2011";"2.17"
"Mortality";"Palermo";"Lung";"30-44";"Female";"2012";"0.00"
"Mortality";"Palermo";"Lung";"30-44";"Female";"2013";"1.48"
"Mortality";"Palermo";"Lung";"30-44";"Female";"2014";"3.76"
"Mortality";"Palermo";"Lung";"30-44";"Female";"2015";"2.30"
"Mortality";"Palermo";"Lung";"30-44";"Female";"2016";"1.56"
"Mortality";"Palermo";"Lung";"30-44";"Female";"2017";"2.39"
"Mortality";"Catania-Messina-Enna";"Lung";"30-44";"Male";"2003";"3.89"
"Mortality";"Catania-Messina-Enna";"Lung";"30-44";"Male";"2004";"2.89"
"Mortality";"Catania-Messina-Enna";"Lung";"30-44";"Male";"2005";"2.39"
"Mortality";"Catania-Messina-Enna";"Lung";"30-44";"Male";"2006";"1.44"
"Mortality";"Catania-Messina-Enna";"Lung";"30-44";"Male";"2007";"3.36"
"Mortality";"Catania-Messina-Enna";"Lung";"30-44";"Male";"2008";"2.89"
"Mortality";"Catania-Messina-Enna";"Lung";"30-44";"Male";"2009";"3.87"
"Mortality";"Catania-Messina-Enna";"Lung";"30-44";"Male";"2010";"2.93"
"Mortality";"Catania-Messina-Enna";"Lung";"30-44";"Male";"2011";"4.43"
"Mortality";"Catania-Messina-Enna";"Lung";"30-44";"Male";"2012";"4.54"
"Mortality";"Catania-Messina-Enna";"Lung";"30-44";"Male";"2013";"2.56"
"Mortality";"Catania-Messina-Enna";"Lung";"30-44";"Male";"2014";"1.01"
"Mortality";"Catania-Messina-Enna";"Lung";"30-44";"Male";"2015";"1.02"
"Mortality";"Catania-Messina-Enna";"Lung";"30-44";"Male";"2016";"2.07"
"Mortality";"Catania-Messina-Enna";"Lung";"30-44";"Male";"2017";"3.16"
"Incidence";"Catanzaro";"Lung";"30-44";"Female";"2003";"10.96"
"Incidence";"Catanzaro";"Lung";"30-44";"Female";"2004";"0.00"
"Incidence";"Catanzaro";"Lung";"30-44";"Female";"2005";"3.69"
"Incidence";"Catanzaro";"Lung";"30-44";"Female";"2006";"2.43"
"Incidence";"Catanzaro";"Lung";"30-44";"Female";"2007";"0.00"
"Incidence";"Catanzaro";"Lung";"30-44";"Female";"2008";"4.93"
"Incidence";"Catanzaro";"Lung";"30-44";"Female";"2009";"0.00"
"Incidence";"Catanzaro";"Lung";"30-44";"Female";"2010";"5.03"
"Incidence";"Pavia";"Lung";"30-44";"Female";"2003";"0.00"
"Incidence";"Pavia";"Lung";"30-44";"Female";"2004";"3.35"
"Incidence";"Pavia";"Lung";"30-44";"Female";"2005";"3.29"
"Incidence";"Pavia";"Lung";"30-44";"Female";"2006";"3.24"
"Incidence";"Pavia";"Lung";"30-44";"Female";"2007";"4.81"
"Incidence";"Pavia";"Lung";"30-44";"Female";"2008";"3.15"
"Incidence";"Pavia";"Lung";"30-44";"Female";"2009";"6.28"
"Incidence";"Pavia";"Lung";"30-44";"Female";"2010";"1.58"
"Incidence";"Pavia";"Lung";"30-44";"Female";"2011";"7.98"
"Incidence";"Pavia";"Lung";"30-44";"Female";"2012";"3.36"
"Incidence";"Pavia";"Lung";"30-44";"Female";"2013";"3.41"
"Incidence";"Pavia";"Lung";"30-44";"Female";"2014";"5.13"
"Incidence";"Pavia";"Lung";"30-44";"Female";"2015";"3.60"
"Incidence";"Pavia";"Lung";"30-44";"Female";"2016";"0.00"
"Incidence";"Pavia";"Lung";"30-44";"Female";"2017";"1.86"
"Incidence";"Palermo";"Lung";"30-44";"Male";"2003";"6.78"
"Incidence";"Palermo";"Lung";"30-44";"Male";"2004";"2.24"
"Incidence";"Palermo";"Lung";"30-44";"Male";"2005";"3.72"
"Incidence";"Palermo";"Lung";"30-44";"Male";"2006";"5.21"
"Incidence";"Palermo";"Lung";"30-44";"Male";"2007";"3.72"
"Incidence";"Palermo";"Lung";"30-44";"Male";"2008";"5.23"
"Incidence";"Palermo";"Lung";"30-44";"Male";"2009";"4.50"
"Incidence";"Palermo";"Lung";"30-44";"Male";"2010";"3.01"
"Incidence";"Palermo";"Lung";"30-44";"Male";"2011";"6.04"
"Incidence";"Palermo";"Lung";"30-44";"Male";"2012";"4.58"
"Incidence";"Palermo";"Lung";"30-44";"Male";"2013";"3.08"
"Incidence";"Palermo";"Lung";"30-44";"Male";"2014";"4.67"
"Incidence";"Palermo";"Lung";"30-44";"Male";"2015";"5.52"
"Incidence";"Palermo";"Lung";"30-44";"Male";"2016";"4.00"
"Incidence";"Palermo";"Lung";"30-44";"Male";"2017";"3.26"
"Incidence";"Palermo";"Lung";"45-59";"Female";"2003";"10.20"
"Incidence";"Palermo";"Lung";"45-59";"Female";"2004";"21.72"
"Incidence";"Palermo";"Lung";"45-59";"Female";"2005";"28.77"
"Incidence";"Palermo";"Lung";"45-59";"Female";"2006";"28.24"
"Incidence";"Palermo";"Lung";"45-59";"Female";"2007";"23.93"
"Incidence";"Palermo";"Lung";"45-59";"Female";"2008";"29.94"
"Incidence";"Palermo";"Lung";"45-59";"Female";"2009";"30.39"
"Incidence";"Palermo";"Lung";"45-59";"Female";"2010";"24.58"
"Incidence";"Palermo";"Lung";"45-59";"Female";"2011";"23.44"
"Incidence";"Palermo";"Lung";"45-59";"Female";"2012";"26.06"
"Incidence";"Palermo";"Lung";"45-59";"Female";"2013";"28.68"
"Incidence";"Palermo";"Lung";"45-59";"Female";"2014";"37.73"
"Incidence";"Palermo";"Lung";"45-59";"Female";"2015";"33.84"
"Incidence";"Palermo";"Lung";"45-59";"Female";"2016";"41.51"
"Incidence";"Palermo";"Lung";"45-59";"Female";"2017";"32.73"
"Mortality";"Catania-Messina-Enna";"Lung";"45-59";"Male";"2003";"55.92"
"Mortality";"Catania-Messina-Enna";"Lung";"45-59";"Male";"2004";"49.92"
"Mortality";"Catania-Messina-Enna";"Lung";"45-59";"Male";"2005";"56.31"
"Mortality";"Catania-Messina-Enna";"Lung";"45-59";"Male";"2006";"52.21"
"Mortality";"Catania-Messina-Enna";"Lung";"45-59";"Male";"2007";"49.43"
"Mortality";"Catania-Messina-Enna";"Lung";"45-59";"Male";"2008";"52.40"
"Mortality";"Catania-Messina-Enna";"Lung";"45-59";"Male";"2009";"47.18"
"Mortality";"Catania-Messina-Enna";"Lung";"45-59";"Male";"2010";"43.86"
"Mortality";"Catania-Messina-Enna";"Lung";"45-59";"Male";"2011";"38.49"
"Mortality";"Catania-Messina-Enna";"Lung";"45-59";"Male";"2012";"40.00"
"Mortality";"Catania-Messina-Enna";"Lung";"45-59";"Male";"2013";"34.77"
"Mortality";"Catania-Messina-Enna";"Lung";"45-59";"Male";"2014";"31.59"
"Mortality";"Catania-Messina-Enna";"Lung";"45-59";"Male";"2015";"37.69"
"Mortality";"Catania-Messina-Enna";"Lung";"45-59";"Male";"2016";"36.56"
"Mortality";"Catania-Messina-Enna";"Lung";"45-59";"Male";"2017";"34.87"
"Mortality";"Catania-Messina-Enna";"Lung";"45-59";"Female";"2003";"10.72"
"Mortality";"Catania-Messina-Enna";"Lung";"45-59";"Female";"2004";"13.23"
"Mortality";"Catania-Messina-Enna";"Lung";"45-59";"Female";"2005";"11.84"
"Mortality";"Catania-Messina-Enna";"Lung";"45-59";"Female";"2006";"14.68"
"Mortality";"Catania-Messina-Enna";"Lung";"45-59";"Female";"2007";"13.97"
"Mortality";"Catania-Messina-Enna";"Lung";"45-59";"Female";"2008";"15.35"
"Mortality";"Catania-Messina-Enna";"Lung";"45-59";"Female";"2009";"15.72"
"Mortality";"Catania-Messina-Enna";"Lung";"45-59";"Female";"2010";"15.45"
"Mortality";"Catania-Messina-Enna";"Lung";"45-59";"Female";"2011";"15.73"
"Mortality";"Catania-Messina-Enna";"Lung";"45-59";"Female";"2012";"14.58"
"Mortality";"Catania-Messina-Enna";"Lung";"45-59";"Female";"2013";"20.12"
"Mortality";"Catania-Messina-Enna";"Lung";"45-59";"Female";"2014";"13.47"
"Mortality";"Catania-Messina-Enna";"Lung";"45-59";"Female";"2015";"20.68"
"Mortality";"Catania-Messina-Enna";"Lung";"45-59";"Female";"2016";"21.03"
"Mortality";"Catania-Messina-Enna";"Lung";"45-59";"Female";"2017";"18.65"
"Incidence";"Pavia";"Lung";"45-59";"Male";"2003";"72.41"
"Incidence";"Pavia";"Lung";"45-59";"Male";"2004";"94.33"
"Incidence";"Pavia";"Lung";"45-59";"Male";"2005";"84.32"
"Incidence";"Pavia";"Lung";"45-59";"Male";"2006";"85.75"
"Incidence";"Pavia";"Lung";"45-59";"Male";"2007";"71.62"
"Incidence";"Pavia";"Lung";"45-59";"Male";"2008";"70.24"
"Incidence";"Pavia";"Lung";"45-59";"Male";"2009";"66.82"
"Incidence";"Pavia";"Lung";"45-59";"Male";"2010";"63.47"
"Incidence";"Pavia";"Lung";"45-59";"Male";"2011";"63.71"
"Incidence";"Pavia";"Lung";"45-59";"Male";"2012";"54.58"
"Incidence";"Pavia";"Lung";"45-59";"Male";"2013";"62.66"
"Incidence";"Pavia";"Lung";"45-59";"Male";"2014";"62.07"
"Incidence";"Pavia";"Lung";"45-59";"Male";"2015";"50.84"
"Incidence";"Pavia";"Lung";"45-59";"Male";"2016";"66.24"
"Incidence";"Pavia";"Lung";"45-59";"Male";"2017";"50.28"
"Incidence";"Catanzaro";"Lung";"45-59";"Female";"2003";"0.00"
"Incidence";"Catanzaro";"Lung";"45-59";"Female";"2004";"4.40"
"Incidence";"Catanzaro";"Lung";"45-59";"Female";"2005";"8.58"
"Incidence";"Catanzaro";"Lung";"45-59";"Female";"2006";"8.33"
"Incidence";"Catanzaro";"Lung";"45-59";"Female";"2007";"21.94"
"Incidence";"Catanzaro";"Lung";"45-59";"Female";"2008";"10.76"
"Incidence";"Catanzaro";"Lung";"45-59";"Female";"2009";"13.25"
"Incidence";"Catanzaro";"Lung";"45-59";"Female";"2010";"26.02"
"Incidence";"Catanzaro";"Lung";"45-59";"Male";"2003";"58.66"
"Incidence";"Catanzaro";"Lung";"45-59";"Male";"2004";"71.12"
"Incidence";"Catanzaro";"Lung";"45-59";"Male";"2005";"47.99"
"Incidence";"Catanzaro";"Lung";"45-59";"Male";"2006";"47.38"
"Incidence";"Catanzaro";"Lung";"45-59";"Male";"2007";"38.70"
"Incidence";"Catanzaro";"Lung";"45-59";"Male";"2008";"46.70"
"Incidence";"Catanzaro";"Lung";"45-59";"Male";"2009";"38.14"
"Incidence";"Catanzaro";"Lung";"45-59";"Male";"2010";"53.95"
"Mortality";"Pavia";"Lung";"45-59";"Male";"2003";"62.35"
"Mortality";"Pavia";"Lung";"45-59";"Male";"2004";"86.47"
"Mortality";"Pavia";"Lung";"45-59";"Male";"2005";"63.24"
"Mortality";"Pavia";"Lung";"45-59";"Male";"2006";"57.79"
"Mortality";"Pavia";"Lung";"45-59";"Male";"2007";"51.42"
"Mortality";"Pavia";"Lung";"45-59";"Male";"2008";"45.03"
"Mortality";"Pavia";"Lung";"45-59";"Male";"2009";"49.23"
"Mortality";"Pavia";"Lung";"45-59";"Male";"2010";"39.45"
"Mortality";"Pavia";"Lung";"45-59";"Male";"2011";"38.56"
"Mortality";"Pavia";"Lung";"45-59";"Male";"2012";"27.29"
"Mortality";"Pavia";"Lung";"45-59";"Male";"2013";"31.33"
"Mortality";"Pavia";"Lung";"45-59";"Male";"2014";"39.79"
"Mortality";"Pavia";"Lung";"45-59";"Male";"2015";"43.13"
"Mortality";"Pavia";"Lung";"45-59";"Male";"2016";"44.67"
"Mortality";"Pavia";"Lung";"45-59";"Male";"2017";"35.05"
"Mortality";"Pavia";"Lung";"45-59";"Female";"2003";"14.11"
"Mortality";"Pavia";"Lung";"45-59";"Female";"2004";"13.83"
"Mortality";"Pavia";"Lung";"45-59";"Female";"2005";"19.36"
"Mortality";"Pavia";"Lung";"45-59";"Female";"2006";"16.96"
"Mortality";"Pavia";"Lung";"45-59";"Female";"2007";"24.21"
"Mortality";"Pavia";"Lung";"45-59";"Female";"2008";"25.51"
"Mortality";"Pavia";"Lung";"45-59";"Female";"2009";"21.41"
"Mortality";"Pavia";"Lung";"45-59";"Female";"2010";"19.13"
"Mortality";"Pavia";"Lung";"45-59";"Female";"2011";"25.53"
"Mortality";"Pavia";"Lung";"45-59";"Female";"2012";"32.48"
"Mortality";"Pavia";"Lung";"45-59";"Female";"2013";"24.92"
"Mortality";"Pavia";"Lung";"45-59";"Female";"2014";"27.36"
"Mortality";"Pavia";"Lung";"45-59";"Female";"2015";"32.87"
"Mortality";"Pavia";"Lung";"45-59";"Female";"2016";"23.48"
"Mortality";"Pavia";"Lung";"45-59";"Female";"2017";"15.51"
"Mortality";"Palermo";"Lung";"45-59";"Male";"2003";"61.41"
"Mortality";"Palermo";"Lung";"45-59";"Male";"2004";"58.52"
"Mortality";"Palermo";"Lung";"45-59";"Male";"2005";"56.72"
"Mortality";"Palermo";"Lung";"45-59";"Male";"2006";"49.75"
"Mortality";"Palermo";"Lung";"45-59";"Male";"2007";"56.92"
"Mortality";"Palermo";"Lung";"45-59";"Male";"2008";"50.44"
"Mortality";"Palermo";"Lung";"45-59";"Male";"2009";"47.53"
"Mortality";"Palermo";"Lung";"45-59";"Male";"2010";"41.72"
"Mortality";"Palermo";"Lung";"45-59";"Male";"2011";"54.34"
"Mortality";"Palermo";"Lung";"45-59";"Male";"2012";"31.62"
"Mortality";"Palermo";"Lung";"45-59";"Male";"2013";"37.52"
"Mortality";"Palermo";"Lung";"45-59";"Male";"2014";"39.45"
"Mortality";"Palermo";"Lung";"45-59";"Male";"2015";"31.20"
"Mortality";"Palermo";"Lung";"45-59";"Male";"2016";"29.42"
"Mortality";"Palermo";"Lung";"45-59";"Male";"2017";"43.03"
"Mortality";"Palermo";"Lung";"45-59";"Female";"2003";"9.35"
"Mortality";"Palermo";"Lung";"45-59";"Female";"2004";"13.37"
"Mortality";"Palermo";"Lung";"45-59";"Female";"2005";"18.08"
"Mortality";"Palermo";"Lung";"45-59";"Female";"2006";"17.75"
"Mortality";"Palermo";"Lung";"45-59";"Female";"2007";"21.53"
"Mortality";"Palermo";"Lung";"45-59";"Female";"2008";"22.06"
"Mortality";"Palermo";"Lung";"45-59";"Female";"2009";"18.70"
"Mortality";"Palermo";"Lung";"45-59";"Female";"2010";"20.74"
"Mortality";"Palermo";"Lung";"45-59";"Female";"2011";"16.64"
"Mortality";"Palermo";"Lung";"45-59";"Female";"2012";"11.91"
"Mortality";"Palermo";"Lung";"45-59";"Female";"2013";"20.59"
"Mortality";"Palermo";"Lung";"45-59";"Female";"2014";"23.22"
"Mortality";"Palermo";"Lung";"45-59";"Female";"2015";"20.88"
"Mortality";"Palermo";"Lung";"45-59";"Female";"2016";"32.93"
"Mortality";"Palermo";"Lung";"45-59";"Female";"2017";"18.50"
"Incidence";"Pavia";"Lung";"45-59";"Female";"2003";"18.15"
"Incidence";"Pavia";"Lung";"45-59";"Female";"2004";"21.74"
"Incidence";"Pavia";"Lung";"45-59";"Female";"2005";"36.78"
"Incidence";"Pavia";"Lung";"45-59";"Female";"2006";"28.26"
"Incidence";"Pavia";"Lung";"45-59";"Female";"2007";"48.42"
"Incidence";"Pavia";"Lung";"45-59";"Female";"2008";"38.27"
"Incidence";"Pavia";"Lung";"45-59";"Female";"2009";"33.90"
"Incidence";"Pavia";"Lung";"45-59";"Female";"2010";"22.61"
"Incidence";"Pavia";"Lung";"45-59";"Female";"2011";"45.95"
"Incidence";"Pavia";"Lung";"45-59";"Female";"2012";"46.16"
"Incidence";"Pavia";"Lung";"45-59";"Female";"2013";"44.86"
"Incidence";"Pavia";"Lung";"45-59";"Female";"2014";"40.24"
"Incidence";"Pavia";"Lung";"45-59";"Female";"2015";"43.83"
"Incidence";"Pavia";"Lung";"45-59";"Female";"2016";"18.78"
"Incidence";"Pavia";"Lung";"45-59";"Female";"2017";"27.91"
"Incidence";"Nuoro";"Lung";"45-59";"Male";"2003";"58.73"
"Incidence";"Nuoro";"Lung";"45-59";"Male";"2004";"65.58"
"Incidence";"Nuoro";"Lung";"45-59";"Male";"2005";"72.10"
"Incidence";"Nuoro";"Lung";"45-59";"Male";"2006";"58.76"
"Incidence";"Nuoro";"Lung";"45-59";"Male";"2007";"62.16"
"Incidence";"Nuoro";"Lung";"45-59";"Male";"2008";"61.31"
"Incidence";"Nuoro";"Lung";"45-59";"Male";"2009";"86.70"
"Incidence";"Nuoro";"Lung";"45-59";"Male";"2010";"34.14"
"Incidence";"Nuoro";"Lung";"45-59";"Male";"2011";"25.29"
"Incidence";"Nuoro";"Lung";"45-59";"Male";"2012";"71.15"
"Incidence";"Nuoro";"Lung";"45-59";"Male";"2013";"37.15"
"Incidence";"Nuoro";"Lung";"45-59";"Male";"2014";"40.84"
"Incidence";"Nuoro";"Lung";"45-59";"Male";"2015";"36.55"
"Incidence";"Nuoro";"Lung";"45-59";"Female";"2003";"3.99"
"Incidence";"Nuoro";"Lung";"45-59";"Female";"2004";"23.61"
"Incidence";"Nuoro";"Lung";"45-59";"Female";"2005";"7.77"
"Incidence";"Nuoro";"Lung";"45-59";"Female";"2006";"13.85"
"Incidence";"Nuoro";"Lung";"45-59";"Female";"2007";"22.60"
"Incidence";"Nuoro";"Lung";"45-59";"Female";"2008";"26.58"
"Incidence";"Nuoro";"Lung";"45-59";"Female";"2009";"17.51"
"Incidence";"Nuoro";"Lung";"45-59";"Female";"2010";"17.17"
"Incidence";"Nuoro";"Lung";"45-59";"Female";"2011";"17.00"
"Incidence";"Nuoro";"Lung";"45-59";"Female";"2012";"25.18"
"Incidence";"Nuoro";"Lung";"45-59";"Female";"2013";"20.72"
"Incidence";"Nuoro";"Lung";"45-59";"Female";"2014";"20.48"
"Incidence";"Nuoro";"Lung";"45-59";"Female";"2015";"28.50"
"Incidence";"Catania-Messina-Enna";"Lung";"45-59";"Female";"2003";"18.62"
"Incidence";"Catania-Messina-Enna";"Lung";"45-59";"Female";"2004";"19.29"
"Incidence";"Catania-Messina-Enna";"Lung";"45-59";"Female";"2005";"16.15"
"Incidence";"Catania-Messina-Enna";"Lung";"45-59";"Female";"2006";"21.50"
"Incidence";"Catania-Messina-Enna";"Lung";"45-59";"Female";"2007";"21.73"
"Incidence";"Catania-Messina-Enna";"Lung";"45-59";"Female";"2008";"25.07"
"Incidence";"Catania-Messina-Enna";"Lung";"45-59";"Female";"2009";"25.86"
"Incidence";"Catania-Messina-Enna";"Lung";"45-59";"Female";"2010";"23.92"
"Incidence";"Catania-Messina-Enna";"Lung";"45-59";"Female";"2011";"25.56"
"Incidence";"Catania-Messina-Enna";"Lung";"45-59";"Female";"2012";"27.70"
"Incidence";"Catania-Messina-Enna";"Lung";"45-59";"Female";"2013";"25.86"
"Incidence";"Catania-Messina-Enna";"Lung";"45-59";"Female";"2014";"25.54"
"Incidence";"Catania-Messina-Enna";"Lung";"45-59";"Female";"2015";"32.62"
"Incidence";"Catania-Messina-Enna";"Lung";"45-59";"Female";"2016";"33.82"
"Incidence";"Catania-Messina-Enna";"Lung";"45-59";"Female";"2017";"22.29"
"Incidence";"Catania-Messina-Enna";"Lung";"45-59";"Male";"2003";"69.15"
"Incidence";"Catania-Messina-Enna";"Lung";"45-59";"Male";"2004";"76.35"
"Incidence";"Catania-Messina-Enna";"Lung";"45-59";"Male";"2005";"63.20"
"Incidence";"Catania-Messina-Enna";"Lung";"45-59";"Male";"2006";"71.85"
"Incidence";"Catania-Messina-Enna";"Lung";"45-59";"Male";"2007";"82.19"
"Incidence";"Catania-Messina-Enna";"Lung";"45-59";"Male";"2008";"64.53"
"Incidence";"Catania-Messina-Enna";"Lung";"45-59";"Male";"2009";"57.06"
"Incidence";"Catania-Messina-Enna";"Lung";"45-59";"Male";"2010";"64.43"
"Incidence";"Catania-Messina-Enna";"Lung";"45-59";"Male";"2011";"48.64"
"Incidence";"Catania-Messina-Enna";"Lung";"45-59";"Male";"2012";"55.27"
"Incidence";"Catania-Messina-Enna";"Lung";"45-59";"Male";"2013";"52.94"
"Incidence";"Catania-Messina-Enna";"Lung";"45-59";"Male";"2014";"42.13"
"Incidence";"Catania-Messina-Enna";"Lung";"45-59";"Male";"2015";"49.09"
"Incidence";"Catania-Messina-Enna";"Lung";"45-59";"Male";"2016";"50.88"
"Incidence";"Catania-Messina-Enna";"Lung";"45-59";"Male";"2017";"46.17"
"Incidence";"Insubria-Como";"Lung";"45-59";"Male";"2003";"74.24"
"Incidence";"Insubria-Como";"Lung";"45-59";"Male";"2004";"87.66"
"Incidence";"Insubria-Como";"Lung";"45-59";"Male";"2005";"69.81"
"Incidence";"Insubria-Como";"Lung";"45-59";"Male";"2006";"75.39"
"Incidence";"Insubria-Como";"Lung";"45-59";"Male";"2007";"55.54"
"Incidence";"Insubria-Como";"Lung";"45-59";"Male";"2008";"56.73"
"Incidence";"Insubria-Como";"Lung";"45-59";"Male";"2009";"54.36"
"Incidence";"Insubria-Como";"Lung";"45-59";"Male";"2010";"43.31"
"Incidence";"Insubria-Como";"Lung";"45-59";"Male";"2011";"35.86"
"Incidence";"Insubria-Como";"Lung";"45-59";"Male";"2012";"39.50"
"Incidence";"Insubria-Como";"Lung";"45-59";"Male";"2013";"55.50"
"Incidence";"Insubria-Como";"Lung";"45-59";"Male";"2014";"34.73"
"Incidence";"Insubria-Como";"Lung";"45-59";"Male";"2015";"32.48"
"Incidence";"Insubria-Como";"Lung";"45-59";"Female";"2003";"14.64"
"Incidence";"Insubria-Como";"Lung";"45-59";"Female";"2004";"21.63"
"Incidence";"Insubria-Como";"Lung";"45-59";"Female";"2005";"24.73"
"Incidence";"Insubria-Como";"Lung";"45-59";"Female";"2006";"31.03"
"Incidence";"Insubria-Como";"Lung";"45-59";"Female";"2007";"36.03"
"Incidence";"Insubria-Como";"Lung";"45-59";"Female";"2008";"37.39"
"Incidence";"Insubria-Como";"Lung";"45-59";"Female";"2009";"15.03"
"Incidence";"Insubria-Como";"Lung";"45-59";"Female";"2010";"14.75"
"Incidence";"Insubria-Como";"Lung";"45-59";"Female";"2011";"19.22"
"Incidence";"Insubria-Como";"Lung";"45-59";"Female";"2012";"24.94"
"Incidence";"Insubria-Como";"Lung";"45-59";"Female";"2013";"30.60"
"Incidence";"Insubria-Como";"Lung";"45-59";"Female";"2014";"24.02"
"Incidence";"Insubria-Como";"Lung";"45-59";"Female";"2015";"25.01"
"Incidence";"Palermo";"Lung";"45-59";"Male";"2003";"77.91"
"Incidence";"Palermo";"Lung";"45-59";"Male";"2004";"73.82"
"Incidence";"Palermo";"Lung";"45-59";"Male";"2005";"72.67"
"Incidence";"Palermo";"Lung";"45-59";"Male";"2006";"70.70"
"Incidence";"Palermo";"Lung";"45-59";"Male";"2007";"62.09"
"Incidence";"Palermo";"Lung";"45-59";"Male";"2008";"58.99"
"Incidence";"Palermo";"Lung";"45-59";"Male";"2009";"78.09"
"Incidence";"Palermo";"Lung";"45-59";"Male";"2010";"53.41"
"Incidence";"Palermo";"Lung";"45-59";"Male";"2011";"69.98"
"Incidence";"Palermo";"Lung";"45-59";"Male";"2012";"53.51"
"Incidence";"Palermo";"Lung";"45-59";"Male";"2013";"56.68"
"Incidence";"Palermo";"Lung";"45-59";"Male";"2014";"52.86"
"Incidence";"Palermo";"Lung";"45-59";"Male";"2015";"44.46"
"Incidence";"Palermo";"Lung";"45-59";"Male";"2016";"44.90"
"Incidence";"Palermo";"Lung";"45-59";"Male";"2017";"49.17"
"Incidence";"Pavia";"Lung";"60-74";"Male";"2003";"470.78"
"Incidence";"Pavia";"Lung";"60-74";"Male";"2004";"453.46"
"Incidence";"Pavia";"Lung";"60-74";"Male";"2005";"372.40"
"Incidence";"Pavia";"Lung";"60-74";"Male";"2006";"405.46"
"Incidence";"Pavia";"Lung";"60-74";"Male";"2007";"347.36"
"Incidence";"Pavia";"Lung";"60-74";"Male";"2008";"384.01"
"Incidence";"Pavia";"Lung";"60-74";"Male";"2009";"381.63"
"Incidence";"Pavia";"Lung";"60-74";"Male";"2010";"383.24"
"Incidence";"Pavia";"Lung";"60-74";"Male";"2011";"361.62"
"Incidence";"Pavia";"Lung";"60-74";"Male";"2012";"342.96"
"Incidence";"Pavia";"Lung";"60-74";"Male";"2013";"315.07"
"Incidence";"Pavia";"Lung";"60-74";"Male";"2014";"314.57"
"Incidence";"Pavia";"Lung";"60-74";"Male";"2015";"268.50"
"Incidence";"Pavia";"Lung";"60-74";"Male";"2016";"277.30"
"Incidence";"Pavia";"Lung";"60-74";"Male";"2017";"308.66"
"Incidence";"Pavia";"Lung";"60-74";"Female";"2003";"72.07"
"Incidence";"Pavia";"Lung";"60-74";"Female";"2004";"64.97"
"Incidence";"Pavia";"Lung";"60-74";"Female";"2005";"85.65"
"Incidence";"Pavia";"Lung";"60-74";"Female";"2006";"83.50"
"Incidence";"Pavia";"Lung";"60-74";"Female";"2007";"107.86"
"Incidence";"Pavia";"Lung";"60-74";"Female";"2008";"79.04"
"Incidence";"Pavia";"Lung";"60-74";"Female";"2009";"92.56"
"Incidence";"Pavia";"Lung";"60-74";"Female";"2010";"102.36"
"Incidence";"Pavia";"Lung";"60-74";"Female";"2011";"119.96"
"Incidence";"Pavia";"Lung";"60-74";"Female";"2012";"83.10"
"Incidence";"Pavia";"Lung";"60-74";"Female";"2013";"91.04"
"Incidence";"Pavia";"Lung";"60-74";"Female";"2014";"109.41"
"Incidence";"Pavia";"Lung";"60-74";"Female";"2015";"83.25"
"Incidence";"Pavia";"Lung";"60-74";"Female";"2016";"95.43"
"Incidence";"Pavia";"Lung";"60-74";"Female";"2017";"127.00"
"Incidence";"Palermo";"Lung";"60-74";"Female";"2003";"48.24"
"Incidence";"Palermo";"Lung";"60-74";"Female";"2004";"29.54"
"Incidence";"Palermo";"Lung";"60-74";"Female";"2005";"44.17"
"Incidence";"Palermo";"Lung";"60-74";"Female";"2006";"61.24"
"Incidence";"Palermo";"Lung";"60-74";"Female";"2007";"59.50"
"Incidence";"Palermo";"Lung";"60-74";"Female";"2008";"43.09"
"Incidence";"Palermo";"Lung";"60-74";"Female";"2009";"61.57"
"Incidence";"Palermo";"Lung";"60-74";"Female";"2010";"65.74"
"Incidence";"Palermo";"Lung";"60-74";"Female";"2011";"75.62"
"Incidence";"Palermo";"Lung";"60-74";"Female";"2012";"64.06"
"Incidence";"Palermo";"Lung";"60-74";"Female";"2013";"67.15"
"Incidence";"Palermo";"Lung";"60-74";"Female";"2014";"80.12"
"Incidence";"Palermo";"Lung";"60-74";"Female";"2015";"86.71"
"Incidence";"Palermo";"Lung";"60-74";"Female";"2016";"76.90"
"Incidence";"Palermo";"Lung";"60-74";"Female";"2017";"102.48"
"Incidence";"Palermo";"Lung";"60-74";"Male";"2003";"302.62"
"Incidence";"Palermo";"Lung";"60-74";"Male";"2004";"292.11"
"Incidence";"Palermo";"Lung";"60-74";"Male";"2005";"279.88"
"Incidence";"Palermo";"Lung";"60-74";"Male";"2006";"296.88"
"Incidence";"Palermo";"Lung";"60-74";"Male";"2007";"333.53"
"Incidence";"Palermo";"Lung";"60-74";"Male";"2008";"303.40"
"Incidence";"Palermo";"Lung";"60-74";"Male";"2009";"302.83"
"Incidence";"Palermo";"Lung";"60-74";"Male";"2010";"320.74"
"Incidence";"Palermo";"Lung";"60-74";"Male";"2011";"265.30"
"Incidence";"Palermo";"Lung";"60-74";"Male";"2012";"294.25"
"Incidence";"Palermo";"Lung";"60-74";"Male";"2013";"308.70"
"Incidence";"Palermo";"Lung";"60-74";"Male";"2014";"263.97"
"Incidence";"Palermo";"Lung";"60-74";"Male";"2015";"285.30"
"Incidence";"Palermo";"Lung";"60-74";"Male";"2016";"277.41"
"Incidence";"Palermo";"Lung";"60-74";"Male";"2017";"277.69"
"Incidence";"Insubria-Como";"Lung";"60-74";"Female";"2003";"60.69"
"Incidence";"Insubria-Como";"Lung";"60-74";"Female";"2004";"56.37"
"Incidence";"Insubria-Como";"Lung";"60-74";"Female";"2005";"60.41"
"Incidence";"Insubria-Como";"Lung";"60-74";"Female";"2006";"83.89"
"Incidence";"Insubria-Como";"Lung";"60-74";"Female";"2007";"74.06"
"Incidence";"Insubria-Como";"Lung";"60-74";"Female";"2008";"89.52"
"Incidence";"Insubria-Como";"Lung";"60-74";"Female";"2009";"73.85"
"Incidence";"Insubria-Como";"Lung";"60-74";"Female";"2010";"86.73"
"Incidence";"Insubria-Como";"Lung";"60-74";"Female";"2011";"101.13"
"Incidence";"Insubria-Como";"Lung";"60-74";"Female";"2012";"59.33"
"Incidence";"Insubria-Como";"Lung";"60-74";"Female";"2013";"106.39"
"Incidence";"Insubria-Como";"Lung";"60-74";"Female";"2014";"66.53"
"Incidence";"Insubria-Como";"Lung";"60-74";"Female";"2015";"91.37"
"Incidence";"Insubria-Como";"Lung";"60-74";"Male";"2003";"398.65"
"Incidence";"Insubria-Como";"Lung";"60-74";"Male";"2004";"349.09"
"Incidence";"Insubria-Como";"Lung";"60-74";"Male";"2005";"302.67"
"Incidence";"Insubria-Como";"Lung";"60-74";"Male";"2006";"316.54"
"Incidence";"Insubria-Como";"Lung";"60-74";"Male";"2007";"312.94"
"Incidence";"Insubria-Como";"Lung";"60-74";"Male";"2008";"290.23"
"Incidence";"Insubria-Como";"Lung";"60-74";"Male";"2009";"307.46"
"Incidence";"Insubria-Como";"Lung";"60-74";"Male";"2010";"264.11"
"Incidence";"Insubria-Como";"Lung";"60-74";"Male";"2011";"245.89"
"Incidence";"Insubria-Como";"Lung";"60-74";"Male";"2012";"264.76"
"Incidence";"Insubria-Como";"Lung";"60-74";"Male";"2013";"277.37"
"Incidence";"Insubria-Como";"Lung";"60-74";"Male";"2014";"268.30"
"Incidence";"Insubria-Como";"Lung";"60-74";"Male";"2015";"216.79"
"Incidence";"Catania-Messina-Enna";"Lung";"60-74";"Male";"2003";"282.17"
"Incidence";"Catania-Messina-Enna";"Lung";"60-74";"Male";"2004";"247.91"
"Incidence";"Catania-Messina-Enna";"Lung";"60-74";"Male";"2005";"266.32"
"Incidence";"Catania-Messina-Enna";"Lung";"60-74";"Male";"2006";"325.56"
"Incidence";"Catania-Messina-Enna";"Lung";"60-74";"Male";"2007";"311.15"
"Incidence";"Catania-Messina-Enna";"Lung";"60-74";"Male";"2008";"297.51"
"Incidence";"Catania-Messina-Enna";"Lung";"60-74";"Male";"2009";"240.51"
"Incidence";"Catania-Messina-Enna";"Lung";"60-74";"Male";"2010";"269.25"
"Incidence";"Catania-Messina-Enna";"Lung";"60-74";"Male";"2011";"293.63"
"Incidence";"Catania-Messina-Enna";"Lung";"60-74";"Male";"2012";"265.97"
"Incidence";"Catania-Messina-Enna";"Lung";"60-74";"Male";"2013";"243.04"
"Incidence";"Catania-Messina-Enna";"Lung";"60-74";"Male";"2014";"260.87"
"Incidence";"Catania-Messina-Enna";"Lung";"60-74";"Male";"2015";"277.45"
"Incidence";"Catania-Messina-Enna";"Lung";"60-74";"Male";"2016";"273.27"
"Incidence";"Catania-Messina-Enna";"Lung";"60-74";"Male";"2017";"222.56"
"Incidence";"Catania-Messina-Enna";"Lung";"60-74";"Female";"2003";"35.13"
"Incidence";"Catania-Messina-Enna";"Lung";"60-74";"Female";"2004";"37.47"
"Incidence";"Catania-Messina-Enna";"Lung";"60-74";"Female";"2005";"44.00"
"Incidence";"Catania-Messina-Enna";"Lung";"60-74";"Female";"2006";"46.64"
"Incidence";"Catania-Messina-Enna";"Lung";"60-74";"Female";"2007";"57.31"
"Incidence";"Catania-Messina-Enna";"Lung";"60-74";"Female";"2008";"55.26"
"Incidence";"Catania-Messina-Enna";"Lung";"60-74";"Female";"2009";"60.10"
"Incidence";"Catania-Messina-Enna";"Lung";"60-74";"Female";"2010";"55.82"
"Incidence";"Catania-Messina-Enna";"Lung";"60-74";"Female";"2011";"53.26"
"Incidence";"Catania-Messina-Enna";"Lung";"60-74";"Female";"2012";"56.32"
"Incidence";"Catania-Messina-Enna";"Lung";"60-74";"Female";"2013";"54.56"
"Incidence";"Catania-Messina-Enna";"Lung";"60-74";"Female";"2014";"56.35"
"Incidence";"Catania-Messina-Enna";"Lung";"60-74";"Female";"2015";"60.08"
"Incidence";"Catania-Messina-Enna";"Lung";"60-74";"Female";"2016";"72.90"
"Incidence";"Catania-Messina-Enna";"Lung";"60-74";"Female";"2017";"69.03"
"Incidence";"Nuoro";"Lung";"60-74";"Female";"2003";"22.57"
"Incidence";"Nuoro";"Lung";"60-74";"Female";"2004";"26.94"
"Incidence";"Nuoro";"Lung";"60-74";"Female";"2005";"40.44"
"Incidence";"Nuoro";"Lung";"60-74";"Female";"2006";"32.12"
"Incidence";"Nuoro";"Lung";"60-74";"Female";"2007";"31.98"
"Incidence";"Nuoro";"Lung";"60-74";"Female";"2008";"26.53"
"Incidence";"Nuoro";"Lung";"60-74";"Female";"2009";"42.00"
"Incidence";"Nuoro";"Lung";"60-74";"Female";"2010";"41.87"
"Incidence";"Nuoro";"Lung";"60-74";"Female";"2011";"20.74"
"Incidence";"Nuoro";"Lung";"60-74";"Female";"2012";"46.84"
"Incidence";"Nuoro";"Lung";"60-74";"Female";"2013";"56.77"
"Incidence";"Nuoro";"Lung";"60-74";"Female";"2014";"46.24"
"Incidence";"Nuoro";"Lung";"60-74";"Female";"2015";"45.83"
"Incidence";"Nuoro";"Lung";"60-74";"Male";"2003";"214.48"
"Incidence";"Nuoro";"Lung";"60-74";"Male";"2004";"143.00"
"Incidence";"Nuoro";"Lung";"60-74";"Male";"2005";"220.60"
"Incidence";"Nuoro";"Lung";"60-74";"Male";"2006";"223.29"
"Incidence";"Nuoro";"Lung";"60-74";"Male";"2007";"314.96"
"Incidence";"Nuoro";"Lung";"60-74";"Male";"2008";"154.55"
"Incidence";"Nuoro";"Lung";"60-74";"Male";"2009";"290.80"
"Incidence";"Nuoro";"Lung";"60-74";"Male";"2010";"245.64"
"Incidence";"Nuoro";"Lung";"60-74";"Male";"2011";"270.67"
"Incidence";"Nuoro";"Lung";"60-74";"Male";"2012";"233.47"
"Incidence";"Nuoro";"Lung";"60-74";"Male";"2013";"205.12"
"Incidence";"Nuoro";"Lung";"60-74";"Male";"2014";"237.02"
"Incidence";"Nuoro";"Lung";"60-74";"Male";"2015";"238.70"
"Mortality";"Palermo";"Lung";"60-74";"Female";"2003";"45.09"
"Mortality";"Palermo";"Lung";"60-74";"Female";"2004";"32.71"
"Mortality";"Palermo";"Lung";"60-74";"Female";"2005";"36.81"
"Mortality";"Palermo";"Lung";"60-74";"Female";"2006";"40.13"
"Mortality";"Palermo";"Lung";"60-74";"Female";"2007";"50.11"
"Mortality";"Palermo";"Lung";"60-74";"Female";"2008";"44.12"
"Mortality";"Palermo";"Lung";"60-74";"Female";"2009";"47.44"
"Mortality";"Palermo";"Lung";"60-74";"Female";"2010";"51.79"
"Mortality";"Palermo";"Lung";"60-74";"Female";"2011";"63.84"
"Mortality";"Palermo";"Lung";"60-74";"Female";"2012";"50.47"
"Mortality";"Palermo";"Lung";"60-74";"Female";"2013";"47.00"
"Mortality";"Palermo";"Lung";"60-74";"Female";"2014";"60.09"
"Mortality";"Palermo";"Lung";"60-74";"Female";"2015";"75.40"
"Mortality";"Palermo";"Lung";"60-74";"Female";"2016";"59.08"
"Mortality";"Palermo";"Lung";"60-74";"Female";"2017";"73.86"
"Mortality";"Palermo";"Lung";"60-74";"Male";"2003";"275.00"
"Mortality";"Palermo";"Lung";"60-74";"Male";"2004";"270.71"
"Mortality";"Palermo";"Lung";"60-74";"Male";"2005";"243.64"
"Mortality";"Palermo";"Lung";"60-74";"Male";"2006";"239.50"
"Mortality";"Palermo";"Lung";"60-74";"Male";"2007";"256.28"
"Mortality";"Palermo";"Lung";"60-74";"Male";"2008";"250.64"
"Mortality";"Palermo";"Lung";"60-74";"Male";"2009";"264.09"
"Mortality";"Palermo";"Lung";"60-74";"Male";"2010";"297.66"
"Mortality";"Palermo";"Lung";"60-74";"Male";"2011";"229.17"
"Mortality";"Palermo";"Lung";"60-74";"Male";"2012";"232.06"
"Mortality";"Palermo";"Lung";"60-74";"Male";"2013";"244.12"
"Mortality";"Palermo";"Lung";"60-74";"Male";"2014";"229.21"
"Mortality";"Palermo";"Lung";"60-74";"Male";"2015";"220.94"
"Mortality";"Palermo";"Lung";"60-74";"Male";"2016";"221.08"
"Mortality";"Palermo";"Lung";"60-74";"Male";"2017";"215.05"
"Mortality";"Pavia";"Lung";"60-74";"Female";"2003";"46.75"
"Mortality";"Pavia";"Lung";"60-74";"Female";"2004";"49.22"
"Mortality";"Pavia";"Lung";"60-74";"Female";"2005";"61.75"
"Mortality";"Pavia";"Lung";"60-74";"Female";"2006";"50.92"
"Mortality";"Pavia";"Lung";"60-74";"Female";"2007";"79.37"
"Mortality";"Pavia";"Lung";"60-74";"Female";"2008";"66.88"
"Mortality";"Pavia";"Lung";"60-74";"Female";"2009";"50.30"
"Mortality";"Pavia";"Lung";"60-74";"Female";"2010";"68.24"
"Mortality";"Pavia";"Lung";"60-74";"Female";"2011";"61.98"
"Mortality";"Pavia";"Lung";"60-74";"Female";"2012";"81.07"
"Mortality";"Pavia";"Lung";"60-74";"Female";"2013";"50.58"
"Mortality";"Pavia";"Lung";"60-74";"Female";"2014";"76.99"
"Mortality";"Pavia";"Lung";"60-74";"Female";"2015";"56.85"
"Mortality";"Pavia";"Lung";"60-74";"Female";"2016";"77.15"
"Mortality";"Pavia";"Lung";"60-74";"Female";"2017";"72.57"
"Mortality";"Pavia";"Lung";"60-74";"Male";"2003";"433.67"
"Mortality";"Pavia";"Lung";"60-74";"Male";"2004";"296.14"
"Mortality";"Pavia";"Lung";"60-74";"Male";"2005";"328.17"
"Mortality";"Pavia";"Lung";"60-74";"Male";"2006";"334.74"
"Mortality";"Pavia";"Lung";"60-74";"Male";"2007";"319.38"
"Mortality";"Pavia";"Lung";"60-74";"Male";"2008";"315.03"
"Mortality";"Pavia";"Lung";"60-74";"Male";"2009";"320.66"
"Mortality";"Pavia";"Lung";"60-74";"Male";"2010";"336.17"
"Mortality";"Pavia";"Lung";"60-74";"Male";"2011";"270.66"
"Mortality";"Pavia";"Lung";"60-74";"Male";"2012";"244.33"
"Mortality";"Pavia";"Lung";"60-74";"Male";"2013";"261.81"
"Mortality";"Pavia";"Lung";"60-74";"Male";"2014";"255.17"
"Mortality";"Pavia";"Lung";"60-74";"Male";"2015";"235.49"
"Mortality";"Pavia";"Lung";"60-74";"Male";"2016";"222.28"
"Mortality";"Pavia";"Lung";"60-74";"Male";"2017";"202.15"
"Incidence";"Catanzaro";"Lung";"60-74";"Male";"2003";"210.46"
"Incidence";"Catanzaro";"Lung";"60-74";"Male";"2004";"281.86"
"Incidence";"Catanzaro";"Lung";"60-74";"Male";"2005";"205.05"
"Incidence";"Catanzaro";"Lung";"60-74";"Male";"2006";"187.08"
"Incidence";"Catanzaro";"Lung";"60-74";"Male";"2007";"254.25"
"Incidence";"Catanzaro";"Lung";"60-74";"Male";"2008";"281.05"
"Incidence";"Catanzaro";"Lung";"60-74";"Male";"2009";"199.40"
"Incidence";"Catanzaro";"Lung";"60-74";"Male";"2010";"262.42"
"Incidence";"Catanzaro";"Lung";"60-74";"Female";"2003";"5.18"
"Incidence";"Catanzaro";"Lung";"60-74";"Female";"2004";"31.37"
"Incidence";"Catanzaro";"Lung";"60-74";"Female";"2005";"42.35"
"Incidence";"Catanzaro";"Lung";"60-74";"Female";"2006";"32.51"
"Incidence";"Catanzaro";"Lung";"60-74";"Female";"2007";"25.34"
"Incidence";"Catanzaro";"Lung";"60-74";"Female";"2008";"36.13"
"Incidence";"Catanzaro";"Lung";"60-74";"Female";"2009";"39.44"
"Incidence";"Catanzaro";"Lung";"60-74";"Female";"2010";"42.74"
"Mortality";"Catania-Messina-Enna";"Lung";"60-74";"Female";"2003";"35.79"
"Mortality";"Catania-Messina-Enna";"Lung";"60-74";"Female";"2004";"32.11"
"Mortality";"Catania-Messina-Enna";"Lung";"60-74";"Female";"2005";"30.46"
"Mortality";"Catania-Messina-Enna";"Lung";"60-74";"Female";"2006";"28.81"
"Mortality";"Catania-Messina-Enna";"Lung";"60-74";"Female";"2007";"43.66"
"Mortality";"Catania-Messina-Enna";"Lung";"60-74";"Female";"2008";"42.45"
"Mortality";"Catania-Messina-Enna";"Lung";"60-74";"Female";"2009";"40.73"
"Mortality";"Catania-Messina-Enna";"Lung";"60-74";"Female";"2010";"41.20"
"Mortality";"Catania-Messina-Enna";"Lung";"60-74";"Female";"2011";"44.06"
"Mortality";"Catania-Messina-Enna";"Lung";"60-74";"Female";"2012";"47.26"
"Mortality";"Catania-Messina-Enna";"Lung";"60-74";"Female";"2013";"46.86"
"Mortality";"Catania-Messina-Enna";"Lung";"60-74";"Female";"2014";"36.94"
"Mortality";"Catania-Messina-Enna";"Lung";"60-74";"Female";"2015";"55.13"
"Mortality";"Catania-Messina-Enna";"Lung";"60-74";"Female";"2016";"50.23"
"Mortality";"Catania-Messina-Enna";"Lung";"60-74";"Female";"2017";"41.42"
"Mortality";"Catania-Messina-Enna";"Lung";"60-74";"Male";"2003";"249.07"
"Mortality";"Catania-Messina-Enna";"Lung";"60-74";"Male";"2004";"221.77"
"Mortality";"Catania-Messina-Enna";"Lung";"60-74";"Male";"2005";"245.59"
"Mortality";"Catania-Messina-Enna";"Lung";"60-74";"Male";"2006";"255.62"
"Mortality";"Catania-Messina-Enna";"Lung";"60-74";"Male";"2007";"284.96"
"Mortality";"Catania-Messina-Enna";"Lung";"60-74";"Male";"2008";"229.58"
"Mortality";"Catania-Messina-Enna";"Lung";"60-74";"Male";"2009";"227.45"
"Mortality";"Catania-Messina-Enna";"Lung";"60-74";"Male";"2010";"250.23"
"Mortality";"Catania-Messina-Enna";"Lung";"60-74";"Male";"2011";"220.78"
"Mortality";"Catania-Messina-Enna";"Lung";"60-74";"Male";"2012";"238.13"
"Mortality";"Catania-Messina-Enna";"Lung";"60-74";"Male";"2013";"226.40"
"Mortality";"Catania-Messina-Enna";"Lung";"60-74";"Male";"2014";"207.02"
"Mortality";"Catania-Messina-Enna";"Lung";"60-74";"Male";"2015";"212.41"
"Mortality";"Catania-Messina-Enna";"Lung";"60-74";"Male";"2016";"217.39"
"Mortality";"Catania-Messina-Enna";"Lung";"60-74";"Male";"2017";"203.18"
"Incidence";"Pavia";"Lung";"75-85+";"Male";"2003";"580.48"
"Incidence";"Pavia";"Lung";"75-85+";"Male";"2004";"723.54"
"Incidence";"Pavia";"Lung";"75-85+";"Male";"2005";"620.58"
"Incidence";"Pavia";"Lung";"75-85+";"Male";"2006";"722.15"
"Incidence";"Pavia";"Lung";"75-85+";"Male";"2007";"745.67"
"Incidence";"Pavia";"Lung";"75-85+";"Male";"2008";"659.66"
"Incidence";"Pavia";"Lung";"75-85+";"Male";"2009";"621.65"
"Incidence";"Pavia";"Lung";"75-85+";"Male";"2010";"626.30"
"Incidence";"Pavia";"Lung";"75-85+";"Male";"2011";"552.34"
"Incidence";"Pavia";"Lung";"75-85+";"Male";"2012";"623.11"
"Incidence";"Pavia";"Lung";"75-85+";"Male";"2013";"601.59"
"Incidence";"Pavia";"Lung";"75-85+";"Male";"2014";"578.75"
"Incidence";"Pavia";"Lung";"75-85+";"Male";"2015";"506.48"
"Incidence";"Pavia";"Lung";"75-85+";"Male";"2016";"529.51"
"Incidence";"Pavia";"Lung";"75-85+";"Male";"2017";"539.46"
"Mortality";"Catania-Messina-Enna";"Lung";"75-85+";"Female";"2003";"48.56"
"Mortality";"Catania-Messina-Enna";"Lung";"75-85+";"Female";"2004";"71.60"
"Mortality";"Catania-Messina-Enna";"Lung";"75-85+";"Female";"2005";"62.37"
"Mortality";"Catania-Messina-Enna";"Lung";"75-85+";"Female";"2006";"71.38"
"Mortality";"Catania-Messina-Enna";"Lung";"75-85+";"Female";"2007";"52.87"
"Mortality";"Catania-Messina-Enna";"Lung";"75-85+";"Female";"2008";"93.08"
"Mortality";"Catania-Messina-Enna";"Lung";"75-85+";"Female";"2009";"72.20"
"Mortality";"Catania-Messina-Enna";"Lung";"75-85+";"Female";"2010";"71.32"
"Mortality";"Catania-Messina-Enna";"Lung";"75-85+";"Female";"2011";"78.41"
"Mortality";"Catania-Messina-Enna";"Lung";"75-85+";"Female";"2012";"83.31"
"Mortality";"Catania-Messina-Enna";"Lung";"75-85+";"Female";"2013";"81.25"
"Mortality";"Catania-Messina-Enna";"Lung";"75-85+";"Female";"2014";"73.15"
"Mortality";"Catania-Messina-Enna";"Lung";"75-85+";"Female";"2015";"105.65"
"Mortality";"Catania-Messina-Enna";"Lung";"75-85+";"Female";"2016";"96.84"
"Mortality";"Catania-Messina-Enna";"Lung";"75-85+";"Female";"2017";"98.60"
"Mortality";"Palermo";"Lung";"75-85+";"Female";"2003";"61.46"
"Mortality";"Palermo";"Lung";"75-85+";"Female";"2004";"96.21"
"Mortality";"Palermo";"Lung";"75-85+";"Female";"2005";"65.16"
"Mortality";"Palermo";"Lung";"75-85+";"Female";"2006";"90.02"
"Mortality";"Palermo";"Lung";"75-85+";"Female";"2007";"85.74"
"Mortality";"Palermo";"Lung";"75-85+";"Female";"2008";"88.62"
"Mortality";"Palermo";"Lung";"75-85+";"Female";"2009";"81.52"
"Mortality";"Palermo";"Lung";"75-85+";"Female";"2010";"113.59"
"Mortality";"Palermo";"Lung";"75-85+";"Female";"2011";"74.92"
"Mortality";"Palermo";"Lung";"75-85+";"Female";"2012";"87.06"
"Mortality";"Palermo";"Lung";"75-85+";"Female";"2013";"110.97"
"Mortality";"Palermo";"Lung";"75-85+";"Female";"2014";"100.11"
"Mortality";"Palermo";"Lung";"75-85+";"Female";"2015";"87.12"
"Mortality";"Palermo";"Lung";"75-85+";"Female";"2016";"109.39"
"Mortality";"Palermo";"Lung";"75-85+";"Female";"2017";"94.66"
"Incidence";"Catanzaro";"Lung";"75-85+";"Male";"2003";"304.37"
"Incidence";"Catanzaro";"Lung";"75-85+";"Male";"2004";"294.43"
"Incidence";"Catanzaro";"Lung";"75-85+";"Male";"2005";"359.71"
"Incidence";"Catanzaro";"Lung";"75-85+";"Male";"2006";"356.99"
"Incidence";"Catanzaro";"Lung";"75-85+";"Male";"2007";"362.70"
"Incidence";"Catanzaro";"Lung";"75-85+";"Male";"2008";"328.97"
"Incidence";"Catanzaro";"Lung";"75-85+";"Male";"2009";"321.15"
"Incidence";"Catanzaro";"Lung";"75-85+";"Male";"2010";"386.10"
"Incidence";"Catania-Messina-Enna";"Lung";"75-85+";"Female";"2003";"59.59"
"Incidence";"Catania-Messina-Enna";"Lung";"75-85+";"Female";"2004";"64.12"
"Incidence";"Catania-Messina-Enna";"Lung";"75-85+";"Female";"2005";"49.90"
"Incidence";"Catania-Messina-Enna";"Lung";"75-85+";"Female";"2006";"57.30"
"Incidence";"Catania-Messina-Enna";"Lung";"75-85+";"Female";"2007";"51.89"
"Incidence";"Catania-Messina-Enna";"Lung";"75-85+";"Female";"2008";"75.80"
"Incidence";"Catania-Messina-Enna";"Lung";"75-85+";"Female";"2009";"61.89"
"Incidence";"Catania-Messina-Enna";"Lung";"75-85+";"Female";"2010";"67.67"
"Incidence";"Catania-Messina-Enna";"Lung";"75-85+";"Female";"2011";"77.51"
"Incidence";"Catania-Messina-Enna";"Lung";"75-85+";"Female";"2012";"83.31"
"Incidence";"Catania-Messina-Enna";"Lung";"75-85+";"Female";"2013";"55.35"
"Incidence";"Catania-Messina-Enna";"Lung";"75-85+";"Female";"2014";"55.74"
"Incidence";"Catania-Messina-Enna";"Lung";"75-85+";"Female";"2015";"78.80"
"Incidence";"Catania-Messina-Enna";"Lung";"75-85+";"Female";"2016";"86.56"
"Incidence";"Catania-Messina-Enna";"Lung";"75-85+";"Female";"2017";"85.00"
"Incidence";"Nuoro";"Lung";"75-85+";"Female";"2003";"37.76"
"Incidence";"Nuoro";"Lung";"75-85+";"Female";"2004";"21.87"
"Incidence";"Nuoro";"Lung";"75-85+";"Female";"2005";"28.09"
"Incidence";"Nuoro";"Lung";"75-85+";"Female";"2006";"17.08"
"Incidence";"Nuoro";"Lung";"75-85+";"Female";"2007";"24.90"
"Incidence";"Nuoro";"Lung";"75-85+";"Female";"2008";"32.26"
"Incidence";"Nuoro";"Lung";"75-85+";"Female";"2009";"101.27"
"Incidence";"Nuoro";"Lung";"75-85+";"Female";"2010";"68.57"
"Incidence";"Nuoro";"Lung";"75-85+";"Female";"2011";"29.78"
"Incidence";"Nuoro";"Lung";"75-85+";"Female";"2012";"43.46"
"Incidence";"Nuoro";"Lung";"75-85+";"Female";"2013";"42.94"
"Incidence";"Nuoro";"Lung";"75-85+";"Female";"2014";"83.32"
"Incidence";"Nuoro";"Lung";"75-85+";"Female";"2015";"54.15"
"Incidence";"Catania-Messina-Enna";"Lung";"75-85+";"Male";"2003";"397.71"
"Incidence";"Catania-Messina-Enna";"Lung";"75-85+";"Male";"2004";"409.11"
"Incidence";"Catania-Messina-Enna";"Lung";"75-85+";"Male";"2005";"369.83"
"Incidence";"Catania-Messina-Enna";"Lung";"75-85+";"Male";"2006";"426.88"
"Incidence";"Catania-Messina-Enna";"Lung";"75-85+";"Male";"2007";"418.62"
"Incidence";"Catania-Messina-Enna";"Lung";"75-85+";"Male";"2008";"430.82"
"Incidence";"Catania-Messina-Enna";"Lung";"75-85+";"Male";"2009";"439.80"
"Incidence";"Catania-Messina-Enna";"Lung";"75-85+";"Male";"2010";"391.84"
"Incidence";"Catania-Messina-Enna";"Lung";"75-85+";"Male";"2011";"424.80"
"Incidence";"Catania-Messina-Enna";"Lung";"75-85+";"Male";"2012";"408.86"
"Incidence";"Catania-Messina-Enna";"Lung";"75-85+";"Male";"2013";"383.42"
"Incidence";"Catania-Messina-Enna";"Lung";"75-85+";"Male";"2014";"365.78"
"Incidence";"Catania-Messina-Enna";"Lung";"75-85+";"Male";"2015";"361.52"
"Incidence";"Catania-Messina-Enna";"Lung";"75-85+";"Male";"2016";"359.30"
"Incidence";"Catania-Messina-Enna";"Lung";"75-85+";"Male";"2017";"348.36"
"Mortality";"Palermo";"Lung";"75-85+";"Male";"2003";"389.98"
"Mortality";"Palermo";"Lung";"75-85+";"Male";"2004";"495.57"
"Mortality";"Palermo";"Lung";"75-85+";"Male";"2005";"449.76"
"Mortality";"Palermo";"Lung";"75-85+";"Male";"2006";"463.88"
"Mortality";"Palermo";"Lung";"75-85+";"Male";"2007";"405.60"
"Mortality";"Palermo";"Lung";"75-85+";"Male";"2008";"462.29"
"Mortality";"Palermo";"Lung";"75-85+";"Male";"2009";"509.73"
"Mortality";"Palermo";"Lung";"75-85+";"Male";"2010";"478.56"
"Mortality";"Palermo";"Lung";"75-85+";"Male";"2011";"451.38"
"Mortality";"Palermo";"Lung";"75-85+";"Male";"2012";"496.37"
"Mortality";"Palermo";"Lung";"75-85+";"Male";"2013";"458.79"
"Mortality";"Palermo";"Lung";"75-85+";"Male";"2014";"443.66"
"Mortality";"Palermo";"Lung";"75-85+";"Male";"2015";"464.82"
"Mortality";"Palermo";"Lung";"75-85+";"Male";"2016";"458.20"
"Mortality";"Palermo";"Lung";"75-85+";"Male";"2017";"505.78"
"Incidence";"Insubria-Como";"Lung";"75-85+";"Female";"2003";"72.63"
"Incidence";"Insubria-Como";"Lung";"75-85+";"Female";"2004";"104.67"
"Incidence";"Insubria-Como";"Lung";"75-85+";"Female";"2005";"104.26"
"Incidence";"Insubria-Como";"Lung";"75-85+";"Female";"2006";"126.04"
"Incidence";"Insubria-Como";"Lung";"75-85+";"Female";"2007";"122.32"
"Incidence";"Insubria-Como";"Lung";"75-85+";"Female";"2008";"124.31"
"Incidence";"Insubria-Como";"Lung";"75-85+";"Female";"2009";"122.03"
"Incidence";"Insubria-Como";"Lung";"75-85+";"Female";"2010";"121.83"
"Incidence";"Insubria-Como";"Lung";"75-85+";"Female";"2011";"108.28"
"Incidence";"Insubria-Como";"Lung";"75-85+";"Female";"2012";"132.62"
"Incidence";"Insubria-Como";"Lung";"75-85+";"Female";"2013";"121.73"
"Incidence";"Insubria-Como";"Lung";"75-85+";"Female";"2014";"79.99"
"Incidence";"Insubria-Como";"Lung";"75-85+";"Female";"2015";"92.67"
"Mortality";"Pavia";"Lung";"75-85+";"Male";"2003";"655.95"
"Mortality";"Pavia";"Lung";"75-85+";"Male";"2004";"645.02"
"Mortality";"Pavia";"Lung";"75-85+";"Male";"2005";"767.56"
"Mortality";"Pavia";"Lung";"75-85+";"Male";"2006";"653.63"
"Mortality";"Pavia";"Lung";"75-85+";"Male";"2007";"821.24"
"Mortality";"Pavia";"Lung";"75-85+";"Male";"2008";"640.12"
"Mortality";"Pavia";"Lung";"75-85+";"Male";"2009";"711.81"
"Mortality";"Pavia";"Lung";"75-85+";"Male";"2010";"746.03"
"Mortality";"Pavia";"Lung";"75-85+";"Male";"2011";"619.15"
"Mortality";"Pavia";"Lung";"75-85+";"Male";"2012";"596.78"
"Mortality";"Pavia";"Lung";"75-85+";"Male";"2013";"678.39"
"Mortality";"Pavia";"Lung";"75-85+";"Male";"2014";"537.70"
"Mortality";"Pavia";"Lung";"75-85+";"Male";"2015";"575.55"
"Mortality";"Pavia";"Lung";"75-85+";"Male";"2016";"571.71"
"Mortality";"Pavia";"Lung";"75-85+";"Male";"2017";"607.36"
"Incidence";"Palermo";"Lung";"75-85+";"Male";"2003";"424.90"
"Incidence";"Palermo";"Lung";"75-85+";"Male";"2004";"367.41"
"Incidence";"Palermo";"Lung";"75-85+";"Male";"2005";"355.37"
"Incidence";"Palermo";"Lung";"75-85+";"Male";"2006";"445.21"
"Incidence";"Palermo";"Lung";"75-85+";"Male";"2007";"400.43"
"Incidence";"Palermo";"Lung";"75-85+";"Male";"2008";"412.04"
"Incidence";"Palermo";"Lung";"75-85+";"Male";"2009";"478.03"
"Incidence";"Palermo";"Lung";"75-85+";"Male";"2010";"447.45"
"Incidence";"Palermo";"Lung";"75-85+";"Male";"2011";"427.99"
"Incidence";"Palermo";"Lung";"75-85+";"Male";"2012";"464.20"
"Incidence";"Palermo";"Lung";"75-85+";"Male";"2013";"449.75"
"Incidence";"Palermo";"Lung";"75-85+";"Male";"2014";"428.21"
"Incidence";"Palermo";"Lung";"75-85+";"Male";"2015";"451.90"
"Incidence";"Palermo";"Lung";"75-85+";"Male";"2016";"403.30"
"Incidence";"Palermo";"Lung";"75-85+";"Male";"2017";"466.23"
"Mortality";"Pavia";"Lung";"75-85+";"Female";"2003";"102.91"
"Mortality";"Pavia";"Lung";"75-85+";"Female";"2004";"103.55"
"Mortality";"Pavia";"Lung";"75-85+";"Female";"2005";"117.39"
"Mortality";"Pavia";"Lung";"75-85+";"Female";"2006";"135.97"
"Mortality";"Pavia";"Lung";"75-85+";"Female";"2007";"114.33"
"Mortality";"Pavia";"Lung";"75-85+";"Female";"2008";"140.40"
"Mortality";"Pavia";"Lung";"75-85+";"Female";"2009";"120.37"
"Mortality";"Pavia";"Lung";"75-85+";"Female";"2010";"116.45"
"Mortality";"Pavia";"Lung";"75-85+";"Female";"2011";"97.53"
"Mortality";"Pavia";"Lung";"75-85+";"Female";"2012";"138.47"
"Mortality";"Pavia";"Lung";"75-85+";"Female";"2013";"156.17"
"Mortality";"Pavia";"Lung";"75-85+";"Female";"2014";"110.39"
"Mortality";"Pavia";"Lung";"75-85+";"Female";"2015";"129.95"
"Mortality";"Pavia";"Lung";"75-85+";"Female";"2016";"139.07"
"Mortality";"Pavia";"Lung";"75-85+";"Female";"2017";"129.14"
"Incidence";"Insubria-Como";"Lung";"75-85+";"Male";"2003";"594.73"
"Incidence";"Insubria-Como";"Lung";"75-85+";"Male";"2004";"689.09"
"Incidence";"Insubria-Como";"Lung";"75-85+";"Male";"2005";"668.40"
"Incidence";"Insubria-Como";"Lung";"75-85+";"Male";"2006";"673.81"
"Incidence";"Insubria-Como";"Lung";"75-85+";"Male";"2007";"526.29"
"Incidence";"Insubria-Como";"Lung";"75-85+";"Male";"2008";"651.32"
"Incidence";"Insubria-Como";"Lung";"75-85+";"Male";"2009";"696.88"
"Incidence";"Insubria-Como";"Lung";"75-85+";"Male";"2010";"474.88"
"Incidence";"Insubria-Como";"Lung";"75-85+";"Male";"2011";"595.53"
"Incidence";"Insubria-Como";"Lung";"75-85+";"Male";"2012";"528.81"
"Incidence";"Insubria-Como";"Lung";"75-85+";"Male";"2013";"568.11"
"Incidence";"Insubria-Como";"Lung";"75-85+";"Male";"2014";"392.22"
"Incidence";"Insubria-Como";"Lung";"75-85+";"Male";"2015";"451.42"
"Incidence";"Palermo";"Lung";"75-85+";"Female";"2003";"63.33"
"Incidence";"Palermo";"Lung";"75-85+";"Female";"2004";"76.24"
"Incidence";"Palermo";"Lung";"75-85+";"Female";"2005";"52.84"
"Incidence";"Palermo";"Lung";"75-85+";"Female";"2006";"71.34"
"Incidence";"Palermo";"Lung";"75-85+";"Female";"2007";"79.14"
"Incidence";"Palermo";"Lung";"75-85+";"Female";"2008";"77.34"
"Incidence";"Palermo";"Lung";"75-85+";"Female";"2009";"87.79"
"Incidence";"Palermo";"Lung";"75-85+";"Female";"2010";"79.82"
"Incidence";"Palermo";"Lung";"75-85+";"Female";"2011";"68.92"
"Incidence";"Palermo";"Lung";"75-85+";"Female";"2012";"75.25"
"Incidence";"Palermo";"Lung";"75-85+";"Female";"2013";"106.59"
"Incidence";"Palermo";"Lung";"75-85+";"Female";"2014";"87.24"
"Incidence";"Palermo";"Lung";"75-85+";"Female";"2015";"95.55"
"Incidence";"Palermo";"Lung";"75-85+";"Female";"2016";"91.39"
"Incidence";"Palermo";"Lung";"75-85+";"Female";"2017";"97.41"
"Incidence";"Catanzaro";"Lung";"75-85+";"Female";"2003";"0.00"
"Incidence";"Catanzaro";"Lung";"75-85+";"Female";"2004";"51.31"
"Incidence";"Catanzaro";"Lung";"75-85+";"Female";"2005";"8.27"
"Incidence";"Catanzaro";"Lung";"75-85+";"Female";"2006";"42.08"
"Incidence";"Catanzaro";"Lung";"75-85+";"Female";"2007";"45.78"
"Incidence";"Catanzaro";"Lung";"75-85+";"Female";"2008";"44.40"
"Incidence";"Catanzaro";"Lung";"75-85+";"Female";"2009";"57.82"
"Incidence";"Catanzaro";"Lung";"75-85+";"Female";"2010";"52.12"
"Incidence";"Pavia";"Lung";"75-85+";"Female";"2003";"122.92"
"Incidence";"Pavia";"Lung";"75-85+";"Female";"2004";"111.94"
"Incidence";"Pavia";"Lung";"75-85+";"Female";"2005";"95.55"
"Incidence";"Pavia";"Lung";"75-85+";"Female";"2006";"101.31"
"Incidence";"Pavia";"Lung";"75-85+";"Female";"2007";"111.73"
"Incidence";"Pavia";"Lung";"75-85+";"Female";"2008";"137.85"
"Incidence";"Pavia";"Lung";"75-85+";"Female";"2009";"100.31"
"Incidence";"Pavia";"Lung";"75-85+";"Female";"2010";"123.88"
"Incidence";"Pavia";"Lung";"75-85+";"Female";"2011";"107.28"
"Incidence";"Pavia";"Lung";"75-85+";"Female";"2012";"128.76"
"Incidence";"Pavia";"Lung";"75-85+";"Female";"2013";"96.11"
"Incidence";"Pavia";"Lung";"75-85+";"Female";"2014";"119.78"
"Incidence";"Pavia";"Lung";"75-85+";"Female";"2015";"109.43"
"Incidence";"Pavia";"Lung";"75-85+";"Female";"2016";"152.75"
"Incidence";"Pavia";"Lung";"75-85+";"Female";"2017";"117.81"
"Mortality";"Catania-Messina-Enna";"Lung";"75-85+";"Male";"2003";"441.51"
"Mortality";"Catania-Messina-Enna";"Lung";"75-85+";"Male";"2004";"475.31"
"Mortality";"Catania-Messina-Enna";"Lung";"75-85+";"Male";"2005";"434.22"
"Mortality";"Catania-Messina-Enna";"Lung";"75-85+";"Male";"2006";"431.66"
"Mortality";"Catania-Messina-Enna";"Lung";"75-85+";"Male";"2007";"477.53"
"Mortality";"Catania-Messina-Enna";"Lung";"75-85+";"Male";"2008";"485.24"
"Mortality";"Catania-Messina-Enna";"Lung";"75-85+";"Male";"2009";"464.89"
"Mortality";"Catania-Messina-Enna";"Lung";"75-85+";"Male";"2010";"443.51"
"Mortality";"Catania-Messina-Enna";"Lung";"75-85+";"Male";"2011";"493.73"
"Mortality";"Catania-Messina-Enna";"Lung";"75-85+";"Male";"2012";"484.21"
"Mortality";"Catania-Messina-Enna";"Lung";"75-85+";"Male";"2013";"459.01"
"Mortality";"Catania-Messina-Enna";"Lung";"75-85+";"Male";"2014";"441.60"
"Mortality";"Catania-Messina-Enna";"Lung";"75-85+";"Male";"2015";"399.65"
"Mortality";"Catania-Messina-Enna";"Lung";"75-85+";"Male";"2016";"426.51"
"Mortality";"Catania-Messina-Enna";"Lung";"75-85+";"Male";"2017";"408.55"
"Incidence";"Nuoro";"Lung";"75-85+";"Male";"2003";"257.43"
"Incidence";"Nuoro";"Lung";"75-85+";"Male";"2004";"247.36"
"Incidence";"Nuoro";"Lung";"75-85+";"Male";"2005";"316.91"
"Incidence";"Nuoro";"Lung";"75-85+";"Male";"2006";"364.62"
"Incidence";"Nuoro";"Lung";"75-85+";"Male";"2007";"299.52"
"Incidence";"Nuoro";"Lung";"75-85+";"Male";"2008";"281.04"
"Incidence";"Nuoro";"Lung";"75-85+";"Male";"2009";"259.29"
"Incidence";"Nuoro";"Lung";"75-85+";"Male";"2010";"348.39"
"Incidence";"Nuoro";"Lung";"75-85+";"Male";"2011";"270.91"
"Incidence";"Nuoro";"Lung";"75-85+";"Male";"2012";"228.28"
"Incidence";"Nuoro";"Lung";"75-85+";"Male";"2013";"443.59"
"Incidence";"Nuoro";"Lung";"75-85+";"Male";"2014";"297.16"
"Incidence";"Nuoro";"Lung";"75-85+";"Male";"2015";"441.05"
"Mortality";"Sassari";"Lung";"0-14";"Male";"2004";"0.00"
"Mortality";"Sassari";"Lung";"0-14";"Male";"2005";"0.00"
"Mortality";"Sassari";"Lung";"0-14";"Male";"2006";"0.00"
"Mortality";"Sassari";"Lung";"0-14";"Male";"2007";"0.00"
"Mortality";"Sassari";"Lung";"0-14";"Male";"2008";"0.00"
"Mortality";"Sassari";"Lung";"0-14";"Male";"2009";"0.00"
"Mortality";"Sassari";"Lung";"0-14";"Male";"2010";"0.00"
"Mortality";"Sassari";"Lung";"0-14";"Male";"2011";"0.00"
"Mortality";"Sassari";"Lung";"0-14";"Male";"2012";"0.00"
"Mortality";"Sassari";"Lung";"0-14";"Male";"2013";"0.00"
"Mortality";"Sassari";"Lung";"0-14";"Male";"2014";"0.00"
"Mortality";"Sassari";"Lung";"0-14";"Male";"2015";"0.00"
"Mortality";"Sassari";"Lung";"0-14";"Female";"2004";"0.00"
"Mortality";"Sassari";"Lung";"0-14";"Female";"2005";"0.00"
"Mortality";"Sassari";"Lung";"0-14";"Female";"2006";"0.00"
"Mortality";"Sassari";"Lung";"0-14";"Female";"2007";"0.00"
"Mortality";"Sassari";"Lung";"0-14";"Female";"2008";"0.00"
"Mortality";"Sassari";"Lung";"0-14";"Female";"2009";"0.00"
"Mortality";"Sassari";"Lung";"0-14";"Female";"2010";"0.00"
"Mortality";"Sassari";"Lung";"0-14";"Female";"2011";"0.00"
"Mortality";"Sassari";"Lung";"0-14";"Female";"2012";"0.00"
"Mortality";"Sassari";"Lung";"0-14";"Female";"2013";"0.00"
"Mortality";"Sassari";"Lung";"0-14";"Female";"2014";"0.00"
"Mortality";"Sassari";"Lung";"0-14";"Female";"2015";"0.00"
"Mortality";"Sassari";"Lung";"15-29";"Female";"2004";"0.00"
"Mortality";"Sassari";"Lung";"15-29";"Female";"2005";"0.00"
"Mortality";"Sassari";"Lung";"15-29";"Female";"2006";"0.00"
"Mortality";"Sassari";"Lung";"15-29";"Female";"2007";"0.00"
"Mortality";"Sassari";"Lung";"15-29";"Female";"2008";"0.00"
"Mortality";"Sassari";"Lung";"15-29";"Female";"2009";"0.00"
"Mortality";"Sassari";"Lung";"15-29";"Female";"2010";"0.00"
"Mortality";"Sassari";"Lung";"15-29";"Female";"2011";"0.00"
"Mortality";"Sassari";"Lung";"15-29";"Female";"2012";"0.00"
"Mortality";"Sassari";"Lung";"15-29";"Female";"2013";"0.00"
"Mortality";"Sassari";"Lung";"15-29";"Female";"2014";"0.00"
"Mortality";"Sassari";"Lung";"15-29";"Female";"2015";"0.00"
"Mortality";"Sassari";"Lung";"15-29";"Male";"2004";"0.00"
"Mortality";"Sassari";"Lung";"15-29";"Male";"2005";"0.00"
"Mortality";"Sassari";"Lung";"15-29";"Male";"2006";"0.00"
"Mortality";"Sassari";"Lung";"15-29";"Male";"2007";"0.00"
"Mortality";"Sassari";"Lung";"15-29";"Male";"2008";"0.00"
"Mortality";"Sassari";"Lung";"15-29";"Male";"2009";"0.00"
"Mortality";"Sassari";"Lung";"15-29";"Male";"2010";"0.00"
"Mortality";"Sassari";"Lung";"15-29";"Male";"2011";"0.00"
"Mortality";"Sassari";"Lung";"15-29";"Male";"2012";"0.00"
"Mortality";"Sassari";"Lung";"15-29";"Male";"2013";"0.00"
"Mortality";"Sassari";"Lung";"15-29";"Male";"2014";"0.00"
"Mortality";"Sassari";"Lung";"15-29";"Male";"2015";"0.00"
"Mortality";"Sassari";"Lung";"30-44";"Male";"2004";"1.77"
"Mortality";"Sassari";"Lung";"30-44";"Male";"2005";"0.00"
"Mortality";"Sassari";"Lung";"30-44";"Male";"2006";"0.00"
"Mortality";"Sassari";"Lung";"30-44";"Male";"2007";"3.42"
"Mortality";"Sassari";"Lung";"30-44";"Male";"2008";"0.00"
"Mortality";"Sassari";"Lung";"30-44";"Male";"2009";"5.10"
"Mortality";"Sassari";"Lung";"30-44";"Male";"2010";"0.00"
"Mortality";"Sassari";"Lung";"30-44";"Male";"2011";"0.00"
"Mortality";"Sassari";"Lung";"30-44";"Male";"2012";"1.77"
"Mortality";"Sassari";"Lung";"30-44";"Male";"2013";"3.58"
"Mortality";"Sassari";"Lung";"30-44";"Male";"2014";"5.44"
"Mortality";"Sassari";"Lung";"30-44";"Male";"2015";"5.55"
"Mortality";"Sassari";"Lung";"30-44";"Female";"2004";"5.25"
"Mortality";"Sassari";"Lung";"30-44";"Female";"2005";"1.73"
"Mortality";"Sassari";"Lung";"30-44";"Female";"2006";"1.72"
"Mortality";"Sassari";"Lung";"30-44";"Female";"2007";"1.72"
"Mortality";"Sassari";"Lung";"30-44";"Female";"2008";"0.00"
"Mortality";"Sassari";"Lung";"30-44";"Female";"2009";"6.82"
"Mortality";"Sassari";"Lung";"30-44";"Female";"2010";"0.00"
"Mortality";"Sassari";"Lung";"30-44";"Female";"2011";"1.75"
"Mortality";"Sassari";"Lung";"30-44";"Female";"2012";"3.57"
"Mortality";"Sassari";"Lung";"30-44";"Female";"2013";"3.63"
"Mortality";"Sassari";"Lung";"30-44";"Female";"2014";"0.00"
"Mortality";"Sassari";"Lung";"30-44";"Female";"2015";"1.89"
"Mortality";"Sassari";"Lung";"45-59";"Male";"2004";"60.17"
"Mortality";"Sassari";"Lung";"45-59";"Male";"2005";"65.48"
"Mortality";"Sassari";"Lung";"45-59";"Male";"2006";"45.34"
"Mortality";"Sassari";"Lung";"45-59";"Male";"2007";"56.73"
"Mortality";"Sassari";"Lung";"45-59";"Male";"2008";"41.79"
"Mortality";"Sassari";"Lung";"45-59";"Male";"2009";"56.70"
"Mortality";"Sassari";"Lung";"45-59";"Male";"2010";"34.59"
"Mortality";"Sassari";"Lung";"45-59";"Male";"2011";"50.92"
"Mortality";"Sassari";"Lung";"45-59";"Male";"2012";"27.77"
"Mortality";"Sassari";"Lung";"45-59";"Male";"2013";"34.57"
"Mortality";"Sassari";"Lung";"45-59";"Male";"2014";"26.86"
"Mortality";"Sassari";"Lung";"45-59";"Male";"2015";"38.85"
"Mortality";"Sassari";"Lung";"45-59";"Female";"2004";"10.67"
"Mortality";"Sassari";"Lung";"45-59";"Female";"2005";"20.93"
"Mortality";"Sassari";"Lung";"45-59";"Female";"2006";"18.43"
"Mortality";"Sassari";"Lung";"45-59";"Female";"2007";"24.09"
"Mortality";"Sassari";"Lung";"45-59";"Female";"2008";"19.64"
"Mortality";"Sassari";"Lung";"45-59";"Female";"2009";"15.41"
"Mortality";"Sassari";"Lung";"45-59";"Female";"2010";"16.91"
"Mortality";"Sassari";"Lung";"45-59";"Female";"2011";"18.40"
"Mortality";"Sassari";"Lung";"45-59";"Female";"2012";"16.27"
"Mortality";"Sassari";"Lung";"45-59";"Female";"2013";"12.44"
"Mortality";"Sassari";"Lung";"45-59";"Female";"2014";"20.95"
"Mortality";"Sassari";"Lung";"45-59";"Female";"2015";"13.80"
"Mortality";"Sassari";"Lung";"60-74";"Male";"2004";"229.47"
"Mortality";"Sassari";"Lung";"60-74";"Male";"2005";"212.39"
"Mortality";"Sassari";"Lung";"60-74";"Male";"2006";"316.29"
"Mortality";"Sassari";"Lung";"60-74";"Male";"2007";"232.35"
"Mortality";"Sassari";"Lung";"60-74";"Male";"2008";"255.47"
"Mortality";"Sassari";"Lung";"60-74";"Male";"2009";"198.28"
"Mortality";"Sassari";"Lung";"60-74";"Male";"2010";"197.29"
"Mortality";"Sassari";"Lung";"60-74";"Male";"2011";"195.09"
"Mortality";"Sassari";"Lung";"60-74";"Male";"2012";"252.75"
"Mortality";"Sassari";"Lung";"60-74";"Male";"2013";"218.79"
"Mortality";"Sassari";"Lung";"60-74";"Male";"2014";"215.84"
"Mortality";"Sassari";"Lung";"60-74";"Male";"2015";"190.99"
"Mortality";"Sassari";"Lung";"60-74";"Female";"2004";"37.07"
"Mortality";"Sassari";"Lung";"60-74";"Female";"2005";"60.05"
"Mortality";"Sassari";"Lung";"60-74";"Female";"2006";"54.36"
"Mortality";"Sassari";"Lung";"60-74";"Female";"2007";"63.36"
"Mortality";"Sassari";"Lung";"60-74";"Female";"2008";"32.24"
"Mortality";"Sassari";"Lung";"60-74";"Female";"2009";"48.42"
"Mortality";"Sassari";"Lung";"60-74";"Female";"2010";"40.66"
"Mortality";"Sassari";"Lung";"60-74";"Female";"2011";"37.57"
"Mortality";"Sassari";"Lung";"60-74";"Female";"2012";"25.39"
"Mortality";"Sassari";"Lung";"60-74";"Female";"2013";"59.23"
"Mortality";"Sassari";"Lung";"60-74";"Female";"2014";"79.16"
"Mortality";"Sassari";"Lung";"60-74";"Female";"2015";"44.80"
"Mortality";"Sassari";"Lung";"75-85+";"Female";"2004";"96.70"
"Mortality";"Sassari";"Lung";"75-85+";"Female";"2005";"120.77"
"Mortality";"Sassari";"Lung";"75-85+";"Female";"2006";"98.45"
"Mortality";"Sassari";"Lung";"75-85+";"Female";"2007";"69.28"
"Mortality";"Sassari";"Lung";"75-85+";"Female";"2008";"79.89"
"Mortality";"Sassari";"Lung";"75-85+";"Female";"2009";"77.64"
"Mortality";"Sassari";"Lung";"75-85+";"Female";"2010";"71.65"
"Mortality";"Sassari";"Lung";"75-85+";"Female";"2011";"77.59"
"Mortality";"Sassari";"Lung";"75-85+";"Female";"2012";"60.57"
"Mortality";"Sassari";"Lung";"75-85+";"Female";"2013";"66.58"
"Mortality";"Sassari";"Lung";"75-85+";"Female";"2014";"107.50"
"Mortality";"Sassari";"Lung";"75-85+";"Female";"2015";"76.34"
"Mortality";"Sassari";"Lung";"75-85+";"Male";"2004";"407.21"
"Mortality";"Sassari";"Lung";"75-85+";"Male";"2005";"546.85"
"Mortality";"Sassari";"Lung";"75-85+";"Male";"2006";"421.41"
"Mortality";"Sassari";"Lung";"75-85+";"Male";"2007";"508.27"
"Mortality";"Sassari";"Lung";"75-85+";"Male";"2008";"466.12"
"Mortality";"Sassari";"Lung";"75-85+";"Male";"2009";"422.93"
"Mortality";"Sassari";"Lung";"75-85+";"Male";"2010";"484.85"
"Mortality";"Sassari";"Lung";"75-85+";"Male";"2011";"395.63"
"Mortality";"Sassari";"Lung";"75-85+";"Male";"2012";"399.77"
"Mortality";"Sassari";"Lung";"75-85+";"Male";"2013";"478.68"
"Mortality";"Sassari";"Lung";"75-85+";"Male";"2014";"375.54"
"Mortality";"Sassari";"Lung";"75-85+";"Male";"2015";"395.56"
"Mortality";"Mantova and Cremona";"Lung";"0-14";"Male";"2005";"0.00"
"Mortality";"Mantova and Cremona";"Lung";"0-14";"Male";"2006";"0.00"
"Mortality";"Mantova and Cremona";"Lung";"0-14";"Male";"2007";"0.00"
"Mortality";"Mantova and Cremona";"Lung";"0-14";"Male";"2008";"0.00"
"Mortality";"Mantova and Cremona";"Lung";"0-14";"Male";"2009";"0.00"
"Mortality";"Mantova and Cremona";"Lung";"0-14";"Male";"2010";"0.00"
"Mortality";"Mantova and Cremona";"Lung";"0-14";"Male";"2013";"0.00"
"Mortality";"Mantova and Cremona";"Lung";"0-14";"Male";"2014";"0.00"
"Mortality";"Mantova and Cremona";"Lung";"0-14";"Male";"2015";"0.00"
"Mortality";"Mantova and Cremona";"Lung";"0-14";"Male";"2016";"0.00"
"Mortality";"Mantova and Cremona";"Lung";"0-14";"Male";"2017";"0.00"
"Mortality";"Mantova and Cremona";"Lung";"0-14";"Male";"2018";"0.00"
"Mortality";"Mantova and Cremona";"Lung";"0-14";"Male";"2019";"0.00"
"Mortality";"Mantova and Cremona";"Lung";"0-14";"Male";"2020";"0.00"
"Mortality";"Mantova and Cremona";"Lung";"0-14";"Male";"2021";"0.00"
"Mortality";"South Tyrol";"Lung";"0-14";"Female";"2005";"0.00"
"Mortality";"South Tyrol";"Lung";"0-14";"Female";"2006";"0.00"
"Mortality";"South Tyrol";"Lung";"0-14";"Female";"2007";"0.00"
"Mortality";"South Tyrol";"Lung";"0-14";"Female";"2008";"0.00"
"Mortality";"South Tyrol";"Lung";"0-14";"Female";"2009";"0.00"
"Mortality";"South Tyrol";"Lung";"0-14";"Female";"2010";"0.00"
"Mortality";"South Tyrol";"Lung";"0-14";"Female";"2011";"0.00"
"Mortality";"South Tyrol";"Lung";"0-14";"Female";"2012";"0.00"
"Mortality";"South Tyrol";"Lung";"0-14";"Female";"2013";"0.00"
"Mortality";"South Tyrol";"Lung";"0-14";"Female";"2014";"0.00"
"Mortality";"South Tyrol";"Lung";"0-14";"Female";"2015";"0.00"
"Mortality";"South Tyrol";"Lung";"0-14";"Female";"2016";"0.00"
"Mortality";"South Tyrol";"Lung";"0-14";"Female";"2017";"0.00"
"Mortality";"Mantova and Cremona";"Lung";"0-14";"Female";"2005";"0.00"
"Mortality";"Mantova and Cremona";"Lung";"0-14";"Female";"2006";"0.00"
"Mortality";"Mantova and Cremona";"Lung";"0-14";"Female";"2007";"0.00"
"Mortality";"Mantova and Cremona";"Lung";"0-14";"Female";"2008";"0.00"
"Mortality";"Mantova and Cremona";"Lung";"0-14";"Female";"2009";"0.00"
"Mortality";"Mantova and Cremona";"Lung";"0-14";"Female";"2010";"0.00"
"Mortality";"Mantova and Cremona";"Lung";"0-14";"Female";"2013";"0.00"
"Mortality";"Mantova and Cremona";"Lung";"0-14";"Female";"2014";"0.00"
"Mortality";"Mantova and Cremona";"Lung";"0-14";"Female";"2015";"0.00"
"Mortality";"Mantova and Cremona";"Lung";"0-14";"Female";"2016";"0.00"
"Mortality";"Mantova and Cremona";"Lung";"0-14";"Female";"2017";"0.00"
"Mortality";"Mantova and Cremona";"Lung";"0-14";"Female";"2018";"0.00"
"Mortality";"Mantova and Cremona";"Lung";"0-14";"Female";"2019";"0.00"
"Mortality";"Mantova and Cremona";"Lung";"0-14";"Female";"2020";"0.00"
"Mortality";"Mantova and Cremona";"Lung";"0-14";"Female";"2021";"0.00"
"Incidence";"Basilicata";"Lung";"0-14";"Male";"2005";"0.00"
"Incidence";"Basilicata";"Lung";"0-14";"Male";"2006";"0.00"
"Incidence";"Basilicata";"Lung";"0-14";"Male";"2007";"0.00"
"Incidence";"Basilicata";"Lung";"0-14";"Male";"2008";"0.00"
"Incidence";"Basilicata";"Lung";"0-14";"Male";"2009";"0.00"
"Incidence";"Basilicata";"Lung";"0-14";"Male";"2010";"0.00"
"Incidence";"Basilicata";"Lung";"0-14";"Male";"2011";"0.00"
"Incidence";"Basilicata";"Lung";"0-14";"Male";"2012";"0.00"
"Incidence";"Basilicata";"Lung";"0-14";"Male";"2013";"0.00"
"Incidence";"Basilicata";"Lung";"0-14";"Male";"2014";"0.00"
"Incidence";"Basilicata";"Lung";"0-14";"Male";"2015";"0.00"
"Incidence";"Basilicata";"Lung";"0-14";"Male";"2016";"0.00"
"Incidence";"Basilicata";"Lung";"0-14";"Male";"2017";"0.00"
"Incidence";"Basilicata";"Lung";"0-14";"Male";"2018";"0.00"
"Mortality";"Basilicata";"Lung";"0-14";"Male";"2005";"0.00"
"Mortality";"Basilicata";"Lung";"0-14";"Male";"2006";"0.00"
"Mortality";"Basilicata";"Lung";"0-14";"Male";"2007";"0.00"
"Mortality";"Basilicata";"Lung";"0-14";"Male";"2008";"0.00"
"Mortality";"Basilicata";"Lung";"0-14";"Male";"2009";"0.00"
"Mortality";"Basilicata";"Lung";"0-14";"Male";"2010";"0.00"
"Mortality";"Basilicata";"Lung";"0-14";"Male";"2011";"0.00"
"Mortality";"Basilicata";"Lung";"0-14";"Male";"2012";"0.00"
"Mortality";"Basilicata";"Lung";"0-14";"Male";"2013";"0.00"
"Mortality";"Basilicata";"Lung";"0-14";"Male";"2014";"0.00"
"Mortality";"Basilicata";"Lung";"0-14";"Male";"2015";"0.00"
"Mortality";"Basilicata";"Lung";"0-14";"Male";"2016";"0.00"
"Mortality";"Basilicata";"Lung";"0-14";"Male";"2017";"0.00"
"Mortality";"Basilicata";"Lung";"0-14";"Male";"2018";"0.00"
"Mortality";"South Tyrol";"Lung";"0-14";"Male";"2005";"0.00"
"Mortality";"South Tyrol";"Lung";"0-14";"Male";"2006";"0.00"
"Mortality";"South Tyrol";"Lung";"0-14";"Male";"2007";"0.00"
"Mortality";"South Tyrol";"Lung";"0-14";"Male";"2008";"0.00"
"Mortality";"South Tyrol";"Lung";"0-14";"Male";"2009";"0.00"
"Mortality";"South Tyrol";"Lung";"0-14";"Male";"2010";"0.00"
"Mortality";"South Tyrol";"Lung";"0-14";"Male";"2011";"0.00"
"Mortality";"South Tyrol";"Lung";"0-14";"Male";"2012";"0.00"
"Mortality";"South Tyrol";"Lung";"0-14";"Male";"2013";"0.00"
"Mortality";"South Tyrol";"Lung";"0-14";"Male";"2014";"0.00"
"Mortality";"South Tyrol";"Lung";"0-14";"Male";"2015";"0.00"
"Mortality";"South Tyrol";"Lung";"0-14";"Male";"2016";"0.00"
"Mortality";"South Tyrol";"Lung";"0-14";"Male";"2017";"0.00"
"Incidence";"Basilicata";"Lung";"0-14";"Female";"2005";"0.00"
"Incidence";"Basilicata";"Lung";"0-14";"Female";"2006";"0.00"
"Incidence";"Basilicata";"Lung";"0-14";"Female";"2007";"0.00"
"Incidence";"Basilicata";"Lung";"0-14";"Female";"2008";"2.54"
"Incidence";"Basilicata";"Lung";"0-14";"Female";"2009";"0.00"
"Incidence";"Basilicata";"Lung";"0-14";"Female";"2010";"0.00"
"Incidence";"Basilicata";"Lung";"0-14";"Female";"2011";"0.00"
"Incidence";"Basilicata";"Lung";"0-14";"Female";"2012";"0.00"
"Incidence";"Basilicata";"Lung";"0-14";"Female";"2013";"0.00"
"Incidence";"Basilicata";"Lung";"0-14";"Female";"2014";"0.00"
"Incidence";"Basilicata";"Lung";"0-14";"Female";"2015";"0.00"
"Incidence";"Basilicata";"Lung";"0-14";"Female";"2016";"0.00"
"Incidence";"Basilicata";"Lung";"0-14";"Female";"2017";"0.00"
"Incidence";"Basilicata";"Lung";"0-14";"Female";"2018";"0.00"
"Mortality";"Basilicata";"Lung";"0-14";"Female";"2005";"0.00"
"Mortality";"Basilicata";"Lung";"0-14";"Female";"2006";"0.00"
"Mortality";"Basilicata";"Lung";"0-14";"Female";"2007";"0.00"
"Mortality";"Basilicata";"Lung";"0-14";"Female";"2008";"0.00"
"Mortality";"Basilicata";"Lung";"0-14";"Female";"2009";"0.00"
"Mortality";"Basilicata";"Lung";"0-14";"Female";"2010";"0.00"
"Mortality";"Basilicata";"Lung";"0-14";"Female";"2011";"0.00"
"Mortality";"Basilicata";"Lung";"0-14";"Female";"2012";"0.00"
"Mortality";"Basilicata";"Lung";"0-14";"Female";"2013";"0.00"
"Mortality";"Basilicata";"Lung";"0-14";"Female";"2014";"0.00"
"Mortality";"Basilicata";"Lung";"0-14";"Female";"2015";"0.00"
"Mortality";"Basilicata";"Lung";"0-14";"Female";"2016";"0.00"
"Mortality";"Basilicata";"Lung";"0-14";"Female";"2017";"0.00"
"Mortality";"Basilicata";"Lung";"0-14";"Female";"2018";"0.00"
"Mortality";"Trento";"Lung";"0-14";"Male";"2005";"0.00"
"Mortality";"Trento";"Lung";"0-14";"Male";"2006";"0.00"
"Mortality";"Trento";"Lung";"0-14";"Male";"2007";"0.00"
"Mortality";"Trento";"Lung";"0-14";"Male";"2008";"0.00"
"Mortality";"Trento";"Lung";"0-14";"Male";"2009";"0.00"
"Mortality";"Trento";"Lung";"0-14";"Male";"2010";"0.00"
"Mortality";"Trento";"Lung";"0-14";"Male";"2011";"0.00"
"Mortality";"Trento";"Lung";"0-14";"Male";"2012";"0.00"
"Mortality";"Trento";"Lung";"0-14";"Male";"2013";"0.00"
"Mortality";"Trento";"Lung";"0-14";"Male";"2014";"0.00"
"Mortality";"Trento";"Lung";"0-14";"Male";"2015";"0.00"
"Mortality";"Trento";"Lung";"0-14";"Male";"2016";"0.00"
"Mortality";"Trento";"Lung";"0-14";"Male";"2017";"0.00"
"Mortality";"Trento";"Lung";"0-14";"Female";"2005";"0.00"
"Mortality";"Trento";"Lung";"0-14";"Female";"2006";"0.00"
"Mortality";"Trento";"Lung";"0-14";"Female";"2007";"0.00"
"Mortality";"Trento";"Lung";"0-14";"Female";"2008";"0.00"
"Mortality";"Trento";"Lung";"0-14";"Female";"2009";"0.00"
"Mortality";"Trento";"Lung";"0-14";"Female";"2010";"0.00"
"Mortality";"Trento";"Lung";"0-14";"Female";"2011";"0.00"
"Mortality";"Trento";"Lung";"0-14";"Female";"2012";"0.00"
"Mortality";"Trento";"Lung";"0-14";"Female";"2013";"0.00"
"Mortality";"Trento";"Lung";"0-14";"Female";"2014";"0.00"
"Mortality";"Trento";"Lung";"0-14";"Female";"2015";"0.00"
"Mortality";"Trento";"Lung";"0-14";"Female";"2016";"0.00"
"Mortality";"Trento";"Lung";"0-14";"Female";"2017";"0.00"
"Mortality";"Trento";"Lung";"15-29";"Female";"2005";"0.00"
"Mortality";"Trento";"Lung";"15-29";"Female";"2006";"0.00"
"Mortality";"Trento";"Lung";"15-29";"Female";"2007";"0.00"
"Mortality";"Trento";"Lung";"15-29";"Female";"2008";"0.00"
"Mortality";"Trento";"Lung";"15-29";"Female";"2009";"0.00"
"Mortality";"Trento";"Lung";"15-29";"Female";"2010";"0.00"
"Mortality";"Trento";"Lung";"15-29";"Female";"2011";"0.00"
"Mortality";"Trento";"Lung";"15-29";"Female";"2012";"0.00"
"Mortality";"Trento";"Lung";"15-29";"Female";"2013";"0.00"
"Mortality";"Trento";"Lung";"15-29";"Female";"2014";"0.00"
"Mortality";"Trento";"Lung";"15-29";"Female";"2015";"0.00"
"Mortality";"Trento";"Lung";"15-29";"Female";"2016";"0.00"
"Mortality";"Trento";"Lung";"15-29";"Female";"2017";"0.00"
"Mortality";"Mantova and Cremona";"Lung";"15-29";"Male";"2005";"0.00"
"Mortality";"Mantova and Cremona";"Lung";"15-29";"Male";"2006";"0.00"
"Mortality";"Mantova and Cremona";"Lung";"15-29";"Male";"2007";"0.00"
"Mortality";"Mantova and Cremona";"Lung";"15-29";"Male";"2008";"0.00"
"Mortality";"Mantova and Cremona";"Lung";"15-29";"Male";"2009";"0.00"
"Mortality";"Mantova and Cremona";"Lung";"15-29";"Male";"2010";"0.00"
"Mortality";"Mantova and Cremona";"Lung";"15-29";"Male";"2013";"0.00"
"Mortality";"Mantova and Cremona";"Lung";"15-29";"Male";"2014";"0.00"
"Mortality";"Mantova and Cremona";"Lung";"15-29";"Male";"2015";"0.00"
"Mortality";"Mantova and Cremona";"Lung";"15-29";"Male";"2016";"0.00"
"Mortality";"Mantova and Cremona";"Lung";"15-29";"Male";"2017";"0.00"
"Mortality";"Mantova and Cremona";"Lung";"15-29";"Male";"2018";"0.00"
"Mortality";"Mantova and Cremona";"Lung";"15-29";"Male";"2019";"1.79"
"Mortality";"Mantova and Cremona";"Lung";"15-29";"Male";"2020";"1.79"
"Mortality";"Mantova and Cremona";"Lung";"15-29";"Male";"2021";"0.00"
"Incidence";"Basilicata";"Lung";"15-29";"Male";"2005";"1.69"
"Incidence";"Basilicata";"Lung";"15-29";"Male";"2006";"0.00"
"Incidence";"Basilicata";"Lung";"15-29";"Male";"2007";"0.00"
"Incidence";"Basilicata";"Lung";"15-29";"Male";"2008";"0.00"
"Incidence";"Basilicata";"Lung";"15-29";"Male";"2009";"0.00"
"Incidence";"Basilicata";"Lung";"15-29";"Male";"2010";"0.00"
"Incidence";"Basilicata";"Lung";"15-29";"Male";"2011";"0.00"
"Incidence";"Basilicata";"Lung";"15-29";"Male";"2012";"0.00"
"Incidence";"Basilicata";"Lung";"15-29";"Male";"2013";"0.00"
"Incidence";"Basilicata";"Lung";"15-29";"Male";"2014";"0.00"
"Incidence";"Basilicata";"Lung";"15-29";"Male";"2015";"0.00"
"Incidence";"Basilicata";"Lung";"15-29";"Male";"2016";"0.00"
"Incidence";"Basilicata";"Lung";"15-29";"Male";"2017";"0.00"
"Incidence";"Basilicata";"Lung";"15-29";"Male";"2018";"2.07"
"Mortality";"Mantova and Cremona";"Lung";"15-29";"Female";"2005";"0.00"
"Mortality";"Mantova and Cremona";"Lung";"15-29";"Female";"2006";"0.00"
"Mortality";"Mantova and Cremona";"Lung";"15-29";"Female";"2007";"0.00"
"Mortality";"Mantova and Cremona";"Lung";"15-29";"Female";"2008";"0.00"
"Mortality";"Mantova and Cremona";"Lung";"15-29";"Female";"2009";"0.00"
"Mortality";"Mantova and Cremona";"Lung";"15-29";"Female";"2010";"0.00"
"Mortality";"Mantova and Cremona";"Lung";"15-29";"Female";"2013";"0.00"
"Mortality";"Mantova and Cremona";"Lung";"15-29";"Female";"2014";"0.00"
"Mortality";"Mantova and Cremona";"Lung";"15-29";"Female";"2015";"0.00"
"Mortality";"Mantova and Cremona";"Lung";"15-29";"Female";"2016";"0.00"
"Mortality";"Mantova and Cremona";"Lung";"15-29";"Female";"2017";"0.00"
"Mortality";"Mantova and Cremona";"Lung";"15-29";"Female";"2018";"0.00"
"Mortality";"Mantova and Cremona";"Lung";"15-29";"Female";"2019";"0.00"
"Mortality";"Mantova and Cremona";"Lung";"15-29";"Female";"2020";"0.00"
"Mortality";"Mantova and Cremona";"Lung";"15-29";"Female";"2021";"0.00"
"Mortality";"Basilicata";"Lung";"15-29";"Male";"2005";"0.00"
"Mortality";"Basilicata";"Lung";"15-29";"Male";"2006";"0.00"
"Mortality";"Basilicata";"Lung";"15-29";"Male";"2007";"0.00"
"Mortality";"Basilicata";"Lung";"15-29";"Male";"2008";"0.00"
"Mortality";"Basilicata";"Lung";"15-29";"Male";"2009";"0.00"
"Mortality";"Basilicata";"Lung";"15-29";"Male";"2010";"0.00"
"Mortality";"Basilicata";"Lung";"15-29";"Male";"2011";"0.00"
"Mortality";"Basilicata";"Lung";"15-29";"Male";"2012";"0.00"
"Mortality";"Basilicata";"Lung";"15-29";"Male";"2013";"0.00"
"Mortality";"Basilicata";"Lung";"15-29";"Male";"2014";"0.00"
"Mortality";"Basilicata";"Lung";"15-29";"Male";"2015";"0.00"
"Mortality";"Basilicata";"Lung";"15-29";"Male";"2016";"0.00"
"Mortality";"Basilicata";"Lung";"15-29";"Male";"2017";"0.00"
"Mortality";"Basilicata";"Lung";"15-29";"Male";"2018";"0.00"
"Mortality";"Basilicata";"Lung";"15-29";"Female";"2005";"0.00"
"Mortality";"Basilicata";"Lung";"15-29";"Female";"2006";"0.00"
"Mortality";"Basilicata";"Lung";"15-29";"Female";"2007";"0.00"
"Mortality";"Basilicata";"Lung";"15-29";"Female";"2008";"0.00"
"Mortality";"Basilicata";"Lung";"15-29";"Female";"2009";"0.00"
"Mortality";"Basilicata";"Lung";"15-29";"Female";"2010";"0.00"
"Mortality";"Basilicata";"Lung";"15-29";"Female";"2011";"0.00"
"Mortality";"Basilicata";"Lung";"15-29";"Female";"2012";"0.00"
"Mortality";"Basilicata";"Lung";"15-29";"Female";"2013";"0.00"
"Mortality";"Basilicata";"Lung";"15-29";"Female";"2014";"0.00"
"Mortality";"Basilicata";"Lung";"15-29";"Female";"2015";"0.00"
"Mortality";"Basilicata";"Lung";"15-29";"Female";"2016";"0.00"
"Mortality";"Basilicata";"Lung";"15-29";"Female";"2017";"0.00"
"Mortality";"Basilicata";"Lung";"15-29";"Female";"2018";"0.00"
"Mortality";"South Tyrol";"Lung";"15-29";"Female";"2005";"0.00"
"Mortality";"South Tyrol";"Lung";"15-29";"Female";"2006";"0.00"
"Mortality";"South Tyrol";"Lung";"15-29";"Female";"2007";"0.00"
"Mortality";"South Tyrol";"Lung";"15-29";"Female";"2008";"0.00"
"Mortality";"South Tyrol";"Lung";"15-29";"Female";"2009";"0.00"
"Mortality";"South Tyrol";"Lung";"15-29";"Female";"2010";"0.00"
"Mortality";"South Tyrol";"Lung";"15-29";"Female";"2011";"0.00"
"Mortality";"South Tyrol";"Lung";"15-29";"Female";"2012";"0.00"
"Mortality";"South Tyrol";"Lung";"15-29";"Female";"2013";"0.00"
"Mortality";"South Tyrol";"Lung";"15-29";"Female";"2014";"0.00"
"Mortality";"South Tyrol";"Lung";"15-29";"Female";"2015";"0.00"
"Mortality";"South Tyrol";"Lung";"15-29";"Female";"2016";"0.00"
"Mortality";"South Tyrol";"Lung";"15-29";"Female";"2017";"0.00"
"Mortality";"South Tyrol";"Lung";"15-29";"Male";"2005";"0.00"
"Mortality";"South Tyrol";"Lung";"15-29";"Male";"2006";"0.00"
"Mortality";"South Tyrol";"Lung";"15-29";"Male";"2007";"0.00"
"Mortality";"South Tyrol";"Lung";"15-29";"Male";"2008";"0.00"
"Mortality";"South Tyrol";"Lung";"15-29";"Male";"2009";"0.00"
"Mortality";"South Tyrol";"Lung";"15-29";"Male";"2010";"0.00"
"Mortality";"South Tyrol";"Lung";"15-29";"Male";"2011";"0.00"
"Mortality";"South Tyrol";"Lung";"15-29";"Male";"2012";"0.00"
"Mortality";"South Tyrol";"Lung";"15-29";"Male";"2013";"0.00"
"Mortality";"South Tyrol";"Lung";"15-29";"Male";"2014";"0.00"
"Mortality";"South Tyrol";"Lung";"15-29";"Male";"2015";"0.00"
"Mortality";"South Tyrol";"Lung";"15-29";"Male";"2016";"0.00"
"Mortality";"South Tyrol";"Lung";"15-29";"Male";"2017";"0.00"
"Mortality";"Trento";"Lung";"15-29";"Male";"2005";"0.00"
"Mortality";"Trento";"Lung";"15-29";"Male";"2006";"0.00"
"Mortality";"Trento";"Lung";"15-29";"Male";"2007";"0.00"
"Mortality";"Trento";"Lung";"15-29";"Male";"2008";"0.00"
"Mortality";"Trento";"Lung";"15-29";"Male";"2009";"0.00"
"Mortality";"Trento";"Lung";"15-29";"Male";"2010";"0.00"
"Mortality";"Trento";"Lung";"15-29";"Male";"2011";"0.00"
"Mortality";"Trento";"Lung";"15-29";"Male";"2012";"2.42"
"Mortality";"Trento";"Lung";"15-29";"Male";"2013";"0.00"
"Mortality";"Trento";"Lung";"15-29";"Male";"2014";"0.00"
"Mortality";"Trento";"Lung";"15-29";"Male";"2015";"0.00"
"Mortality";"Trento";"Lung";"15-29";"Male";"2016";"0.00"
"Mortality";"Trento";"Lung";"15-29";"Male";"2017";"0.00"
"Incidence";"Basilicata";"Lung";"15-29";"Female";"2005";"0.00"
"Incidence";"Basilicata";"Lung";"15-29";"Female";"2006";"0.00"
"Incidence";"Basilicata";"Lung";"15-29";"Female";"2007";"0.00"
"Incidence";"Basilicata";"Lung";"15-29";"Female";"2008";"0.00"
"Incidence";"Basilicata";"Lung";"15-29";"Female";"2009";"1.92"
"Incidence";"Basilicata";"Lung";"15-29";"Female";"2010";"1.96"
"Incidence";"Basilicata";"Lung";"15-29";"Female";"2011";"0.00"
"Incidence";"Basilicata";"Lung";"15-29";"Female";"2012";"0.00"
"Incidence";"Basilicata";"Lung";"15-29";"Female";"2013";"0.00"
"Incidence";"Basilicata";"Lung";"15-29";"Female";"2014";"0.00"
"Incidence";"Basilicata";"Lung";"15-29";"Female";"2015";"0.00"
"Incidence";"Basilicata";"Lung";"15-29";"Female";"2016";"0.00"
"Incidence";"Basilicata";"Lung";"15-29";"Female";"2017";"0.00"
"Incidence";"Basilicata";"Lung";"15-29";"Female";"2018";"0.00"
"Incidence";"Basilicata";"Lung";"30-44";"Female";"2005";"0.00"
"Incidence";"Basilicata";"Lung";"30-44";"Female";"2006";"1.51"
"Incidence";"Basilicata";"Lung";"30-44";"Female";"2007";"4.58"
"Incidence";"Basilicata";"Lung";"30-44";"Female";"2008";"3.06"
"Incidence";"Basilicata";"Lung";"30-44";"Female";"2009";"1.54"
"Incidence";"Basilicata";"Lung";"30-44";"Female";"2010";"0.00"
"Incidence";"Basilicata";"Lung";"30-44";"Female";"2011";"3.23"
"Incidence";"Basilicata";"Lung";"30-44";"Female";"2012";"1.65"
"Incidence";"Basilicata";"Lung";"30-44";"Female";"2013";"3.36"
"Incidence";"Basilicata";"Lung";"30-44";"Female";"2014";"0.00"
"Incidence";"Basilicata";"Lung";"30-44";"Female";"2015";"3.51"
"Incidence";"Basilicata";"Lung";"30-44";"Female";"2016";"1.80"
"Incidence";"Basilicata";"Lung";"30-44";"Female";"2017";"5.54"
"Incidence";"Basilicata";"Lung";"30-44";"Female";"2018";"3.80"
"Mortality";"South Tyrol";"Lung";"30-44";"Female";"2005";"1.69"
"Mortality";"South Tyrol";"Lung";"30-44";"Female";"2006";"0.00"
"Mortality";"South Tyrol";"Lung";"30-44";"Female";"2007";"0.00"
"Mortality";"South Tyrol";"Lung";"30-44";"Female";"2008";"1.69"
"Mortality";"South Tyrol";"Lung";"30-44";"Female";"2009";"0.00"
"Mortality";"South Tyrol";"Lung";"30-44";"Female";"2010";"3.49"
"Mortality";"South Tyrol";"Lung";"30-44";"Female";"2011";"1.79"
"Mortality";"South Tyrol";"Lung";"30-44";"Female";"2012";"1.81"
"Mortality";"South Tyrol";"Lung";"30-44";"Female";"2013";"1.83"
"Mortality";"South Tyrol";"Lung";"30-44";"Female";"2014";"0.00"
"Mortality";"South Tyrol";"Lung";"30-44";"Female";"2015";"3.83"
"Mortality";"South Tyrol";"Lung";"30-44";"Female";"2016";"1.96"
"Mortality";"South Tyrol";"Lung";"30-44";"Female";"2017";"0.00"
"Mortality";"Mantova and Cremona";"Lung";"30-44";"Male";"2005";"1.08"
"Mortality";"Mantova and Cremona";"Lung";"30-44";"Male";"2006";"1.07"
"Mortality";"Mantova and Cremona";"Lung";"30-44";"Male";"2007";"2.13"
"Mortality";"Mantova and Cremona";"Lung";"30-44";"Male";"2008";"3.15"
"Mortality";"Mantova and Cremona";"Lung";"30-44";"Male";"2009";"0.00"
"Mortality";"Mantova and Cremona";"Lung";"30-44";"Male";"2010";"4.29"
"Mortality";"Mantova and Cremona";"Lung";"30-44";"Male";"2013";"0.00"
"Mortality";"Mantova and Cremona";"Lung";"30-44";"Male";"2014";"1.17"
"Mortality";"Mantova and Cremona";"Lung";"30-44";"Male";"2015";"4.82"
"Mortality";"Mantova and Cremona";"Lung";"30-44";"Male";"2016";"1.24"
"Mortality";"Mantova and Cremona";"Lung";"30-44";"Male";"2017";"5.12"
"Mortality";"Mantova and Cremona";"Lung";"30-44";"Male";"2018";"0.00"
"Mortality";"Mantova and Cremona";"Lung";"30-44";"Male";"2019";"0.00"
"Mortality";"Mantova and Cremona";"Lung";"30-44";"Male";"2020";"6.97"
"Mortality";"Mantova and Cremona";"Lung";"30-44";"Male";"2021";"0.00"
"Incidence";"Basilicata";"Lung";"30-44";"Male";"2005";"0.00"
"Incidence";"Basilicata";"Lung";"30-44";"Male";"2006";"1.50"
"Incidence";"Basilicata";"Lung";"30-44";"Male";"2007";"4.55"
"Incidence";"Basilicata";"Lung";"30-44";"Male";"2008";"4.61"
"Incidence";"Basilicata";"Lung";"30-44";"Male";"2009";"6.22"
"Incidence";"Basilicata";"Lung";"30-44";"Male";"2010";"3.17"
"Incidence";"Basilicata";"Lung";"30-44";"Male";"2011";"8.07"
"Incidence";"Basilicata";"Lung";"30-44";"Male";"2012";"1.64"
"Incidence";"Basilicata";"Lung";"30-44";"Male";"2013";"3.33"
"Incidence";"Basilicata";"Lung";"30-44";"Male";"2014";"1.69"
"Incidence";"Basilicata";"Lung";"30-44";"Male";"2015";"3.45"
"Incidence";"Basilicata";"Lung";"30-44";"Male";"2016";"3.50"
"Incidence";"Basilicata";"Lung";"30-44";"Male";"2017";"3.58"
"Incidence";"Basilicata";"Lung";"30-44";"Male";"2018";"0.00"
"Mortality";"Basilicata";"Lung";"30-44";"Male";"2005";"2.99"
"Mortality";"Basilicata";"Lung";"30-44";"Male";"2006";"1.50"
"Mortality";"Basilicata";"Lung";"30-44";"Male";"2007";"1.52"
"Mortality";"Basilicata";"Lung";"30-44";"Male";"2008";"1.54"
"Mortality";"Basilicata";"Lung";"30-44";"Male";"2009";"3.11"
"Mortality";"Basilicata";"Lung";"30-44";"Male";"2010";"3.17"
"Mortality";"Basilicata";"Lung";"30-44";"Male";"2011";"6.45"
"Mortality";"Basilicata";"Lung";"30-44";"Male";"2012";"4.91"
"Mortality";"Basilicata";"Lung";"30-44";"Male";"2013";"1.66"
"Mortality";"Basilicata";"Lung";"30-44";"Male";"2014";"1.69"
"Mortality";"Basilicata";"Lung";"30-44";"Male";"2015";"0.00"
"Mortality";"Basilicata";"Lung";"30-44";"Male";"2016";"1.75"
"Mortality";"Basilicata";"Lung";"30-44";"Male";"2017";"1.79"
"Mortality";"Basilicata";"Lung";"30-44";"Male";"2018";"1.82"
"Mortality";"Mantova and Cremona";"Lung";"30-44";"Female";"2005";"0.00"
"Mortality";"Mantova and Cremona";"Lung";"30-44";"Female";"2006";"3.47"
"Mortality";"Mantova and Cremona";"Lung";"30-44";"Female";"2007";"3.45"
"Mortality";"Mantova and Cremona";"Lung";"30-44";"Female";"2008";"1.13"
"Mortality";"Mantova and Cremona";"Lung";"30-44";"Female";"2009";"2.26"
"Mortality";"Mantova and Cremona";"Lung";"30-44";"Female";"2010";"4.58"
"Mortality";"Mantova and Cremona";"Lung";"30-44";"Female";"2013";"3.60"
"Mortality";"Mantova and Cremona";"Lung";"30-44";"Female";"2014";"2.46"
"Mortality";"Mantova and Cremona";"Lung";"30-44";"Female";"2015";"0.00"
"Mortality";"Mantova and Cremona";"Lung";"30-44";"Female";"2016";"0.00"
"Mortality";"Mantova and Cremona";"Lung";"30-44";"Female";"2017";"1.34"
"Mortality";"Mantova and Cremona";"Lung";"30-44";"Female";"2018";"2.75"
"Mortality";"Mantova and Cremona";"Lung";"30-44";"Female";"2019";"1.41"
"Mortality";"Mantova and Cremona";"Lung";"30-44";"Female";"2020";"1.45"
"Mortality";"Mantova and Cremona";"Lung";"30-44";"Female";"2021";"0.00"
"Mortality";"Trento";"Lung";"30-44";"Male";"2005";"1.63"
"Mortality";"Trento";"Lung";"30-44";"Male";"2006";"8.12"
"Mortality";"Trento";"Lung";"30-44";"Male";"2007";"3.26"
"Mortality";"Trento";"Lung";"30-44";"Male";"2008";"0.00"
"Mortality";"Trento";"Lung";"30-44";"Male";"2009";"0.00"
"Mortality";"Trento";"Lung";"30-44";"Male";"2010";"3.36"
"Mortality";"Trento";"Lung";"30-44";"Male";"2011";"3.45"
"Mortality";"Trento";"Lung";"30-44";"Male";"2012";"3.51"
"Mortality";"Trento";"Lung";"30-44";"Male";"2013";"5.28"
"Mortality";"Trento";"Lung";"30-44";"Male";"2014";"0.00"
"Mortality";"Trento";"Lung";"30-44";"Male";"2015";"1.85"
"Mortality";"Trento";"Lung";"30-44";"Male";"2016";"1.88"
"Mortality";"Trento";"Lung";"30-44";"Male";"2017";"3.87"
"Mortality";"Trento";"Lung";"30-44";"Female";"2005";"0.00"
"Mortality";"Trento";"Lung";"30-44";"Female";"2006";"1.68"
"Mortality";"Trento";"Lung";"30-44";"Female";"2007";"5.05"
"Mortality";"Trento";"Lung";"30-44";"Female";"2008";"0.00"
"Mortality";"Trento";"Lung";"30-44";"Female";"2009";"3.36"
"Mortality";"Trento";"Lung";"30-44";"Female";"2010";"0.00"
"Mortality";"Trento";"Lung";"30-44";"Female";"2011";"1.73"
"Mortality";"Trento";"Lung";"30-44";"Female";"2012";"0.00"
"Mortality";"Trento";"Lung";"30-44";"Female";"2013";"1.79"
"Mortality";"Trento";"Lung";"30-44";"Female";"2014";"1.81"
"Mortality";"Trento";"Lung";"30-44";"Female";"2015";"3.70"
"Mortality";"Trento";"Lung";"30-44";"Female";"2016";"0.00"
"Mortality";"Trento";"Lung";"30-44";"Female";"2017";"1.94"
"Mortality";"Basilicata";"Lung";"30-44";"Female";"2005";"1.49"
"Mortality";"Basilicata";"Lung";"30-44";"Female";"2006";"1.51"
"Mortality";"Basilicata";"Lung";"30-44";"Female";"2007";"1.53"
"Mortality";"Basilicata";"Lung";"30-44";"Female";"2008";"0.00"
"Mortality";"Basilicata";"Lung";"30-44";"Female";"2009";"1.54"
"Mortality";"Basilicata";"Lung";"30-44";"Female";"2010";"0.00"
"Mortality";"Basilicata";"Lung";"30-44";"Female";"2011";"3.23"
"Mortality";"Basilicata";"Lung";"30-44";"Female";"2012";"0.00"
"Mortality";"Basilicata";"Lung";"30-44";"Female";"2013";"0.00"
"Mortality";"Basilicata";"Lung";"30-44";"Female";"2014";"0.00"
"Mortality";"Basilicata";"Lung";"30-44";"Female";"2015";"1.75"
"Mortality";"Basilicata";"Lung";"30-44";"Female";"2016";"1.80"
"Mortality";"Basilicata";"Lung";"30-44";"Female";"2017";"1.85"
"Mortality";"Basilicata";"Lung";"30-44";"Female";"2018";"0.00"
"Mortality";"South Tyrol";"Lung";"30-44";"Male";"2005";"1.59"
"Mortality";"South Tyrol";"Lung";"30-44";"Male";"2006";"1.59"
"Mortality";"South Tyrol";"Lung";"30-44";"Male";"2007";"1.60"
"Mortality";"South Tyrol";"Lung";"30-44";"Male";"2008";"0.00"
"Mortality";"South Tyrol";"Lung";"30-44";"Male";"2009";"1.67"
"Mortality";"South Tyrol";"Lung";"30-44";"Male";"2010";"1.69"
"Mortality";"South Tyrol";"Lung";"30-44";"Male";"2011";"0.00"
"Mortality";"South Tyrol";"Lung";"30-44";"Male";"2012";"3.58"
"Mortality";"South Tyrol";"Lung";"30-44";"Male";"2013";"0.00"
"Mortality";"South Tyrol";"Lung";"30-44";"Male";"2014";"0.00"
"Mortality";"South Tyrol";"Lung";"30-44";"Male";"2015";"0.00"
"Mortality";"South Tyrol";"Lung";"30-44";"Male";"2016";"0.00"
"Mortality";"South Tyrol";"Lung";"30-44";"Male";"2017";"3.95"
"Mortality";"Trento";"Lung";"45-59";"Male";"2005";"59.87"
"Mortality";"Trento";"Lung";"45-59";"Male";"2006";"27.14"
"Mortality";"Trento";"Lung";"45-59";"Male";"2007";"36.37"
"Mortality";"Trento";"Lung";"45-59";"Male";"2008";"26.43"
"Mortality";"Trento";"Lung";"45-59";"Male";"2009";"27.85"
"Mortality";"Trento";"Lung";"45-59";"Male";"2010";"36.35"
"Mortality";"Trento";"Lung";"45-59";"Male";"2011";"21.36"
"Mortality";"Trento";"Lung";"45-59";"Male";"2012";"28.11"
"Mortality";"Trento";"Lung";"45-59";"Male";"2013";"27.45"
"Mortality";"Trento";"Lung";"45-59";"Male";"2014";"25.05"
"Mortality";"Trento";"Lung";"45-59";"Male";"2015";"18.09"
"Mortality";"Trento";"Lung";"45-59";"Male";"2016";"21.19"
"Mortality";"Trento";"Lung";"45-59";"Male";"2017";"29.11"
"Mortality";"Basilicata";"Lung";"45-59";"Female";"2005";"8.87"
"Mortality";"Basilicata";"Lung";"45-59";"Female";"2006";"6.91"
"Mortality";"Basilicata";"Lung";"45-59";"Female";"2007";"8.50"
"Mortality";"Basilicata";"Lung";"45-59";"Female";"2008";"11.71"
"Mortality";"Basilicata";"Lung";"45-59";"Female";"2009";"11.62"
"Mortality";"Basilicata";"Lung";"45-59";"Female";"2010";"8.18"
"Mortality";"Basilicata";"Lung";"45-59";"Female";"2011";"17.71"
"Mortality";"Basilicata";"Lung";"45-59";"Female";"2012";"4.75"
"Mortality";"Basilicata";"Lung";"45-59";"Female";"2013";"10.92"
"Mortality";"Basilicata";"Lung";"45-59";"Female";"2014";"9.22"
"Mortality";"Basilicata";"Lung";"45-59";"Female";"2015";"12.24"
"Mortality";"Basilicata";"Lung";"45-59";"Female";"2016";"1.52"
"Mortality";"Basilicata";"Lung";"45-59";"Female";"2017";"13.65"
"Mortality";"Basilicata";"Lung";"45-59";"Female";"2018";"6.07"
"Mortality";"Trento";"Lung";"45-59";"Female";"2005";"12.41"
"Mortality";"Trento";"Lung";"45-59";"Female";"2006";"16.05"
"Mortality";"Trento";"Lung";"45-59";"Female";"2007";"9.91"
"Mortality";"Trento";"Lung";"45-59";"Female";"2008";"11.66"
"Mortality";"Trento";"Lung";"45-59";"Female";"2009";"17.06"
"Mortality";"Trento";"Lung";"45-59";"Female";"2010";"9.20"
"Mortality";"Trento";"Lung";"45-59";"Female";"2011";"17.97"
"Mortality";"Trento";"Lung";"45-59";"Female";"2012";"12.33"
"Mortality";"Trento";"Lung";"45-59";"Female";"2013";"13.72"
"Mortality";"Trento";"Lung";"45-59";"Female";"2014";"18.38"
"Mortality";"Trento";"Lung";"45-59";"Female";"2015";"13.16"
"Mortality";"Trento";"Lung";"45-59";"Female";"2016";"16.26"
"Mortality";"Trento";"Lung";"45-59";"Female";"2017";"16.06"
"Mortality";"Basilicata";"Lung";"45-59";"Male";"2005";"41.47"
"Mortality";"Basilicata";"Lung";"45-59";"Male";"2006";"19.31"
"Mortality";"Basilicata";"Lung";"45-59";"Male";"2007";"41.52"
"Mortality";"Basilicata";"Lung";"45-59";"Male";"2008";"27.27"
"Mortality";"Basilicata";"Lung";"45-59";"Male";"2009";"28.77"
"Mortality";"Basilicata";"Lung";"45-59";"Male";"2010";"15.09"
"Mortality";"Basilicata";"Lung";"45-59";"Male";"2011";"36.48"
"Mortality";"Basilicata";"Lung";"45-59";"Male";"2012";"50.74"
"Mortality";"Basilicata";"Lung";"45-59";"Male";"2013";"28.99"
"Mortality";"Basilicata";"Lung";"45-59";"Male";"2014";"28.64"
"Mortality";"Basilicata";"Lung";"45-59";"Male";"2015";"28.39"
"Mortality";"Basilicata";"Lung";"45-59";"Male";"2016";"25.17"
"Mortality";"Basilicata";"Lung";"45-59";"Male";"2017";"18.86"
"Mortality";"Basilicata";"Lung";"45-59";"Male";"2018";"32.90"
"Mortality";"South Tyrol";"Lung";"45-59";"Female";"2005";"9.12"
"Mortality";"South Tyrol";"Lung";"45-59";"Female";"2006";"11.17"
"Mortality";"South Tyrol";"Lung";"45-59";"Female";"2007";"26.01"
"Mortality";"South Tyrol";"Lung";"45-59";"Female";"2008";"16.83"
"Mortality";"South Tyrol";"Lung";"45-59";"Female";"2009";"26.44"
"Mortality";"South Tyrol";"Lung";"45-59";"Female";"2010";"15.75"
"Mortality";"South Tyrol";"Lung";"45-59";"Female";"2011";"17.33"
"Mortality";"South Tyrol";"Lung";"45-59";"Female";"2012";"18.63"
"Mortality";"South Tyrol";"Lung";"45-59";"Female";"2013";"19.80"
"Mortality";"South Tyrol";"Lung";"45-59";"Female";"2014";"10.52"
"Mortality";"South Tyrol";"Lung";"45-59";"Female";"2015";"17.14"
"Mortality";"South Tyrol";"Lung";"45-59";"Female";"2016";"16.80"
"Mortality";"South Tyrol";"Lung";"45-59";"Female";"2017";"8.26"
"Mortality";"South Tyrol";"Lung";"45-59";"Male";"2005";"42.56"
"Mortality";"South Tyrol";"Lung";"45-59";"Male";"2006";"30.71"
"Mortality";"South Tyrol";"Lung";"45-59";"Male";"2007";"33.99"
"Mortality";"South Tyrol";"Lung";"45-59";"Male";"2008";"26.75"
"Mortality";"South Tyrol";"Lung";"45-59";"Male";"2009";"45.55"
"Mortality";"South Tyrol";"Lung";"45-59";"Male";"2010";"17.19"
"Mortality";"South Tyrol";"Lung";"45-59";"Male";"2011";"13.16"
"Mortality";"South Tyrol";"Lung";"45-59";"Male";"2012";"36.39"
"Mortality";"South Tyrol";"Lung";"45-59";"Male";"2013";"12.30"
"Mortality";"South Tyrol";"Lung";"45-59";"Male";"2014";"22.19"
"Mortality";"South Tyrol";"Lung";"45-59";"Male";"2015";"33.49"
"Mortality";"South Tyrol";"Lung";"45-59";"Male";"2016";"18.06"
"Mortality";"South Tyrol";"Lung";"45-59";"Male";"2017";"12.92"
"Incidence";"Basilicata";"Lung";"45-59";"Female";"2005";"10.65"
"Incidence";"Basilicata";"Lung";"45-59";"Female";"2006";"13.81"
"Incidence";"Basilicata";"Lung";"45-59";"Female";"2007";"15.30"
"Incidence";"Basilicata";"Lung";"45-59";"Female";"2008";"11.71"
"Incidence";"Basilicata";"Lung";"45-59";"Female";"2009";"14.94"
"Incidence";"Basilicata";"Lung";"45-59";"Female";"2010";"16.36"
"Incidence";"Basilicata";"Lung";"45-59";"Female";"2011";"17.71"
"Incidence";"Basilicata";"Lung";"45-59";"Female";"2012";"14.26"
"Incidence";"Basilicata";"Lung";"45-59";"Female";"2013";"18.72"
"Incidence";"Basilicata";"Lung";"45-59";"Female";"2014";"16.91"
"Incidence";"Basilicata";"Lung";"45-59";"Female";"2015";"19.88"
"Incidence";"Basilicata";"Lung";"45-59";"Female";"2016";"13.67"
"Incidence";"Basilicata";"Lung";"45-59";"Female";"2017";"13.65"
"Incidence";"Basilicata";"Lung";"45-59";"Female";"2018";"13.65"
"Mortality";"Mantova and Cremona";"Lung";"45-59";"Male";"2005";"30.89"
"Mortality";"Mantova and Cremona";"Lung";"45-59";"Male";"2006";"26.18"
"Mortality";"Mantova and Cremona";"Lung";"45-59";"Male";"2007";"27.33"
"Mortality";"Mantova and Cremona";"Lung";"45-59";"Male";"2008";"51.62"
"Mortality";"Mantova and Cremona";"Lung";"45-59";"Male";"2009";"49.72"
"Mortality";"Mantova and Cremona";"Lung";"45-59";"Male";"2010";"35.17"
"Mortality";"Mantova and Cremona";"Lung";"45-59";"Male";"2013";"29.65"
"Mortality";"Mantova and Cremona";"Lung";"45-59";"Male";"2014";"38.37"
"Mortality";"Mantova and Cremona";"Lung";"45-59";"Male";"2015";"27.43"
"Mortality";"Mantova and Cremona";"Lung";"45-59";"Male";"2016";"24.84"
"Mortality";"Mantova and Cremona";"Lung";"45-59";"Male";"2017";"20.10"
"Mortality";"Mantova and Cremona";"Lung";"45-59";"Male";"2018";"23.18"
"Mortality";"Mantova and Cremona";"Lung";"45-59";"Male";"2019";"21.81"
"Mortality";"Mantova and Cremona";"Lung";"45-59";"Male";"2020";"25.95"
"Mortality";"Mantova and Cremona";"Lung";"45-59";"Male";"2021";"17.29"
"Mortality";"Mantova and Cremona";"Lung";"45-59";"Female";"2005";"10.84"
"Mortality";"Mantova and Cremona";"Lung";"45-59";"Female";"2006";"7.93"
"Mortality";"Mantova and Cremona";"Lung";"45-59";"Female";"2007";"15.80"
"Mortality";"Mantova and Cremona";"Lung";"45-59";"Female";"2008";"23.48"
"Mortality";"Mantova and Cremona";"Lung";"45-59";"Female";"2009";"20.58"
"Mortality";"Mantova and Cremona";"Lung";"45-59";"Female";"2010";"18.99"
"Mortality";"Mantova and Cremona";"Lung";"45-59";"Female";"2013";"13.20"
"Mortality";"Mantova and Cremona";"Lung";"45-59";"Female";"2014";"23.57"
"Mortality";"Mantova and Cremona";"Lung";"45-59";"Female";"2015";"16.28"
"Mortality";"Mantova and Cremona";"Lung";"45-59";"Female";"2016";"24.25"
"Mortality";"Mantova and Cremona";"Lung";"45-59";"Female";"2017";"15.98"
"Mortality";"Mantova and Cremona";"Lung";"45-59";"Female";"2018";"16.98"
"Mortality";"Mantova and Cremona";"Lung";"45-59";"Female";"2019";"13.47"
"Mortality";"Mantova and Cremona";"Lung";"45-59";"Female";"2020";"14.51"
"Mortality";"Mantova and Cremona";"Lung";"45-59";"Female";"2021";"14.49"
"Incidence";"Basilicata";"Lung";"45-59";"Male";"2005";"36.06"
"Incidence";"Basilicata";"Lung";"45-59";"Male";"2006";"52.67"
"Incidence";"Basilicata";"Lung";"45-59";"Male";"2007";"44.98"
"Incidence";"Basilicata";"Lung";"45-59";"Male";"2008";"39.21"
"Incidence";"Basilicata";"Lung";"45-59";"Male";"2009";"45.69"
"Incidence";"Basilicata";"Lung";"45-59";"Male";"2010";"35.20"
"Incidence";"Basilicata";"Lung";"45-59";"Male";"2011";"49.74"
"Incidence";"Basilicata";"Lung";"45-59";"Male";"2012";"45.83"
"Incidence";"Basilicata";"Lung";"45-59";"Male";"2013";"41.88"
"Incidence";"Basilicata";"Lung";"45-59";"Male";"2014";"42.96"
"Incidence";"Basilicata";"Lung";"45-59";"Male";"2015";"31.55"
"Incidence";"Basilicata";"Lung";"45-59";"Male";"2016";"33.03"
"Incidence";"Basilicata";"Lung";"45-59";"Male";"2017";"34.57"
"Incidence";"Basilicata";"Lung";"45-59";"Male";"2018";"45.43"
"Mortality";"Mantova and Cremona";"Lung";"60-74";"Male";"2005";"150.78"
"Mortality";"Mantova and Cremona";"Lung";"60-74";"Male";"2006";"152.12"
"Mortality";"Mantova and Cremona";"Lung";"60-74";"Male";"2007";"138.87"
"Mortality";"Mantova and Cremona";"Lung";"60-74";"Male";"2008";"248.09"
"Mortality";"Mantova and Cremona";"Lung";"60-74";"Male";"2009";"246.63"
"Mortality";"Mantova and Cremona";"Lung";"60-74";"Male";"2010";"248.37"
"Mortality";"Mantova and Cremona";"Lung";"60-74";"Male";"2013";"239.79"
"Mortality";"Mantova and Cremona";"Lung";"60-74";"Male";"2014";"218.72"
"Mortality";"Mantova and Cremona";"Lung";"60-74";"Male";"2015";"209.26"
"Mortality";"Mantova and Cremona";"Lung";"60-74";"Male";"2016";"203.09"
"Mortality";"Mantova and Cremona";"Lung";"60-74";"Male";"2017";"171.60"
"Mortality";"Mantova and Cremona";"Lung";"60-74";"Male";"2018";"192.66"
"Mortality";"Mantova and Cremona";"Lung";"60-74";"Male";"2019";"157.98"
"Mortality";"Mantova and Cremona";"Lung";"60-74";"Male";"2020";"168.46"
"Mortality";"Mantova and Cremona";"Lung";"60-74";"Male";"2021";"174.43"
"Incidence";"Basilicata";"Lung";"60-74";"Female";"2005";"29.00"
"Incidence";"Basilicata";"Lung";"60-74";"Female";"2006";"23.33"
"Incidence";"Basilicata";"Lung";"60-74";"Female";"2007";"38.40"
"Incidence";"Basilicata";"Lung";"60-74";"Female";"2008";"17.04"
"Incidence";"Basilicata";"Lung";"60-74";"Female";"2009";"19.09"
"Incidence";"Basilicata";"Lung";"60-74";"Female";"2010";"31.81"
"Incidence";"Basilicata";"Lung";"60-74";"Female";"2011";"27.55"
"Incidence";"Basilicata";"Lung";"60-74";"Female";"2012";"40.16"
"Incidence";"Basilicata";"Lung";"60-74";"Female";"2013";"44.37"
"Incidence";"Basilicata";"Lung";"60-74";"Female";"2014";"33.71"
"Incidence";"Basilicata";"Lung";"60-74";"Female";"2015";"29.23"
"Incidence";"Basilicata";"Lung";"60-74";"Female";"2016";"43.50"
"Incidence";"Basilicata";"Lung";"60-74";"Female";"2017";"58.63"
"Incidence";"Basilicata";"Lung";"60-74";"Female";"2018";"37.47"
"Mortality";"Basilicata";"Lung";"60-74";"Female";"2005";"16.57"
"Mortality";"Basilicata";"Lung";"60-74";"Female";"2006";"23.33"
"Mortality";"Basilicata";"Lung";"60-74";"Female";"2007";"12.80"
"Mortality";"Basilicata";"Lung";"60-74";"Female";"2008";"19.17"
"Mortality";"Basilicata";"Lung";"60-74";"Female";"2009";"23.34"
"Mortality";"Basilicata";"Lung";"60-74";"Female";"2010";"19.09"
"Mortality";"Basilicata";"Lung";"60-74";"Female";"2011";"21.19"
"Mortality";"Basilicata";"Lung";"60-74";"Female";"2012";"35.93"
"Mortality";"Basilicata";"Lung";"60-74";"Female";"2013";"23.24"
"Mortality";"Basilicata";"Lung";"60-74";"Female";"2014";"25.28"
"Mortality";"Basilicata";"Lung";"60-74";"Female";"2015";"37.59"
"Mortality";"Basilicata";"Lung";"60-74";"Female";"2016";"26.93"
"Mortality";"Basilicata";"Lung";"60-74";"Female";"2017";"30.33"
"Mortality";"Basilicata";"Lung";"60-74";"Female";"2018";"43.38"
"Mortality";"Mantova and Cremona";"Lung";"60-74";"Female";"2005";"40.03"
"Mortality";"Mantova and Cremona";"Lung";"60-74";"Female";"2006";"18.14"
"Mortality";"Mantova and Cremona";"Lung";"60-74";"Female";"2007";"17.98"
"Mortality";"Mantova and Cremona";"Lung";"60-74";"Female";"2008";"50.39"
"Mortality";"Mantova and Cremona";"Lung";"60-74";"Female";"2009";"48.25"
"Mortality";"Mantova and Cremona";"Lung";"60-74";"Female";"2010";"68.28"
"Mortality";"Mantova and Cremona";"Lung";"60-74";"Female";"2013";"51.90"
"Mortality";"Mantova and Cremona";"Lung";"60-74";"Female";"2014";"71.04"
"Mortality";"Mantova and Cremona";"Lung";"60-74";"Female";"2015";"75.59"
"Mortality";"Mantova and Cremona";"Lung";"60-74";"Female";"2016";"74.05"
"Mortality";"Mantova and Cremona";"Lung";"60-74";"Female";"2017";"86.70"
"Mortality";"Mantova and Cremona";"Lung";"60-74";"Female";"2018";"74.39"
"Mortality";"Mantova and Cremona";"Lung";"60-74";"Female";"2019";"60.81"
"Mortality";"Mantova and Cremona";"Lung";"60-74";"Female";"2020";"66.89"
"Mortality";"Mantova and Cremona";"Lung";"60-74";"Female";"2021";"83.55"
"Mortality";"Trento";"Lung";"60-74";"Female";"2005";"62.84"
"Mortality";"Trento";"Lung";"60-74";"Female";"2006";"61.05"
"Mortality";"Trento";"Lung";"60-74";"Female";"2007";"42.37"
"Mortality";"Trento";"Lung";"60-74";"Female";"2008";"68.52"
"Mortality";"Trento";"Lung";"60-74";"Female";"2009";"43.19"
"Mortality";"Trento";"Lung";"60-74";"Female";"2010";"54.55"
"Mortality";"Trento";"Lung";"60-74";"Female";"2011";"88.64"
"Mortality";"Trento";"Lung";"60-74";"Female";"2012";"57.82"
"Mortality";"Trento";"Lung";"60-74";"Female";"2013";"54.68"
"Mortality";"Trento";"Lung";"60-74";"Female";"2014";"51.66"
"Mortality";"Trento";"Lung";"60-74";"Female";"2015";"55.57"
"Mortality";"Trento";"Lung";"60-74";"Female";"2016";"72.81"
"Mortality";"Trento";"Lung";"60-74";"Female";"2017";"41.44"
"Mortality";"Trento";"Lung";"60-74";"Male";"2005";"244.63"
"Mortality";"Trento";"Lung";"60-74";"Male";"2006";"218.90"
"Mortality";"Trento";"Lung";"60-74";"Male";"2007";"178.22"
"Mortality";"Trento";"Lung";"60-74";"Male";"2008";"175.94"
"Mortality";"Trento";"Lung";"60-74";"Male";"2009";"171.06"
"Mortality";"Trento";"Lung";"60-74";"Male";"2010";"202.74"
"Mortality";"Trento";"Lung";"60-74";"Male";"2011";"233.30"
"Mortality";"Trento";"Lung";"60-74";"Male";"2012";"156.00"
"Mortality";"Trento";"Lung";"60-74";"Male";"2013";"167.09"
"Mortality";"Trento";"Lung";"60-74";"Male";"2014";"156.21"
"Mortality";"Trento";"Lung";"60-74";"Male";"2015";"149.46"
"Mortality";"Trento";"Lung";"60-74";"Male";"2016";"166.17"
"Mortality";"Trento";"Lung";"60-74";"Male";"2017";"145.25"
"Mortality";"Basilicata";"Lung";"60-74";"Male";"2005";"218.76"
"Mortality";"Basilicata";"Lung";"60-74";"Male";"2006";"166.09"
"Mortality";"Basilicata";"Lung";"60-74";"Male";"2007";"211.98"
"Mortality";"Basilicata";"Lung";"60-74";"Male";"2008";"199.28"
"Mortality";"Basilicata";"Lung";"60-74";"Male";"2009";"175.79"
"Mortality";"Basilicata";"Lung";"60-74";"Male";"2010";"185.83"
"Mortality";"Basilicata";"Lung";"60-74";"Male";"2011";"181.82"
"Mortality";"Basilicata";"Lung";"60-74";"Male";"2012";"145.90"
"Mortality";"Basilicata";"Lung";"60-74";"Male";"2013";"133.49"
"Mortality";"Basilicata";"Lung";"60-74";"Male";"2014";"200.41"
"Mortality";"Basilicata";"Lung";"60-74";"Male";"2015";"162.06"
"Mortality";"Basilicata";"Lung";"60-74";"Male";"2016";"155.38"
"Mortality";"Basilicata";"Lung";"60-74";"Male";"2017";"147.21"
"Mortality";"Basilicata";"Lung";"60-74";"Male";"2018";"137.85"
"Incidence";"Basilicata";"Lung";"60-74";"Male";"2005";"235.23"
"Incidence";"Basilicata";"Lung";"60-74";"Male";"2006";"245.53"
"Incidence";"Basilicata";"Lung";"60-74";"Male";"2007";"240.88"
"Incidence";"Basilicata";"Lung";"60-74";"Male";"2008";"290.52"
"Incidence";"Basilicata";"Lung";"60-74";"Male";"2009";"268.44"
"Incidence";"Basilicata";"Lung";"60-74";"Male";"2010";"228.18"
"Incidence";"Basilicata";"Lung";"60-74";"Male";"2011";"209.79"
"Incidence";"Basilicata";"Lung";"60-74";"Male";"2012";"189.91"
"Incidence";"Basilicata";"Lung";"60-74";"Male";"2013";"234.76"
"Incidence";"Basilicata";"Lung";"60-74";"Male";"2014";"209.52"
"Incidence";"Basilicata";"Lung";"60-74";"Male";"2015";"222.83"
"Incidence";"Basilicata";"Lung";"60-74";"Male";"2016";"182.02"
"Incidence";"Basilicata";"Lung";"60-74";"Male";"2017";"207.82"
"Incidence";"Basilicata";"Lung";"60-74";"Male";"2018";"188.76"
"Mortality";"South Tyrol";"Lung";"60-74";"Female";"2005";"55.00"
"Mortality";"South Tyrol";"Lung";"60-74";"Female";"2006";"48.55"
"Mortality";"South Tyrol";"Lung";"60-74";"Female";"2007";"55.84"
"Mortality";"South Tyrol";"Lung";"60-74";"Female";"2008";"47.07"
"Mortality";"South Tyrol";"Lung";"60-74";"Female";"2009";"64.59"
"Mortality";"South Tyrol";"Lung";"60-74";"Female";"2010";"61.26"
"Mortality";"South Tyrol";"Lung";"60-74";"Female";"2011";"71.38"
"Mortality";"South Tyrol";"Lung";"60-74";"Female";"2012";"55.40"
"Mortality";"South Tyrol";"Lung";"60-74";"Female";"2013";"69.76"
"Mortality";"South Tyrol";"Lung";"60-74";"Female";"2014";"49.84"
"Mortality";"South Tyrol";"Lung";"60-74";"Female";"2015";"52.11"
"Mortality";"South Tyrol";"Lung";"60-74";"Female";"2016";"49.49"
"Mortality";"South Tyrol";"Lung";"60-74";"Female";"2017";"80.75"
"Mortality";"South Tyrol";"Lung";"60-74";"Male";"2005";"176.72"
"Mortality";"South Tyrol";"Lung";"60-74";"Male";"2006";"179.04"
"Mortality";"South Tyrol";"Lung";"60-74";"Male";"2007";"144.24"
"Mortality";"South Tyrol";"Lung";"60-74";"Male";"2008";"147.57"
"Mortality";"South Tyrol";"Lung";"60-74";"Male";"2009";"185.45"
"Mortality";"South Tyrol";"Lung";"60-74";"Male";"2010";"171.66"
"Mortality";"South Tyrol";"Lung";"60-74";"Male";"2011";"176.82"
"Mortality";"South Tyrol";"Lung";"60-74";"Male";"2012";"183.29"
"Mortality";"South Tyrol";"Lung";"60-74";"Male";"2013";"173.08"
"Mortality";"South Tyrol";"Lung";"60-74";"Male";"2014";"128.37"
"Mortality";"South Tyrol";"Lung";"60-74";"Male";"2015";"151.91"
"Mortality";"South Tyrol";"Lung";"60-74";"Male";"2016";"197.16"
"Mortality";"South Tyrol";"Lung";"60-74";"Male";"2017";"123.15"
"Mortality";"Mantova and Cremona";"Lung";"75-85+";"Male";"2005";"290.04"
"Mortality";"Mantova and Cremona";"Lung";"75-85+";"Male";"2006";"318.11"
"Mortality";"Mantova and Cremona";"Lung";"75-85+";"Male";"2007";"273.76"
"Mortality";"Mantova and Cremona";"Lung";"75-85+";"Male";"2008";"672.15"
"Mortality";"Mantova and Cremona";"Lung";"75-85+";"Male";"2009";"658.17"
"Mortality";"Mantova and Cremona";"Lung";"75-85+";"Male";"2010";"640.35"
"Mortality";"Mantova and Cremona";"Lung";"75-85+";"Male";"2013";"535.78"
"Mortality";"Mantova and Cremona";"Lung";"75-85+";"Male";"2014";"470.87"
"Mortality";"Mantova and Cremona";"Lung";"75-85+";"Male";"2015";"471.29"
"Mortality";"Mantova and Cremona";"Lung";"75-85+";"Male";"2016";"526.52"
"Mortality";"Mantova and Cremona";"Lung";"75-85+";"Male";"2017";"495.34"
"Mortality";"Mantova and Cremona";"Lung";"75-85+";"Male";"2018";"479.75"
"Mortality";"Mantova and Cremona";"Lung";"75-85+";"Male";"2019";"461.65"
"Mortality";"Mantova and Cremona";"Lung";"75-85+";"Male";"2020";"440.18"
"Mortality";"Mantova and Cremona";"Lung";"75-85+";"Male";"2021";"479.31"
"Incidence";"Basilicata";"Lung";"75-85+";"Male";"2005";"409.03"
"Incidence";"Basilicata";"Lung";"75-85+";"Male";"2006";"381.85"
"Incidence";"Basilicata";"Lung";"75-85+";"Male";"2007";"355.95"
"Incidence";"Basilicata";"Lung";"75-85+";"Male";"2008";"480.85"
"Incidence";"Basilicata";"Lung";"75-85+";"Male";"2009";"411.51"
"Incidence";"Basilicata";"Lung";"75-85+";"Male";"2010";"459.27"
"Incidence";"Basilicata";"Lung";"75-85+";"Male";"2011";"355.00"
"Incidence";"Basilicata";"Lung";"75-85+";"Male";"2012";"398.94"
"Incidence";"Basilicata";"Lung";"75-85+";"Male";"2013";"354.02"
"Incidence";"Basilicata";"Lung";"75-85+";"Male";"2014";"300.95"
"Incidence";"Basilicata";"Lung";"75-85+";"Male";"2015";"346.63"
"Incidence";"Basilicata";"Lung";"75-85+";"Male";"2016";"324.94"
"Incidence";"Basilicata";"Lung";"75-85+";"Male";"2017";"416.23"
"Incidence";"Basilicata";"Lung";"75-85+";"Male";"2018";"345.02"
"Mortality";"Basilicata";"Lung";"75-85+";"Female";"2005";"28.57"
"Mortality";"Basilicata";"Lung";"75-85+";"Female";"2006";"27.54"
"Mortality";"Basilicata";"Lung";"75-85+";"Female";"2007";"56.60"
"Mortality";"Basilicata";"Lung";"75-85+";"Female";"2008";"49.42"
"Mortality";"Basilicata";"Lung";"75-85+";"Female";"2009";"50.66"
"Mortality";"Basilicata";"Lung";"75-85+";"Female";"2010";"57.39"
"Mortality";"Basilicata";"Lung";"75-85+";"Female";"2011";"69.50"
"Mortality";"Basilicata";"Lung";"75-85+";"Female";"2012";"52.44"
"Mortality";"Basilicata";"Lung";"75-85+";"Female";"2013";"51.53"
"Mortality";"Basilicata";"Lung";"75-85+";"Female";"2014";"55.77"
"Mortality";"Basilicata";"Lung";"75-85+";"Female";"2015";"72.21"
"Mortality";"Basilicata";"Lung";"75-85+";"Female";"2016";"49.63"
"Mortality";"Basilicata";"Lung";"75-85+";"Female";"2017";"55.01"
"Mortality";"Basilicata";"Lung";"75-85+";"Female";"2018";"55.49"
"Mortality";"Mantova and Cremona";"Lung";"75-85+";"Female";"2005";"40.33"
"Mortality";"Mantova and Cremona";"Lung";"75-85+";"Female";"2006";"43.30"
"Mortality";"Mantova and Cremona";"Lung";"75-85+";"Female";"2007";"78.80"
"Mortality";"Mantova and Cremona";"Lung";"75-85+";"Female";"2008";"141.75"
"Mortality";"Mantova and Cremona";"Lung";"75-85+";"Female";"2009";"139.89"
"Mortality";"Mantova and Cremona";"Lung";"75-85+";"Female";"2010";"147.45"
"Mortality";"Mantova and Cremona";"Lung";"75-85+";"Female";"2013";"125.30"
"Mortality";"Mantova and Cremona";"Lung";"75-85+";"Female";"2014";"107.40"
"Mortality";"Mantova and Cremona";"Lung";"75-85+";"Female";"2015";"109.06"
"Mortality";"Mantova and Cremona";"Lung";"75-85+";"Female";"2016";"120.27"
"Mortality";"Mantova and Cremona";"Lung";"75-85+";"Female";"2017";"126.19"
"Mortality";"Mantova and Cremona";"Lung";"75-85+";"Female";"2018";"150.33"
"Mortality";"Mantova and Cremona";"Lung";"75-85+";"Female";"2019";"150.25"
"Mortality";"Mantova and Cremona";"Lung";"75-85+";"Female";"2020";"134.82"
"Mortality";"Mantova and Cremona";"Lung";"75-85+";"Female";"2021";"125.58"
"Incidence";"Basilicata";"Lung";"75-85+";"Female";"2005";"22.22"
"Incidence";"Basilicata";"Lung";"75-85+";"Female";"2006";"39.78"
"Incidence";"Basilicata";"Lung";"75-85+";"Female";"2007";"38.72"
"Incidence";"Basilicata";"Lung";"75-85+";"Female";"2008";"43.61"
"Incidence";"Basilicata";"Lung";"75-85+";"Female";"2009";"56.29"
"Incidence";"Basilicata";"Lung";"75-85+";"Female";"2010";"60.12"
"Incidence";"Basilicata";"Lung";"75-85+";"Female";"2011";"40.10"
"Incidence";"Basilicata";"Lung";"75-85+";"Female";"2012";"55.06"
"Incidence";"Basilicata";"Lung";"75-85+";"Female";"2013";"79.86"
"Incidence";"Basilicata";"Lung";"75-85+";"Female";"2014";"65.91"
"Incidence";"Basilicata";"Lung";"75-85+";"Female";"2015";"49.80"
"Incidence";"Basilicata";"Lung";"75-85+";"Female";"2016";"57.07"
"Incidence";"Basilicata";"Lung";"75-85+";"Female";"2017";"50.01"
"Incidence";"Basilicata";"Lung";"75-85+";"Female";"2018";"45.40"
"Mortality";"South Tyrol";"Lung";"75-85+";"Male";"2005";"418.07"
"Mortality";"South Tyrol";"Lung";"75-85+";"Male";"2006";"450.55"
"Mortality";"South Tyrol";"Lung";"75-85+";"Male";"2007";"461.62"
"Mortality";"South Tyrol";"Lung";"75-85+";"Male";"2008";"483.19"
"Mortality";"South Tyrol";"Lung";"75-85+";"Male";"2009";"346.41"
"Mortality";"South Tyrol";"Lung";"75-85+";"Male";"2010";"439.56"
"Mortality";"South Tyrol";"Lung";"75-85+";"Male";"2011";"339.33"
"Mortality";"South Tyrol";"Lung";"75-85+";"Male";"2012";"385.86"
"Mortality";"South Tyrol";"Lung";"75-85+";"Male";"2013";"406.26"
"Mortality";"South Tyrol";"Lung";"75-85+";"Male";"2014";"351.60"
"Mortality";"South Tyrol";"Lung";"75-85+";"Male";"2015";"273.46"
"Mortality";"South Tyrol";"Lung";"75-85+";"Male";"2016";"323.11"
"Mortality";"South Tyrol";"Lung";"75-85+";"Male";"2017";"245.38"
"Mortality";"South Tyrol";"Lung";"75-85+";"Female";"2005";"130.07"
"Mortality";"South Tyrol";"Lung";"75-85+";"Female";"2006";"143.37"
"Mortality";"South Tyrol";"Lung";"75-85+";"Female";"2007";"112.16"
"Mortality";"South Tyrol";"Lung";"75-85+";"Female";"2008";"113.43"
"Mortality";"South Tyrol";"Lung";"75-85+";"Female";"2009";"144.31"
"Mortality";"South Tyrol";"Lung";"75-85+";"Female";"2010";"93.17"
"Mortality";"South Tyrol";"Lung";"75-85+";"Female";"2011";"125.19"
"Mortality";"South Tyrol";"Lung";"75-85+";"Female";"2012";"141.34"
"Mortality";"South Tyrol";"Lung";"75-85+";"Female";"2013";"95.53"
"Mortality";"South Tyrol";"Lung";"75-85+";"Female";"2014";"96.01"
"Mortality";"South Tyrol";"Lung";"75-85+";"Female";"2015";"103.89"
"Mortality";"South Tyrol";"Lung";"75-85+";"Female";"2016";"100.65"
"Mortality";"South Tyrol";"Lung";"75-85+";"Female";"2017";"126.52"
"Mortality";"Basilicata";"Lung";"75-85+";"Male";"2005";"386.05"
"Mortality";"Basilicata";"Lung";"75-85+";"Male";"2006";"359.65"
"Mortality";"Basilicata";"Lung";"75-85+";"Male";"2007";"338.59"
"Mortality";"Basilicata";"Lung";"75-85+";"Male";"2008";"413.36"
"Mortality";"Basilicata";"Lung";"75-85+";"Male";"2009";"378.91"
"Mortality";"Basilicata";"Lung";"75-85+";"Male";"2010";"391.37"
"Mortality";"Basilicata";"Lung";"75-85+";"Male";"2011";"308.18"
"Mortality";"Basilicata";"Lung";"75-85+";"Male";"2012";"337.57"
"Mortality";"Basilicata";"Lung";"75-85+";"Male";"2013";"357.79"
"Mortality";"Basilicata";"Lung";"75-85+";"Male";"2014";"263.79"
"Mortality";"Basilicata";"Lung";"75-85+";"Male";"2015";"353.92"
"Mortality";"Basilicata";"Lung";"75-85+";"Male";"2016";"339.39"
"Mortality";"Basilicata";"Lung";"75-85+";"Male";"2017";"387.27"
"Mortality";"Basilicata";"Lung";"75-85+";"Male";"2018";"337.68"
"Mortality";"Trento";"Lung";"75-85+";"Male";"2005";"577.85"
"Mortality";"Trento";"Lung";"75-85+";"Male";"2006";"611.24"
"Mortality";"Trento";"Lung";"75-85+";"Male";"2007";"518.76"
"Mortality";"Trento";"Lung";"75-85+";"Male";"2008";"441.70"
"Mortality";"Trento";"Lung";"75-85+";"Male";"2009";"402.58"
"Mortality";"Trento";"Lung";"75-85+";"Male";"2010";"512.68"
"Mortality";"Trento";"Lung";"75-85+";"Male";"2011";"394.98"
"Mortality";"Trento";"Lung";"75-85+";"Male";"2012";"498.90"
"Mortality";"Trento";"Lung";"75-85+";"Male";"2013";"514.74"
"Mortality";"Trento";"Lung";"75-85+";"Male";"2014";"469.65"
"Mortality";"Trento";"Lung";"75-85+";"Male";"2015";"374.86"
"Mortality";"Trento";"Lung";"75-85+";"Male";"2016";"360.23"
"Mortality";"Trento";"Lung";"75-85+";"Male";"2017";"383.71"
"Mortality";"Trento";"Lung";"75-85+";"Female";"2005";"134.73"
"Mortality";"Trento";"Lung";"75-85+";"Female";"2006";"111.44"
"Mortality";"Trento";"Lung";"75-85+";"Female";"2007";"109.07"
"Mortality";"Trento";"Lung";"75-85+";"Female";"2008";"63.34"
"Mortality";"Trento";"Lung";"75-85+";"Female";"2009";"99.87"
"Mortality";"Trento";"Lung";"75-85+";"Female";"2010";"104.51"
"Mortality";"Trento";"Lung";"75-85+";"Female";"2011";"118.43"
"Mortality";"Trento";"Lung";"75-85+";"Female";"2012";"135.53"
"Mortality";"Trento";"Lung";"75-85+";"Female";"2013";"101.14"
"Mortality";"Trento";"Lung";"75-85+";"Female";"2014";"96.13"
"Mortality";"Trento";"Lung";"75-85+";"Female";"2015";"103.02"
"Mortality";"Trento";"Lung";"75-85+";"Female";"2016";"95.69"
"Mortality";"Trento";"Lung";"75-85+";"Female";"2017";"127.54"
"Mortality";"Catanzaro";"Lung";"0-14";"Male";"2006";"0.00"
"Mortality";"Catanzaro";"Lung";"0-14";"Male";"2007";"0.00"
"Mortality";"Catanzaro";"Lung";"0-14";"Male";"2008";"0.00"
"Mortality";"Catanzaro";"Lung";"0-14";"Male";"2009";"0.00"
"Mortality";"Catanzaro";"Lung";"0-14";"Male";"2010";"0.00"
"Mortality";"Catanzaro";"Lung";"0-14";"Female";"2006";"0.00"
"Mortality";"Catanzaro";"Lung";"0-14";"Female";"2007";"0.00"
"Mortality";"Catanzaro";"Lung";"0-14";"Female";"2008";"0.00"
"Mortality";"Catanzaro";"Lung";"0-14";"Female";"2009";"0.00"
"Mortality";"Catanzaro";"Lung";"0-14";"Female";"2010";"0.00"
"Mortality";"Catanzaro";"Lung";"15-29";"Male";"2006";"0.00"
"Mortality";"Catanzaro";"Lung";"15-29";"Male";"2007";"0.00"
"Mortality";"Catanzaro";"Lung";"15-29";"Male";"2008";"0.00"
"Mortality";"Catanzaro";"Lung";"15-29";"Male";"2009";"0.00"
"Mortality";"Catanzaro";"Lung";"15-29";"Male";"2010";"0.00"
"Mortality";"Catanzaro";"Lung";"15-29";"Female";"2006";"0.00"
"Mortality";"Catanzaro";"Lung";"15-29";"Female";"2007";"0.00"
"Mortality";"Catanzaro";"Lung";"15-29";"Female";"2008";"0.00"
"Mortality";"Catanzaro";"Lung";"15-29";"Female";"2009";"0.00"
"Mortality";"Catanzaro";"Lung";"15-29";"Female";"2010";"0.00"
"Mortality";"Catanzaro";"Lung";"30-44";"Female";"2006";"2.43"
"Mortality";"Catanzaro";"Lung";"30-44";"Female";"2007";"2.46"
"Mortality";"Catanzaro";"Lung";"30-44";"Female";"2008";"2.46"
"Mortality";"Catanzaro";"Lung";"30-44";"Female";"2009";"0.00"
"Mortality";"Catanzaro";"Lung";"30-44";"Female";"2010";"2.52"
"Mortality";"Catanzaro";"Lung";"30-44";"Male";"2006";"0.00"
"Mortality";"Catanzaro";"Lung";"30-44";"Male";"2007";"0.00"
"Mortality";"Catanzaro";"Lung";"30-44";"Male";"2008";"2.59"
"Mortality";"Catanzaro";"Lung";"30-44";"Male";"2009";"0.00"
"Mortality";"Catanzaro";"Lung";"30-44";"Male";"2010";"7.94"
"Mortality";"Catanzaro";"Lung";"45-59";"Male";"2006";"19.51"
"Mortality";"Catanzaro";"Lung";"45-59";"Male";"2007";"16.59"
"Mortality";"Catanzaro";"Lung";"45-59";"Male";"2008";"32.96"
"Mortality";"Catanzaro";"Lung";"45-59";"Male";"2009";"32.69"
"Mortality";"Catanzaro";"Lung";"45-59";"Male";"2010";"18.88"
"Mortality";"Catanzaro";"Lung";"45-59";"Female";"2006";"8.33"
"Mortality";"Catanzaro";"Lung";"45-59";"Female";"2007";"10.97"
"Mortality";"Catanzaro";"Lung";"45-59";"Female";"2008";"16.14"
"Mortality";"Catanzaro";"Lung";"45-59";"Female";"2009";"5.30"
"Mortality";"Catanzaro";"Lung";"45-59";"Female";"2010";"7.81"
"Mortality";"Catanzaro";"Lung";"60-74";"Female";"2006";"28.90"
"Mortality";"Catanzaro";"Lung";"60-74";"Female";"2007";"10.86"
"Mortality";"Catanzaro";"Lung";"60-74";"Female";"2008";"25.29"
"Mortality";"Catanzaro";"Lung";"60-74";"Female";"2009";"21.51"
"Mortality";"Catanzaro";"Lung";"60-74";"Female";"2010";"21.37"
"Mortality";"Catanzaro";"Lung";"60-74";"Male";"2006";"178.94"
"Mortality";"Catanzaro";"Lung";"60-74";"Male";"2007";"209.86"
"Mortality";"Catanzaro";"Lung";"60-74";"Male";"2008";"225.64"
"Mortality";"Catanzaro";"Lung";"60-74";"Male";"2009";"226.77"
"Mortality";"Catanzaro";"Lung";"60-74";"Male";"2010";"173.66"
"Mortality";"Catanzaro";"Lung";"75-85+";"Male";"2006";"381.90"
"Mortality";"Catanzaro";"Lung";"75-85+";"Male";"2007";"443.30"
"Mortality";"Catanzaro";"Lung";"75-85+";"Male";"2008";"328.97"
"Mortality";"Catanzaro";"Lung";"75-85+";"Male";"2009";"305.86"
"Mortality";"Catanzaro";"Lung";"75-85+";"Male";"2010";"371.25"
"Mortality";"Catanzaro";"Lung";"75-85+";"Female";"2006";"47.34"
"Mortality";"Catanzaro";"Lung";"75-85+";"Female";"2007";"35.61"
"Mortality";"Catanzaro";"Lung";"75-85+";"Female";"2008";"44.40"
"Mortality";"Catanzaro";"Lung";"75-85+";"Female";"2009";"28.91"
"Mortality";"Catanzaro";"Lung";"75-85+";"Female";"2010";"47.38"
"Incidence";"Monza-Brianza-Lecco";"Lung";"0-14";"Female";"2007";"0.00"
"Incidence";"Monza-Brianza-Lecco";"Lung";"0-14";"Female";"2008";"0.00"
"Incidence";"Monza-Brianza-Lecco";"Lung";"0-14";"Female";"2009";"0.00"
"Incidence";"Monza-Brianza-Lecco";"Lung";"0-14";"Female";"2010";"0.00"
"Incidence";"Monza-Brianza-Lecco";"Lung";"0-14";"Female";"2011";"0.00"
"Incidence";"Monza-Brianza-Lecco";"Lung";"0-14";"Female";"2012";"0.00"
"Incidence";"Monza-Brianza-Lecco";"Lung";"0-14";"Female";"2013";"0.00"
"Incidence";"Monza-Brianza-Lecco";"Lung";"0-14";"Female";"2014";"0.00"
"Incidence";"Monza-Brianza-Lecco";"Lung";"0-14";"Female";"2015";"0.00"
"Mortality";"Monza-Brianza-Lecco";"Lung";"0-14";"Female";"2007";"0.00"
"Mortality";"Monza-Brianza-Lecco";"Lung";"0-14";"Female";"2008";"0.00"
"Mortality";"Monza-Brianza-Lecco";"Lung";"0-14";"Female";"2009";"0.00"
"Mortality";"Monza-Brianza-Lecco";"Lung";"0-14";"Female";"2010";"0.00"
"Mortality";"Monza-Brianza-Lecco";"Lung";"0-14";"Female";"2011";"0.00"
"Mortality";"Monza-Brianza-Lecco";"Lung";"0-14";"Female";"2012";"0.00"
"Mortality";"Monza-Brianza-Lecco";"Lung";"0-14";"Female";"2013";"0.00"
"Mortality";"Monza-Brianza-Lecco";"Lung";"0-14";"Female";"2014";"0.00"
"Mortality";"Monza-Brianza-Lecco";"Lung";"0-14";"Female";"2015";"0.00"
"Incidence";"Bergamo";"Lung";"0-14";"Male";"2007";"0.00"
"Incidence";"Bergamo";"Lung";"0-14";"Male";"2008";"0.00"
"Incidence";"Bergamo";"Lung";"0-14";"Male";"2009";"0.00"
"Incidence";"Bergamo";"Lung";"0-14";"Male";"2010";"0.00"
"Incidence";"Bergamo";"Lung";"0-14";"Male";"2011";"0.00"
"Incidence";"Bergamo";"Lung";"0-14";"Male";"2012";"0.00"
"Incidence";"Bergamo";"Lung";"0-14";"Male";"2013";"0.00"
"Incidence";"Bergamo";"Lung";"0-14";"Male";"2014";"0.00"
"Incidence";"Bergamo";"Lung";"0-14";"Male";"2015";"0.00"
"Incidence";"Bergamo";"Lung";"0-14";"Male";"2016";"0.00"
"Incidence";"Bergamo";"Lung";"0-14";"Male";"2017";"0.00"
"Incidence";"Bergamo";"Lung";"0-14";"Male";"2018";"0.00"
"Incidence";"Bergamo";"Lung";"0-14";"Female";"2007";"0.00"
"Incidence";"Bergamo";"Lung";"0-14";"Female";"2008";"0.00"
"Incidence";"Bergamo";"Lung";"0-14";"Female";"2009";"0.00"
"Incidence";"Bergamo";"Lung";"0-14";"Female";"2010";"0.00"
"Incidence";"Bergamo";"Lung";"0-14";"Female";"2011";"0.00"
"Incidence";"Bergamo";"Lung";"0-14";"Female";"2012";"0.00"
"Incidence";"Bergamo";"Lung";"0-14";"Female";"2013";"0.00"
"Incidence";"Bergamo";"Lung";"0-14";"Female";"2014";"0.00"
"Incidence";"Bergamo";"Lung";"0-14";"Female";"2015";"0.00"
"Incidence";"Bergamo";"Lung";"0-14";"Female";"2016";"0.00"
"Incidence";"Bergamo";"Lung";"0-14";"Female";"2017";"0.00"
"Incidence";"Bergamo";"Lung";"0-14";"Female";"2018";"0.00"
"Mortality";"Monza-Brianza-Lecco";"Lung";"0-14";"Male";"2007";"0.00"
"Mortality";"Monza-Brianza-Lecco";"Lung";"0-14";"Male";"2008";"0.00"
"Mortality";"Monza-Brianza-Lecco";"Lung";"0-14";"Male";"2009";"0.00"
"Mortality";"Monza-Brianza-Lecco";"Lung";"0-14";"Male";"2010";"0.00"
"Mortality";"Monza-Brianza-Lecco";"Lung";"0-14";"Male";"2011";"0.00"
"Mortality";"Monza-Brianza-Lecco";"Lung";"0-14";"Male";"2012";"0.00"
"Mortality";"Monza-Brianza-Lecco";"Lung";"0-14";"Male";"2013";"0.00"
"Mortality";"Monza-Brianza-Lecco";"Lung";"0-14";"Male";"2014";"0.00"
"Mortality";"Monza-Brianza-Lecco";"Lung";"0-14";"Male";"2015";"0.00"
"Mortality";"Aosta Valley";"Lung";"0-14";"Female";"2007";"0.00"
"Mortality";"Aosta Valley";"Lung";"0-14";"Female";"2008";"0.00"
"Mortality";"Aosta Valley";"Lung";"0-14";"Female";"2009";"0.00"
"Mortality";"Aosta Valley";"Lung";"0-14";"Female";"2010";"0.00"
"Mortality";"Aosta Valley";"Lung";"0-14";"Female";"2011";"0.00"
"Mortality";"Aosta Valley";"Lung";"0-14";"Female";"2012";"0.00"
"Mortality";"Aosta Valley";"Lung";"0-14";"Female";"2013";"0.00"
"Mortality";"Aosta Valley";"Lung";"0-14";"Female";"2014";"0.00"
"Mortality";"Aosta Valley";"Lung";"0-14";"Female";"2015";"0.00"
"Mortality";"Aosta Valley";"Lung";"0-14";"Female";"2016";"0.00"
"Mortality";"Aosta Valley";"Lung";"0-14";"Male";"2007";"0.00"
"Mortality";"Aosta Valley";"Lung";"0-14";"Male";"2008";"0.00"
"Mortality";"Aosta Valley";"Lung";"0-14";"Male";"2009";"0.00"
"Mortality";"Aosta Valley";"Lung";"0-14";"Male";"2010";"0.00"
"Mortality";"Aosta Valley";"Lung";"0-14";"Male";"2011";"0.00"
"Mortality";"Aosta Valley";"Lung";"0-14";"Male";"2012";"0.00"
"Mortality";"Aosta Valley";"Lung";"0-14";"Male";"2013";"0.00"
"Mortality";"Aosta Valley";"Lung";"0-14";"Male";"2014";"0.00"
"Mortality";"Aosta Valley";"Lung";"0-14";"Male";"2015";"0.00"
"Mortality";"Aosta Valley";"Lung";"0-14";"Male";"2016";"0.00"
"Incidence";"Aosta Valley";"Lung";"0-14";"Male";"2007";"0.00"
"Incidence";"Aosta Valley";"Lung";"0-14";"Male";"2008";"0.00"
"Incidence";"Aosta Valley";"Lung";"0-14";"Male";"2009";"0.00"
"Incidence";"Aosta Valley";"Lung";"0-14";"Male";"2010";"0.00"
"Incidence";"Aosta Valley";"Lung";"0-14";"Male";"2011";"0.00"
"Incidence";"Aosta Valley";"Lung";"0-14";"Male";"2012";"0.00"
"Incidence";"Aosta Valley";"Lung";"0-14";"Male";"2013";"0.00"
"Incidence";"Aosta Valley";"Lung";"0-14";"Male";"2014";"0.00"
"Incidence";"Aosta Valley";"Lung";"0-14";"Male";"2015";"0.00"
"Incidence";"Aosta Valley";"Lung";"0-14";"Male";"2016";"0.00"
"Incidence";"Aosta Valley";"Lung";"0-14";"Female";"2007";"0.00"
"Incidence";"Aosta Valley";"Lung";"0-14";"Female";"2008";"0.00"
"Incidence";"Aosta Valley";"Lung";"0-14";"Female";"2009";"0.00"
"Incidence";"Aosta Valley";"Lung";"0-14";"Female";"2010";"0.00"
"Incidence";"Aosta Valley";"Lung";"0-14";"Female";"2011";"0.00"
"Incidence";"Aosta Valley";"Lung";"0-14";"Female";"2012";"0.00"
"Incidence";"Aosta Valley";"Lung";"0-14";"Female";"2013";"0.00"
"Incidence";"Aosta Valley";"Lung";"0-14";"Female";"2014";"0.00"
"Incidence";"Aosta Valley";"Lung";"0-14";"Female";"2015";"0.00"
"Incidence";"Aosta Valley";"Lung";"0-14";"Female";"2016";"0.00"
"Incidence";"Monza-Brianza-Lecco";"Lung";"0-14";"Male";"2007";"0.00"
"Incidence";"Monza-Brianza-Lecco";"Lung";"0-14";"Male";"2008";"0.00"
"Incidence";"Monza-Brianza-Lecco";"Lung";"0-14";"Male";"2009";"0.00"
"Incidence";"Monza-Brianza-Lecco";"Lung";"0-14";"Male";"2010";"0.00"
"Incidence";"Monza-Brianza-Lecco";"Lung";"0-14";"Male";"2011";"0.00"
"Incidence";"Monza-Brianza-Lecco";"Lung";"0-14";"Male";"2012";"0.00"
"Incidence";"Monza-Brianza-Lecco";"Lung";"0-14";"Male";"2013";"0.00"
"Incidence";"Monza-Brianza-Lecco";"Lung";"0-14";"Male";"2014";"0.00"
"Incidence";"Monza-Brianza-Lecco";"Lung";"0-14";"Male";"2015";"0.00"
"Mortality";"Monza-Brianza-Lecco";"Lung";"15-29";"Male";"2007";"0.00"
"Mortality";"Monza-Brianza-Lecco";"Lung";"15-29";"Male";"2008";"0.00"
"Mortality";"Monza-Brianza-Lecco";"Lung";"15-29";"Male";"2009";"1.16"
"Mortality";"Monza-Brianza-Lecco";"Lung";"15-29";"Male";"2010";"0.00"
"Mortality";"Monza-Brianza-Lecco";"Lung";"15-29";"Male";"2011";"1.16"
"Mortality";"Monza-Brianza-Lecco";"Lung";"15-29";"Male";"2012";"0.00"
"Mortality";"Monza-Brianza-Lecco";"Lung";"15-29";"Male";"2013";"0.00"
"Mortality";"Monza-Brianza-Lecco";"Lung";"15-29";"Male";"2014";"0.00"
"Mortality";"Monza-Brianza-Lecco";"Lung";"15-29";"Male";"2015";"1.15"
"Incidence";"Bergamo";"Lung";"15-29";"Female";"2007";"0.00"
"Incidence";"Bergamo";"Lung";"15-29";"Female";"2008";"0.00"
"Incidence";"Bergamo";"Lung";"15-29";"Female";"2009";"1.20"
"Incidence";"Bergamo";"Lung";"15-29";"Female";"2010";"0.00"
"Incidence";"Bergamo";"Lung";"15-29";"Female";"2011";"0.00"
"Incidence";"Bergamo";"Lung";"15-29";"Female";"2012";"0.00"
"Incidence";"Bergamo";"Lung";"15-29";"Female";"2013";"0.00"
"Incidence";"Bergamo";"Lung";"15-29";"Female";"2014";"0.00"
"Incidence";"Bergamo";"Lung";"15-29";"Female";"2015";"0.00"
"Incidence";"Bergamo";"Lung";"15-29";"Female";"2016";"1.22"
"Incidence";"Bergamo";"Lung";"15-29";"Female";"2017";"0.00"
"Incidence";"Bergamo";"Lung";"15-29";"Female";"2018";"0.00"
"Incidence";"Bergamo";"Lung";"15-29";"Male";"2007";"0.00"
"Incidence";"Bergamo";"Lung";"15-29";"Male";"2008";"0.00"
"Incidence";"Bergamo";"Lung";"15-29";"Male";"2009";"2.28"
"Incidence";"Bergamo";"Lung";"15-29";"Male";"2010";"0.00"
"Incidence";"Bergamo";"Lung";"15-29";"Male";"2011";"0.00"
"Incidence";"Bergamo";"Lung";"15-29";"Male";"2012";"1.18"
"Incidence";"Bergamo";"Lung";"15-29";"Male";"2013";"1.18"
"Incidence";"Bergamo";"Lung";"15-29";"Male";"2014";"0.00"
"Incidence";"Bergamo";"Lung";"15-29";"Male";"2015";"1.17"
"Incidence";"Bergamo";"Lung";"15-29";"Male";"2016";"0.00"
"Incidence";"Bergamo";"Lung";"15-29";"Male";"2017";"1.16"
"Incidence";"Bergamo";"Lung";"15-29";"Male";"2018";"1.15"
"Mortality";"Monza-Brianza-Lecco";"Lung";"15-29";"Female";"2007";"0.00"
"Mortality";"Monza-Brianza-Lecco";"Lung";"15-29";"Female";"2008";"0.00"
"Mortality";"Monza-Brianza-Lecco";"Lung";"15-29";"Female";"2009";"0.00"
"Mortality";"Monza-Brianza-Lecco";"Lung";"15-29";"Female";"2010";"0.00"
"Mortality";"Monza-Brianza-Lecco";"Lung";"15-29";"Female";"2011";"0.00"
"Mortality";"Monza-Brianza-Lecco";"Lung";"15-29";"Female";"2012";"0.00"
"Mortality";"Monza-Brianza-Lecco";"Lung";"15-29";"Female";"2013";"0.00"
"Mortality";"Monza-Brianza-Lecco";"Lung";"15-29";"Female";"2014";"0.00"
"Mortality";"Monza-Brianza-Lecco";"Lung";"15-29";"Female";"2015";"0.00"
"Mortality";"Aosta Valley";"Lung";"15-29";"Female";"2007";"0.00"
"Mortality";"Aosta Valley";"Lung";"15-29";"Female";"2008";"0.00"
"Mortality";"Aosta Valley";"Lung";"15-29";"Female";"2009";"0.00"
"Mortality";"Aosta Valley";"Lung";"15-29";"Female";"2010";"0.00"
"Mortality";"Aosta Valley";"Lung";"15-29";"Female";"2011";"0.00"
"Mortality";"Aosta Valley";"Lung";"15-29";"Female";"2012";"0.00"
"Mortality";"Aosta Valley";"Lung";"15-29";"Female";"2013";"0.00"
"Mortality";"Aosta Valley";"Lung";"15-29";"Female";"2014";"0.00"
"Mortality";"Aosta Valley";"Lung";"15-29";"Female";"2015";"0.00"
"Mortality";"Aosta Valley";"Lung";"15-29";"Female";"2016";"0.00"
"Mortality";"Aosta Valley";"Lung";"15-29";"Male";"2007";"0.00"
"Mortality";"Aosta Valley";"Lung";"15-29";"Male";"2008";"0.00"
"Mortality";"Aosta Valley";"Lung";"15-29";"Male";"2009";"0.00"
"Mortality";"Aosta Valley";"Lung";"15-29";"Male";"2010";"0.00"
"Mortality";"Aosta Valley";"Lung";"15-29";"Male";"2011";"0.00"
"Mortality";"Aosta Valley";"Lung";"15-29";"Male";"2012";"0.00"
"Mortality";"Aosta Valley";"Lung";"15-29";"Male";"2013";"0.00"
"Mortality";"Aosta Valley";"Lung";"15-29";"Male";"2014";"0.00"
"Mortality";"Aosta Valley";"Lung";"15-29";"Male";"2015";"0.00"
"Mortality";"Aosta Valley";"Lung";"15-29";"Male";"2016";"0.00"
"Incidence";"Aosta Valley";"Lung";"15-29";"Male";"2007";"0.00"
"Incidence";"Aosta Valley";"Lung";"15-29";"Male";"2008";"0.00"
"Incidence";"Aosta Valley";"Lung";"15-29";"Male";"2009";"0.00"
"Incidence";"Aosta Valley";"Lung";"15-29";"Male";"2010";"0.00"
"Incidence";"Aosta Valley";"Lung";"15-29";"Male";"2011";"0.00"
"Incidence";"Aosta Valley";"Lung";"15-29";"Male";"2012";"0.00"
"Incidence";"Aosta Valley";"Lung";"15-29";"Male";"2013";"0.00"
"Incidence";"Aosta Valley";"Lung";"15-29";"Male";"2014";"0.00"
"Incidence";"Aosta Valley";"Lung";"15-29";"Male";"2015";"0.00"
"Incidence";"Aosta Valley";"Lung";"15-29";"Male";"2016";"0.00"
"Incidence";"Monza-Brianza-Lecco";"Lung";"15-29";"Male";"2007";"0.00"
"Incidence";"Monza-Brianza-Lecco";"Lung";"15-29";"Male";"2008";"0.00"
"Incidence";"Monza-Brianza-Lecco";"Lung";"15-29";"Male";"2009";"0.00"
"Incidence";"Monza-Brianza-Lecco";"Lung";"15-29";"Male";"2010";"0.00"
"Incidence";"Monza-Brianza-Lecco";"Lung";"15-29";"Male";"2011";"1.16"
"Incidence";"Monza-Brianza-Lecco";"Lung";"15-29";"Male";"2012";"0.00"
"Incidence";"Monza-Brianza-Lecco";"Lung";"15-29";"Male";"2013";"0.00"
"Incidence";"Monza-Brianza-Lecco";"Lung";"15-29";"Male";"2014";"1.15"
"Incidence";"Monza-Brianza-Lecco";"Lung";"15-29";"Male";"2015";"0.00"
"Incidence";"Aosta Valley";"Lung";"15-29";"Female";"2007";"0.00"
"Incidence";"Aosta Valley";"Lung";"15-29";"Female";"2008";"0.00"
"Incidence";"Aosta Valley";"Lung";"15-29";"Female";"2009";"0.00"
"Incidence";"Aosta Valley";"Lung";"15-29";"Female";"2010";"0.00"
"Incidence";"Aosta Valley";"Lung";"15-29";"Female";"2011";"11.44"
"Incidence";"Aosta Valley";"Lung";"15-29";"Female";"2012";"0.00"
"Incidence";"Aosta Valley";"Lung";"15-29";"Female";"2013";"0.00"
"Incidence";"Aosta Valley";"Lung";"15-29";"Female";"2014";"0.00"
"Incidence";"Aosta Valley";"Lung";"15-29";"Female";"2015";"0.00"
"Incidence";"Aosta Valley";"Lung";"15-29";"Female";"2016";"0.00"
"Incidence";"Monza-Brianza-Lecco";"Lung";"15-29";"Female";"2007";"1.20"
"Incidence";"Monza-Brianza-Lecco";"Lung";"15-29";"Female";"2008";"0.00"
"Incidence";"Monza-Brianza-Lecco";"Lung";"15-29";"Female";"2009";"1.20"
"Incidence";"Monza-Brianza-Lecco";"Lung";"15-29";"Female";"2010";"0.00"
"Incidence";"Monza-Brianza-Lecco";"Lung";"15-29";"Female";"2011";"0.00"
"Incidence";"Monza-Brianza-Lecco";"Lung";"15-29";"Female";"2012";"1.21"
"Incidence";"Monza-Brianza-Lecco";"Lung";"15-29";"Female";"2013";"2.40"
"Incidence";"Monza-Brianza-Lecco";"Lung";"15-29";"Female";"2014";"0.00"
"Incidence";"Monza-Brianza-Lecco";"Lung";"15-29";"Female";"2015";"0.00"
"Incidence";"Bergamo";"Lung";"30-44";"Female";"2007";"1.56"
"Incidence";"Bergamo";"Lung";"30-44";"Female";"2008";"3.89"
"Incidence";"Bergamo";"Lung";"30-44";"Female";"2009";"4.66"
"Incidence";"Bergamo";"Lung";"30-44";"Female";"2010";"7.84"
"Incidence";"Bergamo";"Lung";"30-44";"Female";"2011";"4.74"
"Incidence";"Bergamo";"Lung";"30-44";"Female";"2012";"3.28"
"Incidence";"Bergamo";"Lung";"30-44";"Female";"2013";"1.67"
"Incidence";"Bergamo";"Lung";"30-44";"Female";"2014";"2.52"
"Incidence";"Bergamo";"Lung";"30-44";"Female";"2015";"3.43"
"Incidence";"Bergamo";"Lung";"30-44";"Female";"2016";"5.27"
"Incidence";"Bergamo";"Lung";"30-44";"Female";"2017";"0.90"
"Incidence";"Bergamo";"Lung";"30-44";"Female";"2018";"0.92"
"Incidence";"Monza-Brianza-Lecco";"Lung";"30-44";"Male";"2007";"2.72"
"Incidence";"Monza-Brianza-Lecco";"Lung";"30-44";"Male";"2008";"2.03"
"Incidence";"Monza-Brianza-Lecco";"Lung";"30-44";"Male";"2009";"4.08"
"Incidence";"Monza-Brianza-Lecco";"Lung";"30-44";"Male";"2010";"3.47"
"Incidence";"Monza-Brianza-Lecco";"Lung";"30-44";"Male";"2011";"2.84"
"Incidence";"Monza-Brianza-Lecco";"Lung";"30-44";"Male";"2012";"5.09"
"Incidence";"Monza-Brianza-Lecco";"Lung";"30-44";"Male";"2013";"2.21"
"Incidence";"Monza-Brianza-Lecco";"Lung";"30-44";"Male";"2014";"1.51"
"Incidence";"Monza-Brianza-Lecco";"Lung";"30-44";"Male";"2015";"3.90"
"Incidence";"Monza-Brianza-Lecco";"Lung";"30-44";"Female";"2007";"1.42"
"Incidence";"Monza-Brianza-Lecco";"Lung";"30-44";"Female";"2008";"2.84"
"Incidence";"Monza-Brianza-Lecco";"Lung";"30-44";"Female";"2009";"2.13"
"Incidence";"Monza-Brianza-Lecco";"Lung";"30-44";"Female";"2010";"4.31"
"Incidence";"Monza-Brianza-Lecco";"Lung";"30-44";"Female";"2011";"2.91"
"Incidence";"Monza-Brianza-Lecco";"Lung";"30-44";"Female";"2012";"0.74"
"Incidence";"Monza-Brianza-Lecco";"Lung";"30-44";"Female";"2013";"6.04"
"Incidence";"Monza-Brianza-Lecco";"Lung";"30-44";"Female";"2014";"2.33"
"Incidence";"Monza-Brianza-Lecco";"Lung";"30-44";"Female";"2015";"3.99"
"Incidence";"Bergamo";"Lung";"30-44";"Male";"2007";"3.55"
"Incidence";"Bergamo";"Lung";"30-44";"Male";"2008";"2.83"
"Incidence";"Bergamo";"Lung";"30-44";"Male";"2009";"4.24"
"Incidence";"Bergamo";"Lung";"30-44";"Male";"2010";"3.59"
"Incidence";"Bergamo";"Lung";"30-44";"Male";"2011";"6.57"
"Incidence";"Bergamo";"Lung";"30-44";"Male";"2012";"3.09"
"Incidence";"Bergamo";"Lung";"30-44";"Male";"2013";"3.94"
"Incidence";"Bergamo";"Lung";"30-44";"Male";"2014";"3.18"
"Incidence";"Bergamo";"Lung";"30-44";"Male";"2015";"0.82"
"Incidence";"Bergamo";"Lung";"30-44";"Male";"2016";"3.38"
"Incidence";"Bergamo";"Lung";"30-44";"Male";"2017";"1.74"
"Incidence";"Bergamo";"Lung";"30-44";"Male";"2018";"1.79"
"Mortality";"Monza-Brianza-Lecco";"Lung";"30-44";"Female";"2007";"0.71"
"Mortality";"Monza-Brianza-Lecco";"Lung";"30-44";"Female";"2008";"1.42"
"Mortality";"Monza-Brianza-Lecco";"Lung";"30-44";"Female";"2009";"1.42"
"Mortality";"Monza-Brianza-Lecco";"Lung";"30-44";"Female";"2010";"0.00"
"Mortality";"Monza-Brianza-Lecco";"Lung";"30-44";"Female";"2011";"2.19"
"Mortality";"Monza-Brianza-Lecco";"Lung";"30-44";"Female";"2012";"0.74"
"Mortality";"Monza-Brianza-Lecco";"Lung";"30-44";"Female";"2013";"3.02"
"Mortality";"Monza-Brianza-Lecco";"Lung";"30-44";"Female";"2014";"3.88"
"Mortality";"Monza-Brianza-Lecco";"Lung";"30-44";"Female";"2015";"1.59"
"Mortality";"Monza-Brianza-Lecco";"Lung";"30-44";"Male";"2007";"0.68"
"Mortality";"Monza-Brianza-Lecco";"Lung";"30-44";"Male";"2008";"2.71"
"Mortality";"Monza-Brianza-Lecco";"Lung";"30-44";"Male";"2009";"2.04"
"Mortality";"Monza-Brianza-Lecco";"Lung";"30-44";"Male";"2010";"1.39"
"Mortality";"Monza-Brianza-Lecco";"Lung";"30-44";"Male";"2011";"2.13"
"Mortality";"Monza-Brianza-Lecco";"Lung";"30-44";"Male";"2012";"0.00"
"Mortality";"Monza-Brianza-Lecco";"Lung";"30-44";"Male";"2013";"0.74"
"Mortality";"Monza-Brianza-Lecco";"Lung";"30-44";"Male";"2014";"0.76"
"Mortality";"Monza-Brianza-Lecco";"Lung";"30-44";"Male";"2015";"1.56"
"Incidence";"Aosta Valley";"Lung";"30-44";"Female";"2007";"6.52"
"Incidence";"Aosta Valley";"Lung";"30-44";"Female";"2008";"0.00"
"Incidence";"Aosta Valley";"Lung";"30-44";"Female";"2009";"0.00"
"Incidence";"Aosta Valley";"Lung";"30-44";"Female";"2010";"0.00"
"Incidence";"Aosta Valley";"Lung";"30-44";"Female";"2011";"0.00"
"Incidence";"Aosta Valley";"Lung";"30-44";"Female";"2012";"7.20"
"Incidence";"Aosta Valley";"Lung";"30-44";"Female";"2013";"0.00"
"Incidence";"Aosta Valley";"Lung";"30-44";"Female";"2014";"7.43"
"Incidence";"Aosta Valley";"Lung";"30-44";"Female";"2015";"0.00"
"Incidence";"Aosta Valley";"Lung";"30-44";"Female";"2016";"0.00"
"Incidence";"Aosta Valley";"Lung";"30-44";"Male";"2007";"0.00"
"Incidence";"Aosta Valley";"Lung";"30-44";"Male";"2008";"0.00"
"Incidence";"Aosta Valley";"Lung";"30-44";"Male";"2009";"12.73"
"Incidence";"Aosta Valley";"Lung";"30-44";"Male";"2010";"0.00"
"Incidence";"Aosta Valley";"Lung";"30-44";"Male";"2011";"0.00"
"Incidence";"Aosta Valley";"Lung";"30-44";"Male";"2012";"0.00"
"Incidence";"Aosta Valley";"Lung";"30-44";"Male";"2013";"0.00"
"Incidence";"Aosta Valley";"Lung";"30-44";"Male";"2014";"7.43"
"Incidence";"Aosta Valley";"Lung";"30-44";"Male";"2015";"0.00"
"Incidence";"Aosta Valley";"Lung";"30-44";"Male";"2016";"0.00"
"Mortality";"Aosta Valley";"Lung";"30-44";"Male";"2007";"0.00"
"Mortality";"Aosta Valley";"Lung";"30-44";"Male";"2008";"0.00"
"Mortality";"Aosta Valley";"Lung";"30-44";"Male";"2009";"6.37"
"Mortality";"Aosta Valley";"Lung";"30-44";"Male";"2010";"6.54"
"Mortality";"Aosta Valley";"Lung";"30-44";"Male";"2011";"0.00"
"Mortality";"Aosta Valley";"Lung";"30-44";"Male";"2012";"0.00"
"Mortality";"Aosta Valley";"Lung";"30-44";"Male";"2013";"0.00"
"Mortality";"Aosta Valley";"Lung";"30-44";"Male";"2014";"7.43"
"Mortality";"Aosta Valley";"Lung";"30-44";"Male";"2015";"0.00"
"Mortality";"Aosta Valley";"Lung";"30-44";"Male";"2016";"0.00"
"Mortality";"Aosta Valley";"Lung";"30-44";"Female";"2007";"0.00"
"Mortality";"Aosta Valley";"Lung";"30-44";"Female";"2008";"6.52"
"Mortality";"Aosta Valley";"Lung";"30-44";"Female";"2009";"0.00"
"Mortality";"Aosta Valley";"Lung";"30-44";"Female";"2010";"0.00"
"Mortality";"Aosta Valley";"Lung";"30-44";"Female";"2011";"0.00"
"Mortality";"Aosta Valley";"Lung";"30-44";"Female";"2012";"7.20"
"Mortality";"Aosta Valley";"Lung";"30-44";"Female";"2013";"7.28"
"Mortality";"Aosta Valley";"Lung";"30-44";"Female";"2014";"7.43"
"Mortality";"Aosta Valley";"Lung";"30-44";"Female";"2015";"0.00"
"Mortality";"Aosta Valley";"Lung";"30-44";"Female";"2016";"0.00"
"Incidence";"Bergamo";"Lung";"45-59";"Male";"2007";"76.23"
"Incidence";"Bergamo";"Lung";"45-59";"Male";"2008";"52.87"
"Incidence";"Bergamo";"Lung";"45-59";"Male";"2009";"57.06"
"Incidence";"Bergamo";"Lung";"45-59";"Male";"2010";"57.36"
"Incidence";"Bergamo";"Lung";"45-59";"Male";"2011";"54.25"
"Incidence";"Bergamo";"Lung";"45-59";"Male";"2012";"50.56"
"Incidence";"Bergamo";"Lung";"45-59";"Male";"2013";"46.82"
"Incidence";"Bergamo";"Lung";"45-59";"Male";"2014";"42.96"
"Incidence";"Bergamo";"Lung";"45-59";"Male";"2015";"42.12"
"Incidence";"Bergamo";"Lung";"45-59";"Male";"2016";"36.10"
"Incidence";"Bergamo";"Lung";"45-59";"Male";"2017";"37.07"
"Incidence";"Bergamo";"Lung";"45-59";"Male";"2018";"41.74"
"Incidence";"Bergamo";"Lung";"45-59";"Female";"2007";"26.09"
"Incidence";"Bergamo";"Lung";"45-59";"Female";"2008";"30.30"
"Incidence";"Bergamo";"Lung";"45-59";"Female";"2009";"36.17"
"Incidence";"Bergamo";"Lung";"45-59";"Female";"2010";"31.61"
"Incidence";"Bergamo";"Lung";"45-59";"Female";"2011";"33.35"
"Incidence";"Bergamo";"Lung";"45-59";"Female";"2012";"27.82"
"Incidence";"Bergamo";"Lung";"45-59";"Female";"2013";"30.51"
"Incidence";"Bergamo";"Lung";"45-59";"Female";"2014";"38.72"
"Incidence";"Bergamo";"Lung";"45-59";"Female";"2015";"39.62"
"Incidence";"Bergamo";"Lung";"45-59";"Female";"2016";"27.09"
"Incidence";"Bergamo";"Lung";"45-59";"Female";"2017";"18.89"
"Incidence";"Bergamo";"Lung";"45-59";"Female";"2018";"26.44"
"Incidence";"Monza-Brianza-Lecco";"Lung";"45-59";"Female";"2007";"29.86"
"Incidence";"Monza-Brianza-Lecco";"Lung";"45-59";"Female";"2008";"26.15"
"Incidence";"Monza-Brianza-Lecco";"Lung";"45-59";"Female";"2009";"28.27"
"Incidence";"Monza-Brianza-Lecco";"Lung";"45-59";"Female";"2010";"26.93"
"Incidence";"Monza-Brianza-Lecco";"Lung";"45-59";"Female";"2011";"29.44"
"Incidence";"Monza-Brianza-Lecco";"Lung";"45-59";"Female";"2012";"34.95"
"Incidence";"Monza-Brianza-Lecco";"Lung";"45-59";"Female";"2013";"29.59"
"Incidence";"Monza-Brianza-Lecco";"Lung";"45-59";"Female";"2014";"26.00"
"Incidence";"Monza-Brianza-Lecco";"Lung";"45-59";"Female";"2015";"28.48"
"Incidence";"Aosta Valley";"Lung";"45-59";"Female";"2007";"39.40"
"Incidence";"Aosta Valley";"Lung";"45-59";"Female";"2008";"23.10"
"Incidence";"Aosta Valley";"Lung";"45-59";"Female";"2009";"45.38"
"Incidence";"Aosta Valley";"Lung";"45-59";"Female";"2010";"22.26"
"Incidence";"Aosta Valley";"Lung";"45-59";"Female";"2011";"21.73"
"Incidence";"Aosta Valley";"Lung";"45-59";"Female";"2012";"14.38"
"Incidence";"Aosta Valley";"Lung";"45-59";"Female";"2013";"48.82"
"Incidence";"Aosta Valley";"Lung";"45-59";"Female";"2014";"6.79"
"Incidence";"Aosta Valley";"Lung";"45-59";"Female";"2015";"33.29"
"Incidence";"Aosta Valley";"Lung";"45-59";"Female";"2016";"0.00"
"Incidence";"Monza-Brianza-Lecco";"Lung";"45-59";"Male";"2007";"54.55"
"Incidence";"Monza-Brianza-Lecco";"Lung";"45-59";"Male";"2008";"56.37"
"Incidence";"Monza-Brianza-Lecco";"Lung";"45-59";"Male";"2009";"53.70"
"Incidence";"Monza-Brianza-Lecco";"Lung";"45-59";"Male";"2010";"40.17"
"Incidence";"Monza-Brianza-Lecco";"Lung";"45-59";"Male";"2011";"34.46"
"Incidence";"Monza-Brianza-Lecco";"Lung";"45-59";"Male";"2012";"41.37"
"Incidence";"Monza-Brianza-Lecco";"Lung";"45-59";"Male";"2013";"31.28"
"Incidence";"Monza-Brianza-Lecco";"Lung";"45-59";"Male";"2014";"38.03"
"Incidence";"Monza-Brianza-Lecco";"Lung";"45-59";"Male";"2015";"45.29"
"Incidence";"Aosta Valley";"Lung";"45-59";"Male";"2007";"90.44"
"Incidence";"Aosta Valley";"Lung";"45-59";"Male";"2008";"52.43"
"Incidence";"Aosta Valley";"Lung";"45-59";"Male";"2009";"66.37"
"Incidence";"Aosta Valley";"Lung";"45-59";"Male";"2010";"35.97"
"Incidence";"Aosta Valley";"Lung";"45-59";"Male";"2011";"56.56"
"Incidence";"Aosta Valley";"Lung";"45-59";"Male";"2012";"42.62"
"Incidence";"Aosta Valley";"Lung";"45-59";"Male";"2013";"41.58"
"Incidence";"Aosta Valley";"Lung";"45-59";"Male";"2014";"74.45"
"Incidence";"Aosta Valley";"Lung";"45-59";"Male";"2015";"53.65"
"Incidence";"Aosta Valley";"Lung";"45-59";"Male";"2016";"19.94"
"Mortality";"Aosta Valley";"Lung";"45-59";"Male";"2007";"45.22"
"Mortality";"Aosta Valley";"Lung";"45-59";"Male";"2008";"44.94"
"Mortality";"Aosta Valley";"Lung";"45-59";"Male";"2009";"29.50"
"Mortality";"Aosta Valley";"Lung";"45-59";"Male";"2010";"35.97"
"Mortality";"Aosta Valley";"Lung";"45-59";"Male";"2011";"14.14"
"Mortality";"Aosta Valley";"Lung";"45-59";"Male";"2012";"35.51"
"Mortality";"Aosta Valley";"Lung";"45-59";"Male";"2013";"27.72"
"Mortality";"Aosta Valley";"Lung";"45-59";"Male";"2014";"40.61"
"Mortality";"Aosta Valley";"Lung";"45-59";"Male";"2015";"46.95"
"Mortality";"Aosta Valley";"Lung";"45-59";"Male";"2016";"33.24"
"Mortality";"Aosta Valley";"Lung";"45-59";"Female";"2007";"23.64"
"Mortality";"Aosta Valley";"Lung";"45-59";"Female";"2008";"15.40"
"Mortality";"Aosta Valley";"Lung";"45-59";"Female";"2009";"37.82"
"Mortality";"Aosta Valley";"Lung";"45-59";"Female";"2010";"37.11"
"Mortality";"Aosta Valley";"Lung";"45-59";"Female";"2011";"14.49"
"Mortality";"Aosta Valley";"Lung";"45-59";"Female";"2012";"14.38"
"Mortality";"Aosta Valley";"Lung";"45-59";"Female";"2013";"34.87"
"Mortality";"Aosta Valley";"Lung";"45-59";"Female";"2014";"13.57"
"Mortality";"Aosta Valley";"Lung";"45-59";"Female";"2015";"13.32"
"Mortality";"Aosta Valley";"Lung";"45-59";"Female";"2016";"19.89"
"Mortality";"Monza-Brianza-Lecco";"Lung";"45-59";"Male";"2007";"46.76"
"Mortality";"Monza-Brianza-Lecco";"Lung";"45-59";"Male";"2008";"29.89"
"Mortality";"Monza-Brianza-Lecco";"Lung";"45-59";"Male";"2009";"31.05"
"Mortality";"Monza-Brianza-Lecco";"Lung";"45-59";"Male";"2010";"40.17"
"Mortality";"Monza-Brianza-Lecco";"Lung";"45-59";"Male";"2011";"29.66"
"Mortality";"Monza-Brianza-Lecco";"Lung";"45-59";"Male";"2012";"31.23"
"Mortality";"Monza-Brianza-Lecco";"Lung";"45-59";"Male";"2013";"24.41"
"Mortality";"Monza-Brianza-Lecco";"Lung";"45-59";"Male";"2014";"19.39"
"Mortality";"Monza-Brianza-Lecco";"Lung";"45-59";"Male";"2015";"32.87"
"Mortality";"Monza-Brianza-Lecco";"Lung";"45-59";"Female";"2007";"21.33"
"Mortality";"Monza-Brianza-Lecco";"Lung";"45-59";"Female";"2008";"19.40"
"Mortality";"Monza-Brianza-Lecco";"Lung";"45-59";"Female";"2009";"20.79"
"Mortality";"Monza-Brianza-Lecco";"Lung";"45-59";"Female";"2010";"20.40"
"Mortality";"Monza-Brianza-Lecco";"Lung";"45-59";"Female";"2011";"15.12"
"Mortality";"Monza-Brianza-Lecco";"Lung";"45-59";"Female";"2012";"17.87"
"Mortality";"Monza-Brianza-Lecco";"Lung";"45-59";"Female";"2013";"18.21"
"Mortality";"Monza-Brianza-Lecco";"Lung";"45-59";"Female";"2014";"16.34"
"Mortality";"Monza-Brianza-Lecco";"Lung";"45-59";"Female";"2015";"21.90"
"Incidence";"Bergamo";"Lung";"60-74";"Female";"2007";"75.14"
"Incidence";"Bergamo";"Lung";"60-74";"Female";"2008";"98.04"
"Incidence";"Bergamo";"Lung";"60-74";"Female";"2009";"122.78"
"Incidence";"Bergamo";"Lung";"60-74";"Female";"2010";"91.77"
"Incidence";"Bergamo";"Lung";"60-74";"Female";"2011";"111.54"
"Incidence";"Bergamo";"Lung";"60-74";"Female";"2012";"117.71"
"Incidence";"Bergamo";"Lung";"60-74";"Female";"2013";"94.33"
"Incidence";"Bergamo";"Lung";"60-74";"Female";"2014";"95.98"
"Incidence";"Bergamo";"Lung";"60-74";"Female";"2015";"99.90"
"Incidence";"Bergamo";"Lung";"60-74";"Female";"2016";"108.27"
"Incidence";"Bergamo";"Lung";"60-74";"Female";"2017";"87.28"
"Incidence";"Bergamo";"Lung";"60-74";"Female";"2018";"115.16"
"Incidence";"Bergamo";"Lung";"60-74";"Male";"2007";"355.86"
"Incidence";"Bergamo";"Lung";"60-74";"Male";"2008";"356.51"
"Incidence";"Bergamo";"Lung";"60-74";"Male";"2009";"305.64"
"Incidence";"Bergamo";"Lung";"60-74";"Male";"2010";"306.56"
"Incidence";"Bergamo";"Lung";"60-74";"Male";"2011";"346.11"
"Incidence";"Bergamo";"Lung";"60-74";"Male";"2012";"296.60"
"Incidence";"Bergamo";"Lung";"60-74";"Male";"2013";"282.43"
"Incidence";"Bergamo";"Lung";"60-74";"Male";"2014";"271.18"
"Incidence";"Bergamo";"Lung";"60-74";"Male";"2015";"261.81"
"Incidence";"Bergamo";"Lung";"60-74";"Male";"2016";"258.78"
"Incidence";"Bergamo";"Lung";"60-74";"Male";"2017";"233.55"
"Incidence";"Bergamo";"Lung";"60-74";"Male";"2018";"214.47"
"Mortality";"Aosta Valley";"Lung";"60-74";"Female";"2007";"65.12"
"Mortality";"Aosta Valley";"Lung";"60-74";"Female";"2008";"46.28"
"Mortality";"Aosta Valley";"Lung";"60-74";"Female";"2009";"108.72"
"Mortality";"Aosta Valley";"Lung";"60-74";"Female";"2010";"89.29"
"Mortality";"Aosta Valley";"Lung";"60-74";"Female";"2011";"61.88"
"Mortality";"Aosta Valley";"Lung";"60-74";"Female";"2012";"53.34"
"Mortality";"Aosta Valley";"Lung";"60-74";"Female";"2013";"88.24"
"Mortality";"Aosta Valley";"Lung";"60-74";"Female";"2014";"115.02"
"Mortality";"Aosta Valley";"Lung";"60-74";"Female";"2015";"105.50"
"Mortality";"Aosta Valley";"Lung";"60-74";"Female";"2016";"96.55"
"Incidence";"Monza-Brianza-Lecco";"Lung";"60-74";"Female";"2007";"74.19"
"Incidence";"Monza-Brianza-Lecco";"Lung";"60-74";"Female";"2008";"63.08"
"Incidence";"Monza-Brianza-Lecco";"Lung";"60-74";"Female";"2009";"94.40"
"Incidence";"Monza-Brianza-Lecco";"Lung";"60-74";"Female";"2010";"70.81"
"Incidence";"Monza-Brianza-Lecco";"Lung";"60-74";"Female";"2011";"97.12"
"Incidence";"Monza-Brianza-Lecco";"Lung";"60-74";"Female";"2012";"82.67"
"Incidence";"Monza-Brianza-Lecco";"Lung";"60-74";"Female";"2013";"72.80"
"Incidence";"Monza-Brianza-Lecco";"Lung";"60-74";"Female";"2014";"92.93"
"Incidence";"Monza-Brianza-Lecco";"Lung";"60-74";"Female";"2015";"92.04"
"Incidence";"Monza-Brianza-Lecco";"Lung";"60-74";"Male";"2007";"291.83"
"Incidence";"Monza-Brianza-Lecco";"Lung";"60-74";"Male";"2008";"305.68"
"Incidence";"Monza-Brianza-Lecco";"Lung";"60-74";"Male";"2009";"300.09"
"Incidence";"Monza-Brianza-Lecco";"Lung";"60-74";"Male";"2010";"258.86"
"Incidence";"Monza-Brianza-Lecco";"Lung";"60-74";"Male";"2011";"296.74"
"Incidence";"Monza-Brianza-Lecco";"Lung";"60-74";"Male";"2012";"298.03"
"Incidence";"Monza-Brianza-Lecco";"Lung";"60-74";"Male";"2013";"255.54"
"Incidence";"Monza-Brianza-Lecco";"Lung";"60-74";"Male";"2014";"215.07"
"Incidence";"Monza-Brianza-Lecco";"Lung";"60-74";"Male";"2015";"221.16"
"Incidence";"Aosta Valley";"Lung";"60-74";"Female";"2007";"93.02"
"Incidence";"Aosta Valley";"Lung";"60-74";"Female";"2008";"92.56"
"Incidence";"Aosta Valley";"Lung";"60-74";"Female";"2009";"90.60"
"Incidence";"Aosta Valley";"Lung";"60-74";"Female";"2010";"53.58"
"Incidence";"Aosta Valley";"Lung";"60-74";"Female";"2011";"167.95"
"Incidence";"Aosta Valley";"Lung";"60-74";"Female";"2012";"88.90"
"Incidence";"Aosta Valley";"Lung";"60-74";"Female";"2013";"114.71"
"Incidence";"Aosta Valley";"Lung";"60-74";"Female";"2014";"88.48"
"Incidence";"Aosta Valley";"Lung";"60-74";"Female";"2015";"140.67"
"Incidence";"Aosta Valley";"Lung";"60-74";"Female";"2016";"114.11"
"Mortality";"Monza-Brianza-Lecco";"Lung";"60-74";"Female";"2007";"55.90"
"Mortality";"Monza-Brianza-Lecco";"Lung";"60-74";"Female";"2008";"50.07"
"Mortality";"Monza-Brianza-Lecco";"Lung";"60-74";"Female";"2009";"50.15"
"Mortality";"Monza-Brianza-Lecco";"Lung";"60-74";"Female";"2010";"58.20"
"Mortality";"Monza-Brianza-Lecco";"Lung";"60-74";"Female";"2011";"54.81"
"Mortality";"Monza-Brianza-Lecco";"Lung";"60-74";"Female";"2012";"53.21"
"Mortality";"Monza-Brianza-Lecco";"Lung";"60-74";"Female";"2013";"72.80"
"Mortality";"Monza-Brianza-Lecco";"Lung";"60-74";"Female";"2014";"57.85"
"Mortality";"Monza-Brianza-Lecco";"Lung";"60-74";"Female";"2015";"51.24"
"Incidence";"Aosta Valley";"Lung";"60-74";"Male";"2007";"262.84"
"Incidence";"Aosta Valley";"Lung";"60-74";"Male";"2008";"356.86"
"Incidence";"Aosta Valley";"Lung";"60-74";"Male";"2009";"309.60"
"Incidence";"Aosta Valley";"Lung";"60-74";"Male";"2010";"218.53"
"Incidence";"Aosta Valley";"Lung";"60-74";"Male";"2011";"196.78"
"Incidence";"Aosta Valley";"Lung";"60-74";"Male";"2012";"244.27"
"Incidence";"Aosta Valley";"Lung";"60-74";"Male";"2013";"259.33"
"Incidence";"Aosta Valley";"Lung";"60-74";"Male";"2014";"210.35"
"Incidence";"Aosta Valley";"Lung";"60-74";"Male";"2015";"201.26"
"Incidence";"Aosta Valley";"Lung";"60-74";"Male";"2016";"220.20"
"Mortality";"Monza-Brianza-Lecco";"Lung";"60-74";"Male";"2007";"228.24"
"Mortality";"Monza-Brianza-Lecco";"Lung";"60-74";"Male";"2008";"215.64"
"Mortality";"Monza-Brianza-Lecco";"Lung";"60-74";"Male";"2009";"217.46"
"Mortality";"Monza-Brianza-Lecco";"Lung";"60-74";"Male";"2010";"206.45"
"Mortality";"Monza-Brianza-Lecco";"Lung";"60-74";"Male";"2011";"216.48"
"Mortality";"Monza-Brianza-Lecco";"Lung";"60-74";"Male";"2012";"229.01"
"Mortality";"Monza-Brianza-Lecco";"Lung";"60-74";"Male";"2013";"196.33"
"Mortality";"Monza-Brianza-Lecco";"Lung";"60-74";"Male";"2014";"216.11"
"Mortality";"Monza-Brianza-Lecco";"Lung";"60-74";"Male";"2015";"187.77"
"Mortality";"Aosta Valley";"Lung";"60-74";"Male";"2007";"222.40"
"Mortality";"Aosta Valley";"Lung";"60-74";"Male";"2008";"237.91"
"Mortality";"Aosta Valley";"Lung";"60-74";"Male";"2009";"299.92"
"Mortality";"Aosta Valley";"Lung";"60-74";"Male";"2010";"228.03"
"Mortality";"Aosta Valley";"Lung";"60-74";"Male";"2011";"234.26"
"Mortality";"Aosta Valley";"Lung";"60-74";"Male";"2012";"197.29"
"Mortality";"Aosta Valley";"Lung";"60-74";"Male";"2013";"185.24"
"Mortality";"Aosta Valley";"Lung";"60-74";"Male";"2014";"192.06"
"Mortality";"Aosta Valley";"Lung";"60-74";"Male";"2015";"155.52"
"Mortality";"Aosta Valley";"Lung";"60-74";"Male";"2016";"174.33"
"Incidence";"Bergamo";"Lung";"75-85+";"Female";"2007";"169.37"
"Incidence";"Bergamo";"Lung";"75-85+";"Female";"2008";"120.34"
"Incidence";"Bergamo";"Lung";"75-85+";"Female";"2009";"150.21"
"Incidence";"Bergamo";"Lung";"75-85+";"Female";"2010";"127.35"
"Incidence";"Bergamo";"Lung";"75-85+";"Female";"2011";"153.31"
"Incidence";"Bergamo";"Lung";"75-85+";"Female";"2012";"137.33"
"Incidence";"Bergamo";"Lung";"75-85+";"Female";"2013";"167.62"
"Incidence";"Bergamo";"Lung";"75-85+";"Female";"2014";"147.58"
"Incidence";"Bergamo";"Lung";"75-85+";"Female";"2015";"141.84"
"Incidence";"Bergamo";"Lung";"75-85+";"Female";"2016";"176.23"
"Incidence";"Bergamo";"Lung";"75-85+";"Female";"2017";"136.88"
"Incidence";"Bergamo";"Lung";"75-85+";"Female";"2018";"149.38"
"Incidence";"Bergamo";"Lung";"75-85+";"Male";"2007";"716.05"
"Incidence";"Bergamo";"Lung";"75-85+";"Male";"2008";"648.12"
"Incidence";"Bergamo";"Lung";"75-85+";"Male";"2009";"660.67"
"Incidence";"Bergamo";"Lung";"75-85+";"Male";"2010";"687.25"
"Incidence";"Bergamo";"Lung";"75-85+";"Male";"2011";"567.99"
"Incidence";"Bergamo";"Lung";"75-85+";"Male";"2012";"562.99"
"Incidence";"Bergamo";"Lung";"75-85+";"Male";"2013";"502.04"
"Incidence";"Bergamo";"Lung";"75-85+";"Male";"2014";"573.98"
"Incidence";"Bergamo";"Lung";"75-85+";"Male";"2015";"486.24"
"Incidence";"Bergamo";"Lung";"75-85+";"Male";"2016";"458.48"
"Incidence";"Bergamo";"Lung";"75-85+";"Male";"2017";"444.30"
"Incidence";"Bergamo";"Lung";"75-85+";"Male";"2018";"501.68"
"Mortality";"Monza-Brianza-Lecco";"Lung";"75-85+";"Female";"2007";"83.13"
"Mortality";"Monza-Brianza-Lecco";"Lung";"75-85+";"Female";"2008";"117.46"
"Mortality";"Monza-Brianza-Lecco";"Lung";"75-85+";"Female";"2009";"134.13"
"Mortality";"Monza-Brianza-Lecco";"Lung";"75-85+";"Female";"2010";"128.81"
"Mortality";"Monza-Brianza-Lecco";"Lung";"75-85+";"Female";"2011";"123.25"
"Mortality";"Monza-Brianza-Lecco";"Lung";"75-85+";"Female";"2012";"128.93"
"Mortality";"Monza-Brianza-Lecco";"Lung";"75-85+";"Female";"2013";"139.43"
"Mortality";"Monza-Brianza-Lecco";"Lung";"75-85+";"Female";"2014";"135.63"
"Mortality";"Monza-Brianza-Lecco";"Lung";"75-85+";"Female";"2015";"124.70"
"Mortality";"Monza-Brianza-Lecco";"Lung";"75-85+";"Male";"2007";"608.44"
"Mortality";"Monza-Brianza-Lecco";"Lung";"75-85+";"Male";"2008";"560.40"
"Mortality";"Monza-Brianza-Lecco";"Lung";"75-85+";"Male";"2009";"523.10"
"Mortality";"Monza-Brianza-Lecco";"Lung";"75-85+";"Male";"2010";"634.80"
"Mortality";"Monza-Brianza-Lecco";"Lung";"75-85+";"Male";"2011";"561.01"
"Mortality";"Monza-Brianza-Lecco";"Lung";"75-85+";"Male";"2012";"533.44"
"Mortality";"Monza-Brianza-Lecco";"Lung";"75-85+";"Male";"2013";"493.18"
"Mortality";"Monza-Brianza-Lecco";"Lung";"75-85+";"Male";"2014";"508.58"
"Mortality";"Monza-Brianza-Lecco";"Lung";"75-85+";"Male";"2015";"504.60"
"Incidence";"Monza-Brianza-Lecco";"Lung";"75-85+";"Female";"2007";"118.05"
"Incidence";"Monza-Brianza-Lecco";"Lung";"75-85+";"Female";"2008";"120.68"
"Incidence";"Monza-Brianza-Lecco";"Lung";"75-85+";"Female";"2009";"152.85"
"Incidence";"Monza-Brianza-Lecco";"Lung";"75-85+";"Female";"2010";"121.23"
"Incidence";"Monza-Brianza-Lecco";"Lung";"75-85+";"Female";"2011";"111.51"
"Incidence";"Monza-Brianza-Lecco";"Lung";"75-85+";"Female";"2012";"123.20"
"Incidence";"Monza-Brianza-Lecco";"Lung";"75-85+";"Female";"2013";"132.45"
"Incidence";"Monza-Brianza-Lecco";"Lung";"75-85+";"Female";"2014";"116.83"
"Incidence";"Monza-Brianza-Lecco";"Lung";"75-85+";"Female";"2015";"116.91"
"Incidence";"Monza-Brianza-Lecco";"Lung";"75-85+";"Male";"2007";"636.23"
"Incidence";"Monza-Brianza-Lecco";"Lung";"75-85+";"Male";"2008";"615.86"
"Incidence";"Monza-Brianza-Lecco";"Lung";"75-85+";"Male";"2009";"575.68"
"Incidence";"Monza-Brianza-Lecco";"Lung";"75-85+";"Male";"2010";"618.99"
"Incidence";"Monza-Brianza-Lecco";"Lung";"75-85+";"Male";"2011";"540.88"
"Incidence";"Monza-Brianza-Lecco";"Lung";"75-85+";"Male";"2012";"492.78"
"Incidence";"Monza-Brianza-Lecco";"Lung";"75-85+";"Male";"2013";"447.73"
"Incidence";"Monza-Brianza-Lecco";"Lung";"75-85+";"Male";"2014";"422.75"
"Incidence";"Monza-Brianza-Lecco";"Lung";"75-85+";"Male";"2015";"425.57"
"Incidence";"Aosta Valley";"Lung";"75-85+";"Female";"2007";"115.25"
"Incidence";"Aosta Valley";"Lung";"75-85+";"Female";"2008";"113.24"
"Incidence";"Aosta Valley";"Lung";"75-85+";"Female";"2009";"24.86"
"Incidence";"Aosta Valley";"Lung";"75-85+";"Female";"2010";"146.25"
"Incidence";"Aosta Valley";"Lung";"75-85+";"Female";"2011";"143.99"
"Incidence";"Aosta Valley";"Lung";"75-85+";"Female";"2012";"83.11"
"Incidence";"Aosta Valley";"Lung";"75-85+";"Female";"2013";"163.48"
"Incidence";"Aosta Valley";"Lung";"75-85+";"Female";"2014";"193.25"
"Incidence";"Aosta Valley";"Lung";"75-85+";"Female";"2015";"133.47"
"Incidence";"Aosta Valley";"Lung";"75-85+";"Female";"2016";"198.15"
"Incidence";"Aosta Valley";"Lung";"75-85+";"Male";"2007";"861.27"
"Incidence";"Aosta Valley";"Lung";"75-85+";"Male";"2008";"406.23"
"Incidence";"Aosta Valley";"Lung";"75-85+";"Male";"2009";"500.76"
"Incidence";"Aosta Valley";"Lung";"75-85+";"Male";"2010";"555.32"
"Incidence";"Aosta Valley";"Lung";"75-85+";"Male";"2011";"437.04"
"Incidence";"Aosta Valley";"Lung";"75-85+";"Male";"2012";"572.95"
"Incidence";"Aosta Valley";"Lung";"75-85+";"Male";"2013";"334.12"
"Incidence";"Aosta Valley";"Lung";"75-85+";"Male";"2014";"452.92"
"Incidence";"Aosta Valley";"Lung";"75-85+";"Male";"2015";"522.90"
"Incidence";"Aosta Valley";"Lung";"75-85+";"Male";"2016";"490.20"
"Mortality";"Aosta Valley";"Lung";"75-85+";"Male";"2007";"744.88"
"Mortality";"Aosta Valley";"Lung";"75-85+";"Male";"2008";"473.93"
"Mortality";"Aosta Valley";"Lung";"75-85+";"Male";"2009";"413.67"
"Mortality";"Aosta Valley";"Lung";"75-85+";"Male";"2010";"619.39"
"Mortality";"Aosta Valley";"Lung";"75-85+";"Male";"2011";"520.29"
"Mortality";"Aosta Valley";"Lung";"75-85+";"Male";"2012";"388.79"
"Mortality";"Aosta Valley";"Lung";"75-85+";"Male";"2013";"471.70"
"Mortality";"Aosta Valley";"Lung";"75-85+";"Male";"2014";"490.66"
"Mortality";"Aosta Valley";"Lung";"75-85+";"Male";"2015";"414.71"
"Mortality";"Aosta Valley";"Lung";"75-85+";"Male";"2016";"472.69"
"Mortality";"Aosta Valley";"Lung";"75-85+";"Female";"2007";"64.03"
"Mortality";"Aosta Valley";"Lung";"75-85+";"Female";"2008";"100.65"
"Mortality";"Aosta Valley";"Lung";"75-85+";"Female";"2009";"99.44"
"Mortality";"Aosta Valley";"Lung";"75-85+";"Female";"2010";"73.13"
"Mortality";"Aosta Valley";"Lung";"75-85+";"Female";"2011";"167.99"
"Mortality";"Aosta Valley";"Lung";"75-85+";"Female";"2012";"83.11"
"Mortality";"Aosta Valley";"Lung";"75-85+";"Female";"2013";"186.83"
"Mortality";"Aosta Valley";"Lung";"75-85+";"Female";"2014";"125.04"
"Mortality";"Aosta Valley";"Lung";"75-85+";"Female";"2015";"88.98"
"Mortality";"Aosta Valley";"Lung";"75-85+";"Female";"2016";"187.14"
"Incidence";"Piedmont";"Lung";"0-14";"Female";"2008";"0.00"
"Incidence";"Piedmont";"Lung";"0-14";"Female";"2009";"0.00"
"Incidence";"Piedmont";"Lung";"0-14";"Female";"2010";"0.00"
"Incidence";"Piedmont";"Lung";"0-14";"Female";"2011";"0.00"
"Incidence";"Piedmont";"Lung";"0-14";"Female";"2012";"0.00"
"Incidence";"Piedmont";"Lung";"0-14";"Female";"2013";"0.00"
"Incidence";"Piedmont";"Lung";"0-14";"Female";"2014";"0.00"
"Incidence";"Piedmont";"Lung";"0-14";"Female";"2015";"0.00"
"Incidence";"Piedmont";"Lung";"0-14";"Female";"2016";"0.00"
"Incidence";"Piedmont";"Lung";"0-14";"Female";"2017";"0.00"
"Mortality";"Biella";"Lung";"0-14";"Female";"2008";"0.00"
"Mortality";"Biella";"Lung";"0-14";"Female";"2009";"0.00"
"Mortality";"Biella";"Lung";"0-14";"Female";"2010";"0.00"
"Mortality";"Biella";"Lung";"0-14";"Female";"2011";"0.00"
"Mortality";"Biella";"Lung";"0-14";"Female";"2012";"0.00"
"Mortality";"Piedmont";"Lung";"0-14";"Male";"2008";"0.00"
"Mortality";"Piedmont";"Lung";"0-14";"Male";"2009";"0.00"
"Mortality";"Piedmont";"Lung";"0-14";"Male";"2010";"0.00"
"Mortality";"Piedmont";"Lung";"0-14";"Male";"2011";"0.00"
"Mortality";"Piedmont";"Lung";"0-14";"Male";"2012";"0.00"
"Mortality";"Piedmont";"Lung";"0-14";"Male";"2013";"0.00"
"Mortality";"Piedmont";"Lung";"0-14";"Male";"2014";"0.00"
"Mortality";"Piedmont";"Lung";"0-14";"Male";"2015";"0.00"
"Mortality";"Piedmont";"Lung";"0-14";"Male";"2016";"0.00"
"Mortality";"Piedmont";"Lung";"0-14";"Male";"2017";"0.00"
"Mortality";"Biella";"Lung";"0-14";"Male";"2008";"0.00"
"Mortality";"Biella";"Lung";"0-14";"Male";"2009";"0.00"
"Mortality";"Biella";"Lung";"0-14";"Male";"2010";"0.00"
"Mortality";"Biella";"Lung";"0-14";"Male";"2011";"0.00"
"Mortality";"Biella";"Lung";"0-14";"Male";"2012";"0.00"
"Incidence";"Naples South";"Lung";"0-14";"Female";"2008";"0.00"
"Incidence";"Naples South";"Lung";"0-14";"Female";"2009";"0.00"
"Incidence";"Naples South";"Lung";"0-14";"Female";"2010";"0.00"
"Incidence";"Naples South";"Lung";"0-14";"Female";"2011";"0.00"
"Incidence";"Naples South";"Lung";"0-14";"Female";"2012";"0.00"
"Incidence";"Naples South";"Lung";"0-14";"Female";"2013";"0.00"
"Incidence";"Naples South";"Lung";"0-14";"Female";"2014";"0.00"
"Incidence";"Naples South";"Lung";"0-14";"Female";"2015";"0.00"
"Incidence";"Naples South";"Lung";"0-14";"Female";"2016";"0.00"
"Incidence";"Naples South";"Lung";"0-14";"Female";"2017";"0.00"
"Incidence";"Naples South";"Lung";"0-14";"Female";"2018";"0.00"
"Incidence";"Naples South";"Lung";"0-14";"Male";"2008";"0.00"
"Incidence";"Naples South";"Lung";"0-14";"Male";"2009";"0.00"
"Incidence";"Naples South";"Lung";"0-14";"Male";"2010";"0.00"
"Incidence";"Naples South";"Lung";"0-14";"Male";"2011";"0.00"
"Incidence";"Naples South";"Lung";"0-14";"Male";"2012";"0.00"
"Incidence";"Naples South";"Lung";"0-14";"Male";"2013";"0.00"
"Incidence";"Naples South";"Lung";"0-14";"Male";"2014";"0.00"
"Incidence";"Naples South";"Lung";"0-14";"Male";"2015";"0.00"
"Incidence";"Naples South";"Lung";"0-14";"Male";"2016";"0.00"
"Incidence";"Naples South";"Lung";"0-14";"Male";"2017";"0.00"
"Incidence";"Naples South";"Lung";"0-14";"Male";"2018";"0.00"
"Incidence";"Biella";"Lung";"0-14";"Male";"2008";"0.00"
"Incidence";"Biella";"Lung";"0-14";"Male";"2009";"0.00"
"Incidence";"Biella";"Lung";"0-14";"Male";"2010";"0.00"
"Incidence";"Biella";"Lung";"0-14";"Male";"2011";"0.00"
"Incidence";"Biella";"Lung";"0-14";"Male";"2012";"0.00"
"Mortality";"Piedmont";"Lung";"0-14";"Female";"2008";"0.00"
"Mortality";"Piedmont";"Lung";"0-14";"Female";"2009";"0.00"
"Mortality";"Piedmont";"Lung";"0-14";"Female";"2010";"0.00"
"Mortality";"Piedmont";"Lung";"0-14";"Female";"2011";"0.00"
"Mortality";"Piedmont";"Lung";"0-14";"Female";"2012";"0.00"
"Mortality";"Piedmont";"Lung";"0-14";"Female";"2013";"0.00"
"Mortality";"Piedmont";"Lung";"0-14";"Female";"2014";"0.00"
"Mortality";"Piedmont";"Lung";"0-14";"Female";"2015";"0.00"
"Mortality";"Piedmont";"Lung";"0-14";"Female";"2016";"0.00"
"Mortality";"Piedmont";"Lung";"0-14";"Female";"2017";"0.00"
"Incidence";"Biella";"Lung";"0-14";"Female";"2008";"0.00"
"Incidence";"Biella";"Lung";"0-14";"Female";"2009";"0.00"
"Incidence";"Biella";"Lung";"0-14";"Female";"2010";"0.00"
"Incidence";"Biella";"Lung";"0-14";"Female";"2011";"0.00"
"Incidence";"Biella";"Lung";"0-14";"Female";"2012";"0.00"
"Incidence";"Caserta";"Lung";"0-14";"Male";"2008";"1.24"
"Incidence";"Caserta";"Lung";"0-14";"Male";"2009";"0.00"
"Incidence";"Caserta";"Lung";"0-14";"Male";"2010";"0.00"
"Incidence";"Caserta";"Lung";"0-14";"Male";"2011";"0.00"
"Incidence";"Caserta";"Lung";"0-14";"Male";"2012";"0.00"
"Incidence";"Caserta";"Lung";"0-14";"Male";"2013";"0.00"
"Incidence";"Caserta";"Lung";"0-14";"Male";"2014";"0.00"
"Incidence";"Caserta";"Lung";"0-14";"Male";"2015";"0.00"
"Incidence";"Caserta";"Lung";"0-14";"Male";"2016";"0.00"
"Incidence";"Caserta";"Lung";"0-14";"Female";"2008";"0.00"
"Incidence";"Caserta";"Lung";"0-14";"Female";"2009";"0.00"
"Incidence";"Caserta";"Lung";"0-14";"Female";"2010";"0.00"
"Incidence";"Caserta";"Lung";"0-14";"Female";"2011";"0.00"
"Incidence";"Caserta";"Lung";"0-14";"Female";"2012";"0.00"
"Incidence";"Caserta";"Lung";"0-14";"Female";"2013";"0.00"
"Incidence";"Caserta";"Lung";"0-14";"Female";"2014";"0.00"
"Incidence";"Caserta";"Lung";"0-14";"Female";"2015";"0.00"
"Incidence";"Caserta";"Lung";"0-14";"Female";"2016";"0.00"
"Incidence";"Piedmont";"Lung";"0-14";"Male";"2008";"0.00"
"Incidence";"Piedmont";"Lung";"0-14";"Male";"2009";"0.00"
"Incidence";"Piedmont";"Lung";"0-14";"Male";"2010";"0.00"
"Incidence";"Piedmont";"Lung";"0-14";"Male";"2011";"0.00"
"Incidence";"Piedmont";"Lung";"0-14";"Male";"2012";"0.00"
"Incidence";"Piedmont";"Lung";"0-14";"Male";"2013";"0.00"
"Incidence";"Piedmont";"Lung";"0-14";"Male";"2014";"0.00"
"Incidence";"Piedmont";"Lung";"0-14";"Male";"2015";"0.00"
"Incidence";"Piedmont";"Lung";"0-14";"Male";"2016";"0.00"
"Incidence";"Piedmont";"Lung";"0-14";"Male";"2017";"0.00"
"Incidence";"Piedmont";"Lung";"15-29";"Female";"2008";"0.00"
"Incidence";"Piedmont";"Lung";"15-29";"Female";"2009";"0.00"
"Incidence";"Piedmont";"Lung";"15-29";"Female";"2010";"0.00"
"Incidence";"Piedmont";"Lung";"15-29";"Female";"2011";"1.33"
"Incidence";"Piedmont";"Lung";"15-29";"Female";"2012";"0.00"
"Incidence";"Piedmont";"Lung";"15-29";"Female";"2013";"0.66"
"Incidence";"Piedmont";"Lung";"15-29";"Female";"2014";"0.66"
"Incidence";"Piedmont";"Lung";"15-29";"Female";"2015";"0.00"
"Incidence";"Piedmont";"Lung";"15-29";"Female";"2016";"0.00"
"Incidence";"Piedmont";"Lung";"15-29";"Female";"2017";"0.00"
"Incidence";"Caserta";"Lung";"15-29";"Male";"2008";"1.08"
"Incidence";"Caserta";"Lung";"15-29";"Male";"2009";"0.00"
"Incidence";"Caserta";"Lung";"15-29";"Male";"2010";"0.00"
"Incidence";"Caserta";"Lung";"15-29";"Male";"2011";"0.00"
"Incidence";"Caserta";"Lung";"15-29";"Male";"2012";"1.10"
"Incidence";"Caserta";"Lung";"15-29";"Male";"2013";"0.00"
"Incidence";"Caserta";"Lung";"15-29";"Male";"2014";"0.00"
"Incidence";"Caserta";"Lung";"15-29";"Male";"2015";"0.00"
"Incidence";"Caserta";"Lung";"15-29";"Male";"2016";"1.14"
"Incidence";"Biella";"Lung";"15-29";"Male";"2008";"0.00"
"Incidence";"Biella";"Lung";"15-29";"Male";"2009";"0.00"
"Incidence";"Biella";"Lung";"15-29";"Male";"2010";"0.00"
"Incidence";"Biella";"Lung";"15-29";"Male";"2011";"0.00"
"Incidence";"Biella";"Lung";"15-29";"Male";"2012";"0.00"
"Incidence";"Caserta";"Lung";"15-29";"Female";"2008";"3.29"
"Incidence";"Caserta";"Lung";"15-29";"Female";"2009";"1.10"
"Incidence";"Caserta";"Lung";"15-29";"Female";"2010";"0.00"
"Incidence";"Caserta";"Lung";"15-29";"Female";"2011";"0.00"
"Incidence";"Caserta";"Lung";"15-29";"Female";"2012";"0.00"
"Incidence";"Caserta";"Lung";"15-29";"Female";"2013";"1.14"
"Incidence";"Caserta";"Lung";"15-29";"Female";"2014";"2.31"
"Incidence";"Caserta";"Lung";"15-29";"Female";"2015";"1.17"
"Incidence";"Caserta";"Lung";"15-29";"Female";"2016";"0.00"
"Mortality";"Biella";"Lung";"15-29";"Male";"2008";"0.00"
"Mortality";"Biella";"Lung";"15-29";"Male";"2009";"0.00"
"Mortality";"Biella";"Lung";"15-29";"Male";"2010";"0.00"
"Mortality";"Biella";"Lung";"15-29";"Male";"2011";"0.00"
"Mortality";"Biella";"Lung";"15-29";"Male";"2012";"0.00"
"Incidence";"Piedmont";"Lung";"15-29";"Male";"2008";"0.00"
"Incidence";"Piedmont";"Lung";"15-29";"Male";"2009";"0.63"
"Incidence";"Piedmont";"Lung";"15-29";"Male";"2010";"0.00"
"Incidence";"Piedmont";"Lung";"15-29";"Male";"2011";"0.64"
"Incidence";"Piedmont";"Lung";"15-29";"Male";"2012";"0.00"
"Incidence";"Piedmont";"Lung";"15-29";"Male";"2013";"0.00"
"Incidence";"Piedmont";"Lung";"15-29";"Male";"2014";"0.63"
"Incidence";"Piedmont";"Lung";"15-29";"Male";"2015";"0.00"
"Incidence";"Piedmont";"Lung";"15-29";"Male";"2016";"0.63"
"Incidence";"Piedmont";"Lung";"15-29";"Male";"2017";"0.63"
"Mortality";"Piedmont";"Lung";"15-29";"Female";"2008";"0.00"
"Mortality";"Piedmont";"Lung";"15-29";"Female";"2009";"0.00"
"Mortality";"Piedmont";"Lung";"15-29";"Female";"2010";"0.66"
"Mortality";"Piedmont";"Lung";"15-29";"Female";"2011";"0.00"
"Mortality";"Piedmont";"Lung";"15-29";"Female";"2012";"0.66"
"Mortality";"Piedmont";"Lung";"15-29";"Female";"2013";"0.00"
"Mortality";"Piedmont";"Lung";"15-29";"Female";"2014";"0.00"
"Mortality";"Piedmont";"Lung";"15-29";"Female";"2015";"0.67"
"Mortality";"Piedmont";"Lung";"15-29";"Female";"2016";"0.00"
"Mortality";"Piedmont";"Lung";"15-29";"Female";"2017";"0.00"
"Incidence";"Naples South";"Lung";"15-29";"Female";"2008";"0.00"
"Incidence";"Naples South";"Lung";"15-29";"Female";"2009";"0.93"
"Incidence";"Naples South";"Lung";"15-29";"Female";"2010";"0.94"
"Incidence";"Naples South";"Lung";"15-29";"Female";"2011";"0.00"
"Incidence";"Naples South";"Lung";"15-29";"Female";"2012";"0.97"
"Incidence";"Naples South";"Lung";"15-29";"Female";"2013";"0.00"
"Incidence";"Naples South";"Lung";"15-29";"Female";"2014";"0.00"
"Incidence";"Naples South";"Lung";"15-29";"Female";"2015";"0.00"
"Incidence";"Naples South";"Lung";"15-29";"Female";"2016";"2.02"
"Incidence";"Naples South";"Lung";"15-29";"Female";"2017";"0.00"
"Incidence";"Naples South";"Lung";"15-29";"Female";"2018";"0.00"
"Incidence";"Naples South";"Lung";"15-29";"Male";"2008";"1.80"
"Incidence";"Naples South";"Lung";"15-29";"Male";"2009";"1.83"
"Incidence";"Naples South";"Lung";"15-29";"Male";"2010";"0.00"
"Incidence";"Naples South";"Lung";"15-29";"Male";"2011";"0.00"
"Incidence";"Naples South";"Lung";"15-29";"Male";"2012";"0.00"
"Incidence";"Naples South";"Lung";"15-29";"Male";"2013";"0.00"
"Incidence";"Naples South";"Lung";"15-29";"Male";"2014";"1.93"
"Incidence";"Naples South";"Lung";"15-29";"Male";"2015";"0.97"
"Incidence";"Naples South";"Lung";"15-29";"Male";"2016";"1.96"
"Incidence";"Naples South";"Lung";"15-29";"Male";"2017";"0.99"
"Incidence";"Naples South";"Lung";"15-29";"Male";"2018";"0.00"
"Mortality";"Piedmont";"Lung";"15-29";"Male";"2008";"0.00"
"Mortality";"Piedmont";"Lung";"15-29";"Male";"2009";"0.00"
"Mortality";"Piedmont";"Lung";"15-29";"Male";"2010";"0.00"
"Mortality";"Piedmont";"Lung";"15-29";"Male";"2011";"0.00"
"Mortality";"Piedmont";"Lung";"15-29";"Male";"2012";"0.00"
"Mortality";"Piedmont";"Lung";"15-29";"Male";"2013";"0.00"
"Mortality";"Piedmont";"Lung";"15-29";"Male";"2014";"0.00"
"Mortality";"Piedmont";"Lung";"15-29";"Male";"2015";"0.00"
"Mortality";"Piedmont";"Lung";"15-29";"Male";"2016";"0.00"
"Mortality";"Piedmont";"Lung";"15-29";"Male";"2017";"0.00"
"Mortality";"Biella";"Lung";"15-29";"Female";"2008";"0.00"
"Mortality";"Biella";"Lung";"15-29";"Female";"2009";"0.00"
"Mortality";"Biella";"Lung";"15-29";"Female";"2010";"0.00"
"Mortality";"Biella";"Lung";"15-29";"Female";"2011";"0.00"
"Mortality";"Biella";"Lung";"15-29";"Female";"2012";"0.00"
"Incidence";"Biella";"Lung";"15-29";"Female";"2008";"0.00"
"Incidence";"Biella";"Lung";"15-29";"Female";"2009";"0.00"
"Incidence";"Biella";"Lung";"15-29";"Female";"2010";"0.00"
"Incidence";"Biella";"Lung";"15-29";"Female";"2011";"0.00"
"Incidence";"Biella";"Lung";"15-29";"Female";"2012";"0.00"
"Mortality";"Piedmont";"Lung";"30-44";"Male";"2008";"2.64"
"Mortality";"Piedmont";"Lung";"30-44";"Male";"2009";"1.90"
"Mortality";"Piedmont";"Lung";"30-44";"Male";"2010";"2.34"
"Mortality";"Piedmont";"Lung";"30-44";"Male";"2011";"2.41"
"Mortality";"Piedmont";"Lung";"30-44";"Male";"2012";"2.42"
"Mortality";"Piedmont";"Lung";"30-44";"Male";"2013";"2.87"
"Mortality";"Piedmont";"Lung";"30-44";"Male";"2014";"3.79"
"Mortality";"Piedmont";"Lung";"30-44";"Male";"2015";"3.50"
"Mortality";"Piedmont";"Lung";"30-44";"Male";"2016";"1.79"
"Mortality";"Piedmont";"Lung";"30-44";"Male";"2017";"1.85"
"Incidence";"Piedmont";"Lung";"30-44";"Female";"2008";"3.40"
"Incidence";"Piedmont";"Lung";"30-44";"Female";"2009";"4.56"
"Incidence";"Piedmont";"Lung";"30-44";"Female";"2010";"5.42"
"Incidence";"Piedmont";"Lung";"30-44";"Female";"2011";"2.76"
"Incidence";"Piedmont";"Lung";"30-44";"Female";"2012";"2.78"
"Incidence";"Piedmont";"Lung";"30-44";"Female";"2013";"3.63"
"Incidence";"Piedmont";"Lung";"30-44";"Female";"2014";"2.90"
"Incidence";"Piedmont";"Lung";"30-44";"Female";"2015";"3.43"
"Incidence";"Piedmont";"Lung";"30-44";"Female";"2016";"4.86"
"Incidence";"Piedmont";"Lung";"30-44";"Female";"2017";"2.74"
"Incidence";"Piedmont";"Lung";"30-44";"Male";"2008";"4.52"
"Incidence";"Piedmont";"Lung";"30-44";"Male";"2009";"4.57"
"Incidence";"Piedmont";"Lung";"30-44";"Male";"2010";"3.90"
"Incidence";"Piedmont";"Lung";"30-44";"Male";"2011";"3.21"
"Incidence";"Piedmont";"Lung";"30-44";"Male";"2012";"1.62"
"Incidence";"Piedmont";"Lung";"30-44";"Male";"2013";"4.92"
"Incidence";"Piedmont";"Lung";"30-44";"Male";"2014";"5.05"
"Incidence";"Piedmont";"Lung";"30-44";"Male";"2015";"4.37"
"Incidence";"Piedmont";"Lung";"30-44";"Male";"2016";"3.59"
"Incidence";"Piedmont";"Lung";"30-44";"Male";"2017";"5.08"
"Incidence";"Biella";"Lung";"30-44";"Female";"2008";"11.40"
"Incidence";"Biella";"Lung";"30-44";"Female";"2009";"5.89"
"Incidence";"Biella";"Lung";"30-44";"Female";"2010";"6.12"
"Incidence";"Biella";"Lung";"30-44";"Female";"2011";"19.61"
"Incidence";"Biella";"Lung";"30-44";"Female";"2012";"0.00"
"Incidence";"Naples South";"Lung";"30-44";"Male";"2008";"8.42"
"Incidence";"Naples South";"Lung";"30-44";"Male";"2009";"11.09"
"Incidence";"Naples South";"Lung";"30-44";"Male";"2010";"5.17"
"Incidence";"Naples South";"Lung";"30-44";"Male";"2011";"10.43"
"Incidence";"Naples South";"Lung";"30-44";"Male";"2012";"9.70"
"Incidence";"Naples South";"Lung";"30-44";"Male";"2013";"7.16"
"Incidence";"Naples South";"Lung";"30-44";"Male";"2014";"4.53"
"Incidence";"Naples South";"Lung";"30-44";"Male";"2015";"11.01"
"Incidence";"Naples South";"Lung";"30-44";"Male";"2016";"2.77"
"Incidence";"Naples South";"Lung";"30-44";"Male";"2017";"9.37"
"Incidence";"Naples South";"Lung";"30-44";"Male";"2018";"5.66"
"Incidence";"Naples South";"Lung";"30-44";"Female";"2008";"2.39"
"Incidence";"Naples South";"Lung";"30-44";"Female";"2009";"5.64"
"Incidence";"Naples South";"Lung";"30-44";"Female";"2010";"4.07"
"Incidence";"Naples South";"Lung";"30-44";"Female";"2011";"4.13"
"Incidence";"Naples South";"Lung";"30-44";"Female";"2012";"4.18"
"Incidence";"Naples South";"Lung";"30-44";"Female";"2013";"2.55"
"Incidence";"Naples South";"Lung";"30-44";"Female";"2014";"4.32"
"Incidence";"Naples South";"Lung";"30-44";"Female";"2015";"4.39"
"Incidence";"Naples South";"Lung";"30-44";"Female";"2016";"6.24"
"Incidence";"Naples South";"Lung";"30-44";"Female";"2017";"2.73"
"Incidence";"Naples South";"Lung";"30-44";"Female";"2018";"6.49"
"Mortality";"Piedmont";"Lung";"30-44";"Female";"2008";"3.40"
"Mortality";"Piedmont";"Lung";"30-44";"Female";"2009";"1.90"
"Mortality";"Piedmont";"Lung";"30-44";"Female";"2010";"2.32"
"Mortality";"Piedmont";"Lung";"30-44";"Female";"2011";"1.58"
"Mortality";"Piedmont";"Lung";"30-44";"Female";"2012";"1.98"
"Mortality";"Piedmont";"Lung";"30-44";"Female";"2013";"3.23"
"Mortality";"Piedmont";"Lung";"30-44";"Female";"2014";"1.24"
"Mortality";"Piedmont";"Lung";"30-44";"Female";"2015";"1.71"
"Mortality";"Piedmont";"Lung";"30-44";"Female";"2016";"1.77"
"Mortality";"Piedmont";"Lung";"30-44";"Female";"2017";"1.37"
"Incidence";"Caserta";"Lung";"30-44";"Female";"2008";"1.87"
"Incidence";"Caserta";"Lung";"30-44";"Female";"2009";"4.66"
"Incidence";"Caserta";"Lung";"30-44";"Female";"2010";"3.74"
"Incidence";"Caserta";"Lung";"30-44";"Female";"2011";"4.70"
"Incidence";"Caserta";"Lung";"30-44";"Female";"2012";"7.61"
"Incidence";"Caserta";"Lung";"30-44";"Female";"2013";"5.78"
"Incidence";"Caserta";"Lung";"30-44";"Female";"2014";"0.98"
"Incidence";"Caserta";"Lung";"30-44";"Female";"2015";"3.96"
"Incidence";"Caserta";"Lung";"30-44";"Female";"2016";"3.01"
"Mortality";"Biella";"Lung";"30-44";"Male";"2008";"0.00"
"Mortality";"Biella";"Lung";"30-44";"Male";"2009";"5.80"
"Mortality";"Biella";"Lung";"30-44";"Male";"2010";"6.04"
"Mortality";"Biella";"Lung";"30-44";"Male";"2011";"0.00"
"Mortality";"Biella";"Lung";"30-44";"Male";"2012";"6.81"
"Incidence";"Biella";"Lung";"30-44";"Male";"2008";"0.00"
"Incidence";"Biella";"Lung";"30-44";"Male";"2009";"0.00"
"Incidence";"Biella";"Lung";"30-44";"Male";"2010";"12.09"
"Incidence";"Biella";"Lung";"30-44";"Male";"2011";"0.00"
"Incidence";"Biella";"Lung";"30-44";"Male";"2012";"0.00"
"Incidence";"Caserta";"Lung";"30-44";"Male";"2008";"4.85"
"Incidence";"Caserta";"Lung";"30-44";"Male";"2009";"5.81"
"Incidence";"Caserta";"Lung";"30-44";"Male";"2010";"3.89"
"Incidence";"Caserta";"Lung";"30-44";"Male";"2011";"9.74"
"Incidence";"Caserta";"Lung";"30-44";"Male";"2012";"8.79"
"Incidence";"Caserta";"Lung";"30-44";"Male";"2013";"6.92"
"Incidence";"Caserta";"Lung";"30-44";"Male";"2014";"7.99"
"Incidence";"Caserta";"Lung";"30-44";"Male";"2015";"3.03"
"Incidence";"Caserta";"Lung";"30-44";"Male";"2016";"4.08"
"Mortality";"Biella";"Lung";"30-44";"Female";"2008";"0.00"
"Mortality";"Biella";"Lung";"30-44";"Female";"2009";"0.00"
"Mortality";"Biella";"Lung";"30-44";"Female";"2010";"0.00"
"Mortality";"Biella";"Lung";"30-44";"Female";"2011";"0.00"
"Mortality";"Biella";"Lung";"30-44";"Female";"2012";"6.81"
"Mortality";"Piedmont";"Lung";"45-59";"Male";"2008";"60.40"
"Mortality";"Piedmont";"Lung";"45-59";"Male";"2009";"44.01"
"Mortality";"Piedmont";"Lung";"45-59";"Male";"2010";"46.13"
"Mortality";"Piedmont";"Lung";"45-59";"Male";"2011";"47.76"
"Mortality";"Piedmont";"Lung";"45-59";"Male";"2012";"37.64"
"Mortality";"Piedmont";"Lung";"45-59";"Male";"2013";"31.26"
"Mortality";"Piedmont";"Lung";"45-59";"Male";"2014";"32.75"
"Mortality";"Piedmont";"Lung";"45-59";"Male";"2015";"36.78"
"Mortality";"Piedmont";"Lung";"45-59";"Male";"2016";"32.83"
"Mortality";"Piedmont";"Lung";"45-59";"Male";"2017";"27.43"
"Incidence";"Biella";"Lung";"45-59";"Female";"2008";"9.60"
"Incidence";"Biella";"Lung";"45-59";"Female";"2009";"23.84"
"Incidence";"Biella";"Lung";"45-59";"Female";"2010";"42.61"
"Incidence";"Biella";"Lung";"45-59";"Female";"2011";"19.09"
"Incidence";"Biella";"Lung";"45-59";"Female";"2012";"23.67"
"Incidence";"Biella";"Lung";"45-59";"Male";"2008";"70.97"
"Incidence";"Biella";"Lung";"45-59";"Male";"2009";"89.08"
"Incidence";"Biella";"Lung";"45-59";"Male";"2010";"18.63"
"Incidence";"Biella";"Lung";"45-59";"Male";"2011";"42.99"
"Incidence";"Biella";"Lung";"45-59";"Male";"2012";"47.53"
"Incidence";"Naples South";"Lung";"45-59";"Male";"2008";"79.85"
"Incidence";"Naples South";"Lung";"45-59";"Male";"2009";"66.18"
"Incidence";"Naples South";"Lung";"45-59";"Male";"2010";"69.06"
"Incidence";"Naples South";"Lung";"45-59";"Male";"2011";"56.15"
"Incidence";"Naples South";"Lung";"45-59";"Male";"2012";"72.66"
"Incidence";"Naples South";"Lung";"45-59";"Male";"2013";"74.49"
"Incidence";"Naples South";"Lung";"45-59";"Male";"2014";"64.09"
"Incidence";"Naples South";"Lung";"45-59";"Male";"2015";"64.37"
"Incidence";"Naples South";"Lung";"45-59";"Male";"2016";"51.74"
"Incidence";"Naples South";"Lung";"45-59";"Male";"2017";"57.61"
"Incidence";"Naples South";"Lung";"45-59";"Male";"2018";"50.67"
"Incidence";"Naples South";"Lung";"45-59";"Female";"2008";"24.96"
"Incidence";"Naples South";"Lung";"45-59";"Female";"2009";"30.35"
"Incidence";"Naples South";"Lung";"45-59";"Female";"2010";"23.24"
"Incidence";"Naples South";"Lung";"45-59";"Female";"2011";"43.73"
"Incidence";"Naples South";"Lung";"45-59";"Female";"2012";"29.47"
"Incidence";"Naples South";"Lung";"45-59";"Female";"2013";"46.47"
"Incidence";"Naples South";"Lung";"45-59";"Female";"2014";"33.71"
"Incidence";"Naples South";"Lung";"45-59";"Female";"2015";"39.40"
"Incidence";"Naples South";"Lung";"45-59";"Female";"2016";"41.67"
"Incidence";"Naples South";"Lung";"45-59";"Female";"2017";"32.83"
"Incidence";"Naples South";"Lung";"45-59";"Female";"2018";"27.59"
"Mortality";"Piedmont";"Lung";"45-59";"Female";"2008";"16.84"
"Mortality";"Piedmont";"Lung";"45-59";"Female";"2009";"22.21"
"Mortality";"Piedmont";"Lung";"45-59";"Female";"2010";"16.98"
"Mortality";"Piedmont";"Lung";"45-59";"Female";"2011";"16.36"
"Mortality";"Piedmont";"Lung";"45-59";"Female";"2012";"19.91"
"Mortality";"Piedmont";"Lung";"45-59";"Female";"2013";"21.52"
"Mortality";"Piedmont";"Lung";"45-59";"Female";"2014";"22.36"
"Mortality";"Piedmont";"Lung";"45-59";"Female";"2015";"20.21"
"Mortality";"Piedmont";"Lung";"45-59";"Female";"2016";"19.99"
"Mortality";"Piedmont";"Lung";"45-59";"Female";"2017";"20.94"
"Mortality";"Biella";"Lung";"45-59";"Female";"2008";"24.00"
"Mortality";"Biella";"Lung";"45-59";"Female";"2009";"9.53"
"Mortality";"Biella";"Lung";"45-59";"Female";"2010";"33.14"
"Mortality";"Biella";"Lung";"45-59";"Female";"2011";"4.77"
"Mortality";"Biella";"Lung";"45-59";"Female";"2012";"23.67"
"Incidence";"Caserta";"Lung";"45-59";"Female";"2008";"28.03"
"Incidence";"Caserta";"Lung";"45-59";"Female";"2009";"22.89"
"Incidence";"Caserta";"Lung";"45-59";"Female";"2010";"28.96"
"Incidence";"Caserta";"Lung";"45-59";"Female";"2011";"31.37"
"Incidence";"Caserta";"Lung";"45-59";"Female";"2012";"21.03"
"Incidence";"Caserta";"Lung";"45-59";"Female";"2013";"28.73"
"Incidence";"Caserta";"Lung";"45-59";"Female";"2014";"30.12"
"Incidence";"Caserta";"Lung";"45-59";"Female";"2015";"29.77"
"Incidence";"Caserta";"Lung";"45-59";"Female";"2016";"45.14"
"Mortality";"Biella";"Lung";"45-59";"Male";"2008";"37.85"
"Mortality";"Biella";"Lung";"45-59";"Male";"2009";"56.26"
"Mortality";"Biella";"Lung";"45-59";"Male";"2010";"32.61"
"Mortality";"Biella";"Lung";"45-59";"Male";"2011";"33.44"
"Mortality";"Biella";"Lung";"45-59";"Male";"2012";"28.52"
"Incidence";"Caserta";"Lung";"45-59";"Male";"2008";"77.85"
"Incidence";"Caserta";"Lung";"45-59";"Male";"2009";"81.14"
"Incidence";"Caserta";"Lung";"45-59";"Male";"2010";"71.88"
"Incidence";"Caserta";"Lung";"45-59";"Male";"2011";"68.90"
"Incidence";"Caserta";"Lung";"45-59";"Male";"2012";"70.57"
"Incidence";"Caserta";"Lung";"45-59";"Male";"2013";"85.08"
"Incidence";"Caserta";"Lung";"45-59";"Male";"2014";"82.27"
"Incidence";"Caserta";"Lung";"45-59";"Male";"2015";"69.61"
"Incidence";"Caserta";"Lung";"45-59";"Male";"2016";"68.80"
"Incidence";"Piedmont";"Lung";"45-59";"Female";"2008";"35.37"
"Incidence";"Piedmont";"Lung";"45-59";"Female";"2009";"28.50"
"Incidence";"Piedmont";"Lung";"45-59";"Female";"2010";"29.81"
"Incidence";"Piedmont";"Lung";"45-59";"Female";"2011";"21.27"
"Incidence";"Piedmont";"Lung";"45-59";"Female";"2012";"33.45"
"Incidence";"Piedmont";"Lung";"45-59";"Female";"2013";"29.35"
"Incidence";"Piedmont";"Lung";"45-59";"Female";"2014";"26.99"
"Incidence";"Piedmont";"Lung";"45-59";"Female";"2015";"33.55"
"Incidence";"Piedmont";"Lung";"45-59";"Female";"2016";"29.42"
"Incidence";"Piedmont";"Lung";"45-59";"Female";"2017";"25.06"
"Incidence";"Piedmont";"Lung";"45-59";"Male";"2008";"70.10"
"Incidence";"Piedmont";"Lung";"45-59";"Male";"2009";"58.09"
"Incidence";"Piedmont";"Lung";"45-59";"Male";"2010";"54.83"
"Incidence";"Piedmont";"Lung";"45-59";"Male";"2011";"51.20"
"Incidence";"Piedmont";"Lung";"45-59";"Male";"2012";"42.66"
"Incidence";"Piedmont";"Lung";"45-59";"Male";"2013";"48.54"
"Incidence";"Piedmont";"Lung";"45-59";"Male";"2014";"54.99"
"Incidence";"Piedmont";"Lung";"45-59";"Male";"2015";"46.77"
"Incidence";"Piedmont";"Lung";"45-59";"Male";"2016";"42.72"
"Incidence";"Piedmont";"Lung";"45-59";"Male";"2017";"46.24"
"Mortality";"Piedmont";"Lung";"60-74";"Female";"2008";"49.52"
"Mortality";"Piedmont";"Lung";"60-74";"Female";"2009";"54.87"
"Mortality";"Piedmont";"Lung";"60-74";"Female";"2010";"49.57"
"Mortality";"Piedmont";"Lung";"60-74";"Female";"2011";"62.12"
"Mortality";"Piedmont";"Lung";"60-74";"Female";"2012";"63.44"
"Mortality";"Piedmont";"Lung";"60-74";"Female";"2013";"68.96"
"Mortality";"Piedmont";"Lung";"60-74";"Female";"2014";"59.50"
"Mortality";"Piedmont";"Lung";"60-74";"Female";"2015";"68.18"
"Mortality";"Piedmont";"Lung";"60-74";"Female";"2016";"78.80"
"Mortality";"Piedmont";"Lung";"60-74";"Female";"2017";"69.86"
"Incidence";"Biella";"Lung";"60-74";"Female";"2008";"103.56"
"Incidence";"Biella";"Lung";"60-74";"Female";"2009";"67.76"
"Incidence";"Biella";"Lung";"60-74";"Female";"2010";"47.11"
"Incidence";"Biella";"Lung";"60-74";"Female";"2011";"53.17"
"Incidence";"Biella";"Lung";"60-74";"Female";"2012";"100.74"
"Mortality";"Piedmont";"Lung";"60-74";"Male";"2008";"245.83"
"Mortality";"Piedmont";"Lung";"60-74";"Male";"2009";"240.05"
"Mortality";"Piedmont";"Lung";"60-74";"Male";"2010";"248.27"
"Mortality";"Piedmont";"Lung";"60-74";"Male";"2011";"256.90"
"Mortality";"Piedmont";"Lung";"60-74";"Male";"2012";"225.44"
"Mortality";"Piedmont";"Lung";"60-74";"Male";"2013";"227.86"
"Mortality";"Piedmont";"Lung";"60-74";"Male";"2014";"215.90"
"Mortality";"Piedmont";"Lung";"60-74";"Male";"2015";"226.62"
"Mortality";"Piedmont";"Lung";"60-74";"Male";"2016";"219.35"
"Mortality";"Piedmont";"Lung";"60-74";"Male";"2017";"196.48"
"Mortality";"Biella";"Lung";"60-74";"Male";"2008";"287.55"
"Mortality";"Biella";"Lung";"60-74";"Male";"2009";"284.00"
"Mortality";"Biella";"Lung";"60-74";"Male";"2010";"292.53"
"Mortality";"Biella";"Lung";"60-74";"Male";"2011";"239.52"
"Mortality";"Biella";"Lung";"60-74";"Male";"2012";"231.39"
"Incidence";"Caserta";"Lung";"60-74";"Male";"2008";"356.24"
"Incidence";"Caserta";"Lung";"60-74";"Male";"2009";"397.95"
"Incidence";"Caserta";"Lung";"60-74";"Male";"2010";"343.57"
"Incidence";"Caserta";"Lung";"60-74";"Male";"2011";"381.06"
"Incidence";"Caserta";"Lung";"60-74";"Male";"2012";"346.80"
"Incidence";"Caserta";"Lung";"60-74";"Male";"2013";"363.92"
"Incidence";"Caserta";"Lung";"60-74";"Male";"2014";"403.80"
"Incidence";"Caserta";"Lung";"60-74";"Male";"2015";"350.91"
"Incidence";"Caserta";"Lung";"60-74";"Male";"2016";"329.68"
"Incidence";"Piedmont";"Lung";"60-74";"Male";"2008";"299.54"
"Incidence";"Piedmont";"Lung";"60-74";"Male";"2009";"298.66"
"Incidence";"Piedmont";"Lung";"60-74";"Male";"2010";"278.17"
"Incidence";"Piedmont";"Lung";"60-74";"Male";"2011";"247.80"
"Incidence";"Piedmont";"Lung";"60-74";"Male";"2012";"227.95"
"Incidence";"Piedmont";"Lung";"60-74";"Male";"2013";"272.22"
"Incidence";"Piedmont";"Lung";"60-74";"Male";"2014";"276.49"
"Incidence";"Piedmont";"Lung";"60-74";"Male";"2015";"294.30"
"Incidence";"Piedmont";"Lung";"60-74";"Male";"2016";"248.25"
"Incidence";"Piedmont";"Lung";"60-74";"Male";"2017";"245.85"
"Incidence";"Naples South";"Lung";"60-74";"Male";"2008";"345.64"
"Incidence";"Naples South";"Lung";"60-74";"Male";"2009";"355.16"
"Incidence";"Naples South";"Lung";"60-74";"Male";"2010";"345.34"
"Incidence";"Naples South";"Lung";"60-74";"Male";"2011";"365.27"
"Incidence";"Naples South";"Lung";"60-74";"Male";"2012";"328.97"
"Incidence";"Naples South";"Lung";"60-74";"Male";"2013";"369.81"
"Incidence";"Naples South";"Lung";"60-74";"Male";"2014";"330.83"
"Incidence";"Naples South";"Lung";"60-74";"Male";"2015";"349.09"
"Incidence";"Naples South";"Lung";"60-74";"Male";"2016";"328.06"
"Incidence";"Naples South";"Lung";"60-74";"Male";"2017";"360.81"
"Incidence";"Naples South";"Lung";"60-74";"Male";"2018";"352.73"
"Incidence";"Naples South";"Lung";"60-74";"Female";"2008";"54.14"
"Incidence";"Naples South";"Lung";"60-74";"Female";"2009";"50.47"
"Incidence";"Naples South";"Lung";"60-74";"Female";"2010";"58.40"
"Incidence";"Naples South";"Lung";"60-74";"Female";"2011";"57.45"
"Incidence";"Naples South";"Lung";"60-74";"Female";"2012";"72.42"
"Incidence";"Naples South";"Lung";"60-74";"Female";"2013";"75.34"
"Incidence";"Naples South";"Lung";"60-74";"Female";"2014";"78.19"
"Incidence";"Naples South";"Lung";"60-74";"Female";"2015";"68.85"
"Incidence";"Naples South";"Lung";"60-74";"Female";"2016";"97.18"
"Incidence";"Naples South";"Lung";"60-74";"Female";"2017";"92.43"
"Incidence";"Naples South";"Lung";"60-74";"Female";"2018";"89.94"
"Mortality";"Biella";"Lung";"60-74";"Female";"2008";"62.14"
"Mortality";"Biella";"Lung";"60-74";"Female";"2009";"52.12"
"Mortality";"Biella";"Lung";"60-74";"Female";"2010";"52.35"
"Mortality";"Biella";"Lung";"60-74";"Female";"2011";"85.07"
"Mortality";"Biella";"Lung";"60-74";"Female";"2012";"26.51"
"Incidence";"Caserta";"Lung";"60-74";"Female";"2008";"46.69"
"Incidence";"Caserta";"Lung";"60-74";"Female";"2009";"47.26"
"Incidence";"Caserta";"Lung";"60-74";"Female";"2010";"60.28"
"Incidence";"Caserta";"Lung";"60-74";"Female";"2011";"63.78"
"Incidence";"Caserta";"Lung";"60-74";"Female";"2012";"34.50"
"Incidence";"Caserta";"Lung";"60-74";"Female";"2013";"78.75"
"Incidence";"Caserta";"Lung";"60-74";"Female";"2014";"60.50"
"Incidence";"Caserta";"Lung";"60-74";"Female";"2015";"68.21"
"Incidence";"Caserta";"Lung";"60-74";"Female";"2016";"63.13"
"Incidence";"Piedmont";"Lung";"60-74";"Female";"2008";"70.81"
"Incidence";"Piedmont";"Lung";"60-74";"Female";"2009";"70.88"
"Incidence";"Piedmont";"Lung";"60-74";"Female";"2010";"76.85"
"Incidence";"Piedmont";"Lung";"60-74";"Female";"2011";"74.82"
"Incidence";"Piedmont";"Lung";"60-74";"Female";"2012";"65.24"
"Incidence";"Piedmont";"Lung";"60-74";"Female";"2013";"91.95"
"Incidence";"Piedmont";"Lung";"60-74";"Female";"2014";"79.49"
"Incidence";"Piedmont";"Lung";"60-74";"Female";"2015";"100.21"
"Incidence";"Piedmont";"Lung";"60-74";"Female";"2016";"80.64"
"Incidence";"Piedmont";"Lung";"60-74";"Female";"2017";"96.05"
"Incidence";"Biella";"Lung";"60-74";"Male";"2008";"387.08"
"Incidence";"Biella";"Lung";"60-74";"Male";"2009";"361.96"
"Incidence";"Biella";"Lung";"60-74";"Male";"2010";"281.28"
"Incidence";"Biella";"Lung";"60-74";"Male";"2011";"387.80"
"Incidence";"Biella";"Lung";"60-74";"Male";"2012";"231.39"
"Incidence";"Biella";"Lung";"75-85+";"Female";"2008";"97.35"
"Incidence";"Biella";"Lung";"75-85+";"Female";"2009";"64.05"
"Incidence";"Biella";"Lung";"75-85+";"Female";"2010";"139.74"
"Incidence";"Biella";"Lung";"75-85+";"Female";"2011";"85.57"
"Incidence";"Biella";"Lung";"75-85+";"Female";"2012";"76.17"
"Incidence";"Naples South";"Lung";"75-85+";"Male";"2008";"666.40"
"Incidence";"Naples South";"Lung";"75-85+";"Male";"2009";"604.93"
"Incidence";"Naples South";"Lung";"75-85+";"Male";"2010";"635.30"
"Incidence";"Naples South";"Lung";"75-85+";"Male";"2011";"762.91"
"Incidence";"Naples South";"Lung";"75-85+";"Male";"2012";"578.18"
"Incidence";"Naples South";"Lung";"75-85+";"Male";"2013";"647.58"
"Incidence";"Naples South";"Lung";"75-85+";"Male";"2014";"586.26"
"Incidence";"Naples South";"Lung";"75-85+";"Male";"2015";"553.60"
"Incidence";"Naples South";"Lung";"75-85+";"Male";"2016";"577.65"
"Incidence";"Naples South";"Lung";"75-85+";"Male";"2017";"529.41"
"Incidence";"Naples South";"Lung";"75-85+";"Male";"2018";"503.14"
"Incidence";"Naples South";"Lung";"75-85+";"Female";"2008";"82.04"
"Incidence";"Naples South";"Lung";"75-85+";"Female";"2009";"84.82"
"Incidence";"Naples South";"Lung";"75-85+";"Female";"2010";"76.02"
"Incidence";"Naples South";"Lung";"75-85+";"Female";"2011";"62.88"
"Incidence";"Naples South";"Lung";"75-85+";"Female";"2012";"88.60"
"Incidence";"Naples South";"Lung";"75-85+";"Female";"2013";"91.30"
"Incidence";"Naples South";"Lung";"75-85+";"Female";"2014";"117.13"
"Incidence";"Naples South";"Lung";"75-85+";"Female";"2015";"103.54"
"Incidence";"Naples South";"Lung";"75-85+";"Female";"2016";"99.97"
"Incidence";"Naples South";"Lung";"75-85+";"Female";"2017";"112.38"
"Incidence";"Naples South";"Lung";"75-85+";"Female";"2018";"105.09"
"Mortality";"Biella";"Lung";"75-85+";"Female";"2008";"101.99"
"Mortality";"Biella";"Lung";"75-85+";"Female";"2009";"82.35"
"Mortality";"Biella";"Lung";"75-85+";"Female";"2010";"121.71"
"Mortality";"Biella";"Lung";"75-85+";"Female";"2011";"108.09"
"Mortality";"Biella";"Lung";"75-85+";"Female";"2012";"62.73"
"Incidence";"Piedmont";"Lung";"75-85+";"Male";"2008";"526.14"
"Incidence";"Piedmont";"Lung";"75-85+";"Male";"2009";"510.09"
"Incidence";"Piedmont";"Lung";"75-85+";"Male";"2010";"508.64"
"Incidence";"Piedmont";"Lung";"75-85+";"Male";"2011";"431.17"
"Incidence";"Piedmont";"Lung";"75-85+";"Male";"2012";"415.12"
"Incidence";"Piedmont";"Lung";"75-85+";"Male";"2013";"507.99"
"Incidence";"Piedmont";"Lung";"75-85+";"Male";"2014";"408.29"
"Incidence";"Piedmont";"Lung";"75-85+";"Male";"2015";"492.28"
"Incidence";"Piedmont";"Lung";"75-85+";"Male";"2016";"367.80"
"Incidence";"Piedmont";"Lung";"75-85+";"Male";"2017";"383.01"
"Incidence";"Piedmont";"Lung";"75-85+";"Female";"2008";"138.27"
"Incidence";"Piedmont";"Lung";"75-85+";"Female";"2009";"106.61"
"Incidence";"Piedmont";"Lung";"75-85+";"Female";"2010";"108.21"
"Incidence";"Piedmont";"Lung";"75-85+";"Female";"2011";"101.02"
"Incidence";"Piedmont";"Lung";"75-85+";"Female";"2012";"105.98"
"Incidence";"Piedmont";"Lung";"75-85+";"Female";"2013";"106.69"
"Incidence";"Piedmont";"Lung";"75-85+";"Female";"2014";"97.84"
"Incidence";"Piedmont";"Lung";"75-85+";"Female";"2015";"112.75"
"Incidence";"Piedmont";"Lung";"75-85+";"Female";"2016";"109.60"
"Incidence";"Piedmont";"Lung";"75-85+";"Female";"2017";"97.84"
"Mortality";"Piedmont";"Lung";"75-85+";"Female";"2008";"129.20"
"Mortality";"Piedmont";"Lung";"75-85+";"Female";"2009";"119.59"
"Mortality";"Piedmont";"Lung";"75-85+";"Female";"2010";"109.55"
"Mortality";"Piedmont";"Lung";"75-85+";"Female";"2011";"106.24"
"Mortality";"Piedmont";"Lung";"75-85+";"Female";"2012";"125.01"
"Mortality";"Piedmont";"Lung";"75-85+";"Female";"2013";"102.35"
"Mortality";"Piedmont";"Lung";"75-85+";"Female";"2014";"127.44"
"Mortality";"Piedmont";"Lung";"75-85+";"Female";"2015";"101.59"
"Mortality";"Piedmont";"Lung";"75-85+";"Female";"2016";"119.98"
"Mortality";"Piedmont";"Lung";"75-85+";"Female";"2017";"131.97"
"Incidence";"Caserta";"Lung";"75-85+";"Female";"2008";"55.70"
"Incidence";"Caserta";"Lung";"75-85+";"Female";"2009";"65.19"
"Incidence";"Caserta";"Lung";"75-85+";"Female";"2010";"58.30"
"Incidence";"Caserta";"Lung";"75-85+";"Female";"2011";"77.46"
"Incidence";"Caserta";"Lung";"75-85+";"Female";"2012";"85.71"
"Incidence";"Caserta";"Lung";"75-85+";"Female";"2013";"79.43"
"Incidence";"Caserta";"Lung";"75-85+";"Female";"2014";"68.12"
"Incidence";"Caserta";"Lung";"75-85+";"Female";"2015";"71.18"
"Incidence";"Caserta";"Lung";"75-85+";"Female";"2016";"86.33"
"Incidence";"Caserta";"Lung";"75-85+";"Male";"2008";"509.16"
"Incidence";"Caserta";"Lung";"75-85+";"Male";"2009";"607.75"
"Incidence";"Caserta";"Lung";"75-85+";"Male";"2010";"620.96"
"Incidence";"Caserta";"Lung";"75-85+";"Male";"2011";"561.11"
"Incidence";"Caserta";"Lung";"75-85+";"Male";"2012";"604.22"
"Incidence";"Caserta";"Lung";"75-85+";"Male";"2013";"606.35"
"Incidence";"Caserta";"Lung";"75-85+";"Male";"2014";"573.55"
"Incidence";"Caserta";"Lung";"75-85+";"Male";"2015";"539.25"
"Incidence";"Caserta";"Lung";"75-85+";"Male";"2016";"663.60"
"Mortality";"Biella";"Lung";"75-85+";"Male";"2008";"410.74"
"Mortality";"Biella";"Lung";"75-85+";"Male";"2009";"430.04"
"Mortality";"Biella";"Lung";"75-85+";"Male";"2010";"338.59"
"Mortality";"Biella";"Lung";"75-85+";"Male";"2011";"376.50"
"Mortality";"Biella";"Lung";"75-85+";"Male";"2012";"300.83"
"Mortality";"Piedmont";"Lung";"75-85+";"Male";"2008";"572.56"
"Mortality";"Piedmont";"Lung";"75-85+";"Male";"2009";"553.65"
"Mortality";"Piedmont";"Lung";"75-85+";"Male";"2010";"580.36"
"Mortality";"Piedmont";"Lung";"75-85+";"Male";"2011";"537.11"
"Mortality";"Piedmont";"Lung";"75-85+";"Male";"2012";"478.05"
"Mortality";"Piedmont";"Lung";"75-85+";"Male";"2013";"521.66"
"Mortality";"Piedmont";"Lung";"75-85+";"Male";"2014";"477.59"
"Mortality";"Piedmont";"Lung";"75-85+";"Male";"2015";"479.73"
"Mortality";"Piedmont";"Lung";"75-85+";"Male";"2016";"427.79"
"Mortality";"Piedmont";"Lung";"75-85+";"Male";"2017";"431.53"
"Incidence";"Biella";"Lung";"75-85+";"Male";"2008";"471.59"
"Incidence";"Biella";"Lung";"75-85+";"Male";"2009";"348.48"
"Incidence";"Biella";"Lung";"75-85+";"Male";"2010";"338.59"
"Incidence";"Biella";"Lung";"75-85+";"Male";"2011";"362.29"
"Incidence";"Biella";"Lung";"75-85+";"Male";"2012";"272.84"
"Mortality";"Emilia-Romagna";"Lung";"0-14";"Female";"2009";"0.00"
"Mortality";"Emilia-Romagna";"Lung";"0-14";"Female";"2010";"0.44"
"Mortality";"Emilia-Romagna";"Lung";"0-14";"Female";"2011";"0.00"
"Mortality";"Emilia-Romagna";"Lung";"0-14";"Female";"2012";"0.00"
"Mortality";"Emilia-Romagna";"Lung";"0-14";"Female";"2013";"0.00"
"Mortality";"Emilia-Romagna";"Lung";"0-14";"Female";"2014";"0.00"
"Mortality";"Emilia-Romagna";"Lung";"0-14";"Female";"2015";"0.00"
"Mortality";"Emilia-Romagna";"Lung";"0-14";"Female";"2016";"0.00"
"Mortality";"Emilia-Romagna";"Lung";"0-14";"Female";"2017";"0.00"
"Mortality";"Emilia-Romagna";"Lung";"0-14";"Female";"2018";"0.00"
"Mortality";"Emilia-Romagna";"Lung";"0-14";"Female";"2019";"0.00"
"Mortality";"Emilia-Romagna";"Lung";"0-14";"Female";"2020";"0.00"
"Mortality";"Bergamo";"Lung";"0-14";"Male";"2009";"0.00"
"Mortality";"Bergamo";"Lung";"0-14";"Male";"2010";"0.00"
"Mortality";"Bergamo";"Lung";"0-14";"Male";"2011";"0.00"
"Mortality";"Bergamo";"Lung";"0-14";"Male";"2012";"0.00"
"Mortality";"Bergamo";"Lung";"0-14";"Male";"2013";"0.00"
"Mortality";"Bergamo";"Lung";"0-14";"Male";"2014";"0.00"
"Mortality";"Bergamo";"Lung";"0-14";"Male";"2015";"0.00"
"Mortality";"Bergamo";"Lung";"0-14";"Male";"2016";"0.00"
"Mortality";"Bergamo";"Lung";"0-14";"Male";"2017";"0.00"
"Mortality";"Bergamo";"Lung";"0-14";"Male";"2018";"0.00"
"Mortality";"Nuoro";"Lung";"0-14";"Female";"2009";"0.00"
"Mortality";"Nuoro";"Lung";"0-14";"Female";"2010";"0.00"
"Mortality";"Nuoro";"Lung";"0-14";"Female";"2011";"0.00"
"Mortality";"Nuoro";"Lung";"0-14";"Female";"2012";"0.00"
"Mortality";"Nuoro";"Lung";"0-14";"Female";"2013";"0.00"
"Mortality";"Nuoro";"Lung";"0-14";"Female";"2014";"0.00"
"Mortality";"Nuoro";"Lung";"0-14";"Female";"2015";"0.00"
"Mortality";"Brescia";"Lung";"0-14";"Female";"2009";"0.00"
"Mortality";"Brescia";"Lung";"0-14";"Female";"2010";"0.00"
"Mortality";"Brescia";"Lung";"0-14";"Female";"2011";"0.00"
"Mortality";"Brescia";"Lung";"0-14";"Female";"2012";"0.00"
"Mortality";"Brescia";"Lung";"0-14";"Female";"2013";"0.00"
"Mortality";"Brescia";"Lung";"0-14";"Female";"2014";"0.00"
"Mortality";"Brescia";"Lung";"0-14";"Female";"2015";"0.00"
"Mortality";"Brescia";"Lung";"0-14";"Female";"2016";"0.00"
"Mortality";"Brescia";"Lung";"0-14";"Female";"2017";"0.00"
"Mortality";"Emilia-Romagna";"Lung";"0-14";"Male";"2009";"0.00"
"Mortality";"Emilia-Romagna";"Lung";"0-14";"Male";"2010";"0.00"
"Mortality";"Emilia-Romagna";"Lung";"0-14";"Male";"2011";"0.00"
"Mortality";"Emilia-Romagna";"Lung";"0-14";"Male";"2012";"0.00"
"Mortality";"Emilia-Romagna";"Lung";"0-14";"Male";"2013";"0.00"
"Mortality";"Emilia-Romagna";"Lung";"0-14";"Male";"2014";"0.00"
"Mortality";"Emilia-Romagna";"Lung";"0-14";"Male";"2015";"0.00"
"Mortality";"Emilia-Romagna";"Lung";"0-14";"Male";"2016";"0.00"
"Mortality";"Emilia-Romagna";"Lung";"0-14";"Male";"2017";"0.00"
"Mortality";"Emilia-Romagna";"Lung";"0-14";"Male";"2018";"0.00"
"Mortality";"Emilia-Romagna";"Lung";"0-14";"Male";"2019";"0.00"
"Mortality";"Emilia-Romagna";"Lung";"0-14";"Male";"2020";"0.00"
"Mortality";"Nuoro";"Lung";"0-14";"Male";"2009";"0.00"
"Mortality";"Nuoro";"Lung";"0-14";"Male";"2010";"0.00"
"Mortality";"Nuoro";"Lung";"0-14";"Male";"2011";"0.00"
"Mortality";"Nuoro";"Lung";"0-14";"Male";"2012";"0.00"
"Mortality";"Nuoro";"Lung";"0-14";"Male";"2013";"0.00"
"Mortality";"Nuoro";"Lung";"0-14";"Male";"2014";"0.00"
"Mortality";"Nuoro";"Lung";"0-14";"Male";"2015";"0.00"
"Mortality";"Brescia";"Lung";"0-14";"Male";"2009";"0.00"
"Mortality";"Brescia";"Lung";"0-14";"Male";"2010";"0.00"
"Mortality";"Brescia";"Lung";"0-14";"Male";"2011";"0.00"
"Mortality";"Brescia";"Lung";"0-14";"Male";"2012";"0.00"
"Mortality";"Brescia";"Lung";"0-14";"Male";"2013";"0.00"
"Mortality";"Brescia";"Lung";"0-14";"Male";"2014";"0.00"
"Mortality";"Brescia";"Lung";"0-14";"Male";"2015";"0.00"
"Mortality";"Brescia";"Lung";"0-14";"Male";"2016";"0.00"
"Mortality";"Brescia";"Lung";"0-14";"Male";"2017";"0.00"
"Mortality";"Bergamo";"Lung";"0-14";"Female";"2009";"0.00"
"Mortality";"Bergamo";"Lung";"0-14";"Female";"2010";"0.00"
"Mortality";"Bergamo";"Lung";"0-14";"Female";"2011";"0.00"
"Mortality";"Bergamo";"Lung";"0-14";"Female";"2012";"0.00"
"Mortality";"Bergamo";"Lung";"0-14";"Female";"2013";"0.00"
"Mortality";"Bergamo";"Lung";"0-14";"Female";"2014";"0.00"
"Mortality";"Bergamo";"Lung";"0-14";"Female";"2015";"0.00"
"Mortality";"Bergamo";"Lung";"0-14";"Female";"2016";"0.00"
"Mortality";"Bergamo";"Lung";"0-14";"Female";"2017";"0.00"
"Mortality";"Bergamo";"Lung";"0-14";"Female";"2018";"0.00"
"Mortality";"Emilia-Romagna";"Lung";"15-29";"Female";"2009";"0.43"
"Mortality";"Emilia-Romagna";"Lung";"15-29";"Female";"2010";"0.43"
"Mortality";"Emilia-Romagna";"Lung";"15-29";"Female";"2011";"0.00"
"Mortality";"Emilia-Romagna";"Lung";"15-29";"Female";"2012";"0.00"
"Mortality";"Emilia-Romagna";"Lung";"15-29";"Female";"2013";"0.00"
"Mortality";"Emilia-Romagna";"Lung";"15-29";"Female";"2014";"0.43"
"Mortality";"Emilia-Romagna";"Lung";"15-29";"Female";"2015";"0.00"
"Mortality";"Emilia-Romagna";"Lung";"15-29";"Female";"2016";"0.00"
"Mortality";"Emilia-Romagna";"Lung";"15-29";"Female";"2017";"0.00"
"Mortality";"Emilia-Romagna";"Lung";"15-29";"Female";"2018";"0.00"
"Mortality";"Emilia-Romagna";"Lung";"15-29";"Female";"2019";"0.00"
"Mortality";"Emilia-Romagna";"Lung";"15-29";"Female";"2020";"0.00"
"Mortality";"Emilia-Romagna";"Lung";"15-29";"Male";"2009";"0.42"
"Mortality";"Emilia-Romagna";"Lung";"15-29";"Male";"2010";"0.00"
"Mortality";"Emilia-Romagna";"Lung";"15-29";"Male";"2011";"0.00"
"Mortality";"Emilia-Romagna";"Lung";"15-29";"Male";"2012";"0.41"
"Mortality";"Emilia-Romagna";"Lung";"15-29";"Male";"2013";"0.00"
"Mortality";"Emilia-Romagna";"Lung";"15-29";"Male";"2014";"0.00"
"Mortality";"Emilia-Romagna";"Lung";"15-29";"Male";"2015";"0.00"
"Mortality";"Emilia-Romagna";"Lung";"15-29";"Male";"2016";"0.00"
"Mortality";"Emilia-Romagna";"Lung";"15-29";"Male";"2017";"0.00"
"Mortality";"Emilia-Romagna";"Lung";"15-29";"Male";"2018";"0.32"
"Mortality";"Emilia-Romagna";"Lung";"15-29";"Male";"2019";"0.00"
"Mortality";"Emilia-Romagna";"Lung";"15-29";"Male";"2020";"0.00"
"Mortality";"Bergamo";"Lung";"15-29";"Male";"2009";"0.00"
"Mortality";"Bergamo";"Lung";"15-29";"Male";"2010";"0.00"
"Mortality";"Bergamo";"Lung";"15-29";"Male";"2011";"0.00"
"Mortality";"Bergamo";"Lung";"15-29";"Male";"2012";"0.00"
"Mortality";"Bergamo";"Lung";"15-29";"Male";"2013";"0.00"
"Mortality";"Bergamo";"Lung";"15-29";"Male";"2014";"1.17"
"Mortality";"Bergamo";"Lung";"15-29";"Male";"2015";"0.00"
"Mortality";"Bergamo";"Lung";"15-29";"Male";"2016";"0.00"
"Mortality";"Bergamo";"Lung";"15-29";"Male";"2017";"0.00"
"Mortality";"Bergamo";"Lung";"15-29";"Male";"2018";"0.00"
"Mortality";"Bergamo";"Lung";"15-29";"Female";"2009";"1.20"
"Mortality";"Bergamo";"Lung";"15-29";"Female";"2010";"0.00"
"Mortality";"Bergamo";"Lung";"15-29";"Female";"2011";"0.00"
"Mortality";"Bergamo";"Lung";"15-29";"Female";"2012";"0.00"
"Mortality";"Bergamo";"Lung";"15-29";"Female";"2013";"0.00"
"Mortality";"Bergamo";"Lung";"15-29";"Female";"2014";"0.00"
"Mortality";"Bergamo";"Lung";"15-29";"Female";"2015";"0.00"
"Mortality";"Bergamo";"Lung";"15-29";"Female";"2016";"0.00"
"Mortality";"Bergamo";"Lung";"15-29";"Female";"2017";"0.00"
"Mortality";"Bergamo";"Lung";"15-29";"Female";"2018";"0.00"
"Mortality";"Nuoro";"Lung";"15-29";"Female";"2009";"0.00"
"Mortality";"Nuoro";"Lung";"15-29";"Female";"2010";"0.00"
"Mortality";"Nuoro";"Lung";"15-29";"Female";"2011";"0.00"
"Mortality";"Nuoro";"Lung";"15-29";"Female";"2012";"0.00"
"Mortality";"Nuoro";"Lung";"15-29";"Female";"2013";"0.00"
"Mortality";"Nuoro";"Lung";"15-29";"Female";"2014";"0.00"
"Mortality";"Nuoro";"Lung";"15-29";"Female";"2015";"0.00"
"Mortality";"Brescia";"Lung";"15-29";"Female";"2009";"0.00"
"Mortality";"Brescia";"Lung";"15-29";"Female";"2010";"0.00"
"Mortality";"Brescia";"Lung";"15-29";"Female";"2011";"0.00"
"Mortality";"Brescia";"Lung";"15-29";"Female";"2012";"0.00"
"Mortality";"Brescia";"Lung";"15-29";"Female";"2013";"1.19"
"Mortality";"Brescia";"Lung";"15-29";"Female";"2014";"0.00"
"Mortality";"Brescia";"Lung";"15-29";"Female";"2015";"0.00"
"Mortality";"Brescia";"Lung";"15-29";"Female";"2016";"0.00"
"Mortality";"Brescia";"Lung";"15-29";"Female";"2017";"0.00"
"Mortality";"Nuoro";"Lung";"15-29";"Male";"2009";"0.00"
"Mortality";"Nuoro";"Lung";"15-29";"Male";"2010";"0.00"
"Mortality";"Nuoro";"Lung";"15-29";"Male";"2011";"0.00"
"Mortality";"Nuoro";"Lung";"15-29";"Male";"2012";"0.00"
"Mortality";"Nuoro";"Lung";"15-29";"Male";"2013";"5.58"
"Mortality";"Nuoro";"Lung";"15-29";"Male";"2014";"0.00"
"Mortality";"Nuoro";"Lung";"15-29";"Male";"2015";"0.00"
"Mortality";"Brescia";"Lung";"15-29";"Male";"2009";"0.00"
"Mortality";"Brescia";"Lung";"15-29";"Male";"2010";"1.15"
"Mortality";"Brescia";"Lung";"15-29";"Male";"2011";"0.00"
"Mortality";"Brescia";"Lung";"15-29";"Male";"2012";"0.00"
"Mortality";"Brescia";"Lung";"15-29";"Male";"2013";"0.00"
"Mortality";"Brescia";"Lung";"15-29";"Male";"2014";"0.00"
"Mortality";"Brescia";"Lung";"15-29";"Male";"2015";"0.00"
"Mortality";"Brescia";"Lung";"15-29";"Male";"2016";"0.00"
"Mortality";"Brescia";"Lung";"15-29";"Male";"2017";"1.13"
"Mortality";"Brescia";"Lung";"30-44";"Male";"2009";"2.05"
"Mortality";"Brescia";"Lung";"30-44";"Male";"2010";"0.70"
"Mortality";"Brescia";"Lung";"30-44";"Male";"2011";"2.07"
"Mortality";"Brescia";"Lung";"30-44";"Male";"2012";"1.47"
"Mortality";"Brescia";"Lung";"30-44";"Male";"2013";"2.99"
"Mortality";"Brescia";"Lung";"30-44";"Male";"2014";"1.50"
"Mortality";"Brescia";"Lung";"30-44";"Male";"2015";"0.77"
"Mortality";"Brescia";"Lung";"30-44";"Male";"2016";"2.39"
"Mortality";"Brescia";"Lung";"30-44";"Male";"2017";"1.65"
"Mortality";"Brescia";"Lung";"30-44";"Female";"2009";"2.22"
"Mortality";"Brescia";"Lung";"30-44";"Female";"2010";"2.25"
"Mortality";"Brescia";"Lung";"30-44";"Female";"2011";"2.22"
"Mortality";"Brescia";"Lung";"30-44";"Female";"2012";"1.54"
"Mortality";"Brescia";"Lung";"30-44";"Female";"2013";"0.78"
"Mortality";"Brescia";"Lung";"30-44";"Female";"2014";"4.71"
"Mortality";"Brescia";"Lung";"30-44";"Female";"2015";"1.60"
"Mortality";"Brescia";"Lung";"30-44";"Female";"2016";"0.00"
"Mortality";"Brescia";"Lung";"30-44";"Female";"2017";"2.53"
"Mortality";"Bergamo";"Lung";"30-44";"Male";"2009";"4.24"
"Mortality";"Bergamo";"Lung";"30-44";"Male";"2010";"2.16"
"Mortality";"Bergamo";"Lung";"30-44";"Male";"2011";"2.92"
"Mortality";"Bergamo";"Lung";"30-44";"Male";"2012";"2.32"
"Mortality";"Bergamo";"Lung";"30-44";"Male";"2013";"1.58"
"Mortality";"Bergamo";"Lung";"30-44";"Male";"2014";"2.38"
"Mortality";"Bergamo";"Lung";"30-44";"Male";"2015";"1.64"
"Mortality";"Bergamo";"Lung";"30-44";"Male";"2016";"0.00"
"Mortality";"Bergamo";"Lung";"30-44";"Male";"2017";"2.61"
"Mortality";"Bergamo";"Lung";"30-44";"Male";"2018";"1.79"
"Mortality";"Bergamo";"Lung";"30-44";"Female";"2009";"3.11"
"Mortality";"Bergamo";"Lung";"30-44";"Female";"2010";"5.49"
"Mortality";"Bergamo";"Lung";"30-44";"Female";"2011";"3.95"
"Mortality";"Bergamo";"Lung";"30-44";"Female";"2012";"0.82"
"Mortality";"Bergamo";"Lung";"30-44";"Female";"2013";"3.34"
"Mortality";"Bergamo";"Lung";"30-44";"Female";"2014";"0.84"
"Mortality";"Bergamo";"Lung";"30-44";"Female";"2015";"2.57"
"Mortality";"Bergamo";"Lung";"30-44";"Female";"2016";"2.63"
"Mortality";"Bergamo";"Lung";"30-44";"Female";"2017";"0.00"
"Mortality";"Bergamo";"Lung";"30-44";"Female";"2018";"0.00"
"Mortality";"Nuoro";"Lung";"30-44";"Male";"2009";"0.00"
"Mortality";"Nuoro";"Lung";"30-44";"Male";"2010";"0.00"
"Mortality";"Nuoro";"Lung";"30-44";"Male";"2011";"0.00"
"Mortality";"Nuoro";"Lung";"30-44";"Male";"2012";"4.21"
"Mortality";"Nuoro";"Lung";"30-44";"Male";"2013";"0.00"
"Mortality";"Nuoro";"Lung";"30-44";"Male";"2014";"0.00"
"Mortality";"Nuoro";"Lung";"30-44";"Male";"2015";"4.58"
"Mortality";"Nuoro";"Lung";"30-44";"Female";"2009";"0.00"
"Mortality";"Nuoro";"Lung";"30-44";"Female";"2010";"4.27"
"Mortality";"Nuoro";"Lung";"30-44";"Female";"2011";"0.00"
"Mortality";"Nuoro";"Lung";"30-44";"Female";"2012";"0.00"
"Mortality";"Nuoro";"Lung";"30-44";"Female";"2013";"0.00"
"Mortality";"Nuoro";"Lung";"30-44";"Female";"2014";"0.00"
"Mortality";"Nuoro";"Lung";"30-44";"Female";"2015";"0.00"
"Mortality";"Emilia-Romagna";"Lung";"30-44";"Female";"2009";"1.95"
"Mortality";"Emilia-Romagna";"Lung";"30-44";"Female";"2010";"1.22"
"Mortality";"Emilia-Romagna";"Lung";"30-44";"Female";"2011";"1.74"
"Mortality";"Emilia-Romagna";"Lung";"30-44";"Female";"2012";"2.02"
"Mortality";"Emilia-Romagna";"Lung";"30-44";"Female";"2013";"3.08"
"Mortality";"Emilia-Romagna";"Lung";"30-44";"Female";"2014";"0.53"
"Mortality";"Emilia-Romagna";"Lung";"30-44";"Female";"2015";"2.43"
"Mortality";"Emilia-Romagna";"Lung";"30-44";"Female";"2016";"1.11"
"Mortality";"Emilia-Romagna";"Lung";"30-44";"Female";"2017";"2.05"
"Mortality";"Emilia-Romagna";"Lung";"30-44";"Female";"2018";"1.17"
"Mortality";"Emilia-Romagna";"Lung";"30-44";"Female";"2019";"0.96"
"Mortality";"Emilia-Romagna";"Lung";"30-44";"Female";"2020";"0.74"
"Mortality";"Emilia-Romagna";"Lung";"30-44";"Male";"2009";"1.90"
"Mortality";"Emilia-Romagna";"Lung";"30-44";"Male";"2010";"3.37"
"Mortality";"Emilia-Romagna";"Lung";"30-44";"Male";"2011";"2.46"
"Mortality";"Emilia-Romagna";"Lung";"30-44";"Male";"2012";"2.26"
"Mortality";"Emilia-Romagna";"Lung";"30-44";"Male";"2013";"3.07"
"Mortality";"Emilia-Romagna";"Lung";"30-44";"Male";"2014";"2.10"
"Mortality";"Emilia-Romagna";"Lung";"30-44";"Male";"2015";"3.24"
"Mortality";"Emilia-Romagna";"Lung";"30-44";"Male";"2016";"2.78"
"Mortality";"Emilia-Romagna";"Lung";"30-44";"Male";"2017";"1.60"
"Mortality";"Emilia-Romagna";"Lung";"30-44";"Male";"2018";"1.64"
"Mortality";"Emilia-Romagna";"Lung";"30-44";"Male";"2019";"2.64"
"Mortality";"Emilia-Romagna";"Lung";"30-44";"Male";"2020";"1.72"
"Mortality";"Emilia-Romagna";"Lung";"45-59";"Male";"2009";"36.55"
"Mortality";"Emilia-Romagna";"Lung";"45-59";"Male";"2010";"31.40"
"Mortality";"Emilia-Romagna";"Lung";"45-59";"Male";"2011";"35.33"
"Mortality";"Emilia-Romagna";"Lung";"45-59";"Male";"2012";"29.96"
"Mortality";"Emilia-Romagna";"Lung";"45-59";"Male";"2013";"24.57"
"Mortality";"Emilia-Romagna";"Lung";"45-59";"Male";"2014";"32.89"
"Mortality";"Emilia-Romagna";"Lung";"45-59";"Male";"2015";"30.09"
"Mortality";"Emilia-Romagna";"Lung";"45-59";"Male";"2016";"28.91"
"Mortality";"Emilia-Romagna";"Lung";"45-59";"Male";"2017";"23.32"
"Mortality";"Emilia-Romagna";"Lung";"45-59";"Male";"2018";"24.69"
"Mortality";"Emilia-Romagna";"Lung";"45-59";"Male";"2019";"23.78"
"Mortality";"Emilia-Romagna";"Lung";"45-59";"Male";"2020";"19.67"
"Mortality";"Emilia-Romagna";"Lung";"45-59";"Female";"2009";"22.01"
"Mortality";"Emilia-Romagna";"Lung";"45-59";"Female";"2010";"21.08"
"Mortality";"Emilia-Romagna";"Lung";"45-59";"Female";"2011";"21.10"
"Mortality";"Emilia-Romagna";"Lung";"45-59";"Female";"2012";"18.82"
"Mortality";"Emilia-Romagna";"Lung";"45-59";"Female";"2013";"22.71"
"Mortality";"Emilia-Romagna";"Lung";"45-59";"Female";"2014";"21.04"
"Mortality";"Emilia-Romagna";"Lung";"45-59";"Female";"2015";"16.80"
"Mortality";"Emilia-Romagna";"Lung";"45-59";"Female";"2016";"19.70"
"Mortality";"Emilia-Romagna";"Lung";"45-59";"Female";"2017";"18.05"
"Mortality";"Emilia-Romagna";"Lung";"45-59";"Female";"2018";"19.32"
"Mortality";"Emilia-Romagna";"Lung";"45-59";"Female";"2019";"16.88"
"Mortality";"Emilia-Romagna";"Lung";"45-59";"Female";"2020";"15.69"
"Mortality";"Nuoro";"Lung";"45-59";"Female";"2009";"8.76"
"Mortality";"Nuoro";"Lung";"45-59";"Female";"2010";"21.47"
"Mortality";"Nuoro";"Lung";"45-59";"Female";"2011";"12.75"
"Mortality";"Nuoro";"Lung";"45-59";"Female";"2012";"20.98"
"Mortality";"Nuoro";"Lung";"45-59";"Female";"2013";"20.72"
"Mortality";"Nuoro";"Lung";"45-59";"Female";"2014";"12.29"
"Mortality";"Nuoro";"Lung";"45-59";"Female";"2015";"8.14"
"Mortality";"Nuoro";"Lung";"45-59";"Male";"2009";"47.68"
"Mortality";"Nuoro";"Lung";"45-59";"Male";"2010";"51.22"
"Mortality";"Nuoro";"Lung";"45-59";"Male";"2011";"37.93"
"Mortality";"Nuoro";"Lung";"45-59";"Male";"2012";"41.85"
"Mortality";"Nuoro";"Lung";"45-59";"Male";"2013";"45.40"
"Mortality";"Nuoro";"Lung";"45-59";"Male";"2014";"8.17"
"Mortality";"Nuoro";"Lung";"45-59";"Male";"2015";"24.37"
"Mortality";"Bergamo";"Lung";"45-59";"Female";"2009";"14.84"
"Mortality";"Bergamo";"Lung";"45-59";"Female";"2010";"25.29"
"Mortality";"Bergamo";"Lung";"45-59";"Female";"2011";"17.55"
"Mortality";"Bergamo";"Lung";"45-59";"Female";"2012";"21.73"
"Mortality";"Bergamo";"Lung";"45-59";"Female";"2013";"19.49"
"Mortality";"Bergamo";"Lung";"45-59";"Female";"2014";"23.89"
"Mortality";"Bergamo";"Lung";"45-59";"Female";"2015";"31.53"
"Mortality";"Bergamo";"Lung";"45-59";"Female";"2016";"20.71"
"Mortality";"Bergamo";"Lung";"45-59";"Female";"2017";"13.38"
"Mortality";"Bergamo";"Lung";"45-59";"Female";"2018";"20.22"
"Mortality";"Bergamo";"Lung";"45-59";"Male";"2009";"42.79"
"Mortality";"Bergamo";"Lung";"45-59";"Male";"2010";"39.11"
"Mortality";"Bergamo";"Lung";"45-59";"Male";"2011";"38.14"
"Mortality";"Bergamo";"Lung";"45-59";"Male";"2012";"37.92"
"Mortality";"Bergamo";"Lung";"45-59";"Male";"2013";"27.11"
"Mortality";"Bergamo";"Lung";"45-59";"Male";"2014";"32.61"
"Mortality";"Bergamo";"Lung";"45-59";"Male";"2015";"26.52"
"Mortality";"Bergamo";"Lung";"45-59";"Male";"2016";"28.42"
"Mortality";"Bergamo";"Lung";"45-59";"Male";"2017";"24.97"
"Mortality";"Bergamo";"Lung";"45-59";"Male";"2018";"22.36"
"Mortality";"Brescia";"Lung";"45-59";"Female";"2009";"21.74"
"Mortality";"Brescia";"Lung";"45-59";"Female";"2010";"18.59"
"Mortality";"Brescia";"Lung";"45-59";"Female";"2011";"20.49"
"Mortality";"Brescia";"Lung";"45-59";"Female";"2012";"23.65"
"Mortality";"Brescia";"Lung";"45-59";"Female";"2013";"16.44"
"Mortality";"Brescia";"Lung";"45-59";"Female";"2014";"20.68"
"Mortality";"Brescia";"Lung";"45-59";"Female";"2015";"19.47"
"Mortality";"Brescia";"Lung";"45-59";"Female";"2016";"16.82"
"Mortality";"Brescia";"Lung";"45-59";"Female";"2017";"17.34"
"Mortality";"Brescia";"Lung";"45-59";"Male";"2009";"43.42"
"Mortality";"Brescia";"Lung";"45-59";"Male";"2010";"43.39"
"Mortality";"Brescia";"Lung";"45-59";"Male";"2011";"39.01"
"Mortality";"Brescia";"Lung";"45-59";"Male";"2012";"36.64"
"Mortality";"Brescia";"Lung";"45-59";"Male";"2013";"30.68"
"Mortality";"Brescia";"Lung";"45-59";"Male";"2014";"35.76"
"Mortality";"Brescia";"Lung";"45-59";"Male";"2015";"34.93"
"Mortality";"Brescia";"Lung";"45-59";"Male";"2016";"21.62"
"Mortality";"Brescia";"Lung";"45-59";"Male";"2017";"23.50"
"Mortality";"Brescia";"Lung";"60-74";"Female";"2009";"34.91"
"Mortality";"Brescia";"Lung";"60-74";"Female";"2010";"57.08"
"Mortality";"Brescia";"Lung";"60-74";"Female";"2011";"58.23"
"Mortality";"Brescia";"Lung";"60-74";"Female";"2012";"48.74"
"Mortality";"Brescia";"Lung";"60-74";"Female";"2013";"65.08"
"Mortality";"Brescia";"Lung";"60-74";"Female";"2014";"66.78"
"Mortality";"Brescia";"Lung";"60-74";"Female";"2015";"68.72"
"Mortality";"Brescia";"Lung";"60-74";"Female";"2016";"58.25"
"Mortality";"Brescia";"Lung";"60-74";"Female";"2017";"72.21"
"Mortality";"Brescia";"Lung";"60-74";"Male";"2009";"267.38"
"Mortality";"Brescia";"Lung";"60-74";"Male";"2010";"252.88"
"Mortality";"Brescia";"Lung";"60-74";"Male";"2011";"257.75"
"Mortality";"Brescia";"Lung";"60-74";"Male";"2012";"225.20"
"Mortality";"Brescia";"Lung";"60-74";"Male";"2013";"231.35"
"Mortality";"Brescia";"Lung";"60-74";"Male";"2014";"237.69"
"Mortality";"Brescia";"Lung";"60-74";"Male";"2015";"195.25"
"Mortality";"Brescia";"Lung";"60-74";"Male";"2016";"183.44"
"Mortality";"Brescia";"Lung";"60-74";"Male";"2017";"200.02"
"Mortality";"Emilia-Romagna";"Lung";"60-74";"Male";"2009";"216.73"
"Mortality";"Emilia-Romagna";"Lung";"60-74";"Male";"2010";"209.83"
"Mortality";"Emilia-Romagna";"Lung";"60-74";"Male";"2011";"192.35"
"Mortality";"Emilia-Romagna";"Lung";"60-74";"Male";"2012";"201.29"
"Mortality";"Emilia-Romagna";"Lung";"60-74";"Male";"2013";"200.47"
"Mortality";"Emilia-Romagna";"Lung";"60-74";"Male";"2014";"182.01"
"Mortality";"Emilia-Romagna";"Lung";"60-74";"Male";"2015";"188.40"
"Mortality";"Emilia-Romagna";"Lung";"60-74";"Male";"2016";"186.81"
"Mortality";"Emilia-Romagna";"Lung";"60-74";"Male";"2017";"178.28"
"Mortality";"Emilia-Romagna";"Lung";"60-74";"Male";"2018";"166.21"
"Mortality";"Emilia-Romagna";"Lung";"60-74";"Male";"2019";"150.33"
"Mortality";"Emilia-Romagna";"Lung";"60-74";"Male";"2020";"153.66"
"Mortality";"Emilia-Romagna";"Lung";"60-74";"Female";"2009";"57.69"
"Mortality";"Emilia-Romagna";"Lung";"60-74";"Female";"2010";"65.33"
"Mortality";"Emilia-Romagna";"Lung";"60-74";"Female";"2011";"62.78"
"Mortality";"Emilia-Romagna";"Lung";"60-74";"Female";"2012";"75.47"
"Mortality";"Emilia-Romagna";"Lung";"60-74";"Female";"2013";"75.84"
"Mortality";"Emilia-Romagna";"Lung";"60-74";"Female";"2014";"73.75"
"Mortality";"Emilia-Romagna";"Lung";"60-74";"Female";"2015";"79.09"
"Mortality";"Emilia-Romagna";"Lung";"60-74";"Female";"2016";"68.31"
"Mortality";"Emilia-Romagna";"Lung";"60-74";"Female";"2017";"75.82"
"Mortality";"Emilia-Romagna";"Lung";"60-74";"Female";"2018";"78.27"
"Mortality";"Emilia-Romagna";"Lung";"60-74";"Female";"2019";"81.51"
"Mortality";"Emilia-Romagna";"Lung";"60-74";"Female";"2020";"73.48"
"Mortality";"Bergamo";"Lung";"60-74";"Female";"2009";"74.83"
"Mortality";"Bergamo";"Lung";"60-74";"Female";"2010";"74.56"
"Mortality";"Bergamo";"Lung";"60-74";"Female";"2011";"87.88"
"Mortality";"Bergamo";"Lung";"60-74";"Female";"2012";"82.96"
"Mortality";"Bergamo";"Lung";"60-74";"Female";"2013";"81.01"
"Mortality";"Bergamo";"Lung";"60-74";"Female";"2014";"61.78"
"Mortality";"Bergamo";"Lung";"60-74";"Female";"2015";"80.14"
"Mortality";"Bergamo";"Lung";"60-74";"Female";"2016";"74.37"
"Mortality";"Bergamo";"Lung";"60-74";"Female";"2017";"64.65"
"Mortality";"Bergamo";"Lung";"60-74";"Female";"2018";"78.91"
"Mortality";"Nuoro";"Lung";"60-74";"Female";"2009";"21.00"
"Mortality";"Nuoro";"Lung";"60-74";"Female";"2010";"31.41"
"Mortality";"Nuoro";"Lung";"60-74";"Female";"2011";"36.29"
"Mortality";"Nuoro";"Lung";"60-74";"Female";"2012";"5.20"
"Mortality";"Nuoro";"Lung";"60-74";"Female";"2013";"51.61"
"Mortality";"Nuoro";"Lung";"60-74";"Female";"2014";"20.55"
"Mortality";"Nuoro";"Lung";"60-74";"Female";"2015";"56.01"
"Mortality";"Nuoro";"Lung";"60-74";"Male";"2009";"218.10"
"Mortality";"Nuoro";"Lung";"60-74";"Male";"2010";"191.72"
"Mortality";"Nuoro";"Lung";"60-74";"Male";"2011";"200.06"
"Mortality";"Nuoro";"Lung";"60-74";"Male";"2012";"233.47"
"Mortality";"Nuoro";"Lung";"60-74";"Male";"2013";"182.33"
"Mortality";"Nuoro";"Lung";"60-74";"Male";"2014";"135.44"
"Mortality";"Nuoro";"Lung";"60-74";"Male";"2015";"194.29"
"Mortality";"Bergamo";"Lung";"60-74";"Male";"2009";"275.08"
"Mortality";"Bergamo";"Lung";"60-74";"Male";"2010";"251.95"
"Mortality";"Bergamo";"Lung";"60-74";"Male";"2011";"211.31"
"Mortality";"Bergamo";"Lung";"60-74";"Male";"2012";"253.20"
"Mortality";"Bergamo";"Lung";"60-74";"Male";"2013";"229.03"
"Mortality";"Bergamo";"Lung";"60-74";"Male";"2014";"184.68"
"Mortality";"Bergamo";"Lung";"60-74";"Male";"2015";"218.95"
"Mortality";"Bergamo";"Lung";"60-74";"Male";"2016";"167.92"
"Mortality";"Bergamo";"Lung";"60-74";"Male";"2017";"185.93"
"Mortality";"Bergamo";"Lung";"60-74";"Male";"2018";"177.61"
"Mortality";"Emilia-Romagna";"Lung";"75-85+";"Female";"2009";"111.64"
"Mortality";"Emilia-Romagna";"Lung";"75-85+";"Female";"2010";"111.74"
"Mortality";"Emilia-Romagna";"Lung";"75-85+";"Female";"2011";"126.24"
"Mortality";"Emilia-Romagna";"Lung";"75-85+";"Female";"2012";"112.90"
"Mortality";"Emilia-Romagna";"Lung";"75-85+";"Female";"2013";"122.85"
"Mortality";"Emilia-Romagna";"Lung";"75-85+";"Female";"2014";"112.28"
"Mortality";"Emilia-Romagna";"Lung";"75-85+";"Female";"2015";"129.47"
"Mortality";"Emilia-Romagna";"Lung";"75-85+";"Female";"2016";"116.25"
"Mortality";"Emilia-Romagna";"Lung";"75-85+";"Female";"2017";"129.08"
"Mortality";"Emilia-Romagna";"Lung";"75-85+";"Female";"2018";"128.32"
"Mortality";"Emilia-Romagna";"Lung";"75-85+";"Female";"2019";"138.65"
"Mortality";"Emilia-Romagna";"Lung";"75-85+";"Female";"2020";"137.86"
"Mortality";"Emilia-Romagna";"Lung";"75-85+";"Male";"2009";"517.20"
"Mortality";"Emilia-Romagna";"Lung";"75-85+";"Male";"2010";"464.43"
"Mortality";"Emilia-Romagna";"Lung";"75-85+";"Male";"2011";"495.12"
"Mortality";"Emilia-Romagna";"Lung";"75-85+";"Male";"2012";"450.69"
"Mortality";"Emilia-Romagna";"Lung";"75-85+";"Male";"2013";"444.94"
"Mortality";"Emilia-Romagna";"Lung";"75-85+";"Male";"2014";"439.53"
"Mortality";"Emilia-Romagna";"Lung";"75-85+";"Male";"2015";"452.19"
"Mortality";"Emilia-Romagna";"Lung";"75-85+";"Male";"2016";"413.25"
"Mortality";"Emilia-Romagna";"Lung";"75-85+";"Male";"2017";"428.24"
"Mortality";"Emilia-Romagna";"Lung";"75-85+";"Male";"2018";"367.42"
"Mortality";"Emilia-Romagna";"Lung";"75-85+";"Male";"2019";"395.72"
"Mortality";"Emilia-Romagna";"Lung";"75-85+";"Male";"2020";"364.85"
"Mortality";"Bergamo";"Lung";"75-85+";"Female";"2009";"144.78"
"Mortality";"Bergamo";"Lung";"75-85+";"Female";"2010";"132.66"
"Mortality";"Bergamo";"Lung";"75-85+";"Female";"2011";"118.86"
"Mortality";"Bergamo";"Lung";"75-85+";"Female";"2012";"140.72"
"Mortality";"Bergamo";"Lung";"75-85+";"Female";"2013";"164.30"
"Mortality";"Bergamo";"Lung";"75-85+";"Female";"2014";"131.54"
"Mortality";"Bergamo";"Lung";"75-85+";"Female";"2015";"149.63"
"Mortality";"Bergamo";"Lung";"75-85+";"Female";"2016";"141.29"
"Mortality";"Bergamo";"Lung";"75-85+";"Female";"2017";"138.36"
"Mortality";"Bergamo";"Lung";"75-85+";"Female";"2018";"153.78"
"Mortality";"Bergamo";"Lung";"75-85+";"Male";"2009";"650.61"
"Mortality";"Bergamo";"Lung";"75-85+";"Male";"2010";"677.66"
"Mortality";"Bergamo";"Lung";"75-85+";"Male";"2011";"619.63"
"Mortality";"Bergamo";"Lung";"75-85+";"Male";"2012";"560.04"
"Mortality";"Bergamo";"Lung";"75-85+";"Male";"2013";"504.87"
"Mortality";"Bergamo";"Lung";"75-85+";"Male";"2014";"523.49"
"Mortality";"Bergamo";"Lung";"75-85+";"Male";"2015";"524.04"
"Mortality";"Bergamo";"Lung";"75-85+";"Male";"2016";"513.69"
"Mortality";"Bergamo";"Lung";"75-85+";"Male";"2017";"513.72"
"Mortality";"Bergamo";"Lung";"75-85+";"Male";"2018";"486.00"
"Mortality";"Brescia";"Lung";"75-85+";"Male";"2009";"557.06"
"Mortality";"Brescia";"Lung";"75-85+";"Male";"2010";"524.57"
"Mortality";"Brescia";"Lung";"75-85+";"Male";"2011";"695.35"
"Mortality";"Brescia";"Lung";"75-85+";"Male";"2012";"574.74"
"Mortality";"Brescia";"Lung";"75-85+";"Male";"2013";"550.86"
"Mortality";"Brescia";"Lung";"75-85+";"Male";"2014";"498.64"
"Mortality";"Brescia";"Lung";"75-85+";"Male";"2015";"505.64"
"Mortality";"Brescia";"Lung";"75-85+";"Male";"2016";"512.27"
"Mortality";"Brescia";"Lung";"75-85+";"Male";"2017";"461.09"
"Mortality";"Brescia";"Lung";"75-85+";"Female";"2009";"105.37"
"Mortality";"Brescia";"Lung";"75-85+";"Female";"2010";"133.27"
"Mortality";"Brescia";"Lung";"75-85+";"Female";"2011";"135.55"
"Mortality";"Brescia";"Lung";"75-85+";"Female";"2012";"134.51"
"Mortality";"Brescia";"Lung";"75-85+";"Female";"2013";"136.19"
"Mortality";"Brescia";"Lung";"75-85+";"Female";"2014";"133.08"
"Mortality";"Brescia";"Lung";"75-85+";"Female";"2015";"144.17"
"Mortality";"Brescia";"Lung";"75-85+";"Female";"2016";"137.16"
"Mortality";"Brescia";"Lung";"75-85+";"Female";"2017";"109.15"
"Mortality";"Nuoro";"Lung";"75-85+";"Male";"2009";"308.68"
"Mortality";"Nuoro";"Lung";"75-85+";"Male";"2010";"288.32"
"Mortality";"Nuoro";"Lung";"75-85+";"Male";"2011";"294.46"
"Mortality";"Nuoro";"Lung";"75-85+";"Male";"2012";"216.87"
"Mortality";"Nuoro";"Lung";"75-85+";"Male";"2013";"409.46"
"Mortality";"Nuoro";"Lung";"75-85+";"Male";"2014";"319.17"
"Mortality";"Nuoro";"Lung";"75-85+";"Male";"2015";"365.75"
"Mortality";"Nuoro";"Lung";"75-85+";"Female";"2009";"77.90"
"Mortality";"Nuoro";"Lung";"75-85+";"Female";"2010";"83.81"
"Mortality";"Nuoro";"Lung";"75-85+";"Female";"2011";"52.11"
"Mortality";"Nuoro";"Lung";"75-85+";"Female";"2012";"50.70"
"Mortality";"Nuoro";"Lung";"75-85+";"Female";"2013";"71.57"
"Mortality";"Nuoro";"Lung";"75-85+";"Female";"2014";"83.32"
"Mortality";"Nuoro";"Lung";"75-85+";"Female";"2015";"54.15"
"Mortality";"Reggio Calabria";"Lung";"0-14";"Male";"2010";"0.00"
"Mortality";"Reggio Calabria";"Lung";"0-14";"Male";"2011";"0.00"
"Mortality";"Reggio Calabria";"Lung";"0-14";"Male";"2012";"2.37"
"Mortality";"Reggio Calabria";"Lung";"0-14";"Male";"2013";"0.00"
"Mortality";"Reggio Calabria";"Lung";"0-14";"Male";"2014";"0.00"
"Mortality";"Reggio Calabria";"Lung";"0-14";"Male";"2015";"0.00"
"Mortality";"Reggio Calabria";"Lung";"0-14";"Male";"2016";"0.00"
"Mortality";"Reggio Calabria";"Lung";"0-14";"Male";"2017";"0.00"
"Mortality";"Reggio Calabria";"Lung";"0-14";"Male";"2018";"0.00"
"Incidence";"Benevento";"Lung";"0-14";"Female";"2010";"0.00"
"Incidence";"Benevento";"Lung";"0-14";"Female";"2011";"0.00"
"Incidence";"Benevento";"Lung";"0-14";"Female";"2012";"0.00"
"Incidence";"Benevento";"Lung";"0-14";"Female";"2013";"0.00"
"Incidence";"Benevento";"Lung";"0-14";"Female";"2014";"0.00"
"Incidence";"Benevento";"Lung";"0-14";"Female";"2015";"0.00"
"Incidence";"Benevento";"Lung";"0-14";"Female";"2016";"0.00"
"Mortality";"Marche";"Lung";"0-14";"Male";"2010";"0.00"
"Mortality";"Marche";"Lung";"0-14";"Male";"2011";"0.00"
"Mortality";"Marche";"Lung";"0-14";"Male";"2012";"0.00"
"Mortality";"Marche";"Lung";"0-14";"Male";"2013";"0.00"
"Mortality";"Marche";"Lung";"0-14";"Male";"2014";"0.00"
"Mortality";"Marche";"Lung";"0-14";"Male";"2015";"0.00"
"Mortality";"Marche";"Lung";"0-14";"Male";"2016";"0.00"
"Incidence";"Salerno";"Lung";"0-14";"Female";"2010";"0.00"
"Incidence";"Salerno";"Lung";"0-14";"Female";"2011";"0.00"
"Incidence";"Salerno";"Lung";"0-14";"Female";"2012";"0.00"
"Incidence";"Salerno";"Lung";"0-14";"Female";"2013";"0.00"
"Incidence";"Salerno";"Lung";"0-14";"Female";"2014";"0.00"
"Incidence";"Salerno";"Lung";"0-14";"Female";"2015";"0.00"
"Incidence";"Salerno";"Lung";"0-14";"Female";"2016";"0.00"
"Incidence";"Reggio Calabria";"Lung";"0-14";"Male";"2010";"0.00"
"Incidence";"Reggio Calabria";"Lung";"0-14";"Male";"2011";"0.00"
"Incidence";"Reggio Calabria";"Lung";"0-14";"Male";"2012";"0.00"
"Incidence";"Reggio Calabria";"Lung";"0-14";"Male";"2013";"0.00"
"Incidence";"Reggio Calabria";"Lung";"0-14";"Male";"2014";"0.00"
"Incidence";"Reggio Calabria";"Lung";"0-14";"Male";"2015";"0.00"
"Incidence";"Reggio Calabria";"Lung";"0-14";"Male";"2016";"0.00"
"Incidence";"Reggio Calabria";"Lung";"0-14";"Male";"2017";"0.00"
"Incidence";"Reggio Calabria";"Lung";"0-14";"Male";"2018";"0.00"
"Incidence";"Salerno";"Lung";"0-14";"Male";"2010";"0.00"
"Incidence";"Salerno";"Lung";"0-14";"Male";"2011";"0.00"
"Incidence";"Salerno";"Lung";"0-14";"Male";"2012";"0.00"
"Incidence";"Salerno";"Lung";"0-14";"Male";"2013";"0.00"
"Incidence";"Salerno";"Lung";"0-14";"Male";"2014";"0.00"
"Incidence";"Salerno";"Lung";"0-14";"Male";"2015";"0.00"
"Incidence";"Salerno";"Lung";"0-14";"Male";"2016";"0.00"
"Incidence";"Avellino";"Lung";"0-14";"Male";"2010";"0.00"
"Incidence";"Avellino";"Lung";"0-14";"Male";"2011";"0.00"
"Incidence";"Avellino";"Lung";"0-14";"Male";"2012";"0.00"
"Incidence";"Avellino";"Lung";"0-14";"Male";"2013";"0.00"
"Incidence";"Avellino";"Lung";"0-14";"Male";"2014";"0.00"
"Incidence";"Avellino";"Lung";"0-14";"Male";"2015";"0.00"
"Incidence";"Avellino";"Lung";"0-14";"Female";"2010";"3.33"
"Incidence";"Avellino";"Lung";"0-14";"Female";"2011";"0.00"
"Incidence";"Avellino";"Lung";"0-14";"Female";"2012";"0.00"
"Incidence";"Avellino";"Lung";"0-14";"Female";"2013";"0.00"
"Incidence";"Avellino";"Lung";"0-14";"Female";"2014";"0.00"
"Incidence";"Avellino";"Lung";"0-14";"Female";"2015";"0.00"
"Incidence";"Reggio Calabria";"Lung";"0-14";"Female";"2010";"0.00"
"Incidence";"Reggio Calabria";"Lung";"0-14";"Female";"2011";"0.00"
"Incidence";"Reggio Calabria";"Lung";"0-14";"Female";"2012";"0.00"
"Incidence";"Reggio Calabria";"Lung";"0-14";"Female";"2013";"0.00"
"Incidence";"Reggio Calabria";"Lung";"0-14";"Female";"2014";"0.00"
"Incidence";"Reggio Calabria";"Lung";"0-14";"Female";"2015";"0.00"
"Incidence";"Reggio Calabria";"Lung";"0-14";"Female";"2016";"0.00"
"Incidence";"Reggio Calabria";"Lung";"0-14";"Female";"2017";"0.00"
"Incidence";"Reggio Calabria";"Lung";"0-14";"Female";"2018";"0.00"
"Incidence";"Naples North";"Lung";"0-14";"Female";"2010";"0.00"
"Incidence";"Naples North";"Lung";"0-14";"Female";"2011";"0.00"
"Incidence";"Naples North";"Lung";"0-14";"Female";"2012";"0.00"
"Incidence";"Naples North";"Lung";"0-14";"Female";"2013";"0.00"
"Incidence";"Naples North";"Lung";"0-14";"Female";"2014";"0.00"
"Incidence";"Naples North";"Lung";"0-14";"Female";"2015";"0.00"
"Incidence";"Naples North";"Lung";"0-14";"Female";"2016";"0.00"
"Mortality";"Marche";"Lung";"0-14";"Female";"2010";"0.00"
"Mortality";"Marche";"Lung";"0-14";"Female";"2011";"0.00"
"Mortality";"Marche";"Lung";"0-14";"Female";"2012";"0.00"
"Mortality";"Marche";"Lung";"0-14";"Female";"2013";"0.00"
"Mortality";"Marche";"Lung";"0-14";"Female";"2014";"0.00"
"Mortality";"Marche";"Lung";"0-14";"Female";"2015";"0.00"
"Mortality";"Marche";"Lung";"0-14";"Female";"2016";"0.00"
"Incidence";"Naples North";"Lung";"0-14";"Male";"2010";"0.00"
"Incidence";"Naples North";"Lung";"0-14";"Male";"2011";"0.00"
"Incidence";"Naples North";"Lung";"0-14";"Male";"2012";"0.00"
"Incidence";"Naples North";"Lung";"0-14";"Male";"2013";"0.00"
"Incidence";"Naples North";"Lung";"0-14";"Male";"2014";"0.00"
"Incidence";"Naples North";"Lung";"0-14";"Male";"2015";"0.00"
"Incidence";"Naples North";"Lung";"0-14";"Male";"2016";"0.00"
"Incidence";"Naples Center";"Lung";"0-14";"Female";"2010";"0.00"
"Incidence";"Naples Center";"Lung";"0-14";"Female";"2011";"0.00"
"Incidence";"Naples Center";"Lung";"0-14";"Female";"2012";"0.00"
"Incidence";"Naples Center";"Lung";"0-14";"Female";"2013";"0.00"
"Incidence";"Naples Center";"Lung";"0-14";"Female";"2014";"0.00"
"Incidence";"Naples Center";"Lung";"0-14";"Female";"2015";"1.39"
"Incidence";"Naples Center";"Lung";"0-14";"Male";"2010";"0.00"
"Incidence";"Naples Center";"Lung";"0-14";"Male";"2011";"0.00"
"Incidence";"Naples Center";"Lung";"0-14";"Male";"2012";"0.00"
"Incidence";"Naples Center";"Lung";"0-14";"Male";"2013";"0.00"
"Incidence";"Naples Center";"Lung";"0-14";"Male";"2014";"0.00"
"Incidence";"Naples Center";"Lung";"0-14";"Male";"2015";"0.00"
"Incidence";"Marche";"Lung";"0-14";"Female";"2010";"0.00"
"Incidence";"Marche";"Lung";"0-14";"Female";"2011";"0.00"
"Incidence";"Marche";"Lung";"0-14";"Female";"2012";"0.00"
"Incidence";"Marche";"Lung";"0-14";"Female";"2013";"0.00"
"Incidence";"Marche";"Lung";"0-14";"Female";"2014";"0.00"
"Incidence";"Marche";"Lung";"0-14";"Female";"2015";"0.00"
"Incidence";"Marche";"Lung";"0-14";"Female";"2016";"0.00"
"Mortality";"Naples Center";"Lung";"0-14";"Male";"2010";"0.00"
"Mortality";"Naples Center";"Lung";"0-14";"Male";"2011";"0.00"
"Mortality";"Naples Center";"Lung";"0-14";"Male";"2012";"0.00"
"Mortality";"Naples Center";"Lung";"0-14";"Male";"2013";"0.00"
"Mortality";"Naples Center";"Lung";"0-14";"Male";"2014";"0.00"
"Mortality";"Naples Center";"Lung";"0-14";"Male";"2015";"0.00"
"Mortality";"Naples Center";"Lung";"0-14";"Female";"2010";"0.00"
"Mortality";"Naples Center";"Lung";"0-14";"Female";"2011";"0.00"
"Mortality";"Naples Center";"Lung";"0-14";"Female";"2012";"0.00"
"Mortality";"Naples Center";"Lung";"0-14";"Female";"2013";"0.00"
"Mortality";"Naples Center";"Lung";"0-14";"Female";"2014";"0.00"
"Mortality";"Naples Center";"Lung";"0-14";"Female";"2015";"0.00"
"Incidence";"Benevento";"Lung";"0-14";"Male";"2010";"0.00"
"Incidence";"Benevento";"Lung";"0-14";"Male";"2011";"0.00"
"Incidence";"Benevento";"Lung";"0-14";"Male";"2012";"0.00"
"Incidence";"Benevento";"Lung";"0-14";"Male";"2013";"0.00"
"Incidence";"Benevento";"Lung";"0-14";"Male";"2014";"0.00"
"Incidence";"Benevento";"Lung";"0-14";"Male";"2015";"0.00"
"Incidence";"Benevento";"Lung";"0-14";"Male";"2016";"0.00"
"Incidence";"Marche";"Lung";"0-14";"Male";"2010";"0.00"
"Incidence";"Marche";"Lung";"0-14";"Male";"2011";"0.00"
"Incidence";"Marche";"Lung";"0-14";"Male";"2012";"0.00"
"Incidence";"Marche";"Lung";"0-14";"Male";"2013";"0.00"
"Incidence";"Marche";"Lung";"0-14";"Male";"2014";"0.00"
"Incidence";"Marche";"Lung";"0-14";"Male";"2015";"0.00"
"Incidence";"Marche";"Lung";"0-14";"Male";"2016";"0.00"
"Mortality";"Reggio Calabria";"Lung";"0-14";"Female";"2010";"0.00"
"Mortality";"Reggio Calabria";"Lung";"0-14";"Female";"2011";"0.00"
"Mortality";"Reggio Calabria";"Lung";"0-14";"Female";"2012";"0.00"
"Mortality";"Reggio Calabria";"Lung";"0-14";"Female";"2013";"0.00"
"Mortality";"Reggio Calabria";"Lung";"0-14";"Female";"2014";"0.00"
"Mortality";"Reggio Calabria";"Lung";"0-14";"Female";"2015";"0.00"
"Mortality";"Reggio Calabria";"Lung";"0-14";"Female";"2016";"0.00"
"Mortality";"Reggio Calabria";"Lung";"0-14";"Female";"2017";"0.00"
"Mortality";"Reggio Calabria";"Lung";"0-14";"Female";"2018";"0.00"
"Mortality";"Veneto";"Lung";"0-14";"Male";"2010";"0.00"
"Mortality";"Veneto";"Lung";"0-14";"Male";"2011";"0.00"
"Mortality";"Veneto";"Lung";"0-14";"Male";"2012";"0.00"
"Mortality";"Veneto";"Lung";"0-14";"Male";"2013";"0.00"
"Mortality";"Veneto";"Lung";"0-14";"Male";"2014";"0.28"
"Mortality";"Veneto";"Lung";"0-14";"Male";"2015";"0.00"
"Mortality";"Veneto";"Lung";"0-14";"Male";"2016";"0.00"
"Mortality";"Veneto";"Lung";"0-14";"Male";"2017";"0.00"
"Mortality";"Veneto";"Lung";"0-14";"Male";"2018";"0.00"
"Mortality";"Veneto";"Lung";"0-14";"Male";"2019";"0.00"
"Mortality";"Veneto";"Lung";"0-14";"Male";"2020";"0.00"
"Mortality";"Veneto";"Lung";"0-14";"Male";"2021";"0.00"
"Mortality";"Veneto";"Lung";"0-14";"Female";"2010";"0.00"
"Mortality";"Veneto";"Lung";"0-14";"Female";"2011";"0.00"
"Mortality";"Veneto";"Lung";"0-14";"Female";"2012";"0.00"
"Mortality";"Veneto";"Lung";"0-14";"Female";"2013";"0.00"
"Mortality";"Veneto";"Lung";"0-14";"Female";"2014";"0.00"
"Mortality";"Veneto";"Lung";"0-14";"Female";"2015";"0.00"
"Mortality";"Veneto";"Lung";"0-14";"Female";"2016";"0.00"
"Mortality";"Veneto";"Lung";"0-14";"Female";"2017";"0.00"
"Mortality";"Veneto";"Lung";"0-14";"Female";"2018";"0.00"
"Mortality";"Veneto";"Lung";"0-14";"Female";"2019";"0.00"
"Mortality";"Veneto";"Lung";"0-14";"Female";"2020";"0.00"
"Mortality";"Veneto";"Lung";"0-14";"Female";"2021";"0.00"
"Mortality";"Reggio Calabria";"Lung";"15-29";"Male";"2010";"0.00"
"Mortality";"Reggio Calabria";"Lung";"15-29";"Male";"2011";"0.00"
"Mortality";"Reggio Calabria";"Lung";"15-29";"Male";"2012";"0.00"
"Mortality";"Reggio Calabria";"Lung";"15-29";"Male";"2013";"0.00"
"Mortality";"Reggio Calabria";"Lung";"15-29";"Male";"2014";"0.00"
"Mortality";"Reggio Calabria";"Lung";"15-29";"Male";"2015";"1.97"
"Mortality";"Reggio Calabria";"Lung";"15-29";"Male";"2016";"0.00"
"Mortality";"Reggio Calabria";"Lung";"15-29";"Male";"2017";"0.00"
"Mortality";"Reggio Calabria";"Lung";"15-29";"Male";"2018";"0.00"
"Mortality";"Reggio Calabria";"Lung";"15-29";"Female";"2010";"0.00"
"Mortality";"Reggio Calabria";"Lung";"15-29";"Female";"2011";"0.00"
"Mortality";"Reggio Calabria";"Lung";"15-29";"Female";"2012";"0.00"
"Mortality";"Reggio Calabria";"Lung";"15-29";"Female";"2013";"0.00"
"Mortality";"Reggio Calabria";"Lung";"15-29";"Female";"2014";"0.00"
"Mortality";"Reggio Calabria";"Lung";"15-29";"Female";"2015";"0.00"
"Mortality";"Reggio Calabria";"Lung";"15-29";"Female";"2016";"0.00"
"Mortality";"Reggio Calabria";"Lung";"15-29";"Female";"2017";"2.11"
"Mortality";"Reggio Calabria";"Lung";"15-29";"Female";"2018";"0.00"
"Incidence";"Marche";"Lung";"15-29";"Female";"2010";"0.00"
"Incidence";"Marche";"Lung";"15-29";"Female";"2011";"0.00"
"Incidence";"Marche";"Lung";"15-29";"Female";"2012";"0.89"
"Incidence";"Marche";"Lung";"15-29";"Female";"2013";"0.00"
"Incidence";"Marche";"Lung";"15-29";"Female";"2014";"0.00"
"Incidence";"Marche";"Lung";"15-29";"Female";"2015";"0.00"
"Incidence";"Marche";"Lung";"15-29";"Female";"2016";"0.93"
"Incidence";"Benevento";"Lung";"15-29";"Female";"2010";"0.00"
"Incidence";"Benevento";"Lung";"15-29";"Female";"2011";"0.00"
"Incidence";"Benevento";"Lung";"15-29";"Female";"2012";"3.99"
"Incidence";"Benevento";"Lung";"15-29";"Female";"2013";"0.00"
"Incidence";"Benevento";"Lung";"15-29";"Female";"2014";"0.00"
"Incidence";"Benevento";"Lung";"15-29";"Female";"2015";"0.00"
"Incidence";"Benevento";"Lung";"15-29";"Female";"2016";"0.00"
"Mortality";"Naples Center";"Lung";"15-29";"Male";"2010";"0.00"
"Mortality";"Naples Center";"Lung";"15-29";"Male";"2011";"0.00"
"Mortality";"Naples Center";"Lung";"15-29";"Male";"2012";"0.00"
"Mortality";"Naples Center";"Lung";"15-29";"Male";"2013";"0.00"
"Mortality";"Naples Center";"Lung";"15-29";"Male";"2014";"0.00"
"Mortality";"Naples Center";"Lung";"15-29";"Male";"2015";"0.00"
"Incidence";"Naples North";"Lung";"15-29";"Female";"2010";"0.00"
"Incidence";"Naples North";"Lung";"15-29";"Female";"2011";"0.93"
"Incidence";"Naples North";"Lung";"15-29";"Female";"2012";"0.00"
"Incidence";"Naples North";"Lung";"15-29";"Female";"2013";"0.00"
"Incidence";"Naples North";"Lung";"15-29";"Female";"2014";"1.92"
"Incidence";"Naples North";"Lung";"15-29";"Female";"2015";"0.00"
"Incidence";"Naples North";"Lung";"15-29";"Female";"2016";"1.96"
"Incidence";"Salerno";"Lung";"15-29";"Female";"2010";"0.00"
"Incidence";"Salerno";"Lung";"15-29";"Female";"2011";"0.99"
"Incidence";"Salerno";"Lung";"15-29";"Female";"2012";"0.00"
"Incidence";"Salerno";"Lung";"15-29";"Female";"2013";"1.01"
"Incidence";"Salerno";"Lung";"15-29";"Female";"2014";"0.00"
"Incidence";"Salerno";"Lung";"15-29";"Female";"2015";"1.05"
"Incidence";"Salerno";"Lung";"15-29";"Female";"2016";"1.06"
"Incidence";"Naples Center";"Lung";"15-29";"Female";"2010";"0.00"
"Incidence";"Naples Center";"Lung";"15-29";"Female";"2011";"0.00"
"Incidence";"Naples Center";"Lung";"15-29";"Female";"2012";"0.00"
"Incidence";"Naples Center";"Lung";"15-29";"Female";"2013";"0.00"
"Incidence";"Naples Center";"Lung";"15-29";"Female";"2014";"0.00"
"Incidence";"Naples Center";"Lung";"15-29";"Female";"2015";"1.15"
"Incidence";"Salerno";"Lung";"15-29";"Male";"2010";"0.00"
"Incidence";"Salerno";"Lung";"15-29";"Male";"2011";"0.95"
"Incidence";"Salerno";"Lung";"15-29";"Male";"2012";"0.00"
"Incidence";"Salerno";"Lung";"15-29";"Male";"2013";"0.00"
"Incidence";"Salerno";"Lung";"15-29";"Male";"2014";"0.00"
"Incidence";"Salerno";"Lung";"15-29";"Male";"2015";"0.00"
"Incidence";"Salerno";"Lung";"15-29";"Male";"2016";"1.01"
"Mortality";"Veneto";"Lung";"15-29";"Male";"2010";"0.53"
"Mortality";"Veneto";"Lung";"15-29";"Male";"2011";"0.00"
"Mortality";"Veneto";"Lung";"15-29";"Male";"2012";"0.00"
"Mortality";"Veneto";"Lung";"15-29";"Male";"2013";"0.29"
"Mortality";"Veneto";"Lung";"15-29";"Male";"2014";"0.56"
"Mortality";"Veneto";"Lung";"15-29";"Male";"2015";"0.00"
"Mortality";"Veneto";"Lung";"15-29";"Male";"2016";"0.00"
"Mortality";"Veneto";"Lung";"15-29";"Male";"2017";"0.00"
"Mortality";"Veneto";"Lung";"15-29";"Male";"2018";"0.27"
"Mortality";"Veneto";"Lung";"15-29";"Male";"2019";"0.00"
"Mortality";"Veneto";"Lung";"15-29";"Male";"2020";"0.27"
"Mortality";"Veneto";"Lung";"15-29";"Male";"2021";"0.00"
"Incidence";"Reggio Calabria";"Lung";"15-29";"Male";"2010";"1.83"
"Incidence";"Reggio Calabria";"Lung";"15-29";"Male";"2011";"0.00"
"Incidence";"Reggio Calabria";"Lung";"15-29";"Male";"2012";"0.00"
"Incidence";"Reggio Calabria";"Lung";"15-29";"Male";"2013";"0.00"
"Incidence";"Reggio Calabria";"Lung";"15-29";"Male";"2014";"0.00"
"Incidence";"Reggio Calabria";"Lung";"15-29";"Male";"2015";"0.00"
"Incidence";"Reggio Calabria";"Lung";"15-29";"Male";"2016";"0.00"
"Incidence";"Reggio Calabria";"Lung";"15-29";"Male";"2017";"0.00"
"Incidence";"Reggio Calabria";"Lung";"15-29";"Male";"2018";"0.00"
"Incidence";"Naples Center";"Lung";"15-29";"Male";"2010";"1.07"
"Incidence";"Naples Center";"Lung";"15-29";"Male";"2011";"0.00"
"Incidence";"Naples Center";"Lung";"15-29";"Male";"2012";"0.00"
"Incidence";"Naples Center";"Lung";"15-29";"Male";"2013";"0.00"
"Incidence";"Naples Center";"Lung";"15-29";"Male";"2014";"0.00"
"Incidence";"Naples Center";"Lung";"15-29";"Male";"2015";"0.00"
"Mortality";"Naples Center";"Lung";"15-29";"Female";"2010";"0.00"
"Mortality";"Naples Center";"Lung";"15-29";"Female";"2011";"0.00"
"Mortality";"Naples Center";"Lung";"15-29";"Female";"2012";"0.00"
"Mortality";"Naples Center";"Lung";"15-29";"Female";"2013";"0.00"
"Mortality";"Naples Center";"Lung";"15-29";"Female";"2014";"0.00"
"Mortality";"Naples Center";"Lung";"15-29";"Female";"2015";"0.00"
"Incidence";"Marche";"Lung";"15-29";"Male";"2010";"0.00"
"Incidence";"Marche";"Lung";"15-29";"Male";"2011";"0.00"
"Incidence";"Marche";"Lung";"15-29";"Male";"2012";"0.00"
"Incidence";"Marche";"Lung";"15-29";"Male";"2013";"4.35"
"Incidence";"Marche";"Lung";"15-29";"Male";"2014";"0.00"
"Incidence";"Marche";"Lung";"15-29";"Male";"2015";"0.88"
"Incidence";"Marche";"Lung";"15-29";"Male";"2016";"0.89"
"Incidence";"Avellino";"Lung";"15-29";"Male";"2010";"0.00"
"Incidence";"Avellino";"Lung";"15-29";"Male";"2011";"0.00"
"Incidence";"Avellino";"Lung";"15-29";"Male";"2012";"0.00"
"Incidence";"Avellino";"Lung";"15-29";"Male";"2013";"0.00"
"Incidence";"Avellino";"Lung";"15-29";"Male";"2014";"2.56"
"Incidence";"Avellino";"Lung";"15-29";"Male";"2015";"0.00"
"Incidence";"Avellino";"Lung";"15-29";"Female";"2010";"0.00"
"Incidence";"Avellino";"Lung";"15-29";"Female";"2011";"0.00"
"Incidence";"Avellino";"Lung";"15-29";"Female";"2012";"2.59"
"Incidence";"Avellino";"Lung";"15-29";"Female";"2013";"0.00"
"Incidence";"Avellino";"Lung";"15-29";"Female";"2014";"0.00"
"Incidence";"Avellino";"Lung";"15-29";"Female";"2015";"0.00"
"Incidence";"Reggio Calabria";"Lung";"15-29";"Female";"2010";"0.00"
"Incidence";"Reggio Calabria";"Lung";"15-29";"Female";"2011";"0.00"
"Incidence";"Reggio Calabria";"Lung";"15-29";"Female";"2012";"0.00"
"Incidence";"Reggio Calabria";"Lung";"15-29";"Female";"2013";"0.00"
"Incidence";"Reggio Calabria";"Lung";"15-29";"Female";"2014";"0.00"
"Incidence";"Reggio Calabria";"Lung";"15-29";"Female";"2015";"0.00"
"Incidence";"Reggio Calabria";"Lung";"15-29";"Female";"2016";"2.07"
"Incidence";"Reggio Calabria";"Lung";"15-29";"Female";"2017";"0.00"
"Incidence";"Reggio Calabria";"Lung";"15-29";"Female";"2018";"0.00"
"Incidence";"Naples North";"Lung";"15-29";"Male";"2010";"0.92"
"Incidence";"Naples North";"Lung";"15-29";"Male";"2011";"0.00"
"Incidence";"Naples North";"Lung";"15-29";"Male";"2012";"0.00"
"Incidence";"Naples North";"Lung";"15-29";"Male";"2013";"1.87"
"Incidence";"Naples North";"Lung";"15-29";"Male";"2014";"0.00"
"Incidence";"Naples North";"Lung";"15-29";"Male";"2015";"0.00"
"Incidence";"Naples North";"Lung";"15-29";"Male";"2016";"0.00"
"Mortality";"Veneto";"Lung";"15-29";"Female";"2010";"0.55"
"Mortality";"Veneto";"Lung";"15-29";"Female";"2011";"0.00"
"Mortality";"Veneto";"Lung";"15-29";"Female";"2012";"0.00"
"Mortality";"Veneto";"Lung";"15-29";"Female";"2013";"0.00"
"Mortality";"Veneto";"Lung";"15-29";"Female";"2014";"0.29"
"Mortality";"Veneto";"Lung";"15-29";"Female";"2015";"0.00"
"Mortality";"Veneto";"Lung";"15-29";"Female";"2016";"0.00"
"Mortality";"Veneto";"Lung";"15-29";"Female";"2017";"0.00"
"Mortality";"Veneto";"Lung";"15-29";"Female";"2018";"0.29"
"Mortality";"Veneto";"Lung";"15-29";"Female";"2019";"0.29"
"Mortality";"Veneto";"Lung";"15-29";"Female";"2020";"0.00"
"Mortality";"Veneto";"Lung";"15-29";"Female";"2021";"0.00"
"Mortality";"Marche";"Lung";"15-29";"Male";"2010";"0.00"
"Mortality";"Marche";"Lung";"15-29";"Male";"2011";"0.00"
"Mortality";"Marche";"Lung";"15-29";"Male";"2012";"0.00"
"Mortality";"Marche";"Lung";"15-29";"Male";"2013";"0.00"
"Mortality";"Marche";"Lung";"15-29";"Male";"2014";"0.00"
"Mortality";"Marche";"Lung";"15-29";"Male";"2015";"0.00"
"Mortality";"Marche";"Lung";"15-29";"Male";"2016";"0.00"
"Mortality";"Marche";"Lung";"15-29";"Female";"2010";"0.00"
"Mortality";"Marche";"Lung";"15-29";"Female";"2011";"0.00"
"Mortality";"Marche";"Lung";"15-29";"Female";"2012";"0.00"
"Mortality";"Marche";"Lung";"15-29";"Female";"2013";"0.00"
"Mortality";"Marche";"Lung";"15-29";"Female";"2014";"0.00"
"Mortality";"Marche";"Lung";"15-29";"Female";"2015";"0.00"
"Mortality";"Marche";"Lung";"15-29";"Female";"2016";"0.00"
"Incidence";"Benevento";"Lung";"15-29";"Male";"2010";"0.00"
"Incidence";"Benevento";"Lung";"15-29";"Male";"2011";"0.00"
"Incidence";"Benevento";"Lung";"15-29";"Male";"2012";"0.00"
"Incidence";"Benevento";"Lung";"15-29";"Male";"2013";"0.00"
"Incidence";"Benevento";"Lung";"15-29";"Male";"2014";"0.00"
"Incidence";"Benevento";"Lung";"15-29";"Male";"2015";"0.00"
"Incidence";"Benevento";"Lung";"15-29";"Male";"2016";"0.00"
"Incidence";"Naples North";"Lung";"30-44";"Female";"2010";"7.93"
"Incidence";"Naples North";"Lung";"30-44";"Female";"2011";"7.20"
"Incidence";"Naples North";"Lung";"30-44";"Female";"2012";"6.50"
"Incidence";"Naples North";"Lung";"30-44";"Female";"2013";"4.97"
"Incidence";"Naples North";"Lung";"30-44";"Female";"2014";"5.06"
"Incidence";"Naples North";"Lung";"30-44";"Female";"2015";"3.44"
"Incidence";"Naples North";"Lung";"30-44";"Female";"2016";"5.24"
"Mortality";"Marche";"Lung";"30-44";"Male";"2010";"2.28"
"Mortality";"Marche";"Lung";"30-44";"Male";"2011";"2.91"
"Mortality";"Marche";"Lung";"30-44";"Male";"2012";"2.39"
"Mortality";"Marche";"Lung";"30-44";"Male";"2013";"2.43"
"Mortality";"Marche";"Lung";"30-44";"Male";"2014";"2.49"
"Mortality";"Marche";"Lung";"30-44";"Male";"2015";"1.91"
"Mortality";"Marche";"Lung";"30-44";"Male";"2016";"1.31"
"Incidence";"Naples North";"Lung";"30-44";"Male";"2010";"9.26"
"Incidence";"Naples North";"Lung";"30-44";"Male";"2011";"5.96"
"Incidence";"Naples North";"Lung";"30-44";"Male";"2012";"6.06"
"Incidence";"Naples North";"Lung";"30-44";"Male";"2013";"5.27"
"Incidence";"Naples North";"Lung";"30-44";"Male";"2014";"2.67"
"Incidence";"Naples North";"Lung";"30-44";"Male";"2015";"9.03"
"Incidence";"Naples North";"Lung";"30-44";"Male";"2016";"6.38"
"Mortality";"Reggio Calabria";"Lung";"30-44";"Female";"2010";"1.65"
"Mortality";"Reggio Calabria";"Lung";"30-44";"Female";"2011";"1.66"
"Mortality";"Reggio Calabria";"Lung";"30-44";"Female";"2012";"0.00"
"Mortality";"Reggio Calabria";"Lung";"30-44";"Female";"2013";"0.00"
"Mortality";"Reggio Calabria";"Lung";"30-44";"Female";"2014";"1.74"
"Mortality";"Reggio Calabria";"Lung";"30-44";"Female";"2015";"0.00"
"Mortality";"Reggio Calabria";"Lung";"30-44";"Female";"2016";"1.80"
"Mortality";"Reggio Calabria";"Lung";"30-44";"Female";"2017";"1.83"
"Mortality";"Reggio Calabria";"Lung";"30-44";"Female";"2018";"1.86"
"Incidence";"Naples Center";"Lung";"30-44";"Female";"2010";"6.49"
"Incidence";"Naples Center";"Lung";"30-44";"Female";"2011";"6.61"
"Incidence";"Naples Center";"Lung";"30-44";"Female";"2012";"9.61"
"Incidence";"Naples Center";"Lung";"30-44";"Female";"2013";"2.92"
"Incidence";"Naples Center";"Lung";"30-44";"Female";"2014";"2.96"
"Incidence";"Naples Center";"Lung";"30-44";"Female";"2015";"10.00"
"Incidence";"Naples Center";"Lung";"30-44";"Male";"2010";"6.88"
"Incidence";"Naples Center";"Lung";"30-44";"Male";"2011";"6.03"
"Incidence";"Naples Center";"Lung";"30-44";"Male";"2012";"6.15"
"Incidence";"Naples Center";"Lung";"30-44";"Male";"2013";"9.27"
"Incidence";"Naples Center";"Lung";"30-44";"Male";"2014";"2.06"
"Incidence";"Naples Center";"Lung";"30-44";"Male";"2015";"7.29"
"Mortality";"Marche";"Lung";"30-44";"Female";"2010";"1.73"
"Mortality";"Marche";"Lung";"30-44";"Female";"2011";"0.58"
"Mortality";"Marche";"Lung";"30-44";"Female";"2012";"4.16"
"Mortality";"Marche";"Lung";"30-44";"Female";"2013";"1.81"
"Mortality";"Marche";"Lung";"30-44";"Female";"2014";"1.85"
"Mortality";"Marche";"Lung";"30-44";"Female";"2015";"2.54"
"Mortality";"Marche";"Lung";"30-44";"Female";"2016";"0.00"
"Incidence";"Reggio Calabria";"Lung";"30-44";"Female";"2010";"4.95"
"Incidence";"Reggio Calabria";"Lung";"30-44";"Female";"2011";"4.99"
"Incidence";"Reggio Calabria";"Lung";"30-44";"Female";"2012";"3.39"
"Incidence";"Reggio Calabria";"Lung";"30-44";"Female";"2013";"1.72"
"Incidence";"Reggio Calabria";"Lung";"30-44";"Female";"2014";"8.71"
"Incidence";"Reggio Calabria";"Lung";"30-44";"Female";"2015";"1.77"
"Incidence";"Reggio Calabria";"Lung";"30-44";"Female";"2016";"1.80"
"Incidence";"Reggio Calabria";"Lung";"30-44";"Female";"2017";"5.48"
"Incidence";"Reggio Calabria";"Lung";"30-44";"Female";"2018";"3.71"
"Mortality";"Veneto";"Lung";"30-44";"Male";"2010";"1.30"
"Mortality";"Veneto";"Lung";"30-44";"Male";"2011";"1.67"
"Mortality";"Veneto";"Lung";"30-44";"Male";"2012";"1.73"
"Mortality";"Veneto";"Lung";"30-44";"Male";"2013";"1.73"
"Mortality";"Veneto";"Lung";"30-44";"Male";"2014";"1.13"
"Mortality";"Veneto";"Lung";"30-44";"Male";"2015";"1.17"
"Mortality";"Veneto";"Lung";"30-44";"Male";"2016";"1.21"
"Mortality";"Veneto";"Lung";"30-44";"Male";"2017";"1.25"
"Mortality";"Veneto";"Lung";"30-44";"Male";"2018";"1.29"
"Mortality";"Veneto";"Lung";"30-44";"Male";"2019";"1.99"
"Mortality";"Veneto";"Lung";"30-44";"Male";"2020";"0.93"
"Mortality";"Veneto";"Lung";"30-44";"Male";"2021";"1.67"
"Incidence";"Benevento";"Lung";"30-44";"Male";"2010";"3.29"
"Incidence";"Benevento";"Lung";"30-44";"Male";"2011";"3.36"
"Incidence";"Benevento";"Lung";"30-44";"Male";"2012";"10.26"
"Incidence";"Benevento";"Lung";"30-44";"Male";"2013";"3.49"
"Incidence";"Benevento";"Lung";"30-44";"Male";"2014";"10.70"
"Incidence";"Benevento";"Lung";"30-44";"Male";"2015";"3.63"
"Incidence";"Benevento";"Lung";"30-44";"Male";"2016";"3.69"
"Mortality";"Veneto";"Lung";"30-44";"Female";"2010";"0.33"
"Mortality";"Veneto";"Lung";"30-44";"Female";"2011";"1.02"
"Mortality";"Veneto";"Lung";"30-44";"Female";"2012";"1.05"
"Mortality";"Veneto";"Lung";"30-44";"Female";"2013";"0.98"
"Mortality";"Veneto";"Lung";"30-44";"Female";"2014";"1.34"
"Mortality";"Veneto";"Lung";"30-44";"Female";"2015";"0.99"
"Mortality";"Veneto";"Lung";"30-44";"Female";"2016";"2.24"
"Mortality";"Veneto";"Lung";"30-44";"Female";"2017";"1.89"
"Mortality";"Veneto";"Lung";"30-44";"Female";"2018";"1.30"
"Mortality";"Veneto";"Lung";"30-44";"Female";"2019";"2.01"
"Mortality";"Veneto";"Lung";"30-44";"Female";"2020";"0.71"
"Mortality";"Veneto";"Lung";"30-44";"Female";"2021";"1.21"
"Mortality";"Reggio Calabria";"Lung";"30-44";"Male";"2010";"3.49"
"Mortality";"Reggio Calabria";"Lung";"30-44";"Male";"2011";"5.25"
"Mortality";"Reggio Calabria";"Lung";"30-44";"Male";"2012";"1.76"
"Mortality";"Reggio Calabria";"Lung";"30-44";"Male";"2013";"3.55"
"Mortality";"Reggio Calabria";"Lung";"30-44";"Male";"2014";"1.80"
"Mortality";"Reggio Calabria";"Lung";"30-44";"Male";"2015";"0.00"
"Mortality";"Reggio Calabria";"Lung";"30-44";"Male";"2016";"3.67"
"Mortality";"Reggio Calabria";"Lung";"30-44";"Male";"2017";"1.85"
"Mortality";"Reggio Calabria";"Lung";"30-44";"Male";"2018";"3.73"
"Incidence";"Marche";"Lung";"30-44";"Female";"2010";"2.30"
"Incidence";"Marche";"Lung";"30-44";"Female";"2011";"4.07"
"Incidence";"Marche";"Lung";"30-44";"Female";"2012";"4.75"
"Incidence";"Marche";"Lung";"30-44";"Female";"2013";"5.44"
"Incidence";"Marche";"Lung";"30-44";"Female";"2014";"3.09"
"Incidence";"Marche";"Lung";"30-44";"Female";"2015";"4.44"
"Incidence";"Marche";"Lung";"30-44";"Female";"2016";"1.95"
"Incidence";"Salerno";"Lung";"30-44";"Female";"2010";"2.44"
"Incidence";"Salerno";"Lung";"30-44";"Female";"2011";"4.94"
"Incidence";"Salerno";"Lung";"30-44";"Female";"2012";"0.84"
"Incidence";"Salerno";"Lung";"30-44";"Female";"2013";"2.54"
"Incidence";"Salerno";"Lung";"30-44";"Female";"2014";"3.45"
"Incidence";"Salerno";"Lung";"30-44";"Female";"2015";"3.52"
"Incidence";"Salerno";"Lung";"30-44";"Female";"2016";"1.79"
"Mortality";"Naples Center";"Lung";"30-44";"Male";"2010";"1.97"
"Mortality";"Naples Center";"Lung";"30-44";"Male";"2011";"8.04"
"Mortality";"Naples Center";"Lung";"30-44";"Male";"2012";"3.08"
"Mortality";"Naples Center";"Lung";"30-44";"Male";"2013";"5.15"
"Mortality";"Naples Center";"Lung";"30-44";"Male";"2014";"6.19"
"Mortality";"Naples Center";"Lung";"30-44";"Male";"2015";"3.13"
"Incidence";"Salerno";"Lung";"30-44";"Male";"2010";"6.69"
"Incidence";"Salerno";"Lung";"30-44";"Male";"2011";"3.37"
"Incidence";"Salerno";"Lung";"30-44";"Male";"2012";"0.85"
"Incidence";"Salerno";"Lung";"30-44";"Male";"2013";"4.30"
"Incidence";"Salerno";"Lung";"30-44";"Male";"2014";"1.74"
"Incidence";"Salerno";"Lung";"30-44";"Male";"2015";"3.51"
"Incidence";"Salerno";"Lung";"30-44";"Male";"2016";"6.22"
"Incidence";"Benevento";"Lung";"30-44";"Female";"2010";"3.20"
"Incidence";"Benevento";"Lung";"30-44";"Female";"2011";"0.00"
"Incidence";"Benevento";"Lung";"30-44";"Female";"2012";"0.00"
"Incidence";"Benevento";"Lung";"30-44";"Female";"2013";"0.00"
"Incidence";"Benevento";"Lung";"30-44";"Female";"2014";"6.99"
"Incidence";"Benevento";"Lung";"30-44";"Female";"2015";"0.00"
"Incidence";"Benevento";"Lung";"30-44";"Female";"2016";"3.67"
"Incidence";"Reggio Calabria";"Lung";"30-44";"Male";"2010";"5.24"
"Incidence";"Reggio Calabria";"Lung";"30-44";"Male";"2011";"3.50"
"Incidence";"Reggio Calabria";"Lung";"30-44";"Male";"2012";"3.53"
"Incidence";"Reggio Calabria";"Lung";"30-44";"Male";"2013";"1.78"
"Incidence";"Reggio Calabria";"Lung";"30-44";"Male";"2014";"3.60"
"Incidence";"Reggio Calabria";"Lung";"30-44";"Male";"2015";"1.82"
"Incidence";"Reggio Calabria";"Lung";"30-44";"Male";"2016";"3.67"
"Incidence";"Reggio Calabria";"Lung";"30-44";"Male";"2017";"1.85"
"Incidence";"Reggio Calabria";"Lung";"30-44";"Male";"2018";"7.47"
"Incidence";"Marche";"Lung";"30-44";"Male";"2010";"5.13"
"Incidence";"Marche";"Lung";"30-44";"Male";"2011";"5.24"
"Incidence";"Marche";"Lung";"30-44";"Male";"2012";"4.77"
"Incidence";"Marche";"Lung";"30-44";"Male";"2013";"4.25"
"Incidence";"Marche";"Lung";"30-44";"Male";"2014";"4.35"
"Incidence";"Marche";"Lung";"30-44";"Male";"2015";"1.91"
"Incidence";"Marche";"Lung";"30-44";"Male";"2016";"3.93"
"Mortality";"Naples Center";"Lung";"30-44";"Female";"2010";"4.63"
"Mortality";"Naples Center";"Lung";"30-44";"Female";"2011";"3.78"
"Mortality";"Naples Center";"Lung";"30-44";"Female";"2012";"4.80"
"Mortality";"Naples Center";"Lung";"30-44";"Female";"2013";"0.97"
"Mortality";"Naples Center";"Lung";"30-44";"Female";"2014";"0.99"
"Mortality";"Naples Center";"Lung";"30-44";"Female";"2015";"6.00"
"Incidence";"Avellino";"Lung";"30-44";"Male";"2010";"2.10"
"Incidence";"Avellino";"Lung";"30-44";"Male";"2011";"4.28"
"Incidence";"Avellino";"Lung";"30-44";"Male";"2012";"2.18"
"Incidence";"Avellino";"Lung";"30-44";"Male";"2013";"6.69"
"Incidence";"Avellino";"Lung";"30-44";"Male";"2014";"0.00"
"Incidence";"Avellino";"Lung";"30-44";"Male";"2015";"0.00"
"Incidence";"Avellino";"Lung";"30-44";"Female";"2010";"6.24"
"Incidence";"Avellino";"Lung";"30-44";"Female";"2011";"4.22"
"Incidence";"Avellino";"Lung";"30-44";"Female";"2012";"6.45"
"Incidence";"Avellino";"Lung";"30-44";"Female";"2013";"0.00"
"Incidence";"Avellino";"Lung";"30-44";"Female";"2014";"0.00"
"Incidence";"Avellino";"Lung";"30-44";"Female";"2015";"2.30"
"Incidence";"Benevento";"Lung";"45-59";"Male";"2010";"60.00"
"Incidence";"Benevento";"Lung";"45-59";"Male";"2011";"44.89"
"Incidence";"Benevento";"Lung";"45-59";"Male";"2012";"33.94"
"Incidence";"Benevento";"Lung";"45-59";"Male";"2013";"49.99"
"Incidence";"Benevento";"Lung";"45-59";"Male";"2014";"62.37"
"Incidence";"Benevento";"Lung";"45-59";"Male";"2015";"39.01"
"Incidence";"Benevento";"Lung";"45-59";"Male";"2016";"51.90"
"Incidence";"Reggio Calabria";"Lung";"45-59";"Female";"2010";"14.33"
"Incidence";"Reggio Calabria";"Lung";"45-59";"Female";"2011";"12.36"
"Incidence";"Reggio Calabria";"Lung";"45-59";"Female";"2012";"20.89"
"Incidence";"Reggio Calabria";"Lung";"45-59";"Female";"2013";"20.55"
"Incidence";"Reggio Calabria";"Lung";"45-59";"Female";"2014";"30.41"
"Incidence";"Reggio Calabria";"Lung";"45-59";"Female";"2015";"28.47"
"Incidence";"Reggio Calabria";"Lung";"45-59";"Female";"2016";"26.72"
"Incidence";"Reggio Calabria";"Lung";"45-59";"Female";"2017";"19.95"
"Incidence";"Reggio Calabria";"Lung";"45-59";"Female";"2018";"21.60"
"Incidence";"Benevento";"Lung";"45-59";"Female";"2010";"24.25"
"Incidence";"Benevento";"Lung";"45-59";"Female";"2011";"27.11"
"Incidence";"Benevento";"Lung";"45-59";"Female";"2012";"26.47"
"Incidence";"Benevento";"Lung";"45-59";"Female";"2013";"26.00"
"Incidence";"Benevento";"Lung";"45-59";"Female";"2014";"9.61"
"Incidence";"Benevento";"Lung";"45-59";"Female";"2015";"15.81"
"Incidence";"Benevento";"Lung";"45-59";"Female";"2016";"25.03"
"Incidence";"Naples North";"Lung";"45-59";"Female";"2010";"32.38"
"Incidence";"Naples North";"Lung";"45-59";"Female";"2011";"34.38"
"Incidence";"Naples North";"Lung";"45-59";"Female";"2012";"51.06"
"Incidence";"Naples North";"Lung";"45-59";"Female";"2013";"44.38"
"Incidence";"Naples North";"Lung";"45-59";"Female";"2014";"49.91"
"Incidence";"Naples North";"Lung";"45-59";"Female";"2015";"35.12"
"Incidence";"Naples North";"Lung";"45-59";"Female";"2016";"60.75"
"Incidence";"Naples North";"Lung";"45-59";"Male";"2010";"97.25"
"Incidence";"Naples North";"Lung";"45-59";"Male";"2011";"79.84"
"Incidence";"Naples North";"Lung";"45-59";"Male";"2012";"77.19"
"Incidence";"Naples North";"Lung";"45-59";"Male";"2013";"76.83"
"Incidence";"Naples North";"Lung";"45-59";"Male";"2014";"56.83"
"Incidence";"Naples North";"Lung";"45-59";"Male";"2015";"68.36"
"Incidence";"Naples North";"Lung";"45-59";"Male";"2016";"87.10"
"Mortality";"Marche";"Lung";"45-59";"Male";"2010";"33.22"
"Mortality";"Marche";"Lung";"45-59";"Male";"2011";"36.55"
"Mortality";"Marche";"Lung";"45-59";"Male";"2012";"25.47"
"Mortality";"Marche";"Lung";"45-59";"Male";"2013";"28.73"
"Mortality";"Marche";"Lung";"45-59";"Male";"2014";"35.50"
"Mortality";"Marche";"Lung";"45-59";"Male";"2015";"24.35"
"Mortality";"Marche";"Lung";"45-59";"Male";"2016";"19.41"
"Incidence";"Naples Center";"Lung";"45-59";"Female";"2010";"36.84"
"Incidence";"Naples Center";"Lung";"45-59";"Female";"2011";"47.42"
"Incidence";"Naples Center";"Lung";"45-59";"Female";"2012";"57.45"
"Incidence";"Naples Center";"Lung";"45-59";"Female";"2013";"47.70"
"Incidence";"Naples Center";"Lung";"45-59";"Female";"2014";"53.34"
"Incidence";"Naples Center";"Lung";"45-59";"Female";"2015";"43.29"
"Incidence";"Naples Center";"Lung";"45-59";"Male";"2010";"82.51"
"Incidence";"Naples Center";"Lung";"45-59";"Male";"2011";"70.22"
"Incidence";"Naples Center";"Lung";"45-59";"Male";"2012";"75.37"
"Incidence";"Naples Center";"Lung";"45-59";"Male";"2013";"77.48"
"Incidence";"Naples Center";"Lung";"45-59";"Male";"2014";"77.71"
"Incidence";"Naples Center";"Lung";"45-59";"Male";"2015";"65.01"
"Mortality";"Marche";"Lung";"45-59";"Female";"2010";"14.96"
"Mortality";"Marche";"Lung";"45-59";"Female";"2011";"14.69"
"Mortality";"Marche";"Lung";"45-59";"Female";"2012";"13.85"
"Mortality";"Marche";"Lung";"45-59";"Female";"2013";"19.51"
"Mortality";"Marche";"Lung";"45-59";"Female";"2014";"18.04"
"Mortality";"Marche";"Lung";"45-59";"Female";"2015";"17.20"
"Mortality";"Marche";"Lung";"45-59";"Female";"2016";"14.81"
"Incidence";"Marche";"Lung";"45-59";"Female";"2010";"26.80"
"Incidence";"Marche";"Lung";"45-59";"Female";"2011";"22.04"
"Incidence";"Marche";"Lung";"45-59";"Female";"2012";"32.52"
"Incidence";"Marche";"Lung";"45-59";"Female";"2013";"32.51"
"Incidence";"Marche";"Lung";"45-59";"Female";"2014";"23.86"
"Incidence";"Marche";"Lung";"45-59";"Female";"2015";"18.93"
"Incidence";"Marche";"Lung";"45-59";"Female";"2016";"30.19"
"Incidence";"Marche";"Lung";"45-59";"Male";"2010";"53.02"
"Incidence";"Marche";"Lung";"45-59";"Male";"2011";"44.12"
"Incidence";"Marche";"Lung";"45-59";"Male";"2012";"41.61"
"Incidence";"Marche";"Lung";"45-59";"Male";"2013";"38.52"
"Incidence";"Marche";"Lung";"45-59";"Male";"2014";"49.95"
"Incidence";"Marche";"Lung";"45-59";"Male";"2015";"29.10"
"Incidence";"Marche";"Lung";"45-59";"Male";"2016";"39.42"
"Mortality";"Naples Center";"Lung";"45-59";"Male";"2010";"68.76"
"Mortality";"Naples Center";"Lung";"45-59";"Male";"2011";"59.74"
"Mortality";"Naples Center";"Lung";"45-59";"Male";"2012";"70.21"
"Mortality";"Naples Center";"Lung";"45-59";"Male";"2013";"59.13"
"Mortality";"Naples Center";"Lung";"45-59";"Male";"2014";"58.54"
"Mortality";"Naples Center";"Lung";"45-59";"Male";"2015";"63.01"
"Mortality";"Reggio Calabria";"Lung";"45-59";"Female";"2010";"14.33"
"Mortality";"Reggio Calabria";"Lung";"45-59";"Female";"2011";"8.83"
"Mortality";"Reggio Calabria";"Lung";"45-59";"Female";"2012";"19.15"
"Mortality";"Reggio Calabria";"Lung";"45-59";"Female";"2013";"8.56"
"Mortality";"Reggio Calabria";"Lung";"45-59";"Female";"2014";"13.52"
"Mortality";"Reggio Calabria";"Lung";"45-59";"Female";"2015";"23.44"
"Mortality";"Reggio Calabria";"Lung";"45-59";"Female";"2016";"15.03"
"Mortality";"Reggio Calabria";"Lung";"45-59";"Female";"2017";"16.62"
"Mortality";"Reggio Calabria";"Lung";"45-59";"Female";"2018";"16.61"
"Mortality";"Naples Center";"Lung";"45-59";"Female";"2010";"42.51"
"Mortality";"Naples Center";"Lung";"45-59";"Female";"2011";"36.26"
"Mortality";"Naples Center";"Lung";"45-59";"Female";"2012";"32.83"
"Mortality";"Naples Center";"Lung";"45-59";"Female";"2013";"33.30"
"Mortality";"Naples Center";"Lung";"45-59";"Female";"2014";"36.45"
"Mortality";"Naples Center";"Lung";"45-59";"Female";"2015";"34.46"
"Mortality";"Veneto";"Lung";"45-59";"Male";"2010";"29.50"
"Mortality";"Veneto";"Lung";"45-59";"Male";"2011";"33.27"
"Mortality";"Veneto";"Lung";"45-59";"Male";"2012";"27.27"
"Mortality";"Veneto";"Lung";"45-59";"Male";"2013";"28.56"
"Mortality";"Veneto";"Lung";"45-59";"Male";"2014";"24.07"
"Mortality";"Veneto";"Lung";"45-59";"Male";"2015";"23.10"
"Mortality";"Veneto";"Lung";"45-59";"Male";"2016";"22.06"
"Mortality";"Veneto";"Lung";"45-59";"Male";"2017";"17.32"
"Mortality";"Veneto";"Lung";"45-59";"Male";"2018";"22.17"
"Mortality";"Veneto";"Lung";"45-59";"Male";"2019";"18.08"
"Mortality";"Veneto";"Lung";"45-59";"Male";"2020";"14.91"
"Mortality";"Veneto";"Lung";"45-59";"Male";"2021";"18.80"
"Mortality";"Veneto";"Lung";"45-59";"Female";"2010";"15.34"
"Mortality";"Veneto";"Lung";"45-59";"Female";"2011";"15.71"
"Mortality";"Veneto";"Lung";"45-59";"Female";"2012";"16.06"
"Mortality";"Veneto";"Lung";"45-59";"Female";"2013";"16.83"
"Mortality";"Veneto";"Lung";"45-59";"Female";"2014";"14.30"
"Mortality";"Veneto";"Lung";"45-59";"Female";"2015";"14.58"
"Mortality";"Veneto";"Lung";"45-59";"Female";"2016";"13.34"
"Mortality";"Veneto";"Lung";"45-59";"Female";"2017";"14.04"
"Mortality";"Veneto";"Lung";"45-59";"Female";"2018";"11.36"
"Mortality";"Veneto";"Lung";"45-59";"Female";"2019";"10.59"
"Mortality";"Veneto";"Lung";"45-59";"Female";"2020";"11.33"
"Mortality";"Veneto";"Lung";"45-59";"Female";"2021";"12.22"
"Mortality";"Reggio Calabria";"Lung";"45-59";"Male";"2010";"35.92"
"Mortality";"Reggio Calabria";"Lung";"45-59";"Male";"2011";"43.05"
"Mortality";"Reggio Calabria";"Lung";"45-59";"Male";"2012";"33.38"
"Mortality";"Reggio Calabria";"Lung";"45-59";"Male";"2013";"42.07"
"Mortality";"Reggio Calabria";"Lung";"45-59";"Male";"2014";"34.35"
"Mortality";"Reggio Calabria";"Lung";"45-59";"Male";"2015";"28.80"
"Mortality";"Reggio Calabria";"Lung";"45-59";"Male";"2016";"36.00"
"Mortality";"Reggio Calabria";"Lung";"45-59";"Male";"2017";"43.07"
"Mortality";"Reggio Calabria";"Lung";"45-59";"Male";"2018";"30.62"
"Incidence";"Salerno";"Lung";"45-59";"Female";"2010";"19.95"
"Incidence";"Salerno";"Lung";"45-59";"Female";"2011";"17.78"
"Incidence";"Salerno";"Lung";"45-59";"Female";"2012";"24.86"
"Incidence";"Salerno";"Lung";"45-59";"Female";"2013";"29.27"
"Incidence";"Salerno";"Lung";"45-59";"Female";"2014";"20.84"
"Incidence";"Salerno";"Lung";"45-59";"Female";"2015";"34.11"
"Incidence";"Salerno";"Lung";"45-59";"Female";"2016";"23.63"
"Incidence";"Salerno";"Lung";"45-59";"Male";"2010";"60.77"
"Incidence";"Salerno";"Lung";"45-59";"Male";"2011";"60.62"
"Incidence";"Salerno";"Lung";"45-59";"Male";"2012";"48.20"
"Incidence";"Salerno";"Lung";"45-59";"Male";"2013";"40.48"
"Incidence";"Salerno";"Lung";"45-59";"Male";"2014";"53.56"
"Incidence";"Salerno";"Lung";"45-59";"Male";"2015";"53.83"
"Incidence";"Salerno";"Lung";"45-59";"Male";"2016";"47.67"
"Incidence";"Avellino";"Lung";"45-59";"Male";"2010";"40.85"
"Incidence";"Avellino";"Lung";"45-59";"Male";"2011";"53.22"
"Incidence";"Avellino";"Lung";"45-59";"Male";"2012";"65.24"
"Incidence";"Avellino";"Lung";"45-59";"Male";"2013";"42.97"
"Incidence";"Avellino";"Lung";"45-59";"Male";"2014";"46.80"
"Incidence";"Avellino";"Lung";"45-59";"Male";"2015";"46.34"
"Incidence";"Reggio Calabria";"Lung";"45-59";"Male";"2010";"47.26"
"Incidence";"Reggio Calabria";"Lung";"45-59";"Male";"2011";"52.41"
"Incidence";"Reggio Calabria";"Lung";"45-59";"Male";"2012";"42.65"
"Incidence";"Reggio Calabria";"Lung";"45-59";"Male";"2013";"51.21"
"Incidence";"Reggio Calabria";"Lung";"45-59";"Male";"2014";"34.35"
"Incidence";"Reggio Calabria";"Lung";"45-59";"Male";"2015";"59.39"
"Incidence";"Reggio Calabria";"Lung";"45-59";"Male";"2016";"48.59"
"Incidence";"Reggio Calabria";"Lung";"45-59";"Male";"2017";"55.63"
"Incidence";"Reggio Calabria";"Lung";"45-59";"Male";"2018";"45.02"
"Incidence";"Avellino";"Lung";"45-59";"Female";"2010";"6.71"
"Incidence";"Avellino";"Lung";"45-59";"Female";"2011";"28.52"
"Incidence";"Avellino";"Lung";"45-59";"Female";"2012";"17.17"
"Incidence";"Avellino";"Lung";"45-59";"Female";"2013";"19.02"
"Incidence";"Avellino";"Lung";"45-59";"Female";"2014";"33.28"
"Incidence";"Avellino";"Lung";"45-59";"Female";"2015";"22.67"
"Incidence";"Reggio Calabria";"Lung";"60-74";"Male";"2010";"213.51"
"Incidence";"Reggio Calabria";"Lung";"60-74";"Male";"2011";"251.08"
"Incidence";"Reggio Calabria";"Lung";"60-74";"Male";"2012";"247.77"
"Incidence";"Reggio Calabria";"Lung";"60-74";"Male";"2013";"248.24"
"Incidence";"Reggio Calabria";"Lung";"60-74";"Male";"2014";"267.93"
"Incidence";"Reggio Calabria";"Lung";"60-74";"Male";"2015";"236.35"
"Incidence";"Reggio Calabria";"Lung";"60-74";"Male";"2016";"236.66"
"Incidence";"Reggio Calabria";"Lung";"60-74";"Male";"2017";"196.48"
"Incidence";"Reggio Calabria";"Lung";"60-74";"Male";"2018";"214.15"
"Incidence";"Reggio Calabria";"Lung";"60-74";"Female";"2010";"23.30"
"Incidence";"Reggio Calabria";"Lung";"60-74";"Female";"2011";"48.48"
"Incidence";"Reggio Calabria";"Lung";"60-74";"Female";"2012";"54.99"
"Incidence";"Reggio Calabria";"Lung";"60-74";"Female";"2013";"34.12"
"Incidence";"Reggio Calabria";"Lung";"60-74";"Female";"2014";"63.38"
"Incidence";"Reggio Calabria";"Lung";"60-74";"Female";"2015";"53.71"
"Incidence";"Reggio Calabria";"Lung";"60-74";"Female";"2016";"66.52"
"Incidence";"Reggio Calabria";"Lung";"60-74";"Female";"2017";"48.18"
"Incidence";"Reggio Calabria";"Lung";"60-74";"Female";"2018";"81.69"
"Mortality";"Naples Center";"Lung";"60-74";"Male";"2010";"366.43"
"Mortality";"Naples Center";"Lung";"60-74";"Male";"2011";"325.41"
"Mortality";"Naples Center";"Lung";"60-74";"Male";"2012";"293.24"
"Mortality";"Naples Center";"Lung";"60-74";"Male";"2013";"312.93"
"Mortality";"Naples Center";"Lung";"60-74";"Male";"2014";"321.91"
"Mortality";"Naples Center";"Lung";"60-74";"Male";"2015";"303.66"
"Mortality";"Veneto";"Lung";"60-74";"Male";"2010";"185.37"
"Mortality";"Veneto";"Lung";"60-74";"Male";"2011";"219.25"
"Mortality";"Veneto";"Lung";"60-74";"Male";"2012";"204.70"
"Mortality";"Veneto";"Lung";"60-74";"Male";"2013";"185.26"
"Mortality";"Veneto";"Lung";"60-74";"Male";"2014";"176.24"
"Mortality";"Veneto";"Lung";"60-74";"Male";"2015";"174.70"
"Mortality";"Veneto";"Lung";"60-74";"Male";"2016";"165.32"
"Mortality";"Veneto";"Lung";"60-74";"Male";"2017";"163.92"
"Mortality";"Veneto";"Lung";"60-74";"Male";"2018";"150.69"
"Mortality";"Veneto";"Lung";"60-74";"Male";"2019";"130.36"
"Mortality";"Veneto";"Lung";"60-74";"Male";"2020";"124.13"
"Mortality";"Veneto";"Lung";"60-74";"Male";"2021";"116.94"
"Mortality";"Veneto";"Lung";"60-74";"Female";"2010";"58.04"
"Mortality";"Veneto";"Lung";"60-74";"Female";"2011";"61.83"
"Mortality";"Veneto";"Lung";"60-74";"Female";"2012";"61.09"
"Mortality";"Veneto";"Lung";"60-74";"Female";"2013";"56.12"
"Mortality";"Veneto";"Lung";"60-74";"Female";"2014";"62.67"
"Mortality";"Veneto";"Lung";"60-74";"Female";"2015";"61.80"
"Mortality";"Veneto";"Lung";"60-74";"Female";"2016";"56.57"
"Mortality";"Veneto";"Lung";"60-74";"Female";"2017";"63.16"
"Mortality";"Veneto";"Lung";"60-74";"Female";"2018";"67.36"
"Mortality";"Veneto";"Lung";"60-74";"Female";"2019";"63.98"
"Mortality";"Veneto";"Lung";"60-74";"Female";"2020";"55.33"
"Mortality";"Veneto";"Lung";"60-74";"Female";"2021";"58.32"
"Mortality";"Naples Center";"Lung";"60-74";"Female";"2010";"87.70"
"Mortality";"Naples Center";"Lung";"60-74";"Female";"2011";"91.82"
"Mortality";"Naples Center";"Lung";"60-74";"Female";"2012";"103.23"
"Mortality";"Naples Center";"Lung";"60-74";"Female";"2013";"116.71"
"Mortality";"Naples Center";"Lung";"60-74";"Female";"2014";"77.04"
"Mortality";"Naples Center";"Lung";"60-74";"Female";"2015";"90.35"
"Incidence";"Avellino";"Lung";"60-74";"Male";"2010";"270.34"
"Incidence";"Avellino";"Lung";"60-74";"Male";"2011";"300.61"
"Incidence";"Avellino";"Lung";"60-74";"Male";"2012";"274.57"
"Incidence";"Avellino";"Lung";"60-74";"Male";"2013";"309.82"
"Incidence";"Avellino";"Lung";"60-74";"Male";"2014";"276.29"
"Incidence";"Avellino";"Lung";"60-74";"Male";"2015";"314.49"
"Incidence";"Avellino";"Lung";"60-74";"Female";"2010";"59.60"
"Incidence";"Avellino";"Lung";"60-74";"Female";"2011";"47.45"
"Incidence";"Avellino";"Lung";"60-74";"Female";"2012";"53.22"
"Incidence";"Avellino";"Lung";"60-74";"Female";"2013";"67.89"
"Incidence";"Avellino";"Lung";"60-74";"Female";"2014";"52.98"
"Incidence";"Avellino";"Lung";"60-74";"Female";"2015";"61.54"
"Incidence";"Benevento";"Lung";"60-74";"Male";"2010";"283.61"
"Incidence";"Benevento";"Lung";"60-74";"Male";"2011";"262.69"
"Incidence";"Benevento";"Lung";"60-74";"Male";"2012";"293.28"
"Incidence";"Benevento";"Lung";"60-74";"Male";"2013";"237.47"
"Incidence";"Benevento";"Lung";"60-74";"Male";"2014";"250.73"
"Incidence";"Benevento";"Lung";"60-74";"Male";"2015";"245.46"
"Incidence";"Benevento";"Lung";"60-74";"Male";"2016";"261.49"
"Incidence";"Benevento";"Lung";"60-74";"Female";"2010";"60.52"
"Incidence";"Benevento";"Lung";"60-74";"Female";"2011";"73.48"
"Incidence";"Benevento";"Lung";"60-74";"Female";"2012";"38.95"
"Incidence";"Benevento";"Lung";"60-74";"Female";"2013";"47.71"
"Incidence";"Benevento";"Lung";"60-74";"Female";"2014";"51.93"
"Incidence";"Benevento";"Lung";"60-74";"Female";"2015";"73.53"
"Incidence";"Benevento";"Lung";"60-74";"Female";"2016";"51.92"
"Incidence";"Salerno";"Lung";"60-74";"Male";"2010";"303.18"
"Incidence";"Salerno";"Lung";"60-74";"Male";"2011";"284.96"
"Incidence";"Salerno";"Lung";"60-74";"Male";"2012";"282.77"
"Incidence";"Salerno";"Lung";"60-74";"Male";"2013";"290.33"
"Incidence";"Salerno";"Lung";"60-74";"Male";"2014";"292.07"
"Incidence";"Salerno";"Lung";"60-74";"Male";"2015";"266.68"
"Incidence";"Salerno";"Lung";"60-74";"Male";"2016";"253.14"
"Incidence";"Salerno";"Lung";"60-74";"Female";"2010";"47.25"
"Incidence";"Salerno";"Lung";"60-74";"Female";"2011";"53.92"
"Incidence";"Salerno";"Lung";"60-74";"Female";"2012";"60.36"
"Incidence";"Salerno";"Lung";"60-74";"Female";"2013";"54.34"
"Incidence";"Salerno";"Lung";"60-74";"Female";"2014";"60.72"
"Incidence";"Salerno";"Lung";"60-74";"Female";"2015";"73.72"
"Incidence";"Salerno";"Lung";"60-74";"Female";"2016";"70.66"
"Mortality";"Reggio Calabria";"Lung";"60-74";"Male";"2010";"208.49"
"Mortality";"Reggio Calabria";"Lung";"60-74";"Male";"2011";"181.47"
"Mortality";"Reggio Calabria";"Lung";"60-74";"Male";"2012";"206.07"
"Mortality";"Reggio Calabria";"Lung";"60-74";"Male";"2013";"172.79"
"Mortality";"Reggio Calabria";"Lung";"60-74";"Male";"2014";"185.86"
"Mortality";"Reggio Calabria";"Lung";"60-74";"Male";"2015";"219.64"
"Mortality";"Reggio Calabria";"Lung";"60-74";"Male";"2016";"191.70"
"Mortality";"Reggio Calabria";"Lung";"60-74";"Male";"2017";"203.49"
"Mortality";"Reggio Calabria";"Lung";"60-74";"Male";"2018";"142.77"
"Mortality";"Reggio Calabria";"Lung";"60-74";"Female";"2010";"27.96"
"Mortality";"Reggio Calabria";"Lung";"60-74";"Female";"2011";"23.09"
"Mortality";"Reggio Calabria";"Lung";"60-74";"Female";"2012";"27.50"
"Mortality";"Reggio Calabria";"Lung";"60-74";"Female";"2013";"18.20"
"Mortality";"Reggio Calabria";"Lung";"60-74";"Female";"2014";"24.90"
"Mortality";"Reggio Calabria";"Lung";"60-74";"Female";"2015";"38.04"
"Mortality";"Reggio Calabria";"Lung";"60-74";"Female";"2016";"48.78"
"Mortality";"Reggio Calabria";"Lung";"60-74";"Female";"2017";"35.04"
"Mortality";"Reggio Calabria";"Lung";"60-74";"Female";"2018";"36.55"
"Incidence";"Marche";"Lung";"60-74";"Male";"2010";"246.90"
"Incidence";"Marche";"Lung";"60-74";"Male";"2011";"223.05"
"Incidence";"Marche";"Lung";"60-74";"Male";"2012";"222.15"
"Incidence";"Marche";"Lung";"60-74";"Male";"2013";"244.09"
"Incidence";"Marche";"Lung";"60-74";"Male";"2014";"214.40"
"Incidence";"Marche";"Lung";"60-74";"Male";"2015";"218.41"
"Incidence";"Marche";"Lung";"60-74";"Male";"2016";"207.40"
"Incidence";"Marche";"Lung";"60-74";"Female";"2010";"61.32"
"Incidence";"Marche";"Lung";"60-74";"Female";"2011";"69.88"
"Incidence";"Marche";"Lung";"60-74";"Female";"2012";"73.85"
"Incidence";"Marche";"Lung";"60-74";"Female";"2013";"81.04"
"Incidence";"Marche";"Lung";"60-74";"Female";"2014";"87.24"
"Incidence";"Marche";"Lung";"60-74";"Female";"2015";"83.73"
"Incidence";"Marche";"Lung";"60-74";"Female";"2016";"104.64"
"Incidence";"Naples Center";"Lung";"60-74";"Male";"2010";"382.81"
"Incidence";"Naples Center";"Lung";"60-74";"Male";"2011";"350.33"
"Incidence";"Naples Center";"Lung";"60-74";"Male";"2012";"373.08"
"Incidence";"Naples Center";"Lung";"60-74";"Male";"2013";"384.70"
"Incidence";"Naples Center";"Lung";"60-74";"Male";"2014";"416.93"
"Incidence";"Naples Center";"Lung";"60-74";"Male";"2015";"342.84"
"Incidence";"Naples Center";"Lung";"60-74";"Female";"2010";"98.66"
"Incidence";"Naples Center";"Lung";"60-74";"Female";"2011";"111.15"
"Incidence";"Naples Center";"Lung";"60-74";"Female";"2012";"103.23"
"Incidence";"Naples Center";"Lung";"60-74";"Female";"2013";"132.19"
"Incidence";"Naples Center";"Lung";"60-74";"Female";"2014";"106.67"
"Incidence";"Naples Center";"Lung";"60-74";"Female";"2015";"152.54"
"Incidence";"Naples North";"Lung";"60-74";"Male";"2010";"403.11"
"Incidence";"Naples North";"Lung";"60-74";"Male";"2011";"393.85"
"Incidence";"Naples North";"Lung";"60-74";"Male";"2012";"378.19"
"Incidence";"Naples North";"Lung";"60-74";"Male";"2013";"446.19"
"Incidence";"Naples North";"Lung";"60-74";"Male";"2014";"373.47"
"Incidence";"Naples North";"Lung";"60-74";"Male";"2015";"350.10"
"Incidence";"Naples North";"Lung";"60-74";"Male";"2016";"365.16"
"Incidence";"Naples North";"Lung";"60-74";"Female";"2010";"68.14"
"Incidence";"Naples North";"Lung";"60-74";"Female";"2011";"74.87"
"Incidence";"Naples North";"Lung";"60-74";"Female";"2012";"83.13"
"Incidence";"Naples North";"Lung";"60-74";"Female";"2013";"98.62"
"Incidence";"Naples North";"Lung";"60-74";"Female";"2014";"90.00"
"Incidence";"Naples North";"Lung";"60-74";"Female";"2015";"109.94"
"Incidence";"Naples North";"Lung";"60-74";"Female";"2016";"104.92"
"Mortality";"Marche";"Lung";"60-74";"Female";"2010";"45.99"
"Mortality";"Marche";"Lung";"60-74";"Female";"2011";"39.31"
"Mortality";"Marche";"Lung";"60-74";"Female";"2012";"51.41"
"Mortality";"Marche";"Lung";"60-74";"Female";"2013";"44.14"
"Mortality";"Marche";"Lung";"60-74";"Female";"2014";"67.61"
"Mortality";"Marche";"Lung";"60-74";"Female";"2015";"58.98"
"Mortality";"Marche";"Lung";"60-74";"Female";"2016";"56.68"
"Mortality";"Marche";"Lung";"60-74";"Male";"2010";"172.18"
"Mortality";"Marche";"Lung";"60-74";"Male";"2011";"184.40"
"Mortality";"Marche";"Lung";"60-74";"Male";"2012";"178.20"
"Mortality";"Marche";"Lung";"60-74";"Male";"2013";"160.33"
"Mortality";"Marche";"Lung";"60-74";"Male";"2014";"170.40"
"Mortality";"Marche";"Lung";"60-74";"Male";"2015";"160.01"
"Mortality";"Marche";"Lung";"60-74";"Male";"2016";"155.55"
"Incidence";"Reggio Calabria";"Lung";"75-85+";"Male";"2010";"372.90"
"Incidence";"Reggio Calabria";"Lung";"75-85+";"Male";"2011";"439.89"
"Incidence";"Reggio Calabria";"Lung";"75-85+";"Male";"2012";"449.20"
"Incidence";"Reggio Calabria";"Lung";"75-85+";"Male";"2013";"371.24"
"Incidence";"Reggio Calabria";"Lung";"75-85+";"Male";"2014";"405.00"
"Incidence";"Reggio Calabria";"Lung";"75-85+";"Male";"2015";"365.88"
"Incidence";"Reggio Calabria";"Lung";"75-85+";"Male";"2016";"274.19"
"Incidence";"Reggio Calabria";"Lung";"75-85+";"Male";"2017";"399.47"
"Incidence";"Reggio Calabria";"Lung";"75-85+";"Male";"2018";"316.81"
"Incidence";"Naples North";"Lung";"75-85+";"Male";"2010";"718.37"
"Incidence";"Naples North";"Lung";"75-85+";"Male";"2011";"780.58"
"Incidence";"Naples North";"Lung";"75-85+";"Male";"2012";"595.33"
"Incidence";"Naples North";"Lung";"75-85+";"Male";"2013";"633.07"
"Incidence";"Naples North";"Lung";"75-85+";"Male";"2014";"660.47"
"Incidence";"Naples North";"Lung";"75-85+";"Male";"2015";"501.99"
"Incidence";"Naples North";"Lung";"75-85+";"Male";"2016";"657.13"
"Incidence";"Reggio Calabria";"Lung";"75-85+";"Female";"2010";"73.77"
"Incidence";"Reggio Calabria";"Lung";"75-85+";"Female";"2011";"81.85"
"Incidence";"Reggio Calabria";"Lung";"75-85+";"Female";"2012";"41.97"
"Incidence";"Reggio Calabria";"Lung";"75-85+";"Female";"2013";"44.85"
"Incidence";"Reggio Calabria";"Lung";"75-85+";"Female";"2014";"50.22"
"Incidence";"Reggio Calabria";"Lung";"75-85+";"Female";"2015";"61.57"
"Incidence";"Reggio Calabria";"Lung";"75-85+";"Female";"2016";"38.05"
"Incidence";"Reggio Calabria";"Lung";"75-85+";"Female";"2017";"38.01"
"Incidence";"Reggio Calabria";"Lung";"75-85+";"Female";"2018";"38.23"
"Mortality";"Marche";"Lung";"75-85+";"Male";"2010";"469.01"
"Mortality";"Marche";"Lung";"75-85+";"Male";"2011";"439.59"
"Mortality";"Marche";"Lung";"75-85+";"Male";"2012";"432.02"
"Mortality";"Marche";"Lung";"75-85+";"Male";"2013";"440.48"
"Mortality";"Marche";"Lung";"75-85+";"Male";"2014";"429.96"
"Mortality";"Marche";"Lung";"75-85+";"Male";"2015";"449.49"
"Mortality";"Marche";"Lung";"75-85+";"Male";"2016";"384.27"
"Incidence";"Avellino";"Lung";"75-85+";"Female";"2010";"90.40"
"Incidence";"Avellino";"Lung";"75-85+";"Female";"2011";"64.16"
"Incidence";"Avellino";"Lung";"75-85+";"Female";"2012";"91.89"
"Incidence";"Avellino";"Lung";"75-85+";"Female";"2013";"87.76"
"Incidence";"Avellino";"Lung";"75-85+";"Female";"2014";"66.42"
"Incidence";"Avellino";"Lung";"75-85+";"Female";"2015";"86.85"
"Incidence";"Avellino";"Lung";"75-85+";"Male";"2010";"511.91"
"Incidence";"Avellino";"Lung";"75-85+";"Male";"2011";"433.12"
"Incidence";"Avellino";"Lung";"75-85+";"Male";"2012";"499.00"
"Incidence";"Avellino";"Lung";"75-85+";"Male";"2013";"481.87"
"Incidence";"Avellino";"Lung";"75-85+";"Male";"2014";"417.25"
"Incidence";"Avellino";"Lung";"75-85+";"Male";"2015";"442.45"
"Incidence";"Benevento";"Lung";"75-85+";"Female";"2010";"40.63"
"Incidence";"Benevento";"Lung";"75-85+";"Female";"2011";"75.27"
"Incidence";"Benevento";"Lung";"75-85+";"Female";"2012";"50.00"
"Incidence";"Benevento";"Lung";"75-85+";"Female";"2013";"84.22"
"Incidence";"Benevento";"Lung";"75-85+";"Female";"2014";"93.60"
"Incidence";"Benevento";"Lung";"75-85+";"Female";"2015";"63.67"
"Incidence";"Benevento";"Lung";"75-85+";"Female";"2016";"83.24"
"Incidence";"Benevento";"Lung";"75-85+";"Male";"2010";"401.54"
"Incidence";"Benevento";"Lung";"75-85+";"Male";"2011";"394.84"
"Incidence";"Benevento";"Lung";"75-85+";"Male";"2012";"422.41"
"Incidence";"Benevento";"Lung";"75-85+";"Male";"2013";"384.89"
"Incidence";"Benevento";"Lung";"75-85+";"Male";"2014";"544.03"
"Incidence";"Benevento";"Lung";"75-85+";"Male";"2015";"418.82"
"Incidence";"Benevento";"Lung";"75-85+";"Male";"2016";"371.58"
"Incidence";"Marche";"Lung";"75-85+";"Female";"2010";"109.51"
"Incidence";"Marche";"Lung";"75-85+";"Female";"2011";"113.62"
"Incidence";"Marche";"Lung";"75-85+";"Female";"2012";"105.14"
"Incidence";"Marche";"Lung";"75-85+";"Female";"2013";"109.83"
"Incidence";"Marche";"Lung";"75-85+";"Female";"2014";"105.05"
"Incidence";"Marche";"Lung";"75-85+";"Female";"2015";"97.46"
"Incidence";"Marche";"Lung";"75-85+";"Female";"2016";"97.48"
"Incidence";"Naples Center";"Lung";"75-85+";"Male";"2010";"568.48"
"Incidence";"Naples Center";"Lung";"75-85+";"Male";"2011";"651.41"
"Incidence";"Naples Center";"Lung";"75-85+";"Male";"2012";"527.87"
"Incidence";"Naples Center";"Lung";"75-85+";"Male";"2013";"635.40"
"Incidence";"Naples Center";"Lung";"75-85+";"Male";"2014";"624.84"
"Incidence";"Naples Center";"Lung";"75-85+";"Male";"2015";"635.51"
"Incidence";"Naples Center";"Lung";"75-85+";"Female";"2010";"139.22"
"Incidence";"Naples Center";"Lung";"75-85+";"Female";"2011";"147.29"
"Incidence";"Naples Center";"Lung";"75-85+";"Female";"2012";"116.41"
"Incidence";"Naples Center";"Lung";"75-85+";"Female";"2013";"126.95"
"Incidence";"Naples Center";"Lung";"75-85+";"Female";"2014";"168.21"
"Incidence";"Naples Center";"Lung";"75-85+";"Female";"2015";"124.28"
"Incidence";"Naples North";"Lung";"75-85+";"Female";"2010";"91.58"
"Incidence";"Naples North";"Lung";"75-85+";"Female";"2011";"108.39"
"Incidence";"Naples North";"Lung";"75-85+";"Female";"2012";"98.69"
"Incidence";"Naples North";"Lung";"75-85+";"Female";"2013";"115.02"
"Incidence";"Naples North";"Lung";"75-85+";"Female";"2014";"96.02"
"Incidence";"Naples North";"Lung";"75-85+";"Female";"2015";"98.79"
"Incidence";"Naples North";"Lung";"75-85+";"Female";"2016";"87.75"
"Incidence";"Marche";"Lung";"75-85+";"Male";"2010";"478.89"
"Incidence";"Marche";"Lung";"75-85+";"Male";"2011";"482.44"
"Incidence";"Marche";"Lung";"75-85+";"Male";"2012";"493.15"
"Incidence";"Marche";"Lung";"75-85+";"Male";"2013";"456.45"
"Incidence";"Marche";"Lung";"75-85+";"Male";"2014";"459.74"
"Incidence";"Marche";"Lung";"75-85+";"Male";"2015";"409.09"
"Incidence";"Marche";"Lung";"75-85+";"Male";"2016";"402.92"
"Mortality";"Naples Center";"Lung";"75-85+";"Male";"2010";"748.73"
"Mortality";"Naples Center";"Lung";"75-85+";"Male";"2011";"733.26"
"Mortality";"Naples Center";"Lung";"75-85+";"Male";"2012";"697.05"
"Mortality";"Naples Center";"Lung";"75-85+";"Male";"2013";"701.93"
"Mortality";"Naples Center";"Lung";"75-85+";"Male";"2014";"700.08"
"Mortality";"Naples Center";"Lung";"75-85+";"Male";"2015";"693.29"
"Mortality";"Reggio Calabria";"Lung";"75-85+";"Female";"2010";"70.70"
"Mortality";"Reggio Calabria";"Lung";"75-85+";"Female";"2011";"63.66"
"Mortality";"Reggio Calabria";"Lung";"75-85+";"Female";"2012";"71.95"
"Mortality";"Reggio Calabria";"Lung";"75-85+";"Female";"2013";"38.87"
"Mortality";"Reggio Calabria";"Lung";"75-85+";"Female";"2014";"53.17"
"Mortality";"Reggio Calabria";"Lung";"75-85+";"Female";"2015";"67.43"
"Mortality";"Reggio Calabria";"Lung";"75-85+";"Female";"2016";"55.61"
"Mortality";"Reggio Calabria";"Lung";"75-85+";"Female";"2017";"52.63"
"Mortality";"Reggio Calabria";"Lung";"75-85+";"Female";"2018";"47.05"
"Mortality";"Reggio Calabria";"Lung";"75-85+";"Male";"2010";"358.56"
"Mortality";"Reggio Calabria";"Lung";"75-85+";"Male";"2011";"458.61"
"Mortality";"Reggio Calabria";"Lung";"75-85+";"Male";"2012";"449.20"
"Mortality";"Reggio Calabria";"Lung";"75-85+";"Male";"2013";"403.32"
"Mortality";"Reggio Calabria";"Lung";"75-85+";"Male";"2014";"463.50"
"Mortality";"Reggio Calabria";"Lung";"75-85+";"Male";"2015";"357.06"
"Mortality";"Reggio Calabria";"Lung";"75-85+";"Male";"2016";"317.71"
"Mortality";"Reggio Calabria";"Lung";"75-85+";"Male";"2017";"395.17"
"Mortality";"Reggio Calabria";"Lung";"75-85+";"Male";"2018";"410.99"
"Mortality";"Veneto";"Lung";"75-85+";"Male";"2010";"603.63"
"Mortality";"Veneto";"Lung";"75-85+";"Male";"2011";"579.85"
"Mortality";"Veneto";"Lung";"75-85+";"Male";"2012";"557.16"
"Mortality";"Veneto";"Lung";"75-85+";"Male";"2013";"538.58"
"Mortality";"Veneto";"Lung";"75-85+";"Male";"2014";"489.91"
"Mortality";"Veneto";"Lung";"75-85+";"Male";"2015";"479.66"
"Mortality";"Veneto";"Lung";"75-85+";"Male";"2016";"484.14"
"Mortality";"Veneto";"Lung";"75-85+";"Male";"2017";"437.96"
"Mortality";"Veneto";"Lung";"75-85+";"Male";"2018";"433.59"
"Mortality";"Veneto";"Lung";"75-85+";"Male";"2019";"387.29"
"Mortality";"Veneto";"Lung";"75-85+";"Male";"2020";"367.92"
"Mortality";"Veneto";"Lung";"75-85+";"Male";"2021";"350.55"
"Mortality";"Veneto";"Lung";"75-85+";"Female";"2010";"141.91"
"Mortality";"Veneto";"Lung";"75-85+";"Female";"2011";"140.91"
"Mortality";"Veneto";"Lung";"75-85+";"Female";"2012";"139.51"
"Mortality";"Veneto";"Lung";"75-85+";"Female";"2013";"125.45"
"Mortality";"Veneto";"Lung";"75-85+";"Female";"2014";"130.87"
"Mortality";"Veneto";"Lung";"75-85+";"Female";"2015";"134.05"
"Mortality";"Veneto";"Lung";"75-85+";"Female";"2016";"126.79"
"Mortality";"Veneto";"Lung";"75-85+";"Female";"2017";"124.54"
"Mortality";"Veneto";"Lung";"75-85+";"Female";"2018";"127.35"
"Mortality";"Veneto";"Lung";"75-85+";"Female";"2019";"136.16"
"Mortality";"Veneto";"Lung";"75-85+";"Female";"2020";"132.30"
"Mortality";"Veneto";"Lung";"75-85+";"Female";"2021";"121.92"
"Mortality";"Naples Center";"Lung";"75-85+";"Female";"2010";"183.08"
"Mortality";"Naples Center";"Lung";"75-85+";"Female";"2011";"147.29"
"Mortality";"Naples Center";"Lung";"75-85+";"Female";"2012";"144.58"
"Mortality";"Naples Center";"Lung";"75-85+";"Female";"2013";"149.35"
"Mortality";"Naples Center";"Lung";"75-85+";"Female";"2014";"186.70"
"Mortality";"Naples Center";"Lung";"75-85+";"Female";"2015";"160.83"
"Incidence";"Salerno";"Lung";"75-85+";"Male";"2010";"470.12"
"Incidence";"Salerno";"Lung";"75-85+";"Male";"2011";"515.72"
"Incidence";"Salerno";"Lung";"75-85+";"Male";"2012";"462.38"
"Incidence";"Salerno";"Lung";"75-85+";"Male";"2013";"465.15"
"Incidence";"Salerno";"Lung";"75-85+";"Male";"2014";"462.99"
"Incidence";"Salerno";"Lung";"75-85+";"Male";"2015";"440.54"
"Incidence";"Salerno";"Lung";"75-85+";"Male";"2016";"416.32"
"Incidence";"Salerno";"Lung";"75-85+";"Female";"2010";"51.15"
"Incidence";"Salerno";"Lung";"75-85+";"Female";"2011";"69.45"
"Incidence";"Salerno";"Lung";"75-85+";"Female";"2012";"50.82"
"Incidence";"Salerno";"Lung";"75-85+";"Female";"2013";"48.58"
"Incidence";"Salerno";"Lung";"75-85+";"Female";"2014";"48.00"
"Incidence";"Salerno";"Lung";"75-85+";"Female";"2015";"78.82"
"Incidence";"Salerno";"Lung";"75-85+";"Female";"2016";"78.40"
"Mortality";"Marche";"Lung";"75-85+";"Female";"2010";"98.74"
"Mortality";"Marche";"Lung";"75-85+";"Female";"2011";"93.36"
"Mortality";"Marche";"Lung";"75-85+";"Female";"2012";"92.11"
"Mortality";"Marche";"Lung";"75-85+";"Female";"2013";"75.51"
"Mortality";"Marche";"Lung";"75-85+";"Female";"2014";"96.64"
"Mortality";"Marche";"Lung";"75-85+";"Female";"2015";"104.07"
"Mortality";"Marche";"Lung";"75-85+";"Female";"2016";"98.29"
"Mortality";"Friuli Venezia Giulia";"Lung";"0-14";"Male";"2011";"0.00"
"Mortality";"Friuli Venezia Giulia";"Lung";"0-14";"Male";"2012";"0.00"
"Mortality";"Friuli Venezia Giulia";"Lung";"0-14";"Male";"2013";"0.00"
"Mortality";"Friuli Venezia Giulia";"Lung";"0-14";"Male";"2014";"0.00"
"Mortality";"Friuli Venezia Giulia";"Lung";"0-14";"Male";"2015";"0.00"
"Mortality";"Friuli Venezia Giulia";"Lung";"0-14";"Male";"2016";"0.00"
"Mortality";"Friuli Venezia Giulia";"Lung";"0-14";"Male";"2017";"0.00"
"Mortality";"Friuli Venezia Giulia";"Lung";"0-14";"Male";"2018";"0.00"
"Mortality";"Friuli Venezia Giulia";"Lung";"0-14";"Male";"2019";"0.00"
"Mortality";"Friuli Venezia Giulia";"Lung";"0-14";"Male";"2020";"0.00"
"Mortality";"Friuli Venezia Giulia";"Lung";"0-14";"Female";"2011";"0.00"
"Mortality";"Friuli Venezia Giulia";"Lung";"0-14";"Female";"2012";"0.00"
"Mortality";"Friuli Venezia Giulia";"Lung";"0-14";"Female";"2013";"0.00"
"Mortality";"Friuli Venezia Giulia";"Lung";"0-14";"Female";"2014";"0.00"
"Mortality";"Friuli Venezia Giulia";"Lung";"0-14";"Female";"2015";"0.00"
"Mortality";"Friuli Venezia Giulia";"Lung";"0-14";"Female";"2016";"0.00"
"Mortality";"Friuli Venezia Giulia";"Lung";"0-14";"Female";"2017";"0.00"
"Mortality";"Friuli Venezia Giulia";"Lung";"0-14";"Female";"2018";"0.00"
"Mortality";"Friuli Venezia Giulia";"Lung";"0-14";"Female";"2019";"0.00"
"Mortality";"Friuli Venezia Giulia";"Lung";"0-14";"Female";"2020";"0.00"
"Mortality";"Avellino";"Lung";"0-14";"Male";"2011";"0.00"
"Mortality";"Avellino";"Lung";"0-14";"Male";"2012";"0.00"
"Mortality";"Avellino";"Lung";"0-14";"Male";"2013";"0.00"
"Mortality";"Avellino";"Lung";"0-14";"Male";"2014";"0.00"
"Mortality";"Avellino";"Lung";"0-14";"Male";"2015";"0.00"
"Mortality";"Avellino";"Lung";"0-14";"Female";"2011";"0.00"
"Mortality";"Avellino";"Lung";"0-14";"Female";"2012";"0.00"
"Mortality";"Avellino";"Lung";"0-14";"Female";"2013";"0.00"
"Mortality";"Avellino";"Lung";"0-14";"Female";"2014";"0.00"
"Mortality";"Avellino";"Lung";"0-14";"Female";"2015";"0.00"
"Incidence";"Agrigento";"Lung";"0-14";"Female";"2011";"0.00"
"Incidence";"Agrigento";"Lung";"0-14";"Female";"2012";"0.00"
"Incidence";"Agrigento";"Lung";"0-14";"Female";"2013";"0.00"
"Incidence";"Agrigento";"Lung";"0-14";"Female";"2014";"0.00"
"Incidence";"Agrigento";"Lung";"0-14";"Female";"2015";"0.00"
"Incidence";"Agrigento";"Lung";"0-14";"Female";"2016";"0.00"
"Incidence";"Agrigento";"Lung";"0-14";"Female";"2017";"0.00"
"Incidence";"Agrigento";"Lung";"0-14";"Female";"2018";"0.00"
"Incidence";"Agrigento";"Lung";"0-14";"Female";"2019";"0.00"
"Incidence";"Agrigento";"Lung";"0-14";"Male";"2011";"0.00"
"Incidence";"Agrigento";"Lung";"0-14";"Male";"2012";"0.00"
"Incidence";"Agrigento";"Lung";"0-14";"Male";"2013";"0.00"
"Incidence";"Agrigento";"Lung";"0-14";"Male";"2014";"0.00"
"Incidence";"Agrigento";"Lung";"0-14";"Male";"2015";"0.00"
"Incidence";"Agrigento";"Lung";"0-14";"Male";"2016";"0.00"
"Incidence";"Agrigento";"Lung";"0-14";"Male";"2017";"0.00"
"Incidence";"Agrigento";"Lung";"0-14";"Male";"2018";"0.00"
"Incidence";"Agrigento";"Lung";"0-14";"Male";"2019";"0.00"
"Incidence";"Agrigento";"Lung";"15-29";"Female";"2011";"0.00"
"Incidence";"Agrigento";"Lung";"15-29";"Female";"2012";"0.00"
"Incidence";"Agrigento";"Lung";"15-29";"Female";"2013";"2.50"
"Incidence";"Agrigento";"Lung";"15-29";"Female";"2014";"0.00"
"Incidence";"Agrigento";"Lung";"15-29";"Female";"2015";"0.00"
"Incidence";"Agrigento";"Lung";"15-29";"Female";"2016";"0.00"
"Incidence";"Agrigento";"Lung";"15-29";"Female";"2017";"0.00"
"Incidence";"Agrigento";"Lung";"15-29";"Female";"2018";"0.00"
"Incidence";"Agrigento";"Lung";"15-29";"Female";"2019";"0.00"
"Mortality";"Friuli Venezia Giulia";"Lung";"15-29";"Female";"2011";"0.00"
"Mortality";"Friuli Venezia Giulia";"Lung";"15-29";"Female";"2012";"0.00"
"Mortality";"Friuli Venezia Giulia";"Lung";"15-29";"Female";"2013";"0.00"
"Mortality";"Friuli Venezia Giulia";"Lung";"15-29";"Female";"2014";"0.00"
"Mortality";"Friuli Venezia Giulia";"Lung";"15-29";"Female";"2015";"0.00"
"Mortality";"Friuli Venezia Giulia";"Lung";"15-29";"Female";"2016";"0.00"
"Mortality";"Friuli Venezia Giulia";"Lung";"15-29";"Female";"2017";"0.00"
"Mortality";"Friuli Venezia Giulia";"Lung";"15-29";"Female";"2018";"0.00"
"Mortality";"Friuli Venezia Giulia";"Lung";"15-29";"Female";"2019";"0.00"
"Mortality";"Friuli Venezia Giulia";"Lung";"15-29";"Female";"2020";"0.00"
"Incidence";"Agrigento";"Lung";"15-29";"Male";"2011";"2.36"
"Incidence";"Agrigento";"Lung";"15-29";"Male";"2012";"0.00"
"Incidence";"Agrigento";"Lung";"15-29";"Male";"2013";"0.00"
"Incidence";"Agrigento";"Lung";"15-29";"Male";"2014";"0.00"
"Incidence";"Agrigento";"Lung";"15-29";"Male";"2015";"0.00"
"Incidence";"Agrigento";"Lung";"15-29";"Male";"2016";"0.00"
"Incidence";"Agrigento";"Lung";"15-29";"Male";"2017";"0.00"
"Incidence";"Agrigento";"Lung";"15-29";"Male";"2018";"0.00"
"Incidence";"Agrigento";"Lung";"15-29";"Male";"2019";"0.00"
"Mortality";"Friuli Venezia Giulia";"Lung";"15-29";"Male";"2011";"0.00"
"Mortality";"Friuli Venezia Giulia";"Lung";"15-29";"Male";"2012";"0.00"
"Mortality";"Friuli Venezia Giulia";"Lung";"15-29";"Male";"2013";"0.00"
"Mortality";"Friuli Venezia Giulia";"Lung";"15-29";"Male";"2014";"0.00"
"Mortality";"Friuli Venezia Giulia";"Lung";"15-29";"Male";"2015";"0.00"
"Mortality";"Friuli Venezia Giulia";"Lung";"15-29";"Male";"2016";"0.00"
"Mortality";"Friuli Venezia Giulia";"Lung";"15-29";"Male";"2017";"0.00"
"Mortality";"Friuli Venezia Giulia";"Lung";"15-29";"Male";"2018";"0.00"
"Mortality";"Friuli Venezia Giulia";"Lung";"15-29";"Male";"2019";"0.00"
"Mortality";"Friuli Venezia Giulia";"Lung";"15-29";"Male";"2020";"0.00"
"Mortality";"Avellino";"Lung";"15-29";"Male";"2011";"0.00"
"Mortality";"Avellino";"Lung";"15-29";"Male";"2012";"0.00"
"Mortality";"Avellino";"Lung";"15-29";"Male";"2013";"0.00"
"Mortality";"Avellino";"Lung";"15-29";"Male";"2014";"0.00"
"Mortality";"Avellino";"Lung";"15-29";"Male";"2015";"0.00"
"Mortality";"Avellino";"Lung";"15-29";"Female";"2011";"0.00"
"Mortality";"Avellino";"Lung";"15-29";"Female";"2012";"0.00"
"Mortality";"Avellino";"Lung";"15-29";"Female";"2013";"0.00"
"Mortality";"Avellino";"Lung";"15-29";"Female";"2014";"0.00"
"Mortality";"Avellino";"Lung";"15-29";"Female";"2015";"0.00"
"Mortality";"Avellino";"Lung";"30-44";"Female";"2011";"0.00"
"Mortality";"Avellino";"Lung";"30-44";"Female";"2012";"0.00"
"Mortality";"Avellino";"Lung";"30-44";"Female";"2013";"2.20"
"Mortality";"Avellino";"Lung";"30-44";"Female";"2014";"2.25"
"Mortality";"Avellino";"Lung";"30-44";"Female";"2015";"0.00"
"Mortality";"Friuli Venezia Giulia";"Lung";"30-44";"Female";"2011";"1.49"
"Mortality";"Friuli Venezia Giulia";"Lung";"30-44";"Female";"2012";"1.53"
"Mortality";"Friuli Venezia Giulia";"Lung";"30-44";"Female";"2013";"1.57"
"Mortality";"Friuli Venezia Giulia";"Lung";"30-44";"Female";"2014";"0.81"
"Mortality";"Friuli Venezia Giulia";"Lung";"30-44";"Female";"2015";"1.66"
"Mortality";"Friuli Venezia Giulia";"Lung";"30-44";"Female";"2016";"2.59"
"Mortality";"Friuli Venezia Giulia";"Lung";"30-44";"Female";"2017";"0.00"
"Mortality";"Friuli Venezia Giulia";"Lung";"30-44";"Female";"2018";"0.00"
"Mortality";"Friuli Venezia Giulia";"Lung";"30-44";"Female";"2019";"0.95"
"Mortality";"Friuli Venezia Giulia";"Lung";"30-44";"Female";"2020";"0.00"
"Incidence";"Agrigento";"Lung";"30-44";"Male";"2011";"4.25"
"Incidence";"Agrigento";"Lung";"30-44";"Male";"2012";"2.14"
"Incidence";"Agrigento";"Lung";"30-44";"Male";"2013";"4.37"
"Incidence";"Agrigento";"Lung";"30-44";"Male";"2014";"0.00"
"Incidence";"Agrigento";"Lung";"30-44";"Male";"2015";"6.84"
"Incidence";"Agrigento";"Lung";"30-44";"Male";"2016";"4.65"
"Incidence";"Agrigento";"Lung";"30-44";"Male";"2017";"4.78"
"Incidence";"Agrigento";"Lung";"30-44";"Male";"2018";"2.45"
"Incidence";"Agrigento";"Lung";"30-44";"Male";"2019";"4.99"
"Mortality";"Friuli Venezia Giulia";"Lung";"30-44";"Male";"2011";"2.17"
"Mortality";"Friuli Venezia Giulia";"Lung";"30-44";"Male";"2012";"2.99"
"Mortality";"Friuli Venezia Giulia";"Lung";"30-44";"Male";"2013";"0.76"
"Mortality";"Friuli Venezia Giulia";"Lung";"30-44";"Male";"2014";"0.00"
"Mortality";"Friuli Venezia Giulia";"Lung";"30-44";"Male";"2015";"0.00"
"Mortality";"Friuli Venezia Giulia";"Lung";"30-44";"Male";"2016";"2.53"
"Mortality";"Friuli Venezia Giulia";"Lung";"30-44";"Male";"2017";"1.74"
"Mortality";"Friuli Venezia Giulia";"Lung";"30-44";"Male";"2018";"2.70"
"Mortality";"Friuli Venezia Giulia";"Lung";"30-44";"Male";"2019";"4.59"
"Mortality";"Friuli Venezia Giulia";"Lung";"30-44";"Male";"2020";"0.95"
"Mortality";"Avellino";"Lung";"30-44";"Male";"2011";"0.00"
"Mortality";"Avellino";"Lung";"30-44";"Male";"2012";"0.00"
"Mortality";"Avellino";"Lung";"30-44";"Male";"2013";"4.46"
"Mortality";"Avellino";"Lung";"30-44";"Male";"2014";"0.00"
"Mortality";"Avellino";"Lung";"30-44";"Male";"2015";"0.00"
"Incidence";"Agrigento";"Lung";"30-44";"Female";"2011";"6.15"
"Incidence";"Agrigento";"Lung";"30-44";"Female";"2012";"6.24"
"Incidence";"Agrigento";"Lung";"30-44";"Female";"2013";"4.28"
"Incidence";"Agrigento";"Lung";"30-44";"Female";"2014";"4.39"
"Incidence";"Agrigento";"Lung";"30-44";"Female";"2015";"0.00"
"Incidence";"Agrigento";"Lung";"30-44";"Female";"2016";"0.00"
"Incidence";"Agrigento";"Lung";"30-44";"Female";"2017";"0.00"
"Incidence";"Agrigento";"Lung";"30-44";"Female";"2018";"2.46"
"Incidence";"Agrigento";"Lung";"30-44";"Female";"2019";"2.52"
"Mortality";"Friuli Venezia Giulia";"Lung";"45-59";"Male";"2011";"41.44"
"Mortality";"Friuli Venezia Giulia";"Lung";"45-59";"Male";"2012";"31.73"
"Mortality";"Friuli Venezia Giulia";"Lung";"45-59";"Male";"2013";"31.16"
"Mortality";"Friuli Venezia Giulia";"Lung";"45-59";"Male";"2014";"22.56"
"Mortality";"Friuli Venezia Giulia";"Lung";"45-59";"Male";"2015";"26.51"
"Mortality";"Friuli Venezia Giulia";"Lung";"45-59";"Male";"2016";"24.79"
"Mortality";"Friuli Venezia Giulia";"Lung";"45-59";"Male";"2017";"23.12"
"Mortality";"Friuli Venezia Giulia";"Lung";"45-59";"Male";"2018";"22.84"
"Mortality";"Friuli Venezia Giulia";"Lung";"45-59";"Male";"2019";"18.51"
"Mortality";"Friuli Venezia Giulia";"Lung";"45-59";"Male";"2020";"23.21"
"Mortality";"Friuli Venezia Giulia";"Lung";"45-59";"Female";"2011";"25.04"
"Mortality";"Friuli Venezia Giulia";"Lung";"45-59";"Female";"2012";"19.42"
"Mortality";"Friuli Venezia Giulia";"Lung";"45-59";"Female";"2013";"25.69"
"Mortality";"Friuli Venezia Giulia";"Lung";"45-59";"Female";"2014";"23.85"
"Mortality";"Friuli Venezia Giulia";"Lung";"45-59";"Female";"2015";"13.54"
"Mortality";"Friuli Venezia Giulia";"Lung";"45-59";"Female";"2016";"15.47"
"Mortality";"Friuli Venezia Giulia";"Lung";"45-59";"Female";"2017";"18.76"
"Mortality";"Friuli Venezia Giulia";"Lung";"45-59";"Female";"2018";"13.07"
"Mortality";"Friuli Venezia Giulia";"Lung";"45-59";"Female";"2019";"12.28"
"Mortality";"Friuli Venezia Giulia";"Lung";"45-59";"Female";"2020";"10.85"
"Incidence";"Agrigento";"Lung";"45-59";"Female";"2011";"30.53"
"Incidence";"Agrigento";"Lung";"45-59";"Female";"2012";"34.25"
"Incidence";"Agrigento";"Lung";"45-59";"Female";"2013";"14.71"
"Incidence";"Agrigento";"Lung";"45-59";"Female";"2014";"22.78"
"Incidence";"Agrigento";"Lung";"45-59";"Female";"2015";"14.37"
"Incidence";"Agrigento";"Lung";"45-59";"Female";"2016";"24.51"
"Incidence";"Agrigento";"Lung";"45-59";"Female";"2017";"34.58"
"Incidence";"Agrigento";"Lung";"45-59";"Female";"2018";"18.35"
"Incidence";"Agrigento";"Lung";"45-59";"Female";"2019";"12.23"
"Incidence";"Agrigento";"Lung";"45-59";"Male";"2011";"51.69"
"Incidence";"Agrigento";"Lung";"45-59";"Male";"2012";"48.31"
"Incidence";"Agrigento";"Lung";"45-59";"Male";"2013";"49.77"
"Incidence";"Agrigento";"Lung";"45-59";"Male";"2014";"31.15"
"Incidence";"Agrigento";"Lung";"45-59";"Male";"2015";"44.01"
"Incidence";"Agrigento";"Lung";"45-59";"Male";"2016";"56.92"
"Incidence";"Agrigento";"Lung";"45-59";"Male";"2017";"65.33"
"Incidence";"Agrigento";"Lung";"45-59";"Male";"2018";"30.55"
"Incidence";"Agrigento";"Lung";"45-59";"Male";"2019";"39.29"
"Mortality";"Avellino";"Lung";"45-59";"Male";"2011";"0.00"
"Mortality";"Avellino";"Lung";"45-59";"Male";"2012";"26.09"
"Mortality";"Avellino";"Lung";"45-59";"Male";"2013";"32.23"
"Mortality";"Avellino";"Lung";"45-59";"Male";"2014";"34.04"
"Mortality";"Avellino";"Lung";"45-59";"Male";"2015";"35.81"
"Mortality";"Avellino";"Lung";"45-59";"Female";"2011";"0.00"
"Mortality";"Avellino";"Lung";"45-59";"Female";"2012";"21.46"
"Mortality";"Avellino";"Lung";"45-59";"Female";"2013";"6.34"
"Mortality";"Avellino";"Lung";"45-59";"Female";"2014";"18.72"
"Mortality";"Avellino";"Lung";"45-59";"Female";"2015";"14.42"
"Incidence";"Agrigento";"Lung";"60-74";"Male";"2011";"274.85"
"Incidence";"Agrigento";"Lung";"60-74";"Male";"2012";"239.73"
"Incidence";"Agrigento";"Lung";"60-74";"Male";"2013";"363.83"
"Incidence";"Agrigento";"Lung";"60-74";"Male";"2014";"276.46"
"Incidence";"Agrigento";"Lung";"60-74";"Male";"2015";"248.02"
"Incidence";"Agrigento";"Lung";"60-74";"Male";"2016";"274.92"
"Incidence";"Agrigento";"Lung";"60-74";"Male";"2017";"288.94"
"Incidence";"Agrigento";"Lung";"60-74";"Male";"2018";"230.17"
"Incidence";"Agrigento";"Lung";"60-74";"Male";"2019";"241.61"
"Incidence";"Agrigento";"Lung";"60-74";"Female";"2011";"26.79"
"Incidence";"Agrigento";"Lung";"60-74";"Female";"2012";"45.32"
"Incidence";"Agrigento";"Lung";"60-74";"Female";"2013";"34.68"
"Incidence";"Agrigento";"Lung";"60-74";"Female";"2014";"21.47"
"Incidence";"Agrigento";"Lung";"60-74";"Female";"2015";"45.55"
"Incidence";"Agrigento";"Lung";"60-74";"Female";"2016";"61.35"
"Incidence";"Agrigento";"Lung";"60-74";"Female";"2017";"57.94"
"Incidence";"Agrigento";"Lung";"60-74";"Female";"2018";"57.03"
"Incidence";"Agrigento";"Lung";"60-74";"Female";"2019";"48.51"
"Mortality";"Friuli Venezia Giulia";"Lung";"60-74";"Female";"2011";"69.55"
"Mortality";"Friuli Venezia Giulia";"Lung";"60-74";"Female";"2012";"73.46"
"Mortality";"Friuli Venezia Giulia";"Lung";"60-74";"Female";"2013";"78.24"
"Mortality";"Friuli Venezia Giulia";"Lung";"60-74";"Female";"2014";"60.58"
"Mortality";"Friuli Venezia Giulia";"Lung";"60-74";"Female";"2015";"78.26"
"Mortality";"Friuli Venezia Giulia";"Lung";"60-74";"Female";"2016";"78.97"
"Mortality";"Friuli Venezia Giulia";"Lung";"60-74";"Female";"2017";"76.67"
"Mortality";"Friuli Venezia Giulia";"Lung";"60-74";"Female";"2018";"82.46"
"Mortality";"Friuli Venezia Giulia";"Lung";"60-74";"Female";"2019";"83.81"
"Mortality";"Friuli Venezia Giulia";"Lung";"60-74";"Female";"2020";"75.91"
"Mortality";"Friuli Venezia Giulia";"Lung";"60-74";"Male";"2011";"209.27"
"Mortality";"Friuli Venezia Giulia";"Lung";"60-74";"Male";"2012";"203.32"
"Mortality";"Friuli Venezia Giulia";"Lung";"60-74";"Male";"2013";"174.01"
"Mortality";"Friuli Venezia Giulia";"Lung";"60-74";"Male";"2014";"184.93"
"Mortality";"Friuli Venezia Giulia";"Lung";"60-74";"Male";"2015";"166.86"
"Mortality";"Friuli Venezia Giulia";"Lung";"60-74";"Male";"2016";"163.48"
"Mortality";"Friuli Venezia Giulia";"Lung";"60-74";"Male";"2017";"166.59"
"Mortality";"Friuli Venezia Giulia";"Lung";"60-74";"Male";"2018";"139.60"
"Mortality";"Friuli Venezia Giulia";"Lung";"60-74";"Male";"2019";"141.13"
"Mortality";"Friuli Venezia Giulia";"Lung";"60-74";"Male";"2020";"151.64"
"Mortality";"Avellino";"Lung";"60-74";"Male";"2011";"3.20"
"Mortality";"Avellino";"Lung";"60-74";"Male";"2012";"255.63"
"Mortality";"Avellino";"Lung";"60-74";"Male";"2013";"203.42"
"Mortality";"Avellino";"Lung";"60-74";"Male";"2014";"217.31"
"Mortality";"Avellino";"Lung";"60-74";"Male";"2015";"169.58"
"Mortality";"Avellino";"Lung";"60-74";"Female";"2011";"0.00"
"Mortality";"Avellino";"Lung";"60-74";"Female";"2012";"32.52"
"Mortality";"Avellino";"Lung";"60-74";"Female";"2013";"35.42"
"Mortality";"Avellino";"Lung";"60-74";"Female";"2014";"50.04"
"Mortality";"Avellino";"Lung";"60-74";"Female";"2015";"41.03"
"Mortality";"Avellino";"Lung";"75-85+";"Male";"2011";"0.00"
"Mortality";"Avellino";"Lung";"75-85+";"Male";"2012";"493.46"
"Mortality";"Avellino";"Lung";"75-85+";"Male";"2013";"416.16"
"Mortality";"Avellino";"Lung";"75-85+";"Male";"2014";"455.19"
"Mortality";"Avellino";"Lung";"75-85+";"Male";"2015";"447.79"
"Mortality";"Friuli Venezia Giulia";"Lung";"75-85+";"Male";"2011";"516.87"
"Mortality";"Friuli Venezia Giulia";"Lung";"75-85+";"Male";"2012";"507.57"
"Mortality";"Friuli Venezia Giulia";"Lung";"75-85+";"Male";"2013";"478.37"
"Mortality";"Friuli Venezia Giulia";"Lung";"75-85+";"Male";"2014";"428.29"
"Mortality";"Friuli Venezia Giulia";"Lung";"75-85+";"Male";"2015";"468.52"
"Mortality";"Friuli Venezia Giulia";"Lung";"75-85+";"Male";"2016";"423.88"
"Mortality";"Friuli Venezia Giulia";"Lung";"75-85+";"Male";"2017";"377.69"
"Mortality";"Friuli Venezia Giulia";"Lung";"75-85+";"Male";"2018";"382.77"
"Mortality";"Friuli Venezia Giulia";"Lung";"75-85+";"Male";"2019";"361.78"
"Mortality";"Friuli Venezia Giulia";"Lung";"75-85+";"Male";"2020";"359.59"
"Incidence";"Agrigento";"Lung";"75-85+";"Male";"2011";"400.91"
"Incidence";"Agrigento";"Lung";"75-85+";"Male";"2012";"386.62"
"Incidence";"Agrigento";"Lung";"75-85+";"Male";"2013";"354.80"
"Incidence";"Agrigento";"Lung";"75-85+";"Male";"2014";"365.94"
"Incidence";"Agrigento";"Lung";"75-85+";"Male";"2015";"398.04"
"Incidence";"Agrigento";"Lung";"75-85+";"Male";"2016";"468.99"
"Incidence";"Agrigento";"Lung";"75-85+";"Male";"2017";"443.35"
"Incidence";"Agrigento";"Lung";"75-85+";"Male";"2018";"409.82"
"Incidence";"Agrigento";"Lung";"75-85+";"Male";"2019";"319.21"
"Incidence";"Agrigento";"Lung";"75-85+";"Female";"2011";"52.71"
"Incidence";"Agrigento";"Lung";"75-85+";"Female";"2012";"70.35"
"Incidence";"Agrigento";"Lung";"75-85+";"Female";"2013";"66.06"
"Incidence";"Agrigento";"Lung";"75-85+";"Female";"2014";"86.34"
"Incidence";"Agrigento";"Lung";"75-85+";"Female";"2015";"63.56"
"Incidence";"Agrigento";"Lung";"75-85+";"Female";"2016";"45.46"
"Incidence";"Agrigento";"Lung";"75-85+";"Female";"2017";"73.23"
"Incidence";"Agrigento";"Lung";"75-85+";"Female";"2018";"67.10"
"Incidence";"Agrigento";"Lung";"75-85+";"Female";"2019";"63.91"
"Mortality";"Friuli Venezia Giulia";"Lung";"75-85+";"Female";"2011";"158.58"
"Mortality";"Friuli Venezia Giulia";"Lung";"75-85+";"Female";"2012";"177.86"
"Mortality";"Friuli Venezia Giulia";"Lung";"75-85+";"Female";"2013";"136.31"
"Mortality";"Friuli Venezia Giulia";"Lung";"75-85+";"Female";"2014";"156.22"
"Mortality";"Friuli Venezia Giulia";"Lung";"75-85+";"Female";"2015";"135.60"
"Mortality";"Friuli Venezia Giulia";"Lung";"75-85+";"Female";"2016";"132.37"
"Mortality";"Friuli Venezia Giulia";"Lung";"75-85+";"Female";"2017";"143.47"
"Mortality";"Friuli Venezia Giulia";"Lung";"75-85+";"Female";"2018";"119.22"
"Mortality";"Friuli Venezia Giulia";"Lung";"75-85+";"Female";"2019";"145.02"
"Mortality";"Friuli Venezia Giulia";"Lung";"75-85+";"Female";"2020";"141.68"
"Mortality";"Avellino";"Lung";"75-85+";"Female";"2011";"0.00"
"Mortality";"Avellino";"Lung";"75-85+";"Female";"2012";"60.08"
"Mortality";"Avellino";"Lung";"75-85+";"Female";"2013";"73.72"
"Mortality";"Avellino";"Lung";"75-85+";"Female";"2014";"66.42"
"Mortality";"Avellino";"Lung";"75-85+";"Female";"2015";"111.17"
"Mortality";"Naples South";"Lung";"0-14";"Male";"2012";"0.00"
"Mortality";"Naples South";"Lung";"0-14";"Male";"2013";"0.00"
"Mortality";"Naples South";"Lung";"0-14";"Male";"2014";"0.00"
"Mortality";"Naples South";"Lung";"0-14";"Male";"2015";"0.00"
"Mortality";"Naples South";"Lung";"0-14";"Male";"2016";"0.00"
"Mortality";"Naples South";"Lung";"0-14";"Male";"2017";"0.00"
"Mortality";"Naples South";"Lung";"0-14";"Male";"2018";"0.00"
"Mortality";"Benevento";"Lung";"0-14";"Male";"2012";"0.00"
"Mortality";"Benevento";"Lung";"0-14";"Male";"2013";"0.00"
"Mortality";"Benevento";"Lung";"0-14";"Male";"2014";"0.00"
"Mortality";"Benevento";"Lung";"0-14";"Male";"2015";"0.00"
"Mortality";"Benevento";"Lung";"0-14";"Male";"2016";"0.00"
"Mortality";"Benevento";"Lung";"0-14";"Female";"2012";"0.00"
"Mortality";"Benevento";"Lung";"0-14";"Female";"2013";"0.00"
"Mortality";"Benevento";"Lung";"0-14";"Female";"2014";"0.00"
"Mortality";"Benevento";"Lung";"0-14";"Female";"2015";"0.00"
"Mortality";"Benevento";"Lung";"0-14";"Female";"2016";"0.00"
"Mortality";"Naples North";"Lung";"0-14";"Female";"2012";"0.00"
"Mortality";"Naples North";"Lung";"0-14";"Female";"2013";"0.00"
"Mortality";"Naples North";"Lung";"0-14";"Female";"2014";"0.00"
"Mortality";"Naples North";"Lung";"0-14";"Female";"2015";"0.00"
"Mortality";"Naples North";"Lung";"0-14";"Female";"2016";"0.00"
"Mortality";"Naples North";"Lung";"0-14";"Male";"2012";"0.00"
"Mortality";"Naples North";"Lung";"0-14";"Male";"2013";"0.00"
"Mortality";"Naples North";"Lung";"0-14";"Male";"2014";"0.00"
"Mortality";"Naples North";"Lung";"0-14";"Male";"2015";"0.00"
"Mortality";"Naples North";"Lung";"0-14";"Male";"2016";"0.00"
"Mortality";"Caserta";"Lung";"0-14";"Female";"2012";"0.00"
"Mortality";"Caserta";"Lung";"0-14";"Female";"2013";"0.00"
"Mortality";"Caserta";"Lung";"0-14";"Female";"2014";"0.00"
"Mortality";"Caserta";"Lung";"0-14";"Female";"2015";"1.40"
"Mortality";"Caserta";"Lung";"0-14";"Female";"2016";"0.00"
"Mortality";"Caserta";"Lung";"0-14";"Male";"2012";"0.00"
"Mortality";"Caserta";"Lung";"0-14";"Male";"2013";"0.00"
"Mortality";"Caserta";"Lung";"0-14";"Male";"2014";"0.00"
"Mortality";"Caserta";"Lung";"0-14";"Male";"2015";"0.00"
"Mortality";"Caserta";"Lung";"0-14";"Male";"2016";"0.00"
"Mortality";"Salerno";"Lung";"0-14";"Female";"2012";"2.56"
"Mortality";"Salerno";"Lung";"0-14";"Female";"2013";"1.29"
"Mortality";"Salerno";"Lung";"0-14";"Female";"2014";"0.00"
"Mortality";"Salerno";"Lung";"0-14";"Female";"2015";"0.00"
"Mortality";"Salerno";"Lung";"0-14";"Female";"2016";"0.00"
"Mortality";"Salerno";"Lung";"0-14";"Male";"2012";"0.00"
"Mortality";"Salerno";"Lung";"0-14";"Male";"2013";"1.21"
"Mortality";"Salerno";"Lung";"0-14";"Male";"2014";"0.00"
"Mortality";"Salerno";"Lung";"0-14";"Male";"2015";"0.00"
"Mortality";"Salerno";"Lung";"0-14";"Male";"2016";"0.00"
"Mortality";"Naples South";"Lung";"0-14";"Female";"2012";"0.00"
"Mortality";"Naples South";"Lung";"0-14";"Female";"2013";"1.15"
"Mortality";"Naples South";"Lung";"0-14";"Female";"2014";"0.00"
"Mortality";"Naples South";"Lung";"0-14";"Female";"2015";"0.00"
"Mortality";"Naples South";"Lung";"0-14";"Female";"2016";"0.00"
"Mortality";"Naples South";"Lung";"0-14";"Female";"2017";"0.00"
"Mortality";"Naples South";"Lung";"0-14";"Female";"2018";"0.00"
"Mortality";"Salerno";"Lung";"15-29";"Male";"2012";"0.96"
"Mortality";"Salerno";"Lung";"15-29";"Male";"2013";"0.00"
"Mortality";"Salerno";"Lung";"15-29";"Male";"2014";"0.00"
"Mortality";"Salerno";"Lung";"15-29";"Male";"2015";"0.00"
"Mortality";"Salerno";"Lung";"15-29";"Male";"2016";"0.00"
"Mortality";"Benevento";"Lung";"15-29";"Male";"2012";"0.00"
"Mortality";"Benevento";"Lung";"15-29";"Male";"2013";"0.00"
"Mortality";"Benevento";"Lung";"15-29";"Male";"2014";"0.00"
"Mortality";"Benevento";"Lung";"15-29";"Male";"2015";"0.00"
"Mortality";"Benevento";"Lung";"15-29";"Male";"2016";"0.00"
"Mortality";"Caserta";"Lung";"15-29";"Male";"2012";"0.00"
"Mortality";"Caserta";"Lung";"15-29";"Male";"2013";"1.11"
"Mortality";"Caserta";"Lung";"15-29";"Male";"2014";"0.00"
"Mortality";"Caserta";"Lung";"15-29";"Male";"2015";"0.00"
"Mortality";"Caserta";"Lung";"15-29";"Male";"2016";"0.00"
"Mortality";"Benevento";"Lung";"15-29";"Female";"2012";"0.00"
"Mortality";"Benevento";"Lung";"15-29";"Female";"2013";"0.00"
"Mortality";"Benevento";"Lung";"15-29";"Female";"2014";"0.00"
"Mortality";"Benevento";"Lung";"15-29";"Female";"2015";"0.00"
"Mortality";"Benevento";"Lung";"15-29";"Female";"2016";"0.00"
"Mortality";"Caserta";"Lung";"15-29";"Female";"2012";"1.12"
"Mortality";"Caserta";"Lung";"15-29";"Female";"2013";"0.00"
"Mortality";"Caserta";"Lung";"15-29";"Female";"2014";"1.16"
"Mortality";"Caserta";"Lung";"15-29";"Female";"2015";"0.00"
"Mortality";"Caserta";"Lung";"15-29";"Female";"2016";"0.00"
"Mortality";"Salerno";"Lung";"15-29";"Female";"2012";"0.00"
"Mortality";"Salerno";"Lung";"15-29";"Female";"2013";"1.01"
"Mortality";"Salerno";"Lung";"15-29";"Female";"2014";"0.00"
"Mortality";"Salerno";"Lung";"15-29";"Female";"2015";"0.00"
"Mortality";"Salerno";"Lung";"15-29";"Female";"2016";"0.00"
"Mortality";"Naples North";"Lung";"15-29";"Male";"2012";"0.00"
"Mortality";"Naples North";"Lung";"15-29";"Male";"2013";"0.00"
"Mortality";"Naples North";"Lung";"15-29";"Male";"2014";"0.00"
"Mortality";"Naples North";"Lung";"15-29";"Male";"2015";"0.00"
"Mortality";"Naples North";"Lung";"15-29";"Male";"2016";"0.00"
"Mortality";"Naples South";"Lung";"15-29";"Female";"2012";"0.00"
"Mortality";"Naples South";"Lung";"15-29";"Female";"2013";"0.00"
"Mortality";"Naples South";"Lung";"15-29";"Female";"2014";"0.00"
"Mortality";"Naples South";"Lung";"15-29";"Female";"2015";"0.00"
"Mortality";"Naples South";"Lung";"15-29";"Female";"2016";"0.00"
"Mortality";"Naples South";"Lung";"15-29";"Female";"2017";"0.00"
"Mortality";"Naples South";"Lung";"15-29";"Female";"2018";"0.00"
"Mortality";"Naples South";"Lung";"15-29";"Male";"2012";"0.00"
"Mortality";"Naples South";"Lung";"15-29";"Male";"2013";"0.00"
"Mortality";"Naples South";"Lung";"15-29";"Male";"2014";"0.00"
"Mortality";"Naples South";"Lung";"15-29";"Male";"2015";"0.97"
"Mortality";"Naples South";"Lung";"15-29";"Male";"2016";"0.00"
"Mortality";"Naples South";"Lung";"15-29";"Male";"2017";"0.00"
"Mortality";"Naples South";"Lung";"15-29";"Male";"2018";"0.00"
"Mortality";"Naples North";"Lung";"15-29";"Female";"2012";"0.00"
"Mortality";"Naples North";"Lung";"15-29";"Female";"2013";"0.00"
"Mortality";"Naples North";"Lung";"15-29";"Female";"2014";"0.00"
"Mortality";"Naples North";"Lung";"15-29";"Female";"2015";"0.00"
"Mortality";"Naples North";"Lung";"15-29";"Female";"2016";"0.00"
"Mortality";"Salerno";"Lung";"30-44";"Male";"2012";"0.00"
"Mortality";"Salerno";"Lung";"30-44";"Male";"2013";"1.72"
"Mortality";"Salerno";"Lung";"30-44";"Male";"2014";"0.87"
"Mortality";"Salerno";"Lung";"30-44";"Male";"2015";"0.88"
"Mortality";"Salerno";"Lung";"30-44";"Male";"2016";"4.44"
"Mortality";"Benevento";"Lung";"30-44";"Male";"2012";"0.00"
"Mortality";"Benevento";"Lung";"30-44";"Male";"2013";"3.49"
"Mortality";"Benevento";"Lung";"30-44";"Male";"2014";"3.57"
"Mortality";"Benevento";"Lung";"30-44";"Male";"2015";"7.27"
"Mortality";"Benevento";"Lung";"30-44";"Male";"2016";"0.00"
"Mortality";"Benevento";"Lung";"30-44";"Female";"2012";"0.00"
"Mortality";"Benevento";"Lung";"30-44";"Female";"2013";"0.00"
"Mortality";"Benevento";"Lung";"30-44";"Female";"2014";"0.00"
"Mortality";"Benevento";"Lung";"30-44";"Female";"2015";"3.58"
"Mortality";"Benevento";"Lung";"30-44";"Female";"2016";"0.00"
"Mortality";"Caserta";"Lung";"30-44";"Female";"2012";"0.95"
"Mortality";"Caserta";"Lung";"30-44";"Female";"2013";"1.93"
"Mortality";"Caserta";"Lung";"30-44";"Female";"2014";"1.95"
"Mortality";"Caserta";"Lung";"30-44";"Female";"2015";"0.00"
"Mortality";"Caserta";"Lung";"30-44";"Female";"2016";"0.00"
"Mortality";"Caserta";"Lung";"30-44";"Male";"2012";"4.89"
"Mortality";"Caserta";"Lung";"30-44";"Male";"2013";"5.93"
"Mortality";"Caserta";"Lung";"30-44";"Male";"2014";"2.00"
"Mortality";"Caserta";"Lung";"30-44";"Male";"2015";"5.04"
"Mortality";"Caserta";"Lung";"30-44";"Male";"2016";"1.02"
"Mortality";"Naples South";"Lung";"30-44";"Female";"2012";"1.67"
"Mortality";"Naples South";"Lung";"30-44";"Female";"2013";"2.55"
"Mortality";"Naples South";"Lung";"30-44";"Female";"2014";"0.86"
"Mortality";"Naples South";"Lung";"30-44";"Female";"2015";"1.75"
"Mortality";"Naples South";"Lung";"30-44";"Female";"2016";"1.78"
"Mortality";"Naples South";"Lung";"30-44";"Female";"2017";"0.00"
"Mortality";"Naples South";"Lung";"30-44";"Female";"2018";"1.85"
"Mortality";"Naples North";"Lung";"30-44";"Female";"2012";"4.06"
"Mortality";"Naples North";"Lung";"30-44";"Female";"2013";"2.49"
"Mortality";"Naples North";"Lung";"30-44";"Female";"2014";"2.53"
"Mortality";"Naples North";"Lung";"30-44";"Female";"2015";"3.44"
"Mortality";"Naples North";"Lung";"30-44";"Female";"2016";"0.00"
"Mortality";"Naples North";"Lung";"30-44";"Male";"2012";"7.79"
"Mortality";"Naples North";"Lung";"30-44";"Male";"2013";"2.64"
"Mortality";"Naples North";"Lung";"30-44";"Male";"2014";"5.35"
"Mortality";"Naples North";"Lung";"30-44";"Male";"2015";"1.81"
"Mortality";"Naples North";"Lung";"30-44";"Male";"2016";"0.91"
"Mortality";"Naples South";"Lung";"30-44";"Male";"2012";"5.29"
"Mortality";"Naples South";"Lung";"30-44";"Male";"2013";"3.58"
"Mortality";"Naples South";"Lung";"30-44";"Male";"2014";"2.72"
"Mortality";"Naples South";"Lung";"30-44";"Male";"2015";"7.34"
"Mortality";"Naples South";"Lung";"30-44";"Male";"2016";"3.69"
"Mortality";"Naples South";"Lung";"30-44";"Male";"2017";"1.87"
"Mortality";"Naples South";"Lung";"30-44";"Male";"2018";"1.89"
"Mortality";"Salerno";"Lung";"30-44";"Female";"2012";"0.84"
"Mortality";"Salerno";"Lung";"30-44";"Female";"2013";"0.00"
"Mortality";"Salerno";"Lung";"30-44";"Female";"2014";"1.73"
"Mortality";"Salerno";"Lung";"30-44";"Female";"2015";"0.00"
"Mortality";"Salerno";"Lung";"30-44";"Female";"2016";"0.90"
"Mortality";"Naples North";"Lung";"45-59";"Male";"2012";"62.53"
"Mortality";"Naples North";"Lung";"45-59";"Male";"2013";"55.70"
"Mortality";"Naples North";"Lung";"45-59";"Male";"2014";"55.88"
"Mortality";"Naples North";"Lung";"45-59";"Male";"2015";"44.95"
"Mortality";"Naples North";"Lung";"45-59";"Male";"2016";"44.48"
"Mortality";"Naples South";"Lung";"45-59";"Male";"2012";"44.57"
"Mortality";"Naples South";"Lung";"45-59";"Male";"2013";"48.70"
"Mortality";"Naples South";"Lung";"45-59";"Male";"2014";"43.36"
"Mortality";"Naples South";"Lung";"45-59";"Male";"2015";"43.85"
"Mortality";"Naples South";"Lung";"45-59";"Male";"2016";"41.57"
"Mortality";"Naples South";"Lung";"45-59";"Male";"2017";"25.60"
"Mortality";"Naples South";"Lung";"45-59";"Male";"2018";"30.76"
"Mortality";"Naples South";"Lung";"45-59";"Female";"2012";"22.33"
"Mortality";"Naples South";"Lung";"45-59";"Female";"2013";"28.06"
"Mortality";"Naples South";"Lung";"45-59";"Female";"2014";"23.34"
"Mortality";"Naples South";"Lung";"45-59";"Female";"2015";"29.98"
"Mortality";"Naples South";"Lung";"45-59";"Female";"2016";"28.91"
"Mortality";"Naples South";"Lung";"45-59";"Female";"2017";"20.20"
"Mortality";"Naples South";"Lung";"45-59";"Female";"2018";"17.56"
"Mortality";"Salerno";"Lung";"45-59";"Female";"2012";"6.63"
"Mortality";"Salerno";"Lung";"45-59";"Female";"2013";"8.13"
"Mortality";"Salerno";"Lung";"45-59";"Female";"2014";"13.63"
"Mortality";"Salerno";"Lung";"45-59";"Female";"2015";"18.24"
"Mortality";"Salerno";"Lung";"45-59";"Female";"2016";"15.76"
"Mortality";"Caserta";"Lung";"45-59";"Female";"2012";"19.98"
"Mortality";"Caserta";"Lung";"45-59";"Female";"2013";"17.45"
"Mortality";"Caserta";"Lung";"45-59";"Female";"2014";"21.09"
"Mortality";"Caserta";"Lung";"45-59";"Female";"2015";"19.84"
"Mortality";"Caserta";"Lung";"45-59";"Female";"2016";"22.57"
"Mortality";"Benevento";"Lung";"45-59";"Female";"2012";"0.00"
"Mortality";"Benevento";"Lung";"45-59";"Female";"2013";"19.50"
"Mortality";"Benevento";"Lung";"45-59";"Female";"2014";"3.20"
"Mortality";"Benevento";"Lung";"45-59";"Female";"2015";"6.33"
"Mortality";"Benevento";"Lung";"45-59";"Female";"2016";"6.26"
"Mortality";"Caserta";"Lung";"45-59";"Male";"2012";"44.11"
"Mortality";"Caserta";"Lung";"45-59";"Male";"2013";"53.85"
"Mortality";"Caserta";"Lung";"45-59";"Male";"2014";"58.01"
"Mortality";"Caserta";"Lung";"45-59";"Male";"2015";"51.95"
"Mortality";"Caserta";"Lung";"45-59";"Male";"2016";"45.19"
"Mortality";"Benevento";"Lung";"45-59";"Male";"2012";"3.39"
"Mortality";"Benevento";"Lung";"45-59";"Male";"2013";"29.99"
"Mortality";"Benevento";"Lung";"45-59";"Male";"2014";"42.67"
"Mortality";"Benevento";"Lung";"45-59";"Male";"2015";"35.76"
"Mortality";"Benevento";"Lung";"45-59";"Male";"2016";"29.19"
"Mortality";"Salerno";"Lung";"45-59";"Male";"2012";"21.91"
"Mortality";"Salerno";"Lung";"45-59";"Male";"2013";"22.39"
"Mortality";"Salerno";"Lung";"45-59";"Male";"2014";"29.75"
"Mortality";"Salerno";"Lung";"45-59";"Male";"2015";"42.90"
"Mortality";"Salerno";"Lung";"45-59";"Male";"2016";"30.94"
"Mortality";"Naples North";"Lung";"45-59";"Female";"2012";"28.78"
"Mortality";"Naples North";"Lung";"45-59";"Female";"2013";"36.23"
"Mortality";"Naples North";"Lung";"45-59";"Female";"2014";"24.95"
"Mortality";"Naples North";"Lung";"45-59";"Female";"2015";"27.22"
"Mortality";"Naples North";"Lung";"45-59";"Female";"2016";"28.64"
"Mortality";"Caserta";"Lung";"60-74";"Female";"2012";"40.50"
"Mortality";"Caserta";"Lung";"60-74";"Female";"2013";"59.43"
"Mortality";"Caserta";"Lung";"60-74";"Female";"2014";"63.46"
"Mortality";"Caserta";"Lung";"60-74";"Female";"2015";"55.15"
"Mortality";"Caserta";"Lung";"60-74";"Female";"2016";"44.48"
"Mortality";"Caserta";"Lung";"60-74";"Male";"2012";"316.79"
"Mortality";"Caserta";"Lung";"60-74";"Male";"2013";"296.41"
"Mortality";"Caserta";"Lung";"60-74";"Male";"2014";"276.80"
"Mortality";"Caserta";"Lung";"60-74";"Male";"2015";"310.85"
"Mortality";"Caserta";"Lung";"60-74";"Male";"2016";"265.01"
"Mortality";"Naples South";"Lung";"60-74";"Female";"2012";"57.69"
"Mortality";"Naples South";"Lung";"60-74";"Female";"2013";"43.75"
"Mortality";"Naples South";"Lung";"60-74";"Female";"2014";"49.32"
"Mortality";"Naples South";"Lung";"60-74";"Female";"2015";"64.11"
"Mortality";"Naples South";"Lung";"60-74";"Female";"2016";"72.59"
"Mortality";"Naples South";"Lung";"60-74";"Female";"2017";"70.48"
"Mortality";"Naples South";"Lung";"60-74";"Female";"2018";"63.75"
"Mortality";"Salerno";"Lung";"60-74";"Female";"2012";"20.89"
"Mortality";"Salerno";"Lung";"60-74";"Female";"2013";"26.59"
"Mortality";"Salerno";"Lung";"60-74";"Female";"2014";"44.68"
"Mortality";"Salerno";"Lung";"60-74";"Female";"2015";"61.24"
"Mortality";"Salerno";"Lung";"60-74";"Female";"2016";"52.71"
"Mortality";"Naples South";"Lung";"60-74";"Male";"2012";"256.92"
"Mortality";"Naples South";"Lung";"60-74";"Male";"2013";"256.85"
"Mortality";"Naples South";"Lung";"60-74";"Male";"2014";"262.79"
"Mortality";"Naples South";"Lung";"60-74";"Male";"2015";"263.46"
"Mortality";"Naples South";"Lung";"60-74";"Male";"2016";"243.44"
"Mortality";"Naples South";"Lung";"60-74";"Male";"2017";"258.09"
"Mortality";"Naples South";"Lung";"60-74";"Male";"2018";"248.69"
"Mortality";"Salerno";"Lung";"60-74";"Male";"2012";"120.46"
"Mortality";"Salerno";"Lung";"60-74";"Male";"2013";"136.99"
"Mortality";"Salerno";"Lung";"60-74";"Male";"2014";"210.04"
"Mortality";"Salerno";"Lung";"60-74";"Male";"2015";"210.15"
"Mortality";"Salerno";"Lung";"60-74";"Male";"2016";"192.58"
"Mortality";"Naples North";"Lung";"60-74";"Male";"2012";"306.00"
"Mortality";"Naples North";"Lung";"60-74";"Male";"2013";"336.95"
"Mortality";"Naples North";"Lung";"60-74";"Male";"2014";"335.67"
"Mortality";"Naples North";"Lung";"60-74";"Male";"2015";"292.49"
"Mortality";"Naples North";"Lung";"60-74";"Male";"2016";"258.36"
"Mortality";"Naples North";"Lung";"60-74";"Female";"2012";"62.71"
"Mortality";"Naples North";"Lung";"60-74";"Female";"2013";"70.03"
"Mortality";"Naples North";"Lung";"60-74";"Female";"2014";"80.15"
"Mortality";"Naples North";"Lung";"60-74";"Female";"2015";"67.34"
"Mortality";"Naples North";"Lung";"60-74";"Female";"2016";"78.02"
"Mortality";"Benevento";"Lung";"60-74";"Female";"2012";"0.00"
"Mortality";"Benevento";"Lung";"60-74";"Female";"2013";"34.70"
"Mortality";"Benevento";"Lung";"60-74";"Female";"2014";"38.95"
"Mortality";"Benevento";"Lung";"60-74";"Female";"2015";"21.63"
"Mortality";"Benevento";"Lung";"60-74";"Female";"2016";"56.25"
"Mortality";"Benevento";"Lung";"60-74";"Male";"2012";"0.00"
"Mortality";"Benevento";"Lung";"60-74";"Male";"2013";"200.22"
"Mortality";"Benevento";"Lung";"60-74";"Male";"2014";"208.94"
"Mortality";"Benevento";"Lung";"60-74";"Male";"2015";"185.25"
"Mortality";"Benevento";"Lung";"60-74";"Male";"2016";"206.44"
"Mortality";"Salerno";"Lung";"75-85+";"Female";"2012";"52.41"
"Mortality";"Salerno";"Lung";"75-85+";"Female";"2013";"26.64"
"Mortality";"Salerno";"Lung";"75-85+";"Female";"2014";"71.23"
"Mortality";"Salerno";"Lung";"75-85+";"Female";"2015";"78.82"
"Mortality";"Salerno";"Lung";"75-85+";"Female";"2016";"72.37"
"Mortality";"Benevento";"Lung";"75-85+";"Female";"2012";"0.00"
"Mortality";"Benevento";"Lung";"75-85+";"Female";"2013";"94.13"
"Mortality";"Benevento";"Lung";"75-85+";"Female";"2014";"98.53"
"Mortality";"Benevento";"Lung";"75-85+";"Female";"2015";"63.67"
"Mortality";"Benevento";"Lung";"75-85+";"Female";"2016";"63.66"
"Mortality";"Benevento";"Lung";"75-85+";"Male";"2012";"0.00"
"Mortality";"Benevento";"Lung";"75-85+";"Male";"2013";"408.45"
"Mortality";"Benevento";"Lung";"75-85+";"Male";"2014";"466.31"
"Mortality";"Benevento";"Lung";"75-85+";"Male";"2015";"517.82"
"Mortality";"Benevento";"Lung";"75-85+";"Male";"2016";"356.41"
"Mortality";"Salerno";"Lung";"75-85+";"Male";"2012";"333.80"
"Mortality";"Salerno";"Lung";"75-85+";"Male";"2013";"305.25"
"Mortality";"Salerno";"Lung";"75-85+";"Male";"2014";"560.83"
"Mortality";"Salerno";"Lung";"75-85+";"Male";"2015";"493.87"
"Mortality";"Salerno";"Lung";"75-85+";"Male";"2016";"496.39"
"Mortality";"Naples South";"Lung";"75-85+";"Female";"2012";"81.95"
"Mortality";"Naples South";"Lung";"75-85+";"Female";"2013";"91.30"
"Mortality";"Naples South";"Lung";"75-85+";"Female";"2014";"106.48"
"Mortality";"Naples South";"Lung";"75-85+";"Female";"2015";"115.97"
"Mortality";"Naples South";"Lung";"75-85+";"Female";"2016";"116.30"
"Mortality";"Naples South";"Lung";"75-85+";"Female";"2017";"112.38"
"Mortality";"Naples South";"Lung";"75-85+";"Female";"2018";"124.92"
"Mortality";"Naples North";"Lung";"75-85+";"Male";"2012";"672.31"
"Mortality";"Naples North";"Lung";"75-85+";"Male";"2013";"776.50"
"Mortality";"Naples North";"Lung";"75-85+";"Male";"2014";"792.56"
"Mortality";"Naples North";"Lung";"75-85+";"Male";"2015";"609.56"
"Mortality";"Naples North";"Lung";"75-85+";"Male";"2016";"670.02"
"Mortality";"Naples South";"Lung";"75-85+";"Male";"2012";"693.10"
"Mortality";"Naples South";"Lung";"75-85+";"Male";"2013";"630.08"
"Mortality";"Naples South";"Lung";"75-85+";"Male";"2014";"704.87"
"Mortality";"Naples South";"Lung";"75-85+";"Male";"2015";"514.52"
"Mortality";"Naples South";"Lung";"75-85+";"Male";"2016";"542.93"
"Mortality";"Naples South";"Lung";"75-85+";"Male";"2017";"554.03"
"Mortality";"Naples South";"Lung";"75-85+";"Male";"2018";"509.13"
"Mortality";"Naples North";"Lung";"75-85+";"Female";"2012";"124.16"
"Mortality";"Naples North";"Lung";"75-85+";"Female";"2013";"124.35"
"Mortality";"Naples North";"Lung";"75-85+";"Female";"2014";"93.02"
"Mortality";"Naples North";"Lung";"75-85+";"Female";"2015";"130.75"
"Mortality";"Naples North";"Lung";"75-85+";"Female";"2016";"127.38"
"Mortality";"Caserta";"Lung";"75-85+";"Male";"2012";"719.31"
"Mortality";"Caserta";"Lung";"75-85+";"Male";"2013";"618.40"
"Mortality";"Caserta";"Lung";"75-85+";"Male";"2014";"635.97"
"Mortality";"Caserta";"Lung";"75-85+";"Male";"2015";"614.14"
"Mortality";"Caserta";"Lung";"75-85+";"Male";"2016";"605.58"
"Mortality";"Caserta";"Lung";"75-85+";"Female";"2012";"98.31"
"Mortality";"Caserta";"Lung";"75-85+";"Female";"2013";"89.36"
"Mortality";"Caserta";"Lung";"75-85+";"Female";"2014";"70.56"
"Mortality";"Caserta";"Lung";"75-85+";"Female";"2015";"90.16"
"Mortality";"Caserta";"Lung";"75-85+";"Female";"2016";"53.66"
"Incidence";"Milan";"Lung";"0-14";"Male";"2013";"0.00"
"Incidence";"Milan";"Lung";"0-14";"Male";"2014";"0.00"
"Incidence";"Milan";"Lung";"0-14";"Male";"2015";"0.00"
"Incidence";"Milan";"Lung";"0-14";"Male";"2016";"0.00"
"Incidence";"Milan";"Lung";"0-14";"Male";"2017";"0.00"
"Incidence";"Puglia";"Lung";"0-14";"Female";"2013";"0.00"
"Incidence";"Puglia";"Lung";"0-14";"Female";"2014";"0.00"
"Incidence";"Puglia";"Lung";"0-14";"Female";"2015";"0.00"
"Incidence";"Puglia";"Lung";"0-14";"Female";"2016";"0.00"
"Incidence";"Puglia";"Lung";"0-14";"Female";"2017";"0.00"
"Incidence";"Puglia";"Lung";"0-14";"Female";"2018";"0.00"
"Incidence";"Tuscany";"Lung";"0-14";"Female";"2013";"0.00"
"Incidence";"Tuscany";"Lung";"0-14";"Female";"2014";"0.00"
"Incidence";"Tuscany";"Lung";"0-14";"Female";"2015";"0.00"
"Incidence";"Tuscany";"Lung";"0-14";"Female";"2016";"0.00"
"Incidence";"Tuscany";"Lung";"0-14";"Female";"2017";"0.00"
"Incidence";"Tuscany";"Lung";"0-14";"Female";"2018";"0.45"
"Mortality";"Puglia";"Lung";"0-14";"Male";"2013";"0.00"
"Mortality";"Puglia";"Lung";"0-14";"Male";"2014";"0.00"
"Mortality";"Puglia";"Lung";"0-14";"Male";"2015";"0.00"
"Mortality";"Puglia";"Lung";"0-14";"Male";"2016";"0.00"
"Mortality";"Puglia";"Lung";"0-14";"Male";"2017";"0.00"
"Mortality";"Puglia";"Lung";"0-14";"Male";"2018";"0.36"
"Mortality";"Puglia";"Lung";"0-14";"Female";"2013";"0.00"
"Mortality";"Puglia";"Lung";"0-14";"Female";"2014";"0.00"
"Mortality";"Puglia";"Lung";"0-14";"Female";"2015";"0.00"
"Mortality";"Puglia";"Lung";"0-14";"Female";"2016";"0.00"
"Mortality";"Puglia";"Lung";"0-14";"Female";"2017";"0.00"
"Mortality";"Puglia";"Lung";"0-14";"Female";"2018";"0.00"
"Incidence";"Puglia";"Lung";"0-14";"Male";"2013";"0.00"
"Incidence";"Puglia";"Lung";"0-14";"Male";"2014";"0.00"
"Incidence";"Puglia";"Lung";"0-14";"Male";"2015";"0.00"
"Incidence";"Puglia";"Lung";"0-14";"Male";"2016";"0.00"
"Incidence";"Puglia";"Lung";"0-14";"Male";"2017";"0.00"
"Incidence";"Puglia";"Lung";"0-14";"Male";"2018";"0.00"
"Mortality";"Milan";"Lung";"0-14";"Female";"2013";"0.00"
"Mortality";"Milan";"Lung";"0-14";"Female";"2014";"0.00"
"Mortality";"Milan";"Lung";"0-14";"Female";"2015";"0.00"
"Mortality";"Milan";"Lung";"0-14";"Female";"2016";"0.00"
"Mortality";"Milan";"Lung";"0-14";"Female";"2017";"0.00"
"Mortality";"Insubria-Como";"Lung";"0-14";"Female";"2013";"0.00"
"Mortality";"Insubria-Como";"Lung";"0-14";"Female";"2014";"0.00"
"Mortality";"Insubria-Como";"Lung";"0-14";"Female";"2015";"0.00"
"Incidence";"Lazio";"Lung";"0-14";"Male";"2013";"0.00"
"Incidence";"Lazio";"Lung";"0-14";"Male";"2014";"0.00"
"Incidence";"Lazio";"Lung";"0-14";"Male";"2015";"0.00"
"Incidence";"Lazio";"Lung";"0-14";"Male";"2016";"0.00"
"Incidence";"Lazio";"Lung";"0-14";"Male";"2017";"0.00"
"Incidence";"Lazio";"Lung";"0-14";"Female";"2013";"0.00"
"Incidence";"Lazio";"Lung";"0-14";"Female";"2014";"0.00"
"Incidence";"Lazio";"Lung";"0-14";"Female";"2015";"0.00"
"Incidence";"Lazio";"Lung";"0-14";"Female";"2016";"0.00"
"Incidence";"Lazio";"Lung";"0-14";"Female";"2017";"0.00"
"Incidence";"Milan";"Lung";"0-14";"Female";"2013";"0.00"
"Incidence";"Milan";"Lung";"0-14";"Female";"2014";"0.00"
"Incidence";"Milan";"Lung";"0-14";"Female";"2015";"0.00"
"Incidence";"Milan";"Lung";"0-14";"Female";"2016";"0.43"
"Incidence";"Milan";"Lung";"0-14";"Female";"2017";"0.00"
"Mortality";"Insubria-Como";"Lung";"0-14";"Male";"2013";"0.00"
"Mortality";"Insubria-Como";"Lung";"0-14";"Male";"2014";"0.00"
"Mortality";"Insubria-Como";"Lung";"0-14";"Male";"2015";"0.00"
"Mortality";"Tuscany";"Lung";"0-14";"Male";"2013";"0.00"
"Mortality";"Tuscany";"Lung";"0-14";"Male";"2014";"0.00"
"Mortality";"Tuscany";"Lung";"0-14";"Male";"2015";"0.00"
"Mortality";"Tuscany";"Lung";"0-14";"Male";"2016";"0.00"
"Mortality";"Tuscany";"Lung";"0-14";"Male";"2017";"0.00"
"Mortality";"Tuscany";"Lung";"0-14";"Male";"2018";"0.00"
"Mortality";"Tuscany";"Lung";"0-14";"Female";"2013";"0.00"
"Mortality";"Tuscany";"Lung";"0-14";"Female";"2014";"0.00"
"Mortality";"Tuscany";"Lung";"0-14";"Female";"2015";"0.00"
"Mortality";"Tuscany";"Lung";"0-14";"Female";"2016";"0.00"
"Mortality";"Tuscany";"Lung";"0-14";"Female";"2017";"0.00"
"Mortality";"Tuscany";"Lung";"0-14";"Female";"2018";"0.00"
"Mortality";"Milan";"Lung";"0-14";"Male";"2013";"0.00"
"Mortality";"Milan";"Lung";"0-14";"Male";"2014";"0.00"
"Mortality";"Milan";"Lung";"0-14";"Male";"2015";"0.00"
"Mortality";"Milan";"Lung";"0-14";"Male";"2016";"0.00"
"Mortality";"Milan";"Lung";"0-14";"Male";"2017";"0.00"
"Incidence";"Tuscany";"Lung";"0-14";"Male";"2013";"0.00"
"Incidence";"Tuscany";"Lung";"0-14";"Male";"2014";"0.00"
"Incidence";"Tuscany";"Lung";"0-14";"Male";"2015";"0.00"
"Incidence";"Tuscany";"Lung";"0-14";"Male";"2016";"0.00"
"Incidence";"Tuscany";"Lung";"0-14";"Male";"2017";"0.00"
"Incidence";"Tuscany";"Lung";"0-14";"Male";"2018";"0.00"
"Mortality";"Puglia";"Lung";"15-29";"Male";"2013";"0.27"
"Mortality";"Puglia";"Lung";"15-29";"Male";"2014";"0.56"
"Mortality";"Puglia";"Lung";"15-29";"Male";"2015";"0.00"
"Mortality";"Puglia";"Lung";"15-29";"Male";"2016";"0.00"
"Mortality";"Puglia";"Lung";"15-29";"Male";"2017";"0.00"
"Mortality";"Puglia";"Lung";"15-29";"Male";"2018";"0.00"
"Mortality";"Milan";"Lung";"15-29";"Male";"2013";"0.00"
"Mortality";"Milan";"Lung";"15-29";"Male";"2014";"0.00"
"Mortality";"Milan";"Lung";"15-29";"Male";"2015";"0.00"
"Mortality";"Milan";"Lung";"15-29";"Male";"2016";"0.00"
"Mortality";"Milan";"Lung";"15-29";"Male";"2017";"0.00"
"Mortality";"Milan";"Lung";"15-29";"Female";"2013";"0.00"
"Mortality";"Milan";"Lung";"15-29";"Female";"2014";"0.00"
"Mortality";"Milan";"Lung";"15-29";"Female";"2015";"0.00"
"Mortality";"Milan";"Lung";"15-29";"Female";"2016";"0.00"
"Mortality";"Milan";"Lung";"15-29";"Female";"2017";"0.00"
"Incidence";"Tuscany";"Lung";"15-29";"Female";"2013";"0.00"
"Incidence";"Tuscany";"Lung";"15-29";"Female";"2014";"0.81"
"Incidence";"Tuscany";"Lung";"15-29";"Female";"2015";"0.00"
"Incidence";"Tuscany";"Lung";"15-29";"Female";"2016";"0.00"
"Incidence";"Tuscany";"Lung";"15-29";"Female";"2017";"0.00"
"Incidence";"Tuscany";"Lung";"15-29";"Female";"2018";"0.83"
"Incidence";"Tuscany";"Lung";"15-29";"Male";"2013";"0.00"
"Incidence";"Tuscany";"Lung";"15-29";"Male";"2014";"0.39"
"Incidence";"Tuscany";"Lung";"15-29";"Male";"2015";"0.78"
"Incidence";"Tuscany";"Lung";"15-29";"Male";"2016";"0.78"
"Incidence";"Tuscany";"Lung";"15-29";"Male";"2017";"0.77"
"Incidence";"Tuscany";"Lung";"15-29";"Male";"2018";"0.38"
"Mortality";"Insubria-Como";"Lung";"15-29";"Male";"2013";"0.00"
"Mortality";"Insubria-Como";"Lung";"15-29";"Male";"2014";"0.00"
"Mortality";"Insubria-Como";"Lung";"15-29";"Male";"2015";"0.00"
"Mortality";"Insubria-Como";"Lung";"15-29";"Female";"2013";"0.00"
"Mortality";"Insubria-Como";"Lung";"15-29";"Female";"2014";"0.00"
"Mortality";"Insubria-Como";"Lung";"15-29";"Female";"2015";"0.00"
"Mortality";"Tuscany";"Lung";"15-29";"Male";"2013";"0.00"
"Mortality";"Tuscany";"Lung";"15-29";"Male";"2014";"0.00"
"Mortality";"Tuscany";"Lung";"15-29";"Male";"2015";"0.39"
"Mortality";"Tuscany";"Lung";"15-29";"Male";"2016";"0.39"
"Mortality";"Tuscany";"Lung";"15-29";"Male";"2017";"0.00"
"Mortality";"Tuscany";"Lung";"15-29";"Male";"2018";"0.38"
"Mortality";"Tuscany";"Lung";"15-29";"Female";"2013";"0.00"
"Mortality";"Tuscany";"Lung";"15-29";"Female";"2014";"0.00"
"Mortality";"Tuscany";"Lung";"15-29";"Female";"2015";"0.00"
"Mortality";"Tuscany";"Lung";"15-29";"Female";"2016";"0.00"
"Mortality";"Tuscany";"Lung";"15-29";"Female";"2017";"0.00"
"Mortality";"Tuscany";"Lung";"15-29";"Female";"2018";"0.00"
"Mortality";"Puglia";"Lung";"15-29";"Female";"2013";"0.29"
"Mortality";"Puglia";"Lung";"15-29";"Female";"2014";"0.00"
"Mortality";"Puglia";"Lung";"15-29";"Female";"2015";"0.00"
"Mortality";"Puglia";"Lung";"15-29";"Female";"2016";"0.00"
"Mortality";"Puglia";"Lung";"15-29";"Female";"2017";"0.00"
"Mortality";"Puglia";"Lung";"15-29";"Female";"2018";"0.62"
"Incidence";"Puglia";"Lung";"15-29";"Male";"2013";"0.55"
"Incidence";"Puglia";"Lung";"15-29";"Male";"2014";"0.28"
"Incidence";"Puglia";"Lung";"15-29";"Male";"2015";"0.00"
"Incidence";"Puglia";"Lung";"15-29";"Male";"2016";"0.28"
"Incidence";"Puglia";"Lung";"15-29";"Male";"2017";"0.57"
"Incidence";"Puglia";"Lung";"15-29";"Male";"2018";"0.29"
"Incidence";"Puglia";"Lung";"15-29";"Female";"2013";"0.29"
"Incidence";"Puglia";"Lung";"15-29";"Female";"2014";"0.29"
"Incidence";"Puglia";"Lung";"15-29";"Female";"2015";"0.00"
"Incidence";"Puglia";"Lung";"15-29";"Female";"2016";"0.00"
"Incidence";"Puglia";"Lung";"15-29";"Female";"2017";"0.30"
"Incidence";"Puglia";"Lung";"15-29";"Female";"2018";"0.62"
"Incidence";"Milan";"Lung";"15-29";"Male";"2013";"0.84"
"Incidence";"Milan";"Lung";"15-29";"Male";"2014";"0.00"
"Incidence";"Milan";"Lung";"15-29";"Male";"2015";"0.41"
"Incidence";"Milan";"Lung";"15-29";"Male";"2016";"0.41"
"Incidence";"Milan";"Lung";"15-29";"Male";"2017";"0.00"
"Incidence";"Lazio";"Lung";"15-29";"Male";"2013";"1.11"
"Incidence";"Lazio";"Lung";"15-29";"Male";"2014";"0.67"
"Incidence";"Lazio";"Lung";"15-29";"Male";"2015";"0.89"
"Incidence";"Lazio";"Lung";"15-29";"Male";"2016";"0.45"
"Incidence";"Lazio";"Lung";"15-29";"Male";"2017";"0.45"
"Incidence";"Lazio";"Lung";"15-29";"Female";"2013";"0.70"
"Incidence";"Lazio";"Lung";"15-29";"Female";"2014";"0.47"
"Incidence";"Lazio";"Lung";"15-29";"Female";"2015";"1.42"
"Incidence";"Lazio";"Lung";"15-29";"Female";"2016";"0.96"
"Incidence";"Lazio";"Lung";"15-29";"Female";"2017";"0.00"
"Incidence";"Milan";"Lung";"15-29";"Female";"2013";"0.45"
"Incidence";"Milan";"Lung";"15-29";"Female";"2014";"0.00"
"Incidence";"Milan";"Lung";"15-29";"Female";"2015";"0.00"
"Incidence";"Milan";"Lung";"15-29";"Female";"2016";"0.00"
"Incidence";"Milan";"Lung";"15-29";"Female";"2017";"0.86"
"Incidence";"Lazio";"Lung";"30-44";"Male";"2013";"6.79"
"Incidence";"Lazio";"Lung";"30-44";"Male";"2014";"4.00"
"Incidence";"Lazio";"Lung";"30-44";"Male";"2015";"4.85"
"Incidence";"Lazio";"Lung";"30-44";"Male";"2016";"5.93"
"Incidence";"Lazio";"Lung";"30-44";"Male";"2017";"5.54"
"Mortality";"Insubria-Como";"Lung";"30-44";"Female";"2013";"1.52"
"Mortality";"Insubria-Como";"Lung";"30-44";"Female";"2014";"1.55"
"Mortality";"Insubria-Como";"Lung";"30-44";"Female";"2015";"1.59"
"Mortality";"Insubria-Como";"Lung";"30-44";"Male";"2013";"1.48"
"Mortality";"Insubria-Como";"Lung";"30-44";"Male";"2014";"1.51"
"Mortality";"Insubria-Como";"Lung";"30-44";"Male";"2015";"0.00"
"Mortality";"Milan";"Lung";"30-44";"Female";"2013";"1.06"
"Mortality";"Milan";"Lung";"30-44";"Female";"2014";"1.87"
"Mortality";"Milan";"Lung";"30-44";"Female";"2015";"0.54"
"Mortality";"Milan";"Lung";"30-44";"Female";"2016";"1.67"
"Mortality";"Milan";"Lung";"30-44";"Female";"2017";"0.85"
"Incidence";"Tuscany";"Lung";"30-44";"Male";"2013";"4.09"
"Incidence";"Tuscany";"Lung";"30-44";"Male";"2014";"3.88"
"Incidence";"Tuscany";"Lung";"30-44";"Male";"2015";"3.19"
"Incidence";"Tuscany";"Lung";"30-44";"Male";"2016";"4.38"
"Incidence";"Tuscany";"Lung";"30-44";"Male";"2017";"3.38"
"Incidence";"Tuscany";"Lung";"30-44";"Male";"2018";"4.66"
"Incidence";"Lazio";"Lung";"30-44";"Female";"2013";"2.87"
"Incidence";"Lazio";"Lung";"30-44";"Female";"2014";"4.95"
"Incidence";"Lazio";"Lung";"30-44";"Female";"2015";"3.98"
"Incidence";"Lazio";"Lung";"30-44";"Female";"2016";"4.54"
"Incidence";"Lazio";"Lung";"30-44";"Female";"2017";"4.50"
"Incidence";"Milan";"Lung";"30-44";"Female";"2013";"1.85"
"Incidence";"Milan";"Lung";"30-44";"Female";"2014";"2.68"
"Incidence";"Milan";"Lung";"30-44";"Female";"2015";"2.72"
"Incidence";"Milan";"Lung";"30-44";"Female";"2016";"3.06"
"Incidence";"Milan";"Lung";"30-44";"Female";"2017";"2.55"
"Incidence";"Tuscany";"Lung";"30-44";"Female";"2013";"6.80"
"Incidence";"Tuscany";"Lung";"30-44";"Female";"2014";"4.34"
"Incidence";"Tuscany";"Lung";"30-44";"Female";"2015";"5.75"
"Incidence";"Tuscany";"Lung";"30-44";"Female";"2016";"3.76"
"Incidence";"Tuscany";"Lung";"30-44";"Female";"2017";"2.49"
"Incidence";"Tuscany";"Lung";"30-44";"Female";"2018";"3.15"
"Incidence";"Puglia";"Lung";"30-44";"Male";"2013";"1.86"
"Incidence";"Puglia";"Lung";"30-44";"Male";"2014";"3.31"
"Incidence";"Puglia";"Lung";"30-44";"Male";"2015";"2.89"
"Incidence";"Puglia";"Lung";"30-44";"Male";"2016";"4.43"
"Incidence";"Puglia";"Lung";"30-44";"Male";"2017";"4.27"
"Incidence";"Puglia";"Lung";"30-44";"Male";"2018";"3.59"
"Incidence";"Puglia";"Lung";"30-44";"Female";"2013";"3.62"
"Incidence";"Puglia";"Lung";"30-44";"Female";"2014";"2.77"
"Incidence";"Puglia";"Lung";"30-44";"Female";"2015";"3.55"
"Incidence";"Puglia";"Lung";"30-44";"Female";"2016";"2.18"
"Incidence";"Puglia";"Lung";"30-44";"Female";"2017";"2.23"
"Incidence";"Puglia";"Lung";"30-44";"Female";"2018";"3.81"
"Incidence";"Milan";"Lung";"30-44";"Male";"2013";"1.85"
"Incidence";"Milan";"Lung";"30-44";"Male";"2014";"2.65"
"Incidence";"Milan";"Lung";"30-44";"Male";"2015";"2.69"
"Incidence";"Milan";"Lung";"30-44";"Male";"2016";"3.28"
"Incidence";"Milan";"Lung";"30-44";"Male";"2017";"3.07"
"Mortality";"Puglia";"Lung";"30-44";"Male";"2013";"3.02"
"Mortality";"Puglia";"Lung";"30-44";"Male";"2014";"1.65"
"Mortality";"Puglia";"Lung";"30-44";"Male";"2015";"2.17"
"Mortality";"Puglia";"Lung";"30-44";"Male";"2016";"1.48"
"Mortality";"Puglia";"Lung";"30-44";"Male";"2017";"2.76"
"Mortality";"Puglia";"Lung";"30-44";"Male";"2018";"1.54"
"Mortality";"Milan";"Lung";"30-44";"Male";"2013";"2.12"
"Mortality";"Milan";"Lung";"30-44";"Male";"2014";"1.59"
"Mortality";"Milan";"Lung";"30-44";"Male";"2015";"1.08"
"Mortality";"Milan";"Lung";"30-44";"Male";"2016";"1.09"
"Mortality";"Milan";"Lung";"30-44";"Male";"2017";"1.95"
"Mortality";"Tuscany";"Lung";"30-44";"Female";"2013";"1.76"
"Mortality";"Tuscany";"Lung";"30-44";"Female";"2014";"1.28"
"Mortality";"Tuscany";"Lung";"30-44";"Female";"2015";"3.40"
"Mortality";"Tuscany";"Lung";"30-44";"Female";"2016";"1.61"
"Mortality";"Tuscany";"Lung";"30-44";"Female";"2017";"1.38"
"Mortality";"Tuscany";"Lung";"30-44";"Female";"2018";"2.01"
"Mortality";"Tuscany";"Lung";"30-44";"Male";"2013";"1.53"
"Mortality";"Tuscany";"Lung";"30-44";"Male";"2014";"2.07"
"Mortality";"Tuscany";"Lung";"30-44";"Male";"2015";"1.60"
"Mortality";"Tuscany";"Lung";"30-44";"Male";"2016";"2.74"
"Mortality";"Tuscany";"Lung";"30-44";"Male";"2017";"1.41"
"Mortality";"Tuscany";"Lung";"30-44";"Male";"2018";"2.62"
"Mortality";"Puglia";"Lung";"30-44";"Female";"2013";"1.59"
"Mortality";"Puglia";"Lung";"30-44";"Female";"2014";"2.08"
"Mortality";"Puglia";"Lung";"30-44";"Female";"2015";"0.95"
"Mortality";"Puglia";"Lung";"30-44";"Female";"2016";"0.73"
"Mortality";"Puglia";"Lung";"30-44";"Female";"2017";"0.74"
"Mortality";"Puglia";"Lung";"30-44";"Female";"2018";"1.52"
"Incidence";"Lazio";"Lung";"45-59";"Male";"2013";"53.71"
"Incidence";"Lazio";"Lung";"45-59";"Male";"2014";"48.25"
"Incidence";"Lazio";"Lung";"45-59";"Male";"2015";"47.78"
"Incidence";"Lazio";"Lung";"45-59";"Male";"2016";"46.08"
"Incidence";"Lazio";"Lung";"45-59";"Male";"2017";"43.00"
"Incidence";"Lazio";"Lung";"45-59";"Female";"2013";"37.25"
"Incidence";"Lazio";"Lung";"45-59";"Female";"2014";"36.16"
"Incidence";"Lazio";"Lung";"45-59";"Female";"2015";"36.45"
"Incidence";"Lazio";"Lung";"45-59";"Female";"2016";"37.06"
"Incidence";"Lazio";"Lung";"45-59";"Female";"2017";"31.77"
"Incidence";"Puglia";"Lung";"45-59";"Male";"2013";"46.66"
"Incidence";"Puglia";"Lung";"45-59";"Male";"2014";"40.84"
"Incidence";"Puglia";"Lung";"45-59";"Male";"2015";"42.53"
"Incidence";"Puglia";"Lung";"45-59";"Male";"2016";"42.40"
"Incidence";"Puglia";"Lung";"45-59";"Male";"2017";"38.14"
"Incidence";"Puglia";"Lung";"45-59";"Male";"2018";"36.80"
"Incidence";"Puglia";"Lung";"45-59";"Female";"2013";"21.10"
"Incidence";"Puglia";"Lung";"45-59";"Female";"2014";"19.93"
"Incidence";"Puglia";"Lung";"45-59";"Female";"2015";"20.17"
"Incidence";"Puglia";"Lung";"45-59";"Female";"2016";"23.56"
"Incidence";"Puglia";"Lung";"45-59";"Female";"2017";"18.23"
"Incidence";"Puglia";"Lung";"45-59";"Female";"2018";"22.74"
"Incidence";"Milan";"Lung";"45-59";"Male";"2013";"44.24"
"Incidence";"Milan";"Lung";"45-59";"Male";"2014";"54.10"
"Incidence";"Milan";"Lung";"45-59";"Male";"2015";"43.78"
"Incidence";"Milan";"Lung";"45-59";"Male";"2016";"32.69"
"Incidence";"Milan";"Lung";"45-59";"Male";"2017";"40.87"
"Incidence";"Tuscany";"Lung";"45-59";"Female";"2013";"30.33"
"Incidence";"Tuscany";"Lung";"45-59";"Female";"2014";"33.30"
"Incidence";"Tuscany";"Lung";"45-59";"Female";"2015";"33.76"
"Incidence";"Tuscany";"Lung";"45-59";"Female";"2016";"34.26"
"Incidence";"Tuscany";"Lung";"45-59";"Female";"2017";"34.53"
"Incidence";"Tuscany";"Lung";"45-59";"Female";"2018";"33.23"
"Incidence";"Tuscany";"Lung";"45-59";"Male";"2013";"45.13"
"Incidence";"Tuscany";"Lung";"45-59";"Male";"2014";"45.41"
"Incidence";"Tuscany";"Lung";"45-59";"Male";"2015";"41.60"
"Incidence";"Tuscany";"Lung";"45-59";"Male";"2016";"41.04"
"Incidence";"Tuscany";"Lung";"45-59";"Male";"2017";"42.86"
"Incidence";"Tuscany";"Lung";"45-59";"Male";"2018";"42.06"
"Incidence";"Milan";"Lung";"45-59";"Female";"2013";"33.11"
"Incidence";"Milan";"Lung";"45-59";"Female";"2014";"32.79"
"Incidence";"Milan";"Lung";"45-59";"Female";"2015";"35.69"
"Incidence";"Milan";"Lung";"45-59";"Female";"2016";"30.83"
"Incidence";"Milan";"Lung";"45-59";"Female";"2017";"29.84"
"Mortality";"Insubria-Como";"Lung";"45-59";"Male";"2013";"38.54"
"Mortality";"Insubria-Como";"Lung";"45-59";"Male";"2014";"30.20"
"Mortality";"Insubria-Como";"Lung";"45-59";"Male";"2015";"28.05"
"Mortality";"Insubria-Como";"Lung";"45-59";"Female";"2013";"18.36"
"Mortality";"Insubria-Como";"Lung";"45-59";"Female";"2014";"15.01"
"Mortality";"Insubria-Como";"Lung";"45-59";"Female";"2015";"17.66"
"Mortality";"Puglia";"Lung";"45-59";"Female";"2013";"11.00"
"Mortality";"Puglia";"Lung";"45-59";"Female";"2014";"12.63"
"Mortality";"Puglia";"Lung";"45-59";"Female";"2015";"12.06"
"Mortality";"Puglia";"Lung";"45-59";"Female";"2016";"10.03"
"Mortality";"Puglia";"Lung";"45-59";"Female";"2017";"12.81"
"Mortality";"Puglia";"Lung";"45-59";"Female";"2018";"12.99"
"Mortality";"Milan";"Lung";"45-59";"Male";"2013";"29.96"
"Mortality";"Milan";"Lung";"45-59";"Male";"2014";"36.43"
"Mortality";"Milan";"Lung";"45-59";"Male";"2015";"31.57"
"Mortality";"Milan";"Lung";"45-59";"Male";"2016";"22.57"
"Mortality";"Milan";"Lung";"45-59";"Male";"2017";"22.09"
"Mortality";"Milan";"Lung";"45-59";"Female";"2013";"23.50"
"Mortality";"Milan";"Lung";"45-59";"Female";"2014";"19.00"
"Mortality";"Milan";"Lung";"45-59";"Female";"2015";"20.65"
"Mortality";"Milan";"Lung";"45-59";"Female";"2016";"16.54"
"Mortality";"Milan";"Lung";"45-59";"Female";"2017";"19.48"
"Mortality";"Puglia";"Lung";"45-59";"Male";"2013";"35.84"
"Mortality";"Puglia";"Lung";"45-59";"Male";"2014";"33.24"
"Mortality";"Puglia";"Lung";"45-59";"Male";"2015";"28.43"
"Mortality";"Puglia";"Lung";"45-59";"Male";"2016";"22.37"
"Mortality";"Puglia";"Lung";"45-59";"Male";"2017";"29.82"
"Mortality";"Puglia";"Lung";"45-59";"Male";"2018";"22.31"
"Mortality";"Tuscany";"Lung";"45-59";"Male";"2013";"28.33"
"Mortality";"Tuscany";"Lung";"45-59";"Male";"2014";"27.10"
"Mortality";"Tuscany";"Lung";"45-59";"Male";"2015";"26.21"
"Mortality";"Tuscany";"Lung";"45-59";"Male";"2016";"23.96"
"Mortality";"Tuscany";"Lung";"45-59";"Male";"2017";"25.53"
"Mortality";"Tuscany";"Lung";"45-59";"Male";"2018";"22.31"
"Mortality";"Tuscany";"Lung";"45-59";"Female";"2013";"21.25"
"Mortality";"Tuscany";"Lung";"45-59";"Female";"2014";"19.33"
"Mortality";"Tuscany";"Lung";"45-59";"Female";"2015";"14.93"
"Mortality";"Tuscany";"Lung";"45-59";"Female";"2016";"20.19"
"Mortality";"Tuscany";"Lung";"45-59";"Female";"2017";"19.95"
"Mortality";"Tuscany";"Lung";"45-59";"Female";"2018";"15.17"
"Mortality";"Tuscany";"Lung";"60-74";"Male";"2013";"155.41"
"Mortality";"Tuscany";"Lung";"60-74";"Male";"2014";"151.07"
"Mortality";"Tuscany";"Lung";"60-74";"Male";"2015";"148.83"
"Mortality";"Tuscany";"Lung";"60-74";"Male";"2016";"141.91"
"Mortality";"Tuscany";"Lung";"60-74";"Male";"2017";"140.68"
"Mortality";"Tuscany";"Lung";"60-74";"Male";"2018";"138.91"
"Mortality";"Insubria-Como";"Lung";"60-74";"Female";"2013";"83.59"
"Mortality";"Insubria-Como";"Lung";"60-74";"Female";"2014";"58.93"
"Mortality";"Insubria-Como";"Lung";"60-74";"Female";"2015";"78.05"
"Mortality";"Puglia";"Lung";"60-74";"Female";"2013";"39.49"
"Mortality";"Puglia";"Lung";"60-74";"Female";"2014";"31.93"
"Mortality";"Puglia";"Lung";"60-74";"Female";"2015";"34.87"
"Mortality";"Puglia";"Lung";"60-74";"Female";"2016";"41.36"
"Mortality";"Puglia";"Lung";"60-74";"Female";"2017";"39.97"
"Mortality";"Puglia";"Lung";"60-74";"Female";"2018";"49.32"
"Mortality";"Insubria-Como";"Lung";"60-74";"Male";"2013";"206.99"
"Mortality";"Insubria-Como";"Lung";"60-74";"Male";"2014";"198.13"
"Mortality";"Insubria-Como";"Lung";"60-74";"Male";"2015";"163.11"
"Incidence";"Milan";"Lung";"60-74";"Male";"2013";"262.94"
"Incidence";"Milan";"Lung";"60-74";"Male";"2014";"277.93"
"Incidence";"Milan";"Lung";"60-74";"Male";"2015";"279.91"
"Incidence";"Milan";"Lung";"60-74";"Male";"2016";"267.76"
"Incidence";"Milan";"Lung";"60-74";"Male";"2017";"266.20"
"Incidence";"Milan";"Lung";"60-74";"Female";"2013";"106.56"
"Incidence";"Milan";"Lung";"60-74";"Female";"2014";"112.93"
"Incidence";"Milan";"Lung";"60-74";"Female";"2015";"121.45"
"Incidence";"Milan";"Lung";"60-74";"Female";"2016";"111.93"
"Incidence";"Milan";"Lung";"60-74";"Female";"2017";"115.02"
"Mortality";"Puglia";"Lung";"60-74";"Male";"2013";"195.62"
"Mortality";"Puglia";"Lung";"60-74";"Male";"2014";"191.95"
"Mortality";"Puglia";"Lung";"60-74";"Male";"2015";"190.39"
"Mortality";"Puglia";"Lung";"60-74";"Male";"2016";"188.58"
"Mortality";"Puglia";"Lung";"60-74";"Male";"2017";"174.13"
"Mortality";"Puglia";"Lung";"60-74";"Male";"2018";"191.56"
"Incidence";"Puglia";"Lung";"60-74";"Male";"2013";"260.83"
"Incidence";"Puglia";"Lung";"60-74";"Male";"2014";"257.09"
"Incidence";"Puglia";"Lung";"60-74";"Male";"2015";"250.08"
"Incidence";"Puglia";"Lung";"60-74";"Male";"2016";"256.02"
"Incidence";"Puglia";"Lung";"60-74";"Male";"2017";"259.81"
"Incidence";"Puglia";"Lung";"60-74";"Male";"2018";"267.09"
"Incidence";"Puglia";"Lung";"60-74";"Female";"2013";"51.79"
"Incidence";"Puglia";"Lung";"60-74";"Female";"2014";"50.74"
"Incidence";"Puglia";"Lung";"60-74";"Female";"2015";"55.57"
"Incidence";"Puglia";"Lung";"60-74";"Female";"2016";"58.53"
"Incidence";"Puglia";"Lung";"60-74";"Female";"2017";"61.07"
"Incidence";"Puglia";"Lung";"60-74";"Female";"2018";"69.60"
"Mortality";"Milan";"Lung";"60-74";"Female";"2013";"81.36"
"Mortality";"Milan";"Lung";"60-74";"Female";"2014";"78.51"
"Mortality";"Milan";"Lung";"60-74";"Female";"2015";"75.34"
"Mortality";"Milan";"Lung";"60-74";"Female";"2016";"82.14"
"Mortality";"Milan";"Lung";"60-74";"Female";"2017";"83.23"
"Incidence";"Lazio";"Lung";"60-74";"Male";"2013";"290.02"
"Incidence";"Lazio";"Lung";"60-74";"Male";"2014";"283.77"
"Incidence";"Lazio";"Lung";"60-74";"Male";"2015";"267.68"
"Incidence";"Lazio";"Lung";"60-74";"Male";"2016";"258.62"
"Incidence";"Lazio";"Lung";"60-74";"Male";"2017";"253.08"
"Incidence";"Lazio";"Lung";"60-74";"Female";"2013";"104.49"
"Incidence";"Lazio";"Lung";"60-74";"Female";"2014";"117.55"
"Incidence";"Lazio";"Lung";"60-74";"Female";"2015";"125.25"
"Incidence";"Lazio";"Lung";"60-74";"Female";"2016";"124.78"
"Incidence";"Lazio";"Lung";"60-74";"Female";"2017";"120.01"
"Mortality";"Milan";"Lung";"60-74";"Male";"2013";"219.80"
"Mortality";"Milan";"Lung";"60-74";"Male";"2014";"199.64"
"Mortality";"Milan";"Lung";"60-74";"Male";"2015";"212.01"
"Mortality";"Milan";"Lung";"60-74";"Male";"2016";"203.19"
"Mortality";"Milan";"Lung";"60-74";"Male";"2017";"187.44"
"Incidence";"Tuscany";"Lung";"60-74";"Male";"2013";"285.82"
"Incidence";"Tuscany";"Lung";"60-74";"Male";"2014";"285.11"
"Incidence";"Tuscany";"Lung";"60-74";"Male";"2015";"269.54"
"Incidence";"Tuscany";"Lung";"60-74";"Male";"2016";"253.23"
"Incidence";"Tuscany";"Lung";"60-74";"Male";"2017";"260.73"
"Incidence";"Tuscany";"Lung";"60-74";"Male";"2018";"247.99"
"Incidence";"Tuscany";"Lung";"60-74";"Female";"2013";"104.97"
"Incidence";"Tuscany";"Lung";"60-74";"Female";"2014";"98.39"
"Incidence";"Tuscany";"Lung";"60-74";"Female";"2015";"108.51"
"Incidence";"Tuscany";"Lung";"60-74";"Female";"2016";"118.57"
"Incidence";"Tuscany";"Lung";"60-74";"Female";"2017";"116.00"
"Incidence";"Tuscany";"Lung";"60-74";"Female";"2018";"119.46"
"Mortality";"Tuscany";"Lung";"60-74";"Female";"2013";"50.94"
"Mortality";"Tuscany";"Lung";"60-74";"Female";"2014";"56.51"
"Mortality";"Tuscany";"Lung";"60-74";"Female";"2015";"56.65"
"Mortality";"Tuscany";"Lung";"60-74";"Female";"2016";"61.12"
"Mortality";"Tuscany";"Lung";"60-74";"Female";"2017";"65.13"
"Mortality";"Tuscany";"Lung";"60-74";"Female";"2018";"61.40"
"Mortality";"Tuscany";"Lung";"75-85+";"Male";"2013";"347.16"
"Mortality";"Tuscany";"Lung";"75-85+";"Male";"2014";"326.85"
"Mortality";"Tuscany";"Lung";"75-85+";"Male";"2015";"329.52"
"Mortality";"Tuscany";"Lung";"75-85+";"Male";"2016";"321.01"
"Mortality";"Tuscany";"Lung";"75-85+";"Male";"2017";"320.43"
"Mortality";"Tuscany";"Lung";"75-85+";"Male";"2018";"312.74"
"Incidence";"Milan";"Lung";"75-85+";"Male";"2013";"548.20"
"Incidence";"Milan";"Lung";"75-85+";"Male";"2014";"532.03"
"Incidence";"Milan";"Lung";"75-85+";"Male";"2015";"512.69"
"Incidence";"Milan";"Lung";"75-85+";"Male";"2016";"513.16"
"Incidence";"Milan";"Lung";"75-85+";"Male";"2017";"490.37"
"Mortality";"Puglia";"Lung";"75-85+";"Male";"2013";"420.61"
"Mortality";"Puglia";"Lung";"75-85+";"Male";"2014";"448.65"
"Mortality";"Puglia";"Lung";"75-85+";"Male";"2015";"472.13"
"Mortality";"Puglia";"Lung";"75-85+";"Male";"2016";"433.91"
"Mortality";"Puglia";"Lung";"75-85+";"Male";"2017";"400.99"
"Mortality";"Puglia";"Lung";"75-85+";"Male";"2018";"416.22"
"Mortality";"Milan";"Lung";"75-85+";"Female";"2013";"134.80"
"Mortality";"Milan";"Lung";"75-85+";"Female";"2014";"156.53"
"Mortality";"Milan";"Lung";"75-85+";"Female";"2015";"148.80"
"Mortality";"Milan";"Lung";"75-85+";"Female";"2016";"159.47"
"Mortality";"Milan";"Lung";"75-85+";"Female";"2017";"145.36"
"Mortality";"Milan";"Lung";"75-85+";"Male";"2013";"586.66"
"Mortality";"Milan";"Lung";"75-85+";"Male";"2014";"508.30"
"Mortality";"Milan";"Lung";"75-85+";"Male";"2015";"516.79"
"Mortality";"Milan";"Lung";"75-85+";"Male";"2016";"517.76"
"Mortality";"Milan";"Lung";"75-85+";"Male";"2017";"500.59"
"Incidence";"Lazio";"Lung";"75-85+";"Male";"2013";"494.91"
"Incidence";"Lazio";"Lung";"75-85+";"Male";"2014";"477.57"
"Incidence";"Lazio";"Lung";"75-85+";"Male";"2015";"472.52"
"Incidence";"Lazio";"Lung";"75-85+";"Male";"2016";"433.57"
"Incidence";"Lazio";"Lung";"75-85+";"Male";"2017";"401.97"
"Incidence";"Lazio";"Lung";"75-85+";"Female";"2013";"133.51"
"Incidence";"Lazio";"Lung";"75-85+";"Female";"2014";"139.74"
"Incidence";"Lazio";"Lung";"75-85+";"Female";"2015";"129.23"
"Incidence";"Lazio";"Lung";"75-85+";"Female";"2016";"145.45"
"Incidence";"Lazio";"Lung";"75-85+";"Female";"2017";"149.07"
"Mortality";"Insubria-Como";"Lung";"75-85+";"Female";"2013";"95.26"
"Mortality";"Insubria-Como";"Lung";"75-85+";"Female";"2014";"121.27"
"Mortality";"Insubria-Como";"Lung";"75-85+";"Female";"2015";"92.67"
"Mortality";"Insubria-Como";"Lung";"75-85+";"Male";"2013";"483.11"
"Mortality";"Insubria-Como";"Lung";"75-85+";"Male";"2014";"481.75"
"Mortality";"Insubria-Como";"Lung";"75-85+";"Male";"2015";"496.16"
"Incidence";"Milan";"Lung";"75-85+";"Female";"2013";"162.31"
"Incidence";"Milan";"Lung";"75-85+";"Female";"2014";"167.00"
"Incidence";"Milan";"Lung";"75-85+";"Female";"2015";"145.00"
"Incidence";"Milan";"Lung";"75-85+";"Female";"2016";"157.42"
"Incidence";"Milan";"Lung";"75-85+";"Female";"2017";"153.01"
"Incidence";"Puglia";"Lung";"75-85+";"Male";"2013";"461.56"
"Incidence";"Puglia";"Lung";"75-85+";"Male";"2014";"472.03"
"Incidence";"Puglia";"Lung";"75-85+";"Male";"2015";"483.15"
"Incidence";"Puglia";"Lung";"75-85+";"Male";"2016";"411.79"
"Incidence";"Puglia";"Lung";"75-85+";"Male";"2017";"437.97"
"Incidence";"Puglia";"Lung";"75-85+";"Male";"2018";"386.12"
"Incidence";"Puglia";"Lung";"75-85+";"Female";"2013";"66.36"
"Incidence";"Puglia";"Lung";"75-85+";"Female";"2014";"70.27"
"Incidence";"Puglia";"Lung";"75-85+";"Female";"2015";"72.36"
"Incidence";"Puglia";"Lung";"75-85+";"Female";"2016";"76.59"
"Incidence";"Puglia";"Lung";"75-85+";"Female";"2017";"82.97"
"Incidence";"Puglia";"Lung";"75-85+";"Female";"2018";"68.98"
"Incidence";"Tuscany";"Lung";"75-85+";"Male";"2013";"501.09"
"Incidence";"Tuscany";"Lung";"75-85+";"Male";"2014";"479.88"
"Incidence";"Tuscany";"Lung";"75-85+";"Male";"2015";"488.56"
"Incidence";"Tuscany";"Lung";"75-85+";"Male";"2016";"481.78"
"Incidence";"Tuscany";"Lung";"75-85+";"Male";"2017";"474.84"
"Incidence";"Tuscany";"Lung";"75-85+";"Male";"2018";"429.52"
"Incidence";"Tuscany";"Lung";"75-85+";"Female";"2013";"128.88"
"Incidence";"Tuscany";"Lung";"75-85+";"Female";"2014";"123.90"
"Incidence";"Tuscany";"Lung";"75-85+";"Female";"2015";"121.73"
"Incidence";"Tuscany";"Lung";"75-85+";"Female";"2016";"134.60"
"Incidence";"Tuscany";"Lung";"75-85+";"Female";"2017";"128.77"
"Incidence";"Tuscany";"Lung";"75-85+";"Female";"2018";"129.89"
"Mortality";"Tuscany";"Lung";"75-85+";"Female";"2013";"89.90"
"Mortality";"Tuscany";"Lung";"75-85+";"Female";"2014";"87.17"
"Mortality";"Tuscany";"Lung";"75-85+";"Female";"2015";"84.20"
"Mortality";"Tuscany";"Lung";"75-85+";"Female";"2016";"99.44"
"Mortality";"Tuscany";"Lung";"75-85+";"Female";"2017";"99.08"
"Mortality";"Tuscany";"Lung";"75-85+";"Female";"2018";"97.83"
"Mortality";"Puglia";"Lung";"75-85+";"Female";"2013";"68.50"
"Mortality";"Puglia";"Lung";"75-85+";"Female";"2014";"61.06"
"Mortality";"Puglia";"Lung";"75-85+";"Female";"2015";"73.58"
"Mortality";"Puglia";"Lung";"75-85+";"Female";"2016";"66.52"
"Mortality";"Puglia";"Lung";"75-85+";"Female";"2017";"66.22"
"Mortality";"Puglia";"Lung";"75-85+";"Female";"2018";"76.52"
"Mortality";"Lazio";"Lung";"0-14";"Female";"2018";"0.52"
"Mortality";"Lazio";"Lung";"0-14";"Male";"2018";"0.00"
"Mortality";"Lazio";"Lung";"15-29";"Male";"2018";"0.22"
"Mortality";"Lazio";"Lung";"15-29";"Female";"2018";"0.00"
"Mortality";"Lazio";"Lung";"30-44";"Female";"2018";"2.31"
"Mortality";"Lazio";"Lung";"30-44";"Male";"2018";"3.33"
"Mortality";"Lazio";"Lung";"45-59";"Female";"2018";"19.30"
"Mortality";"Lazio";"Lung";"45-59";"Male";"2018";"27.74"
"Mortality";"Lazio";"Lung";"60-74";"Female";"2018";"92.02"
"Mortality";"Lazio";"Lung";"60-74";"Male";"2018";"203.06"
"Mortality";"Lazio";"Lung";"75-85+";"Female";"2018";"172.42"
"Mortality";"Lazio";"Lung";"75-85+";"Male";"2018";"497.79"

Historical data: Incidence/mortality trends by age
Incidence and mortality, 41 registries, Both sexes, Lung, 0 to 85+ years, by 15 years age groups

Source: ECIS - European Cancer Information System
From https://ecis.jrc.ec.europa.eu, accessed on 28-03-2026
(c) European Union, 2026