"Indicator";"Registry";"Cancer";"Age";"Sex";"Year";"Age-specific Rate"
"Incidence";"Saarland";"Lung";"0-14";"Male";"1993";"0.00"
"Incidence";"Saarland";"Lung";"0-14";"Male";"1994";"0.00"
"Incidence";"Saarland";"Lung";"0-14";"Male";"1995";"0.00"
"Incidence";"Saarland";"Lung";"0-14";"Male";"1996";"0.00"
"Incidence";"Saarland";"Lung";"0-14";"Male";"1997";"0.00"
"Incidence";"Saarland";"Lung";"0-14";"Male";"1998";"0.00"
"Incidence";"Saarland";"Lung";"0-14";"Male";"1999";"0.00"
"Incidence";"Saarland";"Lung";"0-14";"Male";"2000";"0.00"
"Incidence";"Saarland";"Lung";"0-14";"Male";"2001";"0.00"
"Incidence";"Saarland";"Lung";"0-14";"Male";"2002";"0.00"
"Incidence";"Saarland";"Lung";"0-14";"Male";"2003";"0.00"
"Incidence";"Saarland";"Lung";"0-14";"Male";"2004";"0.00"
"Incidence";"Saarland";"Lung";"0-14";"Male";"2005";"0.00"
"Incidence";"Saarland";"Lung";"0-14";"Male";"2006";"0.00"
"Incidence";"Saarland";"Lung";"0-14";"Male";"2007";"0.00"
"Incidence";"Saarland";"Lung";"0-14";"Male";"2008";"0.00"
"Incidence";"Saarland";"Lung";"0-14";"Male";"2009";"0.00"
"Incidence";"Saarland";"Lung";"0-14";"Male";"2010";"0.00"
"Incidence";"Saarland";"Lung";"0-14";"Male";"2011";"0.00"
"Incidence";"Saarland";"Lung";"0-14";"Male";"2012";"0.00"
"Incidence";"Saarland";"Lung";"0-14";"Male";"2013";"0.00"
"Incidence";"Saarland";"Lung";"0-14";"Female";"1993";"0.00"
"Incidence";"Saarland";"Lung";"0-14";"Female";"1994";"0.00"
"Incidence";"Saarland";"Lung";"0-14";"Female";"1995";"0.00"
"Incidence";"Saarland";"Lung";"0-14";"Female";"1996";"0.00"
"Incidence";"Saarland";"Lung";"0-14";"Female";"1997";"0.00"
"Incidence";"Saarland";"Lung";"0-14";"Female";"1998";"0.00"
"Incidence";"Saarland";"Lung";"0-14";"Female";"1999";"0.00"
"Incidence";"Saarland";"Lung";"0-14";"Female";"2000";"0.00"
"Incidence";"Saarland";"Lung";"0-14";"Female";"2001";"0.00"
"Incidence";"Saarland";"Lung";"0-14";"Female";"2002";"0.00"
"Incidence";"Saarland";"Lung";"0-14";"Female";"2003";"0.00"
"Incidence";"Saarland";"Lung";"0-14";"Female";"2004";"0.00"
"Incidence";"Saarland";"Lung";"0-14";"Female";"2005";"0.00"
"Incidence";"Saarland";"Lung";"0-14";"Female";"2006";"0.00"
"Incidence";"Saarland";"Lung";"0-14";"Female";"2007";"0.00"
"Incidence";"Saarland";"Lung";"0-14";"Female";"2008";"0.00"
"Incidence";"Saarland";"Lung";"0-14";"Female";"2009";"0.00"
"Incidence";"Saarland";"Lung";"0-14";"Female";"2010";"0.00"
"Incidence";"Saarland";"Lung";"0-14";"Female";"2011";"0.00"
"Incidence";"Saarland";"Lung";"0-14";"Female";"2012";"0.00"
"Incidence";"Saarland";"Lung";"0-14";"Female";"2013";"0.00"
"Incidence";"Saarland";"Lung";"15-29";"Female";"1993";"0.00"
"Incidence";"Saarland";"Lung";"15-29";"Female";"1994";"0.00"
"Incidence";"Saarland";"Lung";"15-29";"Female";"1995";"0.00"
"Incidence";"Saarland";"Lung";"15-29";"Female";"1996";"1.07"
"Incidence";"Saarland";"Lung";"15-29";"Female";"1997";"0.00"
"Incidence";"Saarland";"Lung";"15-29";"Female";"1998";"0.00"
"Incidence";"Saarland";"Lung";"15-29";"Female";"1999";"0.00"
"Incidence";"Saarland";"Lung";"15-29";"Female";"2000";"0.00"
"Incidence";"Saarland";"Lung";"15-29";"Female";"2001";"0.00"
"Incidence";"Saarland";"Lung";"15-29";"Female";"2002";"0.00"
"Incidence";"Saarland";"Lung";"15-29";"Female";"2003";"0.00"
"Incidence";"Saarland";"Lung";"15-29";"Female";"2004";"0.00"
"Incidence";"Saarland";"Lung";"15-29";"Female";"2005";"0.00"
"Incidence";"Saarland";"Lung";"15-29";"Female";"2006";"0.00"
"Incidence";"Saarland";"Lung";"15-29";"Female";"2007";"2.34"
"Incidence";"Saarland";"Lung";"15-29";"Female";"2008";"0.00"
"Incidence";"Saarland";"Lung";"15-29";"Female";"2009";"0.00"
"Incidence";"Saarland";"Lung";"15-29";"Female";"2010";"0.00"
"Incidence";"Saarland";"Lung";"15-29";"Female";"2011";"1.20"
"Incidence";"Saarland";"Lung";"15-29";"Female";"2012";"0.00"
"Incidence";"Saarland";"Lung";"15-29";"Female";"2013";"0.00"
"Incidence";"Saarland";"Lung";"15-29";"Male";"1993";"1.82"
"Incidence";"Saarland";"Lung";"15-29";"Male";"1994";"0.00"
"Incidence";"Saarland";"Lung";"15-29";"Male";"1995";"2.95"
"Incidence";"Saarland";"Lung";"15-29";"Male";"1996";"1.02"
"Incidence";"Saarland";"Lung";"15-29";"Male";"1997";"0.00"
"Incidence";"Saarland";"Lung";"15-29";"Male";"1998";"0.00"
"Incidence";"Saarland";"Lung";"15-29";"Male";"1999";"0.00"
"Incidence";"Saarland";"Lung";"15-29";"Male";"2000";"0.00"
"Incidence";"Saarland";"Lung";"15-29";"Male";"2001";"0.00"
"Incidence";"Saarland";"Lung";"15-29";"Male";"2002";"1.16"
"Incidence";"Saarland";"Lung";"15-29";"Male";"2003";"0.00"
"Incidence";"Saarland";"Lung";"15-29";"Male";"2004";"0.00"
"Incidence";"Saarland";"Lung";"15-29";"Male";"2005";"1.13"
"Incidence";"Saarland";"Lung";"15-29";"Male";"2006";"1.12"
"Incidence";"Saarland";"Lung";"15-29";"Male";"2007";"1.12"
"Incidence";"Saarland";"Lung";"15-29";"Male";"2008";"1.12"
"Incidence";"Saarland";"Lung";"15-29";"Male";"2009";"0.00"
"Incidence";"Saarland";"Lung";"15-29";"Male";"2010";"0.00"
"Incidence";"Saarland";"Lung";"15-29";"Male";"2011";"0.00"
"Incidence";"Saarland";"Lung";"15-29";"Male";"2012";"0.00"
"Incidence";"Saarland";"Lung";"15-29";"Male";"2013";"0.00"
"Incidence";"Saarland";"Lung";"30-44";"Male";"1993";"5.27"
"Incidence";"Saarland";"Lung";"30-44";"Male";"1994";"7.47"
"Incidence";"Saarland";"Lung";"30-44";"Male";"1995";"11.15"
"Incidence";"Saarland";"Lung";"30-44";"Male";"1996";"7.38"
"Incidence";"Saarland";"Lung";"30-44";"Male";"1997";"7.34"
"Incidence";"Saarland";"Lung";"30-44";"Male";"1998";"9.59"
"Incidence";"Saarland";"Lung";"30-44";"Male";"1999";"11.15"
"Incidence";"Saarland";"Lung";"30-44";"Male";"2000";"11.25"
"Incidence";"Saarland";"Lung";"30-44";"Male";"2001";"9.12"
"Incidence";"Saarland";"Lung";"30-44";"Male";"2002";"8.52"
"Incidence";"Saarland";"Lung";"30-44";"Male";"2003";"6.36"
"Incidence";"Saarland";"Lung";"30-44";"Male";"2004";"4.93"
"Incidence";"Saarland";"Lung";"30-44";"Male";"2005";"7.69"
"Incidence";"Saarland";"Lung";"30-44";"Male";"2006";"5.33"
"Incidence";"Saarland";"Lung";"30-44";"Male";"2007";"9.25"
"Incidence";"Saarland";"Lung";"30-44";"Male";"2008";"5.78"
"Incidence";"Saarland";"Lung";"30-44";"Male";"2009";"3.01"
"Incidence";"Saarland";"Lung";"30-44";"Male";"2010";"5.19"
"Incidence";"Saarland";"Lung";"30-44";"Male";"2011";"2.14"
"Incidence";"Saarland";"Lung";"30-44";"Male";"2012";"4.61"
"Incidence";"Saarland";"Lung";"30-44";"Male";"2013";"4.72"
"Incidence";"Saarland";"Lung";"30-44";"Female";"1993";"8.87"
"Incidence";"Saarland";"Lung";"30-44";"Female";"1994";"3.97"
"Incidence";"Saarland";"Lung";"30-44";"Female";"1995";"3.92"
"Incidence";"Saarland";"Lung";"30-44";"Female";"1996";"4.66"
"Incidence";"Saarland";"Lung";"30-44";"Female";"1997";"3.86"
"Incidence";"Saarland";"Lung";"30-44";"Female";"1998";"10.81"
"Incidence";"Saarland";"Lung";"30-44";"Female";"1999";"6.97"
"Incidence";"Saarland";"Lung";"30-44";"Female";"2000";"6.24"
"Incidence";"Saarland";"Lung";"30-44";"Female";"2001";"5.51"
"Incidence";"Saarland";"Lung";"30-44";"Female";"2002";"7.20"
"Incidence";"Saarland";"Lung";"30-44";"Female";"2003";"9.82"
"Incidence";"Saarland";"Lung";"30-44";"Female";"2004";"18.55"
"Incidence";"Saarland";"Lung";"30-44";"Female";"2005";"6.12"
"Incidence";"Saarland";"Lung";"30-44";"Female";"2006";"8.16"
"Incidence";"Saarland";"Lung";"30-44";"Female";"2007";"7.54"
"Incidence";"Saarland";"Lung";"30-44";"Female";"2008";"7.83"
"Incidence";"Saarland";"Lung";"30-44";"Female";"2009";"7.14"
"Incidence";"Saarland";"Lung";"30-44";"Female";"2010";"9.52"
"Incidence";"Saarland";"Lung";"30-44";"Female";"2011";"8.74"
"Incidence";"Saarland";"Lung";"30-44";"Female";"2012";"7.98"
"Incidence";"Saarland";"Lung";"30-44";"Female";"2013";"2.36"
"Incidence";"Saarland";"Lung";"45-59";"Male";"1993";"121.34"
"Incidence";"Saarland";"Lung";"45-59";"Male";"1994";"116.78"
"Incidence";"Saarland";"Lung";"45-59";"Male";"1995";"126.62"
"Incidence";"Saarland";"Lung";"45-59";"Male";"1996";"135.68"
"Incidence";"Saarland";"Lung";"45-59";"Male";"1997";"111.69"
"Incidence";"Saarland";"Lung";"45-59";"Male";"1998";"103.69"
"Incidence";"Saarland";"Lung";"45-59";"Male";"1999";"111.81"
"Incidence";"Saarland";"Lung";"45-59";"Male";"2000";"126.63"
"Incidence";"Saarland";"Lung";"45-59";"Male";"2001";"97.76"
"Incidence";"Saarland";"Lung";"45-59";"Male";"2002";"103.90"
"Incidence";"Saarland";"Lung";"45-59";"Male";"2003";"101.39"
"Incidence";"Saarland";"Lung";"45-59";"Male";"2004";"98.98"
"Incidence";"Saarland";"Lung";"45-59";"Male";"2005";"111.15"
"Incidence";"Saarland";"Lung";"45-59";"Male";"2006";"105.85"
"Incidence";"Saarland";"Lung";"45-59";"Male";"2007";"121.93"
"Incidence";"Saarland";"Lung";"45-59";"Male";"2008";"113.35"
"Incidence";"Saarland";"Lung";"45-59";"Male";"2009";"80.41"
"Incidence";"Saarland";"Lung";"45-59";"Male";"2010";"120.97"
"Incidence";"Saarland";"Lung";"45-59";"Male";"2011";"105.95"
"Incidence";"Saarland";"Lung";"45-59";"Male";"2012";"80.42"
"Incidence";"Saarland";"Lung";"45-59";"Male";"2013";"98.30"
"Incidence";"Saarland";"Lung";"45-59";"Female";"1993";"22.81"
"Incidence";"Saarland";"Lung";"45-59";"Female";"1994";"42.51"
"Incidence";"Saarland";"Lung";"45-59";"Female";"1995";"33.92"
"Incidence";"Saarland";"Lung";"45-59";"Female";"1996";"31.29"
"Incidence";"Saarland";"Lung";"45-59";"Female";"1997";"44.97"
"Incidence";"Saarland";"Lung";"45-59";"Female";"1998";"41.44"
"Incidence";"Saarland";"Lung";"45-59";"Female";"1999";"40.75"
"Incidence";"Saarland";"Lung";"45-59";"Female";"2000";"53.75"
"Incidence";"Saarland";"Lung";"45-59";"Female";"2001";"52.84"
"Incidence";"Saarland";"Lung";"45-59";"Female";"2002";"47.38"
"Incidence";"Saarland";"Lung";"45-59";"Female";"2003";"62.40"
"Incidence";"Saarland";"Lung";"45-59";"Female";"2004";"48.07"
"Incidence";"Saarland";"Lung";"45-59";"Female";"2005";"57.40"
"Incidence";"Saarland";"Lung";"45-59";"Female";"2006";"51.01"
"Incidence";"Saarland";"Lung";"45-59";"Female";"2007";"67.96"
"Incidence";"Saarland";"Lung";"45-59";"Female";"2008";"66.56"
"Incidence";"Saarland";"Lung";"45-59";"Female";"2009";"67.40"
"Incidence";"Saarland";"Lung";"45-59";"Female";"2010";"66.79"
"Incidence";"Saarland";"Lung";"45-59";"Female";"2011";"59.91"
"Incidence";"Saarland";"Lung";"45-59";"Female";"2012";"65.49"
"Incidence";"Saarland";"Lung";"45-59";"Female";"2013";"63.28"
"Incidence";"Saarland";"Lung";"60-74";"Female";"1993";"69.01"
"Incidence";"Saarland";"Lung";"60-74";"Female";"1994";"76.38"
"Incidence";"Saarland";"Lung";"60-74";"Female";"1995";"88.98"
"Incidence";"Saarland";"Lung";"60-74";"Female";"1996";"61.35"
"Incidence";"Saarland";"Lung";"60-74";"Female";"1997";"70.96"
"Incidence";"Saarland";"Lung";"60-74";"Female";"1998";"85.77"
"Incidence";"Saarland";"Lung";"60-74";"Female";"1999";"90.29"
"Incidence";"Saarland";"Lung";"60-74";"Female";"2000";"90.44"
"Incidence";"Saarland";"Lung";"60-74";"Female";"2001";"104.26"
"Incidence";"Saarland";"Lung";"60-74";"Female";"2002";"95.61"
"Incidence";"Saarland";"Lung";"60-74";"Female";"2003";"90.59"
"Incidence";"Saarland";"Lung";"60-74";"Female";"2004";"86.45"
"Incidence";"Saarland";"Lung";"60-74";"Female";"2005";"107.09"
"Incidence";"Saarland";"Lung";"60-74";"Female";"2006";"124.03"
"Incidence";"Saarland";"Lung";"60-74";"Female";"2007";"125.93"
"Incidence";"Saarland";"Lung";"60-74";"Female";"2008";"158.66"
"Incidence";"Saarland";"Lung";"60-74";"Female";"2009";"102.38"
"Incidence";"Saarland";"Lung";"60-74";"Female";"2010";"164.67"
"Incidence";"Saarland";"Lung";"60-74";"Female";"2011";"146.69"
"Incidence";"Saarland";"Lung";"60-74";"Female";"2012";"158.40"
"Incidence";"Saarland";"Lung";"60-74";"Female";"2013";"132.67"
"Incidence";"Saarland";"Lung";"60-74";"Male";"1993";"402.78"
"Incidence";"Saarland";"Lung";"60-74";"Male";"1994";"408.14"
"Incidence";"Saarland";"Lung";"60-74";"Male";"1995";"431.90"
"Incidence";"Saarland";"Lung";"60-74";"Male";"1996";"443.86"
"Incidence";"Saarland";"Lung";"60-74";"Male";"1997";"412.17"
"Incidence";"Saarland";"Lung";"60-74";"Male";"1998";"413.92"
"Incidence";"Saarland";"Lung";"60-74";"Male";"1999";"396.22"
"Incidence";"Saarland";"Lung";"60-74";"Male";"2000";"377.64"
"Incidence";"Saarland";"Lung";"60-74";"Male";"2001";"382.19"
"Incidence";"Saarland";"Lung";"60-74";"Male";"2002";"345.65"
"Incidence";"Saarland";"Lung";"60-74";"Male";"2003";"348.99"
"Incidence";"Saarland";"Lung";"60-74";"Male";"2004";"351.84"
"Incidence";"Saarland";"Lung";"60-74";"Male";"2005";"385.03"
"Incidence";"Saarland";"Lung";"60-74";"Male";"2006";"395.20"
"Incidence";"Saarland";"Lung";"60-74";"Male";"2007";"417.67"
"Incidence";"Saarland";"Lung";"60-74";"Male";"2008";"397.39"
"Incidence";"Saarland";"Lung";"60-74";"Male";"2009";"413.31"
"Incidence";"Saarland";"Lung";"60-74";"Male";"2010";"343.23"
"Incidence";"Saarland";"Lung";"60-74";"Male";"2011";"329.00"
"Incidence";"Saarland";"Lung";"60-74";"Male";"2012";"334.29"
"Incidence";"Saarland";"Lung";"60-74";"Male";"2013";"314.89"
"Incidence";"Saarland";"Lung";"75-89";"Male";"1993";"625.43"
"Incidence";"Saarland";"Lung";"75-89";"Male";"1994";"647.21"
"Incidence";"Saarland";"Lung";"75-89";"Male";"1995";"671.78"
"Incidence";"Saarland";"Lung";"75-89";"Male";"1996";"575.79"
"Incidence";"Saarland";"Lung";"75-89";"Male";"1997";"679.57"
"Incidence";"Saarland";"Lung";"75-89";"Male";"1998";"778.89"
"Incidence";"Saarland";"Lung";"75-89";"Male";"1999";"551.85"
"Incidence";"Saarland";"Lung";"75-89";"Male";"2000";"531.86"
"Incidence";"Saarland";"Lung";"75-89";"Male";"2001";"619.06"
"Incidence";"Saarland";"Lung";"75-89";"Male";"2002";"585.94"
"Incidence";"Saarland";"Lung";"75-89";"Male";"2003";"590.04"
"Incidence";"Saarland";"Lung";"75-89";"Male";"2004";"586.14"
"Incidence";"Saarland";"Lung";"75-89";"Male";"2005";"553.70"
"Incidence";"Saarland";"Lung";"75-89";"Male";"2006";"670.11"
"Incidence";"Saarland";"Lung";"75-89";"Male";"2007";"662.69"
"Incidence";"Saarland";"Lung";"75-89";"Male";"2008";"580.82"
"Incidence";"Saarland";"Lung";"75-89";"Male";"2009";"618.11"
"Incidence";"Saarland";"Lung";"75-89";"Male";"2010";"635.00"
"Incidence";"Saarland";"Lung";"75-89";"Male";"2011";"650.70"
"Incidence";"Saarland";"Lung";"75-89";"Male";"2012";"596.44"
"Incidence";"Saarland";"Lung";"75-89";"Male";"2013";"448.09"
"Incidence";"Saarland";"Lung";"75-89";"Female";"1993";"70.26"
"Incidence";"Saarland";"Lung";"75-89";"Female";"1994";"70.09"
"Incidence";"Saarland";"Lung";"75-89";"Female";"1995";"67.29"
"Incidence";"Saarland";"Lung";"75-89";"Female";"1996";"95.44"
"Incidence";"Saarland";"Lung";"75-89";"Female";"1997";"110.82"
"Incidence";"Saarland";"Lung";"75-89";"Female";"1998";"104.91"
"Incidence";"Saarland";"Lung";"75-89";"Female";"1999";"136.43"
"Incidence";"Saarland";"Lung";"75-89";"Female";"2000";"103.13"
"Incidence";"Saarland";"Lung";"75-89";"Female";"2001";"131.62"
"Incidence";"Saarland";"Lung";"75-89";"Female";"2002";"109.25"
"Incidence";"Saarland";"Lung";"75-89";"Female";"2003";"116.51"
"Incidence";"Saarland";"Lung";"75-89";"Female";"2004";"120.32"
"Incidence";"Saarland";"Lung";"75-89";"Female";"2005";"159.42"
"Incidence";"Saarland";"Lung";"75-89";"Female";"2006";"149.71"
"Incidence";"Saarland";"Lung";"75-89";"Female";"2007";"181.22"
"Incidence";"Saarland";"Lung";"75-89";"Female";"2008";"184.31"
"Incidence";"Saarland";"Lung";"75-89";"Female";"2009";"171.24"
"Incidence";"Saarland";"Lung";"75-89";"Female";"2010";"156.75"
"Incidence";"Saarland";"Lung";"75-89";"Female";"2011";"188.60"
"Incidence";"Saarland";"Lung";"75-89";"Female";"2012";"167.67"
"Incidence";"Saarland";"Lung";"75-89";"Female";"2013";"152.84"
"Incidence";"Saarland";"Lung";"90-95+";"Female";"1993";"-"
"Incidence";"Saarland";"Lung";"90-95+";"Female";"1994";"-"
"Incidence";"Saarland";"Lung";"90-95+";"Female";"1995";"-"
"Incidence";"Saarland";"Lung";"90-95+";"Female";"1996";"-"
"Incidence";"Saarland";"Lung";"90-95+";"Female";"1997";"-"
"Incidence";"Saarland";"Lung";"90-95+";"Female";"1998";"-"
"Incidence";"Saarland";"Lung";"90-95+";"Female";"1999";"-"
"Incidence";"Saarland";"Lung";"90-95+";"Female";"2000";"-"
"Incidence";"Saarland";"Lung";"90-95+";"Female";"2001";"-"
"Incidence";"Saarland";"Lung";"90-95+";"Female";"2002";"-"
"Incidence";"Saarland";"Lung";"90-95+";"Female";"2003";"-"
"Incidence";"Saarland";"Lung";"90-95+";"Female";"2004";"-"
"Incidence";"Saarland";"Lung";"90-95+";"Female";"2005";"-"
"Incidence";"Saarland";"Lung";"90-95+";"Female";"2006";"-"
"Incidence";"Saarland";"Lung";"90-95+";"Female";"2007";"-"
"Incidence";"Saarland";"Lung";"90-95+";"Female";"2008";"-"
"Incidence";"Saarland";"Lung";"90-95+";"Female";"2009";"-"
"Incidence";"Saarland";"Lung";"90-95+";"Female";"2010";"-"
"Incidence";"Saarland";"Lung";"90-95+";"Female";"2011";"-"
"Incidence";"Saarland";"Lung";"90-95+";"Female";"2012";"-"
"Incidence";"Saarland";"Lung";"90-95+";"Female";"2013";"-"
"Incidence";"Saarland";"Lung";"90-95+";"Male";"1993";"-"
"Incidence";"Saarland";"Lung";"90-95+";"Male";"1994";"-"
"Incidence";"Saarland";"Lung";"90-95+";"Male";"1995";"-"
"Incidence";"Saarland";"Lung";"90-95+";"Male";"1996";"-"
"Incidence";"Saarland";"Lung";"90-95+";"Male";"1997";"-"
"Incidence";"Saarland";"Lung";"90-95+";"Male";"1998";"-"
"Incidence";"Saarland";"Lung";"90-95+";"Male";"1999";"-"
"Incidence";"Saarland";"Lung";"90-95+";"Male";"2000";"-"
"Incidence";"Saarland";"Lung";"90-95+";"Male";"2001";"-"
"Incidence";"Saarland";"Lung";"90-95+";"Male";"2002";"-"
"Incidence";"Saarland";"Lung";"90-95+";"Male";"2003";"-"
"Incidence";"Saarland";"Lung";"90-95+";"Male";"2004";"-"
"Incidence";"Saarland";"Lung";"90-95+";"Male";"2005";"-"
"Incidence";"Saarland";"Lung";"90-95+";"Male";"2006";"-"
"Incidence";"Saarland";"Lung";"90-95+";"Male";"2007";"-"
"Incidence";"Saarland";"Lung";"90-95+";"Male";"2008";"-"
"Incidence";"Saarland";"Lung";"90-95+";"Male";"2009";"-"
"Incidence";"Saarland";"Lung";"90-95+";"Male";"2010";"-"
"Incidence";"Saarland";"Lung";"90-95+";"Male";"2011";"-"
"Incidence";"Saarland";"Lung";"90-95+";"Male";"2012";"-"
"Incidence";"Saarland";"Lung";"90-95+";"Male";"2013";"-"
"Incidence";"Hamburg";"Lung";"0-14";"Male";"1995";"0.00"
"Incidence";"Hamburg";"Lung";"0-14";"Male";"1996";"0.00"
"Incidence";"Hamburg";"Lung";"0-14";"Male";"1997";"0.00"
"Incidence";"Hamburg";"Lung";"0-14";"Male";"1998";"0.00"
"Incidence";"Hamburg";"Lung";"0-14";"Male";"1999";"0.00"
"Incidence";"Hamburg";"Lung";"0-14";"Male";"2000";"0.00"
"Incidence";"Hamburg";"Lung";"0-14";"Male";"2001";"0.00"
"Incidence";"Hamburg";"Lung";"0-14";"Male";"2002";"0.00"
"Incidence";"Hamburg";"Lung";"0-14";"Male";"2003";"0.00"
"Incidence";"Hamburg";"Lung";"0-14";"Male";"2004";"0.00"
"Incidence";"Hamburg";"Lung";"0-14";"Male";"2005";"0.00"
"Incidence";"Hamburg";"Lung";"0-14";"Male";"2006";"0.00"
"Incidence";"Hamburg";"Lung";"0-14";"Male";"2007";"0.00"
"Incidence";"Hamburg";"Lung";"0-14";"Male";"2008";"0.00"
"Incidence";"Hamburg";"Lung";"0-14";"Male";"2009";"0.00"
"Incidence";"Hamburg";"Lung";"0-14";"Male";"2010";"0.00"
"Incidence";"Hamburg";"Lung";"0-14";"Male";"2011";"0.00"
"Incidence";"Hamburg";"Lung";"0-14";"Male";"2012";"0.00"
"Incidence";"Hamburg";"Lung";"0-14";"Male";"2013";"0.00"
"Incidence";"North Rhine-Westphalia";"Lung";"0-14";"Female";"1995";"0.00"
"Incidence";"North Rhine-Westphalia";"Lung";"0-14";"Female";"1996";"0.00"
"Incidence";"North Rhine-Westphalia";"Lung";"0-14";"Female";"1997";"0.00"
"Incidence";"North Rhine-Westphalia";"Lung";"0-14";"Female";"1998";"0.00"
"Incidence";"North Rhine-Westphalia";"Lung";"0-14";"Female";"1999";"0.00"
"Incidence";"North Rhine-Westphalia";"Lung";"0-14";"Female";"2000";"0.00"
"Incidence";"North Rhine-Westphalia";"Lung";"0-14";"Female";"2001";"0.00"
"Incidence";"North Rhine-Westphalia";"Lung";"0-14";"Female";"2002";"0.00"
"Incidence";"North Rhine-Westphalia";"Lung";"0-14";"Female";"2003";"0.00"
"Incidence";"North Rhine-Westphalia";"Lung";"0-14";"Female";"2004";"0.00"
"Incidence";"North Rhine-Westphalia";"Lung";"0-14";"Female";"2005";"0.00"
"Incidence";"North Rhine-Westphalia";"Lung";"0-14";"Female";"2006";"0.00"
"Incidence";"North Rhine-Westphalia";"Lung";"0-14";"Female";"2007";"0.00"
"Incidence";"North Rhine-Westphalia";"Lung";"0-14";"Female";"2008";"0.52"
"Incidence";"North Rhine-Westphalia";"Lung";"0-14";"Female";"2009";"0.00"
"Incidence";"North Rhine-Westphalia";"Lung";"0-14";"Female";"2010";"0.08"
"Incidence";"North Rhine-Westphalia";"Lung";"0-14";"Female";"2011";"0.00"
"Incidence";"North Rhine-Westphalia";"Lung";"0-14";"Female";"2012";"0.34"
"Incidence";"North Rhine-Westphalia";"Lung";"0-14";"Female";"2013";"0.00"
"Incidence";"Hamburg";"Lung";"0-14";"Female";"1995";"0.00"
"Incidence";"Hamburg";"Lung";"0-14";"Female";"1996";"0.00"
"Incidence";"Hamburg";"Lung";"0-14";"Female";"1997";"0.00"
"Incidence";"Hamburg";"Lung";"0-14";"Female";"1998";"0.92"
"Incidence";"Hamburg";"Lung";"0-14";"Female";"1999";"0.00"
"Incidence";"Hamburg";"Lung";"0-14";"Female";"2000";"0.00"
"Incidence";"Hamburg";"Lung";"0-14";"Female";"2001";"0.00"
"Incidence";"Hamburg";"Lung";"0-14";"Female";"2002";"0.00"
"Incidence";"Hamburg";"Lung";"0-14";"Female";"2003";"0.00"
"Incidence";"Hamburg";"Lung";"0-14";"Female";"2004";"0.00"
"Incidence";"Hamburg";"Lung";"0-14";"Female";"2005";"0.00"
"Incidence";"Hamburg";"Lung";"0-14";"Female";"2006";"0.00"
"Incidence";"Hamburg";"Lung";"0-14";"Female";"2007";"0.00"
"Incidence";"Hamburg";"Lung";"0-14";"Female";"2008";"0.00"
"Incidence";"Hamburg";"Lung";"0-14";"Female";"2009";"0.00"
"Incidence";"Hamburg";"Lung";"0-14";"Female";"2010";"0.00"
"Incidence";"Hamburg";"Lung";"0-14";"Female";"2011";"0.00"
"Incidence";"Hamburg";"Lung";"0-14";"Female";"2012";"0.00"
"Incidence";"Hamburg";"Lung";"0-14";"Female";"2013";"0.00"
"Incidence";"North Rhine-Westphalia";"Lung";"0-14";"Male";"1995";"0.00"
"Incidence";"North Rhine-Westphalia";"Lung";"0-14";"Male";"1996";"0.00"
"Incidence";"North Rhine-Westphalia";"Lung";"0-14";"Male";"1997";"0.00"
"Incidence";"North Rhine-Westphalia";"Lung";"0-14";"Male";"1998";"0.00"
"Incidence";"North Rhine-Westphalia";"Lung";"0-14";"Male";"1999";"0.00"
"Incidence";"North Rhine-Westphalia";"Lung";"0-14";"Male";"2000";"0.00"
"Incidence";"North Rhine-Westphalia";"Lung";"0-14";"Male";"2001";"0.00"
"Incidence";"North Rhine-Westphalia";"Lung";"0-14";"Male";"2002";"0.00"
"Incidence";"North Rhine-Westphalia";"Lung";"0-14";"Male";"2003";"0.00"
"Incidence";"North Rhine-Westphalia";"Lung";"0-14";"Male";"2004";"0.00"
"Incidence";"North Rhine-Westphalia";"Lung";"0-14";"Male";"2005";"0.00"
"Incidence";"North Rhine-Westphalia";"Lung";"0-14";"Male";"2006";"0.00"
"Incidence";"North Rhine-Westphalia";"Lung";"0-14";"Male";"2007";"0.00"
"Incidence";"North Rhine-Westphalia";"Lung";"0-14";"Male";"2008";"0.00"
"Incidence";"North Rhine-Westphalia";"Lung";"0-14";"Male";"2009";"0.00"
"Incidence";"North Rhine-Westphalia";"Lung";"0-14";"Male";"2010";"0.23"
"Incidence";"North Rhine-Westphalia";"Lung";"0-14";"Male";"2011";"0.16"
"Incidence";"North Rhine-Westphalia";"Lung";"0-14";"Male";"2012";"0.08"
"Incidence";"North Rhine-Westphalia";"Lung";"0-14";"Male";"2013";"0.00"
"Incidence";"Hamburg";"Lung";"15-29";"Male";"1995";"1.17"
"Incidence";"Hamburg";"Lung";"15-29";"Male";"1996";"0.61"
"Incidence";"Hamburg";"Lung";"15-29";"Male";"1997";"0.00"
"Incidence";"Hamburg";"Lung";"15-29";"Male";"1998";"0.00"
"Incidence";"Hamburg";"Lung";"15-29";"Male";"1999";"0.00"
"Incidence";"Hamburg";"Lung";"15-29";"Male";"2000";"0.69"
"Incidence";"Hamburg";"Lung";"15-29";"Male";"2001";"0.00"
"Incidence";"Hamburg";"Lung";"15-29";"Male";"2002";"0.69"
"Incidence";"Hamburg";"Lung";"15-29";"Male";"2003";"0.00"
"Incidence";"Hamburg";"Lung";"15-29";"Male";"2004";"1.35"
"Incidence";"Hamburg";"Lung";"15-29";"Male";"2005";"0.00"
"Incidence";"Hamburg";"Lung";"15-29";"Male";"2006";"0.00"
"Incidence";"Hamburg";"Lung";"15-29";"Male";"2007";"0.66"
"Incidence";"Hamburg";"Lung";"15-29";"Male";"2008";"1.30"
"Incidence";"Hamburg";"Lung";"15-29";"Male";"2009";"0.00"
"Incidence";"Hamburg";"Lung";"15-29";"Male";"2010";"0.65"
"Incidence";"Hamburg";"Lung";"15-29";"Male";"2011";"0.00"
"Incidence";"Hamburg";"Lung";"15-29";"Male";"2012";"0.00"
"Incidence";"Hamburg";"Lung";"15-29";"Male";"2013";"0.00"
"Incidence";"North Rhine-Westphalia";"Lung";"15-29";"Male";"1995";"0.00"
"Incidence";"North Rhine-Westphalia";"Lung";"15-29";"Male";"1996";"0.00"
"Incidence";"North Rhine-Westphalia";"Lung";"15-29";"Male";"1997";"0.00"
"Incidence";"North Rhine-Westphalia";"Lung";"15-29";"Male";"1998";"0.40"
"Incidence";"North Rhine-Westphalia";"Lung";"15-29";"Male";"1999";"0.00"
"Incidence";"North Rhine-Westphalia";"Lung";"15-29";"Male";"2000";"0.85"
"Incidence";"North Rhine-Westphalia";"Lung";"15-29";"Male";"2001";"0.86"
"Incidence";"North Rhine-Westphalia";"Lung";"15-29";"Male";"2002";"0.43"
"Incidence";"North Rhine-Westphalia";"Lung";"15-29";"Male";"2003";"0.00"
"Incidence";"North Rhine-Westphalia";"Lung";"15-29";"Male";"2004";"0.00"
"Incidence";"North Rhine-Westphalia";"Lung";"15-29";"Male";"2005";"0.85"
"Incidence";"North Rhine-Westphalia";"Lung";"15-29";"Male";"2006";"0.00"
"Incidence";"North Rhine-Westphalia";"Lung";"15-29";"Male";"2007";"0.42"
"Incidence";"North Rhine-Westphalia";"Lung";"15-29";"Male";"2008";"0.42"
"Incidence";"North Rhine-Westphalia";"Lung";"15-29";"Male";"2009";"0.84"
"Incidence";"North Rhine-Westphalia";"Lung";"15-29";"Male";"2010";"0.63"
"Incidence";"North Rhine-Westphalia";"Lung";"15-29";"Male";"2011";"0.45"
"Incidence";"North Rhine-Westphalia";"Lung";"15-29";"Male";"2012";"0.32"
"Incidence";"North Rhine-Westphalia";"Lung";"15-29";"Male";"2013";"0.45"
"Incidence";"North Rhine-Westphalia";"Lung";"15-29";"Female";"1995";"0.39"
"Incidence";"North Rhine-Westphalia";"Lung";"15-29";"Female";"1996";"0.00"
"Incidence";"North Rhine-Westphalia";"Lung";"15-29";"Female";"1997";"0.82"
"Incidence";"North Rhine-Westphalia";"Lung";"15-29";"Female";"1998";"0.00"
"Incidence";"North Rhine-Westphalia";"Lung";"15-29";"Female";"1999";"0.00"
"Incidence";"North Rhine-Westphalia";"Lung";"15-29";"Female";"2000";"0.88"
"Incidence";"North Rhine-Westphalia";"Lung";"15-29";"Female";"2001";"0.00"
"Incidence";"North Rhine-Westphalia";"Lung";"15-29";"Female";"2002";"0.89"
"Incidence";"North Rhine-Westphalia";"Lung";"15-29";"Female";"2003";"0.44"
"Incidence";"North Rhine-Westphalia";"Lung";"15-29";"Female";"2004";"0.00"
"Incidence";"North Rhine-Westphalia";"Lung";"15-29";"Female";"2005";"0.44"
"Incidence";"North Rhine-Westphalia";"Lung";"15-29";"Female";"2006";"0.00"
"Incidence";"North Rhine-Westphalia";"Lung";"15-29";"Female";"2007";"0.43"
"Incidence";"North Rhine-Westphalia";"Lung";"15-29";"Female";"2008";"0.00"
"Incidence";"North Rhine-Westphalia";"Lung";"15-29";"Female";"2009";"0.00"
"Incidence";"North Rhine-Westphalia";"Lung";"15-29";"Female";"2010";"0.52"
"Incidence";"North Rhine-Westphalia";"Lung";"15-29";"Female";"2011";"0.33"
"Incidence";"North Rhine-Westphalia";"Lung";"15-29";"Female";"2012";"0.47"
"Incidence";"North Rhine-Westphalia";"Lung";"15-29";"Female";"2013";"0.33"
"Incidence";"Hamburg";"Lung";"15-29";"Female";"1995";"0.00"
"Incidence";"Hamburg";"Lung";"15-29";"Female";"1996";"0.00"
"Incidence";"Hamburg";"Lung";"15-29";"Female";"1997";"0.65"
"Incidence";"Hamburg";"Lung";"15-29";"Female";"1998";"0.00"
"Incidence";"Hamburg";"Lung";"15-29";"Female";"1999";"0.00"
"Incidence";"Hamburg";"Lung";"15-29";"Female";"2000";"0.68"
"Incidence";"Hamburg";"Lung";"15-29";"Female";"2001";"0.00"
"Incidence";"Hamburg";"Lung";"15-29";"Female";"2002";"0.67"
"Incidence";"Hamburg";"Lung";"15-29";"Female";"2003";"0.00"
"Incidence";"Hamburg";"Lung";"15-29";"Female";"2004";"0.00"
"Incidence";"Hamburg";"Lung";"15-29";"Female";"2005";"0.00"
"Incidence";"Hamburg";"Lung";"15-29";"Female";"2006";"0.62"
"Incidence";"Hamburg";"Lung";"15-29";"Female";"2007";"0.00"
"Incidence";"Hamburg";"Lung";"15-29";"Female";"2008";"0.61"
"Incidence";"Hamburg";"Lung";"15-29";"Female";"2009";"0.00"
"Incidence";"Hamburg";"Lung";"15-29";"Female";"2010";"0.00"
"Incidence";"Hamburg";"Lung";"15-29";"Female";"2011";"0.00"
"Incidence";"Hamburg";"Lung";"15-29";"Female";"2012";"0.00"
"Incidence";"Hamburg";"Lung";"15-29";"Female";"2013";"0.00"
"Incidence";"Hamburg";"Lung";"30-44";"Female";"1995";"4.69"
"Incidence";"Hamburg";"Lung";"30-44";"Female";"1996";"8.67"
"Incidence";"Hamburg";"Lung";"30-44";"Female";"1997";"5.50"
"Incidence";"Hamburg";"Lung";"30-44";"Female";"1998";"4.93"
"Incidence";"Hamburg";"Lung";"30-44";"Female";"1999";"6.82"
"Incidence";"Hamburg";"Lung";"30-44";"Female";"2000";"5.79"
"Incidence";"Hamburg";"Lung";"30-44";"Female";"2001";"9.56"
"Incidence";"Hamburg";"Lung";"30-44";"Female";"2002";"5.25"
"Incidence";"Hamburg";"Lung";"30-44";"Female";"2003";"5.76"
"Incidence";"Hamburg";"Lung";"30-44";"Female";"2004";"3.38"
"Incidence";"Hamburg";"Lung";"30-44";"Female";"2005";"5.85"
"Incidence";"Hamburg";"Lung";"30-44";"Female";"2006";"6.38"
"Incidence";"Hamburg";"Lung";"30-44";"Female";"2007";"8.89"
"Incidence";"Hamburg";"Lung";"30-44";"Female";"2008";"5.47"
"Incidence";"Hamburg";"Lung";"30-44";"Female";"2009";"3.51"
"Incidence";"Hamburg";"Lung";"30-44";"Female";"2010";"5.04"
"Incidence";"Hamburg";"Lung";"30-44";"Female";"2011";"6.57"
"Incidence";"Hamburg";"Lung";"30-44";"Female";"2012";"5.57"
"Incidence";"Hamburg";"Lung";"30-44";"Female";"2013";"5.06"
"Incidence";"Hamburg";"Lung";"30-44";"Male";"1995";"7.94"
"Incidence";"Hamburg";"Lung";"30-44";"Male";"1996";"6.29"
"Incidence";"Hamburg";"Lung";"30-44";"Male";"1997";"8.53"
"Incidence";"Hamburg";"Lung";"30-44";"Male";"1998";"9.77"
"Incidence";"Hamburg";"Lung";"30-44";"Male";"1999";"5.04"
"Incidence";"Hamburg";"Lung";"30-44";"Male";"2000";"6.80"
"Incidence";"Hamburg";"Lung";"30-44";"Male";"2001";"4.50"
"Incidence";"Hamburg";"Lung";"30-44";"Male";"2002";"4.50"
"Incidence";"Hamburg";"Lung";"30-44";"Male";"2003";"6.36"
"Incidence";"Hamburg";"Lung";"30-44";"Male";"2004";"5.05"
"Incidence";"Hamburg";"Lung";"30-44";"Male";"2005";"9.24"
"Incidence";"Hamburg";"Lung";"30-44";"Male";"2006";"4.18"
"Incidence";"Hamburg";"Lung";"30-44";"Male";"2007";"5.15"
"Incidence";"Hamburg";"Lung";"30-44";"Male";"2008";"3.32"
"Incidence";"Hamburg";"Lung";"30-44";"Male";"2009";"3.85"
"Incidence";"Hamburg";"Lung";"30-44";"Male";"2010";"4.88"
"Incidence";"Hamburg";"Lung";"30-44";"Male";"2011";"4.44"
"Incidence";"Hamburg";"Lung";"30-44";"Male";"2012";"4.48"
"Incidence";"Hamburg";"Lung";"30-44";"Male";"2013";"2.50"
"Incidence";"North Rhine-Westphalia";"Lung";"30-44";"Female";"1995";"5.79"
"Incidence";"North Rhine-Westphalia";"Lung";"30-44";"Female";"1996";"6.32"
"Incidence";"North Rhine-Westphalia";"Lung";"30-44";"Female";"1997";"4.24"
"Incidence";"North Rhine-Westphalia";"Lung";"30-44";"Female";"1998";"3.85"
"Incidence";"North Rhine-Westphalia";"Lung";"30-44";"Female";"1999";"4.76"
"Incidence";"North Rhine-Westphalia";"Lung";"30-44";"Female";"2000";"5.37"
"Incidence";"North Rhine-Westphalia";"Lung";"30-44";"Female";"2001";"5.04"
"Incidence";"North Rhine-Westphalia";"Lung";"30-44";"Female";"2002";"7.28"
"Incidence";"North Rhine-Westphalia";"Lung";"30-44";"Female";"2003";"6.08"
"Incidence";"North Rhine-Westphalia";"Lung";"30-44";"Female";"2004";"6.52"
"Incidence";"North Rhine-Westphalia";"Lung";"30-44";"Female";"2005";"8.32"
"Incidence";"North Rhine-Westphalia";"Lung";"30-44";"Female";"2006";"5.45"
"Incidence";"North Rhine-Westphalia";"Lung";"30-44";"Female";"2007";"6.64"
"Incidence";"North Rhine-Westphalia";"Lung";"30-44";"Female";"2008";"7.55"
"Incidence";"North Rhine-Westphalia";"Lung";"30-44";"Female";"2009";"4.45"
"Incidence";"North Rhine-Westphalia";"Lung";"30-44";"Female";"2010";"6.34"
"Incidence";"North Rhine-Westphalia";"Lung";"30-44";"Female";"2011";"5.45"
"Incidence";"North Rhine-Westphalia";"Lung";"30-44";"Female";"2012";"4.62"
"Incidence";"North Rhine-Westphalia";"Lung";"30-44";"Female";"2013";"4.54"
"Incidence";"North Rhine-Westphalia";"Lung";"30-44";"Male";"1995";"10.54"
"Incidence";"North Rhine-Westphalia";"Lung";"30-44";"Male";"1996";"9.97"
"Incidence";"North Rhine-Westphalia";"Lung";"30-44";"Male";"1997";"8.50"
"Incidence";"North Rhine-Westphalia";"Lung";"30-44";"Male";"1998";"8.68"
"Incidence";"North Rhine-Westphalia";"Lung";"30-44";"Male";"1999";"7.06"
"Incidence";"North Rhine-Westphalia";"Lung";"30-44";"Male";"2000";"8.86"
"Incidence";"North Rhine-Westphalia";"Lung";"30-44";"Male";"2001";"8.87"
"Incidence";"North Rhine-Westphalia";"Lung";"30-44";"Male";"2002";"6.16"
"Incidence";"North Rhine-Westphalia";"Lung";"30-44";"Male";"2003";"5.31"
"Incidence";"North Rhine-Westphalia";"Lung";"30-44";"Male";"2004";"7.01"
"Incidence";"North Rhine-Westphalia";"Lung";"30-44";"Male";"2005";"8.47"
"Incidence";"North Rhine-Westphalia";"Lung";"30-44";"Male";"2006";"5.34"
"Incidence";"North Rhine-Westphalia";"Lung";"30-44";"Male";"2007";"4.80"
"Incidence";"North Rhine-Westphalia";"Lung";"30-44";"Male";"2008";"4.95"
"Incidence";"North Rhine-Westphalia";"Lung";"30-44";"Male";"2009";"5.13"
"Incidence";"North Rhine-Westphalia";"Lung";"30-44";"Male";"2010";"5.28"
"Incidence";"North Rhine-Westphalia";"Lung";"30-44";"Male";"2011";"6.03"
"Incidence";"North Rhine-Westphalia";"Lung";"30-44";"Male";"2012";"4.54"
"Incidence";"North Rhine-Westphalia";"Lung";"30-44";"Male";"2013";"5.19"
"Incidence";"North Rhine-Westphalia";"Lung";"45-59";"Female";"1995";"23.73"
"Incidence";"North Rhine-Westphalia";"Lung";"45-59";"Female";"1996";"31.94"
"Incidence";"North Rhine-Westphalia";"Lung";"45-59";"Female";"1997";"28.49"
"Incidence";"North Rhine-Westphalia";"Lung";"45-59";"Female";"1998";"26.79"
"Incidence";"North Rhine-Westphalia";"Lung";"45-59";"Female";"1999";"31.62"
"Incidence";"North Rhine-Westphalia";"Lung";"45-59";"Female";"2000";"43.33"
"Incidence";"North Rhine-Westphalia";"Lung";"45-59";"Female";"2001";"37.51"
"Incidence";"North Rhine-Westphalia";"Lung";"45-59";"Female";"2002";"36.91"
"Incidence";"North Rhine-Westphalia";"Lung";"45-59";"Female";"2003";"46.80"
"Incidence";"North Rhine-Westphalia";"Lung";"45-59";"Female";"2004";"54.44"
"Incidence";"North Rhine-Westphalia";"Lung";"45-59";"Female";"2005";"47.91"
"Incidence";"North Rhine-Westphalia";"Lung";"45-59";"Female";"2006";"55.62"
"Incidence";"North Rhine-Westphalia";"Lung";"45-59";"Female";"2007";"56.20"
"Incidence";"North Rhine-Westphalia";"Lung";"45-59";"Female";"2008";"56.53"
"Incidence";"North Rhine-Westphalia";"Lung";"45-59";"Female";"2009";"61.13"
"Incidence";"North Rhine-Westphalia";"Lung";"45-59";"Female";"2010";"57.38"
"Incidence";"North Rhine-Westphalia";"Lung";"45-59";"Female";"2011";"60.27"
"Incidence";"North Rhine-Westphalia";"Lung";"45-59";"Female";"2012";"61.61"
"Incidence";"North Rhine-Westphalia";"Lung";"45-59";"Female";"2013";"60.23"
"Incidence";"Hamburg";"Lung";"45-59";"Female";"1995";"38.36"
"Incidence";"Hamburg";"Lung";"45-59";"Female";"1996";"44.63"
"Incidence";"Hamburg";"Lung";"45-59";"Female";"1997";"46.51"
"Incidence";"Hamburg";"Lung";"45-59";"Female";"1998";"43.86"
"Incidence";"Hamburg";"Lung";"45-59";"Female";"1999";"56.59"
"Incidence";"Hamburg";"Lung";"45-59";"Female";"2000";"52.17"
"Incidence";"Hamburg";"Lung";"45-59";"Female";"2001";"51.85"
"Incidence";"Hamburg";"Lung";"45-59";"Female";"2002";"58.17"
"Incidence";"Hamburg";"Lung";"45-59";"Female";"2003";"54.44"
"Incidence";"Hamburg";"Lung";"45-59";"Female";"2004";"56.97"
"Incidence";"Hamburg";"Lung";"45-59";"Female";"2005";"69.76"
"Incidence";"Hamburg";"Lung";"45-59";"Female";"2006";"70.98"
"Incidence";"Hamburg";"Lung";"45-59";"Female";"2007";"64.83"
"Incidence";"Hamburg";"Lung";"45-59";"Female";"2008";"57.61"
"Incidence";"Hamburg";"Lung";"45-59";"Female";"2009";"60.66"
"Incidence";"Hamburg";"Lung";"45-59";"Female";"2010";"60.10"
"Incidence";"Hamburg";"Lung";"45-59";"Female";"2011";"49.75"
"Incidence";"Hamburg";"Lung";"45-59";"Female";"2012";"58.67"
"Incidence";"Hamburg";"Lung";"45-59";"Female";"2013";"46.92"
"Incidence";"North Rhine-Westphalia";"Lung";"45-59";"Male";"1995";"113.69"
"Incidence";"North Rhine-Westphalia";"Lung";"45-59";"Male";"1996";"91.15"
"Incidence";"North Rhine-Westphalia";"Lung";"45-59";"Male";"1997";"117.91"
"Incidence";"North Rhine-Westphalia";"Lung";"45-59";"Male";"1998";"97.32"
"Incidence";"North Rhine-Westphalia";"Lung";"45-59";"Male";"1999";"99.37"
"Incidence";"North Rhine-Westphalia";"Lung";"45-59";"Male";"2000";"96.28"
"Incidence";"North Rhine-Westphalia";"Lung";"45-59";"Male";"2001";"108.35"
"Incidence";"North Rhine-Westphalia";"Lung";"45-59";"Male";"2002";"95.26"
"Incidence";"North Rhine-Westphalia";"Lung";"45-59";"Male";"2003";"90.36"
"Incidence";"North Rhine-Westphalia";"Lung";"45-59";"Male";"2004";"98.71"
"Incidence";"North Rhine-Westphalia";"Lung";"45-59";"Male";"2005";"102.12"
"Incidence";"North Rhine-Westphalia";"Lung";"45-59";"Male";"2006";"96.51"
"Incidence";"North Rhine-Westphalia";"Lung";"45-59";"Male";"2007";"96.57"
"Incidence";"North Rhine-Westphalia";"Lung";"45-59";"Male";"2008";"89.65"
"Incidence";"North Rhine-Westphalia";"Lung";"45-59";"Male";"2009";"92.23"
"Incidence";"North Rhine-Westphalia";"Lung";"45-59";"Male";"2010";"82.85"
"Incidence";"North Rhine-Westphalia";"Lung";"45-59";"Male";"2011";"82.29"
"Incidence";"North Rhine-Westphalia";"Lung";"45-59";"Male";"2012";"78.05"
"Incidence";"North Rhine-Westphalia";"Lung";"45-59";"Male";"2013";"78.19"
"Incidence";"Hamburg";"Lung";"45-59";"Male";"1995";"106.44"
"Incidence";"Hamburg";"Lung";"45-59";"Male";"1996";"117.82"
"Incidence";"Hamburg";"Lung";"45-59";"Male";"1997";"107.89"
"Incidence";"Hamburg";"Lung";"45-59";"Male";"1998";"115.48"
"Incidence";"Hamburg";"Lung";"45-59";"Male";"1999";"120.92"
"Incidence";"Hamburg";"Lung";"45-59";"Male";"2000";"107.93"
"Incidence";"Hamburg";"Lung";"45-59";"Male";"2001";"92.17"
"Incidence";"Hamburg";"Lung";"45-59";"Male";"2002";"96.77"
"Incidence";"Hamburg";"Lung";"45-59";"Male";"2003";"94.86"
"Incidence";"Hamburg";"Lung";"45-59";"Male";"2004";"85.71"
"Incidence";"Hamburg";"Lung";"45-59";"Male";"2005";"86.38"
"Incidence";"Hamburg";"Lung";"45-59";"Male";"2006";"102.86"
"Incidence";"Hamburg";"Lung";"45-59";"Male";"2007";"79.36"
"Incidence";"Hamburg";"Lung";"45-59";"Male";"2008";"87.83"
"Incidence";"Hamburg";"Lung";"45-59";"Male";"2009";"85.31"
"Incidence";"Hamburg";"Lung";"45-59";"Male";"2010";"78.03"
"Incidence";"Hamburg";"Lung";"45-59";"Male";"2011";"69.78"
"Incidence";"Hamburg";"Lung";"45-59";"Male";"2012";"68.95"
"Incidence";"Hamburg";"Lung";"45-59";"Male";"2013";"62.11"
"Incidence";"North Rhine-Westphalia";"Lung";"60-74";"Female";"1995";"61.52"
"Incidence";"North Rhine-Westphalia";"Lung";"60-74";"Female";"1996";"72.99"
"Incidence";"North Rhine-Westphalia";"Lung";"60-74";"Female";"1997";"65.55"
"Incidence";"North Rhine-Westphalia";"Lung";"60-74";"Female";"1998";"67.27"
"Incidence";"North Rhine-Westphalia";"Lung";"60-74";"Female";"1999";"66.37"
"Incidence";"North Rhine-Westphalia";"Lung";"60-74";"Female";"2000";"65.09"
"Incidence";"North Rhine-Westphalia";"Lung";"60-74";"Female";"2001";"78.09"
"Incidence";"North Rhine-Westphalia";"Lung";"60-74";"Female";"2002";"77.64"
"Incidence";"North Rhine-Westphalia";"Lung";"60-74";"Female";"2003";"89.48"
"Incidence";"North Rhine-Westphalia";"Lung";"60-74";"Female";"2004";"83.72"
"Incidence";"North Rhine-Westphalia";"Lung";"60-74";"Female";"2005";"91.46"
"Incidence";"North Rhine-Westphalia";"Lung";"60-74";"Female";"2006";"91.37"
"Incidence";"North Rhine-Westphalia";"Lung";"60-74";"Female";"2007";"95.95"
"Incidence";"North Rhine-Westphalia";"Lung";"60-74";"Female";"2008";"118.36"
"Incidence";"North Rhine-Westphalia";"Lung";"60-74";"Female";"2009";"121.27"
"Incidence";"North Rhine-Westphalia";"Lung";"60-74";"Female";"2010";"134.35"
"Incidence";"North Rhine-Westphalia";"Lung";"60-74";"Female";"2011";"141.59"
"Incidence";"North Rhine-Westphalia";"Lung";"60-74";"Female";"2012";"150.47"
"Incidence";"North Rhine-Westphalia";"Lung";"60-74";"Female";"2013";"162.18"
"Incidence";"North Rhine-Westphalia";"Lung";"60-74";"Male";"1995";"372.59"
"Incidence";"North Rhine-Westphalia";"Lung";"60-74";"Male";"1996";"367.29"
"Incidence";"North Rhine-Westphalia";"Lung";"60-74";"Male";"1997";"351.55"
"Incidence";"North Rhine-Westphalia";"Lung";"60-74";"Male";"1998";"365.43"
"Incidence";"North Rhine-Westphalia";"Lung";"60-74";"Male";"1999";"343.69"
"Incidence";"North Rhine-Westphalia";"Lung";"60-74";"Male";"2000";"345.83"
"Incidence";"North Rhine-Westphalia";"Lung";"60-74";"Male";"2001";"371.23"
"Incidence";"North Rhine-Westphalia";"Lung";"60-74";"Male";"2002";"340.81"
"Incidence";"North Rhine-Westphalia";"Lung";"60-74";"Male";"2003";"324.54"
"Incidence";"North Rhine-Westphalia";"Lung";"60-74";"Male";"2004";"326.56"
"Incidence";"North Rhine-Westphalia";"Lung";"60-74";"Male";"2005";"339.62"
"Incidence";"North Rhine-Westphalia";"Lung";"60-74";"Male";"2006";"370.67"
"Incidence";"North Rhine-Westphalia";"Lung";"60-74";"Male";"2007";"339.18"
"Incidence";"North Rhine-Westphalia";"Lung";"60-74";"Male";"2008";"321.14"
"Incidence";"North Rhine-Westphalia";"Lung";"60-74";"Male";"2009";"355.24"
"Incidence";"North Rhine-Westphalia";"Lung";"60-74";"Male";"2010";"321.00"
"Incidence";"North Rhine-Westphalia";"Lung";"60-74";"Male";"2011";"331.92"
"Incidence";"North Rhine-Westphalia";"Lung";"60-74";"Male";"2012";"322.72"
"Incidence";"North Rhine-Westphalia";"Lung";"60-74";"Male";"2013";"323.16"
"Incidence";"Hamburg";"Lung";"60-74";"Male";"1995";"323.22"
"Incidence";"Hamburg";"Lung";"60-74";"Male";"1996";"360.51"
"Incidence";"Hamburg";"Lung";"60-74";"Male";"1997";"343.61"
"Incidence";"Hamburg";"Lung";"60-74";"Male";"1998";"305.19"
"Incidence";"Hamburg";"Lung";"60-74";"Male";"1999";"310.35"
"Incidence";"Hamburg";"Lung";"60-74";"Male";"2000";"350.60"
"Incidence";"Hamburg";"Lung";"60-74";"Male";"2001";"286.43"
"Incidence";"Hamburg";"Lung";"60-74";"Male";"2002";"322.42"
"Incidence";"Hamburg";"Lung";"60-74";"Male";"2003";"326.82"
"Incidence";"Hamburg";"Lung";"60-74";"Male";"2004";"340.23"
"Incidence";"Hamburg";"Lung";"60-74";"Male";"2005";"352.37"
"Incidence";"Hamburg";"Lung";"60-74";"Male";"2006";"326.55"
"Incidence";"Hamburg";"Lung";"60-74";"Male";"2007";"301.44"
"Incidence";"Hamburg";"Lung";"60-74";"Male";"2008";"342.02"
"Incidence";"Hamburg";"Lung";"60-74";"Male";"2009";"290.61"
"Incidence";"Hamburg";"Lung";"60-74";"Male";"2010";"306.98"
"Incidence";"Hamburg";"Lung";"60-74";"Male";"2011";"327.13"
"Incidence";"Hamburg";"Lung";"60-74";"Male";"2012";"306.15"
"Incidence";"Hamburg";"Lung";"60-74";"Male";"2013";"297.18"
"Incidence";"Hamburg";"Lung";"60-74";"Female";"1995";"98.31"
"Incidence";"Hamburg";"Lung";"60-74";"Female";"1996";"87.61"
"Incidence";"Hamburg";"Lung";"60-74";"Female";"1997";"123.01"
"Incidence";"Hamburg";"Lung";"60-74";"Female";"1998";"95.52"
"Incidence";"Hamburg";"Lung";"60-74";"Female";"1999";"109.46"
"Incidence";"Hamburg";"Lung";"60-74";"Female";"2000";"107.58"
"Incidence";"Hamburg";"Lung";"60-74";"Female";"2001";"118.18"
"Incidence";"Hamburg";"Lung";"60-74";"Female";"2002";"107.20"
"Incidence";"Hamburg";"Lung";"60-74";"Female";"2003";"110.48"
"Incidence";"Hamburg";"Lung";"60-74";"Female";"2004";"130.13"
"Incidence";"Hamburg";"Lung";"60-74";"Female";"2005";"127.31"
"Incidence";"Hamburg";"Lung";"60-74";"Female";"2006";"128.93"
"Incidence";"Hamburg";"Lung";"60-74";"Female";"2007";"163.36"
"Incidence";"Hamburg";"Lung";"60-74";"Female";"2008";"159.03"
"Incidence";"Hamburg";"Lung";"60-74";"Female";"2009";"154.74"
"Incidence";"Hamburg";"Lung";"60-74";"Female";"2010";"166.87"
"Incidence";"Hamburg";"Lung";"60-74";"Female";"2011";"163.82"
"Incidence";"Hamburg";"Lung";"60-74";"Female";"2012";"157.40"
"Incidence";"Hamburg";"Lung";"60-74";"Female";"2013";"174.18"
"Incidence";"North Rhine-Westphalia";"Lung";"75-89";"Female";"1995";"92.68"
"Incidence";"North Rhine-Westphalia";"Lung";"75-89";"Female";"1996";"88.85"
"Incidence";"North Rhine-Westphalia";"Lung";"75-89";"Female";"1997";"119.92"
"Incidence";"North Rhine-Westphalia";"Lung";"75-89";"Female";"1998";"112.21"
"Incidence";"North Rhine-Westphalia";"Lung";"75-89";"Female";"1999";"107.31"
"Incidence";"North Rhine-Westphalia";"Lung";"75-89";"Female";"2000";"126.88"
"Incidence";"North Rhine-Westphalia";"Lung";"75-89";"Female";"2001";"133.40"
"Incidence";"North Rhine-Westphalia";"Lung";"75-89";"Female";"2002";"144.14"
"Incidence";"North Rhine-Westphalia";"Lung";"75-89";"Female";"2003";"132.97"
"Incidence";"North Rhine-Westphalia";"Lung";"75-89";"Female";"2004";"120.83"
"Incidence";"North Rhine-Westphalia";"Lung";"75-89";"Female";"2005";"138.90"
"Incidence";"North Rhine-Westphalia";"Lung";"75-89";"Female";"2006";"144.16"
"Incidence";"North Rhine-Westphalia";"Lung";"75-89";"Female";"2007";"150.73"
"Incidence";"North Rhine-Westphalia";"Lung";"75-89";"Female";"2008";"160.86"
"Incidence";"North Rhine-Westphalia";"Lung";"75-89";"Female";"2009";"159.95"
"Incidence";"North Rhine-Westphalia";"Lung";"75-89";"Female";"2010";"191.64"
"Incidence";"North Rhine-Westphalia";"Lung";"75-89";"Female";"2011";"191.55"
"Incidence";"North Rhine-Westphalia";"Lung";"75-89";"Female";"2012";"187.85"
"Incidence";"North Rhine-Westphalia";"Lung";"75-89";"Female";"2013";"180.45"
"Incidence";"Hamburg";"Lung";"75-89";"Male";"1995";"690.20"
"Incidence";"Hamburg";"Lung";"75-89";"Male";"1996";"580.68"
"Incidence";"Hamburg";"Lung";"75-89";"Male";"1997";"592.78"
"Incidence";"Hamburg";"Lung";"75-89";"Male";"1998";"586.91"
"Incidence";"Hamburg";"Lung";"75-89";"Male";"1999";"623.30"
"Incidence";"Hamburg";"Lung";"75-89";"Male";"2000";"641.44"
"Incidence";"Hamburg";"Lung";"75-89";"Male";"2001";"503.42"
"Incidence";"Hamburg";"Lung";"75-89";"Male";"2002";"499.38"
"Incidence";"Hamburg";"Lung";"75-89";"Male";"2003";"448.76"
"Incidence";"Hamburg";"Lung";"75-89";"Male";"2004";"564.47"
"Incidence";"Hamburg";"Lung";"75-89";"Male";"2005";"636.30"
"Incidence";"Hamburg";"Lung";"75-89";"Male";"2006";"636.73"
"Incidence";"Hamburg";"Lung";"75-89";"Male";"2007";"655.17"
"Incidence";"Hamburg";"Lung";"75-89";"Male";"2008";"522.02"
"Incidence";"Hamburg";"Lung";"75-89";"Male";"2009";"598.00"
"Incidence";"Hamburg";"Lung";"75-89";"Male";"2010";"523.23"
"Incidence";"Hamburg";"Lung";"75-89";"Male";"2011";"530.69"
"Incidence";"Hamburg";"Lung";"75-89";"Male";"2012";"525.47"
"Incidence";"Hamburg";"Lung";"75-89";"Male";"2013";"437.32"
"Incidence";"North Rhine-Westphalia";"Lung";"75-89";"Male";"1995";"654.45"
"Incidence";"North Rhine-Westphalia";"Lung";"75-89";"Male";"1996";"649.65"
"Incidence";"North Rhine-Westphalia";"Lung";"75-89";"Male";"1997";"716.07"
"Incidence";"North Rhine-Westphalia";"Lung";"75-89";"Male";"1998";"624.74"
"Incidence";"North Rhine-Westphalia";"Lung";"75-89";"Male";"1999";"631.82"
"Incidence";"North Rhine-Westphalia";"Lung";"75-89";"Male";"2000";"669.83"
"Incidence";"North Rhine-Westphalia";"Lung";"75-89";"Male";"2001";"698.99"
"Incidence";"North Rhine-Westphalia";"Lung";"75-89";"Male";"2002";"603.62"
"Incidence";"North Rhine-Westphalia";"Lung";"75-89";"Male";"2003";"604.49"
"Incidence";"North Rhine-Westphalia";"Lung";"75-89";"Male";"2004";"632.13"
"Incidence";"North Rhine-Westphalia";"Lung";"75-89";"Male";"2005";"611.52"
"Incidence";"North Rhine-Westphalia";"Lung";"75-89";"Male";"2006";"616.01"
"Incidence";"North Rhine-Westphalia";"Lung";"75-89";"Male";"2007";"590.77"
"Incidence";"North Rhine-Westphalia";"Lung";"75-89";"Male";"2008";"590.18"
"Incidence";"North Rhine-Westphalia";"Lung";"75-89";"Male";"2009";"626.91"
"Incidence";"North Rhine-Westphalia";"Lung";"75-89";"Male";"2010";"566.10"
"Incidence";"North Rhine-Westphalia";"Lung";"75-89";"Male";"2011";"554.40"
"Incidence";"North Rhine-Westphalia";"Lung";"75-89";"Male";"2012";"552.45"
"Incidence";"North Rhine-Westphalia";"Lung";"75-89";"Male";"2013";"517.08"
"Incidence";"Hamburg";"Lung";"75-89";"Female";"1995";"171.11"
"Incidence";"Hamburg";"Lung";"75-89";"Female";"1996";"161.20"
"Incidence";"Hamburg";"Lung";"75-89";"Female";"1997";"126.38"
"Incidence";"Hamburg";"Lung";"75-89";"Female";"1998";"161.88"
"Incidence";"Hamburg";"Lung";"75-89";"Female";"1999";"165.98"
"Incidence";"Hamburg";"Lung";"75-89";"Female";"2000";"162.89"
"Incidence";"Hamburg";"Lung";"75-89";"Female";"2001";"159.00"
"Incidence";"Hamburg";"Lung";"75-89";"Female";"2002";"202.65"
"Incidence";"Hamburg";"Lung";"75-89";"Female";"2003";"153.04"
"Incidence";"Hamburg";"Lung";"75-89";"Female";"2004";"207.05"
"Incidence";"Hamburg";"Lung";"75-89";"Female";"2005";"219.17"
"Incidence";"Hamburg";"Lung";"75-89";"Female";"2006";"202.42"
"Incidence";"Hamburg";"Lung";"75-89";"Female";"2007";"253.55"
"Incidence";"Hamburg";"Lung";"75-89";"Female";"2008";"220.50"
"Incidence";"Hamburg";"Lung";"75-89";"Female";"2009";"232.61"
"Incidence";"Hamburg";"Lung";"75-89";"Female";"2010";"210.89"
"Incidence";"Hamburg";"Lung";"75-89";"Female";"2011";"230.22"
"Incidence";"Hamburg";"Lung";"75-89";"Female";"2012";"241.98"
"Incidence";"Hamburg";"Lung";"75-89";"Female";"2013";"244.58"
"Incidence";"North Rhine-Westphalia";"Lung";"90-95+";"Female";"1995";"-"
"Incidence";"North Rhine-Westphalia";"Lung";"90-95+";"Female";"1996";"-"
"Incidence";"North Rhine-Westphalia";"Lung";"90-95+";"Female";"1997";"-"
"Incidence";"North Rhine-Westphalia";"Lung";"90-95+";"Female";"1998";"-"
"Incidence";"North Rhine-Westphalia";"Lung";"90-95+";"Female";"1999";"-"
"Incidence";"North Rhine-Westphalia";"Lung";"90-95+";"Female";"2000";"-"
"Incidence";"North Rhine-Westphalia";"Lung";"90-95+";"Female";"2001";"-"
"Incidence";"North Rhine-Westphalia";"Lung";"90-95+";"Female";"2002";"-"
"Incidence";"North Rhine-Westphalia";"Lung";"90-95+";"Female";"2003";"-"
"Incidence";"North Rhine-Westphalia";"Lung";"90-95+";"Female";"2004";"-"
"Incidence";"North Rhine-Westphalia";"Lung";"90-95+";"Female";"2005";"-"
"Incidence";"North Rhine-Westphalia";"Lung";"90-95+";"Female";"2006";"-"
"Incidence";"North Rhine-Westphalia";"Lung";"90-95+";"Female";"2007";"-"
"Incidence";"North Rhine-Westphalia";"Lung";"90-95+";"Female";"2008";"-"
"Incidence";"North Rhine-Westphalia";"Lung";"90-95+";"Female";"2009";"-"
"Incidence";"North Rhine-Westphalia";"Lung";"90-95+";"Female";"2010";"-"
"Incidence";"North Rhine-Westphalia";"Lung";"90-95+";"Female";"2011";"-"
"Incidence";"North Rhine-Westphalia";"Lung";"90-95+";"Female";"2012";"-"
"Incidence";"North Rhine-Westphalia";"Lung";"90-95+";"Female";"2013";"-"
"Incidence";"Hamburg";"Lung";"90-95+";"Male";"1995";"-"
"Incidence";"Hamburg";"Lung";"90-95+";"Male";"1996";"-"
"Incidence";"Hamburg";"Lung";"90-95+";"Male";"1997";"-"
"Incidence";"Hamburg";"Lung";"90-95+";"Male";"1998";"-"
"Incidence";"Hamburg";"Lung";"90-95+";"Male";"1999";"-"
"Incidence";"Hamburg";"Lung";"90-95+";"Male";"2000";"-"
"Incidence";"Hamburg";"Lung";"90-95+";"Male";"2001";"-"
"Incidence";"Hamburg";"Lung";"90-95+";"Male";"2002";"-"
"Incidence";"Hamburg";"Lung";"90-95+";"Male";"2003";"-"
"Incidence";"Hamburg";"Lung";"90-95+";"Male";"2004";"-"
"Incidence";"Hamburg";"Lung";"90-95+";"Male";"2005";"-"
"Incidence";"Hamburg";"Lung";"90-95+";"Male";"2006";"-"
"Incidence";"Hamburg";"Lung";"90-95+";"Male";"2007";"-"
"Incidence";"Hamburg";"Lung";"90-95+";"Male";"2008";"-"
"Incidence";"Hamburg";"Lung";"90-95+";"Male";"2009";"-"
"Incidence";"Hamburg";"Lung";"90-95+";"Male";"2010";"-"
"Incidence";"Hamburg";"Lung";"90-95+";"Male";"2011";"-"
"Incidence";"Hamburg";"Lung";"90-95+";"Male";"2012";"-"
"Incidence";"Hamburg";"Lung";"90-95+";"Male";"2013";"-"
"Incidence";"Hamburg";"Lung";"90-95+";"Female";"1995";"-"
"Incidence";"Hamburg";"Lung";"90-95+";"Female";"1996";"-"
"Incidence";"Hamburg";"Lung";"90-95+";"Female";"1997";"-"
"Incidence";"Hamburg";"Lung";"90-95+";"Female";"1998";"-"
"Incidence";"Hamburg";"Lung";"90-95+";"Female";"1999";"-"
"Incidence";"Hamburg";"Lung";"90-95+";"Female";"2000";"-"
"Incidence";"Hamburg";"Lung";"90-95+";"Female";"2001";"-"
"Incidence";"Hamburg";"Lung";"90-95+";"Female";"2002";"-"
"Incidence";"Hamburg";"Lung";"90-95+";"Female";"2003";"-"
"Incidence";"Hamburg";"Lung";"90-95+";"Female";"2004";"-"
"Incidence";"Hamburg";"Lung";"90-95+";"Female";"2005";"-"
"Incidence";"Hamburg";"Lung";"90-95+";"Female";"2006";"-"
"Incidence";"Hamburg";"Lung";"90-95+";"Female";"2007";"-"
"Incidence";"Hamburg";"Lung";"90-95+";"Female";"2008";"-"
"Incidence";"Hamburg";"Lung";"90-95+";"Female";"2009";"-"
"Incidence";"Hamburg";"Lung";"90-95+";"Female";"2010";"-"
"Incidence";"Hamburg";"Lung";"90-95+";"Female";"2011";"-"
"Incidence";"Hamburg";"Lung";"90-95+";"Female";"2012";"-"
"Incidence";"Hamburg";"Lung";"90-95+";"Female";"2013";"-"
"Incidence";"North Rhine-Westphalia";"Lung";"90-95+";"Male";"1995";"-"
"Incidence";"North Rhine-Westphalia";"Lung";"90-95+";"Male";"1996";"-"
"Incidence";"North Rhine-Westphalia";"Lung";"90-95+";"Male";"1997";"-"
"Incidence";"North Rhine-Westphalia";"Lung";"90-95+";"Male";"1998";"-"
"Incidence";"North Rhine-Westphalia";"Lung";"90-95+";"Male";"1999";"-"
"Incidence";"North Rhine-Westphalia";"Lung";"90-95+";"Male";"2000";"-"
"Incidence";"North Rhine-Westphalia";"Lung";"90-95+";"Male";"2001";"-"
"Incidence";"North Rhine-Westphalia";"Lung";"90-95+";"Male";"2002";"-"
"Incidence";"North Rhine-Westphalia";"Lung";"90-95+";"Male";"2003";"-"
"Incidence";"North Rhine-Westphalia";"Lung";"90-95+";"Male";"2004";"-"
"Incidence";"North Rhine-Westphalia";"Lung";"90-95+";"Male";"2005";"-"
"Incidence";"North Rhine-Westphalia";"Lung";"90-95+";"Male";"2006";"-"
"Incidence";"North Rhine-Westphalia";"Lung";"90-95+";"Male";"2007";"-"
"Incidence";"North Rhine-Westphalia";"Lung";"90-95+";"Male";"2008";"-"
"Incidence";"North Rhine-Westphalia";"Lung";"90-95+";"Male";"2009";"-"
"Incidence";"North Rhine-Westphalia";"Lung";"90-95+";"Male";"2010";"-"
"Incidence";"North Rhine-Westphalia";"Lung";"90-95+";"Male";"2011";"-"
"Incidence";"North Rhine-Westphalia";"Lung";"90-95+";"Male";"2012";"-"
"Incidence";"North Rhine-Westphalia";"Lung";"90-95+";"Male";"2013";"-"
"Mortality";"Rhineland-Palatinate";"Lung";"0-14";"Male";"1998";"0.00"
"Mortality";"Rhineland-Palatinate";"Lung";"0-14";"Male";"1999";"0.00"
"Mortality";"Rhineland-Palatinate";"Lung";"0-14";"Male";"2000";"0.30"
"Mortality";"Rhineland-Palatinate";"Lung";"0-14";"Male";"2001";"0.00"
"Mortality";"Rhineland-Palatinate";"Lung";"0-14";"Male";"2002";"0.00"
"Mortality";"Rhineland-Palatinate";"Lung";"0-14";"Male";"2003";"0.00"
"Mortality";"Rhineland-Palatinate";"Lung";"0-14";"Male";"2004";"0.00"
"Mortality";"Rhineland-Palatinate";"Lung";"0-14";"Male";"2005";"0.00"
"Mortality";"Rhineland-Palatinate";"Lung";"0-14";"Male";"2006";"0.00"
"Mortality";"Rhineland-Palatinate";"Lung";"0-14";"Male";"2007";"0.00"
"Mortality";"Rhineland-Palatinate";"Lung";"0-14";"Male";"2008";"0.00"
"Mortality";"Rhineland-Palatinate";"Lung";"0-14";"Male";"2009";"0.00"
"Mortality";"Rhineland-Palatinate";"Lung";"0-14";"Male";"2010";"0.00"
"Mortality";"Rhineland-Palatinate";"Lung";"0-14";"Male";"2011";"0.00"
"Mortality";"Rhineland-Palatinate";"Lung";"0-14";"Male";"2012";"0.00"
"Mortality";"Rhineland-Palatinate";"Lung";"0-14";"Male";"2013";"0.00"
"Incidence";"Rhineland-Palatinate";"Lung";"0-14";"Female";"1998";"0.00"
"Incidence";"Rhineland-Palatinate";"Lung";"0-14";"Female";"1999";"0.00"
"Incidence";"Rhineland-Palatinate";"Lung";"0-14";"Female";"2000";"0.00"
"Incidence";"Rhineland-Palatinate";"Lung";"0-14";"Female";"2001";"0.00"
"Incidence";"Rhineland-Palatinate";"Lung";"0-14";"Female";"2002";"0.00"
"Incidence";"Rhineland-Palatinate";"Lung";"0-14";"Female";"2003";"0.00"
"Incidence";"Rhineland-Palatinate";"Lung";"0-14";"Female";"2004";"0.00"
"Incidence";"Rhineland-Palatinate";"Lung";"0-14";"Female";"2005";"0.00"
"Incidence";"Rhineland-Palatinate";"Lung";"0-14";"Female";"2006";"0.00"
"Incidence";"Rhineland-Palatinate";"Lung";"0-14";"Female";"2007";"0.00"
"Incidence";"Rhineland-Palatinate";"Lung";"0-14";"Female";"2008";"0.00"
"Incidence";"Rhineland-Palatinate";"Lung";"0-14";"Female";"2009";"0.00"
"Incidence";"Rhineland-Palatinate";"Lung";"0-14";"Female";"2010";"0.37"
"Incidence";"Rhineland-Palatinate";"Lung";"0-14";"Female";"2011";"0.00"
"Incidence";"Rhineland-Palatinate";"Lung";"0-14";"Female";"2012";"0.00"
"Incidence";"Rhineland-Palatinate";"Lung";"0-14";"Female";"2013";"0.00"
"Mortality";"Schleswig-Holstein";"Lung";"0-14";"Male";"1998";"0.00"
"Mortality";"Schleswig-Holstein";"Lung";"0-14";"Male";"1999";"0.00"
"Mortality";"Schleswig-Holstein";"Lung";"0-14";"Male";"2000";"0.00"
"Mortality";"Schleswig-Holstein";"Lung";"0-14";"Male";"2001";"0.00"
"Mortality";"Schleswig-Holstein";"Lung";"0-14";"Male";"2002";"0.00"
"Mortality";"Schleswig-Holstein";"Lung";"0-14";"Male";"2003";"0.00"
"Mortality";"Schleswig-Holstein";"Lung";"0-14";"Male";"2004";"0.00"
"Mortality";"Schleswig-Holstein";"Lung";"0-14";"Male";"2005";"0.00"
"Mortality";"Schleswig-Holstein";"Lung";"0-14";"Male";"2006";"0.00"
"Mortality";"Schleswig-Holstein";"Lung";"0-14";"Male";"2007";"0.00"
"Mortality";"Schleswig-Holstein";"Lung";"0-14";"Male";"2008";"0.00"
"Mortality";"Schleswig-Holstein";"Lung";"0-14";"Male";"2009";"0.49"
"Mortality";"Schleswig-Holstein";"Lung";"0-14";"Male";"2010";"0.00"
"Mortality";"Schleswig-Holstein";"Lung";"0-14";"Male";"2011";"0.00"
"Mortality";"Schleswig-Holstein";"Lung";"0-14";"Male";"2012";"0.00"
"Mortality";"Schleswig-Holstein";"Lung";"0-14";"Male";"2013";"0.00"
"Mortality";"Saarland";"Lung";"0-14";"Male";"1998";"0.00"
"Mortality";"Saarland";"Lung";"0-14";"Male";"1999";"0.00"
"Mortality";"Saarland";"Lung";"0-14";"Male";"2000";"0.00"
"Mortality";"Saarland";"Lung";"0-14";"Male";"2001";"0.00"
"Mortality";"Saarland";"Lung";"0-14";"Male";"2002";"0.00"
"Mortality";"Saarland";"Lung";"0-14";"Male";"2003";"0.00"
"Mortality";"Saarland";"Lung";"0-14";"Male";"2004";"0.00"
"Mortality";"Saarland";"Lung";"0-14";"Male";"2005";"0.00"
"Mortality";"Saarland";"Lung";"0-14";"Male";"2006";"0.00"
"Mortality";"Saarland";"Lung";"0-14";"Male";"2007";"0.00"
"Mortality";"Saarland";"Lung";"0-14";"Male";"2008";"0.00"
"Mortality";"Saarland";"Lung";"0-14";"Male";"2009";"0.00"
"Mortality";"Saarland";"Lung";"0-14";"Male";"2010";"0.00"
"Mortality";"Saarland";"Lung";"0-14";"Male";"2011";"0.00"
"Mortality";"Saarland";"Lung";"0-14";"Male";"2012";"0.00"
"Mortality";"Saarland";"Lung";"0-14";"Male";"2013";"0.00"
"Mortality";"Schleswig-Holstein";"Lung";"0-14";"Female";"1998";"0.00"
"Mortality";"Schleswig-Holstein";"Lung";"0-14";"Female";"1999";"0.00"
"Mortality";"Schleswig-Holstein";"Lung";"0-14";"Female";"2000";"0.00"
"Mortality";"Schleswig-Holstein";"Lung";"0-14";"Female";"2001";"0.00"
"Mortality";"Schleswig-Holstein";"Lung";"0-14";"Female";"2002";"0.00"
"Mortality";"Schleswig-Holstein";"Lung";"0-14";"Female";"2003";"0.00"
"Mortality";"Schleswig-Holstein";"Lung";"0-14";"Female";"2004";"0.00"
"Mortality";"Schleswig-Holstein";"Lung";"0-14";"Female";"2005";"0.00"
"Mortality";"Schleswig-Holstein";"Lung";"0-14";"Female";"2006";"0.00"
"Mortality";"Schleswig-Holstein";"Lung";"0-14";"Female";"2007";"0.00"
"Mortality";"Schleswig-Holstein";"Lung";"0-14";"Female";"2008";"0.00"
"Mortality";"Schleswig-Holstein";"Lung";"0-14";"Female";"2009";"0.00"
"Mortality";"Schleswig-Holstein";"Lung";"0-14";"Female";"2010";"0.00"
"Mortality";"Schleswig-Holstein";"Lung";"0-14";"Female";"2011";"0.00"
"Mortality";"Schleswig-Holstein";"Lung";"0-14";"Female";"2012";"0.00"
"Mortality";"Schleswig-Holstein";"Lung";"0-14";"Female";"2013";"0.00"
"Incidence";"Schleswig-Holstein";"Lung";"0-14";"Male";"1998";"0.00"
"Incidence";"Schleswig-Holstein";"Lung";"0-14";"Male";"1999";"0.00"
"Incidence";"Schleswig-Holstein";"Lung";"0-14";"Male";"2000";"0.00"
"Incidence";"Schleswig-Holstein";"Lung";"0-14";"Male";"2001";"0.00"
"Incidence";"Schleswig-Holstein";"Lung";"0-14";"Male";"2002";"0.00"
"Incidence";"Schleswig-Holstein";"Lung";"0-14";"Male";"2003";"0.00"
"Incidence";"Schleswig-Holstein";"Lung";"0-14";"Male";"2004";"0.00"
"Incidence";"Schleswig-Holstein";"Lung";"0-14";"Male";"2005";"0.00"
"Incidence";"Schleswig-Holstein";"Lung";"0-14";"Male";"2006";"0.00"
"Incidence";"Schleswig-Holstein";"Lung";"0-14";"Male";"2007";"0.00"
"Incidence";"Schleswig-Holstein";"Lung";"0-14";"Male";"2008";"0.00"
"Incidence";"Schleswig-Holstein";"Lung";"0-14";"Male";"2009";"0.00"
"Incidence";"Schleswig-Holstein";"Lung";"0-14";"Male";"2010";"0.00"
"Incidence";"Schleswig-Holstein";"Lung";"0-14";"Male";"2011";"0.00"
"Incidence";"Schleswig-Holstein";"Lung";"0-14";"Male";"2012";"0.00"
"Incidence";"Schleswig-Holstein";"Lung";"0-14";"Male";"2013";"0.00"
"Incidence";"Schleswig-Holstein";"Lung";"0-14";"Female";"1998";"0.00"
"Incidence";"Schleswig-Holstein";"Lung";"0-14";"Female";"1999";"0.00"
"Incidence";"Schleswig-Holstein";"Lung";"0-14";"Female";"2000";"0.00"
"Incidence";"Schleswig-Holstein";"Lung";"0-14";"Female";"2001";"0.00"
"Incidence";"Schleswig-Holstein";"Lung";"0-14";"Female";"2002";"0.00"
"Incidence";"Schleswig-Holstein";"Lung";"0-14";"Female";"2003";"0.00"
"Incidence";"Schleswig-Holstein";"Lung";"0-14";"Female";"2004";"0.00"
"Incidence";"Schleswig-Holstein";"Lung";"0-14";"Female";"2005";"0.00"
"Incidence";"Schleswig-Holstein";"Lung";"0-14";"Female";"2006";"0.00"
"Incidence";"Schleswig-Holstein";"Lung";"0-14";"Female";"2007";"0.00"
"Incidence";"Schleswig-Holstein";"Lung";"0-14";"Female";"2008";"0.00"
"Incidence";"Schleswig-Holstein";"Lung";"0-14";"Female";"2009";"0.00"
"Incidence";"Schleswig-Holstein";"Lung";"0-14";"Female";"2010";"0.00"
"Incidence";"Schleswig-Holstein";"Lung";"0-14";"Female";"2011";"0.00"
"Incidence";"Schleswig-Holstein";"Lung";"0-14";"Female";"2012";"0.00"
"Incidence";"Schleswig-Holstein";"Lung";"0-14";"Female";"2013";"0.00"
"Incidence";"Rhineland-Palatinate";"Lung";"0-14";"Male";"1998";"0.00"
"Incidence";"Rhineland-Palatinate";"Lung";"0-14";"Male";"1999";"0.00"
"Incidence";"Rhineland-Palatinate";"Lung";"0-14";"Male";"2000";"0.30"
"Incidence";"Rhineland-Palatinate";"Lung";"0-14";"Male";"2001";"0.00"
"Incidence";"Rhineland-Palatinate";"Lung";"0-14";"Male";"2002";"0.00"
"Incidence";"Rhineland-Palatinate";"Lung";"0-14";"Male";"2003";"0.00"
"Incidence";"Rhineland-Palatinate";"Lung";"0-14";"Male";"2004";"0.00"
"Incidence";"Rhineland-Palatinate";"Lung";"0-14";"Male";"2005";"0.32"
"Incidence";"Rhineland-Palatinate";"Lung";"0-14";"Male";"2006";"0.00"
"Incidence";"Rhineland-Palatinate";"Lung";"0-14";"Male";"2007";"0.00"
"Incidence";"Rhineland-Palatinate";"Lung";"0-14";"Male";"2008";"0.00"
"Incidence";"Rhineland-Palatinate";"Lung";"0-14";"Male";"2009";"0.35"
"Incidence";"Rhineland-Palatinate";"Lung";"0-14";"Male";"2010";"0.00"
"Incidence";"Rhineland-Palatinate";"Lung";"0-14";"Male";"2011";"0.00"
"Incidence";"Rhineland-Palatinate";"Lung";"0-14";"Male";"2012";"0.00"
"Incidence";"Rhineland-Palatinate";"Lung";"0-14";"Male";"2013";"0.00"
"Mortality";"Saarland";"Lung";"0-14";"Female";"1998";"0.00"
"Mortality";"Saarland";"Lung";"0-14";"Female";"1999";"0.00"
"Mortality";"Saarland";"Lung";"0-14";"Female";"2000";"0.00"
"Mortality";"Saarland";"Lung";"0-14";"Female";"2001";"0.00"
"Mortality";"Saarland";"Lung";"0-14";"Female";"2002";"0.00"
"Mortality";"Saarland";"Lung";"0-14";"Female";"2003";"0.00"
"Mortality";"Saarland";"Lung";"0-14";"Female";"2004";"0.00"
"Mortality";"Saarland";"Lung";"0-14";"Female";"2005";"0.00"
"Mortality";"Saarland";"Lung";"0-14";"Female";"2006";"0.00"
"Mortality";"Saarland";"Lung";"0-14";"Female";"2007";"0.00"
"Mortality";"Saarland";"Lung";"0-14";"Female";"2008";"0.00"
"Mortality";"Saarland";"Lung";"0-14";"Female";"2009";"0.00"
"Mortality";"Saarland";"Lung";"0-14";"Female";"2010";"0.00"
"Mortality";"Saarland";"Lung";"0-14";"Female";"2011";"0.00"
"Mortality";"Saarland";"Lung";"0-14";"Female";"2012";"0.00"
"Mortality";"Saarland";"Lung";"0-14";"Female";"2013";"0.00"
"Mortality";"Rhineland-Palatinate";"Lung";"0-14";"Female";"1998";"0.00"
"Mortality";"Rhineland-Palatinate";"Lung";"0-14";"Female";"1999";"0.00"
"Mortality";"Rhineland-Palatinate";"Lung";"0-14";"Female";"2000";"0.00"
"Mortality";"Rhineland-Palatinate";"Lung";"0-14";"Female";"2001";"0.00"
"Mortality";"Rhineland-Palatinate";"Lung";"0-14";"Female";"2002";"0.00"
"Mortality";"Rhineland-Palatinate";"Lung";"0-14";"Female";"2003";"0.00"
"Mortality";"Rhineland-Palatinate";"Lung";"0-14";"Female";"2004";"0.00"
"Mortality";"Rhineland-Palatinate";"Lung";"0-14";"Female";"2005";"0.00"
"Mortality";"Rhineland-Palatinate";"Lung";"0-14";"Female";"2006";"0.00"
"Mortality";"Rhineland-Palatinate";"Lung";"0-14";"Female";"2007";"0.00"
"Mortality";"Rhineland-Palatinate";"Lung";"0-14";"Female";"2008";"0.00"
"Mortality";"Rhineland-Palatinate";"Lung";"0-14";"Female";"2009";"0.00"
"Mortality";"Rhineland-Palatinate";"Lung";"0-14";"Female";"2010";"0.00"
"Mortality";"Rhineland-Palatinate";"Lung";"0-14";"Female";"2011";"0.00"
"Mortality";"Rhineland-Palatinate";"Lung";"0-14";"Female";"2012";"0.00"
"Mortality";"Rhineland-Palatinate";"Lung";"0-14";"Female";"2013";"0.00"
"Mortality";"Schleswig-Holstein";"Lung";"15-29";"Female";"1998";"0.00"
"Mortality";"Schleswig-Holstein";"Lung";"15-29";"Female";"1999";"0.00"
"Mortality";"Schleswig-Holstein";"Lung";"15-29";"Female";"2000";"0.00"
"Mortality";"Schleswig-Holstein";"Lung";"15-29";"Female";"2001";"0.00"
"Mortality";"Schleswig-Holstein";"Lung";"15-29";"Female";"2002";"0.00"
"Mortality";"Schleswig-Holstein";"Lung";"15-29";"Female";"2003";"0.00"
"Mortality";"Schleswig-Holstein";"Lung";"15-29";"Female";"2004";"0.00"
"Mortality";"Schleswig-Holstein";"Lung";"15-29";"Female";"2005";"0.00"
"Mortality";"Schleswig-Holstein";"Lung";"15-29";"Female";"2006";"0.00"
"Mortality";"Schleswig-Holstein";"Lung";"15-29";"Female";"2007";"0.00"
"Mortality";"Schleswig-Holstein";"Lung";"15-29";"Female";"2008";"0.88"
"Mortality";"Schleswig-Holstein";"Lung";"15-29";"Female";"2009";"0.00"
"Mortality";"Schleswig-Holstein";"Lung";"15-29";"Female";"2010";"0.00"
"Mortality";"Schleswig-Holstein";"Lung";"15-29";"Female";"2011";"0.00"
"Mortality";"Schleswig-Holstein";"Lung";"15-29";"Female";"2012";"0.00"
"Mortality";"Schleswig-Holstein";"Lung";"15-29";"Female";"2013";"0.00"
"Incidence";"Schleswig-Holstein";"Lung";"15-29";"Female";"1998";"0.44"
"Incidence";"Schleswig-Holstein";"Lung";"15-29";"Female";"1999";"0.45"
"Incidence";"Schleswig-Holstein";"Lung";"15-29";"Female";"2000";"0.00"
"Incidence";"Schleswig-Holstein";"Lung";"15-29";"Female";"2001";"0.00"
"Incidence";"Schleswig-Holstein";"Lung";"15-29";"Female";"2002";"0.00"
"Incidence";"Schleswig-Holstein";"Lung";"15-29";"Female";"2003";"0.45"
"Incidence";"Schleswig-Holstein";"Lung";"15-29";"Female";"2004";"0.90"
"Incidence";"Schleswig-Holstein";"Lung";"15-29";"Female";"2005";"0.00"
"Incidence";"Schleswig-Holstein";"Lung";"15-29";"Female";"2006";"0.00"
"Incidence";"Schleswig-Holstein";"Lung";"15-29";"Female";"2007";"0.00"
"Incidence";"Schleswig-Holstein";"Lung";"15-29";"Female";"2008";"0.44"
"Incidence";"Schleswig-Holstein";"Lung";"15-29";"Female";"2009";"0.00"
"Incidence";"Schleswig-Holstein";"Lung";"15-29";"Female";"2010";"0.44"
"Incidence";"Schleswig-Holstein";"Lung";"15-29";"Female";"2011";"0.90"
"Incidence";"Schleswig-Holstein";"Lung";"15-29";"Female";"2012";"0.00"
"Incidence";"Schleswig-Holstein";"Lung";"15-29";"Female";"2013";"0.00"
"Mortality";"Saarland";"Lung";"15-29";"Female";"1998";"0.00"
"Mortality";"Saarland";"Lung";"15-29";"Female";"1999";"0.00"
"Mortality";"Saarland";"Lung";"15-29";"Female";"2000";"0.00"
"Mortality";"Saarland";"Lung";"15-29";"Female";"2001";"0.00"
"Mortality";"Saarland";"Lung";"15-29";"Female";"2002";"0.00"
"Mortality";"Saarland";"Lung";"15-29";"Female";"2003";"0.00"
"Mortality";"Saarland";"Lung";"15-29";"Female";"2004";"0.00"
"Mortality";"Saarland";"Lung";"15-29";"Female";"2005";"0.00"
"Mortality";"Saarland";"Lung";"15-29";"Female";"2006";"0.00"
"Mortality";"Saarland";"Lung";"15-29";"Female";"2007";"0.00"
"Mortality";"Saarland";"Lung";"15-29";"Female";"2008";"1.17"
"Mortality";"Saarland";"Lung";"15-29";"Female";"2009";"0.00"
"Mortality";"Saarland";"Lung";"15-29";"Female";"2010";"0.00"
"Mortality";"Saarland";"Lung";"15-29";"Female";"2011";"0.00"
"Mortality";"Saarland";"Lung";"15-29";"Female";"2012";"0.00"
"Mortality";"Saarland";"Lung";"15-29";"Female";"2013";"0.00"
"Incidence";"Rhineland-Palatinate";"Lung";"15-29";"Male";"1998";"0.27"
"Incidence";"Rhineland-Palatinate";"Lung";"15-29";"Male";"1999";"0.28"
"Incidence";"Rhineland-Palatinate";"Lung";"15-29";"Male";"2000";"0.29"
"Incidence";"Rhineland-Palatinate";"Lung";"15-29";"Male";"2001";"0.59"
"Incidence";"Rhineland-Palatinate";"Lung";"15-29";"Male";"2002";"0.00"
"Incidence";"Rhineland-Palatinate";"Lung";"15-29";"Male";"2003";"0.00"
"Incidence";"Rhineland-Palatinate";"Lung";"15-29";"Male";"2004";"0.00"
"Incidence";"Rhineland-Palatinate";"Lung";"15-29";"Male";"2005";"0.00"
"Incidence";"Rhineland-Palatinate";"Lung";"15-29";"Male";"2006";"0.00"
"Incidence";"Rhineland-Palatinate";"Lung";"15-29";"Male";"2007";"0.28"
"Incidence";"Rhineland-Palatinate";"Lung";"15-29";"Male";"2008";"0.00"
"Incidence";"Rhineland-Palatinate";"Lung";"15-29";"Male";"2009";"0.28"
"Incidence";"Rhineland-Palatinate";"Lung";"15-29";"Male";"2010";"0.28"
"Incidence";"Rhineland-Palatinate";"Lung";"15-29";"Male";"2011";"0.00"
"Incidence";"Rhineland-Palatinate";"Lung";"15-29";"Male";"2012";"0.00"
"Incidence";"Rhineland-Palatinate";"Lung";"15-29";"Male";"2013";"0.00"
"Incidence";"Schleswig-Holstein";"Lung";"15-29";"Male";"1998";"0.00"
"Incidence";"Schleswig-Holstein";"Lung";"15-29";"Male";"1999";"0.00"
"Incidence";"Schleswig-Holstein";"Lung";"15-29";"Male";"2000";"0.00"
"Incidence";"Schleswig-Holstein";"Lung";"15-29";"Male";"2001";"0.00"
"Incidence";"Schleswig-Holstein";"Lung";"15-29";"Male";"2002";"0.00"
"Incidence";"Schleswig-Holstein";"Lung";"15-29";"Male";"2003";"0.44"
"Incidence";"Schleswig-Holstein";"Lung";"15-29";"Male";"2004";"0.88"
"Incidence";"Schleswig-Holstein";"Lung";"15-29";"Male";"2005";"0.00"
"Incidence";"Schleswig-Holstein";"Lung";"15-29";"Male";"2006";"0.00"
"Incidence";"Schleswig-Holstein";"Lung";"15-29";"Male";"2007";"0.00"
"Incidence";"Schleswig-Holstein";"Lung";"15-29";"Male";"2008";"0.43"
"Incidence";"Schleswig-Holstein";"Lung";"15-29";"Male";"2009";"0.00"
"Incidence";"Schleswig-Holstein";"Lung";"15-29";"Male";"2010";"0.42"
"Incidence";"Schleswig-Holstein";"Lung";"15-29";"Male";"2011";"1.31"
"Incidence";"Schleswig-Holstein";"Lung";"15-29";"Male";"2012";"0.43"
"Incidence";"Schleswig-Holstein";"Lung";"15-29";"Male";"2013";"0.85"
"Incidence";"Rhineland-Palatinate";"Lung";"15-29";"Female";"1998";"0.00"
"Incidence";"Rhineland-Palatinate";"Lung";"15-29";"Female";"1999";"0.30"
"Incidence";"Rhineland-Palatinate";"Lung";"15-29";"Female";"2000";"0.30"
"Incidence";"Rhineland-Palatinate";"Lung";"15-29";"Female";"2001";"0.00"
"Incidence";"Rhineland-Palatinate";"Lung";"15-29";"Female";"2002";"0.00"
"Incidence";"Rhineland-Palatinate";"Lung";"15-29";"Female";"2003";"0.00"
"Incidence";"Rhineland-Palatinate";"Lung";"15-29";"Female";"2004";"0.30"
"Incidence";"Rhineland-Palatinate";"Lung";"15-29";"Female";"2005";"0.59"
"Incidence";"Rhineland-Palatinate";"Lung";"15-29";"Female";"2006";"0.58"
"Incidence";"Rhineland-Palatinate";"Lung";"15-29";"Female";"2007";"0.29"
"Incidence";"Rhineland-Palatinate";"Lung";"15-29";"Female";"2008";"0.29"
"Incidence";"Rhineland-Palatinate";"Lung";"15-29";"Female";"2009";"0.87"
"Incidence";"Rhineland-Palatinate";"Lung";"15-29";"Female";"2010";"0.29"
"Incidence";"Rhineland-Palatinate";"Lung";"15-29";"Female";"2011";"0.29"
"Incidence";"Rhineland-Palatinate";"Lung";"15-29";"Female";"2012";"0.59"
"Incidence";"Rhineland-Palatinate";"Lung";"15-29";"Female";"2013";"0.30"
"Mortality";"Saarland";"Lung";"15-29";"Male";"1998";"0.00"
"Mortality";"Saarland";"Lung";"15-29";"Male";"1999";"0.00"
"Mortality";"Saarland";"Lung";"15-29";"Male";"2000";"0.00"
"Mortality";"Saarland";"Lung";"15-29";"Male";"2001";"0.00"
"Mortality";"Saarland";"Lung";"15-29";"Male";"2002";"0.00"
"Mortality";"Saarland";"Lung";"15-29";"Male";"2003";"0.00"
"Mortality";"Saarland";"Lung";"15-29";"Male";"2004";"0.00"
"Mortality";"Saarland";"Lung";"15-29";"Male";"2005";"0.00"
"Mortality";"Saarland";"Lung";"15-29";"Male";"2006";"0.00"
"Mortality";"Saarland";"Lung";"15-29";"Male";"2007";"1.12"
"Mortality";"Saarland";"Lung";"15-29";"Male";"2008";"0.00"
"Mortality";"Saarland";"Lung";"15-29";"Male";"2009";"0.00"
"Mortality";"Saarland";"Lung";"15-29";"Male";"2010";"0.00"
"Mortality";"Saarland";"Lung";"15-29";"Male";"2011";"0.00"
"Mortality";"Saarland";"Lung";"15-29";"Male";"2012";"0.00"
"Mortality";"Saarland";"Lung";"15-29";"Male";"2013";"0.00"
"Mortality";"Rhineland-Palatinate";"Lung";"15-29";"Female";"1998";"0.00"
"Mortality";"Rhineland-Palatinate";"Lung";"15-29";"Female";"1999";"0.00"
"Mortality";"Rhineland-Palatinate";"Lung";"15-29";"Female";"2000";"0.60"
"Mortality";"Rhineland-Palatinate";"Lung";"15-29";"Female";"2001";"0.00"
"Mortality";"Rhineland-Palatinate";"Lung";"15-29";"Female";"2002";"0.31"
"Mortality";"Rhineland-Palatinate";"Lung";"15-29";"Female";"2003";"0.00"
"Mortality";"Rhineland-Palatinate";"Lung";"15-29";"Female";"2004";"0.00"
"Mortality";"Rhineland-Palatinate";"Lung";"15-29";"Female";"2005";"0.00"
"Mortality";"Rhineland-Palatinate";"Lung";"15-29";"Female";"2006";"0.00"
"Mortality";"Rhineland-Palatinate";"Lung";"15-29";"Female";"2007";"0.00"
"Mortality";"Rhineland-Palatinate";"Lung";"15-29";"Female";"2008";"0.57"
"Mortality";"Rhineland-Palatinate";"Lung";"15-29";"Female";"2009";"0.00"
"Mortality";"Rhineland-Palatinate";"Lung";"15-29";"Female";"2010";"0.29"
"Mortality";"Rhineland-Palatinate";"Lung";"15-29";"Female";"2011";"0.00"
"Mortality";"Rhineland-Palatinate";"Lung";"15-29";"Female";"2012";"0.89"
"Mortality";"Rhineland-Palatinate";"Lung";"15-29";"Female";"2013";"0.00"
"Mortality";"Schleswig-Holstein";"Lung";"15-29";"Male";"1998";"0.00"
"Mortality";"Schleswig-Holstein";"Lung";"15-29";"Male";"1999";"0.00"
"Mortality";"Schleswig-Holstein";"Lung";"15-29";"Male";"2000";"0.00"
"Mortality";"Schleswig-Holstein";"Lung";"15-29";"Male";"2001";"0.00"
"Mortality";"Schleswig-Holstein";"Lung";"15-29";"Male";"2002";"0.45"
"Mortality";"Schleswig-Holstein";"Lung";"15-29";"Male";"2003";"0.00"
"Mortality";"Schleswig-Holstein";"Lung";"15-29";"Male";"2004";"0.00"
"Mortality";"Schleswig-Holstein";"Lung";"15-29";"Male";"2005";"0.00"
"Mortality";"Schleswig-Holstein";"Lung";"15-29";"Male";"2006";"0.00"
"Mortality";"Schleswig-Holstein";"Lung";"15-29";"Male";"2007";"0.00"
"Mortality";"Schleswig-Holstein";"Lung";"15-29";"Male";"2008";"0.43"
"Mortality";"Schleswig-Holstein";"Lung";"15-29";"Male";"2009";"0.42"
"Mortality";"Schleswig-Holstein";"Lung";"15-29";"Male";"2010";"0.85"
"Mortality";"Schleswig-Holstein";"Lung";"15-29";"Male";"2011";"0.00"
"Mortality";"Schleswig-Holstein";"Lung";"15-29";"Male";"2012";"0.00"
"Mortality";"Schleswig-Holstein";"Lung";"15-29";"Male";"2013";"0.43"
"Mortality";"Rhineland-Palatinate";"Lung";"15-29";"Male";"1998";"0.00"
"Mortality";"Rhineland-Palatinate";"Lung";"15-29";"Male";"1999";"0.28"
"Mortality";"Rhineland-Palatinate";"Lung";"15-29";"Male";"2000";"0.29"
"Mortality";"Rhineland-Palatinate";"Lung";"15-29";"Male";"2001";"0.59"
"Mortality";"Rhineland-Palatinate";"Lung";"15-29";"Male";"2002";"0.00"
"Mortality";"Rhineland-Palatinate";"Lung";"15-29";"Male";"2003";"0.00"
"Mortality";"Rhineland-Palatinate";"Lung";"15-29";"Male";"2004";"0.00"
"Mortality";"Rhineland-Palatinate";"Lung";"15-29";"Male";"2005";"0.00"
"Mortality";"Rhineland-Palatinate";"Lung";"15-29";"Male";"2006";"0.00"
"Mortality";"Rhineland-Palatinate";"Lung";"15-29";"Male";"2007";"0.28"
"Mortality";"Rhineland-Palatinate";"Lung";"15-29";"Male";"2008";"0.00"
"Mortality";"Rhineland-Palatinate";"Lung";"15-29";"Male";"2009";"0.00"
"Mortality";"Rhineland-Palatinate";"Lung";"15-29";"Male";"2010";"0.00"
"Mortality";"Rhineland-Palatinate";"Lung";"15-29";"Male";"2011";"0.00"
"Mortality";"Rhineland-Palatinate";"Lung";"15-29";"Male";"2012";"0.29"
"Mortality";"Rhineland-Palatinate";"Lung";"15-29";"Male";"2013";"0.00"
"Mortality";"Rhineland-Palatinate";"Lung";"30-44";"Male";"1998";"5.74"
"Mortality";"Rhineland-Palatinate";"Lung";"30-44";"Male";"1999";"3.93"
"Mortality";"Rhineland-Palatinate";"Lung";"30-44";"Male";"2000";"4.12"
"Mortality";"Rhineland-Palatinate";"Lung";"30-44";"Male";"2001";"5.31"
"Mortality";"Rhineland-Palatinate";"Lung";"30-44";"Male";"2002";"5.54"
"Mortality";"Rhineland-Palatinate";"Lung";"30-44";"Male";"2003";"5.63"
"Mortality";"Rhineland-Palatinate";"Lung";"30-44";"Male";"2004";"4.72"
"Mortality";"Rhineland-Palatinate";"Lung";"30-44";"Male";"2005";"4.83"
"Mortality";"Rhineland-Palatinate";"Lung";"30-44";"Male";"2006";"5.41"
"Mortality";"Rhineland-Palatinate";"Lung";"30-44";"Male";"2007";"2.24"
"Mortality";"Rhineland-Palatinate";"Lung";"30-44";"Male";"2008";"3.24"
"Mortality";"Rhineland-Palatinate";"Lung";"30-44";"Male";"2009";"3.61"
"Mortality";"Rhineland-Palatinate";"Lung";"30-44";"Male";"2010";"2.75"
"Mortality";"Rhineland-Palatinate";"Lung";"30-44";"Male";"2011";"2.07"
"Mortality";"Rhineland-Palatinate";"Lung";"30-44";"Male";"2012";"2.16"
"Mortality";"Rhineland-Palatinate";"Lung";"30-44";"Male";"2013";"3.59"
"Mortality";"Rhineland-Palatinate";"Lung";"30-44";"Female";"1998";"4.01"
"Mortality";"Rhineland-Palatinate";"Lung";"30-44";"Female";"1999";"3.35"
"Mortality";"Rhineland-Palatinate";"Lung";"30-44";"Female";"2000";"2.50"
"Mortality";"Rhineland-Palatinate";"Lung";"30-44";"Female";"2001";"3.33"
"Mortality";"Rhineland-Palatinate";"Lung";"30-44";"Female";"2002";"5.22"
"Mortality";"Rhineland-Palatinate";"Lung";"30-44";"Female";"2003";"4.01"
"Mortality";"Rhineland-Palatinate";"Lung";"30-44";"Female";"2004";"4.50"
"Mortality";"Rhineland-Palatinate";"Lung";"30-44";"Female";"2005";"4.60"
"Mortality";"Rhineland-Palatinate";"Lung";"30-44";"Female";"2006";"3.59"
"Mortality";"Rhineland-Palatinate";"Lung";"30-44";"Female";"2007";"3.70"
"Mortality";"Rhineland-Palatinate";"Lung";"30-44";"Female";"2008";"1.90"
"Mortality";"Rhineland-Palatinate";"Lung";"30-44";"Female";"2009";"3.69"
"Mortality";"Rhineland-Palatinate";"Lung";"30-44";"Female";"2010";"3.30"
"Mortality";"Rhineland-Palatinate";"Lung";"30-44";"Female";"2011";"2.87"
"Mortality";"Rhineland-Palatinate";"Lung";"30-44";"Female";"2012";"2.14"
"Mortality";"Rhineland-Palatinate";"Lung";"30-44";"Female";"2013";"1.64"
"Mortality";"Saarland";"Lung";"30-44";"Male";"1998";"2.95"
"Mortality";"Saarland";"Lung";"30-44";"Male";"1999";"6.69"
"Mortality";"Saarland";"Lung";"30-44";"Male";"2000";"1.50"
"Mortality";"Saarland";"Lung";"30-44";"Male";"2001";"5.32"
"Mortality";"Saarland";"Lung";"30-44";"Male";"2002";"6.97"
"Mortality";"Saarland";"Lung";"30-44";"Male";"2003";"4.77"
"Mortality";"Saarland";"Lung";"30-44";"Male";"2004";"6.58"
"Mortality";"Saarland";"Lung";"30-44";"Male";"2005";"4.27"
"Mortality";"Saarland";"Lung";"30-44";"Male";"2006";"3.55"
"Mortality";"Saarland";"Lung";"30-44";"Male";"2007";"6.48"
"Mortality";"Saarland";"Lung";"30-44";"Male";"2008";"5.78"
"Mortality";"Saarland";"Lung";"30-44";"Male";"2009";"2.01"
"Mortality";"Saarland";"Lung";"30-44";"Male";"2010";"0.00"
"Mortality";"Saarland";"Lung";"30-44";"Male";"2011";"3.21"
"Mortality";"Saarland";"Lung";"30-44";"Male";"2012";"3.46"
"Mortality";"Saarland";"Lung";"30-44";"Male";"2013";"4.72"
"Incidence";"Rhineland-Palatinate";"Lung";"30-44";"Female";"1998";"3.38"
"Incidence";"Rhineland-Palatinate";"Lung";"30-44";"Female";"1999";"3.97"
"Incidence";"Rhineland-Palatinate";"Lung";"30-44";"Female";"2000";"4.16"
"Incidence";"Rhineland-Palatinate";"Lung";"30-44";"Female";"2001";"4.79"
"Incidence";"Rhineland-Palatinate";"Lung";"30-44";"Female";"2002";"3.76"
"Incidence";"Rhineland-Palatinate";"Lung";"30-44";"Female";"2003";"6.32"
"Incidence";"Rhineland-Palatinate";"Lung";"30-44";"Female";"2004";"8.78"
"Incidence";"Rhineland-Palatinate";"Lung";"30-44";"Female";"2005";"5.25"
"Incidence";"Rhineland-Palatinate";"Lung";"30-44";"Female";"2006";"4.04"
"Incidence";"Rhineland-Palatinate";"Lung";"30-44";"Female";"2007";"5.55"
"Incidence";"Rhineland-Palatinate";"Lung";"30-44";"Female";"2008";"4.52"
"Incidence";"Rhineland-Palatinate";"Lung";"30-44";"Female";"2009";"5.16"
"Incidence";"Rhineland-Palatinate";"Lung";"30-44";"Female";"2010";"4.57"
"Incidence";"Rhineland-Palatinate";"Lung";"30-44";"Female";"2011";"6.52"
"Incidence";"Rhineland-Palatinate";"Lung";"30-44";"Female";"2012";"4.55"
"Incidence";"Rhineland-Palatinate";"Lung";"30-44";"Female";"2013";"3.29"
"Incidence";"Schleswig-Holstein";"Lung";"30-44";"Male";"1998";"10.33"
"Incidence";"Schleswig-Holstein";"Lung";"30-44";"Male";"1999";"9.86"
"Incidence";"Schleswig-Holstein";"Lung";"30-44";"Male";"2000";"6.60"
"Incidence";"Schleswig-Holstein";"Lung";"30-44";"Male";"2001";"7.41"
"Incidence";"Schleswig-Holstein";"Lung";"30-44";"Male";"2002";"5.15"
"Incidence";"Schleswig-Holstein";"Lung";"30-44";"Male";"2003";"3.77"
"Incidence";"Schleswig-Holstein";"Lung";"30-44";"Male";"2004";"6.19"
"Incidence";"Schleswig-Holstein";"Lung";"30-44";"Male";"2005";"7.51"
"Incidence";"Schleswig-Holstein";"Lung";"30-44";"Male";"2006";"4.61"
"Incidence";"Schleswig-Holstein";"Lung";"30-44";"Male";"2007";"6.00"
"Incidence";"Schleswig-Holstein";"Lung";"30-44";"Male";"2008";"7.52"
"Incidence";"Schleswig-Holstein";"Lung";"30-44";"Male";"2009";"5.43"
"Incidence";"Schleswig-Holstein";"Lung";"30-44";"Male";"2010";"4.55"
"Incidence";"Schleswig-Holstein";"Lung";"30-44";"Male";"2011";"6.13"
"Incidence";"Schleswig-Holstein";"Lung";"30-44";"Male";"2012";"4.75"
"Incidence";"Schleswig-Holstein";"Lung";"30-44";"Male";"2013";"5.28"
"Mortality";"Saarland";"Lung";"30-44";"Female";"1998";"1.54"
"Mortality";"Saarland";"Lung";"30-44";"Female";"1999";"2.32"
"Mortality";"Saarland";"Lung";"30-44";"Female";"2000";"4.68"
"Mortality";"Saarland";"Lung";"30-44";"Female";"2001";"4.73"
"Mortality";"Saarland";"Lung";"30-44";"Female";"2002";"4.00"
"Mortality";"Saarland";"Lung";"30-44";"Female";"2003";"4.91"
"Mortality";"Saarland";"Lung";"30-44";"Female";"2004";"6.75"
"Mortality";"Saarland";"Lung";"30-44";"Female";"2005";"6.12"
"Mortality";"Saarland";"Lung";"30-44";"Female";"2006";"7.25"
"Mortality";"Saarland";"Lung";"30-44";"Female";"2007";"6.59"
"Mortality";"Saarland";"Lung";"30-44";"Female";"2008";"2.94"
"Mortality";"Saarland";"Lung";"30-44";"Female";"2009";"4.08"
"Mortality";"Saarland";"Lung";"30-44";"Female";"2010";"3.17"
"Mortality";"Saarland";"Lung";"30-44";"Female";"2011";"6.56"
"Mortality";"Saarland";"Lung";"30-44";"Female";"2012";"4.56"
"Mortality";"Saarland";"Lung";"30-44";"Female";"2013";"1.18"
"Incidence";"Rhineland-Palatinate";"Lung";"30-44";"Male";"1998";"6.13"
"Incidence";"Rhineland-Palatinate";"Lung";"30-44";"Male";"1999";"5.89"
"Incidence";"Rhineland-Palatinate";"Lung";"30-44";"Male";"2000";"5.88"
"Incidence";"Rhineland-Palatinate";"Lung";"30-44";"Male";"2001";"6.69"
"Incidence";"Rhineland-Palatinate";"Lung";"30-44";"Male";"2002";"6.93"
"Incidence";"Rhineland-Palatinate";"Lung";"30-44";"Male";"2003";"6.43"
"Incidence";"Rhineland-Palatinate";"Lung";"30-44";"Male";"2004";"6.57"
"Incidence";"Rhineland-Palatinate";"Lung";"30-44";"Male";"2005";"5.25"
"Incidence";"Rhineland-Palatinate";"Lung";"30-44";"Male";"2006";"6.71"
"Incidence";"Rhineland-Palatinate";"Lung";"30-44";"Male";"2007";"3.13"
"Incidence";"Rhineland-Palatinate";"Lung";"30-44";"Male";"2008";"5.32"
"Incidence";"Rhineland-Palatinate";"Lung";"30-44";"Male";"2009";"3.85"
"Incidence";"Rhineland-Palatinate";"Lung";"30-44";"Male";"2010";"4.50"
"Incidence";"Rhineland-Palatinate";"Lung";"30-44";"Male";"2011";"3.87"
"Incidence";"Rhineland-Palatinate";"Lung";"30-44";"Male";"2012";"4.87"
"Incidence";"Rhineland-Palatinate";"Lung";"30-44";"Male";"2013";"5.25"
"Mortality";"Schleswig-Holstein";"Lung";"30-44";"Male";"1998";"3.54"
"Mortality";"Schleswig-Holstein";"Lung";"30-44";"Male";"1999";"8.41"
"Mortality";"Schleswig-Holstein";"Lung";"30-44";"Male";"2000";"5.74"
"Mortality";"Schleswig-Holstein";"Lung";"30-44";"Male";"2001";"3.99"
"Mortality";"Schleswig-Holstein";"Lung";"30-44";"Male";"2002";"2.86"
"Mortality";"Schleswig-Holstein";"Lung";"30-44";"Male";"2003";"2.90"
"Mortality";"Schleswig-Holstein";"Lung";"30-44";"Male";"2004";"3.54"
"Mortality";"Schleswig-Holstein";"Lung";"30-44";"Male";"2005";"6.01"
"Mortality";"Schleswig-Holstein";"Lung";"30-44";"Male";"2006";"2.77"
"Mortality";"Schleswig-Holstein";"Lung";"30-44";"Male";"2007";"3.79"
"Mortality";"Schleswig-Holstein";"Lung";"30-44";"Male";"2008";"3.92"
"Mortality";"Schleswig-Holstein";"Lung";"30-44";"Male";"2009";"3.73"
"Mortality";"Schleswig-Holstein";"Lung";"30-44";"Male";"2010";"3.85"
"Mortality";"Schleswig-Holstein";"Lung";"30-44";"Male";"2011";"2.30"
"Mortality";"Schleswig-Holstein";"Lung";"30-44";"Male";"2012";"1.19"
"Mortality";"Schleswig-Holstein";"Lung";"30-44";"Male";"2013";"4.47"
"Incidence";"Schleswig-Holstein";"Lung";"30-44";"Female";"1998";"8.36"
"Incidence";"Schleswig-Holstein";"Lung";"30-44";"Female";"1999";"7.01"
"Incidence";"Schleswig-Holstein";"Lung";"30-44";"Female";"2000";"6.63"
"Incidence";"Schleswig-Holstein";"Lung";"30-44";"Female";"2001";"6.28"
"Incidence";"Schleswig-Holstein";"Lung";"30-44";"Female";"2002";"7.49"
"Incidence";"Schleswig-Holstein";"Lung";"30-44";"Female";"2003";"7.86"
"Incidence";"Schleswig-Holstein";"Lung";"30-44";"Female";"2004";"7.06"
"Incidence";"Schleswig-Holstein";"Lung";"30-44";"Female";"2005";"8.14"
"Incidence";"Schleswig-Holstein";"Lung";"30-44";"Female";"2006";"5.44"
"Incidence";"Schleswig-Holstein";"Lung";"30-44";"Female";"2007";"5.57"
"Incidence";"Schleswig-Holstein";"Lung";"30-44";"Female";"2008";"5.73"
"Incidence";"Schleswig-Holstein";"Lung";"30-44";"Female";"2009";"5.91"
"Incidence";"Schleswig-Holstein";"Lung";"30-44";"Female";"2010";"6.08"
"Incidence";"Schleswig-Holstein";"Lung";"30-44";"Female";"2011";"5.94"
"Incidence";"Schleswig-Holstein";"Lung";"30-44";"Female";"2012";"5.36"
"Incidence";"Schleswig-Holstein";"Lung";"30-44";"Female";"2013";"5.90"
"Mortality";"Schleswig-Holstein";"Lung";"30-44";"Female";"1998";"4.34"
"Mortality";"Schleswig-Holstein";"Lung";"30-44";"Female";"1999";"3.05"
"Mortality";"Schleswig-Holstein";"Lung";"30-44";"Female";"2000";"3.32"
"Mortality";"Schleswig-Holstein";"Lung";"30-44";"Female";"2001";"4.18"
"Mortality";"Schleswig-Holstein";"Lung";"30-44";"Female";"2002";"4.19"
"Mortality";"Schleswig-Holstein";"Lung";"30-44";"Female";"2003";"3.32"
"Mortality";"Schleswig-Holstein";"Lung";"30-44";"Female";"2004";"3.99"
"Mortality";"Schleswig-Holstein";"Lung";"30-44";"Female";"2005";"4.70"
"Mortality";"Schleswig-Holstein";"Lung";"30-44";"Female";"2006";"3.52"
"Mortality";"Schleswig-Holstein";"Lung";"30-44";"Female";"2007";"3.27"
"Mortality";"Schleswig-Holstein";"Lung";"30-44";"Female";"2008";"3.37"
"Mortality";"Schleswig-Holstein";"Lung";"30-44";"Female";"2009";"4.17"
"Mortality";"Schleswig-Holstein";"Lung";"30-44";"Female";"2010";"2.50"
"Mortality";"Schleswig-Holstein";"Lung";"30-44";"Female";"2011";"4.08"
"Mortality";"Schleswig-Holstein";"Lung";"30-44";"Female";"2012";"3.44"
"Mortality";"Schleswig-Holstein";"Lung";"30-44";"Female";"2013";"2.75"
"Mortality";"Saarland";"Lung";"45-59";"Male";"1998";"86.56"
"Mortality";"Saarland";"Lung";"45-59";"Male";"1999";"75.49"
"Mortality";"Saarland";"Lung";"45-59";"Male";"2000";"90.18"
"Mortality";"Saarland";"Lung";"45-59";"Male";"2001";"65.18"
"Mortality";"Saarland";"Lung";"45-59";"Male";"2002";"78.40"
"Mortality";"Saarland";"Lung";"45-59";"Male";"2003";"70.98"
"Mortality";"Saarland";"Lung";"45-59";"Male";"2004";"78.28"
"Mortality";"Saarland";"Lung";"45-59";"Male";"2005";"80.52"
"Mortality";"Saarland";"Lung";"45-59";"Male";"2006";"82.14"
"Mortality";"Saarland";"Lung";"45-59";"Male";"2007";"70.02"
"Mortality";"Saarland";"Lung";"45-59";"Male";"2008";"74.49"
"Mortality";"Saarland";"Lung";"45-59";"Male";"2009";"70.76"
"Mortality";"Saarland";"Lung";"45-59";"Male";"2010";"64.89"
"Mortality";"Saarland";"Lung";"45-59";"Male";"2011";"79.66"
"Mortality";"Saarland";"Lung";"45-59";"Male";"2012";"79.62"
"Mortality";"Saarland";"Lung";"45-59";"Male";"2013";"72.14"
"Mortality";"Saarland";"Lung";"45-59";"Female";"1998";"25.06"
"Mortality";"Saarland";"Lung";"45-59";"Female";"1999";"39.78"
"Mortality";"Saarland";"Lung";"45-59";"Female";"2000";"29.32"
"Mortality";"Saarland";"Lung";"45-59";"Female";"2001";"40.12"
"Mortality";"Saarland";"Lung";"45-59";"Female";"2002";"32.87"
"Mortality";"Saarland";"Lung";"45-59";"Female";"2003";"35.93"
"Mortality";"Saarland";"Lung";"45-59";"Female";"2004";"43.45"
"Mortality";"Saarland";"Lung";"45-59";"Female";"2005";"36.77"
"Mortality";"Saarland";"Lung";"45-59";"Female";"2006";"33.72"
"Mortality";"Saarland";"Lung";"45-59";"Female";"2007";"40.27"
"Mortality";"Saarland";"Lung";"45-59";"Female";"2008";"41.91"
"Mortality";"Saarland";"Lung";"45-59";"Female";"2009";"43.04"
"Mortality";"Saarland";"Lung";"45-59";"Female";"2010";"38.63"
"Mortality";"Saarland";"Lung";"45-59";"Female";"2011";"53.52"
"Mortality";"Saarland";"Lung";"45-59";"Female";"2012";"45.77"
"Mortality";"Saarland";"Lung";"45-59";"Female";"2013";"34.80"
"Incidence";"Rhineland-Palatinate";"Lung";"45-59";"Male";"1998";"90.21"
"Incidence";"Rhineland-Palatinate";"Lung";"45-59";"Male";"1999";"78.84"
"Incidence";"Rhineland-Palatinate";"Lung";"45-59";"Male";"2000";"82.05"
"Incidence";"Rhineland-Palatinate";"Lung";"45-59";"Male";"2001";"72.01"
"Incidence";"Rhineland-Palatinate";"Lung";"45-59";"Male";"2002";"70.34"
"Incidence";"Rhineland-Palatinate";"Lung";"45-59";"Male";"2003";"68.67"
"Incidence";"Rhineland-Palatinate";"Lung";"45-59";"Male";"2004";"74.64"
"Incidence";"Rhineland-Palatinate";"Lung";"45-59";"Male";"2005";"75.53"
"Incidence";"Rhineland-Palatinate";"Lung";"45-59";"Male";"2006";"77.78"
"Incidence";"Rhineland-Palatinate";"Lung";"45-59";"Male";"2007";"71.04"
"Incidence";"Rhineland-Palatinate";"Lung";"45-59";"Male";"2008";"58.77"
"Incidence";"Rhineland-Palatinate";"Lung";"45-59";"Male";"2009";"63.51"
"Incidence";"Rhineland-Palatinate";"Lung";"45-59";"Male";"2010";"75.76"
"Incidence";"Rhineland-Palatinate";"Lung";"45-59";"Male";"2011";"72.53"
"Incidence";"Rhineland-Palatinate";"Lung";"45-59";"Male";"2012";"64.88"
"Incidence";"Rhineland-Palatinate";"Lung";"45-59";"Male";"2013";"62.15"
"Incidence";"Rhineland-Palatinate";"Lung";"45-59";"Female";"1998";"25.14"
"Incidence";"Rhineland-Palatinate";"Lung";"45-59";"Female";"1999";"24.61"
"Incidence";"Rhineland-Palatinate";"Lung";"45-59";"Female";"2000";"35.81"
"Incidence";"Rhineland-Palatinate";"Lung";"45-59";"Female";"2001";"37.03"
"Incidence";"Rhineland-Palatinate";"Lung";"45-59";"Female";"2002";"31.07"
"Incidence";"Rhineland-Palatinate";"Lung";"45-59";"Female";"2003";"34.51"
"Incidence";"Rhineland-Palatinate";"Lung";"45-59";"Female";"2004";"39.61"
"Incidence";"Rhineland-Palatinate";"Lung";"45-59";"Female";"2005";"39.81"
"Incidence";"Rhineland-Palatinate";"Lung";"45-59";"Female";"2006";"43.94"
"Incidence";"Rhineland-Palatinate";"Lung";"45-59";"Female";"2007";"41.31"
"Incidence";"Rhineland-Palatinate";"Lung";"45-59";"Female";"2008";"47.83"
"Incidence";"Rhineland-Palatinate";"Lung";"45-59";"Female";"2009";"41.87"
"Incidence";"Rhineland-Palatinate";"Lung";"45-59";"Female";"2010";"46.24"
"Incidence";"Rhineland-Palatinate";"Lung";"45-59";"Female";"2011";"49.08"
"Incidence";"Rhineland-Palatinate";"Lung";"45-59";"Female";"2012";"46.33"
"Incidence";"Rhineland-Palatinate";"Lung";"45-59";"Female";"2013";"46.60"
"Mortality";"Rhineland-Palatinate";"Lung";"45-59";"Female";"1998";"24.05"
"Mortality";"Rhineland-Palatinate";"Lung";"45-59";"Female";"1999";"18.12"
"Mortality";"Rhineland-Palatinate";"Lung";"45-59";"Female";"2000";"28.48"
"Mortality";"Rhineland-Palatinate";"Lung";"45-59";"Female";"2001";"26.95"
"Mortality";"Rhineland-Palatinate";"Lung";"45-59";"Female";"2002";"28.91"
"Mortality";"Rhineland-Palatinate";"Lung";"45-59";"Female";"2003";"27.13"
"Mortality";"Rhineland-Palatinate";"Lung";"45-59";"Female";"2004";"31.12"
"Mortality";"Rhineland-Palatinate";"Lung";"45-59";"Female";"2005";"36.80"
"Mortality";"Rhineland-Palatinate";"Lung";"45-59";"Female";"2006";"34.09"
"Mortality";"Rhineland-Palatinate";"Lung";"45-59";"Female";"2007";"33.88"
"Mortality";"Rhineland-Palatinate";"Lung";"45-59";"Female";"2008";"32.71"
"Mortality";"Rhineland-Palatinate";"Lung";"45-59";"Female";"2009";"32.62"
"Mortality";"Rhineland-Palatinate";"Lung";"45-59";"Female";"2010";"29.53"
"Mortality";"Rhineland-Palatinate";"Lung";"45-59";"Female";"2011";"35.36"
"Mortality";"Rhineland-Palatinate";"Lung";"45-59";"Female";"2012";"33.45"
"Mortality";"Rhineland-Palatinate";"Lung";"45-59";"Female";"2013";"33.87"
"Mortality";"Rhineland-Palatinate";"Lung";"45-59";"Male";"1998";"75.31"
"Mortality";"Rhineland-Palatinate";"Lung";"45-59";"Male";"1999";"76.74"
"Mortality";"Rhineland-Palatinate";"Lung";"45-59";"Male";"2000";"69.42"
"Mortality";"Rhineland-Palatinate";"Lung";"45-59";"Male";"2001";"63.31"
"Mortality";"Rhineland-Palatinate";"Lung";"45-59";"Male";"2002";"64.59"
"Mortality";"Rhineland-Palatinate";"Lung";"45-59";"Male";"2003";"59.99"
"Mortality";"Rhineland-Palatinate";"Lung";"45-59";"Male";"2004";"56.67"
"Mortality";"Rhineland-Palatinate";"Lung";"45-59";"Male";"2005";"59.74"
"Mortality";"Rhineland-Palatinate";"Lung";"45-59";"Male";"2006";"62.13"
"Mortality";"Rhineland-Palatinate";"Lung";"45-59";"Male";"2007";"61.99"
"Mortality";"Rhineland-Palatinate";"Lung";"45-59";"Male";"2008";"55.91"
"Mortality";"Rhineland-Palatinate";"Lung";"45-59";"Male";"2009";"48.44"
"Mortality";"Rhineland-Palatinate";"Lung";"45-59";"Male";"2010";"56.45"
"Mortality";"Rhineland-Palatinate";"Lung";"45-59";"Male";"2011";"51.78"
"Mortality";"Rhineland-Palatinate";"Lung";"45-59";"Male";"2012";"48.40"
"Mortality";"Rhineland-Palatinate";"Lung";"45-59";"Male";"2013";"41.97"
"Incidence";"Schleswig-Holstein";"Lung";"45-59";"Female";"1998";"40.32"
"Incidence";"Schleswig-Holstein";"Lung";"45-59";"Female";"1999";"46.48"
"Incidence";"Schleswig-Holstein";"Lung";"45-59";"Female";"2000";"43.38"
"Incidence";"Schleswig-Holstein";"Lung";"45-59";"Female";"2001";"57.03"
"Incidence";"Schleswig-Holstein";"Lung";"45-59";"Female";"2002";"47.92"
"Incidence";"Schleswig-Holstein";"Lung";"45-59";"Female";"2003";"53.57"
"Incidence";"Schleswig-Holstein";"Lung";"45-59";"Female";"2004";"52.49"
"Incidence";"Schleswig-Holstein";"Lung";"45-59";"Female";"2005";"46.96"
"Incidence";"Schleswig-Holstein";"Lung";"45-59";"Female";"2006";"54.51"
"Incidence";"Schleswig-Holstein";"Lung";"45-59";"Female";"2007";"49.89"
"Incidence";"Schleswig-Holstein";"Lung";"45-59";"Female";"2008";"58.85"
"Incidence";"Schleswig-Holstein";"Lung";"45-59";"Female";"2009";"57.23"
"Incidence";"Schleswig-Holstein";"Lung";"45-59";"Female";"2010";"66.47"
"Incidence";"Schleswig-Holstein";"Lung";"45-59";"Female";"2011";"57.49"
"Incidence";"Schleswig-Holstein";"Lung";"45-59";"Female";"2012";"54.64"
"Incidence";"Schleswig-Holstein";"Lung";"45-59";"Female";"2013";"55.17"
"Incidence";"Schleswig-Holstein";"Lung";"45-59";"Male";"1998";"123.36"
"Incidence";"Schleswig-Holstein";"Lung";"45-59";"Male";"1999";"103.15"
"Incidence";"Schleswig-Holstein";"Lung";"45-59";"Male";"2000";"98.78"
"Incidence";"Schleswig-Holstein";"Lung";"45-59";"Male";"2001";"102.50"
"Incidence";"Schleswig-Holstein";"Lung";"45-59";"Male";"2002";"93.91"
"Incidence";"Schleswig-Holstein";"Lung";"45-59";"Male";"2003";"89.85"
"Incidence";"Schleswig-Holstein";"Lung";"45-59";"Male";"2004";"107.70"
"Incidence";"Schleswig-Holstein";"Lung";"45-59";"Male";"2005";"79.01"
"Incidence";"Schleswig-Holstein";"Lung";"45-59";"Male";"2006";"82.09"
"Incidence";"Schleswig-Holstein";"Lung";"45-59";"Male";"2007";"78.87"
"Incidence";"Schleswig-Holstein";"Lung";"45-59";"Male";"2008";"81.23"
"Incidence";"Schleswig-Holstein";"Lung";"45-59";"Male";"2009";"78.77"
"Incidence";"Schleswig-Holstein";"Lung";"45-59";"Male";"2010";"79.40"
"Incidence";"Schleswig-Holstein";"Lung";"45-59";"Male";"2011";"68.46"
"Incidence";"Schleswig-Holstein";"Lung";"45-59";"Male";"2012";"73.10"
"Incidence";"Schleswig-Holstein";"Lung";"45-59";"Male";"2013";"69.16"
"Mortality";"Schleswig-Holstein";"Lung";"45-59";"Female";"1998";"20.71"
"Mortality";"Schleswig-Holstein";"Lung";"45-59";"Female";"1999";"28.40"
"Mortality";"Schleswig-Holstein";"Lung";"45-59";"Female";"2000";"31.41"
"Mortality";"Schleswig-Holstein";"Lung";"45-59";"Female";"2001";"35.13"
"Mortality";"Schleswig-Holstein";"Lung";"45-59";"Female";"2002";"33.70"
"Mortality";"Schleswig-Holstein";"Lung";"45-59";"Female";"2003";"38.69"
"Mortality";"Schleswig-Holstein";"Lung";"45-59";"Female";"2004";"31.93"
"Mortality";"Schleswig-Holstein";"Lung";"45-59";"Female";"2005";"39.49"
"Mortality";"Schleswig-Holstein";"Lung";"45-59";"Female";"2006";"33.33"
"Mortality";"Schleswig-Holstein";"Lung";"45-59";"Female";"2007";"32.58"
"Mortality";"Schleswig-Holstein";"Lung";"45-59";"Female";"2008";"36.24"
"Mortality";"Schleswig-Holstein";"Lung";"45-59";"Female";"2009";"33.17"
"Mortality";"Schleswig-Holstein";"Lung";"45-59";"Female";"2010";"38.48"
"Mortality";"Schleswig-Holstein";"Lung";"45-59";"Female";"2011";"30.58"
"Mortality";"Schleswig-Holstein";"Lung";"45-59";"Female";"2012";"39.41"
"Mortality";"Schleswig-Holstein";"Lung";"45-59";"Female";"2013";"33.86"
"Mortality";"Schleswig-Holstein";"Lung";"45-59";"Male";"1998";"80.22"
"Mortality";"Schleswig-Holstein";"Lung";"45-59";"Male";"1999";"72.28"
"Mortality";"Schleswig-Holstein";"Lung";"45-59";"Male";"2000";"67.33"
"Mortality";"Schleswig-Holstein";"Lung";"45-59";"Male";"2001";"72.09"
"Mortality";"Schleswig-Holstein";"Lung";"45-59";"Male";"2002";"72.96"
"Mortality";"Schleswig-Holstein";"Lung";"45-59";"Male";"2003";"61.52"
"Mortality";"Schleswig-Holstein";"Lung";"45-59";"Male";"2004";"69.71"
"Mortality";"Schleswig-Holstein";"Lung";"45-59";"Male";"2005";"62.92"
"Mortality";"Schleswig-Holstein";"Lung";"45-59";"Male";"2006";"54.85"
"Mortality";"Schleswig-Holstein";"Lung";"45-59";"Male";"2007";"57.02"
"Mortality";"Schleswig-Holstein";"Lung";"45-59";"Male";"2008";"42.45"
"Mortality";"Schleswig-Holstein";"Lung";"45-59";"Male";"2009";"49.02"
"Mortality";"Schleswig-Holstein";"Lung";"45-59";"Male";"2010";"54.52"
"Mortality";"Schleswig-Holstein";"Lung";"45-59";"Male";"2011";"49.48"
"Mortality";"Schleswig-Holstein";"Lung";"45-59";"Male";"2012";"43.07"
"Mortality";"Schleswig-Holstein";"Lung";"45-59";"Male";"2013";"45.12"
"Mortality";"Rhineland-Palatinate";"Lung";"60-74";"Male";"1998";"284.92"
"Mortality";"Rhineland-Palatinate";"Lung";"60-74";"Male";"1999";"291.17"
"Mortality";"Rhineland-Palatinate";"Lung";"60-74";"Male";"2000";"269.50"
"Mortality";"Rhineland-Palatinate";"Lung";"60-74";"Male";"2001";"269.47"
"Mortality";"Rhineland-Palatinate";"Lung";"60-74";"Male";"2002";"250.72"
"Mortality";"Rhineland-Palatinate";"Lung";"60-74";"Male";"2003";"237.49"
"Mortality";"Rhineland-Palatinate";"Lung";"60-74";"Male";"2004";"239.12"
"Mortality";"Rhineland-Palatinate";"Lung";"60-74";"Male";"2005";"239.04"
"Mortality";"Rhineland-Palatinate";"Lung";"60-74";"Male";"2006";"238.22"
"Mortality";"Rhineland-Palatinate";"Lung";"60-74";"Male";"2007";"226.67"
"Mortality";"Rhineland-Palatinate";"Lung";"60-74";"Male";"2008";"244.14"
"Mortality";"Rhineland-Palatinate";"Lung";"60-74";"Male";"2009";"235.31"
"Mortality";"Rhineland-Palatinate";"Lung";"60-74";"Male";"2010";"220.51"
"Mortality";"Rhineland-Palatinate";"Lung";"60-74";"Male";"2011";"217.76"
"Mortality";"Rhineland-Palatinate";"Lung";"60-74";"Male";"2012";"223.73"
"Mortality";"Rhineland-Palatinate";"Lung";"60-74";"Male";"2013";"230.39"
"Mortality";"Saarland";"Lung";"60-74";"Male";"1998";"345.53"
"Mortality";"Saarland";"Lung";"60-74";"Male";"1999";"303.88"
"Mortality";"Saarland";"Lung";"60-74";"Male";"2000";"312.80"
"Mortality";"Saarland";"Lung";"60-74";"Male";"2001";"324.25"
"Mortality";"Saarland";"Lung";"60-74";"Male";"2002";"315.73"
"Mortality";"Saarland";"Lung";"60-74";"Male";"2003";"268.71"
"Mortality";"Saarland";"Lung";"60-74";"Male";"2004";"275.40"
"Mortality";"Saarland";"Lung";"60-74";"Male";"2005";"298.20"
"Mortality";"Saarland";"Lung";"60-74";"Male";"2006";"311.01"
"Mortality";"Saarland";"Lung";"60-74";"Male";"2007";"335.80"
"Mortality";"Saarland";"Lung";"60-74";"Male";"2008";"296.56"
"Mortality";"Saarland";"Lung";"60-74";"Male";"2009";"299.42"
"Mortality";"Saarland";"Lung";"60-74";"Male";"2010";"282.73"
"Mortality";"Saarland";"Lung";"60-74";"Male";"2011";"270.87"
"Mortality";"Saarland";"Lung";"60-74";"Male";"2012";"248.96"
"Mortality";"Saarland";"Lung";"60-74";"Male";"2013";"269.41"
"Mortality";"Rhineland-Palatinate";"Lung";"60-74";"Female";"1998";"62.15"
"Mortality";"Rhineland-Palatinate";"Lung";"60-74";"Female";"1999";"53.69"
"Mortality";"Rhineland-Palatinate";"Lung";"60-74";"Female";"2000";"46.65"
"Mortality";"Rhineland-Palatinate";"Lung";"60-74";"Female";"2001";"53.96"
"Mortality";"Rhineland-Palatinate";"Lung";"60-74";"Female";"2002";"57.99"
"Mortality";"Rhineland-Palatinate";"Lung";"60-74";"Female";"2003";"61.44"
"Mortality";"Rhineland-Palatinate";"Lung";"60-74";"Female";"2004";"55.82"
"Mortality";"Rhineland-Palatinate";"Lung";"60-74";"Female";"2005";"64.14"
"Mortality";"Rhineland-Palatinate";"Lung";"60-74";"Female";"2006";"67.23"
"Mortality";"Rhineland-Palatinate";"Lung";"60-74";"Female";"2007";"78.78"
"Mortality";"Rhineland-Palatinate";"Lung";"60-74";"Female";"2008";"72.59"
"Mortality";"Rhineland-Palatinate";"Lung";"60-74";"Female";"2009";"86.23"
"Mortality";"Rhineland-Palatinate";"Lung";"60-74";"Female";"2010";"82.76"
"Mortality";"Rhineland-Palatinate";"Lung";"60-74";"Female";"2011";"91.44"
"Mortality";"Rhineland-Palatinate";"Lung";"60-74";"Female";"2012";"90.28"
"Mortality";"Rhineland-Palatinate";"Lung";"60-74";"Female";"2013";"96.96"
"Incidence";"Rhineland-Palatinate";"Lung";"60-74";"Female";"1998";"63.04"
"Incidence";"Rhineland-Palatinate";"Lung";"60-74";"Female";"1999";"56.90"
"Incidence";"Rhineland-Palatinate";"Lung";"60-74";"Female";"2000";"57.59"
"Incidence";"Rhineland-Palatinate";"Lung";"60-74";"Female";"2001";"61.91"
"Incidence";"Rhineland-Palatinate";"Lung";"60-74";"Female";"2002";"64.74"
"Incidence";"Rhineland-Palatinate";"Lung";"60-74";"Female";"2003";"62.28"
"Incidence";"Rhineland-Palatinate";"Lung";"60-74";"Female";"2004";"70.92"
"Incidence";"Rhineland-Palatinate";"Lung";"60-74";"Female";"2005";"66.72"
"Incidence";"Rhineland-Palatinate";"Lung";"60-74";"Female";"2006";"78.04"
"Incidence";"Rhineland-Palatinate";"Lung";"60-74";"Female";"2007";"90.88"
"Incidence";"Rhineland-Palatinate";"Lung";"60-74";"Female";"2008";"82.32"
"Incidence";"Rhineland-Palatinate";"Lung";"60-74";"Female";"2009";"103.83"
"Incidence";"Rhineland-Palatinate";"Lung";"60-74";"Female";"2010";"109.27"
"Incidence";"Rhineland-Palatinate";"Lung";"60-74";"Female";"2011";"113.50"
"Incidence";"Rhineland-Palatinate";"Lung";"60-74";"Female";"2012";"110.83"
"Incidence";"Rhineland-Palatinate";"Lung";"60-74";"Female";"2013";"128.12"
"Incidence";"Rhineland-Palatinate";"Lung";"60-74";"Male";"1998";"303.29"
"Incidence";"Rhineland-Palatinate";"Lung";"60-74";"Male";"1999";"304.92"
"Incidence";"Rhineland-Palatinate";"Lung";"60-74";"Male";"2000";"310.26"
"Incidence";"Rhineland-Palatinate";"Lung";"60-74";"Male";"2001";"297.14"
"Incidence";"Rhineland-Palatinate";"Lung";"60-74";"Male";"2002";"288.09"
"Incidence";"Rhineland-Palatinate";"Lung";"60-74";"Male";"2003";"268.07"
"Incidence";"Rhineland-Palatinate";"Lung";"60-74";"Male";"2004";"266.07"
"Incidence";"Rhineland-Palatinate";"Lung";"60-74";"Male";"2005";"269.78"
"Incidence";"Rhineland-Palatinate";"Lung";"60-74";"Male";"2006";"247.41"
"Incidence";"Rhineland-Palatinate";"Lung";"60-74";"Male";"2007";"246.43"
"Incidence";"Rhineland-Palatinate";"Lung";"60-74";"Male";"2008";"285.52"
"Incidence";"Rhineland-Palatinate";"Lung";"60-74";"Male";"2009";"273.79"
"Incidence";"Rhineland-Palatinate";"Lung";"60-74";"Male";"2010";"252.06"
"Incidence";"Rhineland-Palatinate";"Lung";"60-74";"Male";"2011";"275.99"
"Incidence";"Rhineland-Palatinate";"Lung";"60-74";"Male";"2012";"260.56"
"Incidence";"Rhineland-Palatinate";"Lung";"60-74";"Male";"2013";"302.37"
"Mortality";"Saarland";"Lung";"60-74";"Female";"1998";"57.85"
"Mortality";"Saarland";"Lung";"60-74";"Female";"1999";"70.45"
"Mortality";"Saarland";"Lung";"60-74";"Female";"2000";"72.74"
"Mortality";"Saarland";"Lung";"60-74";"Female";"2001";"66.26"
"Mortality";"Saarland";"Lung";"60-74";"Female";"2002";"64.39"
"Mortality";"Saarland";"Lung";"60-74";"Female";"2003";"76.81"
"Mortality";"Saarland";"Lung";"60-74";"Female";"2004";"70.55"
"Mortality";"Saarland";"Lung";"60-74";"Female";"2005";"73.75"
"Mortality";"Saarland";"Lung";"60-74";"Female";"2006";"79.58"
"Mortality";"Saarland";"Lung";"60-74";"Female";"2007";"96.55"
"Mortality";"Saarland";"Lung";"60-74";"Female";"2008";"104.02"
"Mortality";"Saarland";"Lung";"60-74";"Female";"2009";"87.75"
"Mortality";"Saarland";"Lung";"60-74";"Female";"2010";"92.76"
"Mortality";"Saarland";"Lung";"60-74";"Female";"2011";"115.26"
"Mortality";"Saarland";"Lung";"60-74";"Female";"2012";"133.78"
"Mortality";"Saarland";"Lung";"60-74";"Female";"2013";"107.00"
"Incidence";"Schleswig-Holstein";"Lung";"60-74";"Male";"1998";"371.07"
"Incidence";"Schleswig-Holstein";"Lung";"60-74";"Male";"1999";"331.08"
"Incidence";"Schleswig-Holstein";"Lung";"60-74";"Male";"2000";"332.23"
"Incidence";"Schleswig-Holstein";"Lung";"60-74";"Male";"2001";"311.23"
"Incidence";"Schleswig-Holstein";"Lung";"60-74";"Male";"2002";"327.88"
"Incidence";"Schleswig-Holstein";"Lung";"60-74";"Male";"2003";"308.08"
"Incidence";"Schleswig-Holstein";"Lung";"60-74";"Male";"2004";"308.77"
"Incidence";"Schleswig-Holstein";"Lung";"60-74";"Male";"2005";"307.44"
"Incidence";"Schleswig-Holstein";"Lung";"60-74";"Male";"2006";"304.14"
"Incidence";"Schleswig-Holstein";"Lung";"60-74";"Male";"2007";"313.55"
"Incidence";"Schleswig-Holstein";"Lung";"60-74";"Male";"2008";"299.85"
"Incidence";"Schleswig-Holstein";"Lung";"60-74";"Male";"2009";"311.33"
"Incidence";"Schleswig-Holstein";"Lung";"60-74";"Male";"2010";"306.11"
"Incidence";"Schleswig-Holstein";"Lung";"60-74";"Male";"2011";"313.35"
"Incidence";"Schleswig-Holstein";"Lung";"60-74";"Male";"2012";"307.36"
"Incidence";"Schleswig-Holstein";"Lung";"60-74";"Male";"2013";"303.44"
"Incidence";"Schleswig-Holstein";"Lung";"60-74";"Female";"1998";"90.54"
"Incidence";"Schleswig-Holstein";"Lung";"60-74";"Female";"1999";"76.68"
"Incidence";"Schleswig-Holstein";"Lung";"60-74";"Female";"2000";"97.31"
"Incidence";"Schleswig-Holstein";"Lung";"60-74";"Female";"2001";"91.80"
"Incidence";"Schleswig-Holstein";"Lung";"60-74";"Female";"2002";"97.56"
"Incidence";"Schleswig-Holstein";"Lung";"60-74";"Female";"2003";"89.54"
"Incidence";"Schleswig-Holstein";"Lung";"60-74";"Female";"2004";"104.14"
"Incidence";"Schleswig-Holstein";"Lung";"60-74";"Female";"2005";"104.42"
"Incidence";"Schleswig-Holstein";"Lung";"60-74";"Female";"2006";"110.83"
"Incidence";"Schleswig-Holstein";"Lung";"60-74";"Female";"2007";"113.93"
"Incidence";"Schleswig-Holstein";"Lung";"60-74";"Female";"2008";"121.77"
"Incidence";"Schleswig-Holstein";"Lung";"60-74";"Female";"2009";"139.13"
"Incidence";"Schleswig-Holstein";"Lung";"60-74";"Female";"2010";"131.46"
"Incidence";"Schleswig-Holstein";"Lung";"60-74";"Female";"2011";"137.11"
"Incidence";"Schleswig-Holstein";"Lung";"60-74";"Female";"2012";"159.34"
"Incidence";"Schleswig-Holstein";"Lung";"60-74";"Female";"2013";"166.52"
"Mortality";"Schleswig-Holstein";"Lung";"60-74";"Male";"1998";"256.43"
"Mortality";"Schleswig-Holstein";"Lung";"60-74";"Male";"1999";"248.79"
"Mortality";"Schleswig-Holstein";"Lung";"60-74";"Male";"2000";"275.12"
"Mortality";"Schleswig-Holstein";"Lung";"60-74";"Male";"2001";"242.31"
"Mortality";"Schleswig-Holstein";"Lung";"60-74";"Male";"2002";"234.68"
"Mortality";"Schleswig-Holstein";"Lung";"60-74";"Male";"2003";"252.37"
"Mortality";"Schleswig-Holstein";"Lung";"60-74";"Male";"2004";"244.89"
"Mortality";"Schleswig-Holstein";"Lung";"60-74";"Male";"2005";"227.70"
"Mortality";"Schleswig-Holstein";"Lung";"60-74";"Male";"2006";"229.22"
"Mortality";"Schleswig-Holstein";"Lung";"60-74";"Male";"2007";"232.35"
"Mortality";"Schleswig-Holstein";"Lung";"60-74";"Male";"2008";"218.65"
"Mortality";"Schleswig-Holstein";"Lung";"60-74";"Male";"2009";"210.58"
"Mortality";"Schleswig-Holstein";"Lung";"60-74";"Male";"2010";"214.63"
"Mortality";"Schleswig-Holstein";"Lung";"60-74";"Male";"2011";"217.52"
"Mortality";"Schleswig-Holstein";"Lung";"60-74";"Male";"2012";"219.08"
"Mortality";"Schleswig-Holstein";"Lung";"60-74";"Male";"2013";"226.16"
"Mortality";"Schleswig-Holstein";"Lung";"60-74";"Female";"1998";"61.24"
"Mortality";"Schleswig-Holstein";"Lung";"60-74";"Female";"1999";"54.23"
"Mortality";"Schleswig-Holstein";"Lung";"60-74";"Female";"2000";"65.97"
"Mortality";"Schleswig-Holstein";"Lung";"60-74";"Female";"2001";"65.74"
"Mortality";"Schleswig-Holstein";"Lung";"60-74";"Female";"2002";"69.52"
"Mortality";"Schleswig-Holstein";"Lung";"60-74";"Female";"2003";"69.30"
"Mortality";"Schleswig-Holstein";"Lung";"60-74";"Female";"2004";"82.24"
"Mortality";"Schleswig-Holstein";"Lung";"60-74";"Female";"2005";"75.13"
"Mortality";"Schleswig-Holstein";"Lung";"60-74";"Female";"2006";"79.49"
"Mortality";"Schleswig-Holstein";"Lung";"60-74";"Female";"2007";"75.07"
"Mortality";"Schleswig-Holstein";"Lung";"60-74";"Female";"2008";"84.65"
"Mortality";"Schleswig-Holstein";"Lung";"60-74";"Female";"2009";"92.87"
"Mortality";"Schleswig-Holstein";"Lung";"60-74";"Female";"2010";"94.06"
"Mortality";"Schleswig-Holstein";"Lung";"60-74";"Female";"2011";"94.01"
"Mortality";"Schleswig-Holstein";"Lung";"60-74";"Female";"2012";"111.84"
"Mortality";"Schleswig-Holstein";"Lung";"60-74";"Female";"2013";"117.32"
"Mortality";"Rhineland-Palatinate";"Lung";"75-89";"Male";"1998";"486.54"
"Mortality";"Rhineland-Palatinate";"Lung";"75-89";"Male";"1999";"490.12"
"Mortality";"Rhineland-Palatinate";"Lung";"75-89";"Male";"2000";"459.63"
"Mortality";"Rhineland-Palatinate";"Lung";"75-89";"Male";"2001";"529.04"
"Mortality";"Rhineland-Palatinate";"Lung";"75-89";"Male";"2002";"479.96"
"Mortality";"Rhineland-Palatinate";"Lung";"75-89";"Male";"2003";"465.18"
"Mortality";"Rhineland-Palatinate";"Lung";"75-89";"Male";"2004";"439.61"
"Mortality";"Rhineland-Palatinate";"Lung";"75-89";"Male";"2005";"430.42"
"Mortality";"Rhineland-Palatinate";"Lung";"75-89";"Male";"2006";"409.44"
"Mortality";"Rhineland-Palatinate";"Lung";"75-89";"Male";"2007";"449.92"
"Mortality";"Rhineland-Palatinate";"Lung";"75-89";"Male";"2008";"448.20"
"Mortality";"Rhineland-Palatinate";"Lung";"75-89";"Male";"2009";"406.29"
"Mortality";"Rhineland-Palatinate";"Lung";"75-89";"Male";"2010";"400.19"
"Mortality";"Rhineland-Palatinate";"Lung";"75-89";"Male";"2011";"408.81"
"Mortality";"Rhineland-Palatinate";"Lung";"75-89";"Male";"2012";"380.84"
"Mortality";"Rhineland-Palatinate";"Lung";"75-89";"Male";"2013";"371.57"
"Incidence";"Schleswig-Holstein";"Lung";"75-89";"Male";"1998";"574.35"
"Incidence";"Schleswig-Holstein";"Lung";"75-89";"Male";"1999";"505.27"
"Incidence";"Schleswig-Holstein";"Lung";"75-89";"Male";"2000";"558.10"
"Incidence";"Schleswig-Holstein";"Lung";"75-89";"Male";"2001";"522.08"
"Incidence";"Schleswig-Holstein";"Lung";"75-89";"Male";"2002";"523.31"
"Incidence";"Schleswig-Holstein";"Lung";"75-89";"Male";"2003";"541.04"
"Incidence";"Schleswig-Holstein";"Lung";"75-89";"Male";"2004";"444.00"
"Incidence";"Schleswig-Holstein";"Lung";"75-89";"Male";"2005";"535.52"
"Incidence";"Schleswig-Holstein";"Lung";"75-89";"Male";"2006";"457.20"
"Incidence";"Schleswig-Holstein";"Lung";"75-89";"Male";"2007";"499.12"
"Incidence";"Schleswig-Holstein";"Lung";"75-89";"Male";"2008";"483.71"
"Incidence";"Schleswig-Holstein";"Lung";"75-89";"Male";"2009";"503.99"
"Incidence";"Schleswig-Holstein";"Lung";"75-89";"Male";"2010";"508.07"
"Incidence";"Schleswig-Holstein";"Lung";"75-89";"Male";"2011";"407.65"
"Incidence";"Schleswig-Holstein";"Lung";"75-89";"Male";"2012";"374.41"
"Incidence";"Schleswig-Holstein";"Lung";"75-89";"Male";"2013";"418.42"
"Mortality";"Rhineland-Palatinate";"Lung";"75-89";"Female";"1998";"81.62"
"Mortality";"Rhineland-Palatinate";"Lung";"75-89";"Female";"1999";"82.14"
"Mortality";"Rhineland-Palatinate";"Lung";"75-89";"Female";"2000";"75.90"
"Mortality";"Rhineland-Palatinate";"Lung";"75-89";"Female";"2001";"81.04"
"Mortality";"Rhineland-Palatinate";"Lung";"75-89";"Female";"2002";"99.71"
"Mortality";"Rhineland-Palatinate";"Lung";"75-89";"Female";"2003";"101.33"
"Mortality";"Rhineland-Palatinate";"Lung";"75-89";"Female";"2004";"90.42"
"Mortality";"Rhineland-Palatinate";"Lung";"75-89";"Female";"2005";"96.13"
"Mortality";"Rhineland-Palatinate";"Lung";"75-89";"Female";"2006";"87.21"
"Mortality";"Rhineland-Palatinate";"Lung";"75-89";"Female";"2007";"106.94"
"Mortality";"Rhineland-Palatinate";"Lung";"75-89";"Female";"2008";"105.87"
"Mortality";"Rhineland-Palatinate";"Lung";"75-89";"Female";"2009";"101.99"
"Mortality";"Rhineland-Palatinate";"Lung";"75-89";"Female";"2010";"99.77"
"Mortality";"Rhineland-Palatinate";"Lung";"75-89";"Female";"2011";"112.99"
"Mortality";"Rhineland-Palatinate";"Lung";"75-89";"Female";"2012";"101.34"
"Mortality";"Rhineland-Palatinate";"Lung";"75-89";"Female";"2013";"122.29"
"Incidence";"Rhineland-Palatinate";"Lung";"75-89";"Female";"1998";"98.08"
"Incidence";"Rhineland-Palatinate";"Lung";"75-89";"Female";"1999";"85.65"
"Incidence";"Rhineland-Palatinate";"Lung";"75-89";"Female";"2000";"86.25"
"Incidence";"Rhineland-Palatinate";"Lung";"75-89";"Female";"2001";"99.64"
"Incidence";"Rhineland-Palatinate";"Lung";"75-89";"Female";"2002";"122.58"
"Incidence";"Rhineland-Palatinate";"Lung";"75-89";"Female";"2003";"112.32"
"Incidence";"Rhineland-Palatinate";"Lung";"75-89";"Female";"2004";"104.01"
"Incidence";"Rhineland-Palatinate";"Lung";"75-89";"Female";"2005";"111.28"
"Incidence";"Rhineland-Palatinate";"Lung";"75-89";"Female";"2006";"112.38"
"Incidence";"Rhineland-Palatinate";"Lung";"75-89";"Female";"2007";"126.54"
"Incidence";"Rhineland-Palatinate";"Lung";"75-89";"Female";"2008";"127.65"
"Incidence";"Rhineland-Palatinate";"Lung";"75-89";"Female";"2009";"124.72"
"Incidence";"Rhineland-Palatinate";"Lung";"75-89";"Female";"2010";"135.89"
"Incidence";"Rhineland-Palatinate";"Lung";"75-89";"Female";"2011";"150.46"
"Incidence";"Rhineland-Palatinate";"Lung";"75-89";"Female";"2012";"152.90"
"Incidence";"Rhineland-Palatinate";"Lung";"75-89";"Female";"2013";"168.66"
"Mortality";"Saarland";"Lung";"75-89";"Female";"1998";"127.94"
"Mortality";"Saarland";"Lung";"75-89";"Female";"1999";"128.99"
"Mortality";"Saarland";"Lung";"75-89";"Female";"2000";"117.53"
"Mortality";"Saarland";"Lung";"75-89";"Female";"2001";"106.22"
"Mortality";"Saarland";"Lung";"75-89";"Female";"2002";"138.23"
"Mortality";"Saarland";"Lung";"75-89";"Female";"2003";"116.51"
"Mortality";"Saarland";"Lung";"75-89";"Female";"2004";"120.32"
"Mortality";"Saarland";"Lung";"75-89";"Female";"2005";"140.54"
"Mortality";"Saarland";"Lung";"75-89";"Female";"2006";"147.60"
"Mortality";"Saarland";"Lung";"75-89";"Female";"2007";"138.58"
"Mortality";"Saarland";"Lung";"75-89";"Female";"2008";"145.28"
"Mortality";"Saarland";"Lung";"75-89";"Female";"2009";"182.22"
"Mortality";"Saarland";"Lung";"75-89";"Female";"2010";"163.28"
"Mortality";"Saarland";"Lung";"75-89";"Female";"2011";"154.69"
"Mortality";"Saarland";"Lung";"75-89";"Female";"2012";"138.69"
"Mortality";"Saarland";"Lung";"75-89";"Female";"2013";"158.88"
"Incidence";"Schleswig-Holstein";"Lung";"75-89";"Female";"1998";"153.57"
"Incidence";"Schleswig-Holstein";"Lung";"75-89";"Female";"1999";"140.50"
"Incidence";"Schleswig-Holstein";"Lung";"75-89";"Female";"2000";"153.23"
"Incidence";"Schleswig-Holstein";"Lung";"75-89";"Female";"2001";"150.14"
"Incidence";"Schleswig-Holstein";"Lung";"75-89";"Female";"2002";"161.22"
"Incidence";"Schleswig-Holstein";"Lung";"75-89";"Female";"2003";"132.52"
"Incidence";"Schleswig-Holstein";"Lung";"75-89";"Female";"2004";"150.36"
"Incidence";"Schleswig-Holstein";"Lung";"75-89";"Female";"2005";"149.30"
"Incidence";"Schleswig-Holstein";"Lung";"75-89";"Female";"2006";"147.93"
"Incidence";"Schleswig-Holstein";"Lung";"75-89";"Female";"2007";"151.31"
"Incidence";"Schleswig-Holstein";"Lung";"75-89";"Female";"2008";"199.53"
"Incidence";"Schleswig-Holstein";"Lung";"75-89";"Female";"2009";"174.31"
"Incidence";"Schleswig-Holstein";"Lung";"75-89";"Female";"2010";"173.74"
"Incidence";"Schleswig-Holstein";"Lung";"75-89";"Female";"2011";"155.65"
"Incidence";"Schleswig-Holstein";"Lung";"75-89";"Female";"2012";"133.74"
"Incidence";"Schleswig-Holstein";"Lung";"75-89";"Female";"2013";"149.36"
"Mortality";"Schleswig-Holstein";"Lung";"75-89";"Female";"1998";"97.63"
"Mortality";"Schleswig-Holstein";"Lung";"75-89";"Female";"1999";"96.03"
"Mortality";"Schleswig-Holstein";"Lung";"75-89";"Female";"2000";"117.87"
"Mortality";"Schleswig-Holstein";"Lung";"75-89";"Female";"2001";"124.49"
"Mortality";"Schleswig-Holstein";"Lung";"75-89";"Female";"2002";"105.94"
"Mortality";"Schleswig-Holstein";"Lung";"75-89";"Female";"2003";"99.39"
"Mortality";"Schleswig-Holstein";"Lung";"75-89";"Female";"2004";"112.10"
"Mortality";"Schleswig-Holstein";"Lung";"75-89";"Female";"2005";"104.96"
"Mortality";"Schleswig-Holstein";"Lung";"75-89";"Female";"2006";"121.12"
"Mortality";"Schleswig-Holstein";"Lung";"75-89";"Female";"2007";"94.92"
"Mortality";"Schleswig-Holstein";"Lung";"75-89";"Female";"2008";"117.43"
"Mortality";"Schleswig-Holstein";"Lung";"75-89";"Female";"2009";"104.96"
"Mortality";"Schleswig-Holstein";"Lung";"75-89";"Female";"2010";"123.71"
"Mortality";"Schleswig-Holstein";"Lung";"75-89";"Female";"2011";"150.39"
"Mortality";"Schleswig-Holstein";"Lung";"75-89";"Female";"2012";"98.45"
"Mortality";"Schleswig-Holstein";"Lung";"75-89";"Female";"2013";"124.78"
"Incidence";"Rhineland-Palatinate";"Lung";"75-89";"Male";"1998";"525.59"
"Incidence";"Rhineland-Palatinate";"Lung";"75-89";"Male";"1999";"539.57"
"Incidence";"Rhineland-Palatinate";"Lung";"75-89";"Male";"2000";"549.01"
"Incidence";"Rhineland-Palatinate";"Lung";"75-89";"Male";"2001";"582.34"
"Incidence";"Rhineland-Palatinate";"Lung";"75-89";"Male";"2002";"508.48"
"Incidence";"Rhineland-Palatinate";"Lung";"75-89";"Male";"2003";"497.42"
"Incidence";"Rhineland-Palatinate";"Lung";"75-89";"Male";"2004";"479.19"
"Incidence";"Rhineland-Palatinate";"Lung";"75-89";"Male";"2005";"451.74"
"Incidence";"Rhineland-Palatinate";"Lung";"75-89";"Male";"2006";"489.56"
"Incidence";"Rhineland-Palatinate";"Lung";"75-89";"Male";"2007";"496.63"
"Incidence";"Rhineland-Palatinate";"Lung";"75-89";"Male";"2008";"451.95"
"Incidence";"Rhineland-Palatinate";"Lung";"75-89";"Male";"2009";"453.27"
"Incidence";"Rhineland-Palatinate";"Lung";"75-89";"Male";"2010";"461.01"
"Incidence";"Rhineland-Palatinate";"Lung";"75-89";"Male";"2011";"494.13"
"Incidence";"Rhineland-Palatinate";"Lung";"75-89";"Male";"2012";"454.24"
"Incidence";"Rhineland-Palatinate";"Lung";"75-89";"Male";"2013";"492.29"
"Mortality";"Schleswig-Holstein";"Lung";"75-89";"Male";"1998";"367.41"
"Mortality";"Schleswig-Holstein";"Lung";"75-89";"Male";"1999";"325.11"
"Mortality";"Schleswig-Holstein";"Lung";"75-89";"Male";"2000";"431.44"
"Mortality";"Schleswig-Holstein";"Lung";"75-89";"Male";"2001";"424.07"
"Mortality";"Schleswig-Holstein";"Lung";"75-89";"Male";"2002";"348.87"
"Mortality";"Schleswig-Holstein";"Lung";"75-89";"Male";"2003";"446.15"
"Mortality";"Schleswig-Holstein";"Lung";"75-89";"Male";"2004";"401.03"
"Mortality";"Schleswig-Holstein";"Lung";"75-89";"Male";"2005";"394.68"
"Mortality";"Schleswig-Holstein";"Lung";"75-89";"Male";"2006";"381.25"
"Mortality";"Schleswig-Holstein";"Lung";"75-89";"Male";"2007";"379.93"
"Mortality";"Schleswig-Holstein";"Lung";"75-89";"Male";"2008";"330.73"
"Mortality";"Schleswig-Holstein";"Lung";"75-89";"Male";"2009";"351.02"
"Mortality";"Schleswig-Holstein";"Lung";"75-89";"Male";"2010";"377.53"
"Mortality";"Schleswig-Holstein";"Lung";"75-89";"Male";"2011";"368.33"
"Mortality";"Schleswig-Holstein";"Lung";"75-89";"Male";"2012";"323.33"
"Mortality";"Schleswig-Holstein";"Lung";"75-89";"Male";"2013";"380.44"
"Mortality";"Saarland";"Lung";"75-89";"Male";"1998";"948.93"
"Mortality";"Saarland";"Lung";"75-89";"Male";"1999";"625.43"
"Mortality";"Saarland";"Lung";"75-89";"Male";"2000";"587.05"
"Mortality";"Saarland";"Lung";"75-89";"Male";"2001";"723.03"
"Mortality";"Saarland";"Lung";"75-89";"Male";"2002";"545.99"
"Mortality";"Saarland";"Lung";"75-89";"Male";"2003";"577.58"
"Mortality";"Saarland";"Lung";"75-89";"Male";"2004";"539.25"
"Mortality";"Saarland";"Lung";"75-89";"Male";"2005";"557.41"
"Mortality";"Saarland";"Lung";"75-89";"Male";"2006";"619.94"
"Mortality";"Saarland";"Lung";"75-89";"Male";"2007";"596.42"
"Mortality";"Saarland";"Lung";"75-89";"Male";"2008";"700.40"
"Mortality";"Saarland";"Lung";"75-89";"Male";"2009";"547.95"
"Mortality";"Saarland";"Lung";"75-89";"Male";"2010";"558.03"
"Mortality";"Saarland";"Lung";"75-89";"Male";"2011";"580.44"
"Mortality";"Saarland";"Lung";"75-89";"Male";"2012";"611.06"
"Mortality";"Saarland";"Lung";"75-89";"Male";"2013";"510.48"
"Incidence";"Schleswig-Holstein";"Lung";"90-95+";"Female";"1998";"-"
"Incidence";"Schleswig-Holstein";"Lung";"90-95+";"Female";"1999";"-"
"Incidence";"Schleswig-Holstein";"Lung";"90-95+";"Female";"2000";"-"
"Incidence";"Schleswig-Holstein";"Lung";"90-95+";"Female";"2001";"-"
"Incidence";"Schleswig-Holstein";"Lung";"90-95+";"Female";"2002";"-"
"Incidence";"Schleswig-Holstein";"Lung";"90-95+";"Female";"2003";"-"
"Incidence";"Schleswig-Holstein";"Lung";"90-95+";"Female";"2004";"-"
"Incidence";"Schleswig-Holstein";"Lung";"90-95+";"Female";"2005";"-"
"Incidence";"Schleswig-Holstein";"Lung";"90-95+";"Female";"2006";"-"
"Incidence";"Schleswig-Holstein";"Lung";"90-95+";"Female";"2007";"-"
"Incidence";"Schleswig-Holstein";"Lung";"90-95+";"Female";"2008";"-"
"Incidence";"Schleswig-Holstein";"Lung";"90-95+";"Female";"2009";"-"
"Incidence";"Schleswig-Holstein";"Lung";"90-95+";"Female";"2010";"-"
"Incidence";"Schleswig-Holstein";"Lung";"90-95+";"Female";"2011";"51.31"
"Incidence";"Schleswig-Holstein";"Lung";"90-95+";"Female";"2012";"108.78"
"Incidence";"Schleswig-Holstein";"Lung";"90-95+";"Female";"2013";"89.19"
"Incidence";"Schleswig-Holstein";"Lung";"90-95+";"Male";"1998";"-"
"Incidence";"Schleswig-Holstein";"Lung";"90-95+";"Male";"1999";"-"
"Incidence";"Schleswig-Holstein";"Lung";"90-95+";"Male";"2000";"-"
"Incidence";"Schleswig-Holstein";"Lung";"90-95+";"Male";"2001";"-"
"Incidence";"Schleswig-Holstein";"Lung";"90-95+";"Male";"2002";"-"
"Incidence";"Schleswig-Holstein";"Lung";"90-95+";"Male";"2003";"-"
"Incidence";"Schleswig-Holstein";"Lung";"90-95+";"Male";"2004";"-"
"Incidence";"Schleswig-Holstein";"Lung";"90-95+";"Male";"2005";"-"
"Incidence";"Schleswig-Holstein";"Lung";"90-95+";"Male";"2006";"-"
"Incidence";"Schleswig-Holstein";"Lung";"90-95+";"Male";"2007";"-"
"Incidence";"Schleswig-Holstein";"Lung";"90-95+";"Male";"2008";"-"
"Incidence";"Schleswig-Holstein";"Lung";"90-95+";"Male";"2009";"-"
"Incidence";"Schleswig-Holstein";"Lung";"90-95+";"Male";"2010";"-"
"Incidence";"Schleswig-Holstein";"Lung";"90-95+";"Male";"2011";"207.30"
"Incidence";"Schleswig-Holstein";"Lung";"90-95+";"Male";"2012";"228.88"
"Incidence";"Schleswig-Holstein";"Lung";"90-95+";"Male";"2013";"257.02"
"Mortality";"Saarland";"Lung";"90-95+";"Female";"1998";"-"
"Mortality";"Saarland";"Lung";"90-95+";"Female";"1999";"-"
"Mortality";"Saarland";"Lung";"90-95+";"Female";"2000";"-"
"Mortality";"Saarland";"Lung";"90-95+";"Female";"2001";"-"
"Mortality";"Saarland";"Lung";"90-95+";"Female";"2002";"-"
"Mortality";"Saarland";"Lung";"90-95+";"Female";"2003";"-"
"Mortality";"Saarland";"Lung";"90-95+";"Female";"2004";"-"
"Mortality";"Saarland";"Lung";"90-95+";"Female";"2005";"-"
"Mortality";"Saarland";"Lung";"90-95+";"Female";"2006";"-"
"Mortality";"Saarland";"Lung";"90-95+";"Female";"2007";"-"
"Mortality";"Saarland";"Lung";"90-95+";"Female";"2008";"-"
"Mortality";"Saarland";"Lung";"90-95+";"Female";"2009";"-"
"Mortality";"Saarland";"Lung";"90-95+";"Female";"2010";"-"
"Mortality";"Saarland";"Lung";"90-95+";"Female";"2011";"-"
"Mortality";"Saarland";"Lung";"90-95+";"Female";"2012";"-"
"Mortality";"Saarland";"Lung";"90-95+";"Female";"2013";"-"
"Mortality";"Saarland";"Lung";"90-95+";"Male";"1998";"-"
"Mortality";"Saarland";"Lung";"90-95+";"Male";"1999";"-"
"Mortality";"Saarland";"Lung";"90-95+";"Male";"2000";"-"
"Mortality";"Saarland";"Lung";"90-95+";"Male";"2001";"-"
"Mortality";"Saarland";"Lung";"90-95+";"Male";"2002";"-"
"Mortality";"Saarland";"Lung";"90-95+";"Male";"2003";"-"
"Mortality";"Saarland";"Lung";"90-95+";"Male";"2004";"-"
"Mortality";"Saarland";"Lung";"90-95+";"Male";"2005";"-"
"Mortality";"Saarland";"Lung";"90-95+";"Male";"2006";"-"
"Mortality";"Saarland";"Lung";"90-95+";"Male";"2007";"-"
"Mortality";"Saarland";"Lung";"90-95+";"Male";"2008";"-"
"Mortality";"Saarland";"Lung";"90-95+";"Male";"2009";"-"
"Mortality";"Saarland";"Lung";"90-95+";"Male";"2010";"-"
"Mortality";"Saarland";"Lung";"90-95+";"Male";"2011";"-"
"Mortality";"Saarland";"Lung";"90-95+";"Male";"2012";"-"
"Mortality";"Saarland";"Lung";"90-95+";"Male";"2013";"-"
"Incidence";"Rhineland-Palatinate";"Lung";"90-95+";"Male";"1998";"-"
"Incidence";"Rhineland-Palatinate";"Lung";"90-95+";"Male";"1999";"-"
"Incidence";"Rhineland-Palatinate";"Lung";"90-95+";"Male";"2000";"-"
"Incidence";"Rhineland-Palatinate";"Lung";"90-95+";"Male";"2001";"-"
"Incidence";"Rhineland-Palatinate";"Lung";"90-95+";"Male";"2002";"-"
"Incidence";"Rhineland-Palatinate";"Lung";"90-95+";"Male";"2003";"-"
"Incidence";"Rhineland-Palatinate";"Lung";"90-95+";"Male";"2004";"-"
"Incidence";"Rhineland-Palatinate";"Lung";"90-95+";"Male";"2005";"-"
"Incidence";"Rhineland-Palatinate";"Lung";"90-95+";"Male";"2006";"-"
"Incidence";"Rhineland-Palatinate";"Lung";"90-95+";"Male";"2007";"-"
"Incidence";"Rhineland-Palatinate";"Lung";"90-95+";"Male";"2008";"-"
"Incidence";"Rhineland-Palatinate";"Lung";"90-95+";"Male";"2009";"-"
"Incidence";"Rhineland-Palatinate";"Lung";"90-95+";"Male";"2010";"-"
"Incidence";"Rhineland-Palatinate";"Lung";"90-95+";"Male";"2011";"-"
"Incidence";"Rhineland-Palatinate";"Lung";"90-95+";"Male";"2012";"-"
"Incidence";"Rhineland-Palatinate";"Lung";"90-95+";"Male";"2013";"-"
"Incidence";"Rhineland-Palatinate";"Lung";"90-95+";"Female";"1998";"-"
"Incidence";"Rhineland-Palatinate";"Lung";"90-95+";"Female";"1999";"-"
"Incidence";"Rhineland-Palatinate";"Lung";"90-95+";"Female";"2000";"-"
"Incidence";"Rhineland-Palatinate";"Lung";"90-95+";"Female";"2001";"-"
"Incidence";"Rhineland-Palatinate";"Lung";"90-95+";"Female";"2002";"-"
"Incidence";"Rhineland-Palatinate";"Lung";"90-95+";"Female";"2003";"-"
"Incidence";"Rhineland-Palatinate";"Lung";"90-95+";"Female";"2004";"-"
"Incidence";"Rhineland-Palatinate";"Lung";"90-95+";"Female";"2005";"-"
"Incidence";"Rhineland-Palatinate";"Lung";"90-95+";"Female";"2006";"-"
"Incidence";"Rhineland-Palatinate";"Lung";"90-95+";"Female";"2007";"-"
"Incidence";"Rhineland-Palatinate";"Lung";"90-95+";"Female";"2008";"-"
"Incidence";"Rhineland-Palatinate";"Lung";"90-95+";"Female";"2009";"-"
"Incidence";"Rhineland-Palatinate";"Lung";"90-95+";"Female";"2010";"-"
"Incidence";"Rhineland-Palatinate";"Lung";"90-95+";"Female";"2011";"-"
"Incidence";"Rhineland-Palatinate";"Lung";"90-95+";"Female";"2012";"-"
"Incidence";"Rhineland-Palatinate";"Lung";"90-95+";"Female";"2013";"-"
"Mortality";"Bremen";"Lung";"0-14";"Male";"2000";"0.00"
"Mortality";"Bremen";"Lung";"0-14";"Male";"2001";"0.00"
"Mortality";"Bremen";"Lung";"0-14";"Male";"2002";"0.00"
"Mortality";"Bremen";"Lung";"0-14";"Male";"2003";"0.00"
"Mortality";"Bremen";"Lung";"0-14";"Male";"2004";"0.00"
"Mortality";"Bremen";"Lung";"0-14";"Male";"2005";"0.00"
"Mortality";"Bremen";"Lung";"0-14";"Male";"2006";"0.00"
"Mortality";"Bremen";"Lung";"0-14";"Male";"2007";"0.00"
"Mortality";"Bremen";"Lung";"0-14";"Male";"2008";"0.00"
"Mortality";"Bremen";"Lung";"0-14";"Male";"2009";"0.00"
"Mortality";"Bremen";"Lung";"0-14";"Male";"2010";"0.00"
"Mortality";"Bremen";"Lung";"0-14";"Male";"2011";"0.00"
"Mortality";"Bremen";"Lung";"0-14";"Male";"2012";"0.00"
"Incidence";"Bremen";"Lung";"0-14";"Male";"2000";"0.00"
"Incidence";"Bremen";"Lung";"0-14";"Male";"2001";"0.00"
"Incidence";"Bremen";"Lung";"0-14";"Male";"2002";"0.00"
"Incidence";"Bremen";"Lung";"0-14";"Male";"2003";"0.00"
"Incidence";"Bremen";"Lung";"0-14";"Male";"2004";"0.00"
"Incidence";"Bremen";"Lung";"0-14";"Male";"2005";"0.00"
"Incidence";"Bremen";"Lung";"0-14";"Male";"2006";"0.00"
"Incidence";"Bremen";"Lung";"0-14";"Male";"2007";"0.00"
"Incidence";"Bremen";"Lung";"0-14";"Male";"2008";"0.00"
"Incidence";"Bremen";"Lung";"0-14";"Male";"2009";"0.00"
"Incidence";"Bremen";"Lung";"0-14";"Male";"2010";"0.00"
"Incidence";"Bremen";"Lung";"0-14";"Male";"2011";"0.00"
"Incidence";"Bremen";"Lung";"0-14";"Male";"2012";"0.00"
"Incidence";"Bremen";"Lung";"0-14";"Male";"2013";"0.00"
"Incidence";"Bremen";"Lung";"0-14";"Female";"2000";"0.00"
"Incidence";"Bremen";"Lung";"0-14";"Female";"2001";"0.00"
"Incidence";"Bremen";"Lung";"0-14";"Female";"2002";"0.00"
"Incidence";"Bremen";"Lung";"0-14";"Female";"2003";"0.00"
"Incidence";"Bremen";"Lung";"0-14";"Female";"2004";"0.00"
"Incidence";"Bremen";"Lung";"0-14";"Female";"2005";"0.00"
"Incidence";"Bremen";"Lung";"0-14";"Female";"2006";"0.00"
"Incidence";"Bremen";"Lung";"0-14";"Female";"2007";"0.00"
"Incidence";"Bremen";"Lung";"0-14";"Female";"2008";"0.00"
"Incidence";"Bremen";"Lung";"0-14";"Female";"2009";"0.00"
"Incidence";"Bremen";"Lung";"0-14";"Female";"2010";"0.00"
"Incidence";"Bremen";"Lung";"0-14";"Female";"2011";"0.00"
"Incidence";"Bremen";"Lung";"0-14";"Female";"2012";"0.00"
"Incidence";"Bremen";"Lung";"0-14";"Female";"2013";"0.00"
"Mortality";"Bremen";"Lung";"0-14";"Female";"2000";"0.00"
"Mortality";"Bremen";"Lung";"0-14";"Female";"2001";"0.00"
"Mortality";"Bremen";"Lung";"0-14";"Female";"2002";"0.00"
"Mortality";"Bremen";"Lung";"0-14";"Female";"2003";"0.00"
"Mortality";"Bremen";"Lung";"0-14";"Female";"2004";"0.00"
"Mortality";"Bremen";"Lung";"0-14";"Female";"2005";"0.00"
"Mortality";"Bremen";"Lung";"0-14";"Female";"2006";"0.00"
"Mortality";"Bremen";"Lung";"0-14";"Female";"2007";"2.44"
"Mortality";"Bremen";"Lung";"0-14";"Female";"2008";"0.00"
"Mortality";"Bremen";"Lung";"0-14";"Female";"2009";"0.00"
"Mortality";"Bremen";"Lung";"0-14";"Female";"2010";"0.00"
"Mortality";"Bremen";"Lung";"0-14";"Female";"2011";"0.00"
"Mortality";"Bremen";"Lung";"0-14";"Female";"2012";"0.00"
"Incidence";"Bremen";"Lung";"15-29";"Male";"2000";"0.00"
"Incidence";"Bremen";"Lung";"15-29";"Male";"2001";"0.00"
"Incidence";"Bremen";"Lung";"15-29";"Male";"2002";"0.00"
"Incidence";"Bremen";"Lung";"15-29";"Male";"2003";"0.00"
"Incidence";"Bremen";"Lung";"15-29";"Male";"2004";"0.00"
"Incidence";"Bremen";"Lung";"15-29";"Male";"2005";"0.00"
"Incidence";"Bremen";"Lung";"15-29";"Male";"2006";"0.00"
"Incidence";"Bremen";"Lung";"15-29";"Male";"2007";"0.00"
"Incidence";"Bremen";"Lung";"15-29";"Male";"2008";"0.00"
"Incidence";"Bremen";"Lung";"15-29";"Male";"2009";"0.00"
"Incidence";"Bremen";"Lung";"15-29";"Male";"2010";"0.00"
"Incidence";"Bremen";"Lung";"15-29";"Male";"2011";"0.00"
"Incidence";"Bremen";"Lung";"15-29";"Male";"2012";"0.00"
"Incidence";"Bremen";"Lung";"15-29";"Male";"2013";"0.00"
"Mortality";"Bremen";"Lung";"15-29";"Female";"2000";"0.00"
"Mortality";"Bremen";"Lung";"15-29";"Female";"2001";"0.00"
"Mortality";"Bremen";"Lung";"15-29";"Female";"2002";"1.78"
"Mortality";"Bremen";"Lung";"15-29";"Female";"2003";"1.74"
"Mortality";"Bremen";"Lung";"15-29";"Female";"2004";"0.00"
"Mortality";"Bremen";"Lung";"15-29";"Female";"2005";"1.67"
"Mortality";"Bremen";"Lung";"15-29";"Female";"2006";"0.00"
"Mortality";"Bremen";"Lung";"15-29";"Female";"2007";"0.00"
"Mortality";"Bremen";"Lung";"15-29";"Female";"2008";"0.00"
"Mortality";"Bremen";"Lung";"15-29";"Female";"2009";"0.00"
"Mortality";"Bremen";"Lung";"15-29";"Female";"2010";"0.00"
"Mortality";"Bremen";"Lung";"15-29";"Female";"2011";"0.00"
"Mortality";"Bremen";"Lung";"15-29";"Female";"2012";"0.00"
"Incidence";"Bremen";"Lung";"15-29";"Female";"2000";"0.00"
"Incidence";"Bremen";"Lung";"15-29";"Female";"2001";"1.79"
"Incidence";"Bremen";"Lung";"15-29";"Female";"2002";"0.00"
"Incidence";"Bremen";"Lung";"15-29";"Female";"2003";"0.00"
"Incidence";"Bremen";"Lung";"15-29";"Female";"2004";"0.00"
"Incidence";"Bremen";"Lung";"15-29";"Female";"2005";"0.00"
"Incidence";"Bremen";"Lung";"15-29";"Female";"2006";"1.64"
"Incidence";"Bremen";"Lung";"15-29";"Female";"2007";"0.00"
"Incidence";"Bremen";"Lung";"15-29";"Female";"2008";"0.00"
"Incidence";"Bremen";"Lung";"15-29";"Female";"2009";"0.00"
"Incidence";"Bremen";"Lung";"15-29";"Female";"2010";"0.00"
"Incidence";"Bremen";"Lung";"15-29";"Female";"2011";"0.00"
"Incidence";"Bremen";"Lung";"15-29";"Female";"2012";"0.00"
"Incidence";"Bremen";"Lung";"15-29";"Female";"2013";"1.65"
"Mortality";"Bremen";"Lung";"15-29";"Male";"2000";"0.00"
"Mortality";"Bremen";"Lung";"15-29";"Male";"2001";"0.00"
"Mortality";"Bremen";"Lung";"15-29";"Male";"2002";"1.78"
"Mortality";"Bremen";"Lung";"15-29";"Male";"2003";"0.00"
"Mortality";"Bremen";"Lung";"15-29";"Male";"2004";"0.00"
"Mortality";"Bremen";"Lung";"15-29";"Male";"2005";"0.00"
"Mortality";"Bremen";"Lung";"15-29";"Male";"2006";"0.00"
"Mortality";"Bremen";"Lung";"15-29";"Male";"2007";"0.00"
"Mortality";"Bremen";"Lung";"15-29";"Male";"2008";"0.00"
"Mortality";"Bremen";"Lung";"15-29";"Male";"2009";"1.62"
"Mortality";"Bremen";"Lung";"15-29";"Male";"2010";"0.00"
"Mortality";"Bremen";"Lung";"15-29";"Male";"2011";"0.00"
"Mortality";"Bremen";"Lung";"15-29";"Male";"2012";"0.00"
"Mortality";"Bremen";"Lung";"30-44";"Female";"2000";"1.32"
"Mortality";"Bremen";"Lung";"30-44";"Female";"2001";"0.00"
"Mortality";"Bremen";"Lung";"30-44";"Female";"2002";"0.00"
"Mortality";"Bremen";"Lung";"30-44";"Female";"2003";"1.35"
"Mortality";"Bremen";"Lung";"30-44";"Female";"2004";"1.37"
"Mortality";"Bremen";"Lung";"30-44";"Female";"2005";"0.00"
"Mortality";"Bremen";"Lung";"30-44";"Female";"2006";"1.41"
"Mortality";"Bremen";"Lung";"30-44";"Female";"2007";"0.00"
"Mortality";"Bremen";"Lung";"30-44";"Female";"2008";"1.47"
"Mortality";"Bremen";"Lung";"30-44";"Female";"2009";"0.00"
"Mortality";"Bremen";"Lung";"30-44";"Female";"2010";"0.00"
"Mortality";"Bremen";"Lung";"30-44";"Female";"2011";"1.56"
"Mortality";"Bremen";"Lung";"30-44";"Female";"2012";"0.00"
"Incidence";"Bremen";"Lung";"30-44";"Male";"2000";"6.13"
"Incidence";"Bremen";"Lung";"30-44";"Male";"2001";"7.38"
"Incidence";"Bremen";"Lung";"30-44";"Male";"2002";"9.91"
"Incidence";"Bremen";"Lung";"30-44";"Male";"2003";"12.48"
"Incidence";"Bremen";"Lung";"30-44";"Male";"2004";"3.79"
"Incidence";"Bremen";"Lung";"30-44";"Male";"2005";"6.42"
"Incidence";"Bremen";"Lung";"30-44";"Male";"2006";"9.13"
"Incidence";"Bremen";"Lung";"30-44";"Male";"2007";"6.66"
"Incidence";"Bremen";"Lung";"30-44";"Male";"2008";"9.53"
"Incidence";"Bremen";"Lung";"30-44";"Male";"2009";"6.97"
"Incidence";"Bremen";"Lung";"30-44";"Male";"2010";"5.71"
"Incidence";"Bremen";"Lung";"30-44";"Male";"2011";"5.84"
"Incidence";"Bremen";"Lung";"30-44";"Male";"2012";"4.45"
"Incidence";"Bremen";"Lung";"30-44";"Male";"2013";"4.60"
"Incidence";"Bremen";"Lung";"30-44";"Female";"2000";"10.53"
"Incidence";"Bremen";"Lung";"30-44";"Female";"2001";"7.95"
"Incidence";"Bremen";"Lung";"30-44";"Female";"2002";"6.68"
"Incidence";"Bremen";"Lung";"30-44";"Female";"2003";"10.76"
"Incidence";"Bremen";"Lung";"30-44";"Female";"2004";"5.47"
"Incidence";"Bremen";"Lung";"30-44";"Female";"2005";"6.95"
"Incidence";"Bremen";"Lung";"30-44";"Female";"2006";"12.72"
"Incidence";"Bremen";"Lung";"30-44";"Female";"2007";"2.88"
"Incidence";"Bremen";"Lung";"30-44";"Female";"2008";"5.89"
"Incidence";"Bremen";"Lung";"30-44";"Female";"2009";"4.51"
"Incidence";"Bremen";"Lung";"30-44";"Female";"2010";"12.28"
"Incidence";"Bremen";"Lung";"30-44";"Female";"2011";"3.12"
"Incidence";"Bremen";"Lung";"30-44";"Female";"2012";"4.73"
"Incidence";"Bremen";"Lung";"30-44";"Female";"2013";"1.61"
"Mortality";"Bremen";"Lung";"30-44";"Male";"2000";"0.00"
"Mortality";"Bremen";"Lung";"30-44";"Male";"2001";"2.46"
"Mortality";"Bremen";"Lung";"30-44";"Male";"2002";"1.24"
"Mortality";"Bremen";"Lung";"30-44";"Male";"2003";"6.24"
"Mortality";"Bremen";"Lung";"30-44";"Male";"2004";"3.79"
"Mortality";"Bremen";"Lung";"30-44";"Male";"2005";"1.28"
"Mortality";"Bremen";"Lung";"30-44";"Male";"2006";"0.00"
"Mortality";"Bremen";"Lung";"30-44";"Male";"2007";"2.66"
"Mortality";"Bremen";"Lung";"30-44";"Male";"2008";"1.36"
"Mortality";"Bremen";"Lung";"30-44";"Male";"2009";"4.18"
"Mortality";"Bremen";"Lung";"30-44";"Male";"2010";"0.00"
"Mortality";"Bremen";"Lung";"30-44";"Male";"2011";"1.46"
"Mortality";"Bremen";"Lung";"30-44";"Male";"2012";"0.00"
"Mortality";"Bremen";"Lung";"45-59";"Female";"2000";"29.14"
"Mortality";"Bremen";"Lung";"45-59";"Female";"2001";"23.22"
"Mortality";"Bremen";"Lung";"45-59";"Female";"2002";"18.65"
"Mortality";"Bremen";"Lung";"45-59";"Female";"2003";"30.90"
"Mortality";"Bremen";"Lung";"45-59";"Female";"2004";"26.09"
"Mortality";"Bremen";"Lung";"45-59";"Female";"2005";"15.11"
"Mortality";"Bremen";"Lung";"45-59";"Female";"2006";"17.82"
"Mortality";"Bremen";"Lung";"45-59";"Female";"2007";"26.40"
"Mortality";"Bremen";"Lung";"45-59";"Female";"2008";"24.61"
"Mortality";"Bremen";"Lung";"45-59";"Female";"2009";"18.65"
"Mortality";"Bremen";"Lung";"45-59";"Female";"2010";"15.64"
"Mortality";"Bremen";"Lung";"45-59";"Female";"2011";"19.71"
"Mortality";"Bremen";"Lung";"45-59";"Female";"2012";"22.29"
"Incidence";"Bremen";"Lung";"45-59";"Female";"2000";"56.76"
"Incidence";"Bremen";"Lung";"45-59";"Female";"2001";"58.83"
"Incidence";"Bremen";"Lung";"45-59";"Female";"2002";"51.28"
"Incidence";"Bremen";"Lung";"45-59";"Female";"2003";"80.34"
"Incidence";"Bremen";"Lung";"45-59";"Female";"2004";"58.31"
"Incidence";"Bremen";"Lung";"45-59";"Female";"2005";"51.37"
"Incidence";"Bremen";"Lung";"45-59";"Female";"2006";"77.22"
"Incidence";"Bremen";"Lung";"45-59";"Female";"2007";"76.26"
"Incidence";"Bremen";"Lung";"45-59";"Female";"2008";"57.91"
"Incidence";"Bremen";"Lung";"45-59";"Female";"2009";"65.99"
"Incidence";"Bremen";"Lung";"45-59";"Female";"2010";"51.19"
"Incidence";"Bremen";"Lung";"45-59";"Female";"2011";"67.56"
"Incidence";"Bremen";"Lung";"45-59";"Female";"2012";"57.11"
"Incidence";"Bremen";"Lung";"45-59";"Female";"2013";"77.87"
"Incidence";"Bremen";"Lung";"45-59";"Male";"2000";"106.85"
"Incidence";"Bremen";"Lung";"45-59";"Male";"2001";"135.02"
"Incidence";"Bremen";"Lung";"45-59";"Male";"2002";"137.84"
"Incidence";"Bremen";"Lung";"45-59";"Male";"2003";"106.54"
"Incidence";"Bremen";"Lung";"45-59";"Male";"2004";"112.70"
"Incidence";"Bremen";"Lung";"45-59";"Male";"2005";"126.74"
"Incidence";"Bremen";"Lung";"45-59";"Male";"2006";"95.78"
"Incidence";"Bremen";"Lung";"45-59";"Male";"2007";"99.10"
"Incidence";"Bremen";"Lung";"45-59";"Male";"2008";"103.68"
"Incidence";"Bremen";"Lung";"45-59";"Male";"2009";"95.10"
"Incidence";"Bremen";"Lung";"45-59";"Male";"2010";"72.11"
"Incidence";"Bremen";"Lung";"45-59";"Male";"2011";"66.47"
"Incidence";"Bremen";"Lung";"45-59";"Male";"2012";"89.81"
"Incidence";"Bremen";"Lung";"45-59";"Male";"2013";"83.28"
"Mortality";"Bremen";"Lung";"45-59";"Male";"2000";"58.00"
"Mortality";"Bremen";"Lung";"45-59";"Male";"2001";"41.90"
"Mortality";"Bremen";"Lung";"45-59";"Male";"2002";"51.69"
"Mortality";"Bremen";"Lung";"45-59";"Male";"2003";"50.14"
"Mortality";"Bremen";"Lung";"45-59";"Male";"2004";"42.26"
"Mortality";"Bremen";"Lung";"45-59";"Male";"2005";"41.73"
"Mortality";"Bremen";"Lung";"45-59";"Male";"2006";"34.97"
"Mortality";"Bremen";"Lung";"45-59";"Male";"2007";"43.54"
"Mortality";"Bremen";"Lung";"45-59";"Male";"2008";"44.43"
"Mortality";"Bremen";"Lung";"45-59";"Male";"2009";"42.43"
"Mortality";"Bremen";"Lung";"45-59";"Male";"2010";"37.50"
"Mortality";"Bremen";"Lung";"45-59";"Male";"2011";"22.63"
"Mortality";"Bremen";"Lung";"45-59";"Male";"2012";"20.73"
"Mortality";"Bremen";"Lung";"60-74";"Female";"2000";"75.88"
"Mortality";"Bremen";"Lung";"60-74";"Female";"2001";"68.57"
"Mortality";"Bremen";"Lung";"60-74";"Female";"2002";"95.89"
"Mortality";"Bremen";"Lung";"60-74";"Female";"2003";"63.23"
"Mortality";"Bremen";"Lung";"60-74";"Female";"2004";"92.48"
"Mortality";"Bremen";"Lung";"60-74";"Female";"2005";"81.64"
"Mortality";"Bremen";"Lung";"60-74";"Female";"2006";"96.92"
"Mortality";"Bremen";"Lung";"60-74";"Female";"2007";"88.54"
"Mortality";"Bremen";"Lung";"60-74";"Female";"2008";"83.16"
"Mortality";"Bremen";"Lung";"60-74";"Female";"2009";"89.32"
"Mortality";"Bremen";"Lung";"60-74";"Female";"2010";"92.75"
"Mortality";"Bremen";"Lung";"60-74";"Female";"2011";"85.16"
"Mortality";"Bremen";"Lung";"60-74";"Female";"2012";"94.14"
"Incidence";"Bremen";"Lung";"60-74";"Female";"2000";"100.62"
"Incidence";"Bremen";"Lung";"60-74";"Female";"2001";"97.96"
"Incidence";"Bremen";"Lung";"60-74";"Female";"2002";"105.64"
"Incidence";"Bremen";"Lung";"60-74";"Female";"2003";"103.77"
"Incidence";"Bremen";"Lung";"60-74";"Female";"2004";"176.84"
"Incidence";"Bremen";"Lung";"60-74";"Female";"2005";"130.63"
"Incidence";"Bremen";"Lung";"60-74";"Female";"2006";"103.49"
"Incidence";"Bremen";"Lung";"60-74";"Female";"2007";"145.93"
"Incidence";"Bremen";"Lung";"60-74";"Female";"2008";"140.24"
"Incidence";"Bremen";"Lung";"60-74";"Female";"2009";"129.93"
"Incidence";"Bremen";"Lung";"60-74";"Female";"2010";"161.09"
"Incidence";"Bremen";"Lung";"60-74";"Female";"2011";"137.56"
"Incidence";"Bremen";"Lung";"60-74";"Female";"2012";"166.80"
"Incidence";"Bremen";"Lung";"60-74";"Female";"2013";"157.02"
"Mortality";"Bremen";"Lung";"60-74";"Male";"2000";"267.44"
"Mortality";"Bremen";"Lung";"60-74";"Male";"2001";"262.47"
"Mortality";"Bremen";"Lung";"60-74";"Male";"2002";"233.35"
"Mortality";"Bremen";"Lung";"60-74";"Male";"2003";"226.64"
"Mortality";"Bremen";"Lung";"60-74";"Male";"2004";"269.11"
"Mortality";"Bremen";"Lung";"60-74";"Male";"2005";"272.89"
"Mortality";"Bremen";"Lung";"60-74";"Male";"2006";"217.06"
"Mortality";"Bremen";"Lung";"60-74";"Male";"2007";"230.01"
"Mortality";"Bremen";"Lung";"60-74";"Male";"2008";"211.88"
"Mortality";"Bremen";"Lung";"60-74";"Male";"2009";"223.14"
"Mortality";"Bremen";"Lung";"60-74";"Male";"2010";"212.21"
"Mortality";"Bremen";"Lung";"60-74";"Male";"2011";"157.35"
"Mortality";"Bremen";"Lung";"60-74";"Male";"2012";"195.21"
"Incidence";"Bremen";"Lung";"60-74";"Male";"2000";"372.44"
"Incidence";"Bremen";"Lung";"60-74";"Male";"2001";"358.26"
"Incidence";"Bremen";"Lung";"60-74";"Male";"2002";"385.77"
"Incidence";"Bremen";"Lung";"60-74";"Male";"2003";"404.98"
"Incidence";"Bremen";"Lung";"60-74";"Male";"2004";"403.67"
"Incidence";"Bremen";"Lung";"60-74";"Male";"2005";"392.74"
"Incidence";"Bremen";"Lung";"60-74";"Male";"2006";"375.26"
"Incidence";"Bremen";"Lung";"60-74";"Male";"2007";"374.22"
"Incidence";"Bremen";"Lung";"60-74";"Male";"2008";"327.77"
"Incidence";"Bremen";"Lung";"60-74";"Male";"2009";"332.91"
"Incidence";"Bremen";"Lung";"60-74";"Male";"2010";"343.49"
"Incidence";"Bremen";"Lung";"60-74";"Male";"2011";"350.88"
"Incidence";"Bremen";"Lung";"60-74";"Male";"2012";"342.98"
"Incidence";"Bremen";"Lung";"60-74";"Male";"2013";"357.50"
"Incidence";"Bremen";"Lung";"75-89";"Female";"2000";"179.45"
"Incidence";"Bremen";"Lung";"75-89";"Female";"2001";"186.24"
"Incidence";"Bremen";"Lung";"75-89";"Female";"2002";"174.76"
"Incidence";"Bremen";"Lung";"75-89";"Female";"2003";"173.55"
"Incidence";"Bremen";"Lung";"75-89";"Female";"2004";"201.78"
"Incidence";"Bremen";"Lung";"75-89";"Female";"2005";"207.67"
"Incidence";"Bremen";"Lung";"75-89";"Female";"2006";"185.22"
"Incidence";"Bremen";"Lung";"75-89";"Female";"2007";"214.72"
"Incidence";"Bremen";"Lung";"75-89";"Female";"2008";"244.92"
"Incidence";"Bremen";"Lung";"75-89";"Female";"2009";"235.84"
"Incidence";"Bremen";"Lung";"75-89";"Female";"2010";"185.41"
"Incidence";"Bremen";"Lung";"75-89";"Female";"2011";"224.72"
"Incidence";"Bremen";"Lung";"75-89";"Female";"2012";"156.43"
"Incidence";"Bremen";"Lung";"75-89";"Female";"2013";"200.26"
"Mortality";"Bremen";"Lung";"75-89";"Male";"2000";"848.91"
"Mortality";"Bremen";"Lung";"75-89";"Male";"2001";"848.73"
"Mortality";"Bremen";"Lung";"75-89";"Male";"2002";"928.06"
"Mortality";"Bremen";"Lung";"75-89";"Male";"2003";"859.19"
"Mortality";"Bremen";"Lung";"75-89";"Male";"2004";"649.86"
"Mortality";"Bremen";"Lung";"75-89";"Male";"2005";"725.78"
"Mortality";"Bremen";"Lung";"75-89";"Male";"2006";"705.24"
"Mortality";"Bremen";"Lung";"75-89";"Male";"2007";"672.90"
"Mortality";"Bremen";"Lung";"75-89";"Male";"2008";"667.94"
"Mortality";"Bremen";"Lung";"75-89";"Male";"2009";"776.22"
"Mortality";"Bremen";"Lung";"75-89";"Male";"2010";"783.55"
"Mortality";"Bremen";"Lung";"75-89";"Male";"2011";"755.25"
"Mortality";"Bremen";"Lung";"75-89";"Male";"2012";"683.62"
"Mortality";"Bremen";"Lung";"75-89";"Female";"2000";"230.73"
"Mortality";"Bremen";"Lung";"75-89";"Female";"2001";"196.98"
"Mortality";"Bremen";"Lung";"75-89";"Female";"2002";"202.73"
"Mortality";"Bremen";"Lung";"75-89";"Female";"2003";"183.75"
"Mortality";"Bremen";"Lung";"75-89";"Female";"2004";"221.95"
"Mortality";"Bremen";"Lung";"75-89";"Female";"2005";"258.73"
"Mortality";"Bremen";"Lung";"75-89";"Female";"2006";"223.67"
"Mortality";"Bremen";"Lung";"75-89";"Female";"2007";"207.57"
"Mortality";"Bremen";"Lung";"75-89";"Female";"2008";"255.89"
"Mortality";"Bremen";"Lung";"75-89";"Female";"2009";"250.58"
"Mortality";"Bremen";"Lung";"75-89";"Female";"2010";"254.49"
"Mortality";"Bremen";"Lung";"75-89";"Female";"2011";"285.36"
"Mortality";"Bremen";"Lung";"75-89";"Female";"2012";"201.62"
"Incidence";"Bremen";"Lung";"75-89";"Male";"2000";"708.72"
"Incidence";"Bremen";"Lung";"75-89";"Male";"2001";"623.40"
"Incidence";"Bremen";"Lung";"75-89";"Male";"2002";"438.85"
"Incidence";"Bremen";"Lung";"75-89";"Male";"2003";"640.98"
"Incidence";"Bremen";"Lung";"75-89";"Male";"2004";"656.36"
"Incidence";"Bremen";"Lung";"75-89";"Male";"2005";"612.18"
"Incidence";"Bremen";"Lung";"75-89";"Male";"2006";"680.27"
"Incidence";"Bremen";"Lung";"75-89";"Male";"2007";"560.75"
"Incidence";"Bremen";"Lung";"75-89";"Male";"2008";"593.73"
"Incidence";"Bremen";"Lung";"75-89";"Male";"2009";"607.74"
"Incidence";"Bremen";"Lung";"75-89";"Male";"2010";"685.60"
"Incidence";"Bremen";"Lung";"75-89";"Male";"2011";"574.65"
"Incidence";"Bremen";"Lung";"75-89";"Male";"2012";"507.54"
"Incidence";"Bremen";"Lung";"75-89";"Male";"2013";"485.36"
"Mortality";"Bremen";"Lung";"90-95+";"Male";"2000";"-"
"Mortality";"Bremen";"Lung";"90-95+";"Male";"2001";"-"
"Mortality";"Bremen";"Lung";"90-95+";"Male";"2002";"-"
"Mortality";"Bremen";"Lung";"90-95+";"Male";"2003";"-"
"Mortality";"Bremen";"Lung";"90-95+";"Male";"2004";"-"
"Mortality";"Bremen";"Lung";"90-95+";"Male";"2005";"-"
"Mortality";"Bremen";"Lung";"90-95+";"Male";"2006";"-"
"Mortality";"Bremen";"Lung";"90-95+";"Male";"2007";"-"
"Mortality";"Bremen";"Lung";"90-95+";"Male";"2008";"-"
"Mortality";"Bremen";"Lung";"90-95+";"Male";"2009";"-"
"Mortality";"Bremen";"Lung";"90-95+";"Male";"2010";"-"
"Mortality";"Bremen";"Lung";"90-95+";"Male";"2011";"-"
"Mortality";"Bremen";"Lung";"90-95+";"Male";"2012";"-"
"Incidence";"Bremen";"Lung";"90-95+";"Male";"2000";"-"
"Incidence";"Bremen";"Lung";"90-95+";"Male";"2001";"-"
"Incidence";"Bremen";"Lung";"90-95+";"Male";"2002";"-"
"Incidence";"Bremen";"Lung";"90-95+";"Male";"2003";"-"
"Incidence";"Bremen";"Lung";"90-95+";"Male";"2004";"-"
"Incidence";"Bremen";"Lung";"90-95+";"Male";"2005";"-"
"Incidence";"Bremen";"Lung";"90-95+";"Male";"2006";"-"
"Incidence";"Bremen";"Lung";"90-95+";"Male";"2007";"-"
"Incidence";"Bremen";"Lung";"90-95+";"Male";"2008";"-"
"Incidence";"Bremen";"Lung";"90-95+";"Male";"2009";"-"
"Incidence";"Bremen";"Lung";"90-95+";"Male";"2010";"-"
"Incidence";"Bremen";"Lung";"90-95+";"Male";"2011";"-"
"Incidence";"Bremen";"Lung";"90-95+";"Male";"2012";"-"
"Incidence";"Bremen";"Lung";"90-95+";"Male";"2013";"-"
"Incidence";"Bremen";"Lung";"90-95+";"Female";"2000";"-"
"Incidence";"Bremen";"Lung";"90-95+";"Female";"2001";"-"
"Incidence";"Bremen";"Lung";"90-95+";"Female";"2002";"-"
"Incidence";"Bremen";"Lung";"90-95+";"Female";"2003";"-"
"Incidence";"Bremen";"Lung";"90-95+";"Female";"2004";"-"
"Incidence";"Bremen";"Lung";"90-95+";"Female";"2005";"-"
"Incidence";"Bremen";"Lung";"90-95+";"Female";"2006";"-"
"Incidence";"Bremen";"Lung";"90-95+";"Female";"2007";"-"
"Incidence";"Bremen";"Lung";"90-95+";"Female";"2008";"-"
"Incidence";"Bremen";"Lung";"90-95+";"Female";"2009";"-"
"Incidence";"Bremen";"Lung";"90-95+";"Female";"2010";"-"
"Incidence";"Bremen";"Lung";"90-95+";"Female";"2011";"-"
"Incidence";"Bremen";"Lung";"90-95+";"Female";"2012";"-"
"Incidence";"Bremen";"Lung";"90-95+";"Female";"2013";"-"
"Mortality";"Bremen";"Lung";"90-95+";"Female";"2000";"-"
"Mortality";"Bremen";"Lung";"90-95+";"Female";"2001";"-"
"Mortality";"Bremen";"Lung";"90-95+";"Female";"2002";"-"
"Mortality";"Bremen";"Lung";"90-95+";"Female";"2003";"-"
"Mortality";"Bremen";"Lung";"90-95+";"Female";"2004";"-"
"Mortality";"Bremen";"Lung";"90-95+";"Female";"2005";"-"
"Mortality";"Bremen";"Lung";"90-95+";"Female";"2006";"-"
"Mortality";"Bremen";"Lung";"90-95+";"Female";"2007";"-"
"Mortality";"Bremen";"Lung";"90-95+";"Female";"2008";"-"
"Mortality";"Bremen";"Lung";"90-95+";"Female";"2009";"-"
"Mortality";"Bremen";"Lung";"90-95+";"Female";"2010";"-"
"Mortality";"Bremen";"Lung";"90-95+";"Female";"2011";"-"
"Mortality";"Bremen";"Lung";"90-95+";"Female";"2012";"-"
"Mortality";"Hamburg";"Lung";"0-14";"Female";"2002";"0.00"
"Mortality";"Hamburg";"Lung";"0-14";"Female";"2003";"0.00"
"Mortality";"Hamburg";"Lung";"0-14";"Female";"2004";"0.00"
"Mortality";"Hamburg";"Lung";"0-14";"Female";"2005";"0.00"
"Mortality";"Hamburg";"Lung";"0-14";"Female";"2006";"0.00"
"Mortality";"Hamburg";"Lung";"0-14";"Female";"2007";"0.00"
"Mortality";"Hamburg";"Lung";"0-14";"Female";"2008";"0.00"
"Mortality";"Hamburg";"Lung";"0-14";"Female";"2009";"0.00"
"Mortality";"Hamburg";"Lung";"0-14";"Female";"2010";"0.00"
"Mortality";"Hamburg";"Lung";"0-14";"Female";"2011";"0.00"
"Mortality";"Hamburg";"Lung";"0-14";"Female";"2012";"0.00"
"Mortality";"Hamburg";"Lung";"0-14";"Female";"2013";"0.00"
"Mortality";"Hamburg";"Lung";"0-14";"Male";"2002";"0.00"
"Mortality";"Hamburg";"Lung";"0-14";"Male";"2003";"0.00"
"Mortality";"Hamburg";"Lung";"0-14";"Male";"2004";"0.00"
"Mortality";"Hamburg";"Lung";"0-14";"Male";"2005";"0.00"
"Mortality";"Hamburg";"Lung";"0-14";"Male";"2006";"0.00"
"Mortality";"Hamburg";"Lung";"0-14";"Male";"2007";"0.00"
"Mortality";"Hamburg";"Lung";"0-14";"Male";"2008";"0.00"
"Mortality";"Hamburg";"Lung";"0-14";"Male";"2009";"0.00"
"Mortality";"Hamburg";"Lung";"0-14";"Male";"2010";"0.00"
"Mortality";"Hamburg";"Lung";"0-14";"Male";"2011";"0.00"
"Mortality";"Hamburg";"Lung";"0-14";"Male";"2012";"0.00"
"Mortality";"Hamburg";"Lung";"0-14";"Male";"2013";"0.00"
"Mortality";"Hamburg";"Lung";"15-29";"Male";"2002";"0.69"
"Mortality";"Hamburg";"Lung";"15-29";"Male";"2003";"0.00"
"Mortality";"Hamburg";"Lung";"15-29";"Male";"2004";"0.00"
"Mortality";"Hamburg";"Lung";"15-29";"Male";"2005";"0.00"
"Mortality";"Hamburg";"Lung";"15-29";"Male";"2006";"1.32"
"Mortality";"Hamburg";"Lung";"15-29";"Male";"2007";"0.00"
"Mortality";"Hamburg";"Lung";"15-29";"Male";"2008";"0.00"
"Mortality";"Hamburg";"Lung";"15-29";"Male";"2009";"0.00"
"Mortality";"Hamburg";"Lung";"15-29";"Male";"2010";"0.00"
"Mortality";"Hamburg";"Lung";"15-29";"Male";"2011";"0.00"
"Mortality";"Hamburg";"Lung";"15-29";"Male";"2012";"0.00"
"Mortality";"Hamburg";"Lung";"15-29";"Male";"2013";"0.00"
"Mortality";"Hamburg";"Lung";"15-29";"Female";"2002";"0.00"
"Mortality";"Hamburg";"Lung";"15-29";"Female";"2003";"0.00"
"Mortality";"Hamburg";"Lung";"15-29";"Female";"2004";"0.00"
"Mortality";"Hamburg";"Lung";"15-29";"Female";"2005";"0.00"
"Mortality";"Hamburg";"Lung";"15-29";"Female";"2006";"0.00"
"Mortality";"Hamburg";"Lung";"15-29";"Female";"2007";"0.62"
"Mortality";"Hamburg";"Lung";"15-29";"Female";"2008";"0.00"
"Mortality";"Hamburg";"Lung";"15-29";"Female";"2009";"0.00"
"Mortality";"Hamburg";"Lung";"15-29";"Female";"2010";"0.00"
"Mortality";"Hamburg";"Lung";"15-29";"Female";"2011";"0.00"
"Mortality";"Hamburg";"Lung";"15-29";"Female";"2012";"0.00"
"Mortality";"Hamburg";"Lung";"15-29";"Female";"2013";"0.00"
"Mortality";"Hamburg";"Lung";"30-44";"Female";"2002";"4.77"
"Mortality";"Hamburg";"Lung";"30-44";"Female";"2003";"3.36"
"Mortality";"Hamburg";"Lung";"30-44";"Female";"2004";"3.38"
"Mortality";"Hamburg";"Lung";"30-44";"Female";"2005";"3.41"
"Mortality";"Hamburg";"Lung";"30-44";"Female";"2006";"3.44"
"Mortality";"Hamburg";"Lung";"30-44";"Female";"2007";"3.46"
"Mortality";"Hamburg";"Lung";"30-44";"Female";"2008";"1.49"
"Mortality";"Hamburg";"Lung";"30-44";"Female";"2009";"3.01"
"Mortality";"Hamburg";"Lung";"30-44";"Female";"2010";"2.52"
"Mortality";"Hamburg";"Lung";"30-44";"Female";"2011";"0.51"
"Mortality";"Hamburg";"Lung";"30-44";"Female";"2012";"2.02"
"Mortality";"Hamburg";"Lung";"30-44";"Female";"2013";"3.04"
"Mortality";"Hamburg";"Lung";"30-44";"Male";"2002";"4.50"
"Mortality";"Hamburg";"Lung";"30-44";"Male";"2003";"6.81"
"Mortality";"Hamburg";"Lung";"30-44";"Male";"2004";"3.21"
"Mortality";"Hamburg";"Lung";"30-44";"Male";"2005";"6.47"
"Mortality";"Hamburg";"Lung";"30-44";"Male";"2006";"4.18"
"Mortality";"Hamburg";"Lung";"30-44";"Male";"2007";"1.87"
"Mortality";"Hamburg";"Lung";"30-44";"Male";"2008";"2.85"
"Mortality";"Hamburg";"Lung";"30-44";"Male";"2009";"2.89"
"Mortality";"Hamburg";"Lung";"30-44";"Male";"2010";"3.90"
"Mortality";"Hamburg";"Lung";"30-44";"Male";"2011";"0.49"
"Mortality";"Hamburg";"Lung";"30-44";"Male";"2012";"2.49"
"Mortality";"Hamburg";"Lung";"30-44";"Male";"2013";"2.50"
"Mortality";"Hamburg";"Lung";"45-59";"Female";"2002";"45.24"
"Mortality";"Hamburg";"Lung";"45-59";"Female";"2003";"42.77"
"Mortality";"Hamburg";"Lung";"45-59";"Female";"2004";"32.37"
"Mortality";"Hamburg";"Lung";"45-59";"Female";"2005";"37.12"
"Mortality";"Hamburg";"Lung";"45-59";"Female";"2006";"57.79"
"Mortality";"Hamburg";"Lung";"45-59";"Female";"2007";"41.99"
"Mortality";"Hamburg";"Lung";"45-59";"Female";"2008";"29.72"
"Mortality";"Hamburg";"Lung";"45-59";"Female";"2009";"39.85"
"Mortality";"Hamburg";"Lung";"45-59";"Female";"2010";"42.59"
"Mortality";"Hamburg";"Lung";"45-59";"Female";"2011";"33.74"
"Mortality";"Hamburg";"Lung";"45-59";"Female";"2012";"38.55"
"Mortality";"Hamburg";"Lung";"45-59";"Female";"2013";"35.46"
"Mortality";"Hamburg";"Lung";"45-59";"Male";"2002";"77.15"
"Mortality";"Hamburg";"Lung";"45-59";"Male";"2003";"73.78"
"Mortality";"Hamburg";"Lung";"45-59";"Male";"2004";"59.34"
"Mortality";"Hamburg";"Lung";"45-59";"Male";"2005";"63.65"
"Mortality";"Hamburg";"Lung";"45-59";"Male";"2006";"76.20"
"Mortality";"Hamburg";"Lung";"45-59";"Male";"2007";"59.36"
"Mortality";"Hamburg";"Lung";"45-59";"Male";"2008";"63.26"
"Mortality";"Hamburg";"Lung";"45-59";"Male";"2009";"65.49"
"Mortality";"Hamburg";"Lung";"45-59";"Male";"2010";"56.91"
"Mortality";"Hamburg";"Lung";"45-59";"Male";"2011";"59.49"
"Mortality";"Hamburg";"Lung";"45-59";"Male";"2012";"46.71"
"Mortality";"Hamburg";"Lung";"45-59";"Male";"2013";"43.75"
"Mortality";"Hamburg";"Lung";"60-74";"Male";"2002";"264.31"
"Mortality";"Hamburg";"Lung";"60-74";"Male";"2003";"269.47"
"Mortality";"Hamburg";"Lung";"60-74";"Male";"2004";"260.22"
"Mortality";"Hamburg";"Lung";"60-74";"Male";"2005";"279.41"
"Mortality";"Hamburg";"Lung";"60-74";"Male";"2006";"281.45"
"Mortality";"Hamburg";"Lung";"60-74";"Male";"2007";"259.70"
"Mortality";"Hamburg";"Lung";"60-74";"Male";"2008";"266.10"
"Mortality";"Hamburg";"Lung";"60-74";"Male";"2009";"215.66"
"Mortality";"Hamburg";"Lung";"60-74";"Male";"2010";"238.51"
"Mortality";"Hamburg";"Lung";"60-74";"Male";"2011";"249.24"
"Mortality";"Hamburg";"Lung";"60-74";"Male";"2012";"268.97"
"Mortality";"Hamburg";"Lung";"60-74";"Male";"2013";"248.05"
"Mortality";"Hamburg";"Lung";"60-74";"Female";"2002";"78.34"
"Mortality";"Hamburg";"Lung";"60-74";"Female";"2003";"89.90"
"Mortality";"Hamburg";"Lung";"60-74";"Female";"2004";"89.04"
"Mortality";"Hamburg";"Lung";"60-74";"Female";"2005";"91.53"
"Mortality";"Hamburg";"Lung";"60-74";"Female";"2006";"100.51"
"Mortality";"Hamburg";"Lung";"60-74";"Female";"2007";"110.76"
"Mortality";"Hamburg";"Lung";"60-74";"Female";"2008";"115.66"
"Mortality";"Hamburg";"Lung";"60-74";"Female";"2009";"124.48"
"Mortality";"Hamburg";"Lung";"60-74";"Female";"2010";"118.40"
"Mortality";"Hamburg";"Lung";"60-74";"Female";"2011";"127.42"
"Mortality";"Hamburg";"Lung";"60-74";"Female";"2012";"125.49"
"Mortality";"Hamburg";"Lung";"60-74";"Female";"2013";"118.76"
"Mortality";"Hamburg";"Lung";"75-89";"Male";"2002";"468.16"
"Mortality";"Hamburg";"Lung";"75-89";"Male";"2003";"436.88"
"Mortality";"Hamburg";"Lung";"75-89";"Male";"2004";"404.82"
"Mortality";"Hamburg";"Lung";"75-89";"Male";"2005";"513.51"
"Mortality";"Hamburg";"Lung";"75-89";"Male";"2006";"495.54"
"Mortality";"Hamburg";"Lung";"75-89";"Male";"2007";"516.95"
"Mortality";"Hamburg";"Lung";"75-89";"Male";"2008";"453.33"
"Mortality";"Hamburg";"Lung";"75-89";"Male";"2009";"419.14"
"Mortality";"Hamburg";"Lung";"75-89";"Male";"2010";"431.79"
"Mortality";"Hamburg";"Lung";"75-89";"Male";"2011";"427.43"
"Mortality";"Hamburg";"Lung";"75-89";"Male";"2012";"382.78"
"Mortality";"Hamburg";"Lung";"75-89";"Male";"2013";"368.72"
"Mortality";"Hamburg";"Lung";"75-89";"Female";"2002";"153.48"
"Mortality";"Hamburg";"Lung";"75-89";"Female";"2003";"155.96"
"Mortality";"Hamburg";"Lung";"75-89";"Female";"2004";"165.06"
"Mortality";"Hamburg";"Lung";"75-89";"Female";"2005";"169.16"
"Mortality";"Hamburg";"Lung";"75-89";"Female";"2006";"142.00"
"Mortality";"Hamburg";"Lung";"75-89";"Female";"2007";"180.44"
"Mortality";"Hamburg";"Lung";"75-89";"Female";"2008";"169.37"
"Mortality";"Hamburg";"Lung";"75-89";"Female";"2009";"161.54"
"Mortality";"Hamburg";"Lung";"75-89";"Female";"2010";"151.78"
"Mortality";"Hamburg";"Lung";"75-89";"Female";"2011";"156.61"
"Mortality";"Hamburg";"Lung";"75-89";"Female";"2012";"196.04"
"Mortality";"Hamburg";"Lung";"75-89";"Female";"2013";"165.54"
"Mortality";"Bavaria";"Lung";"0-14";"Female";"2003";"0.00"
"Mortality";"Bavaria";"Lung";"0-14";"Female";"2004";"0.00"
"Mortality";"Bavaria";"Lung";"0-14";"Female";"2005";"0.00"
"Mortality";"Bavaria";"Lung";"0-14";"Female";"2006";"0.00"
"Mortality";"Bavaria";"Lung";"0-14";"Female";"2007";"0.00"
"Mortality";"Bavaria";"Lung";"0-14";"Female";"2008";"0.00"
"Mortality";"Bavaria";"Lung";"0-14";"Female";"2009";"0.00"
"Mortality";"Bavaria";"Lung";"0-14";"Female";"2010";"0.00"
"Mortality";"Bavaria";"Lung";"0-14";"Female";"2011";"0.00"
"Mortality";"Bavaria";"Lung";"0-14";"Female";"2012";"0.12"
"Mortality";"Bavaria";"Lung";"0-14";"Female";"2013";"0.00"
"Mortality";"Lower Saxony";"Lung";"0-14";"Female";"2003";"0.00"
"Mortality";"Lower Saxony";"Lung";"0-14";"Female";"2004";"0.00"
"Mortality";"Lower Saxony";"Lung";"0-14";"Female";"2005";"0.00"
"Mortality";"Lower Saxony";"Lung";"0-14";"Female";"2006";"0.00"
"Mortality";"Lower Saxony";"Lung";"0-14";"Female";"2007";"0.00"
"Mortality";"Lower Saxony";"Lung";"0-14";"Female";"2008";"0.00"
"Mortality";"Lower Saxony";"Lung";"0-14";"Female";"2009";"0.00"
"Mortality";"Lower Saxony";"Lung";"0-14";"Female";"2010";"0.00"
"Mortality";"Lower Saxony";"Lung";"0-14";"Female";"2011";"0.00"
"Mortality";"Lower Saxony";"Lung";"0-14";"Female";"2012";"0.00"
"Mortality";"Lower Saxony";"Lung";"0-14";"Female";"2013";"0.00"
"Incidence";"Bavaria";"Lung";"0-14";"Male";"2003";"0.00"
"Incidence";"Bavaria";"Lung";"0-14";"Male";"2004";"0.00"
"Incidence";"Bavaria";"Lung";"0-14";"Male";"2005";"0.00"
"Incidence";"Bavaria";"Lung";"0-14";"Male";"2006";"0.00"
"Incidence";"Bavaria";"Lung";"0-14";"Male";"2007";"0.00"
"Incidence";"Bavaria";"Lung";"0-14";"Male";"2008";"0.00"
"Incidence";"Bavaria";"Lung";"0-14";"Male";"2009";"0.00"
"Incidence";"Bavaria";"Lung";"0-14";"Male";"2010";"0.11"
"Incidence";"Bavaria";"Lung";"0-14";"Male";"2011";"0.11"
"Incidence";"Bavaria";"Lung";"0-14";"Male";"2012";"0.00"
"Incidence";"Bavaria";"Lung";"0-14";"Male";"2013";"0.00"
"Mortality";"Bavaria";"Lung";"0-14";"Male";"2003";"0.10"
"Mortality";"Bavaria";"Lung";"0-14";"Male";"2004";"0.00"
"Mortality";"Bavaria";"Lung";"0-14";"Male";"2005";"0.00"
"Mortality";"Bavaria";"Lung";"0-14";"Male";"2006";"0.00"
"Mortality";"Bavaria";"Lung";"0-14";"Male";"2007";"0.00"
"Mortality";"Bavaria";"Lung";"0-14";"Male";"2008";"0.00"
"Mortality";"Bavaria";"Lung";"0-14";"Male";"2009";"0.00"
"Mortality";"Bavaria";"Lung";"0-14";"Male";"2010";"0.00"
"Mortality";"Bavaria";"Lung";"0-14";"Male";"2011";"0.00"
"Mortality";"Bavaria";"Lung";"0-14";"Male";"2012";"0.00"
"Mortality";"Bavaria";"Lung";"0-14";"Male";"2013";"0.00"
"Incidence";"Lower Saxony";"Lung";"0-14";"Female";"2003";"0.00"
"Incidence";"Lower Saxony";"Lung";"0-14";"Female";"2004";"0.00"
"Incidence";"Lower Saxony";"Lung";"0-14";"Female";"2005";"0.00"
"Incidence";"Lower Saxony";"Lung";"0-14";"Female";"2006";"0.00"
"Incidence";"Lower Saxony";"Lung";"0-14";"Female";"2007";"0.00"
"Incidence";"Lower Saxony";"Lung";"0-14";"Female";"2008";"0.00"
"Incidence";"Lower Saxony";"Lung";"0-14";"Female";"2009";"0.00"
"Incidence";"Lower Saxony";"Lung";"0-14";"Female";"2010";"0.00"
"Incidence";"Lower Saxony";"Lung";"0-14";"Female";"2011";"0.00"
"Incidence";"Lower Saxony";"Lung";"0-14";"Female";"2012";"0.00"
"Incidence";"Lower Saxony";"Lung";"0-14";"Female";"2013";"0.00"
"Mortality";"Lower Saxony";"Lung";"0-14";"Male";"2003";"0.15"
"Mortality";"Lower Saxony";"Lung";"0-14";"Male";"2004";"0.00"
"Mortality";"Lower Saxony";"Lung";"0-14";"Male";"2005";"0.00"
"Mortality";"Lower Saxony";"Lung";"0-14";"Male";"2006";"0.16"
"Mortality";"Lower Saxony";"Lung";"0-14";"Male";"2007";"0.00"
"Mortality";"Lower Saxony";"Lung";"0-14";"Male";"2008";"0.00"
"Mortality";"Lower Saxony";"Lung";"0-14";"Male";"2009";"0.00"
"Mortality";"Lower Saxony";"Lung";"0-14";"Male";"2010";"0.00"
"Mortality";"Lower Saxony";"Lung";"0-14";"Male";"2011";"0.18"
"Mortality";"Lower Saxony";"Lung";"0-14";"Male";"2012";"0.00"
"Mortality";"Lower Saxony";"Lung";"0-14";"Male";"2013";"0.00"
"Incidence";"Bavaria";"Lung";"0-14";"Female";"2003";"0.00"
"Incidence";"Bavaria";"Lung";"0-14";"Female";"2004";"0.00"
"Incidence";"Bavaria";"Lung";"0-14";"Female";"2005";"0.00"
"Incidence";"Bavaria";"Lung";"0-14";"Female";"2006";"0.00"
"Incidence";"Bavaria";"Lung";"0-14";"Female";"2007";"0.00"
"Incidence";"Bavaria";"Lung";"0-14";"Female";"2008";"0.00"
"Incidence";"Bavaria";"Lung";"0-14";"Female";"2009";"0.00"
"Incidence";"Bavaria";"Lung";"0-14";"Female";"2010";"0.00"
"Incidence";"Bavaria";"Lung";"0-14";"Female";"2011";"0.00"
"Incidence";"Bavaria";"Lung";"0-14";"Female";"2012";"0.00"
"Incidence";"Bavaria";"Lung";"0-14";"Female";"2013";"0.00"
"Incidence";"Lower Saxony";"Lung";"0-14";"Male";"2003";"0.00"
"Incidence";"Lower Saxony";"Lung";"0-14";"Male";"2004";"0.00"
"Incidence";"Lower Saxony";"Lung";"0-14";"Male";"2005";"0.16"
"Incidence";"Lower Saxony";"Lung";"0-14";"Male";"2006";"0.00"
"Incidence";"Lower Saxony";"Lung";"0-14";"Male";"2007";"0.16"
"Incidence";"Lower Saxony";"Lung";"0-14";"Male";"2008";"0.00"
"Incidence";"Lower Saxony";"Lung";"0-14";"Male";"2009";"0.00"
"Incidence";"Lower Saxony";"Lung";"0-14";"Male";"2010";"0.00"
"Incidence";"Lower Saxony";"Lung";"0-14";"Male";"2011";"0.00"
"Incidence";"Lower Saxony";"Lung";"0-14";"Male";"2012";"0.00"
"Incidence";"Lower Saxony";"Lung";"0-14";"Male";"2013";"0.00"
"Mortality";"Bavaria";"Lung";"15-29";"Male";"2003";"0.09"
"Mortality";"Bavaria";"Lung";"15-29";"Male";"2004";"0.00"
"Mortality";"Bavaria";"Lung";"15-29";"Male";"2005";"0.09"
"Mortality";"Bavaria";"Lung";"15-29";"Male";"2006";"0.00"
"Mortality";"Bavaria";"Lung";"15-29";"Male";"2007";"0.18"
"Mortality";"Bavaria";"Lung";"15-29";"Male";"2008";"0.00"
"Mortality";"Bavaria";"Lung";"15-29";"Male";"2009";"0.09"
"Mortality";"Bavaria";"Lung";"15-29";"Male";"2010";"0.18"
"Mortality";"Bavaria";"Lung";"15-29";"Male";"2011";"0.00"
"Mortality";"Bavaria";"Lung";"15-29";"Male";"2012";"0.18"
"Mortality";"Bavaria";"Lung";"15-29";"Male";"2013";"0.17"
"Incidence";"Bavaria";"Lung";"15-29";"Male";"2003";"0.00"
"Incidence";"Bavaria";"Lung";"15-29";"Male";"2004";"0.00"
"Incidence";"Bavaria";"Lung";"15-29";"Male";"2005";"0.36"
"Incidence";"Bavaria";"Lung";"15-29";"Male";"2006";"0.36"
"Incidence";"Bavaria";"Lung";"15-29";"Male";"2007";"0.27"
"Incidence";"Bavaria";"Lung";"15-29";"Male";"2008";"0.44"
"Incidence";"Bavaria";"Lung";"15-29";"Male";"2009";"0.44"
"Incidence";"Bavaria";"Lung";"15-29";"Male";"2010";"0.35"
"Incidence";"Bavaria";"Lung";"15-29";"Male";"2011";"0.18"
"Incidence";"Bavaria";"Lung";"15-29";"Male";"2012";"0.53"
"Incidence";"Bavaria";"Lung";"15-29";"Male";"2013";"0.35"
"Incidence";"Lower Saxony";"Lung";"15-29";"Female";"2003";"0.00"
"Incidence";"Lower Saxony";"Lung";"15-29";"Female";"2004";"0.46"
"Incidence";"Lower Saxony";"Lung";"15-29";"Female";"2005";"0.30"
"Incidence";"Lower Saxony";"Lung";"15-29";"Female";"2006";"0.30"
"Incidence";"Lower Saxony";"Lung";"15-29";"Female";"2007";"0.15"
"Incidence";"Lower Saxony";"Lung";"15-29";"Female";"2008";"0.30"
"Incidence";"Lower Saxony";"Lung";"15-29";"Female";"2009";"0.15"
"Incidence";"Lower Saxony";"Lung";"15-29";"Female";"2010";"0.30"
"Incidence";"Lower Saxony";"Lung";"15-29";"Female";"2011";"0.46"
"Incidence";"Lower Saxony";"Lung";"15-29";"Female";"2012";"0.61"
"Incidence";"Lower Saxony";"Lung";"15-29";"Female";"2013";"0.15"
"Incidence";"Lower Saxony";"Lung";"15-29";"Male";"2003";"0.15"
"Incidence";"Lower Saxony";"Lung";"15-29";"Male";"2004";"0.44"
"Incidence";"Lower Saxony";"Lung";"15-29";"Male";"2005";"0.15"
"Incidence";"Lower Saxony";"Lung";"15-29";"Male";"2006";"0.29"
"Incidence";"Lower Saxony";"Lung";"15-29";"Male";"2007";"0.29"
"Incidence";"Lower Saxony";"Lung";"15-29";"Male";"2008";"0.15"
"Incidence";"Lower Saxony";"Lung";"15-29";"Male";"2009";"0.00"
"Incidence";"Lower Saxony";"Lung";"15-29";"Male";"2010";"0.29"
"Incidence";"Lower Saxony";"Lung";"15-29";"Male";"2011";"0.14"
"Incidence";"Lower Saxony";"Lung";"15-29";"Male";"2012";"0.72"
"Incidence";"Lower Saxony";"Lung";"15-29";"Male";"2013";"0.15"
"Incidence";"Bavaria";"Lung";"15-29";"Female";"2003";"0.19"
"Incidence";"Bavaria";"Lung";"15-29";"Female";"2004";"0.37"
"Incidence";"Bavaria";"Lung";"15-29";"Female";"2005";"0.28"
"Incidence";"Bavaria";"Lung";"15-29";"Female";"2006";"0.09"
"Incidence";"Bavaria";"Lung";"15-29";"Female";"2007";"0.45"
"Incidence";"Bavaria";"Lung";"15-29";"Female";"2008";"0.18"
"Incidence";"Bavaria";"Lung";"15-29";"Female";"2009";"0.27"
"Incidence";"Bavaria";"Lung";"15-29";"Female";"2010";"0.27"
"Incidence";"Bavaria";"Lung";"15-29";"Female";"2011";"0.09"
"Incidence";"Bavaria";"Lung";"15-29";"Female";"2012";"0.46"
"Incidence";"Bavaria";"Lung";"15-29";"Female";"2013";"0.46"
"Mortality";"Lower Saxony";"Lung";"15-29";"Female";"2003";"0.00"
"Mortality";"Lower Saxony";"Lung";"15-29";"Female";"2004";"0.31"
"Mortality";"Lower Saxony";"Lung";"15-29";"Female";"2005";"0.00"
"Mortality";"Lower Saxony";"Lung";"15-29";"Female";"2006";"0.15"
"Mortality";"Lower Saxony";"Lung";"15-29";"Female";"2007";"0.00"
"Mortality";"Lower Saxony";"Lung";"15-29";"Female";"2008";"0.15"
"Mortality";"Lower Saxony";"Lung";"15-29";"Female";"2009";"0.00"
"Mortality";"Lower Saxony";"Lung";"15-29";"Female";"2010";"0.00"
"Mortality";"Lower Saxony";"Lung";"15-29";"Female";"2011";"0.00"
"Mortality";"Lower Saxony";"Lung";"15-29";"Female";"2012";"0.15"
"Mortality";"Lower Saxony";"Lung";"15-29";"Female";"2013";"0.15"
"Mortality";"Lower Saxony";"Lung";"15-29";"Male";"2003";"0.15"
"Mortality";"Lower Saxony";"Lung";"15-29";"Male";"2004";"0.15"
"Mortality";"Lower Saxony";"Lung";"15-29";"Male";"2005";"0.15"
"Mortality";"Lower Saxony";"Lung";"15-29";"Male";"2006";"0.00"
"Mortality";"Lower Saxony";"Lung";"15-29";"Male";"2007";"0.44"
"Mortality";"Lower Saxony";"Lung";"15-29";"Male";"2008";"0.29"
"Mortality";"Lower Saxony";"Lung";"15-29";"Male";"2009";"0.00"
"Mortality";"Lower Saxony";"Lung";"15-29";"Male";"2010";"0.14"
"Mortality";"Lower Saxony";"Lung";"15-29";"Male";"2011";"0.14"
"Mortality";"Lower Saxony";"Lung";"15-29";"Male";"2012";"0.43"
"Mortality";"Lower Saxony";"Lung";"15-29";"Male";"2013";"0.15"
"Mortality";"Bavaria";"Lung";"15-29";"Female";"2003";"0.09"
"Mortality";"Bavaria";"Lung";"15-29";"Female";"2004";"0.28"
"Mortality";"Bavaria";"Lung";"15-29";"Female";"2005";"0.00"
"Mortality";"Bavaria";"Lung";"15-29";"Female";"2006";"0.00"
"Mortality";"Bavaria";"Lung";"15-29";"Female";"2007";"0.18"
"Mortality";"Bavaria";"Lung";"15-29";"Female";"2008";"0.00"
"Mortality";"Bavaria";"Lung";"15-29";"Female";"2009";"0.00"
"Mortality";"Bavaria";"Lung";"15-29";"Female";"2010";"0.00"
"Mortality";"Bavaria";"Lung";"15-29";"Female";"2011";"0.09"
"Mortality";"Bavaria";"Lung";"15-29";"Female";"2012";"0.28"
"Mortality";"Bavaria";"Lung";"15-29";"Female";"2013";"0.28"
"Mortality";"Lower Saxony";"Lung";"30-44";"Female";"2003";"2.89"
"Mortality";"Lower Saxony";"Lung";"30-44";"Female";"2004";"2.39"
"Mortality";"Lower Saxony";"Lung";"30-44";"Female";"2005";"3.77"
"Mortality";"Lower Saxony";"Lung";"30-44";"Female";"2006";"2.38"
"Mortality";"Lower Saxony";"Lung";"30-44";"Female";"2007";"2.91"
"Mortality";"Lower Saxony";"Lung";"30-44";"Female";"2008";"3.60"
"Mortality";"Lower Saxony";"Lung";"30-44";"Female";"2009";"3.46"
"Mortality";"Lower Saxony";"Lung";"30-44";"Female";"2010";"2.80"
"Mortality";"Lower Saxony";"Lung";"30-44";"Female";"2011";"2.62"
"Mortality";"Lower Saxony";"Lung";"30-44";"Female";"2012";"2.02"
"Mortality";"Lower Saxony";"Lung";"30-44";"Female";"2013";"3.34"
"Incidence";"Bavaria";"Lung";"30-44";"Female";"2003";"3.50"
"Incidence";"Bavaria";"Lung";"30-44";"Female";"2004";"3.42"
"Incidence";"Bavaria";"Lung";"30-44";"Female";"2005";"3.34"
"Incidence";"Bavaria";"Lung";"30-44";"Female";"2006";"3.20"
"Incidence";"Bavaria";"Lung";"30-44";"Female";"2007";"4.64"
"Incidence";"Bavaria";"Lung";"30-44";"Female";"2008";"4.39"
"Incidence";"Bavaria";"Lung";"30-44";"Female";"2009";"3.82"
"Incidence";"Bavaria";"Lung";"30-44";"Female";"2010";"4.51"
"Incidence";"Bavaria";"Lung";"30-44";"Female";"2011";"3.19"
"Incidence";"Bavaria";"Lung";"30-44";"Female";"2012";"3.16"
"Incidence";"Bavaria";"Lung";"30-44";"Female";"2013";"3.20"
"Incidence";"Lower Saxony";"Lung";"30-44";"Male";"2003";"5.46"
"Incidence";"Lower Saxony";"Lung";"30-44";"Male";"2004";"5.87"
"Incidence";"Lower Saxony";"Lung";"30-44";"Male";"2005";"5.25"
"Incidence";"Lower Saxony";"Lung";"30-44";"Male";"2006";"5.94"
"Incidence";"Lower Saxony";"Lung";"30-44";"Male";"2007";"4.64"
"Incidence";"Lower Saxony";"Lung";"30-44";"Male";"2008";"5.03"
"Incidence";"Lower Saxony";"Lung";"30-44";"Male";"2009";"3.99"
"Incidence";"Lower Saxony";"Lung";"30-44";"Male";"2010";"4.63"
"Incidence";"Lower Saxony";"Lung";"30-44";"Male";"2011";"3.48"
"Incidence";"Lower Saxony";"Lung";"30-44";"Male";"2012";"2.78"
"Incidence";"Lower Saxony";"Lung";"30-44";"Male";"2013";"3.45"
"Incidence";"Bavaria";"Lung";"30-44";"Male";"2003";"4.51"
"Incidence";"Bavaria";"Lung";"30-44";"Male";"2004";"5.13"
"Incidence";"Bavaria";"Lung";"30-44";"Male";"2005";"5.44"
"Incidence";"Bavaria";"Lung";"30-44";"Male";"2006";"4.19"
"Incidence";"Bavaria";"Lung";"30-44";"Male";"2007";"4.35"
"Incidence";"Bavaria";"Lung";"30-44";"Male";"2008";"4.84"
"Incidence";"Bavaria";"Lung";"30-44";"Male";"2009";"4.10"
"Incidence";"Bavaria";"Lung";"30-44";"Male";"2010";"3.65"
"Incidence";"Bavaria";"Lung";"30-44";"Male";"2011";"3.97"
"Incidence";"Bavaria";"Lung";"30-44";"Male";"2012";"4.09"
"Incidence";"Bavaria";"Lung";"30-44";"Male";"2013";"3.56"
"Mortality";"Lower Saxony";"Lung";"30-44";"Male";"2003";"4.53"
"Mortality";"Lower Saxony";"Lung";"30-44";"Male";"2004";"4.30"
"Mortality";"Lower Saxony";"Lung";"30-44";"Male";"2005";"3.75"
"Mortality";"Lower Saxony";"Lung";"30-44";"Male";"2006";"3.30"
"Mortality";"Lower Saxony";"Lung";"30-44";"Male";"2007";"4.64"
"Mortality";"Lower Saxony";"Lung";"30-44";"Male";"2008";"3.86"
"Mortality";"Lower Saxony";"Lung";"30-44";"Male";"2009";"3.99"
"Mortality";"Lower Saxony";"Lung";"30-44";"Male";"2010";"2.38"
"Mortality";"Lower Saxony";"Lung";"30-44";"Male";"2011";"3.09"
"Mortality";"Lower Saxony";"Lung";"30-44";"Male";"2012";"1.32"
"Mortality";"Lower Saxony";"Lung";"30-44";"Male";"2013";"2.48"
"Incidence";"Lower Saxony";"Lung";"30-44";"Female";"2003";"3.75"
"Incidence";"Lower Saxony";"Lung";"30-44";"Female";"2004";"4.78"
"Incidence";"Lower Saxony";"Lung";"30-44";"Female";"2005";"4.21"
"Incidence";"Lower Saxony";"Lung";"30-44";"Female";"2006";"4.88"
"Incidence";"Lower Saxony";"Lung";"30-44";"Female";"2007";"5.12"
"Incidence";"Lower Saxony";"Lung";"30-44";"Female";"2008";"4.07"
"Incidence";"Lower Saxony";"Lung";"30-44";"Female";"2009";"5.31"
"Incidence";"Lower Saxony";"Lung";"30-44";"Female";"2010";"4.20"
"Incidence";"Lower Saxony";"Lung";"30-44";"Female";"2011";"4.19"
"Incidence";"Lower Saxony";"Lung";"30-44";"Female";"2012";"4.44"
"Incidence";"Lower Saxony";"Lung";"30-44";"Female";"2013";"4.59"
"Mortality";"Bavaria";"Lung";"30-44";"Female";"2003";"2.29"
"Mortality";"Bavaria";"Lung";"30-44";"Female";"2004";"1.57"
"Mortality";"Bavaria";"Lung";"30-44";"Female";"2005";"2.02"
"Mortality";"Bavaria";"Lung";"30-44";"Female";"2006";"1.78"
"Mortality";"Bavaria";"Lung";"30-44";"Female";"2007";"2.32"
"Mortality";"Bavaria";"Lung";"30-44";"Female";"2008";"2.08"
"Mortality";"Bavaria";"Lung";"30-44";"Female";"2009";"3.13"
"Mortality";"Bavaria";"Lung";"30-44";"Female";"2010";"2.25"
"Mortality";"Bavaria";"Lung";"30-44";"Female";"2011";"1.36"
"Mortality";"Bavaria";"Lung";"30-44";"Female";"2012";"1.94"
"Mortality";"Bavaria";"Lung";"30-44";"Female";"2013";"1.56"
"Mortality";"Bavaria";"Lung";"30-44";"Male";"2003";"3.80"
"Mortality";"Bavaria";"Lung";"30-44";"Male";"2004";"3.09"
"Mortality";"Bavaria";"Lung";"30-44";"Male";"2005";"3.09"
"Mortality";"Bavaria";"Lung";"30-44";"Male";"2006";"3.02"
"Mortality";"Bavaria";"Lung";"30-44";"Male";"2007";"2.74"
"Mortality";"Bavaria";"Lung";"30-44";"Male";"2008";"2.53"
"Mortality";"Bavaria";"Lung";"30-44";"Male";"2009";"2.46"
"Mortality";"Bavaria";"Lung";"30-44";"Male";"2010";"2.13"
"Mortality";"Bavaria";"Lung";"30-44";"Male";"2011";"1.75"
"Mortality";"Bavaria";"Lung";"30-44";"Male";"2012";"2.33"
"Mortality";"Bavaria";"Lung";"30-44";"Male";"2013";"1.86"
"Incidence";"Lower Saxony";"Lung";"45-59";"Female";"2003";"40.53"
"Incidence";"Lower Saxony";"Lung";"45-59";"Female";"2004";"39.27"
"Incidence";"Lower Saxony";"Lung";"45-59";"Female";"2005";"39.67"
"Incidence";"Lower Saxony";"Lung";"45-59";"Female";"2006";"42.24"
"Incidence";"Lower Saxony";"Lung";"45-59";"Female";"2007";"42.57"
"Incidence";"Lower Saxony";"Lung";"45-59";"Female";"2008";"43.21"
"Incidence";"Lower Saxony";"Lung";"45-59";"Female";"2009";"39.79"
"Incidence";"Lower Saxony";"Lung";"45-59";"Female";"2010";"41.36"
"Incidence";"Lower Saxony";"Lung";"45-59";"Female";"2011";"48.64"
"Incidence";"Lower Saxony";"Lung";"45-59";"Female";"2012";"50.70"
"Incidence";"Lower Saxony";"Lung";"45-59";"Female";"2013";"51.32"
"Incidence";"Lower Saxony";"Lung";"45-59";"Male";"2003";"79.49"
"Incidence";"Lower Saxony";"Lung";"45-59";"Male";"2004";"74.74"
"Incidence";"Lower Saxony";"Lung";"45-59";"Male";"2005";"80.05"
"Incidence";"Lower Saxony";"Lung";"45-59";"Male";"2006";"75.40"
"Incidence";"Lower Saxony";"Lung";"45-59";"Male";"2007";"75.45"
"Incidence";"Lower Saxony";"Lung";"45-59";"Male";"2008";"75.95"
"Incidence";"Lower Saxony";"Lung";"45-59";"Male";"2009";"74.26"
"Incidence";"Lower Saxony";"Lung";"45-59";"Male";"2010";"68.20"
"Incidence";"Lower Saxony";"Lung";"45-59";"Male";"2011";"60.82"
"Incidence";"Lower Saxony";"Lung";"45-59";"Male";"2012";"58.24"
"Incidence";"Lower Saxony";"Lung";"45-59";"Male";"2013";"70.55"
"Incidence";"Bavaria";"Lung";"45-59";"Male";"2003";"64.15"
"Incidence";"Bavaria";"Lung";"45-59";"Male";"2004";"58.18"
"Incidence";"Bavaria";"Lung";"45-59";"Male";"2005";"59.93"
"Incidence";"Bavaria";"Lung";"45-59";"Male";"2006";"60.34"
"Incidence";"Bavaria";"Lung";"45-59";"Male";"2007";"57.65"
"Incidence";"Bavaria";"Lung";"45-59";"Male";"2008";"54.96"
"Incidence";"Bavaria";"Lung";"45-59";"Male";"2009";"52.97"
"Incidence";"Bavaria";"Lung";"45-59";"Male";"2010";"51.89"
"Incidence";"Bavaria";"Lung";"45-59";"Male";"2011";"53.48"
"Incidence";"Bavaria";"Lung";"45-59";"Male";"2012";"48.10"
"Incidence";"Bavaria";"Lung";"45-59";"Male";"2013";"47.21"
"Mortality";"Lower Saxony";"Lung";"45-59";"Female";"2003";"27.70"
"Mortality";"Lower Saxony";"Lung";"45-59";"Female";"2004";"29.32"
"Mortality";"Lower Saxony";"Lung";"45-59";"Female";"2005";"32.20"
"Mortality";"Lower Saxony";"Lung";"45-59";"Female";"2006";"28.16"
"Mortality";"Lower Saxony";"Lung";"45-59";"Female";"2007";"31.29"
"Mortality";"Lower Saxony";"Lung";"45-59";"Female";"2008";"30.55"
"Mortality";"Lower Saxony";"Lung";"45-59";"Female";"2009";"29.70"
"Mortality";"Lower Saxony";"Lung";"45-59";"Female";"2010";"29.17"
"Mortality";"Lower Saxony";"Lung";"45-59";"Female";"2011";"31.87"
"Mortality";"Lower Saxony";"Lung";"45-59";"Female";"2012";"34.24"
"Mortality";"Lower Saxony";"Lung";"45-59";"Female";"2013";"35.11"
"Mortality";"Lower Saxony";"Lung";"45-59";"Male";"2003";"61.51"
"Mortality";"Lower Saxony";"Lung";"45-59";"Male";"2004";"62.26"
"Mortality";"Lower Saxony";"Lung";"45-59";"Male";"2005";"58.96"
"Mortality";"Lower Saxony";"Lung";"45-59";"Male";"2006";"58.54"
"Mortality";"Lower Saxony";"Lung";"45-59";"Male";"2007";"59.39"
"Mortality";"Lower Saxony";"Lung";"45-59";"Male";"2008";"55.71"
"Mortality";"Lower Saxony";"Lung";"45-59";"Male";"2009";"54.75"
"Mortality";"Lower Saxony";"Lung";"45-59";"Male";"2010";"54.99"
"Mortality";"Lower Saxony";"Lung";"45-59";"Male";"2011";"47.87"
"Mortality";"Lower Saxony";"Lung";"45-59";"Male";"2012";"48.23"
"Mortality";"Lower Saxony";"Lung";"45-59";"Male";"2013";"49.45"
"Mortality";"Bavaria";"Lung";"45-59";"Female";"2003";"19.78"
"Mortality";"Bavaria";"Lung";"45-59";"Female";"2004";"20.69"
"Mortality";"Bavaria";"Lung";"45-59";"Female";"2005";"24.11"
"Mortality";"Bavaria";"Lung";"45-59";"Female";"2006";"24.29"
"Mortality";"Bavaria";"Lung";"45-59";"Female";"2007";"21.13"
"Mortality";"Bavaria";"Lung";"45-59";"Female";"2008";"23.69"
"Mortality";"Bavaria";"Lung";"45-59";"Female";"2009";"21.53"
"Mortality";"Bavaria";"Lung";"45-59";"Female";"2010";"21.05"
"Mortality";"Bavaria";"Lung";"45-59";"Female";"2011";"22.02"
"Mortality";"Bavaria";"Lung";"45-59";"Female";"2012";"22.84"
"Mortality";"Bavaria";"Lung";"45-59";"Female";"2013";"21.82"
"Mortality";"Bavaria";"Lung";"45-59";"Male";"2003";"47.63"
"Mortality";"Bavaria";"Lung";"45-59";"Male";"2004";"44.40"
"Mortality";"Bavaria";"Lung";"45-59";"Male";"2005";"41.78"
"Mortality";"Bavaria";"Lung";"45-59";"Male";"2006";"45.43"
"Mortality";"Bavaria";"Lung";"45-59";"Male";"2007";"43.24"
"Mortality";"Bavaria";"Lung";"45-59";"Male";"2008";"40.94"
"Mortality";"Bavaria";"Lung";"45-59";"Male";"2009";"37.17"
"Mortality";"Bavaria";"Lung";"45-59";"Male";"2010";"33.77"
"Mortality";"Bavaria";"Lung";"45-59";"Male";"2011";"38.42"
"Mortality";"Bavaria";"Lung";"45-59";"Male";"2012";"34.41"
"Mortality";"Bavaria";"Lung";"45-59";"Male";"2013";"33.74"
"Incidence";"Bavaria";"Lung";"45-59";"Female";"2003";"32.57"
"Incidence";"Bavaria";"Lung";"45-59";"Female";"2004";"32.28"
"Incidence";"Bavaria";"Lung";"45-59";"Female";"2005";"36.65"
"Incidence";"Bavaria";"Lung";"45-59";"Female";"2006";"31.55"
"Incidence";"Bavaria";"Lung";"45-59";"Female";"2007";"35.70"
"Incidence";"Bavaria";"Lung";"45-59";"Female";"2008";"31.89"
"Incidence";"Bavaria";"Lung";"45-59";"Female";"2009";"33.79"
"Incidence";"Bavaria";"Lung";"45-59";"Female";"2010";"31.65"
"Incidence";"Bavaria";"Lung";"45-59";"Female";"2011";"33.06"
"Incidence";"Bavaria";"Lung";"45-59";"Female";"2012";"34.02"
"Incidence";"Bavaria";"Lung";"45-59";"Female";"2013";"35.72"
"Incidence";"Lower Saxony";"Lung";"60-74";"Male";"2003";"296.83"
"Incidence";"Lower Saxony";"Lung";"60-74";"Male";"2004";"290.14"
"Incidence";"Lower Saxony";"Lung";"60-74";"Male";"2005";"280.77"
"Incidence";"Lower Saxony";"Lung";"60-74";"Male";"2006";"278.78"
"Incidence";"Lower Saxony";"Lung";"60-74";"Male";"2007";"270.74"
"Incidence";"Lower Saxony";"Lung";"60-74";"Male";"2008";"287.10"
"Incidence";"Lower Saxony";"Lung";"60-74";"Male";"2009";"281.23"
"Incidence";"Lower Saxony";"Lung";"60-74";"Male";"2010";"283.22"
"Incidence";"Lower Saxony";"Lung";"60-74";"Male";"2011";"262.38"
"Incidence";"Lower Saxony";"Lung";"60-74";"Male";"2012";"255.13"
"Incidence";"Lower Saxony";"Lung";"60-74";"Male";"2013";"290.84"
"Mortality";"Lower Saxony";"Lung";"60-74";"Male";"2003";"227.21"
"Mortality";"Lower Saxony";"Lung";"60-74";"Male";"2004";"235.39"
"Mortality";"Lower Saxony";"Lung";"60-74";"Male";"2005";"236.54"
"Mortality";"Lower Saxony";"Lung";"60-74";"Male";"2006";"217.62"
"Mortality";"Lower Saxony";"Lung";"60-74";"Male";"2007";"228.20"
"Mortality";"Lower Saxony";"Lung";"60-74";"Male";"2008";"223.81"
"Mortality";"Lower Saxony";"Lung";"60-74";"Male";"2009";"226.48"
"Mortality";"Lower Saxony";"Lung";"60-74";"Male";"2010";"223.28"
"Mortality";"Lower Saxony";"Lung";"60-74";"Male";"2011";"221.57"
"Mortality";"Lower Saxony";"Lung";"60-74";"Male";"2012";"227.74"
"Mortality";"Lower Saxony";"Lung";"60-74";"Male";"2013";"220.86"
"Mortality";"Bavaria";"Lung";"60-74";"Male";"2003";"183.64"
"Mortality";"Bavaria";"Lung";"60-74";"Male";"2004";"181.93"
"Mortality";"Bavaria";"Lung";"60-74";"Male";"2005";"171.08"
"Mortality";"Bavaria";"Lung";"60-74";"Male";"2006";"174.37"
"Mortality";"Bavaria";"Lung";"60-74";"Male";"2007";"166.46"
"Mortality";"Bavaria";"Lung";"60-74";"Male";"2008";"169.35"
"Mortality";"Bavaria";"Lung";"60-74";"Male";"2009";"169.75"
"Mortality";"Bavaria";"Lung";"60-74";"Male";"2010";"169.36"
"Mortality";"Bavaria";"Lung";"60-74";"Male";"2011";"169.42"
"Mortality";"Bavaria";"Lung";"60-74";"Male";"2012";"164.65"
"Mortality";"Bavaria";"Lung";"60-74";"Male";"2013";"166.24"
"Mortality";"Lower Saxony";"Lung";"60-74";"Female";"2003";"61.33"
"Mortality";"Lower Saxony";"Lung";"60-74";"Female";"2004";"59.12"
"Mortality";"Lower Saxony";"Lung";"60-74";"Female";"2005";"63.25"
"Mortality";"Lower Saxony";"Lung";"60-74";"Female";"2006";"70.29"
"Mortality";"Lower Saxony";"Lung";"60-74";"Female";"2007";"70.55"
"Mortality";"Lower Saxony";"Lung";"60-74";"Female";"2008";"72.73"
"Mortality";"Lower Saxony";"Lung";"60-74";"Female";"2009";"81.34"
"Mortality";"Lower Saxony";"Lung";"60-74";"Female";"2010";"82.30"
"Mortality";"Lower Saxony";"Lung";"60-74";"Female";"2011";"88.35"
"Mortality";"Lower Saxony";"Lung";"60-74";"Female";"2012";"96.13"
"Mortality";"Lower Saxony";"Lung";"60-74";"Female";"2013";"98.67"
"Incidence";"Bavaria";"Lung";"60-74";"Male";"2003";"231.26"
"Incidence";"Bavaria";"Lung";"60-74";"Male";"2004";"219.83"
"Incidence";"Bavaria";"Lung";"60-74";"Male";"2005";"214.78"
"Incidence";"Bavaria";"Lung";"60-74";"Male";"2006";"225.86"
"Incidence";"Bavaria";"Lung";"60-74";"Male";"2007";"209.76"
"Incidence";"Bavaria";"Lung";"60-74";"Male";"2008";"222.35"
"Incidence";"Bavaria";"Lung";"60-74";"Male";"2009";"217.30"
"Incidence";"Bavaria";"Lung";"60-74";"Male";"2010";"213.98"
"Incidence";"Bavaria";"Lung";"60-74";"Male";"2011";"208.77"
"Incidence";"Bavaria";"Lung";"60-74";"Male";"2012";"208.91"
"Incidence";"Bavaria";"Lung";"60-74";"Male";"2013";"213.43"
"Incidence";"Bavaria";"Lung";"60-74";"Female";"2003";"63.28"
"Incidence";"Bavaria";"Lung";"60-74";"Female";"2004";"68.12"
"Incidence";"Bavaria";"Lung";"60-74";"Female";"2005";"61.27"
"Incidence";"Bavaria";"Lung";"60-74";"Female";"2006";"68.34"
"Incidence";"Bavaria";"Lung";"60-74";"Female";"2007";"73.06"
"Incidence";"Bavaria";"Lung";"60-74";"Female";"2008";"83.22"
"Incidence";"Bavaria";"Lung";"60-74";"Female";"2009";"87.13"
"Incidence";"Bavaria";"Lung";"60-74";"Female";"2010";"90.00"
"Incidence";"Bavaria";"Lung";"60-74";"Female";"2011";"92.07"
"Incidence";"Bavaria";"Lung";"60-74";"Female";"2012";"96.86"
"Incidence";"Bavaria";"Lung";"60-74";"Female";"2013";"102.96"
"Incidence";"Lower Saxony";"Lung";"60-74";"Female";"2003";"74.08"
"Incidence";"Lower Saxony";"Lung";"60-74";"Female";"2004";"76.69"
"Incidence";"Lower Saxony";"Lung";"60-74";"Female";"2005";"85.10"
"Incidence";"Lower Saxony";"Lung";"60-74";"Female";"2006";"94.78"
"Incidence";"Lower Saxony";"Lung";"60-74";"Female";"2007";"93.39"
"Incidence";"Lower Saxony";"Lung";"60-74";"Female";"2008";"100.85"
"Incidence";"Lower Saxony";"Lung";"60-74";"Female";"2009";"111.54"
"Incidence";"Lower Saxony";"Lung";"60-74";"Female";"2010";"110.58"
"Incidence";"Lower Saxony";"Lung";"60-74";"Female";"2011";"110.69"
"Incidence";"Lower Saxony";"Lung";"60-74";"Female";"2012";"125.66"
"Incidence";"Lower Saxony";"Lung";"60-74";"Female";"2013";"127.23"
"Mortality";"Bavaria";"Lung";"60-74";"Female";"2003";"46.19"
"Mortality";"Bavaria";"Lung";"60-74";"Female";"2004";"52.53"
"Mortality";"Bavaria";"Lung";"60-74";"Female";"2005";"48.70"
"Mortality";"Bavaria";"Lung";"60-74";"Female";"2006";"49.54"
"Mortality";"Bavaria";"Lung";"60-74";"Female";"2007";"54.94"
"Mortality";"Bavaria";"Lung";"60-74";"Female";"2008";"57.56"
"Mortality";"Bavaria";"Lung";"60-74";"Female";"2009";"60.74"
"Mortality";"Bavaria";"Lung";"60-74";"Female";"2010";"70.09"
"Mortality";"Bavaria";"Lung";"60-74";"Female";"2011";"74.25"
"Mortality";"Bavaria";"Lung";"60-74";"Female";"2012";"75.52"
"Mortality";"Bavaria";"Lung";"60-74";"Female";"2013";"73.37"
"Incidence";"Bavaria";"Lung";"75-89";"Male";"2003";"345.31"
"Incidence";"Bavaria";"Lung";"75-89";"Male";"2004";"361.24"
"Incidence";"Bavaria";"Lung";"75-89";"Male";"2005";"348.55"
"Incidence";"Bavaria";"Lung";"75-89";"Male";"2006";"343.06"
"Incidence";"Bavaria";"Lung";"75-89";"Male";"2007";"332.54"
"Incidence";"Bavaria";"Lung";"75-89";"Male";"2008";"348.90"
"Incidence";"Bavaria";"Lung";"75-89";"Male";"2009";"311.97"
"Incidence";"Bavaria";"Lung";"75-89";"Male";"2010";"302.75"
"Incidence";"Bavaria";"Lung";"75-89";"Male";"2011";"292.84"
"Incidence";"Bavaria";"Lung";"75-89";"Male";"2012";"285.66"
"Incidence";"Bavaria";"Lung";"75-89";"Male";"2013";"276.15"
"Mortality";"Bavaria";"Lung";"75-89";"Male";"2003";"319.79"
"Mortality";"Bavaria";"Lung";"75-89";"Male";"2004";"326.90"
"Mortality";"Bavaria";"Lung";"75-89";"Male";"2005";"309.89"
"Mortality";"Bavaria";"Lung";"75-89";"Male";"2006";"312.81"
"Mortality";"Bavaria";"Lung";"75-89";"Male";"2007";"299.92"
"Mortality";"Bavaria";"Lung";"75-89";"Male";"2008";"315.62"
"Mortality";"Bavaria";"Lung";"75-89";"Male";"2009";"296.79"
"Mortality";"Bavaria";"Lung";"75-89";"Male";"2010";"287.18"
"Mortality";"Bavaria";"Lung";"75-89";"Male";"2011";"275.14"
"Mortality";"Bavaria";"Lung";"75-89";"Male";"2012";"260.75"
"Mortality";"Bavaria";"Lung";"75-89";"Male";"2013";"263.83"
"Mortality";"Bavaria";"Lung";"75-89";"Female";"2003";"68.64"
"Mortality";"Bavaria";"Lung";"75-89";"Female";"2004";"77.18"
"Mortality";"Bavaria";"Lung";"75-89";"Female";"2005";"80.03"
"Mortality";"Bavaria";"Lung";"75-89";"Female";"2006";"82.17"
"Mortality";"Bavaria";"Lung";"75-89";"Female";"2007";"77.59"
"Mortality";"Bavaria";"Lung";"75-89";"Female";"2008";"86.11"
"Mortality";"Bavaria";"Lung";"75-89";"Female";"2009";"81.98"
"Mortality";"Bavaria";"Lung";"75-89";"Female";"2010";"91.39"
"Mortality";"Bavaria";"Lung";"75-89";"Female";"2011";"91.56"
"Mortality";"Bavaria";"Lung";"75-89";"Female";"2012";"85.81"
"Mortality";"Bavaria";"Lung";"75-89";"Female";"2013";"90.04"
"Mortality";"Lower Saxony";"Lung";"75-89";"Male";"2003";"416.27"
"Mortality";"Lower Saxony";"Lung";"75-89";"Male";"2004";"426.29"
"Mortality";"Lower Saxony";"Lung";"75-89";"Male";"2005";"445.01"
"Mortality";"Lower Saxony";"Lung";"75-89";"Male";"2006";"405.70"
"Mortality";"Lower Saxony";"Lung";"75-89";"Male";"2007";"419.23"
"Mortality";"Lower Saxony";"Lung";"75-89";"Male";"2008";"430.77"
"Mortality";"Lower Saxony";"Lung";"75-89";"Male";"2009";"390.38"
"Mortality";"Lower Saxony";"Lung";"75-89";"Male";"2010";"379.70"
"Mortality";"Lower Saxony";"Lung";"75-89";"Male";"2011";"375.32"
"Mortality";"Lower Saxony";"Lung";"75-89";"Male";"2012";"397.19"
"Mortality";"Lower Saxony";"Lung";"75-89";"Male";"2013";"342.11"
"Mortality";"Lower Saxony";"Lung";"75-89";"Female";"2003";"98.33"
"Mortality";"Lower Saxony";"Lung";"75-89";"Female";"2004";"97.42"
"Mortality";"Lower Saxony";"Lung";"75-89";"Female";"2005";"93.28"
"Mortality";"Lower Saxony";"Lung";"75-89";"Female";"2006";"94.00"
"Mortality";"Lower Saxony";"Lung";"75-89";"Female";"2007";"105.86"
"Mortality";"Lower Saxony";"Lung";"75-89";"Female";"2008";"94.90"
"Mortality";"Lower Saxony";"Lung";"75-89";"Female";"2009";"100.22"
"Mortality";"Lower Saxony";"Lung";"75-89";"Female";"2010";"106.45"
"Mortality";"Lower Saxony";"Lung";"75-89";"Female";"2011";"119.31"
"Mortality";"Lower Saxony";"Lung";"75-89";"Female";"2012";"114.51"
"Mortality";"Lower Saxony";"Lung";"75-89";"Female";"2013";"99.82"
"Incidence";"Bavaria";"Lung";"75-89";"Female";"2003";"79.96"
"Incidence";"Bavaria";"Lung";"75-89";"Female";"2004";"85.11"
"Incidence";"Bavaria";"Lung";"75-89";"Female";"2005";"88.51"
"Incidence";"Bavaria";"Lung";"75-89";"Female";"2006";"91.01"
"Incidence";"Bavaria";"Lung";"75-89";"Female";"2007";"84.82"
"Incidence";"Bavaria";"Lung";"75-89";"Female";"2008";"95.24"
"Incidence";"Bavaria";"Lung";"75-89";"Female";"2009";"96.47"
"Incidence";"Bavaria";"Lung";"75-89";"Female";"2010";"94.74"
"Incidence";"Bavaria";"Lung";"75-89";"Female";"2011";"97.46"
"Incidence";"Bavaria";"Lung";"75-89";"Female";"2012";"96.77"
"Incidence";"Bavaria";"Lung";"75-89";"Female";"2013";"94.45"
"Incidence";"Lower Saxony";"Lung";"75-89";"Male";"2003";"544.22"
"Incidence";"Lower Saxony";"Lung";"75-89";"Male";"2004";"570.05"
"Incidence";"Lower Saxony";"Lung";"75-89";"Male";"2005";"572.91"
"Incidence";"Lower Saxony";"Lung";"75-89";"Male";"2006";"541.45"
"Incidence";"Lower Saxony";"Lung";"75-89";"Male";"2007";"541.04"
"Incidence";"Lower Saxony";"Lung";"75-89";"Male";"2008";"536.97"
"Incidence";"Lower Saxony";"Lung";"75-89";"Male";"2009";"509.57"
"Incidence";"Lower Saxony";"Lung";"75-89";"Male";"2010";"509.18"
"Incidence";"Lower Saxony";"Lung";"75-89";"Male";"2011";"482.11"
"Incidence";"Lower Saxony";"Lung";"75-89";"Male";"2012";"489.14"
"Incidence";"Lower Saxony";"Lung";"75-89";"Male";"2013";"472.93"
"Incidence";"Lower Saxony";"Lung";"75-89";"Female";"2003";"132.05"
"Incidence";"Lower Saxony";"Lung";"75-89";"Female";"2004";"119.62"
"Incidence";"Lower Saxony";"Lung";"75-89";"Female";"2005";"130.84"
"Incidence";"Lower Saxony";"Lung";"75-89";"Female";"2006";"141.94"
"Incidence";"Lower Saxony";"Lung";"75-89";"Female";"2007";"143.15"
"Incidence";"Lower Saxony";"Lung";"75-89";"Female";"2008";"154.54"
"Incidence";"Lower Saxony";"Lung";"75-89";"Female";"2009";"142.62"
"Incidence";"Lower Saxony";"Lung";"75-89";"Female";"2010";"155.55"
"Incidence";"Lower Saxony";"Lung";"75-89";"Female";"2011";"148.44"
"Incidence";"Lower Saxony";"Lung";"75-89";"Female";"2012";"165.13"
"Incidence";"Lower Saxony";"Lung";"75-89";"Female";"2013";"175.92"
"Incidence";"Bavaria";"Lung";"90-95+";"Female";"2003";"62.36"
"Incidence";"Bavaria";"Lung";"90-95+";"Female";"2004";"61.63"
"Incidence";"Bavaria";"Lung";"90-95+";"Female";"2005";"60.27"
"Incidence";"Bavaria";"Lung";"90-95+";"Female";"2006";"91.18"
"Incidence";"Bavaria";"Lung";"90-95+";"Female";"2007";"95.38"
"Incidence";"Bavaria";"Lung";"90-95+";"Female";"2008";"78.26"
"Incidence";"Bavaria";"Lung";"90-95+";"Female";"2009";"58.63"
"Incidence";"Bavaria";"Lung";"90-95+";"Female";"2010";"49.78"
"Incidence";"Bavaria";"Lung";"90-95+";"Female";"2011";"65.53"
"Incidence";"Bavaria";"Lung";"90-95+";"Female";"2012";"64.20"
"Incidence";"Bavaria";"Lung";"90-95+";"Female";"2013";"71.78"
"Incidence";"Lower Saxony";"Lung";"90-95+";"Male";"2003";"-"
"Incidence";"Lower Saxony";"Lung";"90-95+";"Male";"2004";"-"
"Incidence";"Lower Saxony";"Lung";"90-95+";"Male";"2005";"-"
"Incidence";"Lower Saxony";"Lung";"90-95+";"Male";"2006";"-"
"Incidence";"Lower Saxony";"Lung";"90-95+";"Male";"2007";"-"
"Incidence";"Lower Saxony";"Lung";"90-95+";"Male";"2008";"-"
"Incidence";"Lower Saxony";"Lung";"90-95+";"Male";"2009";"-"
"Incidence";"Lower Saxony";"Lung";"90-95+";"Male";"2010";"-"
"Incidence";"Lower Saxony";"Lung";"90-95+";"Male";"2011";"-"
"Incidence";"Lower Saxony";"Lung";"90-95+";"Male";"2012";"-"
"Incidence";"Lower Saxony";"Lung";"90-95+";"Male";"2013";"-"
"Incidence";"Bavaria";"Lung";"90-95+";"Male";"2003";"213.76"
"Incidence";"Bavaria";"Lung";"90-95+";"Male";"2004";"194.68"
"Incidence";"Bavaria";"Lung";"90-95+";"Male";"2005";"220.09"
"Incidence";"Bavaria";"Lung";"90-95+";"Male";"2006";"161.72"
"Incidence";"Bavaria";"Lung";"90-95+";"Male";"2007";"173.17"
"Incidence";"Bavaria";"Lung";"90-95+";"Male";"2008";"174.83"
"Incidence";"Bavaria";"Lung";"90-95+";"Male";"2009";"213.98"
"Incidence";"Bavaria";"Lung";"90-95+";"Male";"2010";"225.18"
"Incidence";"Bavaria";"Lung";"90-95+";"Male";"2011";"216.27"
"Incidence";"Bavaria";"Lung";"90-95+";"Male";"2012";"232.42"
"Incidence";"Bavaria";"Lung";"90-95+";"Male";"2013";"159.26"
"Incidence";"Lower Saxony";"Lung";"90-95+";"Female";"2003";"-"
"Incidence";"Lower Saxony";"Lung";"90-95+";"Female";"2004";"-"
"Incidence";"Lower Saxony";"Lung";"90-95+";"Female";"2005";"-"
"Incidence";"Lower Saxony";"Lung";"90-95+";"Female";"2006";"-"
"Incidence";"Lower Saxony";"Lung";"90-95+";"Female";"2007";"-"
"Incidence";"Lower Saxony";"Lung";"90-95+";"Female";"2008";"-"
"Incidence";"Lower Saxony";"Lung";"90-95+";"Female";"2009";"-"
"Incidence";"Lower Saxony";"Lung";"90-95+";"Female";"2010";"-"
"Incidence";"Lower Saxony";"Lung";"90-95+";"Female";"2011";"-"
"Incidence";"Lower Saxony";"Lung";"90-95+";"Female";"2012";"-"
"Incidence";"Lower Saxony";"Lung";"90-95+";"Female";"2013";"-"
"Mortality";"Bavaria";"Lung";"90-95+";"Female";"2003";"71.95"
"Mortality";"Bavaria";"Lung";"90-95+";"Female";"2004";"43.14"
"Mortality";"Bavaria";"Lung";"90-95+";"Female";"2005";"60.27"
"Mortality";"Bavaria";"Lung";"90-95+";"Female";"2006";"75.09"
"Mortality";"Bavaria";"Lung";"90-95+";"Female";"2007";"101.10"
"Mortality";"Bavaria";"Lung";"90-95+";"Female";"2008";"66.22"
"Mortality";"Bavaria";"Lung";"90-95+";"Female";"2009";"58.63"
"Mortality";"Bavaria";"Lung";"90-95+";"Female";"2010";"56.41"
"Mortality";"Bavaria";"Lung";"90-95+";"Female";"2011";"65.53"
"Mortality";"Bavaria";"Lung";"90-95+";"Female";"2012";"86.05"
"Mortality";"Bavaria";"Lung";"90-95+";"Female";"2013";"83.53"
"Mortality";"Bavaria";"Lung";"90-95+";"Male";"2003";"213.76"
"Mortality";"Bavaria";"Lung";"90-95+";"Male";"2004";"162.23"
"Mortality";"Bavaria";"Lung";"90-95+";"Male";"2005";"249.44"
"Mortality";"Bavaria";"Lung";"90-95+";"Male";"2006";"198.24"
"Mortality";"Bavaria";"Lung";"90-95+";"Male";"2007";"183.99"
"Mortality";"Bavaria";"Lung";"90-95+";"Male";"2008";"174.83"
"Mortality";"Bavaria";"Lung";"90-95+";"Male";"2009";"169.20"
"Mortality";"Bavaria";"Lung";"90-95+";"Male";"2010";"246.83"
"Mortality";"Bavaria";"Lung";"90-95+";"Male";"2011";"226.32"
"Mortality";"Bavaria";"Lung";"90-95+";"Male";"2012";"241.71"
"Mortality";"Bavaria";"Lung";"90-95+";"Male";"2013";"154.83"
"Incidence";"Hessen";"Lung";"0-14";"Female";"2008";"0.00"
"Incidence";"Hessen";"Lung";"0-14";"Female";"2009";"0.00"
"Incidence";"Hessen";"Lung";"0-14";"Female";"2010";"0.00"
"Incidence";"Hessen";"Lung";"0-14";"Female";"2011";"0.00"
"Incidence";"Hessen";"Lung";"0-14";"Female";"2012";"0.00"
"Incidence";"Hessen";"Lung";"0-14";"Female";"2013";"0.00"
"Incidence";"Hessen";"Lung";"0-14";"Male";"2008";"0.00"
"Incidence";"Hessen";"Lung";"0-14";"Male";"2009";"0.00"
"Incidence";"Hessen";"Lung";"0-14";"Male";"2010";"0.00"
"Incidence";"Hessen";"Lung";"0-14";"Male";"2011";"0.00"
"Incidence";"Hessen";"Lung";"0-14";"Male";"2012";"0.00"
"Incidence";"Hessen";"Lung";"0-14";"Male";"2013";"0.00"
"Mortality";"Hessen";"Lung";"0-14";"Male";"2008";"0.00"
"Mortality";"Hessen";"Lung";"0-14";"Male";"2009";"0.00"
"Mortality";"Hessen";"Lung";"0-14";"Male";"2010";"0.00"
"Mortality";"Hessen";"Lung";"0-14";"Male";"2011";"0.00"
"Mortality";"Hessen";"Lung";"0-14";"Male";"2012";"0.00"
"Mortality";"Hessen";"Lung";"0-14";"Male";"2013";"0.00"
"Mortality";"Hessen";"Lung";"0-14";"Female";"2008";"0.00"
"Mortality";"Hessen";"Lung";"0-14";"Female";"2009";"0.00"
"Mortality";"Hessen";"Lung";"0-14";"Female";"2010";"0.00"
"Mortality";"Hessen";"Lung";"0-14";"Female";"2011";"0.00"
"Mortality";"Hessen";"Lung";"0-14";"Female";"2012";"0.00"
"Mortality";"Hessen";"Lung";"0-14";"Female";"2013";"0.00"
"Incidence";"Hessen";"Lung";"15-29";"Male";"2008";"0.77"
"Incidence";"Hessen";"Lung";"15-29";"Male";"2009";"0.39"
"Incidence";"Hessen";"Lung";"15-29";"Male";"2010";"0.19"
"Incidence";"Hessen";"Lung";"15-29";"Male";"2011";"0.58"
"Incidence";"Hessen";"Lung";"15-29";"Male";"2012";"0.19"
"Incidence";"Hessen";"Lung";"15-29";"Male";"2013";"0.00"
"Incidence";"Hessen";"Lung";"15-29";"Female";"2008";"0.00"
"Incidence";"Hessen";"Lung";"15-29";"Female";"2009";"0.20"
"Incidence";"Hessen";"Lung";"15-29";"Female";"2010";"0.20"
"Incidence";"Hessen";"Lung";"15-29";"Female";"2011";"0.00"
"Incidence";"Hessen";"Lung";"15-29";"Female";"2012";"0.20"
"Incidence";"Hessen";"Lung";"15-29";"Female";"2013";"0.39"
"Mortality";"Hessen";"Lung";"15-29";"Male";"2008";"0.19"
"Mortality";"Hessen";"Lung";"15-29";"Male";"2009";"0.19"
"Mortality";"Hessen";"Lung";"15-29";"Male";"2010";"0.19"
"Mortality";"Hessen";"Lung";"15-29";"Male";"2011";"0.19"
"Mortality";"Hessen";"Lung";"15-29";"Male";"2012";"0.00"
"Mortality";"Hessen";"Lung";"15-29";"Male";"2013";"0.19"
"Mortality";"Hessen";"Lung";"15-29";"Female";"2008";"0.00"
"Mortality";"Hessen";"Lung";"15-29";"Female";"2009";"0.00"
"Mortality";"Hessen";"Lung";"15-29";"Female";"2010";"0.00"
"Mortality";"Hessen";"Lung";"15-29";"Female";"2011";"0.00"
"Mortality";"Hessen";"Lung";"15-29";"Female";"2012";"0.00"
"Mortality";"Hessen";"Lung";"15-29";"Female";"2013";"0.00"
"Incidence";"Hessen";"Lung";"30-44";"Female";"2008";"5.48"
"Incidence";"Hessen";"Lung";"30-44";"Female";"2009";"4.85"
"Incidence";"Hessen";"Lung";"30-44";"Female";"2010";"4.32"
"Incidence";"Hessen";"Lung";"30-44";"Female";"2011";"5.89"
"Incidence";"Hessen";"Lung";"30-44";"Female";"2012";"2.83"
"Incidence";"Hessen";"Lung";"30-44";"Female";"2013";"3.21"
"Incidence";"Hessen";"Lung";"30-44";"Male";"2008";"5.70"
"Incidence";"Hessen";"Lung";"30-44";"Male";"2009";"3.71"
"Incidence";"Hessen";"Lung";"30-44";"Male";"2010";"4.60"
"Incidence";"Hessen";"Lung";"30-44";"Male";"2011";"3.65"
"Incidence";"Hessen";"Lung";"30-44";"Male";"2012";"3.88"
"Incidence";"Hessen";"Lung";"30-44";"Male";"2013";"2.74"
"Mortality";"Hessen";"Lung";"30-44";"Male";"2008";"2.85"
"Mortality";"Hessen";"Lung";"30-44";"Male";"2009";"4.33"
"Mortality";"Hessen";"Lung";"30-44";"Male";"2010";"3.49"
"Mortality";"Hessen";"Lung";"30-44";"Male";"2011";"1.49"
"Mortality";"Hessen";"Lung";"30-44";"Male";"2012";"2.19"
"Mortality";"Hessen";"Lung";"30-44";"Male";"2013";"2.05"
"Mortality";"Hessen";"Lung";"30-44";"Female";"2008";"2.29"
"Mortality";"Hessen";"Lung";"30-44";"Female";"2009";"2.35"
"Mortality";"Hessen";"Lung";"30-44";"Female";"2010";"3.20"
"Mortality";"Hessen";"Lung";"30-44";"Female";"2011";"3.11"
"Mortality";"Hessen";"Lung";"30-44";"Female";"2012";"3.33"
"Mortality";"Hessen";"Lung";"30-44";"Female";"2013";"1.52"
"Incidence";"Hessen";"Lung";"45-59";"Male";"2008";"60.39"
"Incidence";"Hessen";"Lung";"45-59";"Male";"2009";"56.57"
"Incidence";"Hessen";"Lung";"45-59";"Male";"2010";"50.92"
"Incidence";"Hessen";"Lung";"45-59";"Male";"2011";"51.91"
"Incidence";"Hessen";"Lung";"45-59";"Male";"2012";"50.20"
"Incidence";"Hessen";"Lung";"45-59";"Male";"2013";"41.33"
"Incidence";"Hessen";"Lung";"45-59";"Female";"2008";"42.60"
"Incidence";"Hessen";"Lung";"45-59";"Female";"2009";"38.79"
"Incidence";"Hessen";"Lung";"45-59";"Female";"2010";"39.51"
"Incidence";"Hessen";"Lung";"45-59";"Female";"2011";"37.92"
"Incidence";"Hessen";"Lung";"45-59";"Female";"2012";"38.44"
"Incidence";"Hessen";"Lung";"45-59";"Female";"2013";"36.98"
"Mortality";"Hessen";"Lung";"45-59";"Male";"2008";"44.43"
"Mortality";"Hessen";"Lung";"45-59";"Male";"2009";"46.17"
"Mortality";"Hessen";"Lung";"45-59";"Male";"2010";"37.54"
"Mortality";"Hessen";"Lung";"45-59";"Male";"2011";"41.67"
"Mortality";"Hessen";"Lung";"45-59";"Male";"2012";"42.00"
"Mortality";"Hessen";"Lung";"45-59";"Male";"2013";"40.77"
"Mortality";"Hessen";"Lung";"45-59";"Female";"2008";"29.80"
"Mortality";"Hessen";"Lung";"45-59";"Female";"2009";"28.13"
"Mortality";"Hessen";"Lung";"45-59";"Female";"2010";"28.87"
"Mortality";"Hessen";"Lung";"45-59";"Female";"2011";"31.26"
"Mortality";"Hessen";"Lung";"45-59";"Female";"2012";"32.74"
"Mortality";"Hessen";"Lung";"45-59";"Female";"2013";"28.71"
"Mortality";"Hessen";"Lung";"60-74";"Male";"2008";"198.59"
"Mortality";"Hessen";"Lung";"60-74";"Male";"2009";"203.79"
"Mortality";"Hessen";"Lung";"60-74";"Male";"2010";"194.23"
"Mortality";"Hessen";"Lung";"60-74";"Male";"2011";"189.27"
"Mortality";"Hessen";"Lung";"60-74";"Male";"2012";"186.09"
"Mortality";"Hessen";"Lung";"60-74";"Male";"2013";"194.74"
"Incidence";"Hessen";"Lung";"60-74";"Male";"2008";"256.50"
"Incidence";"Hessen";"Lung";"60-74";"Male";"2009";"235.99"
"Incidence";"Hessen";"Lung";"60-74";"Male";"2010";"233.81"
"Incidence";"Hessen";"Lung";"60-74";"Male";"2011";"231.45"
"Incidence";"Hessen";"Lung";"60-74";"Male";"2012";"229.97"
"Incidence";"Hessen";"Lung";"60-74";"Male";"2013";"224.45"
"Incidence";"Hessen";"Lung";"60-74";"Female";"2008";"89.91"
"Incidence";"Hessen";"Lung";"60-74";"Female";"2009";"97.23"
"Incidence";"Hessen";"Lung";"60-74";"Female";"2010";"90.35"
"Incidence";"Hessen";"Lung";"60-74";"Female";"2011";"98.75"
"Incidence";"Hessen";"Lung";"60-74";"Female";"2012";"108.51"
"Incidence";"Hessen";"Lung";"60-74";"Female";"2013";"111.07"
"Mortality";"Hessen";"Lung";"60-74";"Female";"2008";"70.12"
"Mortality";"Hessen";"Lung";"60-74";"Female";"2009";"79.88"
"Mortality";"Hessen";"Lung";"60-74";"Female";"2010";"74.40"
"Mortality";"Hessen";"Lung";"60-74";"Female";"2011";"82.00"
"Mortality";"Hessen";"Lung";"60-74";"Female";"2012";"79.27"
"Mortality";"Hessen";"Lung";"60-74";"Female";"2013";"96.20"
"Mortality";"Hessen";"Lung";"75-89";"Male";"2008";"348.86"
"Mortality";"Hessen";"Lung";"75-89";"Male";"2009";"313.24"
"Mortality";"Hessen";"Lung";"75-89";"Male";"2010";"352.26"
"Mortality";"Hessen";"Lung";"75-89";"Male";"2011";"348.62"
"Mortality";"Hessen";"Lung";"75-89";"Male";"2012";"327.35"
"Mortality";"Hessen";"Lung";"75-89";"Male";"2013";"312.45"
"Incidence";"Hessen";"Lung";"75-89";"Male";"2008";"402.23"
"Incidence";"Hessen";"Lung";"75-89";"Male";"2009";"369.04"
"Incidence";"Hessen";"Lung";"75-89";"Male";"2010";"382.45"
"Incidence";"Hessen";"Lung";"75-89";"Male";"2011";"378.29"
"Incidence";"Hessen";"Lung";"75-89";"Male";"2012";"350.02"
"Incidence";"Hessen";"Lung";"75-89";"Male";"2013";"324.59"
"Incidence";"Hessen";"Lung";"75-89";"Female";"2008";"104.12"
"Incidence";"Hessen";"Lung";"75-89";"Female";"2009";"108.82"
"Incidence";"Hessen";"Lung";"75-89";"Female";"2010";"113.92"
"Incidence";"Hessen";"Lung";"75-89";"Female";"2011";"101.15"
"Incidence";"Hessen";"Lung";"75-89";"Female";"2012";"108.07"
"Incidence";"Hessen";"Lung";"75-89";"Female";"2013";"124.62"
"Mortality";"Hessen";"Lung";"75-89";"Female";"2008";"85.58"
"Mortality";"Hessen";"Lung";"75-89";"Female";"2009";"97.51"
"Mortality";"Hessen";"Lung";"75-89";"Female";"2010";"102.06"
"Mortality";"Hessen";"Lung";"75-89";"Female";"2011";"92.28"
"Mortality";"Hessen";"Lung";"75-89";"Female";"2012";"98.72"
"Mortality";"Hessen";"Lung";"75-89";"Female";"2013";"116.42"
"Incidence";"Hessen";"Lung";"90-95+";"Female";"2008";"51.55"
"Incidence";"Hessen";"Lung";"90-95+";"Female";"2009";"88.83"
"Incidence";"Hessen";"Lung";"90-95+";"Female";"2010";"73.39"
"Incidence";"Hessen";"Lung";"90-95+";"Female";"2011";"72.28"
"Incidence";"Hessen";"Lung";"90-95+";"Female";"2012";"73.24"
"Incidence";"Hessen";"Lung";"90-95+";"Female";"2013";"114.68"
"Incidence";"Hessen";"Lung";"90-95+";"Male";"2008";"148.29"
"Incidence";"Hessen";"Lung";"90-95+";"Male";"2009";"204.75"
"Incidence";"Hessen";"Lung";"90-95+";"Male";"2010";"164.90"
"Incidence";"Hessen";"Lung";"90-95+";"Male";"2011";"231.81"
"Incidence";"Hessen";"Lung";"90-95+";"Male";"2012";"312.33"
"Incidence";"Hessen";"Lung";"90-95+";"Male";"2013";"358.42"
"Mortality";"Hessen";"Lung";"90-95+";"Female";"2008";"51.55"
"Mortality";"Hessen";"Lung";"90-95+";"Female";"2009";"62.51"
"Mortality";"Hessen";"Lung";"90-95+";"Female";"2010";"70.46"
"Mortality";"Hessen";"Lung";"90-95+";"Female";"2011";"57.83"
"Mortality";"Hessen";"Lung";"90-95+";"Female";"2012";"86.80"
"Mortality";"Hessen";"Lung";"90-95+";"Female";"2013";"99.05"
"Mortality";"Hessen";"Lung";"90-95+";"Male";"2008";"104.68"
"Mortality";"Hessen";"Lung";"90-95+";"Male";"2009";"155.61"
"Mortality";"Hessen";"Lung";"90-95+";"Male";"2010";"164.90"
"Mortality";"Hessen";"Lung";"90-95+";"Male";"2011";"211.65"
"Mortality";"Hessen";"Lung";"90-95+";"Male";"2012";"284.77"
"Mortality";"Hessen";"Lung";"90-95+";"Male";"2013";"340.94"
"Mortality";"North Rhine-Westphalia";"Lung";"0-14";"Female";"2011";"0.00"
"Mortality";"North Rhine-Westphalia";"Lung";"0-14";"Female";"2012";"0.34"
"Mortality";"North Rhine-Westphalia";"Lung";"0-14";"Female";"2013";"0.00"
"Mortality";"North Rhine-Westphalia";"Lung";"0-14";"Male";"2011";"0.00"
"Mortality";"North Rhine-Westphalia";"Lung";"0-14";"Male";"2012";"0.24"
"Mortality";"North Rhine-Westphalia";"Lung";"0-14";"Male";"2013";"0.00"
"Mortality";"Brandenburg-Berlin(*)";"Lung";"0-14";"Male";"2011";"0.00"
"Mortality";"Brandenburg-Berlin(*)";"Lung";"0-14";"Male";"2012";"0.00"
"Mortality";"Brandenburg-Berlin(*)";"Lung";"0-14";"Male";"2013";"0.00"
"Mortality";"Brandenburg-Berlin(*)";"Lung";"0-14";"Female";"2011";"0.00"
"Mortality";"Brandenburg-Berlin(*)";"Lung";"0-14";"Female";"2012";"0.00"
"Mortality";"Brandenburg-Berlin(*)";"Lung";"0-14";"Female";"2013";"0.00"
"Mortality";"North Rhine-Westphalia";"Lung";"15-29";"Male";"2011";"0.19"
"Mortality";"North Rhine-Westphalia";"Lung";"15-29";"Male";"2012";"0.19"
"Mortality";"North Rhine-Westphalia";"Lung";"15-29";"Male";"2013";"0.32"
"Mortality";"Brandenburg-Berlin(*)";"Lung";"15-29";"Male";"2011";"0.10"
"Mortality";"Brandenburg-Berlin(*)";"Lung";"15-29";"Male";"2012";"0.10"
"Mortality";"Brandenburg-Berlin(*)";"Lung";"15-29";"Male";"2013";"0.00"
"Mortality";"North Rhine-Westphalia";"Lung";"15-29";"Female";"2011";"0.20"
"Mortality";"North Rhine-Westphalia";"Lung";"15-29";"Female";"2012";"0.20"
"Mortality";"North Rhine-Westphalia";"Lung";"15-29";"Female";"2013";"0.07"
"Mortality";"Brandenburg-Berlin(*)";"Lung";"15-29";"Female";"2011";"0.31"
"Mortality";"Brandenburg-Berlin(*)";"Lung";"15-29";"Female";"2012";"0.00"
"Mortality";"Brandenburg-Berlin(*)";"Lung";"15-29";"Female";"2013";"0.11"
"Mortality";"Brandenburg-Berlin(*)";"Lung";"30-44";"Male";"2011";"1.92"
"Mortality";"Brandenburg-Berlin(*)";"Lung";"30-44";"Male";"2012";"1.01"
"Mortality";"Brandenburg-Berlin(*)";"Lung";"30-44";"Male";"2013";"1.84"
"Mortality";"North Rhine-Westphalia";"Lung";"30-44";"Female";"2011";"3.21"
"Mortality";"North Rhine-Westphalia";"Lung";"30-44";"Female";"2012";"2.37"
"Mortality";"North Rhine-Westphalia";"Lung";"30-44";"Female";"2013";"1.70"
"Mortality";"North Rhine-Westphalia";"Lung";"30-44";"Male";"2011";"3.44"
"Mortality";"North Rhine-Westphalia";"Lung";"30-44";"Male";"2012";"3.22"
"Mortality";"North Rhine-Westphalia";"Lung";"30-44";"Male";"2013";"2.81"
"Mortality";"Brandenburg-Berlin(*)";"Lung";"30-44";"Female";"2011";"1.13"
"Mortality";"Brandenburg-Berlin(*)";"Lung";"30-44";"Female";"2012";"1.40"
"Mortality";"Brandenburg-Berlin(*)";"Lung";"30-44";"Female";"2013";"1.05"
"Mortality";"North Rhine-Westphalia";"Lung";"45-59";"Male";"2011";"56.71"
"Mortality";"North Rhine-Westphalia";"Lung";"45-59";"Male";"2012";"53.25"
"Mortality";"North Rhine-Westphalia";"Lung";"45-59";"Male";"2013";"52.73"
"Mortality";"North Rhine-Westphalia";"Lung";"45-59";"Female";"2011";"40.10"
"Mortality";"North Rhine-Westphalia";"Lung";"45-59";"Female";"2012";"37.73"
"Mortality";"North Rhine-Westphalia";"Lung";"45-59";"Female";"2013";"39.41"
"Mortality";"Brandenburg-Berlin(*)";"Lung";"45-59";"Male";"2011";"29.81"
"Mortality";"Brandenburg-Berlin(*)";"Lung";"45-59";"Male";"2012";"27.72"
"Mortality";"Brandenburg-Berlin(*)";"Lung";"45-59";"Male";"2013";"28.72"
"Mortality";"Brandenburg-Berlin(*)";"Lung";"45-59";"Female";"2011";"16.52"
"Mortality";"Brandenburg-Berlin(*)";"Lung";"45-59";"Female";"2012";"14.02"
"Mortality";"Brandenburg-Berlin(*)";"Lung";"45-59";"Female";"2013";"17.04"
"Mortality";"Brandenburg-Berlin(*)";"Lung";"60-74";"Male";"2011";"122.29"
"Mortality";"Brandenburg-Berlin(*)";"Lung";"60-74";"Male";"2012";"119.69"
"Mortality";"Brandenburg-Berlin(*)";"Lung";"60-74";"Male";"2013";"117.09"
"Mortality";"Brandenburg-Berlin(*)";"Lung";"60-74";"Female";"2011";"48.87"
"Mortality";"Brandenburg-Berlin(*)";"Lung";"60-74";"Female";"2012";"50.22"
"Mortality";"Brandenburg-Berlin(*)";"Lung";"60-74";"Female";"2013";"50.54"
"Mortality";"North Rhine-Westphalia";"Lung";"60-74";"Female";"2011";"101.28"
"Mortality";"North Rhine-Westphalia";"Lung";"60-74";"Female";"2012";"109.40"
"Mortality";"North Rhine-Westphalia";"Lung";"60-74";"Female";"2013";"117.51"
"Mortality";"North Rhine-Westphalia";"Lung";"60-74";"Male";"2011";"252.75"
"Mortality";"North Rhine-Westphalia";"Lung";"60-74";"Male";"2012";"256.57"
"Mortality";"North Rhine-Westphalia";"Lung";"60-74";"Male";"2013";"247.86"
"Mortality";"North Rhine-Westphalia";"Lung";"75-89";"Male";"2011";"548.20"
"Mortality";"North Rhine-Westphalia";"Lung";"75-89";"Male";"2012";"525.89"
"Mortality";"North Rhine-Westphalia";"Lung";"75-89";"Male";"2013";"515.47"
"Mortality";"North Rhine-Westphalia";"Lung";"75-89";"Female";"2011";"175.67"
"Mortality";"North Rhine-Westphalia";"Lung";"75-89";"Female";"2012";"182.40"
"Mortality";"North Rhine-Westphalia";"Lung";"75-89";"Female";"2013";"171.13"
"Mortality";"Brandenburg-Berlin(*)";"Lung";"75-89";"Female";"2011";"68.68"
"Mortality";"Brandenburg-Berlin(*)";"Lung";"75-89";"Female";"2012";"74.59"
"Mortality";"Brandenburg-Berlin(*)";"Lung";"75-89";"Female";"2013";"71.75"
"Mortality";"Brandenburg-Berlin(*)";"Lung";"75-89";"Male";"2011";"222.01"
"Mortality";"Brandenburg-Berlin(*)";"Lung";"75-89";"Male";"2012";"228.29"
"Mortality";"Brandenburg-Berlin(*)";"Lung";"75-89";"Male";"2013";"208.19"
"Mortality";"North Rhine-Westphalia";"Lung";"90-95+";"Female";"2011";"-"
"Mortality";"North Rhine-Westphalia";"Lung";"90-95+";"Female";"2012";"-"
"Mortality";"North Rhine-Westphalia";"Lung";"90-95+";"Female";"2013";"-"
"Mortality";"North Rhine-Westphalia";"Lung";"90-95+";"Male";"2011";"-"
"Mortality";"North Rhine-Westphalia";"Lung";"90-95+";"Male";"2012";"-"
"Mortality";"North Rhine-Westphalia";"Lung";"90-95+";"Male";"2013";"-"
"Mortality";"Brandenburg-Berlin(*)";"Lung";"90-95+";"Male";"2011";"158.45"
"Mortality";"Brandenburg-Berlin(*)";"Lung";"90-95+";"Male";"2012";"195.59"
"Mortality";"Brandenburg-Berlin(*)";"Lung";"90-95+";"Male";"2013";"145.00"
"Mortality";"Brandenburg-Berlin(*)";"Lung";"90-95+";"Female";"2011";"64.28"
"Mortality";"Brandenburg-Berlin(*)";"Lung";"90-95+";"Female";"2012";"61.38"
"Mortality";"Brandenburg-Berlin(*)";"Lung";"90-95+";"Female";"2013";"64.93"
"Mortality";"Baden-Württemberg";"Lung";"0-14";"Female";"2013";"0.00"
"Mortality";"Baden-Württemberg";"Lung";"0-14";"Male";"2013";"0.00"
"Mortality";"Baden-Württemberg";"Lung";"15-29";"Male";"2013";"0.00"
"Mortality";"Baden-Württemberg";"Lung";"15-29";"Female";"2013";"0.00"
"Mortality";"Baden-Württemberg";"Lung";"30-44";"Male";"2013";"2.06"
"Mortality";"Baden-Württemberg";"Lung";"30-44";"Female";"2013";"0.69"
"Mortality";"Baden-Württemberg";"Lung";"45-59";"Female";"2013";"21.90"
"Mortality";"Baden-Württemberg";"Lung";"45-59";"Male";"2013";"34.00"
"Mortality";"Baden-Württemberg";"Lung";"60-74";"Male";"2013";"169.51"
"Mortality";"Baden-Württemberg";"Lung";"60-74";"Female";"2013";"72.89"
"Mortality";"Baden-Württemberg";"Lung";"75-89";"Female";"2013";"88.04"
"Mortality";"Baden-Württemberg";"Lung";"75-89";"Male";"2013";"269.57"

Historical data: Incidence/mortality trends by age
Incidence and mortality, 11 registries, Both sexes, Lung, 0 to 85+ years, by 15 years age groups

Notes:
"Brandenburg-Berlin(*): Data under age 18 years is not available. WARNING: Incidence rates including age ranges under 20 years are underestimated and not comparable to those of other registries (see Database description)."

Source: ECIS - European Cancer Information System
From https://ecis.jrc.ec.europa.eu, accessed on 28-03-2026
(c) European Union, 2026