"Indicator";"Registry";"Cancer";"Age";"Sex";"Year";"Age-specific Rate"
"Incidence";"Tarragona";"Lung";"0-14";"Male";"1983";"0.00"
"Incidence";"Tarragona";"Lung";"0-14";"Male";"1984";"0.00"
"Incidence";"Tarragona";"Lung";"0-14";"Male";"1985";"0.00"
"Incidence";"Tarragona";"Lung";"0-14";"Male";"1986";"0.00"
"Incidence";"Tarragona";"Lung";"0-14";"Male";"1987";"0.00"
"Incidence";"Tarragona";"Lung";"0-14";"Male";"1988";"0.00"
"Incidence";"Tarragona";"Lung";"0-14";"Male";"1989";"0.00"
"Incidence";"Tarragona";"Lung";"0-14";"Male";"1990";"0.00"
"Incidence";"Tarragona";"Lung";"0-14";"Male";"1991";"0.00"
"Incidence";"Tarragona";"Lung";"0-14";"Male";"1992";"0.00"
"Incidence";"Tarragona";"Lung";"0-14";"Male";"1993";"0.00"
"Incidence";"Tarragona";"Lung";"0-14";"Male";"1994";"0.00"
"Incidence";"Tarragona";"Lung";"0-14";"Male";"1995";"0.00"
"Incidence";"Tarragona";"Lung";"0-14";"Male";"1996";"0.00"
"Incidence";"Tarragona";"Lung";"0-14";"Male";"1997";"0.00"
"Incidence";"Tarragona";"Lung";"0-14";"Male";"1998";"0.00"
"Incidence";"Tarragona";"Lung";"0-14";"Male";"1999";"0.00"
"Incidence";"Tarragona";"Lung";"0-14";"Male";"2000";"0.00"
"Incidence";"Tarragona";"Lung";"0-14";"Male";"2001";"0.00"
"Incidence";"Tarragona";"Lung";"0-14";"Male";"2002";"0.00"
"Incidence";"Tarragona";"Lung";"0-14";"Male";"2003";"0.00"
"Incidence";"Tarragona";"Lung";"0-14";"Male";"2004";"0.00"
"Incidence";"Tarragona";"Lung";"0-14";"Male";"2005";"0.00"
"Incidence";"Tarragona";"Lung";"0-14";"Male";"2006";"0.00"
"Incidence";"Tarragona";"Lung";"0-14";"Male";"2007";"0.00"
"Incidence";"Tarragona";"Lung";"0-14";"Male";"2008";"0.00"
"Incidence";"Tarragona";"Lung";"0-14";"Male";"2009";"0.00"
"Incidence";"Tarragona";"Lung";"0-14";"Male";"2010";"0.00"
"Incidence";"Tarragona";"Lung";"0-14";"Male";"2011";"0.00"
"Incidence";"Tarragona";"Lung";"0-14";"Male";"2012";"0.00"
"Incidence";"Tarragona";"Lung";"0-14";"Male";"2013";"0.00"
"Incidence";"Tarragona";"Lung";"0-14";"Male";"2014";"0.00"
"Incidence";"Tarragona";"Lung";"0-14";"Male";"2015";"0.00"
"Incidence";"Tarragona";"Lung";"0-14";"Male";"2016";"0.00"
"Incidence";"Tarragona";"Lung";"0-14";"Male";"2017";"0.00"
"Incidence";"Tarragona";"Lung";"0-14";"Male";"2018";"0.00"
"Incidence";"Tarragona";"Lung";"0-14";"Male";"2019";"0.00"
"Incidence";"Navarra";"Lung";"0-14";"Male";"1983";"0.00"
"Incidence";"Navarra";"Lung";"0-14";"Male";"1984";"0.00"
"Incidence";"Navarra";"Lung";"0-14";"Male";"1985";"0.00"
"Incidence";"Navarra";"Lung";"0-14";"Male";"1986";"0.00"
"Incidence";"Navarra";"Lung";"0-14";"Male";"1987";"0.00"
"Incidence";"Navarra";"Lung";"0-14";"Male";"1988";"0.00"
"Incidence";"Navarra";"Lung";"0-14";"Male";"1989";"0.00"
"Incidence";"Navarra";"Lung";"0-14";"Male";"1990";"0.00"
"Incidence";"Navarra";"Lung";"0-14";"Male";"1991";"0.00"
"Incidence";"Navarra";"Lung";"0-14";"Male";"1992";"0.00"
"Incidence";"Navarra";"Lung";"0-14";"Male";"1993";"0.00"
"Incidence";"Navarra";"Lung";"0-14";"Male";"1994";"0.00"
"Incidence";"Navarra";"Lung";"0-14";"Male";"1995";"0.00"
"Incidence";"Navarra";"Lung";"0-14";"Male";"1996";"0.00"
"Incidence";"Navarra";"Lung";"0-14";"Male";"1997";"0.00"
"Incidence";"Navarra";"Lung";"0-14";"Male";"1998";"0.00"
"Incidence";"Navarra";"Lung";"0-14";"Male";"1999";"0.00"
"Incidence";"Navarra";"Lung";"0-14";"Male";"2000";"0.00"
"Incidence";"Navarra";"Lung";"0-14";"Male";"2001";"0.00"
"Incidence";"Navarra";"Lung";"0-14";"Male";"2002";"0.00"
"Incidence";"Navarra";"Lung";"0-14";"Male";"2003";"0.00"
"Incidence";"Navarra";"Lung";"0-14";"Male";"2004";"0.00"
"Incidence";"Navarra";"Lung";"0-14";"Male";"2005";"0.00"
"Incidence";"Navarra";"Lung";"0-14";"Male";"2006";"0.00"
"Incidence";"Navarra";"Lung";"0-14";"Male";"2007";"0.00"
"Incidence";"Navarra";"Lung";"0-14";"Male";"2008";"0.00"
"Incidence";"Navarra";"Lung";"0-14";"Male";"2009";"0.00"
"Incidence";"Navarra";"Lung";"0-14";"Male";"2010";"0.00"
"Incidence";"Navarra";"Lung";"0-14";"Male";"2011";"0.00"
"Incidence";"Navarra";"Lung";"0-14";"Male";"2012";"0.00"
"Incidence";"Navarra";"Lung";"0-14";"Male";"2013";"0.00"
"Incidence";"Navarra";"Lung";"0-14";"Male";"2014";"0.00"
"Incidence";"Navarra";"Lung";"0-14";"Male";"2015";"0.00"
"Incidence";"Navarra";"Lung";"0-14";"Male";"2016";"0.00"
"Incidence";"Navarra";"Lung";"0-14";"Male";"2017";"0.00"
"Incidence";"Tarragona";"Lung";"0-14";"Female";"1983";"0.00"
"Incidence";"Tarragona";"Lung";"0-14";"Female";"1984";"0.00"
"Incidence";"Tarragona";"Lung";"0-14";"Female";"1985";"0.00"
"Incidence";"Tarragona";"Lung";"0-14";"Female";"1986";"0.00"
"Incidence";"Tarragona";"Lung";"0-14";"Female";"1987";"0.00"
"Incidence";"Tarragona";"Lung";"0-14";"Female";"1988";"0.00"
"Incidence";"Tarragona";"Lung";"0-14";"Female";"1989";"0.00"
"Incidence";"Tarragona";"Lung";"0-14";"Female";"1990";"0.00"
"Incidence";"Tarragona";"Lung";"0-14";"Female";"1991";"0.00"
"Incidence";"Tarragona";"Lung";"0-14";"Female";"1992";"0.00"
"Incidence";"Tarragona";"Lung";"0-14";"Female";"1993";"0.00"
"Incidence";"Tarragona";"Lung";"0-14";"Female";"1994";"0.00"
"Incidence";"Tarragona";"Lung";"0-14";"Female";"1995";"0.00"
"Incidence";"Tarragona";"Lung";"0-14";"Female";"1996";"0.00"
"Incidence";"Tarragona";"Lung";"0-14";"Female";"1997";"0.00"
"Incidence";"Tarragona";"Lung";"0-14";"Female";"1998";"0.00"
"Incidence";"Tarragona";"Lung";"0-14";"Female";"1999";"0.00"
"Incidence";"Tarragona";"Lung";"0-14";"Female";"2000";"0.00"
"Incidence";"Tarragona";"Lung";"0-14";"Female";"2001";"0.00"
"Incidence";"Tarragona";"Lung";"0-14";"Female";"2002";"0.00"
"Incidence";"Tarragona";"Lung";"0-14";"Female";"2003";"0.00"
"Incidence";"Tarragona";"Lung";"0-14";"Female";"2004";"0.00"
"Incidence";"Tarragona";"Lung";"0-14";"Female";"2005";"0.00"
"Incidence";"Tarragona";"Lung";"0-14";"Female";"2006";"0.00"
"Incidence";"Tarragona";"Lung";"0-14";"Female";"2007";"0.00"
"Incidence";"Tarragona";"Lung";"0-14";"Female";"2008";"0.00"
"Incidence";"Tarragona";"Lung";"0-14";"Female";"2009";"0.00"
"Incidence";"Tarragona";"Lung";"0-14";"Female";"2010";"0.00"
"Incidence";"Tarragona";"Lung";"0-14";"Female";"2011";"0.00"
"Incidence";"Tarragona";"Lung";"0-14";"Female";"2012";"0.00"
"Incidence";"Tarragona";"Lung";"0-14";"Female";"2013";"0.00"
"Incidence";"Tarragona";"Lung";"0-14";"Female";"2014";"0.00"
"Incidence";"Tarragona";"Lung";"0-14";"Female";"2015";"0.00"
"Incidence";"Tarragona";"Lung";"0-14";"Female";"2016";"0.00"
"Incidence";"Tarragona";"Lung";"0-14";"Female";"2017";"0.00"
"Incidence";"Tarragona";"Lung";"0-14";"Female";"2018";"0.00"
"Incidence";"Tarragona";"Lung";"0-14";"Female";"2019";"0.00"
"Incidence";"Navarra";"Lung";"0-14";"Female";"1983";"0.00"
"Incidence";"Navarra";"Lung";"0-14";"Female";"1984";"0.00"
"Incidence";"Navarra";"Lung";"0-14";"Female";"1985";"0.00"
"Incidence";"Navarra";"Lung";"0-14";"Female";"1986";"0.00"
"Incidence";"Navarra";"Lung";"0-14";"Female";"1987";"0.00"
"Incidence";"Navarra";"Lung";"0-14";"Female";"1988";"0.00"
"Incidence";"Navarra";"Lung";"0-14";"Female";"1989";"0.00"
"Incidence";"Navarra";"Lung";"0-14";"Female";"1990";"0.00"
"Incidence";"Navarra";"Lung";"0-14";"Female";"1991";"0.00"
"Incidence";"Navarra";"Lung";"0-14";"Female";"1992";"0.00"
"Incidence";"Navarra";"Lung";"0-14";"Female";"1993";"0.00"
"Incidence";"Navarra";"Lung";"0-14";"Female";"1994";"0.00"
"Incidence";"Navarra";"Lung";"0-14";"Female";"1995";"0.00"
"Incidence";"Navarra";"Lung";"0-14";"Female";"1996";"0.00"
"Incidence";"Navarra";"Lung";"0-14";"Female";"1997";"0.00"
"Incidence";"Navarra";"Lung";"0-14";"Female";"1998";"0.00"
"Incidence";"Navarra";"Lung";"0-14";"Female";"1999";"0.00"
"Incidence";"Navarra";"Lung";"0-14";"Female";"2000";"0.00"
"Incidence";"Navarra";"Lung";"0-14";"Female";"2001";"0.00"
"Incidence";"Navarra";"Lung";"0-14";"Female";"2002";"0.00"
"Incidence";"Navarra";"Lung";"0-14";"Female";"2003";"0.00"
"Incidence";"Navarra";"Lung";"0-14";"Female";"2004";"0.00"
"Incidence";"Navarra";"Lung";"0-14";"Female";"2005";"0.00"
"Incidence";"Navarra";"Lung";"0-14";"Female";"2006";"0.00"
"Incidence";"Navarra";"Lung";"0-14";"Female";"2007";"0.00"
"Incidence";"Navarra";"Lung";"0-14";"Female";"2008";"0.00"
"Incidence";"Navarra";"Lung";"0-14";"Female";"2009";"0.00"
"Incidence";"Navarra";"Lung";"0-14";"Female";"2010";"0.00"
"Incidence";"Navarra";"Lung";"0-14";"Female";"2011";"0.00"
"Incidence";"Navarra";"Lung";"0-14";"Female";"2012";"0.00"
"Incidence";"Navarra";"Lung";"0-14";"Female";"2013";"0.00"
"Incidence";"Navarra";"Lung";"0-14";"Female";"2014";"0.00"
"Incidence";"Navarra";"Lung";"0-14";"Female";"2015";"0.00"
"Incidence";"Navarra";"Lung";"0-14";"Female";"2016";"0.00"
"Incidence";"Navarra";"Lung";"0-14";"Female";"2017";"0.00"
"Incidence";"Navarra";"Lung";"15-29";"Female";"1983";"0.00"
"Incidence";"Navarra";"Lung";"15-29";"Female";"1984";"0.00"
"Incidence";"Navarra";"Lung";"15-29";"Female";"1985";"0.00"
"Incidence";"Navarra";"Lung";"15-29";"Female";"1986";"0.00"
"Incidence";"Navarra";"Lung";"15-29";"Female";"1987";"1.64"
"Incidence";"Navarra";"Lung";"15-29";"Female";"1988";"0.00"
"Incidence";"Navarra";"Lung";"15-29";"Female";"1989";"1.63"
"Incidence";"Navarra";"Lung";"15-29";"Female";"1990";"1.63"
"Incidence";"Navarra";"Lung";"15-29";"Female";"1991";"0.00"
"Incidence";"Navarra";"Lung";"15-29";"Female";"1992";"0.00"
"Incidence";"Navarra";"Lung";"15-29";"Female";"1993";"0.00"
"Incidence";"Navarra";"Lung";"15-29";"Female";"1994";"0.00"
"Incidence";"Navarra";"Lung";"15-29";"Female";"1995";"0.00"
"Incidence";"Navarra";"Lung";"15-29";"Female";"1996";"0.00"
"Incidence";"Navarra";"Lung";"15-29";"Female";"1997";"0.00"
"Incidence";"Navarra";"Lung";"15-29";"Female";"1998";"0.00"
"Incidence";"Navarra";"Lung";"15-29";"Female";"1999";"3.37"
"Incidence";"Navarra";"Lung";"15-29";"Female";"2000";"0.00"
"Incidence";"Navarra";"Lung";"15-29";"Female";"2001";"0.00"
"Incidence";"Navarra";"Lung";"15-29";"Female";"2002";"1.72"
"Incidence";"Navarra";"Lung";"15-29";"Female";"2003";"0.00"
"Incidence";"Navarra";"Lung";"15-29";"Female";"2004";"0.00"
"Incidence";"Navarra";"Lung";"15-29";"Female";"2005";"0.00"
"Incidence";"Navarra";"Lung";"15-29";"Female";"2006";"0.00"
"Incidence";"Navarra";"Lung";"15-29";"Female";"2007";"0.00"
"Incidence";"Navarra";"Lung";"15-29";"Female";"2008";"0.00"
"Incidence";"Navarra";"Lung";"15-29";"Female";"2009";"0.00"
"Incidence";"Navarra";"Lung";"15-29";"Female";"2010";"0.00"
"Incidence";"Navarra";"Lung";"15-29";"Female";"2011";"1.96"
"Incidence";"Navarra";"Lung";"15-29";"Female";"2012";"0.00"
"Incidence";"Navarra";"Lung";"15-29";"Female";"2013";"0.00"
"Incidence";"Navarra";"Lung";"15-29";"Female";"2014";"0.00"
"Incidence";"Navarra";"Lung";"15-29";"Female";"2015";"0.00"
"Incidence";"Navarra";"Lung";"15-29";"Female";"2016";"2.14"
"Incidence";"Navarra";"Lung";"15-29";"Female";"2017";"0.00"
"Incidence";"Tarragona";"Lung";"15-29";"Female";"1983";"0.00"
"Incidence";"Tarragona";"Lung";"15-29";"Female";"1984";"0.00"
"Incidence";"Tarragona";"Lung";"15-29";"Female";"1985";"0.00"
"Incidence";"Tarragona";"Lung";"15-29";"Female";"1986";"0.00"
"Incidence";"Tarragona";"Lung";"15-29";"Female";"1987";"0.00"
"Incidence";"Tarragona";"Lung";"15-29";"Female";"1988";"0.00"
"Incidence";"Tarragona";"Lung";"15-29";"Female";"1989";"0.00"
"Incidence";"Tarragona";"Lung";"15-29";"Female";"1990";"0.00"
"Incidence";"Tarragona";"Lung";"15-29";"Female";"1991";"0.00"
"Incidence";"Tarragona";"Lung";"15-29";"Female";"1992";"0.00"
"Incidence";"Tarragona";"Lung";"15-29";"Female";"1993";"0.00"
"Incidence";"Tarragona";"Lung";"15-29";"Female";"1994";"0.00"
"Incidence";"Tarragona";"Lung";"15-29";"Female";"1995";"0.00"
"Incidence";"Tarragona";"Lung";"15-29";"Female";"1996";"0.00"
"Incidence";"Tarragona";"Lung";"15-29";"Female";"1997";"0.00"
"Incidence";"Tarragona";"Lung";"15-29";"Female";"1998";"0.00"
"Incidence";"Tarragona";"Lung";"15-29";"Female";"1999";"1.55"
"Incidence";"Tarragona";"Lung";"15-29";"Female";"2000";"0.00"
"Incidence";"Tarragona";"Lung";"15-29";"Female";"2001";"0.00"
"Incidence";"Tarragona";"Lung";"15-29";"Female";"2002";"1.52"
"Incidence";"Tarragona";"Lung";"15-29";"Female";"2003";"0.00"
"Incidence";"Tarragona";"Lung";"15-29";"Female";"2004";"0.00"
"Incidence";"Tarragona";"Lung";"15-29";"Female";"2005";"0.00"
"Incidence";"Tarragona";"Lung";"15-29";"Female";"2006";"0.00"
"Incidence";"Tarragona";"Lung";"15-29";"Female";"2007";"1.39"
"Incidence";"Tarragona";"Lung";"15-29";"Female";"2008";"1.38"
"Incidence";"Tarragona";"Lung";"15-29";"Female";"2009";"0.00"
"Incidence";"Tarragona";"Lung";"15-29";"Female";"2010";"0.00"
"Incidence";"Tarragona";"Lung";"15-29";"Female";"2011";"0.00"
"Incidence";"Tarragona";"Lung";"15-29";"Female";"2012";"0.00"
"Incidence";"Tarragona";"Lung";"15-29";"Female";"2013";"1.62"
"Incidence";"Tarragona";"Lung";"15-29";"Female";"2014";"0.00"
"Incidence";"Tarragona";"Lung";"15-29";"Female";"2015";"1.71"
"Incidence";"Tarragona";"Lung";"15-29";"Female";"2016";"1.73"
"Incidence";"Tarragona";"Lung";"15-29";"Female";"2017";"1.73"
"Incidence";"Tarragona";"Lung";"15-29";"Female";"2018";"0.00"
"Incidence";"Tarragona";"Lung";"15-29";"Female";"2019";"0.00"
"Incidence";"Tarragona";"Lung";"15-29";"Male";"1983";"0.00"
"Incidence";"Tarragona";"Lung";"15-29";"Male";"1984";"0.00"
"Incidence";"Tarragona";"Lung";"15-29";"Male";"1985";"0.00"
"Incidence";"Tarragona";"Lung";"15-29";"Male";"1986";"0.00"
"Incidence";"Tarragona";"Lung";"15-29";"Male";"1987";"0.00"
"Incidence";"Tarragona";"Lung";"15-29";"Male";"1988";"0.00"
"Incidence";"Tarragona";"Lung";"15-29";"Male";"1989";"0.00"
"Incidence";"Tarragona";"Lung";"15-29";"Male";"1990";"0.00"
"Incidence";"Tarragona";"Lung";"15-29";"Male";"1991";"0.00"
"Incidence";"Tarragona";"Lung";"15-29";"Male";"1992";"0.00"
"Incidence";"Tarragona";"Lung";"15-29";"Male";"1993";"1.48"
"Incidence";"Tarragona";"Lung";"15-29";"Male";"1994";"0.00"
"Incidence";"Tarragona";"Lung";"15-29";"Male";"1995";"1.46"
"Incidence";"Tarragona";"Lung";"15-29";"Male";"1996";"0.00"
"Incidence";"Tarragona";"Lung";"15-29";"Male";"1997";"0.00"
"Incidence";"Tarragona";"Lung";"15-29";"Male";"1998";"0.00"
"Incidence";"Tarragona";"Lung";"15-29";"Male";"1999";"0.00"
"Incidence";"Tarragona";"Lung";"15-29";"Male";"2000";"0.00"
"Incidence";"Tarragona";"Lung";"15-29";"Male";"2001";"0.00"
"Incidence";"Tarragona";"Lung";"15-29";"Male";"2002";"0.00"
"Incidence";"Tarragona";"Lung";"15-29";"Male";"2003";"1.42"
"Incidence";"Tarragona";"Lung";"15-29";"Male";"2004";"2.78"
"Incidence";"Tarragona";"Lung";"15-29";"Male";"2005";"0.00"
"Incidence";"Tarragona";"Lung";"15-29";"Male";"2006";"0.00"
"Incidence";"Tarragona";"Lung";"15-29";"Male";"2007";"1.28"
"Incidence";"Tarragona";"Lung";"15-29";"Male";"2008";"1.29"
"Incidence";"Tarragona";"Lung";"15-29";"Male";"2009";"0.00"
"Incidence";"Tarragona";"Lung";"15-29";"Male";"2010";"0.00"
"Incidence";"Tarragona";"Lung";"15-29";"Male";"2011";"0.00"
"Incidence";"Tarragona";"Lung";"15-29";"Male";"2012";"0.00"
"Incidence";"Tarragona";"Lung";"15-29";"Male";"2013";"0.00"
"Incidence";"Tarragona";"Lung";"15-29";"Male";"2014";"0.00"
"Incidence";"Tarragona";"Lung";"15-29";"Male";"2015";"0.00"
"Incidence";"Tarragona";"Lung";"15-29";"Male";"2016";"0.00"
"Incidence";"Tarragona";"Lung";"15-29";"Male";"2017";"1.67"
"Incidence";"Tarragona";"Lung";"15-29";"Male";"2018";"0.00"
"Incidence";"Tarragona";"Lung";"15-29";"Male";"2019";"0.00"
"Incidence";"Navarra";"Lung";"15-29";"Male";"1983";"0.00"
"Incidence";"Navarra";"Lung";"15-29";"Male";"1984";"0.00"
"Incidence";"Navarra";"Lung";"15-29";"Male";"1985";"0.00"
"Incidence";"Navarra";"Lung";"15-29";"Male";"1986";"0.00"
"Incidence";"Navarra";"Lung";"15-29";"Male";"1987";"0.00"
"Incidence";"Navarra";"Lung";"15-29";"Male";"1988";"1.56"
"Incidence";"Navarra";"Lung";"15-29";"Male";"1989";"0.00"
"Incidence";"Navarra";"Lung";"15-29";"Male";"1990";"0.00"
"Incidence";"Navarra";"Lung";"15-29";"Male";"1991";"1.56"
"Incidence";"Navarra";"Lung";"15-29";"Male";"1992";"0.00"
"Incidence";"Navarra";"Lung";"15-29";"Male";"1993";"0.00"
"Incidence";"Navarra";"Lung";"15-29";"Male";"1994";"1.58"
"Incidence";"Navarra";"Lung";"15-29";"Male";"1995";"0.00"
"Incidence";"Navarra";"Lung";"15-29";"Male";"1996";"0.00"
"Incidence";"Navarra";"Lung";"15-29";"Male";"1997";"0.00"
"Incidence";"Navarra";"Lung";"15-29";"Male";"1998";"0.00"
"Incidence";"Navarra";"Lung";"15-29";"Male";"1999";"1.57"
"Incidence";"Navarra";"Lung";"15-29";"Male";"2000";"0.00"
"Incidence";"Navarra";"Lung";"15-29";"Male";"2001";"0.00"
"Incidence";"Navarra";"Lung";"15-29";"Male";"2002";"0.00"
"Incidence";"Navarra";"Lung";"15-29";"Male";"2003";"0.00"
"Incidence";"Navarra";"Lung";"15-29";"Male";"2004";"0.00"
"Incidence";"Navarra";"Lung";"15-29";"Male";"2005";"0.00"
"Incidence";"Navarra";"Lung";"15-29";"Male";"2006";"0.00"
"Incidence";"Navarra";"Lung";"15-29";"Male";"2007";"0.00"
"Incidence";"Navarra";"Lung";"15-29";"Male";"2008";"0.00"
"Incidence";"Navarra";"Lung";"15-29";"Male";"2009";"0.00"
"Incidence";"Navarra";"Lung";"15-29";"Male";"2010";"0.00"
"Incidence";"Navarra";"Lung";"15-29";"Male";"2011";"0.00"
"Incidence";"Navarra";"Lung";"15-29";"Male";"2012";"0.00"
"Incidence";"Navarra";"Lung";"15-29";"Male";"2013";"0.00"
"Incidence";"Navarra";"Lung";"15-29";"Male";"2014";"0.00"
"Incidence";"Navarra";"Lung";"15-29";"Male";"2015";"0.00"
"Incidence";"Navarra";"Lung";"15-29";"Male";"2016";"0.00"
"Incidence";"Navarra";"Lung";"15-29";"Male";"2017";"2.05"
"Incidence";"Tarragona";"Lung";"30-44";"Female";"1983";"0.00"
"Incidence";"Tarragona";"Lung";"30-44";"Female";"1984";"0.00"
"Incidence";"Tarragona";"Lung";"30-44";"Female";"1985";"0.00"
"Incidence";"Tarragona";"Lung";"30-44";"Female";"1986";"6.02"
"Incidence";"Tarragona";"Lung";"30-44";"Female";"1987";"0.00"
"Incidence";"Tarragona";"Lung";"30-44";"Female";"1988";"3.80"
"Incidence";"Tarragona";"Lung";"30-44";"Female";"1989";"0.00"
"Incidence";"Tarragona";"Lung";"30-44";"Female";"1990";"0.00"
"Incidence";"Tarragona";"Lung";"30-44";"Female";"1991";"0.00"
"Incidence";"Tarragona";"Lung";"30-44";"Female";"1992";"0.00"
"Incidence";"Tarragona";"Lung";"30-44";"Female";"1993";"6.85"
"Incidence";"Tarragona";"Lung";"30-44";"Female";"1994";"6.71"
"Incidence";"Tarragona";"Lung";"30-44";"Female";"1995";"8.19"
"Incidence";"Tarragona";"Lung";"30-44";"Female";"1996";"3.21"
"Incidence";"Tarragona";"Lung";"30-44";"Female";"1997";"6.32"
"Incidence";"Tarragona";"Lung";"30-44";"Female";"1998";"0.00"
"Incidence";"Tarragona";"Lung";"30-44";"Female";"1999";"3.06"
"Incidence";"Tarragona";"Lung";"30-44";"Female";"2000";"2.99"
"Incidence";"Tarragona";"Lung";"30-44";"Female";"2001";"4.37"
"Incidence";"Tarragona";"Lung";"30-44";"Female";"2002";"7.04"
"Incidence";"Tarragona";"Lung";"30-44";"Female";"2003";"4.06"
"Incidence";"Tarragona";"Lung";"30-44";"Female";"2004";"6.48"
"Incidence";"Tarragona";"Lung";"30-44";"Female";"2005";"1.23"
"Incidence";"Tarragona";"Lung";"30-44";"Female";"2006";"5.81"
"Incidence";"Tarragona";"Lung";"30-44";"Female";"2007";"6.61"
"Incidence";"Tarragona";"Lung";"30-44";"Female";"2008";"4.22"
"Incidence";"Tarragona";"Lung";"30-44";"Female";"2009";"3.10"
"Incidence";"Tarragona";"Lung";"30-44";"Female";"2010";"4.09"
"Incidence";"Tarragona";"Lung";"30-44";"Female";"2011";"2.04"
"Incidence";"Tarragona";"Lung";"30-44";"Female";"2012";"5.14"
"Incidence";"Tarragona";"Lung";"30-44";"Female";"2013";"3.13"
"Incidence";"Tarragona";"Lung";"30-44";"Female";"2014";"2.13"
"Incidence";"Tarragona";"Lung";"30-44";"Female";"2015";"5.43"
"Incidence";"Tarragona";"Lung";"30-44";"Female";"2016";"1.11"
"Incidence";"Tarragona";"Lung";"30-44";"Female";"2017";"1.13"
"Incidence";"Tarragona";"Lung";"30-44";"Female";"2018";"3.42"
"Incidence";"Tarragona";"Lung";"30-44";"Female";"2019";"5.76"
"Incidence";"Tarragona";"Lung";"30-44";"Male";"1983";"10.30"
"Incidence";"Tarragona";"Lung";"30-44";"Male";"1984";"2.00"
"Incidence";"Tarragona";"Lung";"30-44";"Male";"1985";"7.86"
"Incidence";"Tarragona";"Lung";"30-44";"Male";"1986";"15.54"
"Incidence";"Tarragona";"Lung";"30-44";"Male";"1987";"13.27"
"Incidence";"Tarragona";"Lung";"30-44";"Male";"1988";"5.56"
"Incidence";"Tarragona";"Lung";"30-44";"Male";"1989";"18.19"
"Incidence";"Tarragona";"Lung";"30-44";"Male";"1990";"8.92"
"Incidence";"Tarragona";"Lung";"30-44";"Male";"1991";"12.27"
"Incidence";"Tarragona";"Lung";"30-44";"Male";"1992";"8.60"
"Incidence";"Tarragona";"Lung";"30-44";"Male";"1993";"15.17"
"Incidence";"Tarragona";"Lung";"30-44";"Male";"1994";"11.56"
"Incidence";"Tarragona";"Lung";"30-44";"Male";"1995";"9.69"
"Incidence";"Tarragona";"Lung";"30-44";"Male";"1996";"14.25"
"Incidence";"Tarragona";"Lung";"30-44";"Male";"1997";"10.89"
"Incidence";"Tarragona";"Lung";"30-44";"Male";"1998";"13.75"
"Incidence";"Tarragona";"Lung";"30-44";"Male";"1999";"13.48"
"Incidence";"Tarragona";"Lung";"30-44";"Male";"2000";"8.72"
"Incidence";"Tarragona";"Lung";"30-44";"Male";"2001";"13.98"
"Incidence";"Tarragona";"Lung";"30-44";"Male";"2002";"9.34"
"Incidence";"Tarragona";"Lung";"30-44";"Male";"2003";"11.41"
"Incidence";"Tarragona";"Lung";"30-44";"Male";"2004";"8.34"
"Incidence";"Tarragona";"Lung";"30-44";"Male";"2005";"9.96"
"Incidence";"Tarragona";"Lung";"30-44";"Male";"2006";"6.18"
"Incidence";"Tarragona";"Lung";"30-44";"Male";"2007";"10.57"
"Incidence";"Tarragona";"Lung";"30-44";"Male";"2008";"2.74"
"Incidence";"Tarragona";"Lung";"30-44";"Male";"2009";"2.70"
"Incidence";"Tarragona";"Lung";"30-44";"Male";"2010";"6.29"
"Incidence";"Tarragona";"Lung";"30-44";"Male";"2011";"7.23"
"Incidence";"Tarragona";"Lung";"30-44";"Male";"2012";"5.53"
"Incidence";"Tarragona";"Lung";"30-44";"Male";"2013";"5.69"
"Incidence";"Tarragona";"Lung";"30-44";"Male";"2014";"4.91"
"Incidence";"Tarragona";"Lung";"30-44";"Male";"2015";"2.03"
"Incidence";"Tarragona";"Lung";"30-44";"Male";"2016";"5.22"
"Incidence";"Tarragona";"Lung";"30-44";"Male";"2017";"3.22"
"Incidence";"Tarragona";"Lung";"30-44";"Male";"2018";"10.95"
"Incidence";"Tarragona";"Lung";"30-44";"Male";"2019";"3.32"
"Incidence";"Navarra";"Lung";"30-44";"Male";"1983";"6.02"
"Incidence";"Navarra";"Lung";"30-44";"Male";"1984";"9.81"
"Incidence";"Navarra";"Lung";"30-44";"Male";"1985";"7.72"
"Incidence";"Navarra";"Lung";"30-44";"Male";"1986";"7.59"
"Incidence";"Navarra";"Lung";"30-44";"Male";"1987";"9.32"
"Incidence";"Navarra";"Lung";"30-44";"Male";"1988";"9.20"
"Incidence";"Navarra";"Lung";"30-44";"Male";"1989";"9.09"
"Incidence";"Navarra";"Lung";"30-44";"Male";"1990";"12.60"
"Incidence";"Navarra";"Lung";"30-44";"Male";"1991";"16.05"
"Incidence";"Navarra";"Lung";"30-44";"Male";"1992";"17.65"
"Incidence";"Navarra";"Lung";"30-44";"Male";"1993";"12.23"
"Incidence";"Navarra";"Lung";"30-44";"Male";"1994";"17.28"
"Incidence";"Navarra";"Lung";"30-44";"Male";"1995";"17.08"
"Incidence";"Navarra";"Lung";"30-44";"Male";"1996";"20.25"
"Incidence";"Navarra";"Lung";"30-44";"Male";"1997";"9.82"
"Incidence";"Navarra";"Lung";"30-44";"Male";"1998";"14.30"
"Incidence";"Navarra";"Lung";"30-44";"Male";"1999";"15.23"
"Incidence";"Navarra";"Lung";"30-44";"Male";"2000";"16.65"
"Incidence";"Navarra";"Lung";"30-44";"Male";"2001";"14.43"
"Incidence";"Navarra";"Lung";"30-44";"Male";"2002";"8.27"
"Incidence";"Navarra";"Lung";"30-44";"Male";"2003";"6.73"
"Incidence";"Navarra";"Lung";"30-44";"Male";"2004";"9.28"
"Incidence";"Navarra";"Lung";"30-44";"Male";"2005";"2.58"
"Incidence";"Navarra";"Lung";"30-44";"Male";"2006";"6.30"
"Incidence";"Navarra";"Lung";"30-44";"Male";"2007";"13.82"
"Incidence";"Navarra";"Lung";"30-44";"Male";"2008";"8.47"
"Incidence";"Navarra";"Lung";"30-44";"Male";"2009";"2.38"
"Incidence";"Navarra";"Lung";"30-44";"Male";"2010";"2.37"
"Incidence";"Navarra";"Lung";"30-44";"Male";"2011";"4.74"
"Incidence";"Navarra";"Lung";"30-44";"Male";"2012";"2.40"
"Incidence";"Navarra";"Lung";"30-44";"Male";"2013";"2.44"
"Incidence";"Navarra";"Lung";"30-44";"Male";"2014";"0.00"
"Incidence";"Navarra";"Lung";"30-44";"Male";"2015";"5.19"
"Incidence";"Navarra";"Lung";"30-44";"Male";"2016";"2.68"
"Incidence";"Navarra";"Lung";"30-44";"Male";"2017";"6.86"
"Incidence";"Navarra";"Lung";"30-44";"Female";"1983";"2.12"
"Incidence";"Navarra";"Lung";"30-44";"Female";"1984";"0.00"
"Incidence";"Navarra";"Lung";"30-44";"Female";"1985";"0.00"
"Incidence";"Navarra";"Lung";"30-44";"Female";"1986";"2.00"
"Incidence";"Navarra";"Lung";"30-44";"Female";"1987";"1.95"
"Incidence";"Navarra";"Lung";"30-44";"Female";"1988";"0.00"
"Incidence";"Navarra";"Lung";"30-44";"Female";"1989";"3.79"
"Incidence";"Navarra";"Lung";"30-44";"Female";"1990";"5.63"
"Incidence";"Navarra";"Lung";"30-44";"Female";"1991";"1.86"
"Incidence";"Navarra";"Lung";"30-44";"Female";"1992";"1.84"
"Incidence";"Navarra";"Lung";"30-44";"Female";"1993";"3.64"
"Incidence";"Navarra";"Lung";"30-44";"Female";"1994";"5.41"
"Incidence";"Navarra";"Lung";"30-44";"Female";"1995";"7.12"
"Incidence";"Navarra";"Lung";"30-44";"Female";"1996";"5.27"
"Incidence";"Navarra";"Lung";"30-44";"Female";"1997";"1.71"
"Incidence";"Navarra";"Lung";"30-44";"Female";"1998";"0.00"
"Incidence";"Navarra";"Lung";"30-44";"Female";"1999";"3.23"
"Incidence";"Navarra";"Lung";"30-44";"Female";"2000";"8.00"
"Incidence";"Navarra";"Lung";"30-44";"Female";"2001";"3.09"
"Incidence";"Navarra";"Lung";"30-44";"Female";"2002";"7.49"
"Incidence";"Navarra";"Lung";"30-44";"Female";"2003";"8.83"
"Incidence";"Navarra";"Lung";"30-44";"Female";"2004";"10.11"
"Incidence";"Navarra";"Lung";"30-44";"Female";"2005";"5.66"
"Incidence";"Navarra";"Lung";"30-44";"Female";"2006";"4.15"
"Incidence";"Navarra";"Lung";"30-44";"Female";"2007";"4.10"
"Incidence";"Navarra";"Lung";"30-44";"Female";"2008";"5.33"
"Incidence";"Navarra";"Lung";"30-44";"Female";"2009";"7.85"
"Incidence";"Navarra";"Lung";"30-44";"Female";"2010";"5.20"
"Incidence";"Navarra";"Lung";"30-44";"Female";"2011";"6.47"
"Incidence";"Navarra";"Lung";"30-44";"Female";"2012";"5.19"
"Incidence";"Navarra";"Lung";"30-44";"Female";"2013";"5.25"
"Incidence";"Navarra";"Lung";"30-44";"Female";"2014";"4.03"
"Incidence";"Navarra";"Lung";"30-44";"Female";"2015";"2.75"
"Incidence";"Navarra";"Lung";"30-44";"Female";"2016";"4.21"
"Incidence";"Navarra";"Lung";"30-44";"Female";"2017";"0.00"
"Incidence";"Navarra";"Lung";"45-59";"Female";"1983";"4.57"
"Incidence";"Navarra";"Lung";"45-59";"Female";"1984";"4.64"
"Incidence";"Navarra";"Lung";"45-59";"Female";"1985";"11.73"
"Incidence";"Navarra";"Lung";"45-59";"Female";"1986";"11.81"
"Incidence";"Navarra";"Lung";"45-59";"Female";"1987";"9.52"
"Incidence";"Navarra";"Lung";"45-59";"Female";"1988";"2.38"
"Incidence";"Navarra";"Lung";"45-59";"Female";"1989";"0.00"
"Incidence";"Navarra";"Lung";"45-59";"Female";"1990";"0.00"
"Incidence";"Navarra";"Lung";"45-59";"Female";"1991";"2.35"
"Incidence";"Navarra";"Lung";"45-59";"Female";"1992";"4.67"
"Incidence";"Navarra";"Lung";"45-59";"Female";"1993";"6.92"
"Incidence";"Navarra";"Lung";"45-59";"Female";"1994";"6.83"
"Incidence";"Navarra";"Lung";"45-59";"Female";"1995";"9.02"
"Incidence";"Navarra";"Lung";"45-59";"Female";"1996";"13.44"
"Incidence";"Navarra";"Lung";"45-59";"Female";"1997";"15.33"
"Incidence";"Navarra";"Lung";"45-59";"Female";"1998";"14.89"
"Incidence";"Navarra";"Lung";"45-59";"Female";"1999";"16.51"
"Incidence";"Navarra";"Lung";"45-59";"Female";"2000";"20.31"
"Incidence";"Navarra";"Lung";"45-59";"Female";"2001";"19.90"
"Incidence";"Navarra";"Lung";"45-59";"Female";"2002";"19.28"
"Incidence";"Navarra";"Lung";"45-59";"Female";"2003";"22.47"
"Incidence";"Navarra";"Lung";"45-59";"Female";"2004";"25.75"
"Incidence";"Navarra";"Lung";"45-59";"Female";"2005";"19.79"
"Incidence";"Navarra";"Lung";"45-59";"Female";"2006";"33.56"
"Incidence";"Navarra";"Lung";"45-59";"Female";"2007";"34.69"
"Incidence";"Navarra";"Lung";"45-59";"Female";"2008";"54.15"
"Incidence";"Navarra";"Lung";"45-59";"Female";"2009";"51.46"
"Incidence";"Navarra";"Lung";"45-59";"Female";"2010";"40.49"
"Incidence";"Navarra";"Lung";"45-59";"Female";"2011";"31.65"
"Incidence";"Navarra";"Lung";"45-59";"Female";"2012";"49.48"
"Incidence";"Navarra";"Lung";"45-59";"Female";"2013";"51.67"
"Incidence";"Navarra";"Lung";"45-59";"Female";"2014";"52.48"
"Incidence";"Navarra";"Lung";"45-59";"Female";"2015";"32.37"
"Incidence";"Navarra";"Lung";"45-59";"Female";"2016";"39.08"
"Incidence";"Navarra";"Lung";"45-59";"Female";"2017";"42.79"
"Incidence";"Navarra";"Lung";"45-59";"Male";"1983";"81.67"
"Incidence";"Navarra";"Lung";"45-59";"Male";"1984";"80.70"
"Incidence";"Navarra";"Lung";"45-59";"Male";"1985";"65.12"
"Incidence";"Navarra";"Lung";"45-59";"Male";"1986";"102.85"
"Incidence";"Navarra";"Lung";"45-59";"Male";"1987";"65.72"
"Incidence";"Navarra";"Lung";"45-59";"Male";"1988";"65.57"
"Incidence";"Navarra";"Lung";"45-59";"Male";"1989";"58.28"
"Incidence";"Navarra";"Lung";"45-59";"Male";"1990";"88.02"
"Incidence";"Navarra";"Lung";"45-59";"Male";"1991";"78.06"
"Incidence";"Navarra";"Lung";"45-59";"Male";"1992";"82.00"
"Incidence";"Navarra";"Lung";"45-59";"Male";"1993";"81.21"
"Incidence";"Navarra";"Lung";"45-59";"Male";"1994";"89.00"
"Incidence";"Navarra";"Lung";"45-59";"Male";"1995";"92.39"
"Incidence";"Navarra";"Lung";"45-59";"Male";"1996";"107.06"
"Incidence";"Navarra";"Lung";"45-59";"Male";"1997";"96.03"
"Incidence";"Navarra";"Lung";"45-59";"Male";"1998";"68.28"
"Incidence";"Navarra";"Lung";"45-59";"Male";"1999";"112.06"
"Incidence";"Navarra";"Lung";"45-59";"Male";"2000";"82.53"
"Incidence";"Navarra";"Lung";"45-59";"Male";"2001";"86.19"
"Incidence";"Navarra";"Lung";"45-59";"Male";"2002";"119.05"
"Incidence";"Navarra";"Lung";"45-59";"Male";"2003";"109.13"
"Incidence";"Navarra";"Lung";"45-59";"Male";"2004";"98.13"
"Incidence";"Navarra";"Lung";"45-59";"Male";"2005";"99.26"
"Incidence";"Navarra";"Lung";"45-59";"Male";"2006";"117.82"
"Incidence";"Navarra";"Lung";"45-59";"Male";"2007";"83.58"
"Incidence";"Navarra";"Lung";"45-59";"Male";"2008";"118.60"
"Incidence";"Navarra";"Lung";"45-59";"Male";"2009";"88.77"
"Incidence";"Navarra";"Lung";"45-59";"Male";"2010";"77.48"
"Incidence";"Navarra";"Lung";"45-59";"Male";"2011";"87.79"
"Incidence";"Navarra";"Lung";"45-59";"Male";"2012";"102.35"
"Incidence";"Navarra";"Lung";"45-59";"Male";"2013";"86.34"
"Incidence";"Navarra";"Lung";"45-59";"Male";"2014";"76.72"
"Incidence";"Navarra";"Lung";"45-59";"Male";"2015";"80.98"
"Incidence";"Navarra";"Lung";"45-59";"Male";"2016";"79.76"
"Incidence";"Navarra";"Lung";"45-59";"Male";"2017";"71.67"
"Incidence";"Tarragona";"Lung";"45-59";"Male";"1983";"46.60"
"Incidence";"Tarragona";"Lung";"45-59";"Male";"1984";"54.62"
"Incidence";"Tarragona";"Lung";"45-59";"Male";"1985";"106.09"
"Incidence";"Tarragona";"Lung";"45-59";"Male";"1986";"69.19"
"Incidence";"Tarragona";"Lung";"45-59";"Male";"1987";"83.45"
"Incidence";"Tarragona";"Lung";"45-59";"Male";"1988";"131.94"
"Incidence";"Tarragona";"Lung";"45-59";"Male";"1989";"78.30"
"Incidence";"Tarragona";"Lung";"45-59";"Male";"1990";"86.87"
"Incidence";"Tarragona";"Lung";"45-59";"Male";"1991";"90.25"
"Incidence";"Tarragona";"Lung";"45-59";"Male";"1992";"70.98"
"Incidence";"Tarragona";"Lung";"45-59";"Male";"1993";"84.50"
"Incidence";"Tarragona";"Lung";"45-59";"Male";"1994";"97.40"
"Incidence";"Tarragona";"Lung";"45-59";"Male";"1995";"68.63"
"Incidence";"Tarragona";"Lung";"45-59";"Male";"1996";"102.41"
"Incidence";"Tarragona";"Lung";"45-59";"Male";"1997";"106.57"
"Incidence";"Tarragona";"Lung";"45-59";"Male";"1998";"105.25"
"Incidence";"Tarragona";"Lung";"45-59";"Male";"1999";"74.87"
"Incidence";"Tarragona";"Lung";"45-59";"Male";"2000";"127.09"
"Incidence";"Tarragona";"Lung";"45-59";"Male";"2001";"113.14"
"Incidence";"Tarragona";"Lung";"45-59";"Male";"2002";"96.85"
"Incidence";"Tarragona";"Lung";"45-59";"Male";"2003";"119.10"
"Incidence";"Tarragona";"Lung";"45-59";"Male";"2004";"95.41"
"Incidence";"Tarragona";"Lung";"45-59";"Male";"2005";"104.71"
"Incidence";"Tarragona";"Lung";"45-59";"Male";"2006";"128.90"
"Incidence";"Tarragona";"Lung";"45-59";"Male";"2007";"109.85"
"Incidence";"Tarragona";"Lung";"45-59";"Male";"2008";"82.49"
"Incidence";"Tarragona";"Lung";"45-59";"Male";"2009";"107.88"
"Incidence";"Tarragona";"Lung";"45-59";"Male";"2010";"82.46"
"Incidence";"Tarragona";"Lung";"45-59";"Male";"2011";"93.03"
"Incidence";"Tarragona";"Lung";"45-59";"Male";"2012";"85.44"
"Incidence";"Tarragona";"Lung";"45-59";"Male";"2013";"92.91"
"Incidence";"Tarragona";"Lung";"45-59";"Male";"2014";"78.74"
"Incidence";"Tarragona";"Lung";"45-59";"Male";"2015";"81.17"
"Incidence";"Tarragona";"Lung";"45-59";"Male";"2016";"86.75"
"Incidence";"Tarragona";"Lung";"45-59";"Male";"2017";"79.44"
"Incidence";"Tarragona";"Lung";"45-59";"Male";"2018";"70.04"
"Incidence";"Tarragona";"Lung";"45-59";"Male";"2019";"74.87"
"Incidence";"Tarragona";"Lung";"45-59";"Female";"1983";"6.52"
"Incidence";"Tarragona";"Lung";"45-59";"Female";"1984";"4.47"
"Incidence";"Tarragona";"Lung";"45-59";"Female";"1985";"6.81"
"Incidence";"Tarragona";"Lung";"45-59";"Female";"1986";"9.12"
"Incidence";"Tarragona";"Lung";"45-59";"Female";"1987";"2.29"
"Incidence";"Tarragona";"Lung";"45-59";"Female";"1988";"9.18"
"Incidence";"Tarragona";"Lung";"45-59";"Female";"1989";"11.44"
"Incidence";"Tarragona";"Lung";"45-59";"Female";"1990";"4.55"
"Incidence";"Tarragona";"Lung";"45-59";"Female";"1991";"13.57"
"Incidence";"Tarragona";"Lung";"45-59";"Female";"1992";"2.24"
"Incidence";"Tarragona";"Lung";"45-59";"Female";"1993";"13.24"
"Incidence";"Tarragona";"Lung";"45-59";"Female";"1994";"4.34"
"Incidence";"Tarragona";"Lung";"45-59";"Female";"1995";"2.14"
"Incidence";"Tarragona";"Lung";"45-59";"Female";"1996";"8.49"
"Incidence";"Tarragona";"Lung";"45-59";"Female";"1997";"4.17"
"Incidence";"Tarragona";"Lung";"45-59";"Female";"1998";"8.10"
"Incidence";"Tarragona";"Lung";"45-59";"Female";"1999";"1.94"
"Incidence";"Tarragona";"Lung";"45-59";"Female";"2000";"3.74"
"Incidence";"Tarragona";"Lung";"45-59";"Female";"2001";"12.72"
"Incidence";"Tarragona";"Lung";"45-59";"Female";"2002";"10.48"
"Incidence";"Tarragona";"Lung";"45-59";"Female";"2003";"25.22"
"Incidence";"Tarragona";"Lung";"45-59";"Female";"2004";"16.16"
"Incidence";"Tarragona";"Lung";"45-59";"Female";"2005";"18.60"
"Incidence";"Tarragona";"Lung";"45-59";"Female";"2006";"20.83"
"Incidence";"Tarragona";"Lung";"45-59";"Female";"2007";"21.42"
"Incidence";"Tarragona";"Lung";"45-59";"Female";"2008";"20.79"
"Incidence";"Tarragona";"Lung";"45-59";"Female";"2009";"31.18"
"Incidence";"Tarragona";"Lung";"45-59";"Female";"2010";"31.78"
"Incidence";"Tarragona";"Lung";"45-59";"Female";"2011";"32.36"
"Incidence";"Tarragona";"Lung";"45-59";"Female";"2012";"34.37"
"Incidence";"Tarragona";"Lung";"45-59";"Female";"2013";"40.18"
"Incidence";"Tarragona";"Lung";"45-59";"Female";"2014";"45.92"
"Incidence";"Tarragona";"Lung";"45-59";"Female";"2015";"42.91"
"Incidence";"Tarragona";"Lung";"45-59";"Female";"2016";"36.24"
"Incidence";"Tarragona";"Lung";"45-59";"Female";"2017";"26.10"
"Incidence";"Tarragona";"Lung";"45-59";"Female";"2018";"38.36"
"Incidence";"Tarragona";"Lung";"45-59";"Female";"2019";"32.92"
"Incidence";"Tarragona";"Lung";"60-74";"Male";"1983";"179.08"
"Incidence";"Tarragona";"Lung";"60-74";"Male";"1984";"281.44"
"Incidence";"Tarragona";"Lung";"60-74";"Male";"1985";"243.13"
"Incidence";"Tarragona";"Lung";"60-74";"Male";"1986";"263.67"
"Incidence";"Tarragona";"Lung";"60-74";"Male";"1987";"259.50"
"Incidence";"Tarragona";"Lung";"60-74";"Male";"1988";"281.33"
"Incidence";"Tarragona";"Lung";"60-74";"Male";"1989";"205.00"
"Incidence";"Tarragona";"Lung";"60-74";"Male";"1990";"273.12"
"Incidence";"Tarragona";"Lung";"60-74";"Male";"1991";"277.24"
"Incidence";"Tarragona";"Lung";"60-74";"Male";"1992";"254.89"
"Incidence";"Tarragona";"Lung";"60-74";"Male";"1993";"268.60"
"Incidence";"Tarragona";"Lung";"60-74";"Male";"1994";"220.32"
"Incidence";"Tarragona";"Lung";"60-74";"Male";"1995";"260.91"
"Incidence";"Tarragona";"Lung";"60-74";"Male";"1996";"324.01"
"Incidence";"Tarragona";"Lung";"60-74";"Male";"1997";"289.45"
"Incidence";"Tarragona";"Lung";"60-74";"Male";"1998";"273.92"
"Incidence";"Tarragona";"Lung";"60-74";"Male";"1999";"247.48"
"Incidence";"Tarragona";"Lung";"60-74";"Male";"2000";"320.16"
"Incidence";"Tarragona";"Lung";"60-74";"Male";"2001";"315.33"
"Incidence";"Tarragona";"Lung";"60-74";"Male";"2002";"307.74"
"Incidence";"Tarragona";"Lung";"60-74";"Male";"2003";"289.49"
"Incidence";"Tarragona";"Lung";"60-74";"Male";"2004";"337.72"
"Incidence";"Tarragona";"Lung";"60-74";"Male";"2005";"283.22"
"Incidence";"Tarragona";"Lung";"60-74";"Male";"2006";"314.53"
"Incidence";"Tarragona";"Lung";"60-74";"Male";"2007";"291.30"
"Incidence";"Tarragona";"Lung";"60-74";"Male";"2008";"285.25"
"Incidence";"Tarragona";"Lung";"60-74";"Male";"2009";"306.04"
"Incidence";"Tarragona";"Lung";"60-74";"Male";"2010";"316.20"
"Incidence";"Tarragona";"Lung";"60-74";"Male";"2011";"294.12"
"Incidence";"Tarragona";"Lung";"60-74";"Male";"2012";"336.27"
"Incidence";"Tarragona";"Lung";"60-74";"Male";"2013";"309.84"
"Incidence";"Tarragona";"Lung";"60-74";"Male";"2014";"297.16"
"Incidence";"Tarragona";"Lung";"60-74";"Male";"2015";"340.58"
"Incidence";"Tarragona";"Lung";"60-74";"Male";"2016";"351.41"
"Incidence";"Tarragona";"Lung";"60-74";"Male";"2017";"265.03"
"Incidence";"Tarragona";"Lung";"60-74";"Male";"2018";"304.17"
"Incidence";"Tarragona";"Lung";"60-74";"Male";"2019";"314.18"
"Incidence";"Navarra";"Lung";"60-74";"Female";"1983";"17.11"
"Incidence";"Navarra";"Lung";"60-74";"Female";"1984";"16.77"
"Incidence";"Navarra";"Lung";"60-74";"Female";"1985";"8.23"
"Incidence";"Navarra";"Lung";"60-74";"Female";"1986";"18.90"
"Incidence";"Navarra";"Lung";"60-74";"Female";"1987";"21.32"
"Incidence";"Navarra";"Lung";"60-74";"Female";"1988";"18.38"
"Incidence";"Navarra";"Lung";"60-74";"Female";"1989";"18.05"
"Incidence";"Navarra";"Lung";"60-74";"Female";"1990";"17.73"
"Incidence";"Navarra";"Lung";"60-74";"Female";"1991";"17.49"
"Incidence";"Navarra";"Lung";"60-74";"Female";"1992";"17.27"
"Incidence";"Navarra";"Lung";"60-74";"Female";"1993";"17.08"
"Incidence";"Navarra";"Lung";"60-74";"Female";"1994";"12.07"
"Incidence";"Navarra";"Lung";"60-74";"Female";"1995";"19.14"
"Incidence";"Navarra";"Lung";"60-74";"Female";"1996";"21.44"
"Incidence";"Navarra";"Lung";"60-74";"Female";"1997";"16.66"
"Incidence";"Navarra";"Lung";"60-74";"Female";"1998";"26.41"
"Incidence";"Navarra";"Lung";"60-74";"Female";"1999";"21.83"
"Incidence";"Navarra";"Lung";"60-74";"Female";"2000";"43.68"
"Incidence";"Navarra";"Lung";"60-74";"Female";"2001";"33.97"
"Incidence";"Navarra";"Lung";"60-74";"Female";"2002";"21.95"
"Incidence";"Navarra";"Lung";"60-74";"Female";"2003";"36.63"
"Incidence";"Navarra";"Lung";"60-74";"Female";"2004";"24.27"
"Incidence";"Navarra";"Lung";"60-74";"Female";"2005";"24.08"
"Incidence";"Navarra";"Lung";"60-74";"Female";"2006";"33.31"
"Incidence";"Navarra";"Lung";"60-74";"Female";"2007";"35.42"
"Incidence";"Navarra";"Lung";"60-74";"Female";"2008";"25.67"
"Incidence";"Navarra";"Lung";"60-74";"Female";"2009";"36.68"
"Incidence";"Navarra";"Lung";"60-74";"Female";"2010";"51.96"
"Incidence";"Navarra";"Lung";"60-74";"Female";"2011";"35.85"
"Incidence";"Navarra";"Lung";"60-74";"Female";"2012";"82.01"
"Incidence";"Navarra";"Lung";"60-74";"Female";"2013";"75.80"
"Incidence";"Navarra";"Lung";"60-74";"Female";"2014";"72.05"
"Incidence";"Navarra";"Lung";"60-74";"Female";"2015";"68.25"
"Incidence";"Navarra";"Lung";"60-74";"Female";"2016";"87.58"
"Incidence";"Navarra";"Lung";"60-74";"Female";"2017";"97.18"
"Incidence";"Navarra";"Lung";"60-74";"Male";"1983";"254.01"
"Incidence";"Navarra";"Lung";"60-74";"Male";"1984";"244.79"
"Incidence";"Navarra";"Lung";"60-74";"Male";"1985";"271.81"
"Incidence";"Navarra";"Lung";"60-74";"Male";"1986";"278.05"
"Incidence";"Navarra";"Lung";"60-74";"Male";"1987";"265.63"
"Incidence";"Navarra";"Lung";"60-74";"Male";"1988";"259.94"
"Incidence";"Navarra";"Lung";"60-74";"Male";"1989";"238.94"
"Incidence";"Navarra";"Lung";"60-74";"Male";"1990";"276.69"
"Incidence";"Navarra";"Lung";"60-74";"Male";"1991";"281.99"
"Incidence";"Navarra";"Lung";"60-74";"Male";"1992";"304.27"
"Incidence";"Navarra";"Lung";"60-74";"Male";"1993";"311.76"
"Incidence";"Navarra";"Lung";"60-74";"Male";"1994";"298.43"
"Incidence";"Navarra";"Lung";"60-74";"Male";"1995";"254.33"
"Incidence";"Navarra";"Lung";"60-74";"Male";"1996";"294.13"
"Incidence";"Navarra";"Lung";"60-74";"Male";"1997";"294.16"
"Incidence";"Navarra";"Lung";"60-74";"Male";"1998";"307.42"
"Incidence";"Navarra";"Lung";"60-74";"Male";"1999";"340.39"
"Incidence";"Navarra";"Lung";"60-74";"Male";"2000";"369.03"
"Incidence";"Navarra";"Lung";"60-74";"Male";"2001";"319.39"
"Incidence";"Navarra";"Lung";"60-74";"Male";"2002";"303.45"
"Incidence";"Navarra";"Lung";"60-74";"Male";"2003";"307.20"
"Incidence";"Navarra";"Lung";"60-74";"Male";"2004";"343.47"
"Incidence";"Navarra";"Lung";"60-74";"Male";"2005";"282.66"
"Incidence";"Navarra";"Lung";"60-74";"Male";"2006";"273.54"
"Incidence";"Navarra";"Lung";"60-74";"Male";"2007";"279.52"
"Incidence";"Navarra";"Lung";"60-74";"Male";"2008";"342.71"
"Incidence";"Navarra";"Lung";"60-74";"Male";"2009";"295.24"
"Incidence";"Navarra";"Lung";"60-74";"Male";"2010";"301.15"
"Incidence";"Navarra";"Lung";"60-74";"Male";"2011";"247.92"
"Incidence";"Navarra";"Lung";"60-74";"Male";"2012";"331.06"
"Incidence";"Navarra";"Lung";"60-74";"Male";"2013";"300.38"
"Incidence";"Navarra";"Lung";"60-74";"Male";"2014";"290.46"
"Incidence";"Navarra";"Lung";"60-74";"Male";"2015";"346.21"
"Incidence";"Navarra";"Lung";"60-74";"Male";"2016";"316.47"
"Incidence";"Navarra";"Lung";"60-74";"Male";"2017";"280.22"
"Incidence";"Tarragona";"Lung";"60-74";"Female";"1983";"19.45"
"Incidence";"Tarragona";"Lung";"60-74";"Female";"1984";"5.45"
"Incidence";"Tarragona";"Lung";"60-74";"Female";"1985";"34.72"
"Incidence";"Tarragona";"Lung";"60-74";"Female";"1986";"13.11"
"Incidence";"Tarragona";"Lung";"60-74";"Female";"1987";"10.27"
"Incidence";"Tarragona";"Lung";"60-74";"Female";"1988";"17.57"
"Incidence";"Tarragona";"Lung";"60-74";"Female";"1989";"4.91"
"Incidence";"Tarragona";"Lung";"60-74";"Female";"1990";"19.18"
"Incidence";"Tarragona";"Lung";"60-74";"Female";"1991";"16.40"
"Incidence";"Tarragona";"Lung";"60-74";"Female";"1992";"13.77"
"Incidence";"Tarragona";"Lung";"60-74";"Female";"1993";"33.78"
"Incidence";"Tarragona";"Lung";"60-74";"Female";"1994";"19.93"
"Incidence";"Tarragona";"Lung";"60-74";"Female";"1995";"2.19"
"Incidence";"Tarragona";"Lung";"60-74";"Female";"1996";"23.85"
"Incidence";"Tarragona";"Lung";"60-74";"Female";"1997";"23.70"
"Incidence";"Tarragona";"Lung";"60-74";"Female";"1998";"25.95"
"Incidence";"Tarragona";"Lung";"60-74";"Female";"1999";"8.82"
"Incidence";"Tarragona";"Lung";"60-74";"Female";"2000";"15.52"
"Incidence";"Tarragona";"Lung";"60-74";"Female";"2001";"19.77"
"Incidence";"Tarragona";"Lung";"60-74";"Female";"2002";"35.01"
"Incidence";"Tarragona";"Lung";"60-74";"Female";"2003";"26.02"
"Incidence";"Tarragona";"Lung";"60-74";"Female";"2004";"42.74"
"Incidence";"Tarragona";"Lung";"60-74";"Female";"2005";"39.85"
"Incidence";"Tarragona";"Lung";"60-74";"Female";"2006";"28.74"
"Incidence";"Tarragona";"Lung";"60-74";"Female";"2007";"42.16"
"Incidence";"Tarragona";"Lung";"60-74";"Female";"2008";"47.11"
"Incidence";"Tarragona";"Lung";"60-74";"Female";"2009";"26.90"
"Incidence";"Tarragona";"Lung";"60-74";"Female";"2010";"43.49"
"Incidence";"Tarragona";"Lung";"60-74";"Female";"2011";"44.81"
"Incidence";"Tarragona";"Lung";"60-74";"Female";"2012";"44.04"
"Incidence";"Tarragona";"Lung";"60-74";"Female";"2013";"62.69"
"Incidence";"Tarragona";"Lung";"60-74";"Female";"2014";"64.11"
"Incidence";"Tarragona";"Lung";"60-74";"Female";"2015";"69.21"
"Incidence";"Tarragona";"Lung";"60-74";"Female";"2016";"51.27"
"Incidence";"Tarragona";"Lung";"60-74";"Female";"2017";"69.20"
"Incidence";"Tarragona";"Lung";"60-74";"Female";"2018";"89.25"
"Incidence";"Tarragona";"Lung";"60-74";"Female";"2019";"80.69"
"Incidence";"Navarra";"Lung";"75-85+";"Male";"1983";"291.34"
"Incidence";"Navarra";"Lung";"75-85+";"Male";"1984";"366.09"
"Incidence";"Navarra";"Lung";"75-85+";"Male";"1985";"251.65"
"Incidence";"Navarra";"Lung";"75-85+";"Male";"1986";"243.33"
"Incidence";"Navarra";"Lung";"75-85+";"Male";"1987";"234.97"
"Incidence";"Navarra";"Lung";"75-85+";"Male";"1988";"377.90"
"Incidence";"Navarra";"Lung";"75-85+";"Male";"1989";"237.37"
"Incidence";"Navarra";"Lung";"75-85+";"Male";"1990";"264.17"
"Incidence";"Navarra";"Lung";"75-85+";"Male";"1991";"415.07"
"Incidence";"Navarra";"Lung";"75-85+";"Male";"1992";"384.02"
"Incidence";"Navarra";"Lung";"75-85+";"Male";"1993";"375.66"
"Incidence";"Navarra";"Lung";"75-85+";"Male";"1994";"361.33"
"Incidence";"Navarra";"Lung";"75-85+";"Male";"1995";"389.16"
"Incidence";"Navarra";"Lung";"75-85+";"Male";"1996";"360.91"
"Incidence";"Navarra";"Lung";"75-85+";"Male";"1997";"424.23"
"Incidence";"Navarra";"Lung";"75-85+";"Male";"1998";"391.60"
"Incidence";"Navarra";"Lung";"75-85+";"Male";"1999";"362.86"
"Incidence";"Navarra";"Lung";"75-85+";"Male";"2000";"449.66"
"Incidence";"Navarra";"Lung";"75-85+";"Male";"2001";"464.93"
"Incidence";"Navarra";"Lung";"75-85+";"Male";"2002";"422.88"
"Incidence";"Navarra";"Lung";"75-85+";"Male";"2003";"517.12"
"Incidence";"Navarra";"Lung";"75-85+";"Male";"2004";"500.92"
"Incidence";"Navarra";"Lung";"75-85+";"Male";"2005";"457.05"
"Incidence";"Navarra";"Lung";"75-85+";"Male";"2006";"451.10"
"Incidence";"Navarra";"Lung";"75-85+";"Male";"2007";"385.94"
"Incidence";"Navarra";"Lung";"75-85+";"Male";"2008";"467.76"
"Incidence";"Navarra";"Lung";"75-85+";"Male";"2009";"461.37"
"Incidence";"Navarra";"Lung";"75-85+";"Male";"2010";"469.03"
"Incidence";"Navarra";"Lung";"75-85+";"Male";"2011";"468.07"
"Incidence";"Navarra";"Lung";"75-85+";"Male";"2012";"413.29"
"Incidence";"Navarra";"Lung";"75-85+";"Male";"2013";"386.72"
"Incidence";"Navarra";"Lung";"75-85+";"Male";"2014";"474.60"
"Incidence";"Navarra";"Lung";"75-85+";"Male";"2015";"417.15"
"Incidence";"Navarra";"Lung";"75-85+";"Male";"2016";"483.25"
"Incidence";"Navarra";"Lung";"75-85+";"Male";"2017";"460.03"
"Incidence";"Tarragona";"Lung";"75-85+";"Male";"1983";"269.04"
"Incidence";"Tarragona";"Lung";"75-85+";"Male";"1984";"224.58"
"Incidence";"Tarragona";"Lung";"75-85+";"Male";"1985";"277.49"
"Incidence";"Tarragona";"Lung";"75-85+";"Male";"1986";"243.92"
"Incidence";"Tarragona";"Lung";"75-85+";"Male";"1987";"318.86"
"Incidence";"Tarragona";"Lung";"75-85+";"Male";"1988";"268.44"
"Incidence";"Tarragona";"Lung";"75-85+";"Male";"1989";"252.24"
"Incidence";"Tarragona";"Lung";"75-85+";"Male";"1990";"163.36"
"Incidence";"Tarragona";"Lung";"75-85+";"Male";"1991";"325.40"
"Incidence";"Tarragona";"Lung";"75-85+";"Male";"1992";"253.04"
"Incidence";"Tarragona";"Lung";"75-85+";"Male";"1993";"333.65"
"Incidence";"Tarragona";"Lung";"75-85+";"Male";"1994";"343.78"
"Incidence";"Tarragona";"Lung";"75-85+";"Male";"1995";"343.82"
"Incidence";"Tarragona";"Lung";"75-85+";"Male";"1996";"347.54"
"Incidence";"Tarragona";"Lung";"75-85+";"Male";"1997";"373.42"
"Incidence";"Tarragona";"Lung";"75-85+";"Male";"1998";"391.78"
"Incidence";"Tarragona";"Lung";"75-85+";"Male";"1999";"400.78"
"Incidence";"Tarragona";"Lung";"75-85+";"Male";"2000";"437.51"
"Incidence";"Tarragona";"Lung";"75-85+";"Male";"2001";"382.20"
"Incidence";"Tarragona";"Lung";"75-85+";"Male";"2002";"505.32"
"Incidence";"Tarragona";"Lung";"75-85+";"Male";"2003";"430.57"
"Incidence";"Tarragona";"Lung";"75-85+";"Male";"2004";"428.05"
"Incidence";"Tarragona";"Lung";"75-85+";"Male";"2005";"400.69"
"Incidence";"Tarragona";"Lung";"75-85+";"Male";"2006";"436.83"
"Incidence";"Tarragona";"Lung";"75-85+";"Male";"2007";"416.72"
"Incidence";"Tarragona";"Lung";"75-85+";"Male";"2008";"489.42"
"Incidence";"Tarragona";"Lung";"75-85+";"Male";"2009";"448.72"
"Incidence";"Tarragona";"Lung";"75-85+";"Male";"2010";"443.24"
"Incidence";"Tarragona";"Lung";"75-85+";"Male";"2011";"357.44"
"Incidence";"Tarragona";"Lung";"75-85+";"Male";"2012";"332.86"
"Incidence";"Tarragona";"Lung";"75-85+";"Male";"2013";"519.83"
"Incidence";"Tarragona";"Lung";"75-85+";"Male";"2014";"432.44"
"Incidence";"Tarragona";"Lung";"75-85+";"Male";"2015";"475.15"
"Incidence";"Tarragona";"Lung";"75-85+";"Male";"2016";"416.95"
"Incidence";"Tarragona";"Lung";"75-85+";"Male";"2017";"344.63"
"Incidence";"Tarragona";"Lung";"75-85+";"Male";"2018";"496.41"
"Incidence";"Tarragona";"Lung";"75-85+";"Male";"2019";"389.60"
"Incidence";"Navarra";"Lung";"75-85+";"Female";"1983";"32.26"
"Incidence";"Navarra";"Lung";"75-85+";"Female";"1984";"74.45"
"Incidence";"Navarra";"Lung";"75-85+";"Female";"1985";"23.83"
"Incidence";"Navarra";"Lung";"75-85+";"Female";"1986";"34.16"
"Incidence";"Navarra";"Lung";"75-85+";"Female";"1987";"16.34"
"Incidence";"Navarra";"Lung";"75-85+";"Female";"1988";"15.68"
"Incidence";"Navarra";"Lung";"75-85+";"Female";"1989";"20.19"
"Incidence";"Navarra";"Lung";"75-85+";"Female";"1990";"43.93"
"Incidence";"Navarra";"Lung";"75-85+";"Female";"1991";"28.31"
"Incidence";"Navarra";"Lung";"75-85+";"Female";"1992";"59.50"
"Incidence";"Navarra";"Lung";"75-85+";"Female";"1993";"35.47"
"Incidence";"Navarra";"Lung";"75-85+";"Female";"1994";"12.94"
"Incidence";"Navarra";"Lung";"75-85+";"Female";"1995";"20.92"
"Incidence";"Navarra";"Lung";"75-85+";"Female";"1996";"40.49"
"Incidence";"Navarra";"Lung";"75-85+";"Female";"1997";"34.87"
"Incidence";"Navarra";"Lung";"75-85+";"Female";"1998";"33.55"
"Incidence";"Navarra";"Lung";"75-85+";"Female";"1999";"35.99"
"Incidence";"Navarra";"Lung";"75-85+";"Female";"2000";"21.05"
"Incidence";"Navarra";"Lung";"75-85+";"Female";"2001";"27.15"
"Incidence";"Navarra";"Lung";"75-85+";"Female";"2002";"46.12"
"Incidence";"Navarra";"Lung";"75-85+";"Female";"2003";"48.34"
"Incidence";"Navarra";"Lung";"75-85+";"Female";"2004";"43.96"
"Incidence";"Navarra";"Lung";"75-85+";"Female";"2005";"39.86"
"Incidence";"Navarra";"Lung";"75-85+";"Female";"2006";"41.83"
"Incidence";"Navarra";"Lung";"75-85+";"Female";"2007";"43.97"
"Incidence";"Navarra";"Lung";"75-85+";"Female";"2008";"48.61"
"Incidence";"Navarra";"Lung";"75-85+";"Female";"2009";"44.91"
"Incidence";"Navarra";"Lung";"75-85+";"Female";"2010";"66.34"
"Incidence";"Navarra";"Lung";"75-85+";"Female";"2011";"51.38"
"Incidence";"Navarra";"Lung";"75-85+";"Female";"2012";"69.35"
"Incidence";"Navarra";"Lung";"75-85+";"Female";"2013";"69.35"
"Incidence";"Navarra";"Lung";"75-85+";"Female";"2014";"79.97"
"Incidence";"Navarra";"Lung";"75-85+";"Female";"2015";"58.91"
"Incidence";"Navarra";"Lung";"75-85+";"Female";"2016";"63.66"
"Incidence";"Navarra";"Lung";"75-85+";"Female";"2017";"79.47"
"Incidence";"Tarragona";"Lung";"75-85+";"Female";"1983";"6.21"
"Incidence";"Tarragona";"Lung";"75-85+";"Female";"1984";"35.96"
"Incidence";"Tarragona";"Lung";"75-85+";"Female";"1985";"5.78"
"Incidence";"Tarragona";"Lung";"75-85+";"Female";"1986";"11.19"
"Incidence";"Tarragona";"Lung";"75-85+";"Female";"1987";"32.28"
"Incidence";"Tarragona";"Lung";"75-85+";"Female";"1988";"31.02"
"Incidence";"Tarragona";"Lung";"75-85+";"Female";"1989";"4.99"
"Incidence";"Tarragona";"Lung";"75-85+";"Female";"1990";"14.48"
"Incidence";"Tarragona";"Lung";"75-85+";"Female";"1991";"4.71"
"Incidence";"Tarragona";"Lung";"75-85+";"Female";"1992";"41.39"
"Incidence";"Tarragona";"Lung";"75-85+";"Female";"1993";"44.61"
"Incidence";"Tarragona";"Lung";"75-85+";"Female";"1994";"38.98"
"Incidence";"Tarragona";"Lung";"75-85+";"Female";"1995";"46.07"
"Incidence";"Tarragona";"Lung";"75-85+";"Female";"1996";"32.26"
"Incidence";"Tarragona";"Lung";"75-85+";"Female";"1997";"31.24"
"Incidence";"Tarragona";"Lung";"75-85+";"Female";"1998";"45.46"
"Incidence";"Tarragona";"Lung";"75-85+";"Female";"1999";"33.15"
"Incidence";"Tarragona";"Lung";"75-85+";"Female";"2000";"28.61"
"Incidence";"Tarragona";"Lung";"75-85+";"Female";"2001";"34.54"
"Incidence";"Tarragona";"Lung";"75-85+";"Female";"2002";"36.69"
"Incidence";"Tarragona";"Lung";"75-85+";"Female";"2003";"41.83"
"Incidence";"Tarragona";"Lung";"75-85+";"Female";"2004";"31.04"
"Incidence";"Tarragona";"Lung";"75-85+";"Female";"2005";"59.96"
"Incidence";"Tarragona";"Lung";"75-85+";"Female";"2006";"46.33"
"Incidence";"Tarragona";"Lung";"75-85+";"Female";"2007";"44.79"
"Incidence";"Tarragona";"Lung";"75-85+";"Female";"2008";"59.69"
"Incidence";"Tarragona";"Lung";"75-85+";"Female";"2009";"47.49"
"Incidence";"Tarragona";"Lung";"75-85+";"Female";"2010";"64.24"
"Incidence";"Tarragona";"Lung";"75-85+";"Female";"2011";"57.52"
"Incidence";"Tarragona";"Lung";"75-85+";"Female";"2012";"73.64"
"Incidence";"Tarragona";"Lung";"75-85+";"Female";"2013";"51.21"
"Incidence";"Tarragona";"Lung";"75-85+";"Female";"2014";"76.09"
"Incidence";"Tarragona";"Lung";"75-85+";"Female";"2015";"56.26"
"Incidence";"Tarragona";"Lung";"75-85+";"Female";"2016";"70.00"
"Incidence";"Tarragona";"Lung";"75-85+";"Female";"2017";"69.54"
"Incidence";"Tarragona";"Lung";"75-85+";"Female";"2018";"52.07"
"Incidence";"Tarragona";"Lung";"75-85+";"Female";"2019";"95.13"
"Mortality";"Granada";"Lung";"0-14";"Female";"1985";"0.00"
"Mortality";"Granada";"Lung";"0-14";"Female";"1986";"0.00"
"Mortality";"Granada";"Lung";"0-14";"Female";"1987";"0.00"
"Mortality";"Granada";"Lung";"0-14";"Female";"1988";"0.00"
"Mortality";"Granada";"Lung";"0-14";"Female";"1989";"0.00"
"Mortality";"Granada";"Lung";"0-14";"Female";"1990";"0.00"
"Mortality";"Granada";"Lung";"0-14";"Female";"1991";"0.00"
"Mortality";"Granada";"Lung";"0-14";"Female";"1992";"0.00"
"Mortality";"Granada";"Lung";"0-14";"Female";"1993";"0.00"
"Mortality";"Granada";"Lung";"0-14";"Female";"1994";"0.00"
"Mortality";"Granada";"Lung";"0-14";"Female";"1995";"0.00"
"Mortality";"Granada";"Lung";"0-14";"Female";"1996";"0.00"
"Mortality";"Granada";"Lung";"0-14";"Female";"1997";"0.00"
"Mortality";"Granada";"Lung";"0-14";"Female";"1998";"0.00"
"Mortality";"Granada";"Lung";"0-14";"Female";"1999";"0.00"
"Mortality";"Granada";"Lung";"0-14";"Female";"2000";"0.00"
"Mortality";"Granada";"Lung";"0-14";"Female";"2001";"0.00"
"Mortality";"Granada";"Lung";"0-14";"Female";"2002";"0.00"
"Mortality";"Granada";"Lung";"0-14";"Female";"2003";"0.00"
"Mortality";"Granada";"Lung";"0-14";"Female";"2004";"0.00"
"Mortality";"Granada";"Lung";"0-14";"Female";"2005";"0.00"
"Mortality";"Granada";"Lung";"0-14";"Female";"2006";"0.00"
"Mortality";"Granada";"Lung";"0-14";"Female";"2007";"0.00"
"Mortality";"Granada";"Lung";"0-14";"Female";"2008";"0.00"
"Mortality";"Granada";"Lung";"0-14";"Female";"2009";"0.00"
"Mortality";"Granada";"Lung";"0-14";"Female";"2010";"0.00"
"Mortality";"Granada";"Lung";"0-14";"Female";"2011";"0.00"
"Mortality";"Granada";"Lung";"0-14";"Female";"2012";"0.00"
"Mortality";"Granada";"Lung";"0-14";"Female";"2013";"0.00"
"Mortality";"Granada";"Lung";"0-14";"Female";"2014";"0.00"
"Mortality";"Granada";"Lung";"0-14";"Female";"2015";"0.00"
"Mortality";"Granada";"Lung";"0-14";"Female";"2016";"0.00"
"Mortality";"Granada";"Lung";"0-14";"Female";"2017";"0.00"
"Mortality";"Granada";"Lung";"0-14";"Female";"2018";"0.00"
"Incidence";"Granada";"Lung";"0-14";"Female";"1985";"0.00"
"Incidence";"Granada";"Lung";"0-14";"Female";"1986";"0.00"
"Incidence";"Granada";"Lung";"0-14";"Female";"1987";"0.00"
"Incidence";"Granada";"Lung";"0-14";"Female";"1988";"0.00"
"Incidence";"Granada";"Lung";"0-14";"Female";"1989";"0.00"
"Incidence";"Granada";"Lung";"0-14";"Female";"1990";"0.00"
"Incidence";"Granada";"Lung";"0-14";"Female";"1991";"0.00"
"Incidence";"Granada";"Lung";"0-14";"Female";"1992";"0.00"
"Incidence";"Granada";"Lung";"0-14";"Female";"1993";"0.00"
"Incidence";"Granada";"Lung";"0-14";"Female";"1994";"0.00"
"Incidence";"Granada";"Lung";"0-14";"Female";"1995";"0.00"
"Incidence";"Granada";"Lung";"0-14";"Female";"1996";"0.00"
"Incidence";"Granada";"Lung";"0-14";"Female";"1997";"0.00"
"Incidence";"Granada";"Lung";"0-14";"Female";"1998";"0.00"
"Incidence";"Granada";"Lung";"0-14";"Female";"1999";"0.00"
"Incidence";"Granada";"Lung";"0-14";"Female";"2000";"0.00"
"Incidence";"Granada";"Lung";"0-14";"Female";"2001";"0.00"
"Incidence";"Granada";"Lung";"0-14";"Female";"2002";"0.00"
"Incidence";"Granada";"Lung";"0-14";"Female";"2003";"0.00"
"Incidence";"Granada";"Lung";"0-14";"Female";"2004";"0.00"
"Incidence";"Granada";"Lung";"0-14";"Female";"2005";"0.00"
"Incidence";"Granada";"Lung";"0-14";"Female";"2006";"0.00"
"Incidence";"Granada";"Lung";"0-14";"Female";"2007";"0.00"
"Incidence";"Granada";"Lung";"0-14";"Female";"2008";"0.00"
"Incidence";"Granada";"Lung";"0-14";"Female";"2009";"0.00"
"Incidence";"Granada";"Lung";"0-14";"Female";"2010";"0.00"
"Incidence";"Granada";"Lung";"0-14";"Female";"2011";"0.00"
"Incidence";"Granada";"Lung";"0-14";"Female";"2012";"0.00"
"Incidence";"Granada";"Lung";"0-14";"Female";"2013";"0.00"
"Incidence";"Granada";"Lung";"0-14";"Female";"2014";"0.00"
"Incidence";"Granada";"Lung";"0-14";"Female";"2015";"0.00"
"Incidence";"Granada";"Lung";"0-14";"Female";"2016";"0.00"
"Incidence";"Granada";"Lung";"0-14";"Female";"2017";"0.00"
"Incidence";"Granada";"Lung";"0-14";"Female";"2018";"0.00"
"Incidence";"Granada";"Lung";"0-14";"Male";"1985";"0.00"
"Incidence";"Granada";"Lung";"0-14";"Male";"1986";"0.00"
"Incidence";"Granada";"Lung";"0-14";"Male";"1987";"0.00"
"Incidence";"Granada";"Lung";"0-14";"Male";"1988";"0.00"
"Incidence";"Granada";"Lung";"0-14";"Male";"1989";"0.00"
"Incidence";"Granada";"Lung";"0-14";"Male";"1990";"0.00"
"Incidence";"Granada";"Lung";"0-14";"Male";"1991";"0.00"
"Incidence";"Granada";"Lung";"0-14";"Male";"1992";"0.00"
"Incidence";"Granada";"Lung";"0-14";"Male";"1993";"0.00"
"Incidence";"Granada";"Lung";"0-14";"Male";"1994";"0.00"
"Incidence";"Granada";"Lung";"0-14";"Male";"1995";"0.00"
"Incidence";"Granada";"Lung";"0-14";"Male";"1996";"0.00"
"Incidence";"Granada";"Lung";"0-14";"Male";"1997";"0.00"
"Incidence";"Granada";"Lung";"0-14";"Male";"1998";"0.00"
"Incidence";"Granada";"Lung";"0-14";"Male";"1999";"0.00"
"Incidence";"Granada";"Lung";"0-14";"Male";"2000";"0.00"
"Incidence";"Granada";"Lung";"0-14";"Male";"2001";"0.00"
"Incidence";"Granada";"Lung";"0-14";"Male";"2002";"0.00"
"Incidence";"Granada";"Lung";"0-14";"Male";"2003";"0.00"
"Incidence";"Granada";"Lung";"0-14";"Male";"2004";"0.00"
"Incidence";"Granada";"Lung";"0-14";"Male";"2005";"0.00"
"Incidence";"Granada";"Lung";"0-14";"Male";"2006";"0.00"
"Incidence";"Granada";"Lung";"0-14";"Male";"2007";"0.00"
"Incidence";"Granada";"Lung";"0-14";"Male";"2008";"0.00"
"Incidence";"Granada";"Lung";"0-14";"Male";"2009";"0.00"
"Incidence";"Granada";"Lung";"0-14";"Male";"2010";"0.00"
"Incidence";"Granada";"Lung";"0-14";"Male";"2011";"0.00"
"Incidence";"Granada";"Lung";"0-14";"Male";"2012";"0.00"
"Incidence";"Granada";"Lung";"0-14";"Male";"2013";"0.00"
"Incidence";"Granada";"Lung";"0-14";"Male";"2014";"0.00"
"Incidence";"Granada";"Lung";"0-14";"Male";"2015";"0.00"
"Incidence";"Granada";"Lung";"0-14";"Male";"2016";"0.00"
"Incidence";"Granada";"Lung";"0-14";"Male";"2017";"0.00"
"Incidence";"Granada";"Lung";"0-14";"Male";"2018";"0.00"
"Mortality";"Granada";"Lung";"0-14";"Male";"1985";"0.00"
"Mortality";"Granada";"Lung";"0-14";"Male";"1986";"0.00"
"Mortality";"Granada";"Lung";"0-14";"Male";"1987";"0.00"
"Mortality";"Granada";"Lung";"0-14";"Male";"1988";"0.00"
"Mortality";"Granada";"Lung";"0-14";"Male";"1989";"0.00"
"Mortality";"Granada";"Lung";"0-14";"Male";"1990";"0.00"
"Mortality";"Granada";"Lung";"0-14";"Male";"1991";"0.00"
"Mortality";"Granada";"Lung";"0-14";"Male";"1992";"0.00"
"Mortality";"Granada";"Lung";"0-14";"Male";"1993";"0.00"
"Mortality";"Granada";"Lung";"0-14";"Male";"1994";"0.00"
"Mortality";"Granada";"Lung";"0-14";"Male";"1995";"0.00"
"Mortality";"Granada";"Lung";"0-14";"Male";"1996";"0.00"
"Mortality";"Granada";"Lung";"0-14";"Male";"1997";"0.00"
"Mortality";"Granada";"Lung";"0-14";"Male";"1998";"0.00"
"Mortality";"Granada";"Lung";"0-14";"Male";"1999";"0.00"
"Mortality";"Granada";"Lung";"0-14";"Male";"2000";"0.00"
"Mortality";"Granada";"Lung";"0-14";"Male";"2001";"0.00"
"Mortality";"Granada";"Lung";"0-14";"Male";"2002";"0.00"
"Mortality";"Granada";"Lung";"0-14";"Male";"2003";"0.00"
"Mortality";"Granada";"Lung";"0-14";"Male";"2004";"0.00"
"Mortality";"Granada";"Lung";"0-14";"Male";"2005";"0.00"
"Mortality";"Granada";"Lung";"0-14";"Male";"2006";"0.00"
"Mortality";"Granada";"Lung";"0-14";"Male";"2007";"0.00"
"Mortality";"Granada";"Lung";"0-14";"Male";"2008";"0.00"
"Mortality";"Granada";"Lung";"0-14";"Male";"2009";"0.00"
"Mortality";"Granada";"Lung";"0-14";"Male";"2010";"0.00"
"Mortality";"Granada";"Lung";"0-14";"Male";"2011";"0.00"
"Mortality";"Granada";"Lung";"0-14";"Male";"2012";"0.00"
"Mortality";"Granada";"Lung";"0-14";"Male";"2013";"0.00"
"Mortality";"Granada";"Lung";"0-14";"Male";"2014";"0.00"
"Mortality";"Granada";"Lung";"0-14";"Male";"2015";"0.00"
"Mortality";"Granada";"Lung";"0-14";"Male";"2016";"0.00"
"Mortality";"Granada";"Lung";"0-14";"Male";"2017";"0.00"
"Mortality";"Granada";"Lung";"0-14";"Male";"2018";"0.00"
"Mortality";"Granada";"Lung";"15-29";"Male";"1985";"0.00"
"Mortality";"Granada";"Lung";"15-29";"Male";"1986";"0.95"
"Mortality";"Granada";"Lung";"15-29";"Male";"1987";"0.95"
"Mortality";"Granada";"Lung";"15-29";"Male";"1988";"0.00"
"Mortality";"Granada";"Lung";"15-29";"Male";"1989";"0.00"
"Mortality";"Granada";"Lung";"15-29";"Male";"1990";"0.94"
"Mortality";"Granada";"Lung";"15-29";"Male";"1991";"0.00"
"Mortality";"Granada";"Lung";"15-29";"Male";"1992";"0.00"
"Mortality";"Granada";"Lung";"15-29";"Male";"1993";"0.00"
"Mortality";"Granada";"Lung";"15-29";"Male";"1994";"0.00"
"Mortality";"Granada";"Lung";"15-29";"Male";"1995";"0.00"
"Mortality";"Granada";"Lung";"15-29";"Male";"1996";"0.00"
"Mortality";"Granada";"Lung";"15-29";"Male";"1997";"0.00"
"Mortality";"Granada";"Lung";"15-29";"Male";"1998";"0.00"
"Mortality";"Granada";"Lung";"15-29";"Male";"1999";"0.00"
"Mortality";"Granada";"Lung";"15-29";"Male";"2000";"1.02"
"Mortality";"Granada";"Lung";"15-29";"Male";"2001";"0.00"
"Mortality";"Granada";"Lung";"15-29";"Male";"2002";"0.00"
"Mortality";"Granada";"Lung";"15-29";"Male";"2003";"0.00"
"Mortality";"Granada";"Lung";"15-29";"Male";"2004";"0.00"
"Mortality";"Granada";"Lung";"15-29";"Male";"2005";"0.00"
"Mortality";"Granada";"Lung";"15-29";"Male";"2006";"1.03"
"Mortality";"Granada";"Lung";"15-29";"Male";"2007";"0.00"
"Mortality";"Granada";"Lung";"15-29";"Male";"2008";"1.05"
"Mortality";"Granada";"Lung";"15-29";"Male";"2009";"0.00"
"Mortality";"Granada";"Lung";"15-29";"Male";"2010";"0.00"
"Mortality";"Granada";"Lung";"15-29";"Male";"2011";"0.00"
"Mortality";"Granada";"Lung";"15-29";"Male";"2012";"1.16"
"Mortality";"Granada";"Lung";"15-29";"Male";"2013";"0.00"
"Mortality";"Granada";"Lung";"15-29";"Male";"2014";"0.00"
"Mortality";"Granada";"Lung";"15-29";"Male";"2015";"0.00"
"Mortality";"Granada";"Lung";"15-29";"Male";"2016";"0.00"
"Mortality";"Granada";"Lung";"15-29";"Male";"2017";"2.51"
"Mortality";"Granada";"Lung";"15-29";"Male";"2018";"0.00"
"Incidence";"Granada";"Lung";"15-29";"Female";"1985";"0.00"
"Incidence";"Granada";"Lung";"15-29";"Female";"1986";"0.00"
"Incidence";"Granada";"Lung";"15-29";"Female";"1987";"0.00"
"Incidence";"Granada";"Lung";"15-29";"Female";"1988";"0.00"
"Incidence";"Granada";"Lung";"15-29";"Female";"1989";"0.00"
"Incidence";"Granada";"Lung";"15-29";"Female";"1990";"0.00"
"Incidence";"Granada";"Lung";"15-29";"Female";"1991";"0.00"
"Incidence";"Granada";"Lung";"15-29";"Female";"1992";"0.97"
"Incidence";"Granada";"Lung";"15-29";"Female";"1993";"0.00"
"Incidence";"Granada";"Lung";"15-29";"Female";"1994";"0.00"
"Incidence";"Granada";"Lung";"15-29";"Female";"1995";"0.00"
"Incidence";"Granada";"Lung";"15-29";"Female";"1996";"0.99"
"Incidence";"Granada";"Lung";"15-29";"Female";"1997";"0.00"
"Incidence";"Granada";"Lung";"15-29";"Female";"1998";"0.00"
"Incidence";"Granada";"Lung";"15-29";"Female";"1999";"1.03"
"Incidence";"Granada";"Lung";"15-29";"Female";"2000";"0.00"
"Incidence";"Granada";"Lung";"15-29";"Female";"2001";"1.06"
"Incidence";"Granada";"Lung";"15-29";"Female";"2002";"0.00"
"Incidence";"Granada";"Lung";"15-29";"Female";"2003";"0.00"
"Incidence";"Granada";"Lung";"15-29";"Female";"2004";"1.08"
"Incidence";"Granada";"Lung";"15-29";"Female";"2005";"1.08"
"Incidence";"Granada";"Lung";"15-29";"Female";"2006";"0.00"
"Incidence";"Granada";"Lung";"15-29";"Female";"2007";"1.09"
"Incidence";"Granada";"Lung";"15-29";"Female";"2008";"1.10"
"Incidence";"Granada";"Lung";"15-29";"Female";"2009";"0.00"
"Incidence";"Granada";"Lung";"15-29";"Female";"2010";"0.00"
"Incidence";"Granada";"Lung";"15-29";"Female";"2011";"0.00"
"Incidence";"Granada";"Lung";"15-29";"Female";"2012";"1.22"
"Incidence";"Granada";"Lung";"15-29";"Female";"2013";"0.00"
"Incidence";"Granada";"Lung";"15-29";"Female";"2014";"0.00"
"Incidence";"Granada";"Lung";"15-29";"Female";"2015";"0.00"
"Incidence";"Granada";"Lung";"15-29";"Female";"2016";"0.00"
"Incidence";"Granada";"Lung";"15-29";"Female";"2017";"0.00"
"Incidence";"Granada";"Lung";"15-29";"Female";"2018";"0.00"
"Mortality";"Granada";"Lung";"15-29";"Female";"1985";"0.00"
"Mortality";"Granada";"Lung";"15-29";"Female";"1986";"0.00"
"Mortality";"Granada";"Lung";"15-29";"Female";"1987";"0.00"
"Mortality";"Granada";"Lung";"15-29";"Female";"1988";"0.00"
"Mortality";"Granada";"Lung";"15-29";"Female";"1989";"0.00"
"Mortality";"Granada";"Lung";"15-29";"Female";"1990";"0.00"
"Mortality";"Granada";"Lung";"15-29";"Female";"1991";"0.00"
"Mortality";"Granada";"Lung";"15-29";"Female";"1992";"0.97"
"Mortality";"Granada";"Lung";"15-29";"Female";"1993";"0.00"
"Mortality";"Granada";"Lung";"15-29";"Female";"1994";"0.00"
"Mortality";"Granada";"Lung";"15-29";"Female";"1995";"0.00"
"Mortality";"Granada";"Lung";"15-29";"Female";"1996";"0.99"
"Mortality";"Granada";"Lung";"15-29";"Female";"1997";"0.00"
"Mortality";"Granada";"Lung";"15-29";"Female";"1998";"0.00"
"Mortality";"Granada";"Lung";"15-29";"Female";"1999";"1.03"
"Mortality";"Granada";"Lung";"15-29";"Female";"2000";"0.00"
"Mortality";"Granada";"Lung";"15-29";"Female";"2001";"0.00"
"Mortality";"Granada";"Lung";"15-29";"Female";"2002";"0.00"
"Mortality";"Granada";"Lung";"15-29";"Female";"2003";"0.00"
"Mortality";"Granada";"Lung";"15-29";"Female";"2004";"0.00"
"Mortality";"Granada";"Lung";"15-29";"Female";"2005";"0.00"
"Mortality";"Granada";"Lung";"15-29";"Female";"2006";"0.00"
"Mortality";"Granada";"Lung";"15-29";"Female";"2007";"0.00"
"Mortality";"Granada";"Lung";"15-29";"Female";"2008";"0.00"
"Mortality";"Granada";"Lung";"15-29";"Female";"2009";"0.00"
"Mortality";"Granada";"Lung";"15-29";"Female";"2010";"0.00"
"Mortality";"Granada";"Lung";"15-29";"Female";"2011";"0.00"
"Mortality";"Granada";"Lung";"15-29";"Female";"2012";"0.00"
"Mortality";"Granada";"Lung";"15-29";"Female";"2013";"0.00"
"Mortality";"Granada";"Lung";"15-29";"Female";"2014";"0.00"
"Mortality";"Granada";"Lung";"15-29";"Female";"2015";"0.00"
"Mortality";"Granada";"Lung";"15-29";"Female";"2016";"0.00"
"Mortality";"Granada";"Lung";"15-29";"Female";"2017";"0.00"
"Mortality";"Granada";"Lung";"15-29";"Female";"2018";"0.00"
"Incidence";"Granada";"Lung";"15-29";"Male";"1985";"0.00"
"Incidence";"Granada";"Lung";"15-29";"Male";"1986";"0.00"
"Incidence";"Granada";"Lung";"15-29";"Male";"1987";"0.00"
"Incidence";"Granada";"Lung";"15-29";"Male";"1988";"0.00"
"Incidence";"Granada";"Lung";"15-29";"Male";"1989";"0.00"
"Incidence";"Granada";"Lung";"15-29";"Male";"1990";"0.00"
"Incidence";"Granada";"Lung";"15-29";"Male";"1991";"0.94"
"Incidence";"Granada";"Lung";"15-29";"Male";"1992";"0.00"
"Incidence";"Granada";"Lung";"15-29";"Male";"1993";"0.00"
"Incidence";"Granada";"Lung";"15-29";"Male";"1994";"0.00"
"Incidence";"Granada";"Lung";"15-29";"Male";"1995";"0.00"
"Incidence";"Granada";"Lung";"15-29";"Male";"1996";"0.00"
"Incidence";"Granada";"Lung";"15-29";"Male";"1997";"0.00"
"Incidence";"Granada";"Lung";"15-29";"Male";"1998";"0.00"
"Incidence";"Granada";"Lung";"15-29";"Male";"1999";"0.00"
"Incidence";"Granada";"Lung";"15-29";"Male";"2000";"0.00"
"Incidence";"Granada";"Lung";"15-29";"Male";"2001";"0.00"
"Incidence";"Granada";"Lung";"15-29";"Male";"2002";"0.00"
"Incidence";"Granada";"Lung";"15-29";"Male";"2003";"0.00"
"Incidence";"Granada";"Lung";"15-29";"Male";"2004";"0.00"
"Incidence";"Granada";"Lung";"15-29";"Male";"2005";"0.00"
"Incidence";"Granada";"Lung";"15-29";"Male";"2006";"1.03"
"Incidence";"Granada";"Lung";"15-29";"Male";"2007";"0.00"
"Incidence";"Granada";"Lung";"15-29";"Male";"2008";"1.05"
"Incidence";"Granada";"Lung";"15-29";"Male";"2009";"0.00"
"Incidence";"Granada";"Lung";"15-29";"Male";"2010";"1.10"
"Incidence";"Granada";"Lung";"15-29";"Male";"2011";"0.00"
"Incidence";"Granada";"Lung";"15-29";"Male";"2012";"1.16"
"Incidence";"Granada";"Lung";"15-29";"Male";"2013";"2.38"
"Incidence";"Granada";"Lung";"15-29";"Male";"2014";"0.00"
"Incidence";"Granada";"Lung";"15-29";"Male";"2015";"0.00"
"Incidence";"Granada";"Lung";"15-29";"Male";"2016";"0.00"
"Incidence";"Granada";"Lung";"15-29";"Male";"2017";"1.25"
"Incidence";"Granada";"Lung";"15-29";"Male";"2018";"0.00"
"Mortality";"Granada";"Lung";"30-44";"Male";"1985";"6.48"
"Mortality";"Granada";"Lung";"30-44";"Male";"1986";"0.00"
"Mortality";"Granada";"Lung";"30-44";"Male";"1987";"1.54"
"Mortality";"Granada";"Lung";"30-44";"Male";"1988";"7.48"
"Mortality";"Granada";"Lung";"30-44";"Male";"1989";"10.20"
"Mortality";"Granada";"Lung";"30-44";"Male";"1990";"7.13"
"Mortality";"Granada";"Lung";"30-44";"Male";"1991";"2.78"
"Mortality";"Granada";"Lung";"30-44";"Male";"1992";"9.42"
"Mortality";"Granada";"Lung";"30-44";"Male";"1993";"2.61"
"Mortality";"Granada";"Lung";"30-44";"Male";"1994";"5.04"
"Mortality";"Granada";"Lung";"30-44";"Male";"1995";"6.07"
"Mortality";"Granada";"Lung";"30-44";"Male";"1996";"9.39"
"Mortality";"Granada";"Lung";"30-44";"Male";"1997";"10.26"
"Mortality";"Granada";"Lung";"30-44";"Male";"1998";"6.68"
"Mortality";"Granada";"Lung";"30-44";"Male";"1999";"6.53"
"Mortality";"Granada";"Lung";"30-44";"Male";"2000";"3.21"
"Mortality";"Granada";"Lung";"30-44";"Male";"2001";"2.11"
"Mortality";"Granada";"Lung";"30-44";"Male";"2002";"5.20"
"Mortality";"Granada";"Lung";"30-44";"Male";"2003";"6.11"
"Mortality";"Granada";"Lung";"30-44";"Male";"2004";"0.99"
"Mortality";"Granada";"Lung";"30-44";"Male";"2005";"6.75"
"Mortality";"Granada";"Lung";"30-44";"Male";"2006";"8.44"
"Mortality";"Granada";"Lung";"30-44";"Male";"2007";"7.30"
"Mortality";"Granada";"Lung";"30-44";"Male";"2008";"4.46"
"Mortality";"Granada";"Lung";"30-44";"Male";"2009";"2.65"
"Mortality";"Granada";"Lung";"30-44";"Male";"2010";"4.39"
"Mortality";"Granada";"Lung";"30-44";"Male";"2011";"4.39"
"Mortality";"Granada";"Lung";"30-44";"Male";"2012";"2.66"
"Mortality";"Granada";"Lung";"30-44";"Male";"2013";"1.80"
"Mortality";"Granada";"Lung";"30-44";"Male";"2014";"2.75"
"Mortality";"Granada";"Lung";"30-44";"Male";"2015";"3.74"
"Mortality";"Granada";"Lung";"30-44";"Male";"2016";"7.65"
"Mortality";"Granada";"Lung";"30-44";"Male";"2017";"0.00"
"Mortality";"Granada";"Lung";"30-44";"Male";"2018";"0.00"
"Mortality";"Granada";"Lung";"30-44";"Female";"1985";"3.18"
"Mortality";"Granada";"Lung";"30-44";"Female";"1986";"0.00"
"Mortality";"Granada";"Lung";"30-44";"Female";"1987";"1.52"
"Mortality";"Granada";"Lung";"30-44";"Female";"1988";"0.00"
"Mortality";"Granada";"Lung";"30-44";"Female";"1989";"1.44"
"Mortality";"Granada";"Lung";"30-44";"Female";"1990";"0.00"
"Mortality";"Granada";"Lung";"30-44";"Female";"1991";"0.00"
"Mortality";"Granada";"Lung";"30-44";"Female";"1992";"1.33"
"Mortality";"Granada";"Lung";"30-44";"Female";"1993";"3.89"
"Mortality";"Granada";"Lung";"30-44";"Female";"1994";"2.51"
"Mortality";"Granada";"Lung";"30-44";"Female";"1995";"1.21"
"Mortality";"Granada";"Lung";"30-44";"Female";"1996";"0.00"
"Mortality";"Granada";"Lung";"30-44";"Female";"1997";"2.27"
"Mortality";"Granada";"Lung";"30-44";"Female";"1998";"1.11"
"Mortality";"Granada";"Lung";"30-44";"Female";"1999";"2.17"
"Mortality";"Granada";"Lung";"30-44";"Female";"2000";"2.13"
"Mortality";"Granada";"Lung";"30-44";"Female";"2001";"6.31"
"Mortality";"Granada";"Lung";"30-44";"Female";"2002";"0.00"
"Mortality";"Granada";"Lung";"30-44";"Female";"2003";"6.11"
"Mortality";"Granada";"Lung";"30-44";"Female";"2004";"1.00"
"Mortality";"Granada";"Lung";"30-44";"Female";"2005";"1.96"
"Mortality";"Granada";"Lung";"30-44";"Female";"2006";"1.92"
"Mortality";"Granada";"Lung";"30-44";"Female";"2007";"3.77"
"Mortality";"Granada";"Lung";"30-44";"Female";"2008";"0.93"
"Mortality";"Granada";"Lung";"30-44";"Female";"2009";"0.00"
"Mortality";"Granada";"Lung";"30-44";"Female";"2010";"0.00"
"Mortality";"Granada";"Lung";"30-44";"Female";"2011";"0.93"
"Mortality";"Granada";"Lung";"30-44";"Female";"2012";"0.93"
"Mortality";"Granada";"Lung";"30-44";"Female";"2013";"2.83"
"Mortality";"Granada";"Lung";"30-44";"Female";"2014";"2.88"
"Mortality";"Granada";"Lung";"30-44";"Female";"2015";"0.98"
"Mortality";"Granada";"Lung";"30-44";"Female";"2016";"1.99"
"Mortality";"Granada";"Lung";"30-44";"Female";"2017";"2.02"
"Mortality";"Granada";"Lung";"30-44";"Female";"2018";"2.05"
"Incidence";"Granada";"Lung";"30-44";"Female";"1985";"1.59"
"Incidence";"Granada";"Lung";"30-44";"Female";"1986";"1.56"
"Incidence";"Granada";"Lung";"30-44";"Female";"1987";"3.04"
"Incidence";"Granada";"Lung";"30-44";"Female";"1988";"1.48"
"Incidence";"Granada";"Lung";"30-44";"Female";"1989";"1.44"
"Incidence";"Granada";"Lung";"30-44";"Female";"1990";"0.00"
"Incidence";"Granada";"Lung";"30-44";"Female";"1991";"0.00"
"Incidence";"Granada";"Lung";"30-44";"Female";"1992";"0.00"
"Incidence";"Granada";"Lung";"30-44";"Female";"1993";"5.18"
"Incidence";"Granada";"Lung";"30-44";"Female";"1994";"3.77"
"Incidence";"Granada";"Lung";"30-44";"Female";"1995";"6.06"
"Incidence";"Granada";"Lung";"30-44";"Female";"1996";"0.00"
"Incidence";"Granada";"Lung";"30-44";"Female";"1997";"3.41"
"Incidence";"Granada";"Lung";"30-44";"Female";"1998";"3.32"
"Incidence";"Granada";"Lung";"30-44";"Female";"1999";"3.25"
"Incidence";"Granada";"Lung";"30-44";"Female";"2000";"3.20"
"Incidence";"Granada";"Lung";"30-44";"Female";"2001";"1.05"
"Incidence";"Granada";"Lung";"30-44";"Female";"2002";"4.14"
"Incidence";"Granada";"Lung";"30-44";"Female";"2003";"3.05"
"Incidence";"Granada";"Lung";"30-44";"Female";"2004";"4.99"
"Incidence";"Granada";"Lung";"30-44";"Female";"2005";"2.94"
"Incidence";"Granada";"Lung";"30-44";"Female";"2006";"4.80"
"Incidence";"Granada";"Lung";"30-44";"Female";"2007";"1.88"
"Incidence";"Granada";"Lung";"30-44";"Female";"2008";"0.00"
"Incidence";"Granada";"Lung";"30-44";"Female";"2009";"3.70"
"Incidence";"Granada";"Lung";"30-44";"Female";"2010";"0.92"
"Incidence";"Granada";"Lung";"30-44";"Female";"2011";"1.85"
"Incidence";"Granada";"Lung";"30-44";"Female";"2012";"2.80"
"Incidence";"Granada";"Lung";"30-44";"Female";"2013";"4.72"
"Incidence";"Granada";"Lung";"30-44";"Female";"2014";"1.92"
"Incidence";"Granada";"Lung";"30-44";"Female";"2015";"0.00"
"Incidence";"Granada";"Lung";"30-44";"Female";"2016";"2.98"
"Incidence";"Granada";"Lung";"30-44";"Female";"2017";"4.05"
"Incidence";"Granada";"Lung";"30-44";"Female";"2018";"2.05"
"Incidence";"Granada";"Lung";"30-44";"Male";"1985";"9.72"
"Incidence";"Granada";"Lung";"30-44";"Male";"1986";"1.59"
"Incidence";"Granada";"Lung";"30-44";"Male";"1987";"9.25"
"Incidence";"Granada";"Lung";"30-44";"Male";"1988";"4.49"
"Incidence";"Granada";"Lung";"30-44";"Male";"1989";"10.20"
"Incidence";"Granada";"Lung";"30-44";"Male";"1990";"4.28"
"Incidence";"Granada";"Lung";"30-44";"Male";"1991";"9.73"
"Incidence";"Granada";"Lung";"30-44";"Male";"1992";"8.08"
"Incidence";"Granada";"Lung";"30-44";"Male";"1993";"5.21"
"Incidence";"Granada";"Lung";"30-44";"Male";"1994";"10.07"
"Incidence";"Granada";"Lung";"30-44";"Male";"1995";"6.07"
"Incidence";"Granada";"Lung";"30-44";"Male";"1996";"15.25"
"Incidence";"Granada";"Lung";"30-44";"Male";"1997";"14.82"
"Incidence";"Granada";"Lung";"30-44";"Male";"1998";"5.56"
"Incidence";"Granada";"Lung";"30-44";"Male";"1999";"4.36"
"Incidence";"Granada";"Lung";"30-44";"Male";"2000";"7.49"
"Incidence";"Granada";"Lung";"30-44";"Male";"2001";"4.23"
"Incidence";"Granada";"Lung";"30-44";"Male";"2002";"11.44"
"Incidence";"Granada";"Lung";"30-44";"Male";"2003";"5.09"
"Incidence";"Granada";"Lung";"30-44";"Male";"2004";"6.95"
"Incidence";"Granada";"Lung";"30-44";"Male";"2005";"10.60"
"Incidence";"Granada";"Lung";"30-44";"Male";"2006";"10.32"
"Incidence";"Granada";"Lung";"30-44";"Male";"2007";"8.21"
"Incidence";"Granada";"Lung";"30-44";"Male";"2008";"8.03"
"Incidence";"Granada";"Lung";"30-44";"Male";"2009";"2.65"
"Incidence";"Granada";"Lung";"30-44";"Male";"2010";"4.39"
"Incidence";"Granada";"Lung";"30-44";"Male";"2011";"4.39"
"Incidence";"Granada";"Lung";"30-44";"Male";"2012";"3.54"
"Incidence";"Granada";"Lung";"30-44";"Male";"2013";"0.00"
"Incidence";"Granada";"Lung";"30-44";"Male";"2014";"10.09"
"Incidence";"Granada";"Lung";"30-44";"Male";"2015";"5.62"
"Incidence";"Granada";"Lung";"30-44";"Male";"2016";"4.78"
"Incidence";"Granada";"Lung";"30-44";"Male";"2017";"2.93"
"Incidence";"Granada";"Lung";"30-44";"Male";"2018";"1.99"
"Mortality";"Granada";"Lung";"45-59";"Male";"1985";"69.76"
"Mortality";"Granada";"Lung";"45-59";"Male";"1986";"63.89"
"Mortality";"Granada";"Lung";"45-59";"Male";"1987";"55.01"
"Mortality";"Granada";"Lung";"45-59";"Male";"1988";"73.44"
"Mortality";"Granada";"Lung";"45-59";"Male";"1989";"74.14"
"Mortality";"Granada";"Lung";"45-59";"Male";"1990";"59.88"
"Mortality";"Granada";"Lung";"45-59";"Male";"1991";"82.31"
"Mortality";"Granada";"Lung";"45-59";"Male";"1992";"68.06"
"Mortality";"Granada";"Lung";"45-59";"Male";"1993";"79.11"
"Mortality";"Granada";"Lung";"45-59";"Male";"1994";"65.62"
"Mortality";"Granada";"Lung";"45-59";"Male";"1995";"72.71"
"Mortality";"Granada";"Lung";"45-59";"Male";"1996";"93.84"
"Mortality";"Granada";"Lung";"45-59";"Male";"1997";"72.63"
"Mortality";"Granada";"Lung";"45-59";"Male";"1998";"76.45"
"Mortality";"Granada";"Lung";"45-59";"Male";"1999";"69.59"
"Mortality";"Granada";"Lung";"45-59";"Male";"2000";"63.37"
"Mortality";"Granada";"Lung";"45-59";"Male";"2001";"44.54"
"Mortality";"Granada";"Lung";"45-59";"Male";"2002";"49.11"
"Mortality";"Granada";"Lung";"45-59";"Male";"2003";"61.98"
"Mortality";"Granada";"Lung";"45-59";"Male";"2004";"72.43"
"Mortality";"Granada";"Lung";"45-59";"Male";"2005";"57.37"
"Mortality";"Granada";"Lung";"45-59";"Male";"2006";"59.12"
"Mortality";"Granada";"Lung";"45-59";"Male";"2007";"56.78"
"Mortality";"Granada";"Lung";"45-59";"Male";"2008";"64.41"
"Mortality";"Granada";"Lung";"45-59";"Male";"2009";"45.76"
"Mortality";"Granada";"Lung";"45-59";"Male";"2010";"49.75"
"Mortality";"Granada";"Lung";"45-59";"Male";"2011";"53.56"
"Mortality";"Granada";"Lung";"45-59";"Male";"2012";"52.12"
"Mortality";"Granada";"Lung";"45-59";"Male";"2013";"43.64"
"Mortality";"Granada";"Lung";"45-59";"Male";"2014";"56.97"
"Mortality";"Granada";"Lung";"45-59";"Male";"2015";"41.97"
"Mortality";"Granada";"Lung";"45-59";"Male";"2016";"42.34"
"Mortality";"Granada";"Lung";"45-59";"Male";"2017";"31.17"
"Mortality";"Granada";"Lung";"45-59";"Male";"2018";"29.95"
"Mortality";"Granada";"Lung";"45-59";"Female";"1985";"1.50"
"Mortality";"Granada";"Lung";"45-59";"Female";"1986";"7.54"
"Mortality";"Granada";"Lung";"45-59";"Female";"1987";"3.06"
"Mortality";"Granada";"Lung";"45-59";"Female";"1988";"6.17"
"Mortality";"Granada";"Lung";"45-59";"Female";"1989";"10.86"
"Mortality";"Granada";"Lung";"45-59";"Female";"1990";"4.69"
"Mortality";"Granada";"Lung";"45-59";"Female";"1991";"4.73"
"Mortality";"Granada";"Lung";"45-59";"Female";"1992";"9.56"
"Mortality";"Granada";"Lung";"45-59";"Female";"1993";"6.41"
"Mortality";"Granada";"Lung";"45-59";"Female";"1994";"3.21"
"Mortality";"Granada";"Lung";"45-59";"Female";"1995";"6.46"
"Mortality";"Granada";"Lung";"45-59";"Female";"1996";"4.88"
"Mortality";"Granada";"Lung";"45-59";"Female";"1997";"9.76"
"Mortality";"Granada";"Lung";"45-59";"Female";"1998";"8.02"
"Mortality";"Granada";"Lung";"45-59";"Female";"1999";"0.00"
"Mortality";"Granada";"Lung";"45-59";"Female";"2000";"6.17"
"Mortality";"Granada";"Lung";"45-59";"Female";"2001";"6.07"
"Mortality";"Granada";"Lung";"45-59";"Female";"2002";"0.00"
"Mortality";"Granada";"Lung";"45-59";"Female";"2003";"4.27"
"Mortality";"Granada";"Lung";"45-59";"Female";"2004";"8.24"
"Mortality";"Granada";"Lung";"45-59";"Female";"2005";"11.94"
"Mortality";"Granada";"Lung";"45-59";"Female";"2006";"8.97"
"Mortality";"Granada";"Lung";"45-59";"Female";"2007";"18.55"
"Mortality";"Granada";"Lung";"45-59";"Female";"2008";"16.80"
"Mortality";"Granada";"Lung";"45-59";"Female";"2009";"13.96"
"Mortality";"Granada";"Lung";"45-59";"Female";"2010";"17.98"
"Mortality";"Granada";"Lung";"45-59";"Female";"2011";"17.42"
"Mortality";"Granada";"Lung";"45-59";"Female";"2012";"20.11"
"Mortality";"Granada";"Lung";"45-59";"Female";"2013";"12.41"
"Mortality";"Granada";"Lung";"45-59";"Female";"2014";"14.19"
"Mortality";"Granada";"Lung";"45-59";"Female";"2015";"11.95"
"Mortality";"Granada";"Lung";"45-59";"Female";"2016";"10.78"
"Mortality";"Granada";"Lung";"45-59";"Female";"2017";"16.46"
"Mortality";"Granada";"Lung";"45-59";"Female";"2018";"15.36"
"Incidence";"Granada";"Lung";"45-59";"Male";"1985";"82.44"
"Incidence";"Granada";"Lung";"45-59";"Male";"1986";"75.07"
"Incidence";"Granada";"Lung";"45-59";"Male";"1987";"84.14"
"Incidence";"Granada";"Lung";"45-59";"Male";"1988";"99.55"
"Incidence";"Granada";"Lung";"45-59";"Male";"1989";"77.43"
"Incidence";"Granada";"Lung";"45-59";"Male";"1990";"83.16"
"Incidence";"Granada";"Lung";"45-59";"Male";"1991";"75.59"
"Incidence";"Granada";"Lung";"45-59";"Male";"1992";"112.30"
"Incidence";"Granada";"Lung";"45-59";"Male";"1993";"101.47"
"Incidence";"Granada";"Lung";"45-59";"Male";"1994";"93.25"
"Incidence";"Granada";"Lung";"45-59";"Male";"1995";"86.56"
"Incidence";"Granada";"Lung";"45-59";"Male";"1996";"97.32"
"Incidence";"Granada";"Lung";"45-59";"Male";"1997";"91.65"
"Incidence";"Granada";"Lung";"45-59";"Male";"1998";"73.06"
"Incidence";"Granada";"Lung";"45-59";"Male";"1999";"76.21"
"Incidence";"Granada";"Lung";"45-59";"Male";"2000";"76.37"
"Incidence";"Granada";"Lung";"45-59";"Male";"2001";"66.81"
"Incidence";"Granada";"Lung";"45-59";"Male";"2002";"73.66"
"Incidence";"Granada";"Lung";"45-59";"Male";"2003";"87.07"
"Incidence";"Granada";"Lung";"45-59";"Male";"2004";"65.33"
"Incidence";"Granada";"Lung";"45-59";"Male";"2005";"79.23"
"Incidence";"Granada";"Lung";"45-59";"Male";"2006";"70.94"
"Incidence";"Granada";"Lung";"45-59";"Male";"2007";"68.14"
"Incidence";"Granada";"Lung";"45-59";"Male";"2008";"89.94"
"Incidence";"Granada";"Lung";"45-59";"Male";"2009";"56.31"
"Incidence";"Granada";"Lung";"45-59";"Male";"2010";"78.02"
"Incidence";"Granada";"Lung";"45-59";"Male";"2011";"57.93"
"Incidence";"Granada";"Lung";"45-59";"Male";"2012";"61.69"
"Incidence";"Granada";"Lung";"45-59";"Male";"2013";"66.51"
"Incidence";"Granada";"Lung";"45-59";"Male";"2014";"72.23"
"Incidence";"Granada";"Lung";"45-59";"Male";"2015";"51.96"
"Incidence";"Granada";"Lung";"45-59";"Male";"2016";"48.25"
"Incidence";"Granada";"Lung";"45-59";"Male";"2017";"44.80"
"Incidence";"Granada";"Lung";"45-59";"Male";"2018";"51.21"
"Incidence";"Granada";"Lung";"45-59";"Female";"1985";"10.50"
"Incidence";"Granada";"Lung";"45-59";"Female";"1986";"1.51"
"Incidence";"Granada";"Lung";"45-59";"Female";"1987";"4.58"
"Incidence";"Granada";"Lung";"45-59";"Female";"1988";"4.62"
"Incidence";"Granada";"Lung";"45-59";"Female";"1989";"7.76"
"Incidence";"Granada";"Lung";"45-59";"Female";"1990";"4.69"
"Incidence";"Granada";"Lung";"45-59";"Female";"1991";"11.04"
"Incidence";"Granada";"Lung";"45-59";"Female";"1992";"6.37"
"Incidence";"Granada";"Lung";"45-59";"Female";"1993";"6.41"
"Incidence";"Granada";"Lung";"45-59";"Female";"1994";"4.82"
"Incidence";"Granada";"Lung";"45-59";"Female";"1995";"3.23"
"Incidence";"Granada";"Lung";"45-59";"Female";"1996";"8.13"
"Incidence";"Granada";"Lung";"45-59";"Female";"1997";"8.13"
"Incidence";"Granada";"Lung";"45-59";"Female";"1998";"6.42"
"Incidence";"Granada";"Lung";"45-59";"Female";"1999";"3.14"
"Incidence";"Granada";"Lung";"45-59";"Female";"2000";"4.63"
"Incidence";"Granada";"Lung";"45-59";"Female";"2001";"0.00"
"Incidence";"Granada";"Lung";"45-59";"Female";"2002";"10.31"
"Incidence";"Granada";"Lung";"45-59";"Female";"2003";"7.11"
"Incidence";"Granada";"Lung";"45-59";"Female";"2004";"20.60"
"Incidence";"Granada";"Lung";"45-59";"Female";"2005";"14.60"
"Incidence";"Granada";"Lung";"45-59";"Female";"2006";"16.66"
"Incidence";"Granada";"Lung";"45-59";"Female";"2007";"19.79"
"Incidence";"Granada";"Lung";"45-59";"Female";"2008";"25.20"
"Incidence";"Granada";"Lung";"45-59";"Female";"2009";"23.26"
"Incidence";"Granada";"Lung";"45-59";"Female";"2010";"20.22"
"Incidence";"Granada";"Lung";"45-59";"Female";"2011";"30.49"
"Incidence";"Granada";"Lung";"45-59";"Female";"2012";"22.23"
"Incidence";"Granada";"Lung";"45-59";"Female";"2013";"12.41"
"Incidence";"Granada";"Lung";"45-59";"Female";"2014";"13.17"
"Incidence";"Granada";"Lung";"45-59";"Female";"2015";"22.90"
"Incidence";"Granada";"Lung";"45-59";"Female";"2016";"23.53"
"Incidence";"Granada";"Lung";"45-59";"Female";"2017";"26.14"
"Incidence";"Granada";"Lung";"45-59";"Female";"2018";"18.24"
"Incidence";"Granada";"Lung";"60-74";"Female";"1985";"16.15"
"Incidence";"Granada";"Lung";"60-74";"Female";"1986";"9.96"
"Incidence";"Granada";"Lung";"60-74";"Female";"1987";"3.91"
"Incidence";"Granada";"Lung";"60-74";"Female";"1988";"7.65"
"Incidence";"Granada";"Lung";"60-74";"Female";"1989";"9.34"
"Incidence";"Granada";"Lung";"60-74";"Female";"1990";"14.54"
"Incidence";"Granada";"Lung";"60-74";"Female";"1991";"14.14"
"Incidence";"Granada";"Lung";"60-74";"Female";"1992";"24.15"
"Incidence";"Granada";"Lung";"60-74";"Female";"1993";"16.86"
"Incidence";"Granada";"Lung";"60-74";"Female";"1994";"16.49"
"Incidence";"Granada";"Lung";"60-74";"Female";"1995";"14.58"
"Incidence";"Granada";"Lung";"60-74";"Female";"1996";"19.12"
"Incidence";"Granada";"Lung";"60-74";"Female";"1997";"20.51"
"Incidence";"Granada";"Lung";"60-74";"Female";"1998";"11.07"
"Incidence";"Granada";"Lung";"60-74";"Female";"1999";"16.00"
"Incidence";"Granada";"Lung";"60-74";"Female";"2000";"17.67"
"Incidence";"Granada";"Lung";"60-74";"Female";"2001";"20.92"
"Incidence";"Granada";"Lung";"60-74";"Female";"2002";"25.97"
"Incidence";"Granada";"Lung";"60-74";"Female";"2003";"16.24"
"Incidence";"Granada";"Lung";"60-74";"Female";"2004";"21.08"
"Incidence";"Granada";"Lung";"60-74";"Female";"2005";"30.81"
"Incidence";"Granada";"Lung";"60-74";"Female";"2006";"32.46"
"Incidence";"Granada";"Lung";"60-74";"Female";"2007";"35.80"
"Incidence";"Granada";"Lung";"60-74";"Female";"2008";"19.51"
"Incidence";"Granada";"Lung";"60-74";"Female";"2009";"29.18"
"Incidence";"Granada";"Lung";"60-74";"Female";"2010";"27.52"
"Incidence";"Granada";"Lung";"60-74";"Female";"2011";"30.80"
"Incidence";"Granada";"Lung";"60-74";"Female";"2012";"20.99"
"Incidence";"Granada";"Lung";"60-74";"Female";"2013";"36.59"
"Incidence";"Granada";"Lung";"60-74";"Female";"2014";"40.38"
"Incidence";"Granada";"Lung";"60-74";"Female";"2015";"35.09"
"Incidence";"Granada";"Lung";"60-74";"Female";"2016";"58.42"
"Incidence";"Granada";"Lung";"60-74";"Female";"2017";"78.56"
"Incidence";"Granada";"Lung";"60-74";"Female";"2018";"66.36"
"Incidence";"Granada";"Lung";"60-74";"Male";"1985";"236.53"
"Incidence";"Granada";"Lung";"60-74";"Male";"1986";"242.48"
"Incidence";"Granada";"Lung";"60-74";"Male";"1987";"236.46"
"Incidence";"Granada";"Lung";"60-74";"Male";"1988";"262.07"
"Incidence";"Granada";"Lung";"60-74";"Male";"1989";"298.75"
"Incidence";"Granada";"Lung";"60-74";"Male";"1990";"282.67"
"Incidence";"Granada";"Lung";"60-74";"Male";"1991";"277.43"
"Incidence";"Granada";"Lung";"60-74";"Male";"1992";"262.86"
"Incidence";"Granada";"Lung";"60-74";"Male";"1993";"276.26"
"Incidence";"Granada";"Lung";"60-74";"Male";"1994";"318.60"
"Incidence";"Granada";"Lung";"60-74";"Male";"1995";"299.61"
"Incidence";"Granada";"Lung";"60-74";"Male";"1996";"316.94"
"Incidence";"Granada";"Lung";"60-74";"Male";"1997";"243.46"
"Incidence";"Granada";"Lung";"60-74";"Male";"1998";"286.49"
"Incidence";"Granada";"Lung";"60-74";"Male";"1999";"320.25"
"Incidence";"Granada";"Lung";"60-74";"Male";"2000";"296.09"
"Incidence";"Granada";"Lung";"60-74";"Male";"2001";"334.06"
"Incidence";"Granada";"Lung";"60-74";"Male";"2002";"295.00"
"Incidence";"Granada";"Lung";"60-74";"Male";"2003";"272.07"
"Incidence";"Granada";"Lung";"60-74";"Male";"2004";"255.94"
"Incidence";"Granada";"Lung";"60-74";"Male";"2005";"310.39"
"Incidence";"Granada";"Lung";"60-74";"Male";"2006";"290.62"
"Incidence";"Granada";"Lung";"60-74";"Male";"2007";"305.60"
"Incidence";"Granada";"Lung";"60-74";"Male";"2008";"281.20"
"Incidence";"Granada";"Lung";"60-74";"Male";"2009";"253.83"
"Incidence";"Granada";"Lung";"60-74";"Male";"2010";"270.84"
"Incidence";"Granada";"Lung";"60-74";"Male";"2011";"236.70"
"Incidence";"Granada";"Lung";"60-74";"Male";"2012";"273.39"
"Incidence";"Granada";"Lung";"60-74";"Male";"2013";"271.27"
"Incidence";"Granada";"Lung";"60-74";"Male";"2014";"265.84"
"Incidence";"Granada";"Lung";"60-74";"Male";"2015";"228.54"
"Incidence";"Granada";"Lung";"60-74";"Male";"2016";"251.64"
"Incidence";"Granada";"Lung";"60-74";"Male";"2017";"287.85"
"Incidence";"Granada";"Lung";"60-74";"Male";"2018";"244.38"
"Mortality";"Granada";"Lung";"60-74";"Male";"1985";"221.75"
"Mortality";"Granada";"Lung";"60-74";"Male";"1986";"230.48"
"Mortality";"Granada";"Lung";"60-74";"Male";"1987";"203.69"
"Mortality";"Granada";"Lung";"60-74";"Male";"1988";"230.16"
"Mortality";"Granada";"Lung";"60-74";"Male";"1989";"281.05"
"Mortality";"Granada";"Lung";"60-74";"Male";"1990";"207.72"
"Mortality";"Granada";"Lung";"60-74";"Male";"1991";"300.21"
"Mortality";"Granada";"Lung";"60-74";"Male";"1992";"252.83"
"Mortality";"Granada";"Lung";"60-74";"Male";"1993";"235.40"
"Mortality";"Granada";"Lung";"60-74";"Male";"1994";"284.47"
"Mortality";"Granada";"Lung";"60-74";"Male";"1995";"258.67"
"Mortality";"Granada";"Lung";"60-74";"Male";"1996";"272.97"
"Mortality";"Granada";"Lung";"60-74";"Male";"1997";"241.65"
"Mortality";"Granada";"Lung";"60-74";"Male";"1998";"288.32"
"Mortality";"Granada";"Lung";"60-74";"Male";"1999";"277.67"
"Mortality";"Granada";"Lung";"60-74";"Male";"2000";"266.30"
"Mortality";"Granada";"Lung";"60-74";"Male";"2001";"300.47"
"Mortality";"Granada";"Lung";"60-74";"Male";"2002";"283.72"
"Mortality";"Granada";"Lung";"60-74";"Male";"2003";"225.16"
"Mortality";"Granada";"Lung";"60-74";"Male";"2004";"231.65"
"Mortality";"Granada";"Lung";"60-74";"Male";"2005";"228.61"
"Mortality";"Granada";"Lung";"60-74";"Male";"2006";"246.19"
"Mortality";"Granada";"Lung";"60-74";"Male";"2007";"255.59"
"Mortality";"Granada";"Lung";"60-74";"Male";"2008";"255.30"
"Mortality";"Granada";"Lung";"60-74";"Male";"2009";"240.95"
"Mortality";"Granada";"Lung";"60-74";"Male";"2010";"215.94"
"Mortality";"Granada";"Lung";"60-74";"Male";"2011";"202.10"
"Mortality";"Granada";"Lung";"60-74";"Male";"2012";"181.66"
"Mortality";"Granada";"Lung";"60-74";"Male";"2013";"214.90"
"Mortality";"Granada";"Lung";"60-74";"Male";"2014";"198.95"
"Mortality";"Granada";"Lung";"60-74";"Male";"2015";"188.21"
"Mortality";"Granada";"Lung";"60-74";"Male";"2016";"190.78"
"Mortality";"Granada";"Lung";"60-74";"Male";"2017";"214.69"
"Mortality";"Granada";"Lung";"60-74";"Male";"2018";"199.81"
"Mortality";"Granada";"Lung";"60-74";"Female";"1985";"26.24"
"Mortality";"Granada";"Lung";"60-74";"Female";"1986";"11.95"
"Mortality";"Granada";"Lung";"60-74";"Female";"1987";"19.55"
"Mortality";"Granada";"Lung";"60-74";"Female";"1988";"9.56"
"Mortality";"Granada";"Lung";"60-74";"Female";"1989";"14.94"
"Mortality";"Granada";"Lung";"60-74";"Female";"1990";"16.36"
"Mortality";"Granada";"Lung";"60-74";"Female";"1991";"14.14"
"Mortality";"Granada";"Lung";"60-74";"Female";"1992";"18.98"
"Mortality";"Granada";"Lung";"60-74";"Female";"1993";"18.55"
"Mortality";"Granada";"Lung";"60-74";"Female";"1994";"16.49"
"Mortality";"Granada";"Lung";"60-74";"Female";"1995";"16.20"
"Mortality";"Granada";"Lung";"60-74";"Female";"1996";"20.71"
"Mortality";"Granada";"Lung";"60-74";"Female";"1997";"18.93"
"Mortality";"Granada";"Lung";"60-74";"Female";"1998";"11.07"
"Mortality";"Granada";"Lung";"60-74";"Female";"1999";"12.80"
"Mortality";"Granada";"Lung";"60-74";"Female";"2000";"25.71"
"Mortality";"Granada";"Lung";"60-74";"Female";"2001";"22.53"
"Mortality";"Granada";"Lung";"60-74";"Female";"2002";"12.98"
"Mortality";"Granada";"Lung";"60-74";"Female";"2003";"24.37"
"Mortality";"Granada";"Lung";"60-74";"Female";"2004";"24.33"
"Mortality";"Granada";"Lung";"60-74";"Female";"2005";"21.08"
"Mortality";"Granada";"Lung";"60-74";"Female";"2006";"27.59"
"Mortality";"Granada";"Lung";"60-74";"Female";"2007";"26.04"
"Mortality";"Granada";"Lung";"60-74";"Female";"2008";"26.01"
"Mortality";"Granada";"Lung";"60-74";"Female";"2009";"19.45"
"Mortality";"Granada";"Lung";"60-74";"Female";"2010";"22.67"
"Mortality";"Granada";"Lung";"60-74";"Female";"2011";"24.31"
"Mortality";"Granada";"Lung";"60-74";"Female";"2012";"32.30"
"Mortality";"Granada";"Lung";"60-74";"Female";"2013";"20.68"
"Mortality";"Granada";"Lung";"60-74";"Female";"2014";"35.72"
"Mortality";"Granada";"Lung";"60-74";"Female";"2015";"30.52"
"Mortality";"Granada";"Lung";"60-74";"Female";"2016";"32.95"
"Mortality";"Granada";"Lung";"60-74";"Female";"2017";"32.01"
"Mortality";"Granada";"Lung";"60-74";"Female";"2018";"49.42"
"Incidence";"Granada";"Lung";"75-85+";"Female";"1985";"13.71"
"Incidence";"Granada";"Lung";"75-85+";"Female";"1986";"22.06"
"Incidence";"Granada";"Lung";"75-85+";"Female";"1987";"30.11"
"Incidence";"Granada";"Lung";"75-85+";"Female";"1988";"12.62"
"Incidence";"Granada";"Lung";"75-85+";"Female";"1989";"16.54"
"Incidence";"Granada";"Lung";"75-85+";"Female";"1990";"24.48"
"Incidence";"Granada";"Lung";"75-85+";"Female";"1991";"44.37"
"Incidence";"Granada";"Lung";"75-85+";"Female";"1992";"27.63"
"Incidence";"Granada";"Lung";"75-85+";"Female";"1993";"34.69"
"Incidence";"Granada";"Lung";"75-85+";"Female";"1994";"56.82"
"Incidence";"Granada";"Lung";"75-85+";"Female";"1995";"33.28"
"Incidence";"Granada";"Lung";"75-85+";"Female";"1996";"28.83"
"Incidence";"Granada";"Lung";"75-85+";"Female";"1997";"20.98"
"Incidence";"Granada";"Lung";"75-85+";"Female";"1998";"27.10"
"Incidence";"Granada";"Lung";"75-85+";"Female";"1999";"39.49"
"Incidence";"Granada";"Lung";"75-85+";"Female";"2000";"25.48"
"Incidence";"Granada";"Lung";"75-85+";"Female";"2001";"43.14"
"Incidence";"Granada";"Lung";"75-85+";"Female";"2002";"29.75"
"Incidence";"Granada";"Lung";"75-85+";"Female";"2003";"31.56"
"Incidence";"Granada";"Lung";"75-85+";"Female";"2004";"30.38"
"Incidence";"Granada";"Lung";"75-85+";"Female";"2005";"42.45"
"Incidence";"Granada";"Lung";"75-85+";"Female";"2006";"33.13"
"Incidence";"Granada";"Lung";"75-85+";"Female";"2007";"26.99"
"Incidence";"Granada";"Lung";"75-85+";"Female";"2008";"33.15"
"Incidence";"Granada";"Lung";"75-85+";"Female";"2009";"45.84"
"Incidence";"Granada";"Lung";"75-85+";"Female";"2010";"51.30"
"Incidence";"Granada";"Lung";"75-85+";"Female";"2011";"47.86"
"Incidence";"Granada";"Lung";"75-85+";"Female";"2012";"46.96"
"Incidence";"Granada";"Lung";"75-85+";"Female";"2013";"35.98"
"Incidence";"Granada";"Lung";"75-85+";"Female";"2014";"29.60"
"Incidence";"Granada";"Lung";"75-85+";"Female";"2015";"50.50"
"Incidence";"Granada";"Lung";"75-85+";"Female";"2016";"29.30"
"Incidence";"Granada";"Lung";"75-85+";"Female";"2017";"39.75"
"Incidence";"Granada";"Lung";"75-85+";"Female";"2018";"64.38"
"Incidence";"Granada";"Lung";"75-85+";"Male";"1985";"333.77"
"Incidence";"Granada";"Lung";"75-85+";"Male";"1986";"255.29"
"Incidence";"Granada";"Lung";"75-85+";"Male";"1987";"320.61"
"Incidence";"Granada";"Lung";"75-85+";"Male";"1988";"348.28"
"Incidence";"Granada";"Lung";"75-85+";"Male";"1989";"514.85"
"Incidence";"Granada";"Lung";"75-85+";"Male";"1990";"293.16"
"Incidence";"Granada";"Lung";"75-85+";"Male";"1991";"328.24"
"Incidence";"Granada";"Lung";"75-85+";"Male";"1992";"381.93"
"Incidence";"Granada";"Lung";"75-85+";"Male";"1993";"432.87"
"Incidence";"Granada";"Lung";"75-85+";"Male";"1994";"405.83"
"Incidence";"Granada";"Lung";"75-85+";"Male";"1995";"426.40"
"Incidence";"Granada";"Lung";"75-85+";"Male";"1996";"370.77"
"Incidence";"Granada";"Lung";"75-85+";"Male";"1997";"368.41"
"Incidence";"Granada";"Lung";"75-85+";"Male";"1998";"354.04"
"Incidence";"Granada";"Lung";"75-85+";"Male";"1999";"506.75"
"Incidence";"Granada";"Lung";"75-85+";"Male";"2000";"456.36"
"Incidence";"Granada";"Lung";"75-85+";"Male";"2001";"446.12"
"Incidence";"Granada";"Lung";"75-85+";"Male";"2002";"455.78"
"Incidence";"Granada";"Lung";"75-85+";"Male";"2003";"459.05"
"Incidence";"Granada";"Lung";"75-85+";"Male";"2004";"504.16"
"Incidence";"Granada";"Lung";"75-85+";"Male";"2005";"470.37"
"Incidence";"Granada";"Lung";"75-85+";"Male";"2006";"427.82"
"Incidence";"Granada";"Lung";"75-85+";"Male";"2007";"430.28"
"Incidence";"Granada";"Lung";"75-85+";"Male";"2008";"505.16"
"Incidence";"Granada";"Lung";"75-85+";"Male";"2009";"442.48"
"Incidence";"Granada";"Lung";"75-85+";"Male";"2010";"422.03"
"Incidence";"Granada";"Lung";"75-85+";"Male";"2011";"402.31"
"Incidence";"Granada";"Lung";"75-85+";"Male";"2012";"442.37"
"Incidence";"Granada";"Lung";"75-85+";"Male";"2013";"411.42"
"Incidence";"Granada";"Lung";"75-85+";"Male";"2014";"425.41"
"Incidence";"Granada";"Lung";"75-85+";"Male";"2015";"371.97"
"Incidence";"Granada";"Lung";"75-85+";"Male";"2016";"333.49"
"Incidence";"Granada";"Lung";"75-85+";"Male";"2017";"332.67"
"Incidence";"Granada";"Lung";"75-85+";"Male";"2018";"331.82"
"Mortality";"Granada";"Lung";"75-85+";"Male";"1985";"395.87"
"Mortality";"Granada";"Lung";"75-85+";"Male";"1986";"315.36"
"Mortality";"Granada";"Lung";"75-85+";"Male";"1987";"386.18"
"Mortality";"Granada";"Lung";"75-85+";"Male";"1988";"298.53"
"Mortality";"Granada";"Lung";"75-85+";"Male";"1989";"528.77"
"Mortality";"Granada";"Lung";"75-85+";"Male";"1990";"368.15"
"Mortality";"Granada";"Lung";"75-85+";"Male";"1991";"388.53"
"Mortality";"Granada";"Lung";"75-85+";"Male";"1992";"441.20"
"Mortality";"Granada";"Lung";"75-85+";"Male";"1993";"471.64"
"Mortality";"Granada";"Lung";"75-85+";"Male";"1994";"526.32"
"Mortality";"Granada";"Lung";"75-85+";"Male";"1995";"432.58"
"Mortality";"Granada";"Lung";"75-85+";"Male";"1996";"436.55"
"Mortality";"Granada";"Lung";"75-85+";"Male";"1997";"466.27"
"Mortality";"Granada";"Lung";"75-85+";"Male";"1998";"425.96"
"Mortality";"Granada";"Lung";"75-85+";"Male";"1999";"512.08"
"Mortality";"Granada";"Lung";"75-85+";"Male";"2000";"369.19"
"Mortality";"Granada";"Lung";"75-85+";"Male";"2001";"465.73"
"Mortality";"Granada";"Lung";"75-85+";"Male";"2002";"545.06"
"Mortality";"Granada";"Lung";"75-85+";"Male";"2003";"391.54"
"Mortality";"Granada";"Lung";"75-85+";"Male";"2004";"482.61"
"Mortality";"Granada";"Lung";"75-85+";"Male";"2005";"449.74"
"Mortality";"Granada";"Lung";"75-85+";"Male";"2006";"365.02"
"Mortality";"Granada";"Lung";"75-85+";"Male";"2007";"411.57"
"Mortality";"Granada";"Lung";"75-85+";"Male";"2008";"494.41"
"Mortality";"Granada";"Lung";"75-85+";"Male";"2009";"414.82"
"Mortality";"Granada";"Lung";"75-85+";"Male";"2010";"395.23"
"Mortality";"Granada";"Lung";"75-85+";"Male";"2011";"373.11"
"Mortality";"Granada";"Lung";"75-85+";"Male";"2012";"436.00"
"Mortality";"Granada";"Lung";"75-85+";"Male";"2013";"411.42"
"Mortality";"Granada";"Lung";"75-85+";"Male";"2014";"336.52"
"Mortality";"Granada";"Lung";"75-85+";"Male";"2015";"365.67"
"Mortality";"Granada";"Lung";"75-85+";"Male";"2016";"330.37"
"Mortality";"Granada";"Lung";"75-85+";"Male";"2017";"369.98"
"Mortality";"Granada";"Lung";"75-85+";"Male";"2018";"337.96"
"Mortality";"Granada";"Lung";"75-85+";"Female";"1985";"27.42"
"Mortality";"Granada";"Lung";"75-85+";"Female";"1986";"52.94"
"Mortality";"Granada";"Lung";"75-85+";"Female";"1987";"43.02"
"Mortality";"Granada";"Lung";"75-85+";"Female";"1988";"25.24"
"Mortality";"Granada";"Lung";"75-85+";"Female";"1989";"37.22"
"Mortality";"Granada";"Lung";"75-85+";"Female";"1990";"36.72"
"Mortality";"Granada";"Lung";"75-85+";"Female";"1991";"60.50"
"Mortality";"Granada";"Lung";"75-85+";"Female";"1992";"35.53"
"Mortality";"Granada";"Lung";"75-85+";"Female";"1993";"50.11"
"Mortality";"Granada";"Lung";"75-85+";"Female";"1994";"64.39"
"Mortality";"Granada";"Lung";"75-85+";"Female";"1995";"55.47"
"Mortality";"Granada";"Lung";"75-85+";"Female";"1996";"36.04"
"Mortality";"Granada";"Lung";"75-85+";"Female";"1997";"27.98"
"Mortality";"Granada";"Lung";"75-85+";"Female";"1998";"44.04"
"Mortality";"Granada";"Lung";"75-85+";"Female";"1999";"49.36"
"Mortality";"Granada";"Lung";"75-85+";"Female";"2000";"35.04"
"Mortality";"Granada";"Lung";"75-85+";"Female";"2001";"67.78"
"Mortality";"Granada";"Lung";"75-85+";"Female";"2002";"38.67"
"Mortality";"Granada";"Lung";"75-85+";"Female";"2003";"43.04"
"Mortality";"Granada";"Lung";"75-85+";"Female";"2004";"30.38"
"Mortality";"Granada";"Lung";"75-85+";"Female";"2005";"61.02"
"Mortality";"Granada";"Lung";"75-85+";"Female";"2006";"30.58"
"Mortality";"Granada";"Lung";"75-85+";"Female";"2007";"49.07"
"Mortality";"Granada";"Lung";"75-85+";"Female";"2008";"37.88"
"Mortality";"Granada";"Lung";"75-85+";"Female";"2009";"38.97"
"Mortality";"Granada";"Lung";"75-85+";"Female";"2010";"33.45"
"Mortality";"Granada";"Lung";"75-85+";"Female";"2011";"52.21"
"Mortality";"Granada";"Lung";"75-85+";"Female";"2012";"44.83"
"Mortality";"Granada";"Lung";"75-85+";"Female";"2013";"46.56"
"Mortality";"Granada";"Lung";"75-85+";"Female";"2014";"31.71"
"Mortality";"Granada";"Lung";"75-85+";"Female";"2015";"46.29"
"Mortality";"Granada";"Lung";"75-85+";"Female";"2016";"41.86"
"Mortality";"Granada";"Lung";"75-85+";"Female";"2017";"35.57"
"Mortality";"Granada";"Lung";"75-85+";"Female";"2018";"54.00"
"Incidence";"Basque Country";"Lung";"0-14";"Female";"1986";"0.00"
"Incidence";"Basque Country";"Lung";"0-14";"Female";"1987";"0.00"
"Incidence";"Basque Country";"Lung";"0-14";"Female";"1988";"0.00"
"Incidence";"Basque Country";"Lung";"0-14";"Female";"1989";"0.00"
"Incidence";"Basque Country";"Lung";"0-14";"Female";"1990";"0.00"
"Incidence";"Basque Country";"Lung";"0-14";"Female";"1991";"0.00"
"Incidence";"Basque Country";"Lung";"0-14";"Female";"1992";"0.00"
"Incidence";"Basque Country";"Lung";"0-14";"Female";"1993";"0.00"
"Incidence";"Basque Country";"Lung";"0-14";"Female";"1994";"0.00"
"Incidence";"Basque Country";"Lung";"0-14";"Female";"1995";"0.00"
"Incidence";"Basque Country";"Lung";"0-14";"Female";"1996";"0.00"
"Incidence";"Basque Country";"Lung";"0-14";"Female";"1997";"0.00"
"Incidence";"Basque Country";"Lung";"0-14";"Female";"1998";"0.00"
"Incidence";"Basque Country";"Lung";"0-14";"Female";"1999";"0.00"
"Incidence";"Basque Country";"Lung";"0-14";"Female";"2000";"0.00"
"Incidence";"Basque Country";"Lung";"0-14";"Female";"2001";"0.00"
"Incidence";"Basque Country";"Lung";"0-14";"Female";"2002";"0.00"
"Incidence";"Basque Country";"Lung";"0-14";"Female";"2003";"0.00"
"Incidence";"Basque Country";"Lung";"0-14";"Female";"2004";"0.00"
"Incidence";"Basque Country";"Lung";"0-14";"Female";"2005";"0.00"
"Incidence";"Basque Country";"Lung";"0-14";"Female";"2006";"0.00"
"Incidence";"Basque Country";"Lung";"0-14";"Female";"2007";"0.00"
"Incidence";"Basque Country";"Lung";"0-14";"Female";"2008";"0.00"
"Incidence";"Basque Country";"Lung";"0-14";"Female";"2009";"0.00"
"Incidence";"Basque Country";"Lung";"0-14";"Female";"2010";"0.00"
"Incidence";"Basque Country";"Lung";"0-14";"Female";"2011";"0.00"
"Incidence";"Basque Country";"Lung";"0-14";"Female";"2012";"0.00"
"Incidence";"Basque Country";"Lung";"0-14";"Female";"2013";"0.00"
"Incidence";"Basque Country";"Lung";"0-14";"Female";"2014";"0.00"
"Incidence";"Basque Country";"Lung";"0-14";"Female";"2015";"0.00"
"Incidence";"Basque Country";"Lung";"0-14";"Female";"2016";"0.00"
"Incidence";"Basque Country";"Lung";"0-14";"Female";"2017";"0.00"
"Incidence";"Basque Country";"Lung";"0-14";"Female";"2018";"0.00"
"Incidence";"Basque Country";"Lung";"0-14";"Female";"2019";"0.00"
"Incidence";"Basque Country";"Lung";"0-14";"Male";"1986";"0.00"
"Incidence";"Basque Country";"Lung";"0-14";"Male";"1987";"0.00"
"Incidence";"Basque Country";"Lung";"0-14";"Male";"1988";"0.00"
"Incidence";"Basque Country";"Lung";"0-14";"Male";"1989";"0.00"
"Incidence";"Basque Country";"Lung";"0-14";"Male";"1990";"0.00"
"Incidence";"Basque Country";"Lung";"0-14";"Male";"1991";"0.00"
"Incidence";"Basque Country";"Lung";"0-14";"Male";"1992";"0.00"
"Incidence";"Basque Country";"Lung";"0-14";"Male";"1993";"0.00"
"Incidence";"Basque Country";"Lung";"0-14";"Male";"1994";"0.00"
"Incidence";"Basque Country";"Lung";"0-14";"Male";"1995";"0.00"
"Incidence";"Basque Country";"Lung";"0-14";"Male";"1996";"0.00"
"Incidence";"Basque Country";"Lung";"0-14";"Male";"1997";"0.00"
"Incidence";"Basque Country";"Lung";"0-14";"Male";"1998";"0.00"
"Incidence";"Basque Country";"Lung";"0-14";"Male";"1999";"0.00"
"Incidence";"Basque Country";"Lung";"0-14";"Male";"2000";"0.00"
"Incidence";"Basque Country";"Lung";"0-14";"Male";"2001";"0.00"
"Incidence";"Basque Country";"Lung";"0-14";"Male";"2002";"0.00"
"Incidence";"Basque Country";"Lung";"0-14";"Male";"2003";"0.00"
"Incidence";"Basque Country";"Lung";"0-14";"Male";"2004";"0.00"
"Incidence";"Basque Country";"Lung";"0-14";"Male";"2005";"0.00"
"Incidence";"Basque Country";"Lung";"0-14";"Male";"2006";"0.00"
"Incidence";"Basque Country";"Lung";"0-14";"Male";"2007";"0.73"
"Incidence";"Basque Country";"Lung";"0-14";"Male";"2008";"0.00"
"Incidence";"Basque Country";"Lung";"0-14";"Male";"2009";"0.00"
"Incidence";"Basque Country";"Lung";"0-14";"Male";"2010";"0.00"
"Incidence";"Basque Country";"Lung";"0-14";"Male";"2011";"0.00"
"Incidence";"Basque Country";"Lung";"0-14";"Male";"2012";"0.00"
"Incidence";"Basque Country";"Lung";"0-14";"Male";"2013";"0.00"
"Incidence";"Basque Country";"Lung";"0-14";"Male";"2014";"0.00"
"Incidence";"Basque Country";"Lung";"0-14";"Male";"2015";"0.00"
"Incidence";"Basque Country";"Lung";"0-14";"Male";"2016";"0.00"
"Incidence";"Basque Country";"Lung";"0-14";"Male";"2017";"0.00"
"Incidence";"Basque Country";"Lung";"0-14";"Male";"2018";"0.00"
"Incidence";"Basque Country";"Lung";"0-14";"Male";"2019";"0.00"
"Incidence";"Basque Country";"Lung";"15-29";"Female";"1986";"0.00"
"Incidence";"Basque Country";"Lung";"15-29";"Female";"1987";"0.76"
"Incidence";"Basque Country";"Lung";"15-29";"Female";"1988";"0.00"
"Incidence";"Basque Country";"Lung";"15-29";"Female";"1989";"0.38"
"Incidence";"Basque Country";"Lung";"15-29";"Female";"1990";"0.00"
"Incidence";"Basque Country";"Lung";"15-29";"Female";"1991";"0.38"
"Incidence";"Basque Country";"Lung";"15-29";"Female";"1992";"0.00"
"Incidence";"Basque Country";"Lung";"15-29";"Female";"1993";"0.00"
"Incidence";"Basque Country";"Lung";"15-29";"Female";"1994";"0.40"
"Incidence";"Basque Country";"Lung";"15-29";"Female";"1995";"0.00"
"Incidence";"Basque Country";"Lung";"15-29";"Female";"1996";"0.40"
"Incidence";"Basque Country";"Lung";"15-29";"Female";"1997";"0.83"
"Incidence";"Basque Country";"Lung";"15-29";"Female";"1998";"1.28"
"Incidence";"Basque Country";"Lung";"15-29";"Female";"1999";"0.44"
"Incidence";"Basque Country";"Lung";"15-29";"Female";"2000";"0.00"
"Incidence";"Basque Country";"Lung";"15-29";"Female";"2001";"0.00"
"Incidence";"Basque Country";"Lung";"15-29";"Female";"2002";"0.98"
"Incidence";"Basque Country";"Lung";"15-29";"Female";"2003";"0.00"
"Incidence";"Basque Country";"Lung";"15-29";"Female";"2004";"0.00"
"Incidence";"Basque Country";"Lung";"15-29";"Female";"2005";"0.00"
"Incidence";"Basque Country";"Lung";"15-29";"Female";"2006";"0.00"
"Incidence";"Basque Country";"Lung";"15-29";"Female";"2007";"0.56"
"Incidence";"Basque Country";"Lung";"15-29";"Female";"2008";"0.58"
"Incidence";"Basque Country";"Lung";"15-29";"Female";"2009";"0.00"
"Incidence";"Basque Country";"Lung";"15-29";"Female";"2010";"0.00"
"Incidence";"Basque Country";"Lung";"15-29";"Female";"2011";"0.00"
"Incidence";"Basque Country";"Lung";"15-29";"Female";"2012";"0.66"
"Incidence";"Basque Country";"Lung";"15-29";"Female";"2013";"0.00"
"Incidence";"Basque Country";"Lung";"15-29";"Female";"2014";"0.00"
"Incidence";"Basque Country";"Lung";"15-29";"Female";"2015";"0.00"
"Incidence";"Basque Country";"Lung";"15-29";"Female";"2016";"1.44"
"Incidence";"Basque Country";"Lung";"15-29";"Female";"2017";"0.72"
"Incidence";"Basque Country";"Lung";"15-29";"Female";"2018";"0.00"
"Incidence";"Basque Country";"Lung";"15-29";"Female";"2019";"0.00"
"Incidence";"Basque Country";"Lung";"15-29";"Male";"1986";"0.37"
"Incidence";"Basque Country";"Lung";"15-29";"Male";"1987";"1.48"
"Incidence";"Basque Country";"Lung";"15-29";"Male";"1988";"0.74"
"Incidence";"Basque Country";"Lung";"15-29";"Male";"1989";"0.00"
"Incidence";"Basque Country";"Lung";"15-29";"Male";"1990";"0.00"
"Incidence";"Basque Country";"Lung";"15-29";"Male";"1991";"0.74"
"Incidence";"Basque Country";"Lung";"15-29";"Male";"1992";"0.75"
"Incidence";"Basque Country";"Lung";"15-29";"Male";"1993";"0.75"
"Incidence";"Basque Country";"Lung";"15-29";"Male";"1994";"0.38"
"Incidence";"Basque Country";"Lung";"15-29";"Male";"1995";"0.76"
"Incidence";"Basque Country";"Lung";"15-29";"Male";"1996";"0.00"
"Incidence";"Basque Country";"Lung";"15-29";"Male";"1997";"0.40"
"Incidence";"Basque Country";"Lung";"15-29";"Male";"1998";"0.00"
"Incidence";"Basque Country";"Lung";"15-29";"Male";"1999";"0.84"
"Incidence";"Basque Country";"Lung";"15-29";"Male";"2000";"0.43"
"Incidence";"Basque Country";"Lung";"15-29";"Male";"2001";"0.00"
"Incidence";"Basque Country";"Lung";"15-29";"Male";"2002";"0.00"
"Incidence";"Basque Country";"Lung";"15-29";"Male";"2003";"0.47"
"Incidence";"Basque Country";"Lung";"15-29";"Male";"2004";"0.00"
"Incidence";"Basque Country";"Lung";"15-29";"Male";"2005";"0.00"
"Incidence";"Basque Country";"Lung";"15-29";"Male";"2006";"0.00"
"Incidence";"Basque Country";"Lung";"15-29";"Male";"2007";"0.54"
"Incidence";"Basque Country";"Lung";"15-29";"Male";"2008";"1.11"
"Incidence";"Basque Country";"Lung";"15-29";"Male";"2009";"1.14"
"Incidence";"Basque Country";"Lung";"15-29";"Male";"2010";"0.00"
"Incidence";"Basque Country";"Lung";"15-29";"Male";"2011";"0.61"
"Incidence";"Basque Country";"Lung";"15-29";"Male";"2012";"0.00"
"Incidence";"Basque Country";"Lung";"15-29";"Male";"2013";"0.00"
"Incidence";"Basque Country";"Lung";"15-29";"Male";"2014";"0.00"
"Incidence";"Basque Country";"Lung";"15-29";"Male";"2015";"0.00"
"Incidence";"Basque Country";"Lung";"15-29";"Male";"2016";"0.69"
"Incidence";"Basque Country";"Lung";"15-29";"Male";"2017";"0.69"
"Incidence";"Basque Country";"Lung";"15-29";"Male";"2018";"1.37"
"Incidence";"Basque Country";"Lung";"15-29";"Male";"2019";"0.00"
"Incidence";"Basque Country";"Lung";"30-44";"Female";"1986";"2.77"
"Incidence";"Basque Country";"Lung";"30-44";"Female";"1987";"0.91"
"Incidence";"Basque Country";"Lung";"30-44";"Female";"1988";"1.81"
"Incidence";"Basque Country";"Lung";"30-44";"Female";"1989";"3.14"
"Incidence";"Basque Country";"Lung";"30-44";"Female";"1990";"3.12"
"Incidence";"Basque Country";"Lung";"30-44";"Female";"1991";"3.06"
"Incidence";"Basque Country";"Lung";"30-44";"Female";"1992";"2.59"
"Incidence";"Basque Country";"Lung";"30-44";"Female";"1993";"4.69"
"Incidence";"Basque Country";"Lung";"30-44";"Female";"1994";"3.37"
"Incidence";"Basque Country";"Lung";"30-44";"Female";"1995";"7.91"
"Incidence";"Basque Country";"Lung";"30-44";"Female";"1996";"4.11"
"Incidence";"Basque Country";"Lung";"30-44";"Female";"1997";"11.03"
"Incidence";"Basque Country";"Lung";"30-44";"Female";"1998";"7.71"
"Incidence";"Basque Country";"Lung";"30-44";"Female";"1999";"8.45"
"Incidence";"Basque Country";"Lung";"30-44";"Female";"2000";"8.79"
"Incidence";"Basque Country";"Lung";"30-44";"Female";"2001";"5.94"
"Incidence";"Basque Country";"Lung";"30-44";"Female";"2002";"7.10"
"Incidence";"Basque Country";"Lung";"30-44";"Female";"2003";"11.01"
"Incidence";"Basque Country";"Lung";"30-44";"Female";"2004";"7.07"
"Incidence";"Basque Country";"Lung";"30-44";"Female";"2005";"5.47"
"Incidence";"Basque Country";"Lung";"30-44";"Female";"2006";"10.86"
"Incidence";"Basque Country";"Lung";"30-44";"Female";"2007";"7.68"
"Incidence";"Basque Country";"Lung";"30-44";"Female";"2008";"6.87"
"Incidence";"Basque Country";"Lung";"30-44";"Female";"2009";"4.56"
"Incidence";"Basque Country";"Lung";"30-44";"Female";"2010";"8.04"
"Incidence";"Basque Country";"Lung";"30-44";"Female";"2011";"4.25"
"Incidence";"Basque Country";"Lung";"30-44";"Female";"2012";"4.67"
"Incidence";"Basque Country";"Lung";"30-44";"Female";"2013";"7.51"
"Incidence";"Basque Country";"Lung";"30-44";"Female";"2014";"2.01"
"Incidence";"Basque Country";"Lung";"30-44";"Female";"2015";"4.52"
"Incidence";"Basque Country";"Lung";"30-44";"Female";"2016";"3.77"
"Incidence";"Basque Country";"Lung";"30-44";"Female";"2017";"4.29"
"Incidence";"Basque Country";"Lung";"30-44";"Female";"2018";"0.88"
"Incidence";"Basque Country";"Lung";"30-44";"Female";"2019";"4.49"
"Incidence";"Basque Country";"Lung";"30-44";"Male";"1986";"14.47"
"Incidence";"Basque Country";"Lung";"30-44";"Male";"1987";"12.13"
"Incidence";"Basque Country";"Lung";"30-44";"Male";"1988";"16.51"
"Incidence";"Basque Country";"Lung";"30-44";"Male";"1989";"15.08"
"Incidence";"Basque Country";"Lung";"30-44";"Male";"1990";"18.50"
"Incidence";"Basque Country";"Lung";"30-44";"Male";"1991";"16.06"
"Incidence";"Basque Country";"Lung";"30-44";"Male";"1992";"20.61"
"Incidence";"Basque Country";"Lung";"30-44";"Male";"1993";"11.48"
"Incidence";"Basque Country";"Lung";"30-44";"Male";"1994";"22.29"
"Incidence";"Basque Country";"Lung";"30-44";"Male";"1995";"22.07"
"Incidence";"Basque Country";"Lung";"30-44";"Male";"1996";"13.60"
"Incidence";"Basque Country";"Lung";"30-44";"Male";"1997";"14.28"
"Incidence";"Basque Country";"Lung";"30-44";"Male";"1998";"14.54"
"Incidence";"Basque Country";"Lung";"30-44";"Male";"1999";"17.59"
"Incidence";"Basque Country";"Lung";"30-44";"Male";"2000";"13.46"
"Incidence";"Basque Country";"Lung";"30-44";"Male";"2001";"11.82"
"Incidence";"Basque Country";"Lung";"30-44";"Male";"2002";"13.65"
"Incidence";"Basque Country";"Lung";"30-44";"Male";"2003";"15.85"
"Incidence";"Basque Country";"Lung";"30-44";"Male";"2004";"12.65"
"Incidence";"Basque Country";"Lung";"30-44";"Male";"2005";"10.24"
"Incidence";"Basque Country";"Lung";"30-44";"Male";"2006";"10.47"
"Incidence";"Basque Country";"Lung";"30-44";"Male";"2007";"8.49"
"Incidence";"Basque Country";"Lung";"30-44";"Male";"2008";"7.65"
"Incidence";"Basque Country";"Lung";"30-44";"Male";"2009";"9.03"
"Incidence";"Basque Country";"Lung";"30-44";"Male";"2010";"5.10"
"Incidence";"Basque Country";"Lung";"30-44";"Male";"2011";"8.08"
"Incidence";"Basque Country";"Lung";"30-44";"Male";"2012";"5.92"
"Incidence";"Basque Country";"Lung";"30-44";"Male";"2013";"4.16"
"Incidence";"Basque Country";"Lung";"30-44";"Male";"2014";"5.03"
"Incidence";"Basque Country";"Lung";"30-44";"Male";"2015";"7.12"
"Incidence";"Basque Country";"Lung";"30-44";"Male";"2016";"7.72"
"Incidence";"Basque Country";"Lung";"30-44";"Male";"2017";"3.76"
"Incidence";"Basque Country";"Lung";"30-44";"Male";"2018";"6.46"
"Incidence";"Basque Country";"Lung";"30-44";"Male";"2019";"3.98"
"Incidence";"Basque Country";"Lung";"45-59";"Male";"1986";"93.46"
"Incidence";"Basque Country";"Lung";"45-59";"Male";"1987";"87.12"
"Incidence";"Basque Country";"Lung";"45-59";"Male";"1988";"99.84"
"Incidence";"Basque Country";"Lung";"45-59";"Male";"1989";"92.92"
"Incidence";"Basque Country";"Lung";"45-59";"Male";"1990";"102.61"
"Incidence";"Basque Country";"Lung";"45-59";"Male";"1991";"100.23"
"Incidence";"Basque Country";"Lung";"45-59";"Male";"1992";"104.02"
"Incidence";"Basque Country";"Lung";"45-59";"Male";"1993";"101.97"
"Incidence";"Basque Country";"Lung";"45-59";"Male";"1994";"107.30"
"Incidence";"Basque Country";"Lung";"45-59";"Male";"1995";"110.52"
"Incidence";"Basque Country";"Lung";"45-59";"Male";"1996";"97.43"
"Incidence";"Basque Country";"Lung";"45-59";"Male";"1997";"105.61"
"Incidence";"Basque Country";"Lung";"45-59";"Male";"1998";"105.39"
"Incidence";"Basque Country";"Lung";"45-59";"Male";"1999";"115.61"
"Incidence";"Basque Country";"Lung";"45-59";"Male";"2000";"121.12"
"Incidence";"Basque Country";"Lung";"45-59";"Male";"2001";"117.06"
"Incidence";"Basque Country";"Lung";"45-59";"Male";"2002";"117.89"
"Incidence";"Basque Country";"Lung";"45-59";"Male";"2003";"108.48"
"Incidence";"Basque Country";"Lung";"45-59";"Male";"2004";"125.47"
"Incidence";"Basque Country";"Lung";"45-59";"Male";"2005";"116.86"
"Incidence";"Basque Country";"Lung";"45-59";"Male";"2006";"120.46"
"Incidence";"Basque Country";"Lung";"45-59";"Male";"2007";"128.37"
"Incidence";"Basque Country";"Lung";"45-59";"Male";"2008";"126.31"
"Incidence";"Basque Country";"Lung";"45-59";"Male";"2009";"103.16"
"Incidence";"Basque Country";"Lung";"45-59";"Male";"2010";"97.91"
"Incidence";"Basque Country";"Lung";"45-59";"Male";"2011";"105.99"
"Incidence";"Basque Country";"Lung";"45-59";"Male";"2012";"106.65"
"Incidence";"Basque Country";"Lung";"45-59";"Male";"2013";"98.43"
"Incidence";"Basque Country";"Lung";"45-59";"Male";"2014";"103.06"
"Incidence";"Basque Country";"Lung";"45-59";"Male";"2015";"99.83"
"Incidence";"Basque Country";"Lung";"45-59";"Male";"2016";"84.29"
"Incidence";"Basque Country";"Lung";"45-59";"Male";"2017";"88.22"
"Incidence";"Basque Country";"Lung";"45-59";"Male";"2018";"91.35"
"Incidence";"Basque Country";"Lung";"45-59";"Male";"2019";"77.89"
"Incidence";"Basque Country";"Lung";"45-59";"Female";"1986";"8.99"
"Incidence";"Basque Country";"Lung";"45-59";"Female";"1987";"8.48"
"Incidence";"Basque Country";"Lung";"45-59";"Female";"1988";"4.78"
"Incidence";"Basque Country";"Lung";"45-59";"Female";"1989";"4.80"
"Incidence";"Basque Country";"Lung";"45-59";"Female";"1990";"7.48"
"Incidence";"Basque Country";"Lung";"45-59";"Female";"1991";"10.09"
"Incidence";"Basque Country";"Lung";"45-59";"Female";"1992";"10.05"
"Incidence";"Basque Country";"Lung";"45-59";"Female";"1993";"6.85"
"Incidence";"Basque Country";"Lung";"45-59";"Female";"1994";"11.01"
"Incidence";"Basque Country";"Lung";"45-59";"Female";"1995";"8.87"
"Incidence";"Basque Country";"Lung";"45-59";"Female";"1996";"12.47"
"Incidence";"Basque Country";"Lung";"45-59";"Female";"1997";"12.75"
"Incidence";"Basque Country";"Lung";"45-59";"Female";"1998";"14.53"
"Incidence";"Basque Country";"Lung";"45-59";"Female";"1999";"18.22"
"Incidence";"Basque Country";"Lung";"45-59";"Female";"2000";"19.84"
"Incidence";"Basque Country";"Lung";"45-59";"Female";"2001";"15.41"
"Incidence";"Basque Country";"Lung";"45-59";"Female";"2002";"30.19"
"Incidence";"Basque Country";"Lung";"45-59";"Female";"2003";"27.18"
"Incidence";"Basque Country";"Lung";"45-59";"Female";"2004";"20.95"
"Incidence";"Basque Country";"Lung";"45-59";"Female";"2005";"29.24"
"Incidence";"Basque Country";"Lung";"45-59";"Female";"2006";"39.68"
"Incidence";"Basque Country";"Lung";"45-59";"Female";"2007";"44.76"
"Incidence";"Basque Country";"Lung";"45-59";"Female";"2008";"44.10"
"Incidence";"Basque Country";"Lung";"45-59";"Female";"2009";"45.69"
"Incidence";"Basque Country";"Lung";"45-59";"Female";"2010";"50.45"
"Incidence";"Basque Country";"Lung";"45-59";"Female";"2011";"48.59"
"Incidence";"Basque Country";"Lung";"45-59";"Female";"2012";"51.55"
"Incidence";"Basque Country";"Lung";"45-59";"Female";"2013";"62.44"
"Incidence";"Basque Country";"Lung";"45-59";"Female";"2014";"49.17"
"Incidence";"Basque Country";"Lung";"45-59";"Female";"2015";"53.13"
"Incidence";"Basque Country";"Lung";"45-59";"Female";"2016";"47.60"
"Incidence";"Basque Country";"Lung";"45-59";"Female";"2017";"52.69"
"Incidence";"Basque Country";"Lung";"45-59";"Female";"2018";"52.33"
"Incidence";"Basque Country";"Lung";"45-59";"Female";"2019";"48.94"
"Incidence";"Basque Country";"Lung";"60-74";"Female";"1986";"19.21"
"Incidence";"Basque Country";"Lung";"60-74";"Female";"1987";"16.47"
"Incidence";"Basque Country";"Lung";"60-74";"Female";"1988";"18.98"
"Incidence";"Basque Country";"Lung";"60-74";"Female";"1989";"11.40"
"Incidence";"Basque Country";"Lung";"60-74";"Female";"1990";"13.91"
"Incidence";"Basque Country";"Lung";"60-74";"Female";"1991";"18.19"
"Incidence";"Basque Country";"Lung";"60-74";"Female";"1992";"18.33"
"Incidence";"Basque Country";"Lung";"60-74";"Female";"1993";"24.19"
"Incidence";"Basque Country";"Lung";"60-74";"Female";"1994";"22.30"
"Incidence";"Basque Country";"Lung";"60-74";"Female";"1995";"22.33"
"Incidence";"Basque Country";"Lung";"60-74";"Female";"1996";"22.94"
"Incidence";"Basque Country";"Lung";"60-74";"Female";"1997";"29.46"
"Incidence";"Basque Country";"Lung";"60-74";"Female";"1998";"28.34"
"Incidence";"Basque Country";"Lung";"60-74";"Female";"1999";"29.58"
"Incidence";"Basque Country";"Lung";"60-74";"Female";"2000";"24.30"
"Incidence";"Basque Country";"Lung";"60-74";"Female";"2001";"26.85"
"Incidence";"Basque Country";"Lung";"60-74";"Female";"2002";"24.76"
"Incidence";"Basque Country";"Lung";"60-74";"Female";"2003";"23.08"
"Incidence";"Basque Country";"Lung";"60-74";"Female";"2004";"30.81"
"Incidence";"Basque Country";"Lung";"60-74";"Female";"2005";"36.55"
"Incidence";"Basque Country";"Lung";"60-74";"Female";"2006";"29.33"
"Incidence";"Basque Country";"Lung";"60-74";"Female";"2007";"38.45"
"Incidence";"Basque Country";"Lung";"60-74";"Female";"2008";"45.87"
"Incidence";"Basque Country";"Lung";"60-74";"Female";"2009";"55.70"
"Incidence";"Basque Country";"Lung";"60-74";"Female";"2010";"58.04"
"Incidence";"Basque Country";"Lung";"60-74";"Female";"2011";"57.53"
"Incidence";"Basque Country";"Lung";"60-74";"Female";"2012";"65.20"
"Incidence";"Basque Country";"Lung";"60-74";"Female";"2013";"75.16"
"Incidence";"Basque Country";"Lung";"60-74";"Female";"2014";"74.54"
"Incidence";"Basque Country";"Lung";"60-74";"Female";"2015";"73.21"
"Incidence";"Basque Country";"Lung";"60-74";"Female";"2016";"93.84"
"Incidence";"Basque Country";"Lung";"60-74";"Female";"2017";"102.33"
"Incidence";"Basque Country";"Lung";"60-74";"Female";"2018";"113.65"
"Incidence";"Basque Country";"Lung";"60-74";"Female";"2019";"125.88"
"Incidence";"Basque Country";"Lung";"60-74";"Male";"1986";"329.96"
"Incidence";"Basque Country";"Lung";"60-74";"Male";"1987";"294.94"
"Incidence";"Basque Country";"Lung";"60-74";"Male";"1988";"317.12"
"Incidence";"Basque Country";"Lung";"60-74";"Male";"1989";"306.26"
"Incidence";"Basque Country";"Lung";"60-74";"Male";"1990";"300.28"
"Incidence";"Basque Country";"Lung";"60-74";"Male";"1991";"324.83"
"Incidence";"Basque Country";"Lung";"60-74";"Male";"1992";"343.33"
"Incidence";"Basque Country";"Lung";"60-74";"Male";"1993";"319.34"
"Incidence";"Basque Country";"Lung";"60-74";"Male";"1994";"353.09"
"Incidence";"Basque Country";"Lung";"60-74";"Male";"1995";"316.51"
"Incidence";"Basque Country";"Lung";"60-74";"Male";"1996";"323.65"
"Incidence";"Basque Country";"Lung";"60-74";"Male";"1997";"308.57"
"Incidence";"Basque Country";"Lung";"60-74";"Male";"1998";"304.77"
"Incidence";"Basque Country";"Lung";"60-74";"Male";"1999";"303.09"
"Incidence";"Basque Country";"Lung";"60-74";"Male";"2000";"295.25"
"Incidence";"Basque Country";"Lung";"60-74";"Male";"2001";"312.79"
"Incidence";"Basque Country";"Lung";"60-74";"Male";"2002";"309.78"
"Incidence";"Basque Country";"Lung";"60-74";"Male";"2003";"289.48"
"Incidence";"Basque Country";"Lung";"60-74";"Male";"2004";"295.44"
"Incidence";"Basque Country";"Lung";"60-74";"Male";"2005";"299.83"
"Incidence";"Basque Country";"Lung";"60-74";"Male";"2006";"285.37"
"Incidence";"Basque Country";"Lung";"60-74";"Male";"2007";"316.95"
"Incidence";"Basque Country";"Lung";"60-74";"Male";"2008";"317.36"
"Incidence";"Basque Country";"Lung";"60-74";"Male";"2009";"291.96"
"Incidence";"Basque Country";"Lung";"60-74";"Male";"2010";"311.81"
"Incidence";"Basque Country";"Lung";"60-74";"Male";"2011";"330.45"
"Incidence";"Basque Country";"Lung";"60-74";"Male";"2012";"312.73"
"Incidence";"Basque Country";"Lung";"60-74";"Male";"2013";"316.62"
"Incidence";"Basque Country";"Lung";"60-74";"Male";"2014";"323.52"
"Incidence";"Basque Country";"Lung";"60-74";"Male";"2015";"329.82"
"Incidence";"Basque Country";"Lung";"60-74";"Male";"2016";"317.78"
"Incidence";"Basque Country";"Lung";"60-74";"Male";"2017";"356.18"
"Incidence";"Basque Country";"Lung";"60-74";"Male";"2018";"364.50"
"Incidence";"Basque Country";"Lung";"60-74";"Male";"2019";"350.54"
"Incidence";"Basque Country";"Lung";"75-85+";"Male";"1986";"399.99"
"Incidence";"Basque Country";"Lung";"75-85+";"Male";"1987";"439.77"
"Incidence";"Basque Country";"Lung";"75-85+";"Male";"1988";"452.77"
"Incidence";"Basque Country";"Lung";"75-85+";"Male";"1989";"451.08"
"Incidence";"Basque Country";"Lung";"75-85+";"Male";"1990";"436.51"
"Incidence";"Basque Country";"Lung";"75-85+";"Male";"1991";"441.68"
"Incidence";"Basque Country";"Lung";"75-85+";"Male";"1992";"415.78"
"Incidence";"Basque Country";"Lung";"75-85+";"Male";"1993";"486.90"
"Incidence";"Basque Country";"Lung";"75-85+";"Male";"1994";"415.17"
"Incidence";"Basque Country";"Lung";"75-85+";"Male";"1995";"440.50"
"Incidence";"Basque Country";"Lung";"75-85+";"Male";"1996";"446.04"
"Incidence";"Basque Country";"Lung";"75-85+";"Male";"1997";"460.21"
"Incidence";"Basque Country";"Lung";"75-85+";"Male";"1998";"460.13"
"Incidence";"Basque Country";"Lung";"75-85+";"Male";"1999";"470.86"
"Incidence";"Basque Country";"Lung";"75-85+";"Male";"2000";"451.45"
"Incidence";"Basque Country";"Lung";"75-85+";"Male";"2001";"537.16"
"Incidence";"Basque Country";"Lung";"75-85+";"Male";"2002";"484.23"
"Incidence";"Basque Country";"Lung";"75-85+";"Male";"2003";"492.16"
"Incidence";"Basque Country";"Lung";"75-85+";"Male";"2004";"463.79"
"Incidence";"Basque Country";"Lung";"75-85+";"Male";"2005";"468.55"
"Incidence";"Basque Country";"Lung";"75-85+";"Male";"2006";"500.21"
"Incidence";"Basque Country";"Lung";"75-85+";"Male";"2007";"430.54"
"Incidence";"Basque Country";"Lung";"75-85+";"Male";"2008";"436.90"
"Incidence";"Basque Country";"Lung";"75-85+";"Male";"2009";"453.48"
"Incidence";"Basque Country";"Lung";"75-85+";"Male";"2010";"434.92"
"Incidence";"Basque Country";"Lung";"75-85+";"Male";"2011";"413.88"
"Incidence";"Basque Country";"Lung";"75-85+";"Male";"2012";"383.52"
"Incidence";"Basque Country";"Lung";"75-85+";"Male";"2013";"421.84"
"Incidence";"Basque Country";"Lung";"75-85+";"Male";"2014";"453.54"
"Incidence";"Basque Country";"Lung";"75-85+";"Male";"2015";"396.76"
"Incidence";"Basque Country";"Lung";"75-85+";"Male";"2016";"440.87"
"Incidence";"Basque Country";"Lung";"75-85+";"Male";"2017";"387.74"
"Incidence";"Basque Country";"Lung";"75-85+";"Male";"2018";"412.44"
"Incidence";"Basque Country";"Lung";"75-85+";"Male";"2019";"426.95"
"Incidence";"Basque Country";"Lung";"75-85+";"Female";"1986";"32.18"
"Incidence";"Basque Country";"Lung";"75-85+";"Female";"1987";"39.28"
"Incidence";"Basque Country";"Lung";"75-85+";"Female";"1988";"31.67"
"Incidence";"Basque Country";"Lung";"75-85+";"Female";"1989";"35.45"
"Incidence";"Basque Country";"Lung";"75-85+";"Female";"1990";"29.89"
"Incidence";"Basque Country";"Lung";"75-85+";"Female";"1991";"33.99"
"Incidence";"Basque Country";"Lung";"75-85+";"Female";"1992";"25.98"
"Incidence";"Basque Country";"Lung";"75-85+";"Female";"1993";"30.37"
"Incidence";"Basque Country";"Lung";"75-85+";"Female";"1994";"30.61"
"Incidence";"Basque Country";"Lung";"75-85+";"Female";"1995";"48.15"
"Incidence";"Basque Country";"Lung";"75-85+";"Female";"1996";"50.29"
"Incidence";"Basque Country";"Lung";"75-85+";"Female";"1997";"45.93"
"Incidence";"Basque Country";"Lung";"75-85+";"Female";"1998";"30.88"
"Incidence";"Basque Country";"Lung";"75-85+";"Female";"1999";"34.95"
"Incidence";"Basque Country";"Lung";"75-85+";"Female";"2000";"53.06"
"Incidence";"Basque Country";"Lung";"75-85+";"Female";"2001";"45.52"
"Incidence";"Basque Country";"Lung";"75-85+";"Female";"2002";"53.44"
"Incidence";"Basque Country";"Lung";"75-85+";"Female";"2003";"52.93"
"Incidence";"Basque Country";"Lung";"75-85+";"Female";"2004";"35.97"
"Incidence";"Basque Country";"Lung";"75-85+";"Female";"2005";"46.30"
"Incidence";"Basque Country";"Lung";"75-85+";"Female";"2006";"42.28"
"Incidence";"Basque Country";"Lung";"75-85+";"Female";"2007";"42.35"
"Incidence";"Basque Country";"Lung";"75-85+";"Female";"2008";"51.17"
"Incidence";"Basque Country";"Lung";"75-85+";"Female";"2009";"55.66"
"Incidence";"Basque Country";"Lung";"75-85+";"Female";"2010";"50.44"
"Incidence";"Basque Country";"Lung";"75-85+";"Female";"2011";"48.55"
"Incidence";"Basque Country";"Lung";"75-85+";"Female";"2012";"57.21"
"Incidence";"Basque Country";"Lung";"75-85+";"Female";"2013";"62.85"
"Incidence";"Basque Country";"Lung";"75-85+";"Female";"2014";"72.26"
"Incidence";"Basque Country";"Lung";"75-85+";"Female";"2015";"68.90"
"Incidence";"Basque Country";"Lung";"75-85+";"Female";"2016";"59.84"
"Incidence";"Basque Country";"Lung";"75-85+";"Female";"2017";"86.15"
"Incidence";"Basque Country";"Lung";"75-85+";"Female";"2018";"72.05"
"Incidence";"Basque Country";"Lung";"75-85+";"Female";"2019";"89.49"
"Incidence";"Murcia";"Lung";"0-14";"Male";"1990";"0.00"
"Incidence";"Murcia";"Lung";"0-14";"Male";"1991";"0.00"
"Incidence";"Murcia";"Lung";"0-14";"Male";"1992";"0.00"
"Incidence";"Murcia";"Lung";"0-14";"Male";"1993";"0.00"
"Incidence";"Murcia";"Lung";"0-14";"Male";"1994";"0.00"
"Incidence";"Murcia";"Lung";"0-14";"Male";"1995";"0.00"
"Incidence";"Murcia";"Lung";"0-14";"Male";"1996";"0.00"
"Incidence";"Murcia";"Lung";"0-14";"Male";"1997";"0.00"
"Incidence";"Murcia";"Lung";"0-14";"Male";"1998";"0.00"
"Incidence";"Murcia";"Lung";"0-14";"Male";"1999";"0.00"
"Incidence";"Murcia";"Lung";"0-14";"Male";"2000";"0.00"
"Incidence";"Murcia";"Lung";"0-14";"Male";"2001";"0.00"
"Incidence";"Murcia";"Lung";"0-14";"Male";"2002";"0.00"
"Incidence";"Murcia";"Lung";"0-14";"Male";"2003";"0.00"
"Incidence";"Murcia";"Lung";"0-14";"Male";"2004";"0.00"
"Incidence";"Murcia";"Lung";"0-14";"Male";"2005";"0.00"
"Incidence";"Murcia";"Lung";"0-14";"Male";"2006";"0.00"
"Incidence";"Murcia";"Lung";"0-14";"Male";"2007";"0.00"
"Incidence";"Murcia";"Lung";"0-14";"Male";"2008";"0.00"
"Incidence";"Murcia";"Lung";"0-14";"Male";"2009";"0.00"
"Incidence";"Murcia";"Lung";"0-14";"Male";"2010";"0.00"
"Incidence";"Murcia";"Lung";"0-14";"Male";"2011";"0.00"
"Incidence";"Murcia";"Lung";"0-14";"Male";"2012";"0.00"
"Incidence";"Murcia";"Lung";"0-14";"Male";"2013";"0.00"
"Incidence";"Murcia";"Lung";"0-14";"Male";"2014";"0.00"
"Incidence";"Murcia";"Lung";"0-14";"Male";"2015";"0.00"
"Incidence";"Murcia";"Lung";"0-14";"Male";"2016";"0.75"
"Incidence";"Murcia";"Lung";"0-14";"Male";"2017";"0.00"
"Incidence";"Murcia";"Lung";"0-14";"Male";"2018";"0.00"
"Incidence";"Murcia";"Lung";"0-14";"Male";"2019";"0.00"
"Incidence";"Murcia";"Lung";"0-14";"Male";"2020";"0.00"
"Incidence";"Murcia";"Lung";"0-14";"Female";"1990";"0.00"
"Incidence";"Murcia";"Lung";"0-14";"Female";"1991";"0.00"
"Incidence";"Murcia";"Lung";"0-14";"Female";"1992";"0.00"
"Incidence";"Murcia";"Lung";"0-14";"Female";"1993";"0.00"
"Incidence";"Murcia";"Lung";"0-14";"Female";"1994";"0.00"
"Incidence";"Murcia";"Lung";"0-14";"Female";"1995";"0.00"
"Incidence";"Murcia";"Lung";"0-14";"Female";"1996";"0.00"
"Incidence";"Murcia";"Lung";"0-14";"Female";"1997";"0.00"
"Incidence";"Murcia";"Lung";"0-14";"Female";"1998";"0.99"
"Incidence";"Murcia";"Lung";"0-14";"Female";"1999";"0.00"
"Incidence";"Murcia";"Lung";"0-14";"Female";"2000";"0.00"
"Incidence";"Murcia";"Lung";"0-14";"Female";"2001";"0.00"
"Incidence";"Murcia";"Lung";"0-14";"Female";"2002";"0.00"
"Incidence";"Murcia";"Lung";"0-14";"Female";"2003";"0.00"
"Incidence";"Murcia";"Lung";"0-14";"Female";"2004";"0.00"
"Incidence";"Murcia";"Lung";"0-14";"Female";"2005";"0.00"
"Incidence";"Murcia";"Lung";"0-14";"Female";"2006";"0.00"
"Incidence";"Murcia";"Lung";"0-14";"Female";"2007";"0.00"
"Incidence";"Murcia";"Lung";"0-14";"Female";"2008";"0.00"
"Incidence";"Murcia";"Lung";"0-14";"Female";"2009";"0.00"
"Incidence";"Murcia";"Lung";"0-14";"Female";"2010";"0.00"
"Incidence";"Murcia";"Lung";"0-14";"Female";"2011";"0.00"
"Incidence";"Murcia";"Lung";"0-14";"Female";"2012";"0.00"
"Incidence";"Murcia";"Lung";"0-14";"Female";"2013";"0.80"
"Incidence";"Murcia";"Lung";"0-14";"Female";"2014";"0.00"
"Incidence";"Murcia";"Lung";"0-14";"Female";"2015";"0.00"
"Incidence";"Murcia";"Lung";"0-14";"Female";"2016";"0.00"
"Incidence";"Murcia";"Lung";"0-14";"Female";"2017";"0.00"
"Incidence";"Murcia";"Lung";"0-14";"Female";"2018";"0.00"
"Incidence";"Murcia";"Lung";"0-14";"Female";"2019";"0.00"
"Incidence";"Murcia";"Lung";"0-14";"Female";"2020";"0.00"
"Incidence";"Murcia";"Lung";"15-29";"Female";"1990";"0.00"
"Incidence";"Murcia";"Lung";"15-29";"Female";"1991";"0.00"
"Incidence";"Murcia";"Lung";"15-29";"Female";"1992";"0.00"
"Incidence";"Murcia";"Lung";"15-29";"Female";"1993";"0.00"
"Incidence";"Murcia";"Lung";"15-29";"Female";"1994";"0.00"
"Incidence";"Murcia";"Lung";"15-29";"Female";"1995";"0.00"
"Incidence";"Murcia";"Lung";"15-29";"Female";"1996";"0.00"
"Incidence";"Murcia";"Lung";"15-29";"Female";"1997";"0.00"
"Incidence";"Murcia";"Lung";"15-29";"Female";"1998";"0.00"
"Incidence";"Murcia";"Lung";"15-29";"Female";"1999";"0.00"
"Incidence";"Murcia";"Lung";"15-29";"Female";"2000";"0.00"
"Incidence";"Murcia";"Lung";"15-29";"Female";"2001";"0.70"
"Incidence";"Murcia";"Lung";"15-29";"Female";"2002";"0.70"
"Incidence";"Murcia";"Lung";"15-29";"Female";"2003";"0.00"
"Incidence";"Murcia";"Lung";"15-29";"Female";"2004";"0.00"
"Incidence";"Murcia";"Lung";"15-29";"Female";"2005";"0.00"
"Incidence";"Murcia";"Lung";"15-29";"Female";"2006";"0.00"
"Incidence";"Murcia";"Lung";"15-29";"Female";"2007";"0.69"
"Incidence";"Murcia";"Lung";"15-29";"Female";"2008";"0.00"
"Incidence";"Murcia";"Lung";"15-29";"Female";"2009";"0.00"
"Incidence";"Murcia";"Lung";"15-29";"Female";"2010";"0.00"
"Incidence";"Murcia";"Lung";"15-29";"Female";"2011";"0.00"
"Incidence";"Murcia";"Lung";"15-29";"Female";"2012";"0.00"
"Incidence";"Murcia";"Lung";"15-29";"Female";"2013";"0.00"
"Incidence";"Murcia";"Lung";"15-29";"Female";"2014";"1.61"
"Incidence";"Murcia";"Lung";"15-29";"Female";"2015";"0.82"
"Incidence";"Murcia";"Lung";"15-29";"Female";"2016";"1.65"
"Incidence";"Murcia";"Lung";"15-29";"Female";"2017";"0.00"
"Incidence";"Murcia";"Lung";"15-29";"Female";"2018";"0.00"
"Incidence";"Murcia";"Lung";"15-29";"Female";"2019";"0.00"
"Incidence";"Murcia";"Lung";"15-29";"Female";"2020";"0.80"
"Incidence";"Murcia";"Lung";"15-29";"Male";"1990";"0.00"
"Incidence";"Murcia";"Lung";"15-29";"Male";"1991";"0.00"
"Incidence";"Murcia";"Lung";"15-29";"Male";"1992";"0.00"
"Incidence";"Murcia";"Lung";"15-29";"Male";"1993";"0.00"
"Incidence";"Murcia";"Lung";"15-29";"Male";"1994";"0.00"
"Incidence";"Murcia";"Lung";"15-29";"Male";"1995";"0.00"
"Incidence";"Murcia";"Lung";"15-29";"Male";"1996";"0.00"
"Incidence";"Murcia";"Lung";"15-29";"Male";"1997";"0.63"
"Incidence";"Murcia";"Lung";"15-29";"Male";"1998";"0.00"
"Incidence";"Murcia";"Lung";"15-29";"Male";"1999";"0.00"
"Incidence";"Murcia";"Lung";"15-29";"Male";"2000";"0.63"
"Incidence";"Murcia";"Lung";"15-29";"Male";"2001";"0.64"
"Incidence";"Murcia";"Lung";"15-29";"Male";"2002";"0.00"
"Incidence";"Murcia";"Lung";"15-29";"Male";"2003";"1.25"
"Incidence";"Murcia";"Lung";"15-29";"Male";"2004";"1.24"
"Incidence";"Murcia";"Lung";"15-29";"Male";"2005";"0.61"
"Incidence";"Murcia";"Lung";"15-29";"Male";"2006";"0.00"
"Incidence";"Murcia";"Lung";"15-29";"Male";"2007";"0.61"
"Incidence";"Murcia";"Lung";"15-29";"Male";"2008";"0.00"
"Incidence";"Murcia";"Lung";"15-29";"Male";"2009";"0.00"
"Incidence";"Murcia";"Lung";"15-29";"Male";"2010";"0.00"
"Incidence";"Murcia";"Lung";"15-29";"Male";"2011";"1.39"
"Incidence";"Murcia";"Lung";"15-29";"Male";"2012";"0.72"
"Incidence";"Murcia";"Lung";"15-29";"Male";"2013";"0.00"
"Incidence";"Murcia";"Lung";"15-29";"Male";"2014";"2.32"
"Incidence";"Murcia";"Lung";"15-29";"Male";"2015";"1.58"
"Incidence";"Murcia";"Lung";"15-29";"Male";"2016";"0.79"
"Incidence";"Murcia";"Lung";"15-29";"Male";"2017";"0.00"
"Incidence";"Murcia";"Lung";"15-29";"Male";"2018";"0.00"
"Incidence";"Murcia";"Lung";"15-29";"Male";"2019";"0.00"
"Incidence";"Murcia";"Lung";"15-29";"Male";"2020";"0.00"
"Incidence";"Murcia";"Lung";"30-44";"Male";"1990";"5.25"
"Incidence";"Murcia";"Lung";"30-44";"Male";"1991";"8.22"
"Incidence";"Murcia";"Lung";"30-44";"Male";"1992";"18.92"
"Incidence";"Murcia";"Lung";"30-44";"Male";"1993";"16.40"
"Incidence";"Murcia";"Lung";"30-44";"Male";"1994";"10.25"
"Incidence";"Murcia";"Lung";"30-44";"Male";"1995";"15.21"
"Incidence";"Murcia";"Lung";"30-44";"Male";"1996";"12.84"
"Incidence";"Murcia";"Lung";"30-44";"Male";"1997";"10.66"
"Incidence";"Murcia";"Lung";"30-44";"Male";"1998";"15.74"
"Incidence";"Murcia";"Lung";"30-44";"Male";"1999";"6.05"
"Incidence";"Murcia";"Lung";"30-44";"Male";"2000";"5.81"
"Incidence";"Murcia";"Lung";"30-44";"Male";"2001";"11.88"
"Incidence";"Murcia";"Lung";"30-44";"Male";"2002";"12.71"
"Incidence";"Murcia";"Lung";"30-44";"Male";"2003";"7.00"
"Incidence";"Murcia";"Lung";"30-44";"Male";"2004";"10.34"
"Incidence";"Murcia";"Lung";"30-44";"Male";"2005";"8.65"
"Incidence";"Murcia";"Lung";"30-44";"Male";"2006";"10.39"
"Incidence";"Murcia";"Lung";"30-44";"Male";"2007";"9.97"
"Incidence";"Murcia";"Lung";"30-44";"Male";"2008";"7.59"
"Incidence";"Murcia";"Lung";"30-44";"Male";"2009";"5.44"
"Incidence";"Murcia";"Lung";"30-44";"Male";"2010";"2.45"
"Incidence";"Murcia";"Lung";"30-44";"Male";"2011";"4.39"
"Incidence";"Murcia";"Lung";"30-44";"Male";"2012";"6.88"
"Incidence";"Murcia";"Lung";"30-44";"Male";"2013";"7.00"
"Incidence";"Murcia";"Lung";"30-44";"Male";"2014";"2.04"
"Incidence";"Murcia";"Lung";"30-44";"Male";"2015";"5.19"
"Incidence";"Murcia";"Lung";"30-44";"Male";"2016";"2.65"
"Incidence";"Murcia";"Lung";"30-44";"Male";"2017";"4.33"
"Incidence";"Murcia";"Lung";"30-44";"Male";"2018";"4.43"
"Incidence";"Murcia";"Lung";"30-44";"Male";"2019";"4.51"
"Incidence";"Murcia";"Lung";"30-44";"Male";"2020";"12.02"
"Incidence";"Murcia";"Lung";"30-44";"Female";"1990";"2.07"
"Incidence";"Murcia";"Lung";"30-44";"Female";"1991";"0.00"
"Incidence";"Murcia";"Lung";"30-44";"Female";"1992";"1.97"
"Incidence";"Murcia";"Lung";"30-44";"Female";"1993";"1.91"
"Incidence";"Murcia";"Lung";"30-44";"Female";"1994";"0.93"
"Incidence";"Murcia";"Lung";"30-44";"Female";"1995";"0.90"
"Incidence";"Murcia";"Lung";"30-44";"Female";"1996";"3.46"
"Incidence";"Murcia";"Lung";"30-44";"Female";"1997";"1.67"
"Incidence";"Murcia";"Lung";"30-44";"Female";"1998";"3.21"
"Incidence";"Murcia";"Lung";"30-44";"Female";"1999";"3.88"
"Incidence";"Murcia";"Lung";"30-44";"Female";"2000";"3.00"
"Incidence";"Murcia";"Lung";"30-44";"Female";"2001";"7.27"
"Incidence";"Murcia";"Lung";"30-44";"Female";"2002";"3.51"
"Incidence";"Murcia";"Lung";"30-44";"Female";"2003";"3.38"
"Incidence";"Murcia";"Lung";"30-44";"Female";"2004";"1.96"
"Incidence";"Murcia";"Lung";"30-44";"Female";"2005";"3.79"
"Incidence";"Murcia";"Lung";"30-44";"Female";"2006";"4.28"
"Incidence";"Murcia";"Lung";"30-44";"Female";"2007";"5.32"
"Incidence";"Murcia";"Lung";"30-44";"Female";"2008";"1.71"
"Incidence";"Murcia";"Lung";"30-44";"Female";"2009";"5.01"
"Incidence";"Murcia";"Lung";"30-44";"Female";"2010";"2.21"
"Incidence";"Murcia";"Lung";"30-44";"Female";"2011";"1.65"
"Incidence";"Murcia";"Lung";"30-44";"Female";"2012";"4.97"
"Incidence";"Murcia";"Lung";"30-44";"Female";"2013";"3.89"
"Incidence";"Murcia";"Lung";"30-44";"Female";"2014";"3.94"
"Incidence";"Murcia";"Lung";"30-44";"Female";"2015";"3.42"
"Incidence";"Murcia";"Lung";"30-44";"Female";"2016";"2.31"
"Incidence";"Murcia";"Lung";"30-44";"Female";"2017";"1.76"
"Incidence";"Murcia";"Lung";"30-44";"Female";"2018";"4.18"
"Incidence";"Murcia";"Lung";"30-44";"Female";"2019";"3.62"
"Incidence";"Murcia";"Lung";"30-44";"Female";"2020";"3.66"
"Incidence";"Murcia";"Lung";"45-59";"Female";"1990";"2.46"
"Incidence";"Murcia";"Lung";"45-59";"Female";"1991";"8.60"
"Incidence";"Murcia";"Lung";"45-59";"Female";"1992";"6.12"
"Incidence";"Murcia";"Lung";"45-59";"Female";"1993";"4.88"
"Incidence";"Murcia";"Lung";"45-59";"Female";"1994";"4.84"
"Incidence";"Murcia";"Lung";"45-59";"Female";"1995";"4.81"
"Incidence";"Murcia";"Lung";"45-59";"Female";"1996";"17.92"
"Incidence";"Murcia";"Lung";"45-59";"Female";"1997";"8.29"
"Incidence";"Murcia";"Lung";"45-59";"Female";"1998";"7.00"
"Incidence";"Murcia";"Lung";"45-59";"Female";"1999";"12.66"
"Incidence";"Murcia";"Lung";"45-59";"Female";"2000";"8.92"
"Incidence";"Murcia";"Lung";"45-59";"Female";"2001";"7.74"
"Incidence";"Murcia";"Lung";"45-59";"Female";"2002";"19.28"
"Incidence";"Murcia";"Lung";"45-59";"Female";"2003";"10.22"
"Incidence";"Murcia";"Lung";"45-59";"Female";"2004";"18.58"
"Incidence";"Murcia";"Lung";"45-59";"Female";"2005";"13.12"
"Incidence";"Murcia";"Lung";"45-59";"Female";"2006";"20.74"
"Incidence";"Murcia";"Lung";"45-59";"Female";"2007";"22.53"
"Incidence";"Murcia";"Lung";"45-59";"Female";"2008";"18.39"
"Incidence";"Murcia";"Lung";"45-59";"Female";"2009";"17.03"
"Incidence";"Murcia";"Lung";"45-59";"Female";"2010";"17.20"
"Incidence";"Murcia";"Lung";"45-59";"Female";"2011";"28.76"
"Incidence";"Murcia";"Lung";"45-59";"Female";"2012";"23.47"
"Incidence";"Murcia";"Lung";"45-59";"Female";"2013";"23.51"
"Incidence";"Murcia";"Lung";"45-59";"Female";"2014";"31.92"
"Incidence";"Murcia";"Lung";"45-59";"Female";"2015";"24.33"
"Incidence";"Murcia";"Lung";"45-59";"Female";"2016";"25.73"
"Incidence";"Murcia";"Lung";"45-59";"Female";"2017";"34.12"
"Incidence";"Murcia";"Lung";"45-59";"Female";"2018";"29.72"
"Incidence";"Murcia";"Lung";"45-59";"Female";"2019";"29.14"
"Incidence";"Murcia";"Lung";"45-59";"Female";"2020";"25.43"
"Incidence";"Murcia";"Lung";"45-59";"Male";"1990";"110.01"
"Incidence";"Murcia";"Lung";"45-59";"Male";"1991";"80.04"
"Incidence";"Murcia";"Lung";"45-59";"Male";"1992";"96.85"
"Incidence";"Murcia";"Lung";"45-59";"Male";"1993";"83.62"
"Incidence";"Murcia";"Lung";"45-59";"Male";"1994";"71.31"
"Incidence";"Murcia";"Lung";"45-59";"Male";"1995";"86.05"
"Incidence";"Murcia";"Lung";"45-59";"Male";"1996";"99.14"
"Incidence";"Murcia";"Lung";"45-59";"Male";"1997";"100.65"
"Incidence";"Murcia";"Lung";"45-59";"Male";"1998";"103.76"
"Incidence";"Murcia";"Lung";"45-59";"Male";"1999";"87.24"
"Incidence";"Murcia";"Lung";"45-59";"Male";"2000";"87.70"
"Incidence";"Murcia";"Lung";"45-59";"Male";"2001";"96.61"
"Incidence";"Murcia";"Lung";"45-59";"Male";"2002";"117.37"
"Incidence";"Murcia";"Lung";"45-59";"Male";"2003";"111.57"
"Incidence";"Murcia";"Lung";"45-59";"Male";"2004";"106.52"
"Incidence";"Murcia";"Lung";"45-59";"Male";"2005";"110.62"
"Incidence";"Murcia";"Lung";"45-59";"Male";"2006";"105.85"
"Incidence";"Murcia";"Lung";"45-59";"Male";"2007";"95.07"
"Incidence";"Murcia";"Lung";"45-59";"Male";"2008";"94.56"
"Incidence";"Murcia";"Lung";"45-59";"Male";"2009";"85.53"
"Incidence";"Murcia";"Lung";"45-59";"Male";"2010";"95.41"
"Incidence";"Murcia";"Lung";"45-59";"Male";"2011";"75.52"
"Incidence";"Murcia";"Lung";"45-59";"Male";"2012";"75.80"
"Incidence";"Murcia";"Lung";"45-59";"Male";"2013";"73.69"
"Incidence";"Murcia";"Lung";"45-59";"Male";"2014";"80.53"
"Incidence";"Murcia";"Lung";"45-59";"Male";"2015";"73.02"
"Incidence";"Murcia";"Lung";"45-59";"Male";"2016";"61.48"
"Incidence";"Murcia";"Lung";"45-59";"Male";"2017";"70.30"
"Incidence";"Murcia";"Lung";"45-59";"Male";"2018";"59.30"
"Incidence";"Murcia";"Lung";"45-59";"Male";"2019";"63.47"
"Incidence";"Murcia";"Lung";"45-59";"Male";"2020";"53.21"
"Incidence";"Murcia";"Lung";"60-74";"Male";"1990";"254.52"
"Incidence";"Murcia";"Lung";"60-74";"Male";"1991";"325.80"
"Incidence";"Murcia";"Lung";"60-74";"Male";"1992";"299.95"
"Incidence";"Murcia";"Lung";"60-74";"Male";"1993";"295.11"
"Incidence";"Murcia";"Lung";"60-74";"Male";"1994";"286.28"
"Incidence";"Murcia";"Lung";"60-74";"Male";"1995";"314.47"
"Incidence";"Murcia";"Lung";"60-74";"Male";"1996";"302.07"
"Incidence";"Murcia";"Lung";"60-74";"Male";"1997";"352.21"
"Incidence";"Murcia";"Lung";"60-74";"Male";"1998";"311.97"
"Incidence";"Murcia";"Lung";"60-74";"Male";"1999";"292.48"
"Incidence";"Murcia";"Lung";"60-74";"Male";"2000";"317.34"
"Incidence";"Murcia";"Lung";"60-74";"Male";"2001";"288.31"
"Incidence";"Murcia";"Lung";"60-74";"Male";"2002";"321.50"
"Incidence";"Murcia";"Lung";"60-74";"Male";"2003";"307.82"
"Incidence";"Murcia";"Lung";"60-74";"Male";"2004";"335.30"
"Incidence";"Murcia";"Lung";"60-74";"Male";"2005";"332.81"
"Incidence";"Murcia";"Lung";"60-74";"Male";"2006";"328.41"
"Incidence";"Murcia";"Lung";"60-74";"Male";"2007";"317.53"
"Incidence";"Murcia";"Lung";"60-74";"Male";"2008";"319.71"
"Incidence";"Murcia";"Lung";"60-74";"Male";"2009";"382.52"
"Incidence";"Murcia";"Lung";"60-74";"Male";"2010";"326.53"
"Incidence";"Murcia";"Lung";"60-74";"Male";"2011";"328.55"
"Incidence";"Murcia";"Lung";"60-74";"Male";"2012";"323.17"
"Incidence";"Murcia";"Lung";"60-74";"Male";"2013";"334.70"
"Incidence";"Murcia";"Lung";"60-74";"Male";"2014";"292.95"
"Incidence";"Murcia";"Lung";"60-74";"Male";"2015";"321.86"
"Incidence";"Murcia";"Lung";"60-74";"Male";"2016";"347.29"
"Incidence";"Murcia";"Lung";"60-74";"Male";"2017";"330.37"
"Incidence";"Murcia";"Lung";"60-74";"Male";"2018";"302.09"
"Incidence";"Murcia";"Lung";"60-74";"Male";"2019";"326.79"
"Incidence";"Murcia";"Lung";"60-74";"Male";"2020";"289.30"
"Incidence";"Murcia";"Lung";"60-74";"Female";"1990";"12.00"
"Incidence";"Murcia";"Lung";"60-74";"Female";"1991";"30.45"
"Incidence";"Murcia";"Lung";"60-74";"Female";"1992";"28.24"
"Incidence";"Murcia";"Lung";"60-74";"Female";"1993";"17.86"
"Incidence";"Murcia";"Lung";"60-74";"Female";"1994";"21.40"
"Incidence";"Murcia";"Lung";"60-74";"Female";"1995";"14.38"
"Incidence";"Murcia";"Lung";"60-74";"Female";"1996";"19.21"
"Incidence";"Murcia";"Lung";"60-74";"Female";"1997";"25.18"
"Incidence";"Murcia";"Lung";"60-74";"Female";"1998";"15.04"
"Incidence";"Murcia";"Lung";"60-74";"Female";"1999";"21.03"
"Incidence";"Murcia";"Lung";"60-74";"Female";"2000";"22.61"
"Incidence";"Murcia";"Lung";"60-74";"Female";"2001";"23.51"
"Incidence";"Murcia";"Lung";"60-74";"Female";"2002";"21.17"
"Incidence";"Murcia";"Lung";"60-74";"Female";"2003";"26.14"
"Incidence";"Murcia";"Lung";"60-74";"Female";"2004";"32.22"
"Incidence";"Murcia";"Lung";"60-74";"Female";"2005";"20.84"
"Incidence";"Murcia";"Lung";"60-74";"Female";"2006";"38.65"
"Incidence";"Murcia";"Lung";"60-74";"Female";"2007";"35.68"
"Incidence";"Murcia";"Lung";"60-74";"Female";"2008";"38.77"
"Incidence";"Murcia";"Lung";"60-74";"Female";"2009";"30.11"
"Incidence";"Murcia";"Lung";"60-74";"Female";"2010";"37.76"
"Incidence";"Murcia";"Lung";"60-74";"Female";"2011";"32.81"
"Incidence";"Murcia";"Lung";"60-74";"Female";"2012";"35.75"
"Incidence";"Murcia";"Lung";"60-74";"Female";"2013";"49.47"
"Incidence";"Murcia";"Lung";"60-74";"Female";"2014";"56.33"
"Incidence";"Murcia";"Lung";"60-74";"Female";"2015";"66.41"
"Incidence";"Murcia";"Lung";"60-74";"Female";"2016";"58.71"
"Incidence";"Murcia";"Lung";"60-74";"Female";"2017";"68.64"
"Incidence";"Murcia";"Lung";"60-74";"Female";"2018";"73.85"
"Incidence";"Murcia";"Lung";"60-74";"Female";"2019";"90.70"
"Incidence";"Murcia";"Lung";"60-74";"Female";"2020";"83.98"
"Incidence";"Murcia";"Lung";"75-85+";"Male";"1990";"300.45"
"Incidence";"Murcia";"Lung";"75-85+";"Male";"1991";"342.69"
"Incidence";"Murcia";"Lung";"75-85+";"Male";"1992";"262.38"
"Incidence";"Murcia";"Lung";"75-85+";"Male";"1993";"446.40"
"Incidence";"Murcia";"Lung";"75-85+";"Male";"1994";"364.31"
"Incidence";"Murcia";"Lung";"75-85+";"Male";"1995";"485.64"
"Incidence";"Murcia";"Lung";"75-85+";"Male";"1996";"418.56"
"Incidence";"Murcia";"Lung";"75-85+";"Male";"1997";"509.82"
"Incidence";"Murcia";"Lung";"75-85+";"Male";"1998";"439.07"
"Incidence";"Murcia";"Lung";"75-85+";"Male";"1999";"506.13"
"Incidence";"Murcia";"Lung";"75-85+";"Male";"2000";"419.06"
"Incidence";"Murcia";"Lung";"75-85+";"Male";"2001";"465.85"
"Incidence";"Murcia";"Lung";"75-85+";"Male";"2002";"474.38"
"Incidence";"Murcia";"Lung";"75-85+";"Male";"2003";"430.71"
"Incidence";"Murcia";"Lung";"75-85+";"Male";"2004";"575.28"
"Incidence";"Murcia";"Lung";"75-85+";"Male";"2005";"494.21"
"Incidence";"Murcia";"Lung";"75-85+";"Male";"2006";"479.01"
"Incidence";"Murcia";"Lung";"75-85+";"Male";"2007";"451.49"
"Incidence";"Murcia";"Lung";"75-85+";"Male";"2008";"497.49"
"Incidence";"Murcia";"Lung";"75-85+";"Male";"2009";"467.33"
"Incidence";"Murcia";"Lung";"75-85+";"Male";"2010";"366.97"
"Incidence";"Murcia";"Lung";"75-85+";"Male";"2011";"537.37"
"Incidence";"Murcia";"Lung";"75-85+";"Male";"2012";"399.11"
"Incidence";"Murcia";"Lung";"75-85+";"Male";"2013";"449.32"
"Incidence";"Murcia";"Lung";"75-85+";"Male";"2014";"437.68"
"Incidence";"Murcia";"Lung";"75-85+";"Male";"2015";"388.67"
"Incidence";"Murcia";"Lung";"75-85+";"Male";"2016";"449.35"
"Incidence";"Murcia";"Lung";"75-85+";"Male";"2017";"389.54"
"Incidence";"Murcia";"Lung";"75-85+";"Male";"2018";"443.88"
"Incidence";"Murcia";"Lung";"75-85+";"Male";"2019";"457.70"
"Incidence";"Murcia";"Lung";"75-85+";"Male";"2020";"415.59"
"Incidence";"Murcia";"Lung";"75-85+";"Female";"1990";"53.51"
"Incidence";"Murcia";"Lung";"75-85+";"Female";"1991";"9.85"
"Incidence";"Murcia";"Lung";"75-85+";"Female";"1992";"22.62"
"Incidence";"Murcia";"Lung";"75-85+";"Female";"1993";"41.25"
"Incidence";"Murcia";"Lung";"75-85+";"Female";"1994";"34.22"
"Incidence";"Murcia";"Lung";"75-85+";"Female";"1995";"24.34"
"Incidence";"Murcia";"Lung";"75-85+";"Female";"1996";"35.59"
"Incidence";"Murcia";"Lung";"75-85+";"Female";"1997";"34.31"
"Incidence";"Murcia";"Lung";"75-85+";"Female";"1998";"29.93"
"Incidence";"Murcia";"Lung";"75-85+";"Female";"1999";"47.36"
"Incidence";"Murcia";"Lung";"75-85+";"Female";"2000";"32.93"
"Incidence";"Murcia";"Lung";"75-85+";"Female";"2001";"53.22"
"Incidence";"Murcia";"Lung";"75-85+";"Female";"2002";"41.41"
"Incidence";"Murcia";"Lung";"75-85+";"Female";"2003";"44.44"
"Incidence";"Murcia";"Lung";"75-85+";"Female";"2004";"38.41"
"Incidence";"Murcia";"Lung";"75-85+";"Female";"2005";"41.08"
"Incidence";"Murcia";"Lung";"75-85+";"Female";"2006";"37.42"
"Incidence";"Murcia";"Lung";"75-85+";"Female";"2007";"34.23"
"Incidence";"Murcia";"Lung";"75-85+";"Female";"2008";"36.67"
"Incidence";"Murcia";"Lung";"75-85+";"Female";"2009";"46.02"
"Incidence";"Murcia";"Lung";"75-85+";"Female";"2010";"46.37"
"Incidence";"Murcia";"Lung";"75-85+";"Female";"2011";"60.02"
"Incidence";"Murcia";"Lung";"75-85+";"Female";"2012";"50.16"
"Incidence";"Murcia";"Lung";"75-85+";"Female";"2013";"41.38"
"Incidence";"Murcia";"Lung";"75-85+";"Female";"2014";"51.41"
"Incidence";"Murcia";"Lung";"75-85+";"Female";"2015";"57.85"
"Incidence";"Murcia";"Lung";"75-85+";"Female";"2016";"33.48"
"Incidence";"Murcia";"Lung";"75-85+";"Female";"2017";"63.41"
"Incidence";"Murcia";"Lung";"75-85+";"Female";"2018";"54.50"
"Incidence";"Murcia";"Lung";"75-85+";"Female";"2019";"74.85"
"Incidence";"Murcia";"Lung";"75-85+";"Female";"2020";"76.73"
"Incidence";"Balearic Islands";"Lung";"0-14";"Female";"1991";"0.00"
"Incidence";"Balearic Islands";"Lung";"0-14";"Female";"1992";"0.00"
"Incidence";"Balearic Islands";"Lung";"0-14";"Female";"1993";"0.00"
"Incidence";"Balearic Islands";"Lung";"0-14";"Female";"1994";"0.00"
"Incidence";"Balearic Islands";"Lung";"0-14";"Female";"1995";"0.00"
"Incidence";"Balearic Islands";"Lung";"0-14";"Female";"1996";"0.00"
"Incidence";"Balearic Islands";"Lung";"0-14";"Female";"1997";"0.00"
"Incidence";"Balearic Islands";"Lung";"0-14";"Female";"1998";"0.00"
"Incidence";"Balearic Islands";"Lung";"0-14";"Female";"1999";"0.00"
"Incidence";"Balearic Islands";"Lung";"0-14";"Female";"2000";"0.00"
"Incidence";"Balearic Islands";"Lung";"0-14";"Female";"2001";"0.00"
"Incidence";"Balearic Islands";"Lung";"0-14";"Female";"2002";"0.00"
"Incidence";"Balearic Islands";"Lung";"0-14";"Female";"2003";"0.00"
"Incidence";"Balearic Islands";"Lung";"0-14";"Female";"2004";"0.00"
"Incidence";"Balearic Islands";"Lung";"0-14";"Female";"2005";"0.00"
"Incidence";"Balearic Islands";"Lung";"0-14";"Female";"2006";"0.00"
"Incidence";"Balearic Islands";"Lung";"0-14";"Female";"2007";"0.00"
"Incidence";"Balearic Islands";"Lung";"0-14";"Female";"2008";"0.00"
"Incidence";"Balearic Islands";"Lung";"0-14";"Female";"2009";"0.00"
"Incidence";"Balearic Islands";"Lung";"0-14";"Female";"2010";"0.00"
"Incidence";"Balearic Islands";"Lung";"0-14";"Female";"2011";"0.00"
"Incidence";"Balearic Islands";"Lung";"0-14";"Male";"1991";"0.00"
"Incidence";"Balearic Islands";"Lung";"0-14";"Male";"1992";"0.00"
"Incidence";"Balearic Islands";"Lung";"0-14";"Male";"1993";"0.00"
"Incidence";"Balearic Islands";"Lung";"0-14";"Male";"1994";"0.00"
"Incidence";"Balearic Islands";"Lung";"0-14";"Male";"1995";"0.00"
"Incidence";"Balearic Islands";"Lung";"0-14";"Male";"1996";"0.00"
"Incidence";"Balearic Islands";"Lung";"0-14";"Male";"1997";"0.00"
"Incidence";"Balearic Islands";"Lung";"0-14";"Male";"1998";"0.00"
"Incidence";"Balearic Islands";"Lung";"0-14";"Male";"1999";"0.00"
"Incidence";"Balearic Islands";"Lung";"0-14";"Male";"2000";"0.00"
"Incidence";"Balearic Islands";"Lung";"0-14";"Male";"2001";"0.00"
"Incidence";"Balearic Islands";"Lung";"0-14";"Male";"2002";"0.00"
"Incidence";"Balearic Islands";"Lung";"0-14";"Male";"2003";"0.00"
"Incidence";"Balearic Islands";"Lung";"0-14";"Male";"2004";"0.00"
"Incidence";"Balearic Islands";"Lung";"0-14";"Male";"2005";"0.00"
"Incidence";"Balearic Islands";"Lung";"0-14";"Male";"2006";"0.00"
"Incidence";"Balearic Islands";"Lung";"0-14";"Male";"2007";"0.00"
"Incidence";"Balearic Islands";"Lung";"0-14";"Male";"2008";"0.00"
"Incidence";"Balearic Islands";"Lung";"0-14";"Male";"2009";"0.00"
"Incidence";"Balearic Islands";"Lung";"0-14";"Male";"2010";"0.00"
"Incidence";"Balearic Islands";"Lung";"0-14";"Male";"2011";"0.00"
"Incidence";"Balearic Islands";"Lung";"15-29";"Female";"1991";"0.00"
"Incidence";"Balearic Islands";"Lung";"15-29";"Female";"1992";"0.00"
"Incidence";"Balearic Islands";"Lung";"15-29";"Female";"1993";"0.00"
"Incidence";"Balearic Islands";"Lung";"15-29";"Female";"1994";"0.00"
"Incidence";"Balearic Islands";"Lung";"15-29";"Female";"1995";"0.00"
"Incidence";"Balearic Islands";"Lung";"15-29";"Female";"1996";"0.00"
"Incidence";"Balearic Islands";"Lung";"15-29";"Female";"1997";"1.38"
"Incidence";"Balearic Islands";"Lung";"15-29";"Female";"1998";"0.00"
"Incidence";"Balearic Islands";"Lung";"15-29";"Female";"1999";"0.00"
"Incidence";"Balearic Islands";"Lung";"15-29";"Female";"2000";"1.32"
"Incidence";"Balearic Islands";"Lung";"15-29";"Female";"2001";"0.00"
"Incidence";"Balearic Islands";"Lung";"15-29";"Female";"2002";"0.00"
"Incidence";"Balearic Islands";"Lung";"15-29";"Female";"2003";"1.28"
"Incidence";"Balearic Islands";"Lung";"15-29";"Female";"2004";"0.00"
"Incidence";"Balearic Islands";"Lung";"15-29";"Female";"2005";"0.00"
"Incidence";"Balearic Islands";"Lung";"15-29";"Female";"2006";"1.27"
"Incidence";"Balearic Islands";"Lung";"15-29";"Female";"2007";"0.00"
"Incidence";"Balearic Islands";"Lung";"15-29";"Female";"2008";"0.00"
"Incidence";"Balearic Islands";"Lung";"15-29";"Female";"2009";"0.00"
"Incidence";"Balearic Islands";"Lung";"15-29";"Female";"2010";"0.00"
"Incidence";"Balearic Islands";"Lung";"15-29";"Female";"2011";"0.00"
"Incidence";"Balearic Islands";"Lung";"15-29";"Male";"1991";"1.43"
"Incidence";"Balearic Islands";"Lung";"15-29";"Male";"1992";"0.00"
"Incidence";"Balearic Islands";"Lung";"15-29";"Male";"1993";"0.00"
"Incidence";"Balearic Islands";"Lung";"15-29";"Male";"1994";"0.00"
"Incidence";"Balearic Islands";"Lung";"15-29";"Male";"1995";"0.00"
"Incidence";"Balearic Islands";"Lung";"15-29";"Male";"1996";"0.00"
"Incidence";"Balearic Islands";"Lung";"15-29";"Male";"1997";"0.00"
"Incidence";"Balearic Islands";"Lung";"15-29";"Male";"1998";"0.00"
"Incidence";"Balearic Islands";"Lung";"15-29";"Male";"1999";"1.28"
"Incidence";"Balearic Islands";"Lung";"15-29";"Male";"2000";"0.00"
"Incidence";"Balearic Islands";"Lung";"15-29";"Male";"2001";"0.00"
"Incidence";"Balearic Islands";"Lung";"15-29";"Male";"2002";"1.23"
"Incidence";"Balearic Islands";"Lung";"15-29";"Male";"2003";"0.00"
"Incidence";"Balearic Islands";"Lung";"15-29";"Male";"2004";"0.00"
"Incidence";"Balearic Islands";"Lung";"15-29";"Male";"2005";"0.00"
"Incidence";"Balearic Islands";"Lung";"15-29";"Male";"2006";"0.00"
"Incidence";"Balearic Islands";"Lung";"15-29";"Male";"2007";"0.00"
"Incidence";"Balearic Islands";"Lung";"15-29";"Male";"2008";"0.00"
"Incidence";"Balearic Islands";"Lung";"15-29";"Male";"2009";"0.00"
"Incidence";"Balearic Islands";"Lung";"15-29";"Male";"2010";"1.25"
"Incidence";"Balearic Islands";"Lung";"15-29";"Male";"2011";"0.00"
"Incidence";"Balearic Islands";"Lung";"30-44";"Female";"1991";"5.02"
"Incidence";"Balearic Islands";"Lung";"30-44";"Female";"1992";"4.90"
"Incidence";"Balearic Islands";"Lung";"30-44";"Female";"1993";"3.19"
"Incidence";"Balearic Islands";"Lung";"30-44";"Female";"1994";"1.56"
"Incidence";"Balearic Islands";"Lung";"30-44";"Female";"1995";"6.07"
"Incidence";"Balearic Islands";"Lung";"30-44";"Female";"1996";"4.44"
"Incidence";"Balearic Islands";"Lung";"30-44";"Female";"1997";"5.74"
"Incidence";"Balearic Islands";"Lung";"30-44";"Female";"1998";"4.15"
"Incidence";"Balearic Islands";"Lung";"30-44";"Female";"1999";"2.65"
"Incidence";"Balearic Islands";"Lung";"30-44";"Female";"2000";"1.26"
"Incidence";"Balearic Islands";"Lung";"30-44";"Female";"2001";"4.80"
"Incidence";"Balearic Islands";"Lung";"30-44";"Female";"2002";"3.44"
"Incidence";"Balearic Islands";"Lung";"30-44";"Female";"2003";"6.58"
"Incidence";"Balearic Islands";"Lung";"30-44";"Female";"2004";"7.39"
"Incidence";"Balearic Islands";"Lung";"30-44";"Female";"2005";"7.12"
"Incidence";"Balearic Islands";"Lung";"30-44";"Female";"2006";"3.93"
"Incidence";"Balearic Islands";"Lung";"30-44";"Female";"2007";"7.64"
"Incidence";"Balearic Islands";"Lung";"30-44";"Female";"2008";"6.48"
"Incidence";"Balearic Islands";"Lung";"30-44";"Female";"2009";"9.15"
"Incidence";"Balearic Islands";"Lung";"30-44";"Female";"2010";"5.47"
"Incidence";"Balearic Islands";"Lung";"30-44";"Female";"2011";"3.55"
"Incidence";"Balearic Islands";"Lung";"30-44";"Male";"1991";"20.15"
"Incidence";"Balearic Islands";"Lung";"30-44";"Male";"1992";"18.07"
"Incidence";"Balearic Islands";"Lung";"30-44";"Male";"1993";"14.48"
"Incidence";"Balearic Islands";"Lung";"30-44";"Male";"1994";"14.16"
"Incidence";"Balearic Islands";"Lung";"30-44";"Male";"1995";"16.84"
"Incidence";"Balearic Islands";"Lung";"30-44";"Male";"1996";"17.73"
"Incidence";"Balearic Islands";"Lung";"30-44";"Male";"1997";"18.60"
"Incidence";"Balearic Islands";"Lung";"30-44";"Male";"1998";"8.25"
"Incidence";"Balearic Islands";"Lung";"30-44";"Male";"1999";"16.99"
"Incidence";"Balearic Islands";"Lung";"30-44";"Male";"2000";"12.34"
"Incidence";"Balearic Islands";"Lung";"30-44";"Male";"2001";"11.66"
"Incidence";"Balearic Islands";"Lung";"30-44";"Male";"2002";"13.26"
"Incidence";"Balearic Islands";"Lung";"30-44";"Male";"2003";"11.53"
"Incidence";"Balearic Islands";"Lung";"30-44";"Male";"2004";"14.05"
"Incidence";"Balearic Islands";"Lung";"30-44";"Male";"2005";"7.68"
"Incidence";"Balearic Islands";"Lung";"30-44";"Male";"2006";"6.46"
"Incidence";"Balearic Islands";"Lung";"30-44";"Male";"2007";"7.16"
"Incidence";"Balearic Islands";"Lung";"30-44";"Male";"2008";"5.17"
"Incidence";"Balearic Islands";"Lung";"30-44";"Male";"2009";"3.39"
"Incidence";"Balearic Islands";"Lung";"30-44";"Male";"2010";"6.80"
"Incidence";"Balearic Islands";"Lung";"30-44";"Male";"2011";"4.93"
"Incidence";"Balearic Islands";"Lung";"45-59";"Female";"1991";"6.40"
"Incidence";"Balearic Islands";"Lung";"45-59";"Female";"1992";"8.39"
"Incidence";"Balearic Islands";"Lung";"45-59";"Female";"1993";"8.25"
"Incidence";"Balearic Islands";"Lung";"45-59";"Female";"1994";"4.05"
"Incidence";"Balearic Islands";"Lung";"45-59";"Female";"1995";"23.80"
"Incidence";"Balearic Islands";"Lung";"45-59";"Female";"1996";"5.87"
"Incidence";"Balearic Islands";"Lung";"45-59";"Female";"1997";"9.51"
"Incidence";"Balearic Islands";"Lung";"45-59";"Female";"1998";"16.55"
"Incidence";"Balearic Islands";"Lung";"45-59";"Female";"1999";"15.90"
"Incidence";"Balearic Islands";"Lung";"45-59";"Female";"2000";"16.93"
"Incidence";"Balearic Islands";"Lung";"45-59";"Female";"2001";"30.86"
"Incidence";"Balearic Islands";"Lung";"45-59";"Female";"2002";"28.39"
"Incidence";"Balearic Islands";"Lung";"45-59";"Female";"2003";"19.69"
"Incidence";"Balearic Islands";"Lung";"45-59";"Female";"2004";"30.60"
"Incidence";"Balearic Islands";"Lung";"45-59";"Female";"2005";"37.94"
"Incidence";"Balearic Islands";"Lung";"45-59";"Female";"2006";"33.95"
"Incidence";"Balearic Islands";"Lung";"45-59";"Female";"2007";"34.37"
"Incidence";"Balearic Islands";"Lung";"45-59";"Female";"2008";"42.00"
"Incidence";"Balearic Islands";"Lung";"45-59";"Female";"2009";"34.56"
"Incidence";"Balearic Islands";"Lung";"45-59";"Female";"2010";"41.04"
"Incidence";"Balearic Islands";"Lung";"45-59";"Female";"2011";"39.73"
"Incidence";"Balearic Islands";"Lung";"45-59";"Male";"1991";"127.59"
"Incidence";"Balearic Islands";"Lung";"45-59";"Male";"1992";"141.86"
"Incidence";"Balearic Islands";"Lung";"45-59";"Male";"1993";"83.00"
"Incidence";"Balearic Islands";"Lung";"45-59";"Male";"1994";"126.04"
"Incidence";"Balearic Islands";"Lung";"45-59";"Male";"1995";"142.79"
"Incidence";"Balearic Islands";"Lung";"45-59";"Male";"1996";"142.75"
"Incidence";"Balearic Islands";"Lung";"45-59";"Male";"1997";"115.52"
"Incidence";"Balearic Islands";"Lung";"45-59";"Male";"1998";"114.88"
"Incidence";"Balearic Islands";"Lung";"45-59";"Male";"1999";"125.84"
"Incidence";"Balearic Islands";"Lung";"45-59";"Male";"2000";"115.42"
"Incidence";"Balearic Islands";"Lung";"45-59";"Male";"2001";"110.72"
"Incidence";"Balearic Islands";"Lung";"45-59";"Male";"2002";"112.25"
"Incidence";"Balearic Islands";"Lung";"45-59";"Male";"2003";"118.58"
"Incidence";"Balearic Islands";"Lung";"45-59";"Male";"2004";"123.11"
"Incidence";"Balearic Islands";"Lung";"45-59";"Male";"2005";"110.53"
"Incidence";"Balearic Islands";"Lung";"45-59";"Male";"2006";"132.71"
"Incidence";"Balearic Islands";"Lung";"45-59";"Male";"2007";"113.63"
"Incidence";"Balearic Islands";"Lung";"45-59";"Male";"2008";"120.75"
"Incidence";"Balearic Islands";"Lung";"45-59";"Male";"2009";"98.50"
"Incidence";"Balearic Islands";"Lung";"45-59";"Male";"2010";"82.34"
"Incidence";"Balearic Islands";"Lung";"45-59";"Male";"2011";"102.78"
"Incidence";"Balearic Islands";"Lung";"60-74";"Female";"1991";"25.86"
"Incidence";"Balearic Islands";"Lung";"60-74";"Female";"1992";"16.26"
"Incidence";"Balearic Islands";"Lung";"60-74";"Female";"1993";"22.99"
"Incidence";"Balearic Islands";"Lung";"60-74";"Female";"1994";"22.78"
"Incidence";"Balearic Islands";"Lung";"60-74";"Female";"1995";"18.05"
"Incidence";"Balearic Islands";"Lung";"60-74";"Female";"1996";"29.40"
"Incidence";"Balearic Islands";"Lung";"60-74";"Female";"1997";"36.04"
"Incidence";"Balearic Islands";"Lung";"60-74";"Female";"1998";"22.41"
"Incidence";"Balearic Islands";"Lung";"60-74";"Female";"1999";"24.46"
"Incidence";"Balearic Islands";"Lung";"60-74";"Female";"2000";"26.49"
"Incidence";"Balearic Islands";"Lung";"60-74";"Female";"2001";"21.88"
"Incidence";"Balearic Islands";"Lung";"60-74";"Female";"2002";"39.32"
"Incidence";"Balearic Islands";"Lung";"60-74";"Female";"2003";"36.32"
"Incidence";"Balearic Islands";"Lung";"60-74";"Female";"2004";"62.59"
"Incidence";"Balearic Islands";"Lung";"60-74";"Female";"2005";"52.88"
"Incidence";"Balearic Islands";"Lung";"60-74";"Female";"2006";"35.67"
"Incidence";"Balearic Islands";"Lung";"60-74";"Female";"2007";"50.37"
"Incidence";"Balearic Islands";"Lung";"60-74";"Female";"2008";"47.07"
"Incidence";"Balearic Islands";"Lung";"60-74";"Female";"2009";"36.79"
"Incidence";"Balearic Islands";"Lung";"60-74";"Female";"2010";"61.42"
"Incidence";"Balearic Islands";"Lung";"60-74";"Female";"2011";"70.89"
"Incidence";"Balearic Islands";"Lung";"60-74";"Male";"1991";"374.21"
"Incidence";"Balearic Islands";"Lung";"60-74";"Male";"1992";"388.22"
"Incidence";"Balearic Islands";"Lung";"60-74";"Male";"1993";"413.56"
"Incidence";"Balearic Islands";"Lung";"60-74";"Male";"1994";"348.61"
"Incidence";"Balearic Islands";"Lung";"60-74";"Male";"1995";"373.33"
"Incidence";"Balearic Islands";"Lung";"60-74";"Male";"1996";"401.92"
"Incidence";"Balearic Islands";"Lung";"60-74";"Male";"1997";"387.23"
"Incidence";"Balearic Islands";"Lung";"60-74";"Male";"1998";"324.35"
"Incidence";"Balearic Islands";"Lung";"60-74";"Male";"1999";"313.46"
"Incidence";"Balearic Islands";"Lung";"60-74";"Male";"2000";"394.09"
"Incidence";"Balearic Islands";"Lung";"60-74";"Male";"2001";"339.87"
"Incidence";"Balearic Islands";"Lung";"60-74";"Male";"2002";"315.26"
"Incidence";"Balearic Islands";"Lung";"60-74";"Male";"2003";"360.39"
"Incidence";"Balearic Islands";"Lung";"60-74";"Male";"2004";"340.28"
"Incidence";"Balearic Islands";"Lung";"60-74";"Male";"2005";"329.82"
"Incidence";"Balearic Islands";"Lung";"60-74";"Male";"2006";"425.91"
"Incidence";"Balearic Islands";"Lung";"60-74";"Male";"2007";"323.87"
"Incidence";"Balearic Islands";"Lung";"60-74";"Male";"2008";"311.53"
"Incidence";"Balearic Islands";"Lung";"60-74";"Male";"2009";"319.32"
"Incidence";"Balearic Islands";"Lung";"60-74";"Male";"2010";"331.11"
"Incidence";"Balearic Islands";"Lung";"60-74";"Male";"2011";"301.30"
"Incidence";"Balearic Islands";"Lung";"75-85+";"Male";"1991";"443.72"
"Incidence";"Balearic Islands";"Lung";"75-85+";"Male";"1992";"529.10"
"Incidence";"Balearic Islands";"Lung";"75-85+";"Male";"1993";"468.88"
"Incidence";"Balearic Islands";"Lung";"75-85+";"Male";"1994";"375.08"
"Incidence";"Balearic Islands";"Lung";"75-85+";"Male";"1995";"473.81"
"Incidence";"Balearic Islands";"Lung";"75-85+";"Male";"1996";"464.25"
"Incidence";"Balearic Islands";"Lung";"75-85+";"Male";"1997";"406.61"
"Incidence";"Balearic Islands";"Lung";"75-85+";"Male";"1998";"532.01"
"Incidence";"Balearic Islands";"Lung";"75-85+";"Male";"1999";"460.24"
"Incidence";"Balearic Islands";"Lung";"75-85+";"Male";"2000";"474.66"
"Incidence";"Balearic Islands";"Lung";"75-85+";"Male";"2001";"556.22"
"Incidence";"Balearic Islands";"Lung";"75-85+";"Male";"2002";"496.65"
"Incidence";"Balearic Islands";"Lung";"75-85+";"Male";"2003";"454.36"
"Incidence";"Balearic Islands";"Lung";"75-85+";"Male";"2004";"470.24"
"Incidence";"Balearic Islands";"Lung";"75-85+";"Male";"2005";"513.17"
"Incidence";"Balearic Islands";"Lung";"75-85+";"Male";"2006";"443.15"
"Incidence";"Balearic Islands";"Lung";"75-85+";"Male";"2007";"492.59"
"Incidence";"Balearic Islands";"Lung";"75-85+";"Male";"2008";"523.16"
"Incidence";"Balearic Islands";"Lung";"75-85+";"Male";"2009";"454.28"
"Incidence";"Balearic Islands";"Lung";"75-85+";"Male";"2010";"439.22"
"Incidence";"Balearic Islands";"Lung";"75-85+";"Male";"2011";"421.14"
"Incidence";"Balearic Islands";"Lung";"75-85+";"Female";"1991";"26.92"
"Incidence";"Balearic Islands";"Lung";"75-85+";"Female";"1992";"26.35"
"Incidence";"Balearic Islands";"Lung";"75-85+";"Female";"1993";"12.90"
"Incidence";"Balearic Islands";"Lung";"75-85+";"Female";"1994";"29.42"
"Incidence";"Balearic Islands";"Lung";"75-85+";"Female";"1995";"57.37"
"Incidence";"Balearic Islands";"Lung";"75-85+";"Female";"1996";"47.73"
"Incidence";"Balearic Islands";"Lung";"75-85+";"Female";"1997";"46.44"
"Incidence";"Balearic Islands";"Lung";"75-85+";"Female";"1998";"18.78"
"Incidence";"Balearic Islands";"Lung";"75-85+";"Female";"1999";"21.84"
"Incidence";"Balearic Islands";"Lung";"75-85+";"Female";"2000";"42.39"
"Incidence";"Balearic Islands";"Lung";"75-85+";"Female";"2001";"61.83"
"Incidence";"Balearic Islands";"Lung";"75-85+";"Female";"2002";"68.28"
"Incidence";"Balearic Islands";"Lung";"75-85+";"Female";"2003";"56.88"
"Incidence";"Balearic Islands";"Lung";"75-85+";"Female";"2004";"52.24"
"Incidence";"Balearic Islands";"Lung";"75-85+";"Female";"2005";"62.72"
"Incidence";"Balearic Islands";"Lung";"75-85+";"Female";"2006";"40.62"
"Incidence";"Balearic Islands";"Lung";"75-85+";"Female";"2007";"46.72"
"Incidence";"Balearic Islands";"Lung";"75-85+";"Female";"2008";"68.47"
"Incidence";"Balearic Islands";"Lung";"75-85+";"Female";"2009";"55.79"
"Incidence";"Balearic Islands";"Lung";"75-85+";"Female";"2010";"73.90"
"Incidence";"Balearic Islands";"Lung";"75-85+";"Female";"2011";"104.03"
"Incidence";"La Rioja";"Lung";"0-14";"Female";"1993";"0.00"
"Incidence";"La Rioja";"Lung";"0-14";"Female";"1994";"0.00"
"Incidence";"La Rioja";"Lung";"0-14";"Female";"1995";"0.00"
"Incidence";"La Rioja";"Lung";"0-14";"Female";"1996";"0.00"
"Incidence";"La Rioja";"Lung";"0-14";"Female";"1997";"0.00"
"Incidence";"La Rioja";"Lung";"0-14";"Female";"1998";"0.00"
"Incidence";"La Rioja";"Lung";"0-14";"Female";"1999";"0.00"
"Incidence";"La Rioja";"Lung";"0-14";"Female";"2000";"0.00"
"Incidence";"La Rioja";"Lung";"0-14";"Female";"2001";"0.00"
"Incidence";"La Rioja";"Lung";"0-14";"Female";"2002";"0.00"
"Incidence";"La Rioja";"Lung";"0-14";"Female";"2003";"0.00"
"Incidence";"La Rioja";"Lung";"0-14";"Female";"2004";"0.00"
"Incidence";"La Rioja";"Lung";"0-14";"Female";"2005";"0.00"
"Incidence";"La Rioja";"Lung";"0-14";"Female";"2006";"0.00"
"Incidence";"La Rioja";"Lung";"0-14";"Female";"2007";"0.00"
"Incidence";"La Rioja";"Lung";"0-14";"Female";"2008";"0.00"
"Incidence";"La Rioja";"Lung";"0-14";"Female";"2009";"0.00"
"Incidence";"La Rioja";"Lung";"0-14";"Female";"2010";"0.00"
"Incidence";"La Rioja";"Lung";"0-14";"Female";"2011";"0.00"
"Incidence";"La Rioja";"Lung";"0-14";"Female";"2012";"0.00"
"Incidence";"La Rioja";"Lung";"0-14";"Female";"2013";"0.00"
"Incidence";"La Rioja";"Lung";"0-14";"Female";"2014";"0.00"
"Incidence";"La Rioja";"Lung";"0-14";"Female";"2015";"0.00"
"Incidence";"La Rioja";"Lung";"0-14";"Female";"2016";"0.00"
"Incidence";"La Rioja";"Lung";"0-14";"Female";"2017";"0.00"
"Mortality";"Canary Islands";"Lung";"0-14";"Male";"1993";"0.00"
"Mortality";"Canary Islands";"Lung";"0-14";"Male";"1994";"0.00"
"Mortality";"Canary Islands";"Lung";"0-14";"Male";"1995";"0.00"
"Mortality";"Canary Islands";"Lung";"0-14";"Male";"1996";"0.00"
"Mortality";"Canary Islands";"Lung";"0-14";"Male";"1997";"0.00"
"Mortality";"Canary Islands";"Lung";"0-14";"Male";"1998";"0.00"
"Mortality";"Canary Islands";"Lung";"0-14";"Male";"1999";"0.00"
"Mortality";"Canary Islands";"Lung";"0-14";"Male";"2000";"0.00"
"Mortality";"Canary Islands";"Lung";"0-14";"Male";"2001";"0.00"
"Mortality";"Canary Islands";"Lung";"0-14";"Male";"2002";"0.00"
"Mortality";"Canary Islands";"Lung";"0-14";"Male";"2003";"0.00"
"Mortality";"Canary Islands";"Lung";"0-14";"Male";"2004";"0.00"
"Mortality";"Canary Islands";"Lung";"0-14";"Male";"2005";"0.79"
"Mortality";"Canary Islands";"Lung";"0-14";"Male";"2006";"0.00"
"Mortality";"Canary Islands";"Lung";"0-14";"Male";"2007";"0.00"
"Mortality";"Canary Islands";"Lung";"0-14";"Male";"2008";"0.00"
"Mortality";"Canary Islands";"Lung";"0-14";"Male";"2009";"0.00"
"Mortality";"Canary Islands";"Lung";"0-14";"Male";"2010";"0.76"
"Mortality";"Canary Islands";"Lung";"0-14";"Male";"2011";"0.00"
"Mortality";"Canary Islands";"Lung";"0-14";"Male";"2012";"0.00"
"Mortality";"Canary Islands";"Lung";"0-14";"Male";"2013";"0.00"
"Mortality";"Canary Islands";"Lung";"0-14";"Male";"2014";"0.00"
"Mortality";"Canary Islands";"Lung";"0-14";"Male";"2015";"0.00"
"Mortality";"Canary Islands";"Lung";"0-14";"Male";"2016";"0.00"
"Mortality";"Canary Islands";"Lung";"0-14";"Male";"2017";"0.00"
"Mortality";"Canary Islands";"Lung";"0-14";"Male";"2018";"0.00"
"Mortality";"Canary Islands";"Lung";"0-14";"Male";"2019";"0.00"
"Mortality";"Canary Islands";"Lung";"0-14";"Male";"2020";"0.00"
"Mortality";"Canary Islands";"Lung";"0-14";"Male";"2021";"0.00"
"Mortality";"Canary Islands";"Lung";"0-14";"Female";"1993";"0.00"
"Mortality";"Canary Islands";"Lung";"0-14";"Female";"1994";"0.00"
"Mortality";"Canary Islands";"Lung";"0-14";"Female";"1995";"0.00"
"Mortality";"Canary Islands";"Lung";"0-14";"Female";"1996";"0.00"
"Mortality";"Canary Islands";"Lung";"0-14";"Female";"1997";"0.00"
"Mortality";"Canary Islands";"Lung";"0-14";"Female";"1998";"0.00"
"Mortality";"Canary Islands";"Lung";"0-14";"Female";"1999";"0.00"
"Mortality";"Canary Islands";"Lung";"0-14";"Female";"2000";"0.00"
"Mortality";"Canary Islands";"Lung";"0-14";"Female";"2001";"0.00"
"Mortality";"Canary Islands";"Lung";"0-14";"Female";"2002";"0.00"
"Mortality";"Canary Islands";"Lung";"0-14";"Female";"2003";"0.00"
"Mortality";"Canary Islands";"Lung";"0-14";"Female";"2004";"0.00"
"Mortality";"Canary Islands";"Lung";"0-14";"Female";"2005";"0.00"
"Mortality";"Canary Islands";"Lung";"0-14";"Female";"2006";"0.00"
"Mortality";"Canary Islands";"Lung";"0-14";"Female";"2007";"0.00"
"Mortality";"Canary Islands";"Lung";"0-14";"Female";"2008";"0.00"
"Mortality";"Canary Islands";"Lung";"0-14";"Female";"2009";"0.00"
"Mortality";"Canary Islands";"Lung";"0-14";"Female";"2010";"0.00"
"Mortality";"Canary Islands";"Lung";"0-14";"Female";"2011";"0.00"
"Mortality";"Canary Islands";"Lung";"0-14";"Female";"2012";"0.00"
"Mortality";"Canary Islands";"Lung";"0-14";"Female";"2013";"0.00"
"Mortality";"Canary Islands";"Lung";"0-14";"Female";"2014";"0.00"
"Mortality";"Canary Islands";"Lung";"0-14";"Female";"2015";"0.00"
"Mortality";"Canary Islands";"Lung";"0-14";"Female";"2016";"0.00"
"Mortality";"Canary Islands";"Lung";"0-14";"Female";"2017";"0.00"
"Mortality";"Canary Islands";"Lung";"0-14";"Female";"2018";"0.00"
"Mortality";"Canary Islands";"Lung";"0-14";"Female";"2019";"0.00"
"Mortality";"Canary Islands";"Lung";"0-14";"Female";"2020";"0.00"
"Mortality";"Canary Islands";"Lung";"0-14";"Female";"2021";"0.00"
"Incidence";"La Rioja";"Lung";"0-14";"Male";"1993";"0.00"
"Incidence";"La Rioja";"Lung";"0-14";"Male";"1994";"0.00"
"Incidence";"La Rioja";"Lung";"0-14";"Male";"1995";"0.00"
"Incidence";"La Rioja";"Lung";"0-14";"Male";"1996";"0.00"
"Incidence";"La Rioja";"Lung";"0-14";"Male";"1997";"0.00"
"Incidence";"La Rioja";"Lung";"0-14";"Male";"1998";"0.00"
"Incidence";"La Rioja";"Lung";"0-14";"Male";"1999";"0.00"
"Incidence";"La Rioja";"Lung";"0-14";"Male";"2000";"0.00"
"Incidence";"La Rioja";"Lung";"0-14";"Male";"2001";"0.00"
"Incidence";"La Rioja";"Lung";"0-14";"Male";"2002";"0.00"
"Incidence";"La Rioja";"Lung";"0-14";"Male";"2003";"0.00"
"Incidence";"La Rioja";"Lung";"0-14";"Male";"2004";"0.00"
"Incidence";"La Rioja";"Lung";"0-14";"Male";"2005";"0.00"
"Incidence";"La Rioja";"Lung";"0-14";"Male";"2006";"0.00"
"Incidence";"La Rioja";"Lung";"0-14";"Male";"2007";"0.00"
"Incidence";"La Rioja";"Lung";"0-14";"Male";"2008";"0.00"
"Incidence";"La Rioja";"Lung";"0-14";"Male";"2009";"0.00"
"Incidence";"La Rioja";"Lung";"0-14";"Male";"2010";"0.00"
"Incidence";"La Rioja";"Lung";"0-14";"Male";"2011";"0.00"
"Incidence";"La Rioja";"Lung";"0-14";"Male";"2012";"0.00"
"Incidence";"La Rioja";"Lung";"0-14";"Male";"2013";"0.00"
"Incidence";"La Rioja";"Lung";"0-14";"Male";"2014";"0.00"
"Incidence";"La Rioja";"Lung";"0-14";"Male";"2015";"0.00"
"Incidence";"La Rioja";"Lung";"0-14";"Male";"2016";"0.00"
"Incidence";"La Rioja";"Lung";"0-14";"Male";"2017";"0.00"
"Mortality";"La Rioja";"Lung";"0-14";"Female";"1993";"0.00"
"Mortality";"La Rioja";"Lung";"0-14";"Female";"1994";"0.00"
"Mortality";"La Rioja";"Lung";"0-14";"Female";"1995";"0.00"
"Mortality";"La Rioja";"Lung";"0-14";"Female";"1996";"0.00"
"Mortality";"La Rioja";"Lung";"0-14";"Female";"1997";"0.00"
"Mortality";"La Rioja";"Lung";"0-14";"Female";"1998";"0.00"
"Mortality";"La Rioja";"Lung";"0-14";"Female";"1999";"0.00"
"Mortality";"La Rioja";"Lung";"0-14";"Female";"2000";"0.00"
"Mortality";"La Rioja";"Lung";"0-14";"Female";"2001";"0.00"
"Mortality";"La Rioja";"Lung";"0-14";"Female";"2002";"0.00"
"Mortality";"La Rioja";"Lung";"0-14";"Female";"2003";"0.00"
"Mortality";"La Rioja";"Lung";"0-14";"Female";"2004";"0.00"
"Mortality";"La Rioja";"Lung";"0-14";"Female";"2005";"0.00"
"Mortality";"La Rioja";"Lung";"0-14";"Female";"2006";"0.00"
"Mortality";"La Rioja";"Lung";"0-14";"Female";"2007";"0.00"
"Mortality";"La Rioja";"Lung";"0-14";"Female";"2008";"0.00"
"Mortality";"La Rioja";"Lung";"0-14";"Female";"2009";"0.00"
"Mortality";"La Rioja";"Lung";"0-14";"Female";"2010";"0.00"
"Mortality";"La Rioja";"Lung";"0-14";"Female";"2011";"0.00"
"Mortality";"La Rioja";"Lung";"0-14";"Female";"2012";"0.00"
"Mortality";"La Rioja";"Lung";"0-14";"Female";"2013";"0.00"
"Mortality";"La Rioja";"Lung";"0-14";"Female";"2014";"0.00"
"Mortality";"La Rioja";"Lung";"0-14";"Female";"2015";"0.00"
"Mortality";"La Rioja";"Lung";"0-14";"Female";"2016";"0.00"
"Mortality";"La Rioja";"Lung";"0-14";"Female";"2017";"0.00"
"Mortality";"La Rioja";"Lung";"0-14";"Male";"1993";"0.00"
"Mortality";"La Rioja";"Lung";"0-14";"Male";"1994";"0.00"
"Mortality";"La Rioja";"Lung";"0-14";"Male";"1995";"0.00"
"Mortality";"La Rioja";"Lung";"0-14";"Male";"1996";"0.00"
"Mortality";"La Rioja";"Lung";"0-14";"Male";"1997";"0.00"
"Mortality";"La Rioja";"Lung";"0-14";"Male";"1998";"0.00"
"Mortality";"La Rioja";"Lung";"0-14";"Male";"1999";"0.00"
"Mortality";"La Rioja";"Lung";"0-14";"Male";"2000";"0.00"
"Mortality";"La Rioja";"Lung";"0-14";"Male";"2001";"0.00"
"Mortality";"La Rioja";"Lung";"0-14";"Male";"2002";"0.00"
"Mortality";"La Rioja";"Lung";"0-14";"Male";"2003";"0.00"
"Mortality";"La Rioja";"Lung";"0-14";"Male";"2004";"0.00"
"Mortality";"La Rioja";"Lung";"0-14";"Male";"2005";"0.00"
"Mortality";"La Rioja";"Lung";"0-14";"Male";"2006";"0.00"
"Mortality";"La Rioja";"Lung";"0-14";"Male";"2007";"0.00"
"Mortality";"La Rioja";"Lung";"0-14";"Male";"2008";"0.00"
"Mortality";"La Rioja";"Lung";"0-14";"Male";"2009";"0.00"
"Mortality";"La Rioja";"Lung";"0-14";"Male";"2010";"0.00"
"Mortality";"La Rioja";"Lung";"0-14";"Male";"2011";"0.00"
"Mortality";"La Rioja";"Lung";"0-14";"Male";"2012";"0.00"
"Mortality";"La Rioja";"Lung";"0-14";"Male";"2013";"0.00"
"Mortality";"La Rioja";"Lung";"0-14";"Male";"2014";"0.00"
"Mortality";"La Rioja";"Lung";"0-14";"Male";"2015";"0.00"
"Mortality";"La Rioja";"Lung";"0-14";"Male";"2016";"0.00"
"Mortality";"La Rioja";"Lung";"0-14";"Male";"2017";"0.00"
"Incidence";"Canary Islands";"Lung";"0-14";"Male";"1993";"0.00"
"Incidence";"Canary Islands";"Lung";"0-14";"Male";"1994";"0.00"
"Incidence";"Canary Islands";"Lung";"0-14";"Male";"1995";"0.00"
"Incidence";"Canary Islands";"Lung";"0-14";"Male";"1996";"0.00"
"Incidence";"Canary Islands";"Lung";"0-14";"Male";"1997";"0.00"
"Incidence";"Canary Islands";"Lung";"0-14";"Male";"1998";"0.00"
"Incidence";"Canary Islands";"Lung";"0-14";"Male";"1999";"0.00"
"Incidence";"Canary Islands";"Lung";"0-14";"Male";"2000";"0.00"
"Incidence";"Canary Islands";"Lung";"0-14";"Male";"2001";"0.00"
"Incidence";"Canary Islands";"Lung";"0-14";"Male";"2002";"0.00"
"Incidence";"Canary Islands";"Lung";"0-14";"Male";"2003";"0.00"
"Incidence";"Canary Islands";"Lung";"0-14";"Male";"2004";"0.00"
"Incidence";"Canary Islands";"Lung";"0-14";"Male";"2005";"0.00"
"Incidence";"Canary Islands";"Lung";"0-14";"Male";"2006";"0.00"
"Incidence";"Canary Islands";"Lung";"0-14";"Male";"2007";"0.00"
"Incidence";"Canary Islands";"Lung";"0-14";"Male";"2008";"0.00"
"Incidence";"Canary Islands";"Lung";"0-14";"Male";"2009";"0.00"
"Incidence";"Canary Islands";"Lung";"0-14";"Male";"2010";"0.00"
"Incidence";"Canary Islands";"Lung";"0-14";"Male";"2011";"0.00"
"Incidence";"Canary Islands";"Lung";"0-14";"Male";"2012";"0.00"
"Incidence";"Canary Islands";"Lung";"0-14";"Male";"2013";"0.00"
"Incidence";"Canary Islands";"Lung";"0-14";"Male";"2014";"0.00"
"Incidence";"Canary Islands";"Lung";"0-14";"Male";"2015";"0.00"
"Incidence";"Canary Islands";"Lung";"0-14";"Male";"2016";"0.00"
"Incidence";"Canary Islands";"Lung";"0-14";"Male";"2017";"0.00"
"Incidence";"Canary Islands";"Lung";"0-14";"Female";"1993";"0.00"
"Incidence";"Canary Islands";"Lung";"0-14";"Female";"1994";"0.00"
"Incidence";"Canary Islands";"Lung";"0-14";"Female";"1995";"0.00"
"Incidence";"Canary Islands";"Lung";"0-14";"Female";"1996";"0.00"
"Incidence";"Canary Islands";"Lung";"0-14";"Female";"1997";"0.00"
"Incidence";"Canary Islands";"Lung";"0-14";"Female";"1998";"0.00"
"Incidence";"Canary Islands";"Lung";"0-14";"Female";"1999";"0.00"
"Incidence";"Canary Islands";"Lung";"0-14";"Female";"2000";"0.00"
"Incidence";"Canary Islands";"Lung";"0-14";"Female";"2001";"0.00"
"Incidence";"Canary Islands";"Lung";"0-14";"Female";"2002";"0.00"
"Incidence";"Canary Islands";"Lung";"0-14";"Female";"2003";"0.00"
"Incidence";"Canary Islands";"Lung";"0-14";"Female";"2004";"0.00"
"Incidence";"Canary Islands";"Lung";"0-14";"Female";"2005";"0.00"
"Incidence";"Canary Islands";"Lung";"0-14";"Female";"2006";"0.00"
"Incidence";"Canary Islands";"Lung";"0-14";"Female";"2007";"0.00"
"Incidence";"Canary Islands";"Lung";"0-14";"Female";"2008";"0.00"
"Incidence";"Canary Islands";"Lung";"0-14";"Female";"2009";"0.00"
"Incidence";"Canary Islands";"Lung";"0-14";"Female";"2010";"0.00"
"Incidence";"Canary Islands";"Lung";"0-14";"Female";"2011";"0.00"
"Incidence";"Canary Islands";"Lung";"0-14";"Female";"2012";"0.00"
"Incidence";"Canary Islands";"Lung";"0-14";"Female";"2013";"0.00"
"Incidence";"Canary Islands";"Lung";"0-14";"Female";"2014";"0.00"
"Incidence";"Canary Islands";"Lung";"0-14";"Female";"2015";"0.00"
"Incidence";"Canary Islands";"Lung";"0-14";"Female";"2016";"0.00"
"Incidence";"Canary Islands";"Lung";"0-14";"Female";"2017";"0.86"
"Mortality";"Canary Islands";"Lung";"15-29";"Male";"1993";"0.00"
"Mortality";"Canary Islands";"Lung";"15-29";"Male";"1994";"0.53"
"Mortality";"Canary Islands";"Lung";"15-29";"Male";"1995";"1.05"
"Mortality";"Canary Islands";"Lung";"15-29";"Male";"1996";"0.52"
"Mortality";"Canary Islands";"Lung";"15-29";"Male";"1997";"0.00"
"Mortality";"Canary Islands";"Lung";"15-29";"Male";"1998";"0.52"
"Mortality";"Canary Islands";"Lung";"15-29";"Male";"1999";"0.00"
"Mortality";"Canary Islands";"Lung";"15-29";"Male";"2000";"0.00"
"Mortality";"Canary Islands";"Lung";"15-29";"Male";"2001";"0.52"
"Mortality";"Canary Islands";"Lung";"15-29";"Male";"2002";"0.00"
"Mortality";"Canary Islands";"Lung";"15-29";"Male";"2003";"1.04"
"Mortality";"Canary Islands";"Lung";"15-29";"Male";"2004";"0.00"
"Mortality";"Canary Islands";"Lung";"15-29";"Male";"2005";"0.00"
"Mortality";"Canary Islands";"Lung";"15-29";"Male";"2006";"0.00"
"Mortality";"Canary Islands";"Lung";"15-29";"Male";"2007";"0.00"
"Mortality";"Canary Islands";"Lung";"15-29";"Male";"2008";"0.00"
"Mortality";"Canary Islands";"Lung";"15-29";"Male";"2009";"0.57"
"Mortality";"Canary Islands";"Lung";"15-29";"Male";"2010";"0.00"
"Mortality";"Canary Islands";"Lung";"15-29";"Male";"2011";"1.22"
"Mortality";"Canary Islands";"Lung";"15-29";"Male";"2012";"1.92"
"Mortality";"Canary Islands";"Lung";"15-29";"Male";"2013";"0.00"
"Mortality";"Canary Islands";"Lung";"15-29";"Male";"2014";"0.00"
"Mortality";"Canary Islands";"Lung";"15-29";"Male";"2015";"0.68"
"Mortality";"Canary Islands";"Lung";"15-29";"Male";"2016";"0.00"
"Mortality";"Canary Islands";"Lung";"15-29";"Male";"2017";"0.00"
"Mortality";"Canary Islands";"Lung";"15-29";"Male";"2018";"0.00"
"Mortality";"Canary Islands";"Lung";"15-29";"Male";"2019";"0.00"
"Mortality";"Canary Islands";"Lung";"15-29";"Male";"2020";"0.00"
"Mortality";"Canary Islands";"Lung";"15-29";"Male";"2021";"0.00"
"Incidence";"La Rioja";"Lung";"15-29";"Male";"1993";"0.00"
"Incidence";"La Rioja";"Lung";"15-29";"Male";"1994";"0.00"
"Incidence";"La Rioja";"Lung";"15-29";"Male";"1995";"0.00"
"Incidence";"La Rioja";"Lung";"15-29";"Male";"1996";"0.00"
"Incidence";"La Rioja";"Lung";"15-29";"Male";"1997";"0.00"
"Incidence";"La Rioja";"Lung";"15-29";"Male";"1998";"0.00"
"Incidence";"La Rioja";"Lung";"15-29";"Male";"1999";"0.00"
"Incidence";"La Rioja";"Lung";"15-29";"Male";"2000";"0.00"
"Incidence";"La Rioja";"Lung";"15-29";"Male";"2001";"0.00"
"Incidence";"La Rioja";"Lung";"15-29";"Male";"2002";"0.00"
"Incidence";"La Rioja";"Lung";"15-29";"Male";"2003";"0.00"
"Incidence";"La Rioja";"Lung";"15-29";"Male";"2004";"0.00"
"Incidence";"La Rioja";"Lung";"15-29";"Male";"2005";"3.19"
"Incidence";"La Rioja";"Lung";"15-29";"Male";"2006";"0.00"
"Incidence";"La Rioja";"Lung";"15-29";"Male";"2007";"0.00"
"Incidence";"La Rioja";"Lung";"15-29";"Male";"2008";"0.00"
"Incidence";"La Rioja";"Lung";"15-29";"Male";"2009";"0.00"
"Incidence";"La Rioja";"Lung";"15-29";"Male";"2010";"0.00"
"Incidence";"La Rioja";"Lung";"15-29";"Male";"2011";"0.00"
"Incidence";"La Rioja";"Lung";"15-29";"Male";"2012";"0.00"
"Incidence";"La Rioja";"Lung";"15-29";"Male";"2013";"0.00"
"Incidence";"La Rioja";"Lung";"15-29";"Male";"2014";"0.00"
"Incidence";"La Rioja";"Lung";"15-29";"Male";"2015";"0.00"
"Incidence";"La Rioja";"Lung";"15-29";"Male";"2016";"0.00"
"Incidence";"La Rioja";"Lung";"15-29";"Male";"2017";"0.00"
"Mortality";"La Rioja";"Lung";"15-29";"Female";"1993";"0.00"
"Mortality";"La Rioja";"Lung";"15-29";"Female";"1994";"0.00"
"Mortality";"La Rioja";"Lung";"15-29";"Female";"1995";"0.00"
"Mortality";"La Rioja";"Lung";"15-29";"Female";"1996";"0.00"
"Mortality";"La Rioja";"Lung";"15-29";"Female";"1997";"0.00"
"Mortality";"La Rioja";"Lung";"15-29";"Female";"1998";"0.00"
"Mortality";"La Rioja";"Lung";"15-29";"Female";"1999";"0.00"
"Mortality";"La Rioja";"Lung";"15-29";"Female";"2000";"0.00"
"Mortality";"La Rioja";"Lung";"15-29";"Female";"2001";"0.00"
"Mortality";"La Rioja";"Lung";"15-29";"Female";"2002";"0.00"
"Mortality";"La Rioja";"Lung";"15-29";"Female";"2003";"0.00"
"Mortality";"La Rioja";"Lung";"15-29";"Female";"2004";"0.00"
"Mortality";"La Rioja";"Lung";"15-29";"Female";"2005";"0.00"
"Mortality";"La Rioja";"Lung";"15-29";"Female";"2006";"0.00"
"Mortality";"La Rioja";"Lung";"15-29";"Female";"2007";"0.00"
"Mortality";"La Rioja";"Lung";"15-29";"Female";"2008";"0.00"
"Mortality";"La Rioja";"Lung";"15-29";"Female";"2009";"0.00"
"Mortality";"La Rioja";"Lung";"15-29";"Female";"2010";"0.00"
"Mortality";"La Rioja";"Lung";"15-29";"Female";"2011";"0.00"
"Mortality";"La Rioja";"Lung";"15-29";"Female";"2012";"0.00"
"Mortality";"La Rioja";"Lung";"15-29";"Female";"2013";"0.00"
"Mortality";"La Rioja";"Lung";"15-29";"Female";"2014";"0.00"
"Mortality";"La Rioja";"Lung";"15-29";"Female";"2015";"0.00"
"Mortality";"La Rioja";"Lung";"15-29";"Female";"2016";"0.00"
"Mortality";"La Rioja";"Lung";"15-29";"Female";"2017";"0.00"
"Mortality";"La Rioja";"Lung";"15-29";"Male";"1993";"0.00"
"Mortality";"La Rioja";"Lung";"15-29";"Male";"1994";"0.00"
"Mortality";"La Rioja";"Lung";"15-29";"Male";"1995";"0.00"
"Mortality";"La Rioja";"Lung";"15-29";"Male";"1996";"0.00"
"Mortality";"La Rioja";"Lung";"15-29";"Male";"1997";"0.00"
"Mortality";"La Rioja";"Lung";"15-29";"Male";"1998";"0.00"
"Mortality";"La Rioja";"Lung";"15-29";"Male";"1999";"0.00"
"Mortality";"La Rioja";"Lung";"15-29";"Male";"2000";"0.00"
"Mortality";"La Rioja";"Lung";"15-29";"Male";"2001";"0.00"
"Mortality";"La Rioja";"Lung";"15-29";"Male";"2002";"0.00"
"Mortality";"La Rioja";"Lung";"15-29";"Male";"2003";"0.00"
"Mortality";"La Rioja";"Lung";"15-29";"Male";"2004";"0.00"
"Mortality";"La Rioja";"Lung";"15-29";"Male";"2005";"0.00"
"Mortality";"La Rioja";"Lung";"15-29";"Male";"2006";"0.00"
"Mortality";"La Rioja";"Lung";"15-29";"Male";"2007";"0.00"
"Mortality";"La Rioja";"Lung";"15-29";"Male";"2008";"0.00"
"Mortality";"La Rioja";"Lung";"15-29";"Male";"2009";"0.00"
"Mortality";"La Rioja";"Lung";"15-29";"Male";"2010";"0.00"
"Mortality";"La Rioja";"Lung";"15-29";"Male";"2011";"0.00"
"Mortality";"La Rioja";"Lung";"15-29";"Male";"2012";"0.00"
"Mortality";"La Rioja";"Lung";"15-29";"Male";"2013";"0.00"
"Mortality";"La Rioja";"Lung";"15-29";"Male";"2014";"0.00"
"Mortality";"La Rioja";"Lung";"15-29";"Male";"2015";"0.00"
"Mortality";"La Rioja";"Lung";"15-29";"Male";"2016";"0.00"
"Mortality";"La Rioja";"Lung";"15-29";"Male";"2017";"0.00"
"Incidence";"Canary Islands";"Lung";"15-29";"Male";"1993";"1.06"
"Incidence";"Canary Islands";"Lung";"15-29";"Male";"1994";"0.00"
"Incidence";"Canary Islands";"Lung";"15-29";"Male";"1995";"1.05"
"Incidence";"Canary Islands";"Lung";"15-29";"Male";"1996";"0.00"
"Incidence";"Canary Islands";"Lung";"15-29";"Male";"1997";"0.52"
"Incidence";"Canary Islands";"Lung";"15-29";"Male";"1998";"0.52"
"Incidence";"Canary Islands";"Lung";"15-29";"Male";"1999";"0.00"
"Incidence";"Canary Islands";"Lung";"15-29";"Male";"2000";"0.53"
"Incidence";"Canary Islands";"Lung";"15-29";"Male";"2001";"1.05"
"Incidence";"Canary Islands";"Lung";"15-29";"Male";"2002";"0.52"
"Incidence";"Canary Islands";"Lung";"15-29";"Male";"2003";"0.00"
"Incidence";"Canary Islands";"Lung";"15-29";"Male";"2004";"1.06"
"Incidence";"Canary Islands";"Lung";"15-29";"Male";"2005";"0.53"
"Incidence";"Canary Islands";"Lung";"15-29";"Male";"2006";"0.54"
"Incidence";"Canary Islands";"Lung";"15-29";"Male";"2007";"0.00"
"Incidence";"Canary Islands";"Lung";"15-29";"Male";"2008";"0.00"
"Incidence";"Canary Islands";"Lung";"15-29";"Male";"2009";"0.57"
"Incidence";"Canary Islands";"Lung";"15-29";"Male";"2010";"0.59"
"Incidence";"Canary Islands";"Lung";"15-29";"Male";"2011";"0.61"
"Incidence";"Canary Islands";"Lung";"15-29";"Male";"2012";"0.64"
"Incidence";"Canary Islands";"Lung";"15-29";"Male";"2013";"0.66"
"Incidence";"Canary Islands";"Lung";"15-29";"Male";"2014";"0.00"
"Incidence";"Canary Islands";"Lung";"15-29";"Male";"2015";"0.00"
"Incidence";"Canary Islands";"Lung";"15-29";"Male";"2016";"0.00"
"Incidence";"Canary Islands";"Lung";"15-29";"Male";"2017";"0.68"
"Incidence";"La Rioja";"Lung";"15-29";"Female";"1993";"3.32"
"Incidence";"La Rioja";"Lung";"15-29";"Female";"1994";"0.00"
"Incidence";"La Rioja";"Lung";"15-29";"Female";"1995";"0.00"
"Incidence";"La Rioja";"Lung";"15-29";"Female";"1996";"0.00"
"Incidence";"La Rioja";"Lung";"15-29";"Female";"1997";"0.00"
"Incidence";"La Rioja";"Lung";"15-29";"Female";"1998";"0.00"
"Incidence";"La Rioja";"Lung";"15-29";"Female";"1999";"0.00"
"Incidence";"La Rioja";"Lung";"15-29";"Female";"2000";"0.00"
"Incidence";"La Rioja";"Lung";"15-29";"Female";"2001";"0.00"
"Incidence";"La Rioja";"Lung";"15-29";"Female";"2002";"0.00"
"Incidence";"La Rioja";"Lung";"15-29";"Female";"2003";"0.00"
"Incidence";"La Rioja";"Lung";"15-29";"Female";"2004";"3.50"
"Incidence";"La Rioja";"Lung";"15-29";"Female";"2005";"0.00"
"Incidence";"La Rioja";"Lung";"15-29";"Female";"2006";"0.00"
"Incidence";"La Rioja";"Lung";"15-29";"Female";"2007";"0.00"
"Incidence";"La Rioja";"Lung";"15-29";"Female";"2008";"3.61"
"Incidence";"La Rioja";"Lung";"15-29";"Female";"2009";"0.00"
"Incidence";"La Rioja";"Lung";"15-29";"Female";"2010";"0.00"
"Incidence";"La Rioja";"Lung";"15-29";"Female";"2011";"0.00"
"Incidence";"La Rioja";"Lung";"15-29";"Female";"2012";"0.00"
"Incidence";"La Rioja";"Lung";"15-29";"Female";"2013";"4.24"
"Incidence";"La Rioja";"Lung";"15-29";"Female";"2014";"0.00"
"Incidence";"La Rioja";"Lung";"15-29";"Female";"2015";"0.00"
"Incidence";"La Rioja";"Lung";"15-29";"Female";"2016";"0.00"
"Incidence";"La Rioja";"Lung";"15-29";"Female";"2017";"9.17"
"Incidence";"Canary Islands";"Lung";"15-29";"Female";"1993";"0.00"
"Incidence";"Canary Islands";"Lung";"15-29";"Female";"1994";"0.54"
"Incidence";"Canary Islands";"Lung";"15-29";"Female";"1995";"0.54"
"Incidence";"Canary Islands";"Lung";"15-29";"Female";"1996";"0.00"
"Incidence";"Canary Islands";"Lung";"15-29";"Female";"1997";"0.00"
"Incidence";"Canary Islands";"Lung";"15-29";"Female";"1998";"0.00"
"Incidence";"Canary Islands";"Lung";"15-29";"Female";"1999";"0.54"
"Incidence";"Canary Islands";"Lung";"15-29";"Female";"2000";"0.54"
"Incidence";"Canary Islands";"Lung";"15-29";"Female";"2001";"0.54"
"Incidence";"Canary Islands";"Lung";"15-29";"Female";"2002";"0.00"
"Incidence";"Canary Islands";"Lung";"15-29";"Female";"2003";"0.00"
"Incidence";"Canary Islands";"Lung";"15-29";"Female";"2004";"0.00"
"Incidence";"Canary Islands";"Lung";"15-29";"Female";"2005";"0.00"
"Incidence";"Canary Islands";"Lung";"15-29";"Female";"2006";"0.00"
"Incidence";"Canary Islands";"Lung";"15-29";"Female";"2007";"0.00"
"Incidence";"Canary Islands";"Lung";"15-29";"Female";"2008";"0.57"
"Incidence";"Canary Islands";"Lung";"15-29";"Female";"2009";"0.00"
"Incidence";"Canary Islands";"Lung";"15-29";"Female";"2010";"0.59"
"Incidence";"Canary Islands";"Lung";"15-29";"Female";"2011";"0.00"
"Incidence";"Canary Islands";"Lung";"15-29";"Female";"2012";"0.00"
"Incidence";"Canary Islands";"Lung";"15-29";"Female";"2013";"1.33"
"Incidence";"Canary Islands";"Lung";"15-29";"Female";"2014";"0.00"
"Incidence";"Canary Islands";"Lung";"15-29";"Female";"2015";"0.00"
"Incidence";"Canary Islands";"Lung";"15-29";"Female";"2016";"0.00"
"Incidence";"Canary Islands";"Lung";"15-29";"Female";"2017";"0.70"
"Mortality";"Canary Islands";"Lung";"15-29";"Female";"1993";"0.00"
"Mortality";"Canary Islands";"Lung";"15-29";"Female";"1994";"0.54"
"Mortality";"Canary Islands";"Lung";"15-29";"Female";"1995";"0.00"
"Mortality";"Canary Islands";"Lung";"15-29";"Female";"1996";"0.00"
"Mortality";"Canary Islands";"Lung";"15-29";"Female";"1997";"0.00"
"Mortality";"Canary Islands";"Lung";"15-29";"Female";"1998";"0.00"
"Mortality";"Canary Islands";"Lung";"15-29";"Female";"1999";"0.00"
"Mortality";"Canary Islands";"Lung";"15-29";"Female";"2000";"0.00"
"Mortality";"Canary Islands";"Lung";"15-29";"Female";"2001";"0.54"
"Mortality";"Canary Islands";"Lung";"15-29";"Female";"2002";"0.54"
"Mortality";"Canary Islands";"Lung";"15-29";"Female";"2003";"0.00"
"Mortality";"Canary Islands";"Lung";"15-29";"Female";"2004";"0.00"
"Mortality";"Canary Islands";"Lung";"15-29";"Female";"2005";"0.00"
"Mortality";"Canary Islands";"Lung";"15-29";"Female";"2006";"0.00"
"Mortality";"Canary Islands";"Lung";"15-29";"Female";"2007";"0.00"
"Mortality";"Canary Islands";"Lung";"15-29";"Female";"2008";"0.00"
"Mortality";"Canary Islands";"Lung";"15-29";"Female";"2009";"0.00"
"Mortality";"Canary Islands";"Lung";"15-29";"Female";"2010";"0.00"
"Mortality";"Canary Islands";"Lung";"15-29";"Female";"2011";"0.00"
"Mortality";"Canary Islands";"Lung";"15-29";"Female";"2012";"0.00"
"Mortality";"Canary Islands";"Lung";"15-29";"Female";"2013";"0.00"
"Mortality";"Canary Islands";"Lung";"15-29";"Female";"2014";"0.00"
"Mortality";"Canary Islands";"Lung";"15-29";"Female";"2015";"0.00"
"Mortality";"Canary Islands";"Lung";"15-29";"Female";"2016";"0.00"
"Mortality";"Canary Islands";"Lung";"15-29";"Female";"2017";"0.00"
"Mortality";"Canary Islands";"Lung";"15-29";"Female";"2018";"0.00"
"Mortality";"Canary Islands";"Lung";"15-29";"Female";"2019";"0.00"
"Mortality";"Canary Islands";"Lung";"15-29";"Female";"2020";"0.00"
"Mortality";"Canary Islands";"Lung";"15-29";"Female";"2021";"0.00"
"Incidence";"Canary Islands";"Lung";"30-44";"Male";"1993";"12.56"
"Incidence";"Canary Islands";"Lung";"30-44";"Male";"1994";"7.39"
"Incidence";"Canary Islands";"Lung";"30-44";"Male";"1995";"15.52"
"Incidence";"Canary Islands";"Lung";"30-44";"Male";"1996";"8.10"
"Incidence";"Canary Islands";"Lung";"30-44";"Male";"1997";"12.62"
"Incidence";"Canary Islands";"Lung";"30-44";"Male";"1998";"12.18"
"Incidence";"Canary Islands";"Lung";"30-44";"Male";"1999";"7.76"
"Incidence";"Canary Islands";"Lung";"30-44";"Male";"2000";"10.25"
"Incidence";"Canary Islands";"Lung";"30-44";"Male";"2001";"12.71"
"Incidence";"Canary Islands";"Lung";"30-44";"Male";"2002";"12.96"
"Incidence";"Canary Islands";"Lung";"30-44";"Male";"2003";"4.59"
"Incidence";"Canary Islands";"Lung";"30-44";"Male";"2004";"10.77"
"Incidence";"Canary Islands";"Lung";"30-44";"Male";"2005";"5.61"
"Incidence";"Canary Islands";"Lung";"30-44";"Male";"2006";"5.11"
"Incidence";"Canary Islands";"Lung";"30-44";"Male";"2007";"11.35"
"Incidence";"Canary Islands";"Lung";"30-44";"Male";"2008";"5.79"
"Incidence";"Canary Islands";"Lung";"30-44";"Male";"2009";"7.81"
"Incidence";"Canary Islands";"Lung";"30-44";"Male";"2010";"6.99"
"Incidence";"Canary Islands";"Lung";"30-44";"Male";"2011";"6.20"
"Incidence";"Canary Islands";"Lung";"30-44";"Male";"2012";"5.44"
"Incidence";"Canary Islands";"Lung";"30-44";"Male";"2013";"7.63"
"Incidence";"Canary Islands";"Lung";"30-44";"Male";"2014";"6.50"
"Incidence";"Canary Islands";"Lung";"30-44";"Male";"2015";"3.56"
"Incidence";"Canary Islands";"Lung";"30-44";"Male";"2016";"3.20"
"Incidence";"Canary Islands";"Lung";"30-44";"Male";"2017";"3.29"
"Incidence";"La Rioja";"Lung";"30-44";"Female";"1993";"3.66"
"Incidence";"La Rioja";"Lung";"30-44";"Female";"1994";"0.00"
"Incidence";"La Rioja";"Lung";"30-44";"Female";"1995";"3.51"
"Incidence";"La Rioja";"Lung";"30-44";"Female";"1996";"3.44"
"Incidence";"La Rioja";"Lung";"30-44";"Female";"1997";"0.00"
"Incidence";"La Rioja";"Lung";"30-44";"Female";"1998";"0.00"
"Incidence";"La Rioja";"Lung";"30-44";"Female";"1999";"0.00"
"Incidence";"La Rioja";"Lung";"30-44";"Female";"2000";"3.21"
"Incidence";"La Rioja";"Lung";"30-44";"Female";"2001";"6.35"
"Incidence";"La Rioja";"Lung";"30-44";"Female";"2002";"6.19"
"Incidence";"La Rioja";"Lung";"30-44";"Female";"2003";"6.03"
"Incidence";"La Rioja";"Lung";"30-44";"Female";"2004";"8.81"
"Incidence";"La Rioja";"Lung";"30-44";"Female";"2005";"2.86"
"Incidence";"La Rioja";"Lung";"30-44";"Female";"2006";"0.00"
"Incidence";"La Rioja";"Lung";"30-44";"Female";"2007";"5.46"
"Incidence";"La Rioja";"Lung";"30-44";"Female";"2008";"0.00"
"Incidence";"La Rioja";"Lung";"30-44";"Female";"2009";"2.63"
"Incidence";"La Rioja";"Lung";"30-44";"Female";"2010";"0.00"
"Incidence";"La Rioja";"Lung";"30-44";"Female";"2011";"2.62"
"Incidence";"La Rioja";"Lung";"30-44";"Female";"2012";"0.00"
"Incidence";"La Rioja";"Lung";"30-44";"Female";"2013";"8.17"
"Incidence";"La Rioja";"Lung";"30-44";"Female";"2014";"5.57"
"Incidence";"La Rioja";"Lung";"30-44";"Female";"2015";"2.84"
"Incidence";"La Rioja";"Lung";"30-44";"Female";"2016";"5.80"
"Incidence";"La Rioja";"Lung";"30-44";"Female";"2017";"0.00"
"Incidence";"La Rioja";"Lung";"30-44";"Male";"1993";"6.89"
"Incidence";"La Rioja";"Lung";"30-44";"Male";"1994";"10.17"
"Incidence";"La Rioja";"Lung";"30-44";"Male";"1995";"10.01"
"Incidence";"La Rioja";"Lung";"30-44";"Male";"1996";"13.13"
"Incidence";"La Rioja";"Lung";"30-44";"Male";"1997";"9.67"
"Incidence";"La Rioja";"Lung";"30-44";"Male";"1998";"3.17"
"Incidence";"La Rioja";"Lung";"30-44";"Male";"1999";"9.31"
"Incidence";"La Rioja";"Lung";"30-44";"Male";"2000";"12.16"
"Incidence";"La Rioja";"Lung";"30-44";"Male";"2001";"8.96"
"Incidence";"La Rioja";"Lung";"30-44";"Male";"2002";"14.45"
"Incidence";"La Rioja";"Lung";"30-44";"Male";"2003";"5.57"
"Incidence";"La Rioja";"Lung";"30-44";"Male";"2004";"5.33"
"Incidence";"La Rioja";"Lung";"30-44";"Male";"2005";"7.72"
"Incidence";"La Rioja";"Lung";"30-44";"Male";"2006";"2.51"
"Incidence";"La Rioja";"Lung";"30-44";"Male";"2007";"7.25"
"Incidence";"La Rioja";"Lung";"30-44";"Male";"2008";"11.72"
"Incidence";"La Rioja";"Lung";"30-44";"Male";"2009";"2.35"
"Incidence";"La Rioja";"Lung";"30-44";"Male";"2010";"9.52"
"Incidence";"La Rioja";"Lung";"30-44";"Male";"2011";"0.00"
"Incidence";"La Rioja";"Lung";"30-44";"Male";"2012";"9.81"
"Incidence";"La Rioja";"Lung";"30-44";"Male";"2013";"5.09"
"Incidence";"La Rioja";"Lung";"30-44";"Male";"2014";"2.65"
"Incidence";"La Rioja";"Lung";"30-44";"Male";"2015";"2.73"
"Incidence";"La Rioja";"Lung";"30-44";"Male";"2016";"5.63"
"Incidence";"La Rioja";"Lung";"30-44";"Male";"2017";"5.80"
"Mortality";"La Rioja";"Lung";"30-44";"Female";"1993";"0.00"
"Mortality";"La Rioja";"Lung";"30-44";"Female";"1994";"0.00"
"Mortality";"La Rioja";"Lung";"30-44";"Female";"1995";"3.51"
"Mortality";"La Rioja";"Lung";"30-44";"Female";"1996";"6.89"
"Mortality";"La Rioja";"Lung";"30-44";"Female";"1997";"0.00"
"Mortality";"La Rioja";"Lung";"30-44";"Female";"1998";"0.00"
"Mortality";"La Rioja";"Lung";"30-44";"Female";"1999";"0.00"
"Mortality";"La Rioja";"Lung";"30-44";"Female";"2000";"0.00"
"Mortality";"La Rioja";"Lung";"30-44";"Female";"2001";"3.17"
"Mortality";"La Rioja";"Lung";"30-44";"Female";"2002";"0.00"
"Mortality";"La Rioja";"Lung";"30-44";"Female";"2003";"6.03"
"Mortality";"La Rioja";"Lung";"30-44";"Female";"2004";"2.94"
"Mortality";"La Rioja";"Lung";"30-44";"Female";"2005";"2.86"
"Mortality";"La Rioja";"Lung";"30-44";"Female";"2006";"5.62"
"Mortality";"La Rioja";"Lung";"30-44";"Female";"2007";"0.00"
"Mortality";"La Rioja";"Lung";"30-44";"Female";"2008";"5.32"
"Mortality";"La Rioja";"Lung";"30-44";"Female";"2009";"0.00"
"Mortality";"La Rioja";"Lung";"30-44";"Female";"2010";"0.00"
"Mortality";"La Rioja";"Lung";"30-44";"Female";"2011";"0.00"
"Mortality";"La Rioja";"Lung";"30-44";"Female";"2012";"2.66"
"Mortality";"La Rioja";"Lung";"30-44";"Female";"2013";"0.00"
"Mortality";"La Rioja";"Lung";"30-44";"Female";"2014";"5.57"
"Mortality";"La Rioja";"Lung";"30-44";"Female";"2015";"0.00"
"Mortality";"La Rioja";"Lung";"30-44";"Female";"2016";"0.00"
"Mortality";"La Rioja";"Lung";"30-44";"Female";"2017";"0.00"
"Mortality";"Canary Islands";"Lung";"30-44";"Female";"1993";"1.40"
"Mortality";"Canary Islands";"Lung";"30-44";"Female";"1994";"3.36"
"Mortality";"Canary Islands";"Lung";"30-44";"Female";"1995";"0.65"
"Mortality";"Canary Islands";"Lung";"30-44";"Female";"1996";"2.49"
"Mortality";"Canary Islands";"Lung";"30-44";"Female";"1997";"3.01"
"Mortality";"Canary Islands";"Lung";"30-44";"Female";"1998";"4.65"
"Mortality";"Canary Islands";"Lung";"30-44";"Female";"1999";"3.35"
"Mortality";"Canary Islands";"Lung";"30-44";"Female";"2000";"8.74"
"Mortality";"Canary Islands";"Lung";"30-44";"Female";"2001";"3.65"
"Mortality";"Canary Islands";"Lung";"30-44";"Female";"2002";"3.97"
"Mortality";"Canary Islands";"Lung";"30-44";"Female";"2003";"5.73"
"Mortality";"Canary Islands";"Lung";"30-44";"Female";"2004";"5.14"
"Mortality";"Canary Islands";"Lung";"30-44";"Female";"2005";"4.06"
"Mortality";"Canary Islands";"Lung";"30-44";"Female";"2006";"2.23"
"Mortality";"Canary Islands";"Lung";"30-44";"Female";"2007";"2.20"
"Mortality";"Canary Islands";"Lung";"30-44";"Female";"2008";"3.89"
"Mortality";"Canary Islands";"Lung";"30-44";"Female";"2009";"2.99"
"Mortality";"Canary Islands";"Lung";"30-44";"Female";"2010";"0.85"
"Mortality";"Canary Islands";"Lung";"30-44";"Female";"2011";"1.71"
"Mortality";"Canary Islands";"Lung";"30-44";"Female";"2012";"3.46"
"Mortality";"Canary Islands";"Lung";"30-44";"Female";"2013";"2.61"
"Mortality";"Canary Islands";"Lung";"30-44";"Female";"2014";"1.77"
"Mortality";"Canary Islands";"Lung";"30-44";"Female";"2015";"2.72"
"Mortality";"Canary Islands";"Lung";"30-44";"Female";"2016";"2.32"
"Mortality";"Canary Islands";"Lung";"30-44";"Female";"2017";"1.89"
"Mortality";"Canary Islands";"Lung";"30-44";"Female";"2018";"0.96"
"Mortality";"Canary Islands";"Lung";"30-44";"Female";"2019";"1.46"
"Mortality";"Canary Islands";"Lung";"30-44";"Female";"2020";"0.49"
"Mortality";"Canary Islands";"Lung";"30-44";"Female";"2021";"2.02"
"Mortality";"Canary Islands";"Lung";"30-44";"Male";"1993";"6.28"
"Mortality";"Canary Islands";"Lung";"30-44";"Male";"1994";"9.41"
"Mortality";"Canary Islands";"Lung";"30-44";"Male";"1995";"10.35"
"Mortality";"Canary Islands";"Lung";"30-44";"Male";"1996";"7.47"
"Mortality";"Canary Islands";"Lung";"30-44";"Male";"1997";"8.41"
"Mortality";"Canary Islands";"Lung";"30-44";"Male";"1998";"9.86"
"Mortality";"Canary Islands";"Lung";"30-44";"Male";"1999";"4.99"
"Mortality";"Canary Islands";"Lung";"30-44";"Male";"2000";"5.93"
"Mortality";"Canary Islands";"Lung";"30-44";"Male";"2001";"8.64"
"Mortality";"Canary Islands";"Lung";"30-44";"Male";"2002";"6.24"
"Mortality";"Canary Islands";"Lung";"30-44";"Male";"2003";"5.51"
"Mortality";"Canary Islands";"Lung";"30-44";"Male";"2004";"7.18"
"Mortality";"Canary Islands";"Lung";"30-44";"Male";"2005";"4.32"
"Mortality";"Canary Islands";"Lung";"30-44";"Male";"2006";"5.11"
"Mortality";"Canary Islands";"Lung";"30-44";"Male";"2007";"5.47"
"Mortality";"Canary Islands";"Lung";"30-44";"Male";"2008";"3.72"
"Mortality";"Canary Islands";"Lung";"30-44";"Male";"2009";"4.93"
"Mortality";"Canary Islands";"Lung";"30-44";"Male";"2010";"4.94"
"Mortality";"Canary Islands";"Lung";"30-44";"Male";"2011";"4.14"
"Mortality";"Canary Islands";"Lung";"30-44";"Male";"2012";"5.44"
"Mortality";"Canary Islands";"Lung";"30-44";"Male";"2013";"5.94"
"Mortality";"Canary Islands";"Lung";"30-44";"Male";"2014";"4.33"
"Mortality";"Canary Islands";"Lung";"30-44";"Male";"2015";"3.56"
"Mortality";"Canary Islands";"Lung";"30-44";"Male";"2016";"4.12"
"Mortality";"Canary Islands";"Lung";"30-44";"Male";"2017";"1.88"
"Mortality";"Canary Islands";"Lung";"30-44";"Male";"2018";"2.88"
"Mortality";"Canary Islands";"Lung";"30-44";"Male";"2019";"1.94"
"Mortality";"Canary Islands";"Lung";"30-44";"Male";"2020";"3.94"
"Mortality";"Canary Islands";"Lung";"30-44";"Male";"2021";"3.04"
"Mortality";"La Rioja";"Lung";"30-44";"Male";"1993";"10.33"
"Mortality";"La Rioja";"Lung";"30-44";"Male";"1994";"3.39"
"Mortality";"La Rioja";"Lung";"30-44";"Male";"1995";"6.67"
"Mortality";"La Rioja";"Lung";"30-44";"Male";"1996";"0.00"
"Mortality";"La Rioja";"Lung";"30-44";"Male";"1997";"3.22"
"Mortality";"La Rioja";"Lung";"30-44";"Male";"1998";"3.17"
"Mortality";"La Rioja";"Lung";"30-44";"Male";"1999";"0.00"
"Mortality";"La Rioja";"Lung";"30-44";"Male";"2000";"9.12"
"Mortality";"La Rioja";"Lung";"30-44";"Male";"2001";"0.00"
"Mortality";"La Rioja";"Lung";"30-44";"Male";"2002";"2.89"
"Mortality";"La Rioja";"Lung";"30-44";"Male";"2003";"2.79"
"Mortality";"La Rioja";"Lung";"30-44";"Male";"2004";"5.33"
"Mortality";"La Rioja";"Lung";"30-44";"Male";"2005";"0.00"
"Mortality";"La Rioja";"Lung";"30-44";"Male";"2006";"5.03"
"Mortality";"La Rioja";"Lung";"30-44";"Male";"2007";"2.42"
"Mortality";"La Rioja";"Lung";"30-44";"Male";"2008";"7.03"
"Mortality";"La Rioja";"Lung";"30-44";"Male";"2009";"4.70"
"Mortality";"La Rioja";"Lung";"30-44";"Male";"2010";"0.00"
"Mortality";"La Rioja";"Lung";"30-44";"Male";"2011";"4.80"
"Mortality";"La Rioja";"Lung";"30-44";"Male";"2012";"4.90"
"Mortality";"La Rioja";"Lung";"30-44";"Male";"2013";"0.00"
"Mortality";"La Rioja";"Lung";"30-44";"Male";"2014";"2.65"
"Mortality";"La Rioja";"Lung";"30-44";"Male";"2015";"2.73"
"Mortality";"La Rioja";"Lung";"30-44";"Male";"2016";"2.81"
"Mortality";"La Rioja";"Lung";"30-44";"Male";"2017";"0.00"
"Incidence";"Canary Islands";"Lung";"30-44";"Female";"1993";"2.79"
"Incidence";"Canary Islands";"Lung";"30-44";"Female";"1994";"4.03"
"Incidence";"Canary Islands";"Lung";"30-44";"Female";"1995";"3.88"
"Incidence";"Canary Islands";"Lung";"30-44";"Female";"1996";"4.36"
"Incidence";"Canary Islands";"Lung";"30-44";"Female";"1997";"6.62"
"Incidence";"Canary Islands";"Lung";"30-44";"Female";"1998";"5.82"
"Incidence";"Canary Islands";"Lung";"30-44";"Female";"1999";"5.59"
"Incidence";"Canary Islands";"Lung";"30-44";"Female";"2000";"10.93"
"Incidence";"Canary Islands";"Lung";"30-44";"Female";"2001";"4.69"
"Incidence";"Canary Islands";"Lung";"30-44";"Female";"2002";"3.97"
"Incidence";"Canary Islands";"Lung";"30-44";"Female";"2003";"6.69"
"Incidence";"Canary Islands";"Lung";"30-44";"Female";"2004";"9.81"
"Incidence";"Canary Islands";"Lung";"30-44";"Female";"2005";"4.52"
"Incidence";"Canary Islands";"Lung";"30-44";"Female";"2006";"4.45"
"Incidence";"Canary Islands";"Lung";"30-44";"Female";"2007";"4.83"
"Incidence";"Canary Islands";"Lung";"30-44";"Female";"2008";"6.48"
"Incidence";"Canary Islands";"Lung";"30-44";"Female";"2009";"2.99"
"Incidence";"Canary Islands";"Lung";"30-44";"Female";"2010";"2.56"
"Incidence";"Canary Islands";"Lung";"30-44";"Female";"2011";"1.71"
"Incidence";"Canary Islands";"Lung";"30-44";"Female";"2012";"7.77"
"Incidence";"Canary Islands";"Lung";"30-44";"Female";"2013";"2.18"
"Incidence";"Canary Islands";"Lung";"30-44";"Female";"2014";"4.43"
"Incidence";"Canary Islands";"Lung";"30-44";"Female";"2015";"4.99"
"Incidence";"Canary Islands";"Lung";"30-44";"Female";"2016";"4.17"
"Incidence";"Canary Islands";"Lung";"30-44";"Female";"2017";"2.84"
"Mortality";"Canary Islands";"Lung";"45-59";"Male";"1993";"80.21"
"Mortality";"Canary Islands";"Lung";"45-59";"Male";"1994";"69.18"
"Mortality";"Canary Islands";"Lung";"45-59";"Male";"1995";"85.29"
"Mortality";"Canary Islands";"Lung";"45-59";"Male";"1996";"83.85"
"Mortality";"Canary Islands";"Lung";"45-59";"Male";"1997";"71.80"
"Mortality";"Canary Islands";"Lung";"45-59";"Male";"1998";"77.35"
"Mortality";"Canary Islands";"Lung";"45-59";"Male";"1999";"66.07"
"Mortality";"Canary Islands";"Lung";"45-59";"Male";"2000";"59.77"
"Mortality";"Canary Islands";"Lung";"45-59";"Male";"2001";"73.56"
"Mortality";"Canary Islands";"Lung";"45-59";"Male";"2002";"63.20"
"Mortality";"Canary Islands";"Lung";"45-59";"Male";"2003";"66.51"
"Mortality";"Canary Islands";"Lung";"45-59";"Male";"2004";"71.86"
"Mortality";"Canary Islands";"Lung";"45-59";"Male";"2005";"55.56"
"Mortality";"Canary Islands";"Lung";"45-59";"Male";"2006";"82.78"
"Mortality";"Canary Islands";"Lung";"45-59";"Male";"2007";"71.02"
"Mortality";"Canary Islands";"Lung";"45-59";"Male";"2008";"74.05"
"Mortality";"Canary Islands";"Lung";"45-59";"Male";"2009";"49.69"
"Mortality";"Canary Islands";"Lung";"45-59";"Male";"2010";"69.27"
"Mortality";"Canary Islands";"Lung";"45-59";"Male";"2011";"72.73"
"Mortality";"Canary Islands";"Lung";"45-59";"Male";"2012";"64.25"
"Mortality";"Canary Islands";"Lung";"45-59";"Male";"2013";"65.72"
"Mortality";"Canary Islands";"Lung";"45-59";"Male";"2014";"57.95"
"Mortality";"Canary Islands";"Lung";"45-59";"Male";"2015";"43.10"
"Mortality";"Canary Islands";"Lung";"45-59";"Male";"2016";"51.88"
"Mortality";"Canary Islands";"Lung";"45-59";"Male";"2017";"48.28"
"Mortality";"Canary Islands";"Lung";"45-59";"Male";"2018";"39.11"
"Mortality";"Canary Islands";"Lung";"45-59";"Male";"2019";"45.74"
"Mortality";"Canary Islands";"Lung";"45-59";"Male";"2020";"40.25"
"Mortality";"Canary Islands";"Lung";"45-59";"Male";"2021";"37.11"
"Mortality";"La Rioja";"Lung";"45-59";"Female";"1993";"9.09"
"Mortality";"La Rioja";"Lung";"45-59";"Female";"1994";"9.09"
"Mortality";"La Rioja";"Lung";"45-59";"Female";"1995";"0.00"
"Mortality";"La Rioja";"Lung";"45-59";"Female";"1996";"4.55"
"Mortality";"La Rioja";"Lung";"45-59";"Female";"1997";"4.51"
"Mortality";"La Rioja";"Lung";"45-59";"Female";"1998";"8.81"
"Mortality";"La Rioja";"Lung";"45-59";"Female";"1999";"4.28"
"Mortality";"La Rioja";"Lung";"45-59";"Female";"2000";"4.18"
"Mortality";"La Rioja";"Lung";"45-59";"Female";"2001";"0.00"
"Mortality";"La Rioja";"Lung";"45-59";"Female";"2002";"3.97"
"Mortality";"La Rioja";"Lung";"45-59";"Female";"2003";"11.53"
"Mortality";"La Rioja";"Lung";"45-59";"Female";"2004";"26.09"
"Mortality";"La Rioja";"Lung";"45-59";"Female";"2005";"7.24"
"Mortality";"La Rioja";"Lung";"45-59";"Female";"2006";"14.10"
"Mortality";"La Rioja";"Lung";"45-59";"Female";"2007";"6.84"
"Mortality";"La Rioja";"Lung";"45-59";"Female";"2008";"16.67"
"Mortality";"La Rioja";"Lung";"45-59";"Female";"2009";"6.52"
"Mortality";"La Rioja";"Lung";"45-59";"Female";"2010";"22.29"
"Mortality";"La Rioja";"Lung";"45-59";"Female";"2011";"18.58"
"Mortality";"La Rioja";"Lung";"45-59";"Female";"2012";"6.07"
"Mortality";"La Rioja";"Lung";"45-59";"Female";"2013";"26.91"
"Mortality";"La Rioja";"Lung";"45-59";"Female";"2014";"32.49"
"Mortality";"La Rioja";"Lung";"45-59";"Female";"2015";"23.35"
"Mortality";"La Rioja";"Lung";"45-59";"Female";"2016";"34.65"
"Mortality";"La Rioja";"Lung";"45-59";"Female";"2017";"20.02"
"Mortality";"La Rioja";"Lung";"45-59";"Male";"1993";"61.88"
"Mortality";"La Rioja";"Lung";"45-59";"Male";"1994";"65.95"
"Mortality";"La Rioja";"Lung";"45-59";"Male";"1995";"61.11"
"Mortality";"La Rioja";"Lung";"45-59";"Male";"1996";"69.42"
"Mortality";"La Rioja";"Lung";"45-59";"Male";"1997";"55.62"
"Mortality";"La Rioja";"Lung";"45-59";"Male";"1998";"62.51"
"Mortality";"La Rioja";"Lung";"45-59";"Male";"1999";"72.72"
"Mortality";"La Rioja";"Lung";"45-59";"Male";"2000";"98.85"
"Mortality";"La Rioja";"Lung";"45-59";"Male";"2001";"73.68"
"Mortality";"La Rioja";"Lung";"45-59";"Male";"2002";"67.53"
"Mortality";"La Rioja";"Lung";"45-59";"Male";"2003";"65.40"
"Mortality";"La Rioja";"Lung";"45-59";"Male";"2004";"84.73"
"Mortality";"La Rioja";"Lung";"45-59";"Male";"2005";"75.17"
"Mortality";"La Rioja";"Lung";"45-59";"Male";"2006";"56.40"
"Mortality";"La Rioja";"Lung";"45-59";"Male";"2007";"77.06"
"Mortality";"La Rioja";"Lung";"45-59";"Male";"2008";"40.56"
"Mortality";"La Rioja";"Lung";"45-59";"Male";"2009";"39.94"
"Mortality";"La Rioja";"Lung";"45-59";"Male";"2010";"57.52"
"Mortality";"La Rioja";"Lung";"45-59";"Male";"2011";"56.48"
"Mortality";"La Rioja";"Lung";"45-59";"Male";"2012";"73.20"
"Mortality";"La Rioja";"Lung";"45-59";"Male";"2013";"40.78"
"Mortality";"La Rioja";"Lung";"45-59";"Male";"2014";"69.55"
"Mortality";"La Rioja";"Lung";"45-59";"Male";"2015";"54.36"
"Mortality";"La Rioja";"Lung";"45-59";"Male";"2016";"45.23"
"Mortality";"La Rioja";"Lung";"45-59";"Male";"2017";"59.02"
"Incidence";"Canary Islands";"Lung";"45-59";"Male";"1993";"101.01"
"Incidence";"Canary Islands";"Lung";"45-59";"Male";"1994";"86.72"
"Incidence";"Canary Islands";"Lung";"45-59";"Male";"1995";"93.92"
"Incidence";"Canary Islands";"Lung";"45-59";"Male";"1996";"103.63"
"Incidence";"Canary Islands";"Lung";"45-59";"Male";"1997";"96.33"
"Incidence";"Canary Islands";"Lung";"45-59";"Male";"1998";"88.78"
"Incidence";"Canary Islands";"Lung";"45-59";"Male";"1999";"97.42"
"Incidence";"Canary Islands";"Lung";"45-59";"Male";"2000";"94.64"
"Incidence";"Canary Islands";"Lung";"45-59";"Male";"2001";"87.00"
"Incidence";"Canary Islands";"Lung";"45-59";"Male";"2002";"84.27"
"Incidence";"Canary Islands";"Lung";"45-59";"Male";"2003";"67.24"
"Incidence";"Canary Islands";"Lung";"45-59";"Male";"2004";"92.99"
"Incidence";"Canary Islands";"Lung";"45-59";"Male";"2005";"98.93"
"Incidence";"Canary Islands";"Lung";"45-59";"Male";"2006";"96.57"
"Incidence";"Canary Islands";"Lung";"45-59";"Male";"2007";"88.78"
"Incidence";"Canary Islands";"Lung";"45-59";"Male";"2008";"78.29"
"Incidence";"Canary Islands";"Lung";"45-59";"Male";"2009";"71.91"
"Incidence";"Canary Islands";"Lung";"45-59";"Male";"2010";"93.49"
"Incidence";"Canary Islands";"Lung";"45-59";"Male";"2011";"81.48"
"Incidence";"Canary Islands";"Lung";"45-59";"Male";"2012";"79.25"
"Incidence";"Canary Islands";"Lung";"45-59";"Male";"2013";"78.76"
"Incidence";"Canary Islands";"Lung";"45-59";"Male";"2014";"72.82"
"Incidence";"Canary Islands";"Lung";"45-59";"Male";"2015";"60.14"
"Incidence";"Canary Islands";"Lung";"45-59";"Male";"2016";"74.40"
"Incidence";"Canary Islands";"Lung";"45-59";"Male";"2017";"67.40"
"Incidence";"Canary Islands";"Lung";"45-59";"Female";"1993";"6.75"
"Incidence";"Canary Islands";"Lung";"45-59";"Female";"1994";"11.43"
"Incidence";"Canary Islands";"Lung";"45-59";"Female";"1995";"22.59"
"Incidence";"Canary Islands";"Lung";"45-59";"Female";"1996";"13.94"
"Incidence";"Canary Islands";"Lung";"45-59";"Female";"1997";"21.58"
"Incidence";"Canary Islands";"Lung";"45-59";"Female";"1998";"9.60"
"Incidence";"Canary Islands";"Lung";"45-59";"Female";"1999";"16.90"
"Incidence";"Canary Islands";"Lung";"45-59";"Female";"2000";"21.60"
"Incidence";"Canary Islands";"Lung";"45-59";"Female";"2001";"19.12"
"Incidence";"Canary Islands";"Lung";"45-59";"Female";"2002";"25.05"
"Incidence";"Canary Islands";"Lung";"45-59";"Female";"2003";"20.50"
"Incidence";"Canary Islands";"Lung";"45-59";"Female";"2004";"24.98"
"Incidence";"Canary Islands";"Lung";"45-59";"Female";"2005";"35.68"
"Incidence";"Canary Islands";"Lung";"45-59";"Female";"2006";"31.89"
"Incidence";"Canary Islands";"Lung";"45-59";"Female";"2007";"27.52"
"Incidence";"Canary Islands";"Lung";"45-59";"Female";"2008";"33.03"
"Incidence";"Canary Islands";"Lung";"45-59";"Female";"2009";"46.97"
"Incidence";"Canary Islands";"Lung";"45-59";"Female";"2010";"32.27"
"Incidence";"Canary Islands";"Lung";"45-59";"Female";"2011";"38.85"
"Incidence";"Canary Islands";"Lung";"45-59";"Female";"2012";"47.20"
"Incidence";"Canary Islands";"Lung";"45-59";"Female";"2013";"39.21"
"Incidence";"Canary Islands";"Lung";"45-59";"Female";"2014";"54.91"
"Incidence";"Canary Islands";"Lung";"45-59";"Female";"2015";"43.18"
"Incidence";"Canary Islands";"Lung";"45-59";"Female";"2016";"36.30"
"Incidence";"Canary Islands";"Lung";"45-59";"Female";"2017";"41.21"
"Incidence";"La Rioja";"Lung";"45-59";"Female";"1993";"9.09"
"Incidence";"La Rioja";"Lung";"45-59";"Female";"1994";"0.00"
"Incidence";"La Rioja";"Lung";"45-59";"Female";"1995";"4.55"
"Incidence";"La Rioja";"Lung";"45-59";"Female";"1996";"9.10"
"Incidence";"La Rioja";"Lung";"45-59";"Female";"1997";"13.52"
"Incidence";"La Rioja";"Lung";"45-59";"Female";"1998";"8.81"
"Incidence";"La Rioja";"Lung";"45-59";"Female";"1999";"8.56"
"Incidence";"La Rioja";"Lung";"45-59";"Female";"2000";"12.55"
"Incidence";"La Rioja";"Lung";"45-59";"Female";"2001";"8.20"
"Incidence";"La Rioja";"Lung";"45-59";"Female";"2002";"19.85"
"Incidence";"La Rioja";"Lung";"45-59";"Female";"2003";"15.37"
"Incidence";"La Rioja";"Lung";"45-59";"Female";"2004";"29.82"
"Incidence";"La Rioja";"Lung";"45-59";"Female";"2005";"3.62"
"Incidence";"La Rioja";"Lung";"45-59";"Female";"2006";"17.63"
"Incidence";"La Rioja";"Lung";"45-59";"Female";"2007";"6.84"
"Incidence";"La Rioja";"Lung";"45-59";"Female";"2008";"33.33"
"Incidence";"La Rioja";"Lung";"45-59";"Female";"2009";"19.56"
"Incidence";"La Rioja";"Lung";"45-59";"Female";"2010";"12.74"
"Incidence";"La Rioja";"Lung";"45-59";"Female";"2011";"27.87"
"Incidence";"La Rioja";"Lung";"45-59";"Female";"2012";"24.27"
"Incidence";"La Rioja";"Lung";"45-59";"Female";"2013";"44.86"
"Incidence";"La Rioja";"Lung";"45-59";"Female";"2014";"44.31"
"Incidence";"La Rioja";"Lung";"45-59";"Female";"2015";"35.02"
"Incidence";"La Rioja";"Lung";"45-59";"Female";"2016";"34.65"
"Incidence";"La Rioja";"Lung";"45-59";"Female";"2017";"42.91"
"Incidence";"La Rioja";"Lung";"45-59";"Male";"1993";"114.92"
"Incidence";"La Rioja";"Lung";"45-59";"Male";"1994";"79.13"
"Incidence";"La Rioja";"Lung";"45-59";"Male";"1995";"82.94"
"Incidence";"La Rioja";"Lung";"45-59";"Male";"1996";"52.07"
"Incidence";"La Rioja";"Lung";"45-59";"Male";"1997";"64.17"
"Incidence";"La Rioja";"Lung";"45-59";"Male";"1998";"70.84"
"Incidence";"La Rioja";"Lung";"45-59";"Male";"1999";"125.25"
"Incidence";"La Rioja";"Lung";"45-59";"Male";"2000";"142.34"
"Incidence";"La Rioja";"Lung";"45-59";"Male";"2001";"108.59"
"Incidence";"La Rioja";"Lung";"45-59";"Male";"2002";"101.29"
"Incidence";"La Rioja";"Lung";"45-59";"Male";"2003";"69.04"
"Incidence";"La Rioja";"Lung";"45-59";"Male";"2004";"112.97"
"Incidence";"La Rioja";"Lung";"45-59";"Male";"2005";"102.50"
"Incidence";"La Rioja";"Lung";"45-59";"Male";"2006";"76.30"
"Incidence";"La Rioja";"Lung";"45-59";"Male";"2007";"64.22"
"Incidence";"La Rioja";"Lung";"45-59";"Male";"2008";"84.24"
"Incidence";"La Rioja";"Lung";"45-59";"Male";"2009";"89.09"
"Incidence";"La Rioja";"Lung";"45-59";"Male";"2010";"81.74"
"Incidence";"La Rioja";"Lung";"45-59";"Male";"2011";"77.28"
"Incidence";"La Rioja";"Lung";"45-59";"Male";"2012";"67.34"
"Incidence";"La Rioja";"Lung";"45-59";"Male";"2013";"75.74"
"Incidence";"La Rioja";"Lung";"45-59";"Male";"2014";"63.75"
"Incidence";"La Rioja";"Lung";"45-59";"Male";"2015";"80.11"
"Incidence";"La Rioja";"Lung";"45-59";"Male";"2016";"87.63"
"Incidence";"La Rioja";"Lung";"45-59";"Male";"2017";"59.02"
"Mortality";"Canary Islands";"Lung";"45-59";"Female";"1993";"8.68"
"Mortality";"Canary Islands";"Lung";"45-59";"Female";"1994";"9.53"
"Mortality";"Canary Islands";"Lung";"45-59";"Female";"1995";"12.24"
"Mortality";"Canary Islands";"Lung";"45-59";"Female";"1996";"9.30"
"Mortality";"Canary Islands";"Lung";"45-59";"Female";"1997";"14.39"
"Mortality";"Canary Islands";"Lung";"45-59";"Female";"1998";"15.71"
"Mortality";"Canary Islands";"Lung";"45-59";"Female";"1999";"8.45"
"Mortality";"Canary Islands";"Lung";"45-59";"Female";"2000";"13.29"
"Mortality";"Canary Islands";"Lung";"45-59";"Female";"2001";"16.73"
"Mortality";"Canary Islands";"Lung";"45-59";"Female";"2002";"21.26"
"Mortality";"Canary Islands";"Lung";"45-59";"Female";"2003";"10.98"
"Mortality";"Canary Islands";"Lung";"45-59";"Female";"2004";"22.13"
"Mortality";"Canary Islands";"Lung";"45-59";"Female";"2005";"19.90"
"Mortality";"Canary Islands";"Lung";"45-59";"Female";"2006";"27.91"
"Mortality";"Canary Islands";"Lung";"45-59";"Female";"2007";"19.84"
"Mortality";"Canary Islands";"Lung";"45-59";"Female";"2008";"29.36"
"Mortality";"Canary Islands";"Lung";"45-59";"Female";"2009";"28.18"
"Mortality";"Canary Islands";"Lung";"45-59";"Female";"2010";"27.74"
"Mortality";"Canary Islands";"Lung";"45-59";"Female";"2011";"25.72"
"Mortality";"Canary Islands";"Lung";"45-59";"Female";"2012";"31.65"
"Mortality";"Canary Islands";"Lung";"45-59";"Female";"2013";"36.60"
"Mortality";"Canary Islands";"Lung";"45-59";"Female";"2014";"26.17"
"Mortality";"Canary Islands";"Lung";"45-59";"Female";"2015";"38.16"
"Mortality";"Canary Islands";"Lung";"45-59";"Female";"2016";"35.32"
"Mortality";"Canary Islands";"Lung";"45-59";"Female";"2017";"25.40"
"Mortality";"Canary Islands";"Lung";"45-59";"Female";"2018";"22.43"
"Mortality";"Canary Islands";"Lung";"45-59";"Female";"2019";"23.14"
"Mortality";"Canary Islands";"Lung";"45-59";"Female";"2020";"20.79"
"Mortality";"Canary Islands";"Lung";"45-59";"Female";"2021";"26.69"
"Incidence";"Canary Islands";"Lung";"60-74";"Male";"1993";"321.43"
"Incidence";"Canary Islands";"Lung";"60-74";"Male";"1994";"265.00"
"Incidence";"Canary Islands";"Lung";"60-74";"Male";"1995";"338.15"
"Incidence";"Canary Islands";"Lung";"60-74";"Male";"1996";"292.93"
"Incidence";"Canary Islands";"Lung";"60-74";"Male";"1997";"270.93"
"Incidence";"Canary Islands";"Lung";"60-74";"Male";"1998";"270.12"
"Incidence";"Canary Islands";"Lung";"60-74";"Male";"1999";"300.49"
"Incidence";"Canary Islands";"Lung";"60-74";"Male";"2000";"301.67"
"Incidence";"Canary Islands";"Lung";"60-74";"Male";"2001";"291.37"
"Incidence";"Canary Islands";"Lung";"60-74";"Male";"2002";"258.44"
"Incidence";"Canary Islands";"Lung";"60-74";"Male";"2003";"245.01"
"Incidence";"Canary Islands";"Lung";"60-74";"Male";"2004";"271.62"
"Incidence";"Canary Islands";"Lung";"60-74";"Male";"2005";"268.19"
"Incidence";"Canary Islands";"Lung";"60-74";"Male";"2006";"242.60"
"Incidence";"Canary Islands";"Lung";"60-74";"Male";"2007";"254.81"
"Incidence";"Canary Islands";"Lung";"60-74";"Male";"2008";"253.75"
"Incidence";"Canary Islands";"Lung";"60-74";"Male";"2009";"261.17"
"Incidence";"Canary Islands";"Lung";"60-74";"Male";"2010";"286.15"
"Incidence";"Canary Islands";"Lung";"60-74";"Male";"2011";"274.08"
"Incidence";"Canary Islands";"Lung";"60-74";"Male";"2012";"236.86"
"Incidence";"Canary Islands";"Lung";"60-74";"Male";"2013";"290.53"
"Incidence";"Canary Islands";"Lung";"60-74";"Male";"2014";"264.81"
"Incidence";"Canary Islands";"Lung";"60-74";"Male";"2015";"291.62"
"Incidence";"Canary Islands";"Lung";"60-74";"Male";"2016";"273.25"
"Incidence";"Canary Islands";"Lung";"60-74";"Male";"2017";"254.82"
"Mortality";"Canary Islands";"Lung";"60-74";"Male";"1993";"241.87"
"Mortality";"Canary Islands";"Lung";"60-74";"Male";"1994";"278.70"
"Mortality";"Canary Islands";"Lung";"60-74";"Male";"1995";"262.36"
"Mortality";"Canary Islands";"Lung";"60-74";"Male";"1996";"252.48"
"Mortality";"Canary Islands";"Lung";"60-74";"Male";"1997";"235.71"
"Mortality";"Canary Islands";"Lung";"60-74";"Male";"1998";"247.83"
"Mortality";"Canary Islands";"Lung";"60-74";"Male";"1999";"239.87"
"Mortality";"Canary Islands";"Lung";"60-74";"Male";"2000";"250.11"
"Mortality";"Canary Islands";"Lung";"60-74";"Male";"2001";"236.51"
"Mortality";"Canary Islands";"Lung";"60-74";"Male";"2002";"243.03"
"Mortality";"Canary Islands";"Lung";"60-74";"Male";"2003";"211.96"
"Mortality";"Canary Islands";"Lung";"60-74";"Male";"2004";"237.95"
"Mortality";"Canary Islands";"Lung";"60-74";"Male";"2005";"221.88"
"Mortality";"Canary Islands";"Lung";"60-74";"Male";"2006";"208.24"
"Mortality";"Canary Islands";"Lung";"60-74";"Male";"2007";"211.16"
"Mortality";"Canary Islands";"Lung";"60-74";"Male";"2008";"212.28"
"Mortality";"Canary Islands";"Lung";"60-74";"Male";"2009";"210.09"
"Mortality";"Canary Islands";"Lung";"60-74";"Male";"2010";"232.50"
"Mortality";"Canary Islands";"Lung";"60-74";"Male";"2011";"201.85"
"Mortality";"Canary Islands";"Lung";"60-74";"Male";"2012";"211.25"
"Mortality";"Canary Islands";"Lung";"60-74";"Male";"2013";"222.17"
"Mortality";"Canary Islands";"Lung";"60-74";"Male";"2014";"218.29"
"Mortality";"Canary Islands";"Lung";"60-74";"Male";"2015";"218.94"
"Mortality";"Canary Islands";"Lung";"60-74";"Male";"2016";"224.98"
"Mortality";"Canary Islands";"Lung";"60-74";"Male";"2017";"220.22"
"Mortality";"Canary Islands";"Lung";"60-74";"Male";"2018";"202.34"
"Mortality";"Canary Islands";"Lung";"60-74";"Male";"2019";"211.83"
"Mortality";"Canary Islands";"Lung";"60-74";"Male";"2020";"225.29"
"Mortality";"Canary Islands";"Lung";"60-74";"Male";"2021";"212.96"
"Incidence";"Canary Islands";"Lung";"60-74";"Female";"1993";"35.45"
"Incidence";"Canary Islands";"Lung";"60-74";"Female";"1994";"23.62"
"Incidence";"Canary Islands";"Lung";"60-74";"Female";"1995";"29.05"
"Incidence";"Canary Islands";"Lung";"60-74";"Female";"1996";"19.45"
"Incidence";"Canary Islands";"Lung";"60-74";"Female";"1997";"27.18"
"Incidence";"Canary Islands";"Lung";"60-74";"Female";"1998";"30.94"
"Incidence";"Canary Islands";"Lung";"60-74";"Female";"1999";"31.68"
"Incidence";"Canary Islands";"Lung";"60-74";"Female";"2000";"23.82"
"Incidence";"Canary Islands";"Lung";"60-74";"Female";"2001";"35.81"
"Incidence";"Canary Islands";"Lung";"60-74";"Female";"2002";"41.32"
"Incidence";"Canary Islands";"Lung";"60-74";"Female";"2003";"31.77"
"Incidence";"Canary Islands";"Lung";"60-74";"Female";"2004";"22.27"
"Incidence";"Canary Islands";"Lung";"60-74";"Female";"2005";"45.12"
"Incidence";"Canary Islands";"Lung";"60-74";"Female";"2006";"32.43"
"Incidence";"Canary Islands";"Lung";"60-74";"Female";"2007";"47.60"
"Incidence";"Canary Islands";"Lung";"60-74";"Female";"2008";"48.28"
"Incidence";"Canary Islands";"Lung";"60-74";"Female";"2009";"41.02"
"Incidence";"Canary Islands";"Lung";"60-74";"Female";"2010";"61.18"
"Incidence";"Canary Islands";"Lung";"60-74";"Female";"2011";"58.52"
"Incidence";"Canary Islands";"Lung";"60-74";"Female";"2012";"57.78"
"Incidence";"Canary Islands";"Lung";"60-74";"Female";"2013";"75.30"
"Incidence";"Canary Islands";"Lung";"60-74";"Female";"2014";"71.29"
"Incidence";"Canary Islands";"Lung";"60-74";"Female";"2015";"76.05"
"Incidence";"Canary Islands";"Lung";"60-74";"Female";"2016";"85.20"
"Incidence";"Canary Islands";"Lung";"60-74";"Female";"2017";"104.88"
"Mortality";"La Rioja";"Lung";"60-74";"Male";"1993";"212.47"
"Mortality";"La Rioja";"Lung";"60-74";"Male";"1994";"237.51"
"Mortality";"La Rioja";"Lung";"60-74";"Male";"1995";"239.14"
"Mortality";"La Rioja";"Lung";"60-74";"Male";"1996";"171.17"
"Mortality";"La Rioja";"Lung";"60-74";"Male";"1997";"190.99"
"Mortality";"La Rioja";"Lung";"60-74";"Male";"1998";"242.19"
"Mortality";"La Rioja";"Lung";"60-74";"Male";"1999";"272.41"
"Mortality";"La Rioja";"Lung";"60-74";"Male";"2000";"214.77"
"Mortality";"La Rioja";"Lung";"60-74";"Male";"2001";"249.95"
"Mortality";"La Rioja";"Lung";"60-74";"Male";"2002";"226.18"
"Mortality";"La Rioja";"Lung";"60-74";"Male";"2003";"240.66"
"Mortality";"La Rioja";"Lung";"60-74";"Male";"2004";"184.27"
"Mortality";"La Rioja";"Lung";"60-74";"Male";"2005";"183.39"
"Mortality";"La Rioja";"Lung";"60-74";"Male";"2006";"226.11"
"Mortality";"La Rioja";"Lung";"60-74";"Male";"2007";"151.69"
"Mortality";"La Rioja";"Lung";"60-74";"Male";"2008";"238.19"
"Mortality";"La Rioja";"Lung";"60-74";"Male";"2009";"235.25"
"Mortality";"La Rioja";"Lung";"60-74";"Male";"2010";"184.85"
"Mortality";"La Rioja";"Lung";"60-74";"Male";"2011";"192.22"
"Mortality";"La Rioja";"Lung";"60-74";"Male";"2012";"258.78"
"Mortality";"La Rioja";"Lung";"60-74";"Male";"2013";"171.19"
"Mortality";"La Rioja";"Lung";"60-74";"Male";"2014";"187.71"
"Mortality";"La Rioja";"Lung";"60-74";"Male";"2015";"179.09"
"Mortality";"La Rioja";"Lung";"60-74";"Male";"2016";"209.05"
"Mortality";"La Rioja";"Lung";"60-74";"Male";"2017";"150.61"
"Mortality";"Canary Islands";"Lung";"60-74";"Female";"1993";"24.54"
"Mortality";"Canary Islands";"Lung";"60-74";"Female";"1994";"19.69"
"Mortality";"Canary Islands";"Lung";"60-74";"Female";"1995";"20.21"
"Mortality";"Canary Islands";"Lung";"60-74";"Female";"1996";"19.45"
"Mortality";"Canary Islands";"Lung";"60-74";"Female";"1997";"24.82"
"Mortality";"Canary Islands";"Lung";"60-74";"Female";"1998";"18.34"
"Mortality";"Canary Islands";"Lung";"60-74";"Female";"1999";"30.55"
"Mortality";"Canary Islands";"Lung";"60-74";"Female";"2000";"29.49"
"Mortality";"Canary Islands";"Lung";"60-74";"Female";"2001";"23.87"
"Mortality";"Canary Islands";"Lung";"60-74";"Female";"2002";"27.54"
"Mortality";"Canary Islands";"Lung";"60-74";"Female";"2003";"29.72"
"Mortality";"Canary Islands";"Lung";"60-74";"Female";"2004";"28.34"
"Mortality";"Canary Islands";"Lung";"60-74";"Female";"2005";"37.27"
"Mortality";"Canary Islands";"Lung";"60-74";"Female";"2006";"22.89"
"Mortality";"Canary Islands";"Lung";"60-74";"Female";"2007";"30.80"
"Mortality";"Canary Islands";"Lung";"60-74";"Female";"2008";"30.97"
"Mortality";"Canary Islands";"Lung";"60-74";"Female";"2009";"34.78"
"Mortality";"Canary Islands";"Lung";"60-74";"Female";"2010";"41.95"
"Mortality";"Canary Islands";"Lung";"60-74";"Female";"2011";"40.45"
"Mortality";"Canary Islands";"Lung";"60-74";"Female";"2012";"47.58"
"Mortality";"Canary Islands";"Lung";"60-74";"Female";"2013";"51.87"
"Mortality";"Canary Islands";"Lung";"60-74";"Female";"2014";"58.03"
"Mortality";"Canary Islands";"Lung";"60-74";"Female";"2015";"43.69"
"Mortality";"Canary Islands";"Lung";"60-74";"Female";"2016";"47.78"
"Mortality";"Canary Islands";"Lung";"60-74";"Female";"2017";"65.26"
"Mortality";"Canary Islands";"Lung";"60-74";"Female";"2018";"94.68"
"Mortality";"Canary Islands";"Lung";"60-74";"Female";"2019";"77.94"
"Mortality";"Canary Islands";"Lung";"60-74";"Female";"2020";"98.66"
"Mortality";"Canary Islands";"Lung";"60-74";"Female";"2021";"93.21"
"Mortality";"La Rioja";"Lung";"60-74";"Female";"1993";"13.25"
"Mortality";"La Rioja";"Lung";"60-74";"Female";"1994";"17.43"
"Mortality";"La Rioja";"Lung";"60-74";"Female";"1995";"17.29"
"Mortality";"La Rioja";"Lung";"60-74";"Female";"1996";"21.50"
"Mortality";"La Rioja";"Lung";"60-74";"Female";"1997";"8.63"
"Mortality";"La Rioja";"Lung";"60-74";"Female";"1998";"35.08"
"Mortality";"La Rioja";"Lung";"60-74";"Female";"1999";"8.97"
"Mortality";"La Rioja";"Lung";"60-74";"Female";"2000";"13.64"
"Mortality";"La Rioja";"Lung";"60-74";"Female";"2001";"27.47"
"Mortality";"La Rioja";"Lung";"60-74";"Female";"2002";"9.25"
"Mortality";"La Rioja";"Lung";"60-74";"Female";"2003";"37.09"
"Mortality";"La Rioja";"Lung";"60-74";"Female";"2004";"23.13"
"Mortality";"La Rioja";"Lung";"60-74";"Female";"2005";"9.24"
"Mortality";"La Rioja";"Lung";"60-74";"Female";"2006";"4.62"
"Mortality";"La Rioja";"Lung";"60-74";"Female";"2007";"22.99"
"Mortality";"La Rioja";"Lung";"60-74";"Female";"2008";"0.00"
"Mortality";"La Rioja";"Lung";"60-74";"Female";"2009";"9.11"
"Mortality";"La Rioja";"Lung";"60-74";"Female";"2010";"36.40"
"Mortality";"La Rioja";"Lung";"60-74";"Female";"2011";"22.71"
"Mortality";"La Rioja";"Lung";"60-74";"Female";"2012";"17.92"
"Mortality";"La Rioja";"Lung";"60-74";"Female";"2013";"21.91"
"Mortality";"La Rioja";"Lung";"60-74";"Female";"2014";"8.51"
"Mortality";"La Rioja";"Lung";"60-74";"Female";"2015";"37.43"
"Mortality";"La Rioja";"Lung";"60-74";"Female";"2016";"69.13"
"Mortality";"La Rioja";"Lung";"60-74";"Female";"2017";"35.56"
"Incidence";"La Rioja";"Lung";"60-74";"Female";"1993";"30.93"
"Incidence";"La Rioja";"Lung";"60-74";"Female";"1994";"13.07"
"Incidence";"La Rioja";"Lung";"60-74";"Female";"1995";"21.61"
"Incidence";"La Rioja";"Lung";"60-74";"Female";"1996";"21.50"
"Incidence";"La Rioja";"Lung";"60-74";"Female";"1997";"25.88"
"Incidence";"La Rioja";"Lung";"60-74";"Female";"1998";"26.31"
"Incidence";"La Rioja";"Lung";"60-74";"Female";"1999";"22.42"
"Incidence";"La Rioja";"Lung";"60-74";"Female";"2000";"40.91"
"Incidence";"La Rioja";"Lung";"60-74";"Female";"2001";"18.32"
"Incidence";"La Rioja";"Lung";"60-74";"Female";"2002";"4.63"
"Incidence";"La Rioja";"Lung";"60-74";"Female";"2003";"60.27"
"Incidence";"La Rioja";"Lung";"60-74";"Female";"2004";"9.25"
"Incidence";"La Rioja";"Lung";"60-74";"Female";"2005";"23.10"
"Incidence";"La Rioja";"Lung";"60-74";"Female";"2006";"9.23"
"Incidence";"La Rioja";"Lung";"60-74";"Female";"2007";"22.99"
"Incidence";"La Rioja";"Lung";"60-74";"Female";"2008";"13.74"
"Incidence";"La Rioja";"Lung";"60-74";"Female";"2009";"59.24"
"Incidence";"La Rioja";"Lung";"60-74";"Female";"2010";"36.40"
"Incidence";"La Rioja";"Lung";"60-74";"Female";"2011";"31.80"
"Incidence";"La Rioja";"Lung";"60-74";"Female";"2012";"35.85"
"Incidence";"La Rioja";"Lung";"60-74";"Female";"2013";"21.91"
"Incidence";"La Rioja";"Lung";"60-74";"Female";"2014";"29.80"
"Incidence";"La Rioja";"Lung";"60-74";"Female";"2015";"66.54"
"Incidence";"La Rioja";"Lung";"60-74";"Female";"2016";"69.13"
"Incidence";"La Rioja";"Lung";"60-74";"Female";"2017";"59.27"
"Incidence";"La Rioja";"Lung";"60-74";"Male";"1993";"271.77"
"Incidence";"La Rioja";"Lung";"60-74";"Male";"1994";"261.74"
"Incidence";"La Rioja";"Lung";"60-74";"Male";"1995";"220.01"
"Incidence";"La Rioja";"Lung";"60-74";"Male";"1996";"209.21"
"Incidence";"La Rioja";"Lung";"60-74";"Male";"1997";"305.59"
"Incidence";"La Rioja";"Lung";"60-74";"Male";"1998";"266.41"
"Incidence";"La Rioja";"Lung";"60-74";"Male";"1999";"346.71"
"Incidence";"La Rioja";"Lung";"60-74";"Male";"2000";"284.70"
"Incidence";"La Rioja";"Lung";"60-74";"Male";"2001";"249.95"
"Incidence";"La Rioja";"Lung";"60-74";"Male";"2002";"266.39"
"Incidence";"La Rioja";"Lung";"60-74";"Male";"2003";"220.61"
"Incidence";"La Rioja";"Lung";"60-74";"Male";"2004";"258.98"
"Incidence";"La Rioja";"Lung";"60-74";"Male";"2005";"267.64"
"Incidence";"La Rioja";"Lung";"60-74";"Male";"2006";"196.62"
"Incidence";"La Rioja";"Lung";"60-74";"Male";"2007";"278.91"
"Incidence";"La Rioja";"Lung";"60-74";"Male";"2008";"335.41"
"Incidence";"La Rioja";"Lung";"60-74";"Male";"2009";"225.65"
"Incidence";"La Rioja";"Lung";"60-74";"Male";"2010";"274.91"
"Incidence";"La Rioja";"Lung";"60-74";"Male";"2011";"295.36"
"Incidence";"La Rioja";"Lung";"60-74";"Male";"2012";"244.92"
"Incidence";"La Rioja";"Lung";"60-74";"Male";"2013";"216.24"
"Incidence";"La Rioja";"Lung";"60-74";"Male";"2014";"222.63"
"Incidence";"La Rioja";"Lung";"60-74";"Male";"2015";"243.05"
"Incidence";"La Rioja";"Lung";"60-74";"Male";"2016";"242.50"
"Incidence";"La Rioja";"Lung";"60-74";"Male";"2017";"260.51"
"Incidence";"Canary Islands";"Lung";"75-85+";"Female";"1993";"34.81"
"Incidence";"Canary Islands";"Lung";"75-85+";"Female";"1994";"40.18"
"Incidence";"Canary Islands";"Lung";"75-85+";"Female";"1995";"69.38"
"Incidence";"Canary Islands";"Lung";"75-85+";"Female";"1996";"70.62"
"Incidence";"Canary Islands";"Lung";"75-85+";"Female";"1997";"64.06"
"Incidence";"Canary Islands";"Lung";"75-85+";"Female";"1998";"31.75"
"Incidence";"Canary Islands";"Lung";"75-85+";"Female";"1999";"50.78"
"Incidence";"Canary Islands";"Lung";"75-85+";"Female";"2000";"64.99"
"Incidence";"Canary Islands";"Lung";"75-85+";"Female";"2001";"39.81"
"Incidence";"Canary Islands";"Lung";"75-85+";"Female";"2002";"52.80"
"Incidence";"Canary Islands";"Lung";"75-85+";"Female";"2003";"50.55"
"Incidence";"Canary Islands";"Lung";"75-85+";"Female";"2004";"53.21"
"Incidence";"Canary Islands";"Lung";"75-85+";"Female";"2005";"70.56"
"Incidence";"Canary Islands";"Lung";"75-85+";"Female";"2006";"34.77"
"Incidence";"Canary Islands";"Lung";"75-85+";"Female";"2007";"50.33"
"Incidence";"Canary Islands";"Lung";"75-85+";"Female";"2008";"58.11"
"Incidence";"Canary Islands";"Lung";"75-85+";"Female";"2009";"63.45"
"Incidence";"Canary Islands";"Lung";"75-85+";"Female";"2010";"69.58"
"Incidence";"Canary Islands";"Lung";"75-85+";"Female";"2011";"84.85"
"Incidence";"Canary Islands";"Lung";"75-85+";"Female";"2012";"56.75"
"Incidence";"Canary Islands";"Lung";"75-85+";"Female";"2013";"65.86"
"Incidence";"Canary Islands";"Lung";"75-85+";"Female";"2014";"73.00"
"Incidence";"Canary Islands";"Lung";"75-85+";"Female";"2015";"74.27"
"Incidence";"Canary Islands";"Lung";"75-85+";"Female";"2016";"75.17"
"Incidence";"Canary Islands";"Lung";"75-85+";"Female";"2017";"94.88"
"Mortality";"Canary Islands";"Lung";"75-85+";"Male";"1993";"486.30"
"Mortality";"Canary Islands";"Lung";"75-85+";"Male";"1994";"421.84"
"Mortality";"Canary Islands";"Lung";"75-85+";"Male";"1995";"480.91"
"Mortality";"Canary Islands";"Lung";"75-85+";"Male";"1996";"451.22"
"Mortality";"Canary Islands";"Lung";"75-85+";"Male";"1997";"443.55"
"Mortality";"Canary Islands";"Lung";"75-85+";"Male";"1998";"432.97"
"Mortality";"Canary Islands";"Lung";"75-85+";"Male";"1999";"452.16"
"Mortality";"Canary Islands";"Lung";"75-85+";"Male";"2000";"461.70"
"Mortality";"Canary Islands";"Lung";"75-85+";"Male";"2001";"391.68"
"Mortality";"Canary Islands";"Lung";"75-85+";"Male";"2002";"405.66"
"Mortality";"Canary Islands";"Lung";"75-85+";"Male";"2003";"406.00"
"Mortality";"Canary Islands";"Lung";"75-85+";"Male";"2004";"393.45"
"Mortality";"Canary Islands";"Lung";"75-85+";"Male";"2005";"412.24"
"Mortality";"Canary Islands";"Lung";"75-85+";"Male";"2006";"378.32"
"Mortality";"Canary Islands";"Lung";"75-85+";"Male";"2007";"403.13"
"Mortality";"Canary Islands";"Lung";"75-85+";"Male";"2008";"394.17"
"Mortality";"Canary Islands";"Lung";"75-85+";"Male";"2009";"346.99"
"Mortality";"Canary Islands";"Lung";"75-85+";"Male";"2010";"423.09"
"Mortality";"Canary Islands";"Lung";"75-85+";"Male";"2011";"372.70"
"Mortality";"Canary Islands";"Lung";"75-85+";"Male";"2012";"384.42"
"Mortality";"Canary Islands";"Lung";"75-85+";"Male";"2013";"374.58"
"Mortality";"Canary Islands";"Lung";"75-85+";"Male";"2014";"377.89"
"Mortality";"Canary Islands";"Lung";"75-85+";"Male";"2015";"426.46"
"Mortality";"Canary Islands";"Lung";"75-85+";"Male";"2016";"408.46"
"Mortality";"Canary Islands";"Lung";"75-85+";"Male";"2017";"403.28"
"Mortality";"Canary Islands";"Lung";"75-85+";"Male";"2018";"423.48"
"Mortality";"Canary Islands";"Lung";"75-85+";"Male";"2019";"330.61"
"Mortality";"Canary Islands";"Lung";"75-85+";"Male";"2020";"315.81"
"Mortality";"Canary Islands";"Lung";"75-85+";"Male";"2021";"330.47"
"Incidence";"La Rioja";"Lung";"75-85+";"Male";"1993";"359.81"
"Incidence";"La Rioja";"Lung";"75-85+";"Male";"1994";"364.96"
"Incidence";"La Rioja";"Lung";"75-85+";"Male";"1995";"342.78"
"Incidence";"La Rioja";"Lung";"75-85+";"Male";"1996";"265.89"
"Incidence";"La Rioja";"Lung";"75-85+";"Male";"1997";"434.00"
"Incidence";"La Rioja";"Lung";"75-85+";"Male";"1998";"406.98"
"Incidence";"La Rioja";"Lung";"75-85+";"Male";"1999";"417.32"
"Incidence";"La Rioja";"Lung";"75-85+";"Male";"2000";"470.25"
"Incidence";"La Rioja";"Lung";"75-85+";"Male";"2001";"448.99"
"Incidence";"La Rioja";"Lung";"75-85+";"Male";"2002";"394.14"
"Incidence";"La Rioja";"Lung";"75-85+";"Male";"2003";"328.57"
"Incidence";"La Rioja";"Lung";"75-85+";"Male";"2004";"401.42"
"Incidence";"La Rioja";"Lung";"75-85+";"Male";"2005";"486.88"
"Incidence";"La Rioja";"Lung";"75-85+";"Male";"2006";"453.44"
"Incidence";"La Rioja";"Lung";"75-85+";"Male";"2007";"260.37"
"Incidence";"La Rioja";"Lung";"75-85+";"Male";"2008";"356.28"
"Incidence";"La Rioja";"Lung";"75-85+";"Male";"2009";"338.48"
"Incidence";"La Rioja";"Lung";"75-85+";"Male";"2010";"392.67"
"Incidence";"La Rioja";"Lung";"75-85+";"Male";"2011";"360.06"
"Incidence";"La Rioja";"Lung";"75-85+";"Male";"2012";"431.77"
"Incidence";"La Rioja";"Lung";"75-85+";"Male";"2013";"405.19"
"Incidence";"La Rioja";"Lung";"75-85+";"Male";"2014";"272.89"
"Incidence";"La Rioja";"Lung";"75-85+";"Male";"2015";"506.54"
"Incidence";"La Rioja";"Lung";"75-85+";"Male";"2016";"350.20"
"Incidence";"La Rioja";"Lung";"75-85+";"Male";"2017";"316.53"
"Incidence";"La Rioja";"Lung";"75-85+";"Female";"1993";"0.00"
"Incidence";"La Rioja";"Lung";"75-85+";"Female";"1994";"50.19"
"Incidence";"La Rioja";"Lung";"75-85+";"Female";"1995";"32.60"
"Incidence";"La Rioja";"Lung";"75-85+";"Female";"1996";"31.55"
"Incidence";"La Rioja";"Lung";"75-85+";"Female";"1997";"30.60"
"Incidence";"La Rioja";"Lung";"75-85+";"Female";"1998";"36.96"
"Incidence";"La Rioja";"Lung";"75-85+";"Female";"1999";"21.49"
"Incidence";"La Rioja";"Lung";"75-85+";"Female";"2000";"34.63"
"Incidence";"La Rioja";"Lung";"75-85+";"Female";"2001";"39.98"
"Incidence";"La Rioja";"Lung";"75-85+";"Female";"2002";"45.22"
"Incidence";"La Rioja";"Lung";"75-85+";"Female";"2003";"18.72"
"Incidence";"La Rioja";"Lung";"75-85+";"Female";"2004";"42.57"
"Incidence";"La Rioja";"Lung";"75-85+";"Female";"2005";"59.14"
"Incidence";"La Rioja";"Lung";"75-85+";"Female";"2006";"28.64"
"Incidence";"La Rioja";"Lung";"75-85+";"Female";"2007";"44.38"
"Incidence";"La Rioja";"Lung";"75-85+";"Female";"2008";"59.34"
"Incidence";"La Rioja";"Lung";"75-85+";"Female";"2009";"73.68"
"Incidence";"La Rioja";"Lung";"75-85+";"Female";"2010";"61.79"
"Incidence";"La Rioja";"Lung";"75-85+";"Female";"2011";"40.38"
"Incidence";"La Rioja";"Lung";"75-85+";"Female";"2012";"40.12"
"Incidence";"La Rioja";"Lung";"75-85+";"Female";"2013";"69.99"
"Incidence";"La Rioja";"Lung";"75-85+";"Female";"2014";"60.37"
"Incidence";"La Rioja";"Lung";"75-85+";"Female";"2015";"40.25"
"Incidence";"La Rioja";"Lung";"75-85+";"Female";"2016";"89.53"
"Incidence";"La Rioja";"Lung";"75-85+";"Female";"2017";"24.83"
"Mortality";"La Rioja";"Lung";"75-85+";"Female";"1993";"0.00"
"Mortality";"La Rioja";"Lung";"75-85+";"Female";"1994";"50.19"
"Mortality";"La Rioja";"Lung";"75-85+";"Female";"1995";"32.60"
"Mortality";"La Rioja";"Lung";"75-85+";"Female";"1996";"23.66"
"Mortality";"La Rioja";"Lung";"75-85+";"Female";"1997";"38.25"
"Mortality";"La Rioja";"Lung";"75-85+";"Female";"1998";"36.96"
"Mortality";"La Rioja";"Lung";"75-85+";"Female";"1999";"0.00"
"Mortality";"La Rioja";"Lung";"75-85+";"Female";"2000";"48.49"
"Mortality";"La Rioja";"Lung";"75-85+";"Female";"2001";"26.66"
"Mortality";"La Rioja";"Lung";"75-85+";"Female";"2002";"38.76"
"Mortality";"La Rioja";"Lung";"75-85+";"Female";"2003";"12.48"
"Mortality";"La Rioja";"Lung";"75-85+";"Female";"2004";"54.73"
"Mortality";"La Rioja";"Lung";"75-85+";"Female";"2005";"47.31"
"Mortality";"La Rioja";"Lung";"75-85+";"Female";"2006";"45.82"
"Mortality";"La Rioja";"Lung";"75-85+";"Female";"2007";"38.83"
"Mortality";"La Rioja";"Lung";"75-85+";"Female";"2008";"43.15"
"Mortality";"La Rioja";"Lung";"75-85+";"Female";"2009";"52.63"
"Mortality";"La Rioja";"Lung";"75-85+";"Female";"2010";"46.34"
"Mortality";"La Rioja";"Lung";"75-85+";"Female";"2011";"75.71"
"Mortality";"La Rioja";"Lung";"75-85+";"Female";"2012";"40.12"
"Mortality";"La Rioja";"Lung";"75-85+";"Female";"2013";"54.99"
"Mortality";"La Rioja";"Lung";"75-85+";"Female";"2014";"55.34"
"Mortality";"La Rioja";"Lung";"75-85+";"Female";"2015";"65.41"
"Mortality";"La Rioja";"Lung";"75-85+";"Female";"2016";"44.77"
"Mortality";"La Rioja";"Lung";"75-85+";"Female";"2017";"54.62"
"Mortality";"Canary Islands";"Lung";"75-85+";"Female";"1993";"41.14"
"Mortality";"Canary Islands";"Lung";"75-85+";"Female";"1994";"40.18"
"Mortality";"Canary Islands";"Lung";"75-85+";"Female";"1995";"96.53"
"Mortality";"Canary Islands";"Lung";"75-85+";"Female";"1996";"58.85"
"Mortality";"Canary Islands";"Lung";"75-85+";"Female";"1997";"52.92"
"Mortality";"Canary Islands";"Lung";"75-85+";"Female";"1998";"47.63"
"Mortality";"Canary Islands";"Lung";"75-85+";"Female";"1999";"48.25"
"Mortality";"Canary Islands";"Lung";"75-85+";"Female";"2000";"54.99"
"Mortality";"Canary Islands";"Lung";"75-85+";"Female";"2001";"51.52"
"Mortality";"Canary Islands";"Lung";"75-85+";"Female";"2002";"48.21"
"Mortality";"Canary Islands";"Lung";"75-85+";"Female";"2003";"59.34"
"Mortality";"Canary Islands";"Lung";"75-85+";"Female";"2004";"59.59"
"Mortality";"Canary Islands";"Lung";"75-85+";"Female";"2005";"64.51"
"Mortality";"Canary Islands";"Lung";"75-85+";"Female";"2006";"46.36"
"Mortality";"Canary Islands";"Lung";"75-85+";"Female";"2007";"41.01"
"Mortality";"Canary Islands";"Lung";"75-85+";"Female";"2008";"49.31"
"Mortality";"Canary Islands";"Lung";"75-85+";"Female";"2009";"55.10"
"Mortality";"Canary Islands";"Lung";"75-85+";"Female";"2010";"50.61"
"Mortality";"Canary Islands";"Lung";"75-85+";"Female";"2011";"81.82"
"Mortality";"Canary Islands";"Lung";"75-85+";"Female";"2012";"56.75"
"Mortality";"Canary Islands";"Lung";"75-85+";"Female";"2013";"78.75"
"Mortality";"Canary Islands";"Lung";"75-85+";"Female";"2014";"57.26"
"Mortality";"Canary Islands";"Lung";"75-85+";"Female";"2015";"75.70"
"Mortality";"Canary Islands";"Lung";"75-85+";"Female";"2016";"76.56"
"Mortality";"Canary Islands";"Lung";"75-85+";"Female";"2017";"86.63"
"Mortality";"Canary Islands";"Lung";"75-85+";"Female";"2018";"96.36"
"Mortality";"Canary Islands";"Lung";"75-85+";"Female";"2019";"86.03"
"Mortality";"Canary Islands";"Lung";"75-85+";"Female";"2020";"68.17"
"Mortality";"Canary Islands";"Lung";"75-85+";"Female";"2021";"75.85"
"Mortality";"La Rioja";"Lung";"75-85+";"Male";"1993";"345.97"
"Mortality";"La Rioja";"Lung";"75-85+";"Male";"1994";"405.52"
"Mortality";"La Rioja";"Lung";"75-85+";"Male";"1995";"435.07"
"Mortality";"La Rioja";"Lung";"75-85+";"Male";"1996";"354.52"
"Mortality";"La Rioja";"Lung";"75-85+";"Male";"1997";"253.16"
"Mortality";"La Rioja";"Lung";"75-85+";"Male";"1998";"395.35"
"Mortality";"La Rioja";"Lung";"75-85+";"Male";"1999";"383.49"
"Mortality";"La Rioja";"Lung";"75-85+";"Male";"2000";"415.57"
"Mortality";"La Rioja";"Lung";"75-85+";"Male";"2001";"334.13"
"Mortality";"La Rioja";"Lung";"75-85+";"Male";"2002";"414.35"
"Mortality";"La Rioja";"Lung";"75-85+";"Male";"2003";"367.22"
"Mortality";"La Rioja";"Lung";"75-85+";"Male";"2004";"317.40"
"Mortality";"La Rioja";"Lung";"75-85+";"Male";"2005";"468.85"
"Mortality";"La Rioja";"Lung";"75-85+";"Male";"2006";"444.72"
"Mortality";"La Rioja";"Lung";"75-85+";"Male";"2007";"251.97"
"Mortality";"La Rioja";"Lung";"75-85+";"Male";"2008";"348.18"
"Mortality";"La Rioja";"Lung";"75-85+";"Male";"2009";"338.48"
"Mortality";"La Rioja";"Lung";"75-85+";"Male";"2010";"361.87"
"Mortality";"La Rioja";"Lung";"75-85+";"Male";"2011";"337.56"
"Mortality";"La Rioja";"Lung";"75-85+";"Male";"2012";"431.77"
"Mortality";"La Rioja";"Lung";"75-85+";"Male";"2013";"442.71"
"Mortality";"La Rioja";"Lung";"75-85+";"Male";"2014";"295.63"
"Mortality";"La Rioja";"Lung";"75-85+";"Male";"2015";"400.70"
"Mortality";"La Rioja";"Lung";"75-85+";"Male";"2016";"350.20"
"Mortality";"La Rioja";"Lung";"75-85+";"Male";"2017";"272.36"
"Incidence";"Canary Islands";"Lung";"75-85+";"Male";"1993";"471.10"
"Incidence";"Canary Islands";"Lung";"75-85+";"Male";"1994";"431.76"
"Incidence";"Canary Islands";"Lung";"75-85+";"Male";"1995";"476.05"
"Incidence";"Canary Islands";"Lung";"75-85+";"Male";"1996";"484.47"
"Incidence";"Canary Islands";"Lung";"75-85+";"Male";"1997";"461.47"
"Incidence";"Canary Islands";"Lung";"75-85+";"Male";"1998";"449.95"
"Incidence";"Canary Islands";"Lung";"75-85+";"Male";"1999";"431.79"
"Incidence";"Canary Islands";"Lung";"75-85+";"Male";"2000";"425.57"
"Incidence";"Canary Islands";"Lung";"75-85+";"Male";"2001";"421.24"
"Incidence";"Canary Islands";"Lung";"75-85+";"Male";"2002";"409.25"
"Incidence";"Canary Islands";"Lung";"75-85+";"Male";"2003";"354.83"
"Incidence";"Canary Islands";"Lung";"75-85+";"Male";"2004";"439.74"
"Incidence";"Canary Islands";"Lung";"75-85+";"Male";"2005";"384.34"
"Incidence";"Canary Islands";"Lung";"75-85+";"Male";"2006";"407.87"
"Incidence";"Canary Islands";"Lung";"75-85+";"Male";"2007";"428.68"
"Incidence";"Canary Islands";"Lung";"75-85+";"Male";"2008";"412.69"
"Incidence";"Canary Islands";"Lung";"75-85+";"Male";"2009";"374.45"
"Incidence";"Canary Islands";"Lung";"75-85+";"Male";"2010";"514.26"
"Incidence";"Canary Islands";"Lung";"75-85+";"Male";"2011";"388.22"
"Incidence";"Canary Islands";"Lung";"75-85+";"Male";"2012";"378.05"
"Incidence";"Canary Islands";"Lung";"75-85+";"Male";"2013";"397.60"
"Incidence";"Canary Islands";"Lung";"75-85+";"Male";"2014";"407.61"
"Incidence";"Canary Islands";"Lung";"75-85+";"Male";"2015";"447.78"
"Incidence";"Canary Islands";"Lung";"75-85+";"Male";"2016";"422.97"
"Incidence";"Canary Islands";"Lung";"75-85+";"Male";"2017";"390.94"
"Incidence";"Girona";"Lung";"0-14";"Female";"1994";"0.00"
"Incidence";"Girona";"Lung";"0-14";"Female";"1995";"0.00"
"Incidence";"Girona";"Lung";"0-14";"Female";"1996";"0.00"
"Incidence";"Girona";"Lung";"0-14";"Female";"1997";"0.00"
"Incidence";"Girona";"Lung";"0-14";"Female";"1998";"0.00"
"Incidence";"Girona";"Lung";"0-14";"Female";"1999";"0.00"
"Incidence";"Girona";"Lung";"0-14";"Female";"2000";"0.00"
"Incidence";"Girona";"Lung";"0-14";"Female";"2001";"0.00"
"Incidence";"Girona";"Lung";"0-14";"Female";"2002";"0.00"
"Incidence";"Girona";"Lung";"0-14";"Female";"2003";"0.00"
"Incidence";"Girona";"Lung";"0-14";"Female";"2004";"0.00"
"Incidence";"Girona";"Lung";"0-14";"Female";"2005";"0.00"
"Incidence";"Girona";"Lung";"0-14";"Female";"2006";"0.00"
"Incidence";"Girona";"Lung";"0-14";"Female";"2007";"0.00"
"Incidence";"Girona";"Lung";"0-14";"Female";"2008";"0.00"
"Incidence";"Girona";"Lung";"0-14";"Female";"2009";"0.00"
"Incidence";"Girona";"Lung";"0-14";"Female";"2010";"0.00"
"Incidence";"Girona";"Lung";"0-14";"Female";"2011";"0.00"
"Incidence";"Girona";"Lung";"0-14";"Female";"2012";"0.00"
"Incidence";"Girona";"Lung";"0-14";"Female";"2013";"0.00"
"Incidence";"Girona";"Lung";"0-14";"Female";"2014";"0.00"
"Incidence";"Girona";"Lung";"0-14";"Female";"2015";"0.00"
"Incidence";"Girona";"Lung";"0-14";"Female";"2016";"0.00"
"Incidence";"Girona";"Lung";"0-14";"Female";"2017";"0.00"
"Incidence";"Girona";"Lung";"0-14";"Female";"2018";"0.00"
"Incidence";"Girona";"Lung";"0-14";"Female";"2019";"0.00"
"Incidence";"Girona";"Lung";"0-14";"Female";"2020";"0.00"
"Incidence";"Girona";"Lung";"0-14";"Male";"1994";"0.00"
"Incidence";"Girona";"Lung";"0-14";"Male";"1995";"0.00"
"Incidence";"Girona";"Lung";"0-14";"Male";"1996";"0.00"
"Incidence";"Girona";"Lung";"0-14";"Male";"1997";"2.38"
"Incidence";"Girona";"Lung";"0-14";"Male";"1998";"0.00"
"Incidence";"Girona";"Lung";"0-14";"Male";"1999";"0.00"
"Incidence";"Girona";"Lung";"0-14";"Male";"2000";"0.00"
"Incidence";"Girona";"Lung";"0-14";"Male";"2001";"0.00"
"Incidence";"Girona";"Lung";"0-14";"Male";"2002";"0.00"
"Incidence";"Girona";"Lung";"0-14";"Male";"2003";"0.00"
"Incidence";"Girona";"Lung";"0-14";"Male";"2004";"0.00"
"Incidence";"Girona";"Lung";"0-14";"Male";"2005";"0.00"
"Incidence";"Girona";"Lung";"0-14";"Male";"2006";"0.00"
"Incidence";"Girona";"Lung";"0-14";"Male";"2007";"0.00"
"Incidence";"Girona";"Lung";"0-14";"Male";"2008";"0.00"
"Incidence";"Girona";"Lung";"0-14";"Male";"2009";"0.00"
"Incidence";"Girona";"Lung";"0-14";"Male";"2010";"0.00"
"Incidence";"Girona";"Lung";"0-14";"Male";"2011";"0.00"
"Incidence";"Girona";"Lung";"0-14";"Male";"2012";"0.00"
"Incidence";"Girona";"Lung";"0-14";"Male";"2013";"0.00"
"Incidence";"Girona";"Lung";"0-14";"Male";"2014";"0.00"
"Incidence";"Girona";"Lung";"0-14";"Male";"2015";"0.00"
"Incidence";"Girona";"Lung";"0-14";"Male";"2016";"0.00"
"Incidence";"Girona";"Lung";"0-14";"Male";"2017";"0.00"
"Incidence";"Girona";"Lung";"0-14";"Male";"2018";"0.00"
"Incidence";"Girona";"Lung";"0-14";"Male";"2019";"0.00"
"Incidence";"Girona";"Lung";"0-14";"Male";"2020";"0.00"
"Incidence";"Girona";"Lung";"15-29";"Male";"1994";"0.00"
"Incidence";"Girona";"Lung";"15-29";"Male";"1995";"0.00"
"Incidence";"Girona";"Lung";"15-29";"Male";"1996";"0.00"
"Incidence";"Girona";"Lung";"15-29";"Male";"1997";"1.55"
"Incidence";"Girona";"Lung";"15-29";"Male";"1998";"0.00"
"Incidence";"Girona";"Lung";"15-29";"Male";"1999";"0.00"
"Incidence";"Girona";"Lung";"15-29";"Male";"2000";"0.00"
"Incidence";"Girona";"Lung";"15-29";"Male";"2001";"0.00"
"Incidence";"Girona";"Lung";"15-29";"Male";"2002";"0.00"
"Incidence";"Girona";"Lung";"15-29";"Male";"2003";"0.00"
"Incidence";"Girona";"Lung";"15-29";"Male";"2004";"0.00"
"Incidence";"Girona";"Lung";"15-29";"Male";"2005";"0.00"
"Incidence";"Girona";"Lung";"15-29";"Male";"2006";"0.00"
"Incidence";"Girona";"Lung";"15-29";"Male";"2007";"0.00"
"Incidence";"Girona";"Lung";"15-29";"Male";"2008";"1.38"
"Incidence";"Girona";"Lung";"15-29";"Male";"2009";"0.00"
"Incidence";"Girona";"Lung";"15-29";"Male";"2010";"0.00"
"Incidence";"Girona";"Lung";"15-29";"Male";"2011";"0.00"
"Incidence";"Girona";"Lung";"15-29";"Male";"2012";"0.00"
"Incidence";"Girona";"Lung";"15-29";"Male";"2013";"0.00"
"Incidence";"Girona";"Lung";"15-29";"Male";"2014";"0.00"
"Incidence";"Girona";"Lung";"15-29";"Male";"2015";"0.00"
"Incidence";"Girona";"Lung";"15-29";"Male";"2016";"0.00"
"Incidence";"Girona";"Lung";"15-29";"Male";"2017";"0.00"
"Incidence";"Girona";"Lung";"15-29";"Male";"2018";"0.00"
"Incidence";"Girona";"Lung";"15-29";"Male";"2019";"0.00"
"Incidence";"Girona";"Lung";"15-29";"Male";"2020";"0.00"
"Incidence";"Girona";"Lung";"15-29";"Female";"1994";"0.00"
"Incidence";"Girona";"Lung";"15-29";"Female";"1995";"0.00"
"Incidence";"Girona";"Lung";"15-29";"Female";"1996";"0.00"
"Incidence";"Girona";"Lung";"15-29";"Female";"1997";"1.63"
"Incidence";"Girona";"Lung";"15-29";"Female";"1998";"0.00"
"Incidence";"Girona";"Lung";"15-29";"Female";"1999";"0.00"
"Incidence";"Girona";"Lung";"15-29";"Female";"2000";"0.00"
"Incidence";"Girona";"Lung";"15-29";"Female";"2001";"0.00"
"Incidence";"Girona";"Lung";"15-29";"Female";"2002";"0.00"
"Incidence";"Girona";"Lung";"15-29";"Female";"2003";"1.64"
"Incidence";"Girona";"Lung";"15-29";"Female";"2004";"0.00"
"Incidence";"Girona";"Lung";"15-29";"Female";"2005";"0.00"
"Incidence";"Girona";"Lung";"15-29";"Female";"2006";"1.54"
"Incidence";"Girona";"Lung";"15-29";"Female";"2007";"0.00"
"Incidence";"Girona";"Lung";"15-29";"Female";"2008";"1.51"
"Incidence";"Girona";"Lung";"15-29";"Female";"2009";"0.00"
"Incidence";"Girona";"Lung";"15-29";"Female";"2010";"0.00"
"Incidence";"Girona";"Lung";"15-29";"Female";"2011";"0.00"
"Incidence";"Girona";"Lung";"15-29";"Female";"2012";"0.00"
"Incidence";"Girona";"Lung";"15-29";"Female";"2013";"0.00"
"Incidence";"Girona";"Lung";"15-29";"Female";"2014";"0.00"
"Incidence";"Girona";"Lung";"15-29";"Female";"2015";"0.00"
"Incidence";"Girona";"Lung";"15-29";"Female";"2016";"0.00"
"Incidence";"Girona";"Lung";"15-29";"Female";"2017";"0.00"
"Incidence";"Girona";"Lung";"15-29";"Female";"2018";"0.00"
"Incidence";"Girona";"Lung";"15-29";"Female";"2019";"1.70"
"Incidence";"Girona";"Lung";"15-29";"Female";"2020";"0.00"
"Incidence";"Girona";"Lung";"30-44";"Female";"1994";"5.29"
"Incidence";"Girona";"Lung";"30-44";"Female";"1995";"5.16"
"Incidence";"Girona";"Lung";"30-44";"Female";"1996";"1.68"
"Incidence";"Girona";"Lung";"30-44";"Female";"1997";"3.28"
"Incidence";"Girona";"Lung";"30-44";"Female";"1998";"3.21"
"Incidence";"Girona";"Lung";"30-44";"Female";"1999";"7.88"
"Incidence";"Girona";"Lung";"30-44";"Female";"2000";"4.64"
"Incidence";"Girona";"Lung";"30-44";"Female";"2001";"1.52"
"Incidence";"Girona";"Lung";"30-44";"Female";"2002";"7.33"
"Incidence";"Girona";"Lung";"30-44";"Female";"2003";"2.80"
"Incidence";"Girona";"Lung";"30-44";"Female";"2004";"5.36"
"Incidence";"Girona";"Lung";"30-44";"Female";"2005";"2.56"
"Incidence";"Girona";"Lung";"30-44";"Female";"2006";"7.36"
"Incidence";"Girona";"Lung";"30-44";"Female";"2007";"4.69"
"Incidence";"Girona";"Lung";"30-44";"Female";"2008";"0.00"
"Incidence";"Girona";"Lung";"30-44";"Female";"2009";"4.44"
"Incidence";"Girona";"Lung";"30-44";"Female";"2010";"2.20"
"Incidence";"Girona";"Lung";"30-44";"Female";"2011";"5.46"
"Incidence";"Girona";"Lung";"30-44";"Female";"2012";"3.30"
"Incidence";"Girona";"Lung";"30-44";"Female";"2013";"2.24"
"Incidence";"Girona";"Lung";"30-44";"Female";"2014";"1.14"
"Incidence";"Girona";"Lung";"30-44";"Female";"2015";"1.16"
"Incidence";"Girona";"Lung";"30-44";"Female";"2016";"3.55"
"Incidence";"Girona";"Lung";"30-44";"Female";"2017";"1.20"
"Incidence";"Girona";"Lung";"30-44";"Female";"2018";"4.88"
"Incidence";"Girona";"Lung";"30-44";"Female";"2019";"2.46"
"Incidence";"Girona";"Lung";"30-44";"Female";"2020";"3.73"
"Incidence";"Girona";"Lung";"30-44";"Male";"1994";"20.26"
"Incidence";"Girona";"Lung";"30-44";"Male";"1995";"8.21"
"Incidence";"Girona";"Lung";"30-44";"Male";"1996";"9.61"
"Incidence";"Girona";"Lung";"30-44";"Male";"1997";"9.41"
"Incidence";"Girona";"Lung";"30-44";"Male";"1998";"16.92"
"Incidence";"Girona";"Lung";"30-44";"Male";"1999";"10.56"
"Incidence";"Girona";"Lung";"30-44";"Male";"2000";"13.32"
"Incidence";"Girona";"Lung";"30-44";"Male";"2001";"11.61"
"Incidence";"Girona";"Lung";"30-44";"Male";"2002";"12.44"
"Incidence";"Girona";"Lung";"30-44";"Male";"2003";"5.20"
"Incidence";"Girona";"Lung";"30-44";"Male";"2004";"7.35"
"Incidence";"Girona";"Lung";"30-44";"Male";"2005";"4.56"
"Incidence";"Girona";"Lung";"30-44";"Male";"2006";"16.29"
"Incidence";"Girona";"Lung";"30-44";"Male";"2007";"4.11"
"Incidence";"Girona";"Lung";"30-44";"Male";"2008";"7.88"
"Incidence";"Girona";"Lung";"30-44";"Male";"2009";"4.87"
"Incidence";"Girona";"Lung";"30-44";"Male";"2010";"0.98"
"Incidence";"Girona";"Lung";"30-44";"Male";"2011";"5.92"
"Incidence";"Girona";"Lung";"30-44";"Male";"2012";"5.04"
"Incidence";"Girona";"Lung";"30-44";"Male";"2013";"5.21"
"Incidence";"Girona";"Lung";"30-44";"Male";"2014";"6.52"
"Incidence";"Girona";"Lung";"30-44";"Male";"2015";"6.73"
"Incidence";"Girona";"Lung";"30-44";"Male";"2016";"6.95"
"Incidence";"Girona";"Lung";"30-44";"Male";"2017";"2.38"
"Incidence";"Girona";"Lung";"30-44";"Male";"2018";"4.87"
"Incidence";"Girona";"Lung";"30-44";"Male";"2019";"6.18"
"Incidence";"Girona";"Lung";"30-44";"Male";"2020";"5.03"
"Incidence";"Girona";"Lung";"45-59";"Female";"1994";"14.41"
"Incidence";"Girona";"Lung";"45-59";"Female";"1995";"14.21"
"Incidence";"Girona";"Lung";"45-59";"Female";"1996";"4.66"
"Incidence";"Girona";"Lung";"45-59";"Female";"1997";"11.43"
"Incidence";"Girona";"Lung";"45-59";"Female";"1998";"11.08"
"Incidence";"Girona";"Lung";"45-59";"Female";"1999";"10.61"
"Incidence";"Girona";"Lung";"45-59";"Female";"2000";"6.15"
"Incidence";"Girona";"Lung";"45-59";"Female";"2001";"15.95"
"Incidence";"Girona";"Lung";"45-59";"Female";"2002";"9.53"
"Incidence";"Girona";"Lung";"45-59";"Female";"2003";"19.90"
"Incidence";"Girona";"Lung";"45-59";"Female";"2004";"13.81"
"Incidence";"Girona";"Lung";"45-59";"Female";"2005";"14.83"
"Incidence";"Girona";"Lung";"45-59";"Female";"2006";"28.48"
"Incidence";"Girona";"Lung";"45-59";"Female";"2007";"24.33"
"Incidence";"Girona";"Lung";"45-59";"Female";"2008";"27.99"
"Incidence";"Girona";"Lung";"45-59";"Female";"2009";"27.29"
"Incidence";"Girona";"Lung";"45-59";"Female";"2010";"25.21"
"Incidence";"Girona";"Lung";"45-59";"Female";"2011";"30.06"
"Incidence";"Girona";"Lung";"45-59";"Female";"2012";"26.78"
"Incidence";"Girona";"Lung";"45-59";"Female";"2013";"39.60"
"Incidence";"Girona";"Lung";"45-59";"Female";"2014";"31.31"
"Incidence";"Girona";"Lung";"45-59";"Female";"2015";"43.76"
"Incidence";"Girona";"Lung";"45-59";"Female";"2016";"34.23"
"Incidence";"Girona";"Lung";"45-59";"Female";"2017";"33.65"
"Incidence";"Girona";"Lung";"45-59";"Female";"2018";"28.24"
"Incidence";"Girona";"Lung";"45-59";"Female";"2019";"30.15"
"Incidence";"Girona";"Lung";"45-59";"Female";"2020";"41.40"
"Incidence";"Girona";"Lung";"45-59";"Male";"1994";"95.77"
"Incidence";"Girona";"Lung";"45-59";"Male";"1995";"91.98"
"Incidence";"Girona";"Lung";"45-59";"Male";"1996";"106.31"
"Incidence";"Girona";"Lung";"45-59";"Male";"1997";"70.78"
"Incidence";"Girona";"Lung";"45-59";"Male";"1998";"93.98"
"Incidence";"Girona";"Lung";"45-59";"Male";"1999";"138.81"
"Incidence";"Girona";"Lung";"45-59";"Male";"2000";"108.33"
"Incidence";"Girona";"Lung";"45-59";"Male";"2001";"113.00"
"Incidence";"Girona";"Lung";"45-59";"Male";"2002";"95.21"
"Incidence";"Girona";"Lung";"45-59";"Male";"2003";"116.61"
"Incidence";"Girona";"Lung";"45-59";"Male";"2004";"97.92"
"Incidence";"Girona";"Lung";"45-59";"Male";"2005";"104.29"
"Incidence";"Girona";"Lung";"45-59";"Male";"2006";"86.29"
"Incidence";"Girona";"Lung";"45-59";"Male";"2007";"88.29"
"Incidence";"Girona";"Lung";"45-59";"Male";"2008";"81.13"
"Incidence";"Girona";"Lung";"45-59";"Male";"2009";"58.71"
"Incidence";"Girona";"Lung";"45-59";"Male";"2010";"71.78"
"Incidence";"Girona";"Lung";"45-59";"Male";"2011";"73.70"
"Incidence";"Girona";"Lung";"45-59";"Male";"2012";"82.40"
"Incidence";"Girona";"Lung";"45-59";"Male";"2013";"70.32"
"Incidence";"Girona";"Lung";"45-59";"Male";"2014";"69.79"
"Incidence";"Girona";"Lung";"45-59";"Male";"2015";"61.54"
"Incidence";"Girona";"Lung";"45-59";"Male";"2016";"56.95"
"Incidence";"Girona";"Lung";"45-59";"Male";"2017";"56.10"
"Incidence";"Girona";"Lung";"45-59";"Male";"2018";"64.94"
"Incidence";"Girona";"Lung";"45-59";"Male";"2019";"62.84"
"Incidence";"Girona";"Lung";"45-59";"Male";"2020";"42.30"
"Incidence";"Girona";"Lung";"60-74";"Female";"1994";"21.32"
"Incidence";"Girona";"Lung";"60-74";"Female";"1995";"28.11"
"Incidence";"Girona";"Lung";"60-74";"Female";"1996";"13.97"
"Incidence";"Girona";"Lung";"60-74";"Female";"1997";"20.88"
"Incidence";"Girona";"Lung";"60-74";"Female";"1998";"34.99"
"Incidence";"Girona";"Lung";"60-74";"Female";"1999";"33.31"
"Incidence";"Girona";"Lung";"60-74";"Female";"2000";"21.61"
"Incidence";"Girona";"Lung";"60-74";"Female";"2001";"28.82"
"Incidence";"Girona";"Lung";"60-74";"Female";"2002";"23.99"
"Incidence";"Girona";"Lung";"60-74";"Female";"2003";"42.73"
"Incidence";"Girona";"Lung";"60-74";"Female";"2004";"30.38"
"Incidence";"Girona";"Lung";"60-74";"Female";"2005";"36.78"
"Incidence";"Girona";"Lung";"60-74";"Female";"2006";"45.33"
"Incidence";"Girona";"Lung";"60-74";"Female";"2007";"46.72"
"Incidence";"Girona";"Lung";"60-74";"Female";"2008";"43.57"
"Incidence";"Girona";"Lung";"60-74";"Female";"2009";"44.92"
"Incidence";"Girona";"Lung";"60-74";"Female";"2010";"63.21"
"Incidence";"Girona";"Lung";"60-74";"Female";"2011";"37.32"
"Incidence";"Girona";"Lung";"60-74";"Female";"2012";"42.77"
"Incidence";"Girona";"Lung";"60-74";"Female";"2013";"63.61"
"Incidence";"Girona";"Lung";"60-74";"Female";"2014";"51.96"
"Incidence";"Girona";"Lung";"60-74";"Female";"2015";"78.48"
"Incidence";"Girona";"Lung";"60-74";"Female";"2016";"67.45"
"Incidence";"Girona";"Lung";"60-74";"Female";"2017";"65.30"
"Incidence";"Girona";"Lung";"60-74";"Female";"2018";"85.68"
"Incidence";"Girona";"Lung";"60-74";"Female";"2019";"96.64"
"Incidence";"Girona";"Lung";"60-74";"Female";"2020";"94.01"
"Incidence";"Girona";"Lung";"60-74";"Male";"1994";"365.52"
"Incidence";"Girona";"Lung";"60-74";"Male";"1995";"355.70"
"Incidence";"Girona";"Lung";"60-74";"Male";"1996";"349.81"
"Incidence";"Girona";"Lung";"60-74";"Male";"1997";"319.71"
"Incidence";"Girona";"Lung";"60-74";"Male";"1998";"334.97"
"Incidence";"Girona";"Lung";"60-74";"Male";"1999";"331.55"
"Incidence";"Girona";"Lung";"60-74";"Male";"2000";"331.03"
"Incidence";"Girona";"Lung";"60-74";"Male";"2001";"384.67"
"Incidence";"Girona";"Lung";"60-74";"Male";"2002";"304.02"
"Incidence";"Girona";"Lung";"60-74";"Male";"2003";"286.07"
"Incidence";"Girona";"Lung";"60-74";"Male";"2004";"343.49"
"Incidence";"Girona";"Lung";"60-74";"Male";"2005";"339.80"
"Incidence";"Girona";"Lung";"60-74";"Male";"2006";"344.30"
"Incidence";"Girona";"Lung";"60-74";"Male";"2007";"260.42"
"Incidence";"Girona";"Lung";"60-74";"Male";"2008";"327.42"
"Incidence";"Girona";"Lung";"60-74";"Male";"2009";"275.30"
"Incidence";"Girona";"Lung";"60-74";"Male";"2010";"305.64"
"Incidence";"Girona";"Lung";"60-74";"Male";"2011";"271.94"
"Incidence";"Girona";"Lung";"60-74";"Male";"2012";"337.80"
"Incidence";"Girona";"Lung";"60-74";"Male";"2013";"336.49"
"Incidence";"Girona";"Lung";"60-74";"Male";"2014";"276.87"
"Incidence";"Girona";"Lung";"60-74";"Male";"2015";"263.08"
"Incidence";"Girona";"Lung";"60-74";"Male";"2016";"287.13"
"Incidence";"Girona";"Lung";"60-74";"Male";"2017";"273.36"
"Incidence";"Girona";"Lung";"60-74";"Male";"2018";"321.66"
"Incidence";"Girona";"Lung";"60-74";"Male";"2019";"292.67"
"Incidence";"Girona";"Lung";"60-74";"Male";"2020";"281.52"
"Incidence";"Girona";"Lung";"75-85+";"Female";"1994";"74.61"
"Incidence";"Girona";"Lung";"75-85+";"Female";"1995";"22.63"
"Incidence";"Girona";"Lung";"75-85+";"Female";"1996";"56.54"
"Incidence";"Girona";"Lung";"75-85+";"Female";"1997";"46.22"
"Incidence";"Girona";"Lung";"75-85+";"Female";"1998";"20.26"
"Incidence";"Girona";"Lung";"75-85+";"Female";"1999";"27.51"
"Incidence";"Girona";"Lung";"75-85+";"Female";"2000";"15.16"
"Incidence";"Girona";"Lung";"75-85+";"Female";"2001";"29.05"
"Incidence";"Girona";"Lung";"75-85+";"Female";"2002";"45.63"
"Incidence";"Girona";"Lung";"75-85+";"Female";"2003";"67.66"
"Incidence";"Girona";"Lung";"75-85+";"Female";"2004";"36.01"
"Incidence";"Girona";"Lung";"75-85+";"Female";"2005";"37.90"
"Incidence";"Girona";"Lung";"75-85+";"Female";"2006";"27.33"
"Incidence";"Girona";"Lung";"75-85+";"Female";"2007";"55.78"
"Incidence";"Girona";"Lung";"75-85+";"Female";"2008";"39.87"
"Incidence";"Girona";"Lung";"75-85+";"Female";"2009";"49.99"
"Incidence";"Girona";"Lung";"75-85+";"Female";"2010";"54.23"
"Incidence";"Girona";"Lung";"75-85+";"Female";"2011";"50.14"
"Incidence";"Girona";"Lung";"75-85+";"Female";"2012";"49.24"
"Incidence";"Girona";"Lung";"75-85+";"Female";"2013";"46.41"
"Incidence";"Girona";"Lung";"75-85+";"Female";"2014";"54.63"
"Incidence";"Girona";"Lung";"75-85+";"Female";"2015";"51.95"
"Incidence";"Girona";"Lung";"75-85+";"Female";"2016";"56.35"
"Incidence";"Girona";"Lung";"75-85+";"Female";"2017";"71.36"
"Incidence";"Girona";"Lung";"75-85+";"Female";"2018";"60.89"
"Incidence";"Girona";"Lung";"75-85+";"Female";"2019";"75.09"
"Incidence";"Girona";"Lung";"75-85+";"Female";"2020";"86.46"
"Incidence";"Girona";"Lung";"75-85+";"Male";"1994";"430.06"
"Incidence";"Girona";"Lung";"75-85+";"Male";"1995";"286.64"
"Incidence";"Girona";"Lung";"75-85+";"Male";"1996";"453.40"
"Incidence";"Girona";"Lung";"75-85+";"Male";"1997";"419.97"
"Incidence";"Girona";"Lung";"75-85+";"Male";"1998";"496.78"
"Incidence";"Girona";"Lung";"75-85+";"Male";"1999";"476.31"
"Incidence";"Girona";"Lung";"75-85+";"Male";"2000";"557.05"
"Incidence";"Girona";"Lung";"75-85+";"Male";"2001";"394.08"
"Incidence";"Girona";"Lung";"75-85+";"Male";"2002";"422.90"
"Incidence";"Girona";"Lung";"75-85+";"Male";"2003";"482.29"
"Incidence";"Girona";"Lung";"75-85+";"Male";"2004";"443.32"
"Incidence";"Girona";"Lung";"75-85+";"Male";"2005";"523.81"
"Incidence";"Girona";"Lung";"75-85+";"Male";"2006";"470.05"
"Incidence";"Girona";"Lung";"75-85+";"Male";"2007";"435.63"
"Incidence";"Girona";"Lung";"75-85+";"Male";"2008";"436.51"
"Incidence";"Girona";"Lung";"75-85+";"Male";"2009";"436.08"
"Incidence";"Girona";"Lung";"75-85+";"Male";"2010";"473.40"
"Incidence";"Girona";"Lung";"75-85+";"Male";"2011";"428.51"
"Incidence";"Girona";"Lung";"75-85+";"Male";"2012";"404.94"
"Incidence";"Girona";"Lung";"75-85+";"Male";"2013";"474.48"
"Incidence";"Girona";"Lung";"75-85+";"Male";"2014";"417.84"
"Incidence";"Girona";"Lung";"75-85+";"Male";"2015";"389.32"
"Incidence";"Girona";"Lung";"75-85+";"Male";"2016";"442.36"
"Incidence";"Girona";"Lung";"75-85+";"Male";"2017";"445.61"
"Incidence";"Girona";"Lung";"75-85+";"Male";"2018";"491.43"
"Incidence";"Girona";"Lung";"75-85+";"Male";"2019";"419.56"
"Incidence";"Girona";"Lung";"75-85+";"Male";"2020";"393.81"
"Mortality";"Basque Country";"Lung";"0-14";"Female";"1999";"0.00"
"Mortality";"Basque Country";"Lung";"0-14";"Female";"2000";"0.00"
"Mortality";"Basque Country";"Lung";"0-14";"Female";"2001";"0.00"
"Mortality";"Basque Country";"Lung";"0-14";"Female";"2002";"0.00"
"Mortality";"Basque Country";"Lung";"0-14";"Female";"2003";"0.00"
"Mortality";"Basque Country";"Lung";"0-14";"Female";"2004";"0.00"
"Mortality";"Basque Country";"Lung";"0-14";"Female";"2005";"0.00"
"Mortality";"Basque Country";"Lung";"0-14";"Female";"2006";"0.00"
"Mortality";"Basque Country";"Lung";"0-14";"Female";"2007";"0.00"
"Mortality";"Basque Country";"Lung";"0-14";"Female";"2008";"0.00"
"Mortality";"Basque Country";"Lung";"0-14";"Female";"2009";"0.00"
"Mortality";"Basque Country";"Lung";"0-14";"Female";"2010";"0.00"
"Mortality";"Basque Country";"Lung";"0-14";"Female";"2011";"0.00"
"Mortality";"Basque Country";"Lung";"0-14";"Female";"2012";"0.00"
"Mortality";"Basque Country";"Lung";"0-14";"Female";"2013";"0.00"
"Mortality";"Basque Country";"Lung";"0-14";"Female";"2014";"0.00"
"Mortality";"Basque Country";"Lung";"0-14";"Female";"2015";"0.00"
"Mortality";"Basque Country";"Lung";"0-14";"Female";"2016";"0.00"
"Mortality";"Basque Country";"Lung";"0-14";"Female";"2017";"0.00"
"Mortality";"Basque Country";"Lung";"0-14";"Female";"2018";"0.00"
"Mortality";"Basque Country";"Lung";"0-14";"Female";"2019";"0.00"
"Mortality";"Navarra";"Lung";"0-14";"Female";"1999";"0.00"
"Mortality";"Navarra";"Lung";"0-14";"Female";"2000";"0.00"
"Mortality";"Navarra";"Lung";"0-14";"Female";"2001";"0.00"
"Mortality";"Navarra";"Lung";"0-14";"Female";"2002";"0.00"
"Mortality";"Navarra";"Lung";"0-14";"Female";"2003";"0.00"
"Mortality";"Navarra";"Lung";"0-14";"Female";"2004";"0.00"
"Mortality";"Navarra";"Lung";"0-14";"Female";"2005";"0.00"
"Mortality";"Navarra";"Lung";"0-14";"Female";"2006";"0.00"
"Mortality";"Navarra";"Lung";"0-14";"Female";"2007";"0.00"
"Mortality";"Navarra";"Lung";"0-14";"Female";"2008";"0.00"
"Mortality";"Navarra";"Lung";"0-14";"Female";"2009";"0.00"
"Mortality";"Navarra";"Lung";"0-14";"Female";"2010";"0.00"
"Mortality";"Navarra";"Lung";"0-14";"Female";"2011";"0.00"
"Mortality";"Navarra";"Lung";"0-14";"Female";"2012";"0.00"
"Mortality";"Navarra";"Lung";"0-14";"Female";"2013";"0.00"
"Mortality";"Navarra";"Lung";"0-14";"Female";"2014";"0.00"
"Mortality";"Navarra";"Lung";"0-14";"Female";"2015";"0.00"
"Mortality";"Navarra";"Lung";"0-14";"Female";"2016";"0.00"
"Mortality";"Navarra";"Lung";"0-14";"Female";"2017";"0.00"
"Mortality";"Navarra";"Lung";"0-14";"Female";"2018";"0.00"
"Mortality";"Navarra";"Lung";"0-14";"Female";"2019";"0.00"
"Mortality";"Navarra";"Lung";"0-14";"Female";"2020";"0.00"
"Mortality";"Basque Country";"Lung";"0-14";"Male";"1999";"0.00"
"Mortality";"Basque Country";"Lung";"0-14";"Male";"2000";"0.00"
"Mortality";"Basque Country";"Lung";"0-14";"Male";"2001";"0.00"
"Mortality";"Basque Country";"Lung";"0-14";"Male";"2002";"0.00"
"Mortality";"Basque Country";"Lung";"0-14";"Male";"2003";"0.00"
"Mortality";"Basque Country";"Lung";"0-14";"Male";"2004";"0.00"
"Mortality";"Basque Country";"Lung";"0-14";"Male";"2005";"0.00"
"Mortality";"Basque Country";"Lung";"0-14";"Male";"2006";"0.00"
"Mortality";"Basque Country";"Lung";"0-14";"Male";"2007";"0.00"
"Mortality";"Basque Country";"Lung";"0-14";"Male";"2008";"0.00"
"Mortality";"Basque Country";"Lung";"0-14";"Male";"2009";"0.00"
"Mortality";"Basque Country";"Lung";"0-14";"Male";"2010";"0.00"
"Mortality";"Basque Country";"Lung";"0-14";"Male";"2011";"0.00"
"Mortality";"Basque Country";"Lung";"0-14";"Male";"2012";"0.00"
"Mortality";"Basque Country";"Lung";"0-14";"Male";"2013";"0.00"
"Mortality";"Basque Country";"Lung";"0-14";"Male";"2014";"0.00"
"Mortality";"Basque Country";"Lung";"0-14";"Male";"2015";"0.00"
"Mortality";"Basque Country";"Lung";"0-14";"Male";"2016";"0.00"
"Mortality";"Basque Country";"Lung";"0-14";"Male";"2017";"0.00"
"Mortality";"Basque Country";"Lung";"0-14";"Male";"2018";"0.00"
"Mortality";"Basque Country";"Lung";"0-14";"Male";"2019";"0.00"
"Mortality";"Tarragona";"Lung";"0-14";"Female";"1999";"0.00"
"Mortality";"Tarragona";"Lung";"0-14";"Female";"2000";"0.00"
"Mortality";"Tarragona";"Lung";"0-14";"Female";"2001";"0.00"
"Mortality";"Tarragona";"Lung";"0-14";"Female";"2002";"0.00"
"Mortality";"Tarragona";"Lung";"0-14";"Female";"2003";"0.00"
"Mortality";"Tarragona";"Lung";"0-14";"Female";"2004";"0.00"
"Mortality";"Tarragona";"Lung";"0-14";"Female";"2005";"0.00"
"Mortality";"Tarragona";"Lung";"0-14";"Female";"2006";"0.00"
"Mortality";"Tarragona";"Lung";"0-14";"Female";"2007";"0.00"
"Mortality";"Tarragona";"Lung";"0-14";"Female";"2008";"0.00"
"Mortality";"Tarragona";"Lung";"0-14";"Female";"2009";"0.00"
"Mortality";"Tarragona";"Lung";"0-14";"Female";"2010";"0.00"
"Mortality";"Tarragona";"Lung";"0-14";"Female";"2011";"0.00"
"Mortality";"Tarragona";"Lung";"0-14";"Female";"2012";"0.00"
"Mortality";"Tarragona";"Lung";"0-14";"Female";"2013";"0.00"
"Mortality";"Tarragona";"Lung";"0-14";"Female";"2014";"0.00"
"Mortality";"Tarragona";"Lung";"0-14";"Female";"2015";"0.00"
"Mortality";"Tarragona";"Lung";"0-14";"Female";"2016";"0.00"
"Mortality";"Tarragona";"Lung";"0-14";"Female";"2017";"0.00"
"Mortality";"Tarragona";"Lung";"0-14";"Female";"2018";"0.00"
"Mortality";"Tarragona";"Lung";"0-14";"Female";"2019";"0.00"
"Mortality";"Balearic Islands";"Lung";"0-14";"Male";"1999";"0.00"
"Mortality";"Balearic Islands";"Lung";"0-14";"Male";"2000";"0.00"
"Mortality";"Balearic Islands";"Lung";"0-14";"Male";"2001";"0.00"
"Mortality";"Balearic Islands";"Lung";"0-14";"Male";"2002";"0.00"
"Mortality";"Balearic Islands";"Lung";"0-14";"Male";"2003";"0.00"
"Mortality";"Balearic Islands";"Lung";"0-14";"Male";"2004";"0.00"
"Mortality";"Balearic Islands";"Lung";"0-14";"Male";"2005";"0.00"
"Mortality";"Balearic Islands";"Lung";"0-14";"Male";"2006";"0.00"
"Mortality";"Balearic Islands";"Lung";"0-14";"Male";"2007";"0.00"
"Mortality";"Balearic Islands";"Lung";"0-14";"Male";"2008";"0.00"
"Mortality";"Balearic Islands";"Lung";"0-14";"Male";"2009";"0.00"
"Mortality";"Balearic Islands";"Lung";"0-14";"Male";"2010";"0.00"
"Mortality";"Balearic Islands";"Lung";"0-14";"Male";"2011";"0.00"
"Mortality";"Balearic Islands";"Lung";"0-14";"Female";"1999";"0.00"
"Mortality";"Balearic Islands";"Lung";"0-14";"Female";"2000";"0.00"
"Mortality";"Balearic Islands";"Lung";"0-14";"Female";"2001";"0.00"
"Mortality";"Balearic Islands";"Lung";"0-14";"Female";"2002";"0.00"
"Mortality";"Balearic Islands";"Lung";"0-14";"Female";"2003";"0.00"
"Mortality";"Balearic Islands";"Lung";"0-14";"Female";"2004";"0.00"
"Mortality";"Balearic Islands";"Lung";"0-14";"Female";"2005";"0.00"
"Mortality";"Balearic Islands";"Lung";"0-14";"Female";"2006";"0.00"
"Mortality";"Balearic Islands";"Lung";"0-14";"Female";"2007";"0.00"
"Mortality";"Balearic Islands";"Lung";"0-14";"Female";"2008";"0.00"
"Mortality";"Balearic Islands";"Lung";"0-14";"Female";"2009";"0.00"
"Mortality";"Balearic Islands";"Lung";"0-14";"Female";"2010";"0.00"
"Mortality";"Balearic Islands";"Lung";"0-14";"Female";"2011";"0.00"
"Mortality";"Murcia";"Lung";"0-14";"Male";"1999";"0.00"
"Mortality";"Murcia";"Lung";"0-14";"Male";"2000";"0.00"
"Mortality";"Murcia";"Lung";"0-14";"Male";"2001";"0.00"
"Mortality";"Murcia";"Lung";"0-14";"Male";"2002";"0.00"
"Mortality";"Murcia";"Lung";"0-14";"Male";"2003";"0.00"
"Mortality";"Murcia";"Lung";"0-14";"Male";"2004";"0.00"
"Mortality";"Murcia";"Lung";"0-14";"Male";"2005";"0.00"
"Mortality";"Murcia";"Lung";"0-14";"Male";"2006";"0.00"
"Mortality";"Murcia";"Lung";"0-14";"Male";"2007";"0.00"
"Mortality";"Murcia";"Lung";"0-14";"Male";"2008";"0.00"
"Mortality";"Murcia";"Lung";"0-14";"Male";"2009";"0.00"
"Mortality";"Murcia";"Lung";"0-14";"Male";"2010";"0.00"
"Mortality";"Murcia";"Lung";"0-14";"Male";"2011";"0.00"
"Mortality";"Murcia";"Lung";"0-14";"Male";"2012";"0.00"
"Mortality";"Murcia";"Lung";"0-14";"Male";"2013";"0.00"
"Mortality";"Murcia";"Lung";"0-14";"Male";"2014";"0.00"
"Mortality";"Murcia";"Lung";"0-14";"Male";"2015";"0.00"
"Mortality";"Murcia";"Lung";"0-14";"Male";"2016";"0.00"
"Mortality";"Murcia";"Lung";"0-14";"Male";"2017";"0.00"
"Mortality";"Murcia";"Lung";"0-14";"Male";"2018";"0.00"
"Mortality";"Murcia";"Lung";"0-14";"Male";"2019";"0.00"
"Mortality";"Murcia";"Lung";"0-14";"Male";"2020";"0.00"
"Mortality";"Girona";"Lung";"0-14";"Male";"1999";"0.00"
"Mortality";"Girona";"Lung";"0-14";"Male";"2000";"0.00"
"Mortality";"Girona";"Lung";"0-14";"Male";"2001";"0.00"
"Mortality";"Girona";"Lung";"0-14";"Male";"2002";"0.00"
"Mortality";"Girona";"Lung";"0-14";"Male";"2003";"0.00"
"Mortality";"Girona";"Lung";"0-14";"Male";"2004";"0.00"
"Mortality";"Girona";"Lung";"0-14";"Male";"2005";"0.00"
"Mortality";"Girona";"Lung";"0-14";"Male";"2006";"0.00"
"Mortality";"Girona";"Lung";"0-14";"Male";"2007";"0.00"
"Mortality";"Girona";"Lung";"0-14";"Male";"2008";"0.00"
"Mortality";"Girona";"Lung";"0-14";"Male";"2009";"1.66"
"Mortality";"Girona";"Lung";"0-14";"Male";"2010";"0.00"
"Mortality";"Girona";"Lung";"0-14";"Male";"2011";"0.00"
"Mortality";"Girona";"Lung";"0-14";"Male";"2012";"0.00"
"Mortality";"Girona";"Lung";"0-14";"Male";"2013";"0.00"
"Mortality";"Girona";"Lung";"0-14";"Male";"2014";"0.00"
"Mortality";"Girona";"Lung";"0-14";"Male";"2015";"0.00"
"Mortality";"Girona";"Lung";"0-14";"Male";"2016";"0.00"
"Mortality";"Girona";"Lung";"0-14";"Male";"2017";"0.00"
"Mortality";"Girona";"Lung";"0-14";"Male";"2018";"0.00"
"Mortality";"Girona";"Lung";"0-14";"Male";"2019";"0.00"
"Mortality";"Girona";"Lung";"0-14";"Female";"1999";"0.00"
"Mortality";"Girona";"Lung";"0-14";"Female";"2000";"0.00"
"Mortality";"Girona";"Lung";"0-14";"Female";"2001";"0.00"
"Mortality";"Girona";"Lung";"0-14";"Female";"2002";"0.00"
"Mortality";"Girona";"Lung";"0-14";"Female";"2003";"0.00"
"Mortality";"Girona";"Lung";"0-14";"Female";"2004";"0.00"
"Mortality";"Girona";"Lung";"0-14";"Female";"2005";"0.00"
"Mortality";"Girona";"Lung";"0-14";"Female";"2006";"0.00"
"Mortality";"Girona";"Lung";"0-14";"Female";"2007";"0.00"
"Mortality";"Girona";"Lung";"0-14";"Female";"2008";"0.00"
"Mortality";"Girona";"Lung";"0-14";"Female";"2009";"0.00"
"Mortality";"Girona";"Lung";"0-14";"Female";"2010";"0.00"
"Mortality";"Girona";"Lung";"0-14";"Female";"2011";"0.00"
"Mortality";"Girona";"Lung";"0-14";"Female";"2012";"0.00"
"Mortality";"Girona";"Lung";"0-14";"Female";"2013";"0.00"
"Mortality";"Girona";"Lung";"0-14";"Female";"2014";"0.00"
"Mortality";"Girona";"Lung";"0-14";"Female";"2015";"0.00"
"Mortality";"Girona";"Lung";"0-14";"Female";"2016";"0.00"
"Mortality";"Girona";"Lung";"0-14";"Female";"2017";"0.00"
"Mortality";"Girona";"Lung";"0-14";"Female";"2018";"0.00"
"Mortality";"Girona";"Lung";"0-14";"Female";"2019";"0.00"
"Mortality";"Murcia";"Lung";"0-14";"Female";"1999";"0.00"
"Mortality";"Murcia";"Lung";"0-14";"Female";"2000";"0.00"
"Mortality";"Murcia";"Lung";"0-14";"Female";"2001";"0.00"
"Mortality";"Murcia";"Lung";"0-14";"Female";"2002";"0.00"
"Mortality";"Murcia";"Lung";"0-14";"Female";"2003";"0.00"
"Mortality";"Murcia";"Lung";"0-14";"Female";"2004";"0.00"
"Mortality";"Murcia";"Lung";"0-14";"Female";"2005";"0.00"
"Mortality";"Murcia";"Lung";"0-14";"Female";"2006";"0.00"
"Mortality";"Murcia";"Lung";"0-14";"Female";"2007";"0.00"
"Mortality";"Murcia";"Lung";"0-14";"Female";"2008";"0.00"
"Mortality";"Murcia";"Lung";"0-14";"Female";"2009";"0.00"
"Mortality";"Murcia";"Lung";"0-14";"Female";"2010";"0.00"
"Mortality";"Murcia";"Lung";"0-14";"Female";"2011";"0.00"
"Mortality";"Murcia";"Lung";"0-14";"Female";"2012";"0.00"
"Mortality";"Murcia";"Lung";"0-14";"Female";"2013";"0.00"
"Mortality";"Murcia";"Lung";"0-14";"Female";"2014";"0.00"
"Mortality";"Murcia";"Lung";"0-14";"Female";"2015";"0.00"
"Mortality";"Murcia";"Lung";"0-14";"Female";"2016";"0.00"
"Mortality";"Murcia";"Lung";"0-14";"Female";"2017";"0.00"
"Mortality";"Murcia";"Lung";"0-14";"Female";"2018";"0.00"
"Mortality";"Murcia";"Lung";"0-14";"Female";"2019";"0.00"
"Mortality";"Murcia";"Lung";"0-14";"Female";"2020";"0.00"
"Mortality";"Tarragona";"Lung";"0-14";"Male";"1999";"0.00"
"Mortality";"Tarragona";"Lung";"0-14";"Male";"2000";"0.00"
"Mortality";"Tarragona";"Lung";"0-14";"Male";"2001";"0.00"
"Mortality";"Tarragona";"Lung";"0-14";"Male";"2002";"0.00"
"Mortality";"Tarragona";"Lung";"0-14";"Male";"2003";"0.00"
"Mortality";"Tarragona";"Lung";"0-14";"Male";"2004";"0.00"
"Mortality";"Tarragona";"Lung";"0-14";"Male";"2005";"0.00"
"Mortality";"Tarragona";"Lung";"0-14";"Male";"2006";"0.00"
"Mortality";"Tarragona";"Lung";"0-14";"Male";"2007";"0.00"
"Mortality";"Tarragona";"Lung";"0-14";"Male";"2008";"0.00"
"Mortality";"Tarragona";"Lung";"0-14";"Male";"2009";"0.00"
"Mortality";"Tarragona";"Lung";"0-14";"Male";"2010";"0.00"
"Mortality";"Tarragona";"Lung";"0-14";"Male";"2011";"0.00"
"Mortality";"Tarragona";"Lung";"0-14";"Male";"2012";"0.00"
"Mortality";"Tarragona";"Lung";"0-14";"Male";"2013";"0.00"
"Mortality";"Tarragona";"Lung";"0-14";"Male";"2014";"0.00"
"Mortality";"Tarragona";"Lung";"0-14";"Male";"2015";"0.00"
"Mortality";"Tarragona";"Lung";"0-14";"Male";"2016";"0.00"
"Mortality";"Tarragona";"Lung";"0-14";"Male";"2017";"0.00"
"Mortality";"Tarragona";"Lung";"0-14";"Male";"2018";"0.00"
"Mortality";"Tarragona";"Lung";"0-14";"Male";"2019";"0.00"
"Mortality";"Navarra";"Lung";"0-14";"Male";"1999";"0.00"
"Mortality";"Navarra";"Lung";"0-14";"Male";"2000";"0.00"
"Mortality";"Navarra";"Lung";"0-14";"Male";"2001";"0.00"
"Mortality";"Navarra";"Lung";"0-14";"Male";"2002";"0.00"
"Mortality";"Navarra";"Lung";"0-14";"Male";"2003";"0.00"
"Mortality";"Navarra";"Lung";"0-14";"Male";"2004";"0.00"
"Mortality";"Navarra";"Lung";"0-14";"Male";"2005";"0.00"
"Mortality";"Navarra";"Lung";"0-14";"Male";"2006";"0.00"
"Mortality";"Navarra";"Lung";"0-14";"Male";"2007";"0.00"
"Mortality";"Navarra";"Lung";"0-14";"Male";"2008";"0.00"
"Mortality";"Navarra";"Lung";"0-14";"Male";"2009";"0.00"
"Mortality";"Navarra";"Lung";"0-14";"Male";"2010";"0.00"
"Mortality";"Navarra";"Lung";"0-14";"Male";"2011";"0.00"
"Mortality";"Navarra";"Lung";"0-14";"Male";"2012";"0.00"
"Mortality";"Navarra";"Lung";"0-14";"Male";"2013";"0.00"
"Mortality";"Navarra";"Lung";"0-14";"Male";"2014";"0.00"
"Mortality";"Navarra";"Lung";"0-14";"Male";"2015";"0.00"
"Mortality";"Navarra";"Lung";"0-14";"Male";"2016";"0.00"
"Mortality";"Navarra";"Lung";"0-14";"Male";"2017";"0.00"
"Mortality";"Navarra";"Lung";"0-14";"Male";"2018";"0.00"
"Mortality";"Navarra";"Lung";"0-14";"Male";"2019";"0.00"
"Mortality";"Navarra";"Lung";"0-14";"Male";"2020";"0.00"
"Mortality";"Navarra";"Lung";"15-29";"Female";"1999";"0.00"
"Mortality";"Navarra";"Lung";"15-29";"Female";"2000";"0.00"
"Mortality";"Navarra";"Lung";"15-29";"Female";"2001";"0.00"
"Mortality";"Navarra";"Lung";"15-29";"Female";"2002";"1.72"
"Mortality";"Navarra";"Lung";"15-29";"Female";"2003";"0.00"
"Mortality";"Navarra";"Lung";"15-29";"Female";"2004";"0.00"
"Mortality";"Navarra";"Lung";"15-29";"Female";"2005";"0.00"
"Mortality";"Navarra";"Lung";"15-29";"Female";"2006";"0.00"
"Mortality";"Navarra";"Lung";"15-29";"Female";"2007";"0.00"
"Mortality";"Navarra";"Lung";"15-29";"Female";"2008";"0.00"
"Mortality";"Navarra";"Lung";"15-29";"Female";"2009";"0.00"
"Mortality";"Navarra";"Lung";"15-29";"Female";"2010";"0.00"
"Mortality";"Navarra";"Lung";"15-29";"Female";"2011";"0.00"
"Mortality";"Navarra";"Lung";"15-29";"Female";"2012";"0.00"
"Mortality";"Navarra";"Lung";"15-29";"Female";"2013";"0.00"
"Mortality";"Navarra";"Lung";"15-29";"Female";"2014";"0.00"
"Mortality";"Navarra";"Lung";"15-29";"Female";"2015";"2.13"
"Mortality";"Navarra";"Lung";"15-29";"Female";"2016";"0.00"
"Mortality";"Navarra";"Lung";"15-29";"Female";"2017";"0.00"
"Mortality";"Navarra";"Lung";"15-29";"Female";"2018";"0.00"
"Mortality";"Navarra";"Lung";"15-29";"Female";"2019";"0.00"
"Mortality";"Navarra";"Lung";"15-29";"Female";"2020";"0.00"
"Mortality";"Tarragona";"Lung";"15-29";"Female";"1999";"0.00"
"Mortality";"Tarragona";"Lung";"15-29";"Female";"2000";"0.00"
"Mortality";"Tarragona";"Lung";"15-29";"Female";"2001";"0.00"
"Mortality";"Tarragona";"Lung";"15-29";"Female";"2002";"0.00"
"Mortality";"Tarragona";"Lung";"15-29";"Female";"2003";"0.00"
"Mortality";"Tarragona";"Lung";"15-29";"Female";"2004";"0.00"
"Mortality";"Tarragona";"Lung";"15-29";"Female";"2005";"0.00"
"Mortality";"Tarragona";"Lung";"15-29";"Female";"2006";"0.00"
"Mortality";"Tarragona";"Lung";"15-29";"Female";"2007";"0.00"
"Mortality";"Tarragona";"Lung";"15-29";"Female";"2008";"0.00"
"Mortality";"Tarragona";"Lung";"15-29";"Female";"2009";"0.00"
"Mortality";"Tarragona";"Lung";"15-29";"Female";"2010";"0.00"
"Mortality";"Tarragona";"Lung";"15-29";"Female";"2011";"0.00"
"Mortality";"Tarragona";"Lung";"15-29";"Female";"2012";"0.00"
"Mortality";"Tarragona";"Lung";"15-29";"Female";"2013";"1.62"
"Mortality";"Tarragona";"Lung";"15-29";"Female";"2014";"0.00"
"Mortality";"Tarragona";"Lung";"15-29";"Female";"2015";"0.00"
"Mortality";"Tarragona";"Lung";"15-29";"Female";"2016";"0.00"
"Mortality";"Tarragona";"Lung";"15-29";"Female";"2017";"0.00"
"Mortality";"Tarragona";"Lung";"15-29";"Female";"2018";"0.00"
"Mortality";"Tarragona";"Lung";"15-29";"Female";"2019";"0.00"
"Mortality";"Girona";"Lung";"15-29";"Female";"1999";"0.00"
"Mortality";"Girona";"Lung";"15-29";"Female";"2000";"0.00"
"Mortality";"Girona";"Lung";"15-29";"Female";"2001";"0.00"
"Mortality";"Girona";"Lung";"15-29";"Female";"2002";"0.00"
"Mortality";"Girona";"Lung";"15-29";"Female";"2003";"0.00"
"Mortality";"Girona";"Lung";"15-29";"Female";"2004";"0.00"
"Mortality";"Girona";"Lung";"15-29";"Female";"2005";"0.00"
"Mortality";"Girona";"Lung";"15-29";"Female";"2006";"1.54"
"Mortality";"Girona";"Lung";"15-29";"Female";"2007";"0.00"
"Mortality";"Girona";"Lung";"15-29";"Female";"2008";"0.00"
"Mortality";"Girona";"Lung";"15-29";"Female";"2009";"0.00"
"Mortality";"Girona";"Lung";"15-29";"Female";"2010";"0.00"
"Mortality";"Girona";"Lung";"15-29";"Female";"2011";"0.00"
"Mortality";"Girona";"Lung";"15-29";"Female";"2012";"0.00"
"Mortality";"Girona";"Lung";"15-29";"Female";"2013";"0.00"
"Mortality";"Girona";"Lung";"15-29";"Female";"2014";"0.00"
"Mortality";"Girona";"Lung";"15-29";"Female";"2015";"0.00"
"Mortality";"Girona";"Lung";"15-29";"Female";"2016";"0.00"
"Mortality";"Girona";"Lung";"15-29";"Female";"2017";"0.00"
"Mortality";"Girona";"Lung";"15-29";"Female";"2018";"0.00"
"Mortality";"Girona";"Lung";"15-29";"Female";"2019";"0.00"
"Mortality";"Balearic Islands";"Lung";"15-29";"Female";"1999";"0.00"
"Mortality";"Balearic Islands";"Lung";"15-29";"Female";"2000";"0.00"
"Mortality";"Balearic Islands";"Lung";"15-29";"Female";"2001";"1.30"
"Mortality";"Balearic Islands";"Lung";"15-29";"Female";"2002";"0.00"
"Mortality";"Balearic Islands";"Lung";"15-29";"Female";"2003";"0.00"
"Mortality";"Balearic Islands";"Lung";"15-29";"Female";"2004";"0.00"
"Mortality";"Balearic Islands";"Lung";"15-29";"Female";"2005";"0.00"
"Mortality";"Balearic Islands";"Lung";"15-29";"Female";"2006";"0.00"
"Mortality";"Balearic Islands";"Lung";"15-29";"Female";"2007";"0.00"
"Mortality";"Balearic Islands";"Lung";"15-29";"Female";"2008";"0.00"
"Mortality";"Balearic Islands";"Lung";"15-29";"Female";"2009";"0.00"
"Mortality";"Balearic Islands";"Lung";"15-29";"Female";"2010";"0.00"
"Mortality";"Balearic Islands";"Lung";"15-29";"Female";"2011";"0.00"
"Mortality";"Murcia";"Lung";"15-29";"Female";"1999";"0.00"
"Mortality";"Murcia";"Lung";"15-29";"Female";"2000";"0.00"
"Mortality";"Murcia";"Lung";"15-29";"Female";"2001";"0.70"
"Mortality";"Murcia";"Lung";"15-29";"Female";"2002";"0.70"
"Mortality";"Murcia";"Lung";"15-29";"Female";"2003";"0.00"
"Mortality";"Murcia";"Lung";"15-29";"Female";"2004";"0.00"
"Mortality";"Murcia";"Lung";"15-29";"Female";"2005";"0.00"
"Mortality";"Murcia";"Lung";"15-29";"Female";"2006";"0.00"
"Mortality";"Murcia";"Lung";"15-29";"Female";"2007";"0.00"
"Mortality";"Murcia";"Lung";"15-29";"Female";"2008";"0.00"
"Mortality";"Murcia";"Lung";"15-29";"Female";"2009";"0.00"
"Mortality";"Murcia";"Lung";"15-29";"Female";"2010";"0.00"
"Mortality";"Murcia";"Lung";"15-29";"Female";"2011";"0.00"
"Mortality";"Murcia";"Lung";"15-29";"Female";"2012";"0.00"
"Mortality";"Murcia";"Lung";"15-29";"Female";"2013";"0.00"
"Mortality";"Murcia";"Lung";"15-29";"Female";"2014";"0.00"
"Mortality";"Murcia";"Lung";"15-29";"Female";"2015";"0.00"
"Mortality";"Murcia";"Lung";"15-29";"Female";"2016";"0.00"
"Mortality";"Murcia";"Lung";"15-29";"Female";"2017";"0.00"
"Mortality";"Murcia";"Lung";"15-29";"Female";"2018";"0.00"
"Mortality";"Murcia";"Lung";"15-29";"Female";"2019";"0.00"
"Mortality";"Murcia";"Lung";"15-29";"Female";"2020";"0.00"
"Mortality";"Balearic Islands";"Lung";"15-29";"Male";"1999";"0.00"
"Mortality";"Balearic Islands";"Lung";"15-29";"Male";"2000";"0.00"
"Mortality";"Balearic Islands";"Lung";"15-29";"Male";"2001";"0.00"
"Mortality";"Balearic Islands";"Lung";"15-29";"Male";"2002";"0.00"
"Mortality";"Balearic Islands";"Lung";"15-29";"Male";"2003";"0.00"
"Mortality";"Balearic Islands";"Lung";"15-29";"Male";"2004";"0.00"
"Mortality";"Balearic Islands";"Lung";"15-29";"Male";"2005";"0.00"
"Mortality";"Balearic Islands";"Lung";"15-29";"Male";"2006";"0.00"
"Mortality";"Balearic Islands";"Lung";"15-29";"Male";"2007";"0.00"
"Mortality";"Balearic Islands";"Lung";"15-29";"Male";"2008";"0.00"
"Mortality";"Balearic Islands";"Lung";"15-29";"Male";"2009";"0.00"
"Mortality";"Balearic Islands";"Lung";"15-29";"Male";"2010";"0.00"
"Mortality";"Balearic Islands";"Lung";"15-29";"Male";"2011";"0.00"
"Mortality";"Basque Country";"Lung";"15-29";"Male";"1999";"0.00"
"Mortality";"Basque Country";"Lung";"15-29";"Male";"2000";"0.43"
"Mortality";"Basque Country";"Lung";"15-29";"Male";"2001";"0.00"
"Mortality";"Basque Country";"Lung";"15-29";"Male";"2002";"0.00"
"Mortality";"Basque Country";"Lung";"15-29";"Male";"2003";"0.00"
"Mortality";"Basque Country";"Lung";"15-29";"Male";"2004";"0.00"
"Mortality";"Basque Country";"Lung";"15-29";"Male";"2005";"0.50"
"Mortality";"Basque Country";"Lung";"15-29";"Male";"2006";"0.00"
"Mortality";"Basque Country";"Lung";"15-29";"Male";"2007";"0.54"
"Mortality";"Basque Country";"Lung";"15-29";"Male";"2008";"0.00"
"Mortality";"Basque Country";"Lung";"15-29";"Male";"2009";"1.14"
"Mortality";"Basque Country";"Lung";"15-29";"Male";"2010";"0.00"
"Mortality";"Basque Country";"Lung";"15-29";"Male";"2011";"0.00"
"Mortality";"Basque Country";"Lung";"15-29";"Male";"2012";"0.00"
"Mortality";"Basque Country";"Lung";"15-29";"Male";"2013";"0.00"
"Mortality";"Basque Country";"Lung";"15-29";"Male";"2014";"0.00"
"Mortality";"Basque Country";"Lung";"15-29";"Male";"2015";"0.00"
"Mortality";"Basque Country";"Lung";"15-29";"Male";"2016";"0.00"
"Mortality";"Basque Country";"Lung";"15-29";"Male";"2017";"0.00"
"Mortality";"Basque Country";"Lung";"15-29";"Male";"2018";"0.00"
"Mortality";"Basque Country";"Lung";"15-29";"Male";"2019";"0.00"
"Mortality";"Tarragona";"Lung";"15-29";"Male";"1999";"0.00"
"Mortality";"Tarragona";"Lung";"15-29";"Male";"2000";"0.00"
"Mortality";"Tarragona";"Lung";"15-29";"Male";"2001";"0.00"
"Mortality";"Tarragona";"Lung";"15-29";"Male";"2002";"0.00"
"Mortality";"Tarragona";"Lung";"15-29";"Male";"2003";"1.42"
"Mortality";"Tarragona";"Lung";"15-29";"Male";"2004";"0.00"
"Mortality";"Tarragona";"Lung";"15-29";"Male";"2005";"0.00"
"Mortality";"Tarragona";"Lung";"15-29";"Male";"2006";"0.00"
"Mortality";"Tarragona";"Lung";"15-29";"Male";"2007";"0.00"
"Mortality";"Tarragona";"Lung";"15-29";"Male";"2008";"1.29"
"Mortality";"Tarragona";"Lung";"15-29";"Male";"2009";"0.00"
"Mortality";"Tarragona";"Lung";"15-29";"Male";"2010";"0.00"
"Mortality";"Tarragona";"Lung";"15-29";"Male";"2011";"0.00"
"Mortality";"Tarragona";"Lung";"15-29";"Male";"2012";"1.52"
"Mortality";"Tarragona";"Lung";"15-29";"Male";"2013";"0.00"
"Mortality";"Tarragona";"Lung";"15-29";"Male";"2014";"0.00"
"Mortality";"Tarragona";"Lung";"15-29";"Male";"2015";"0.00"
"Mortality";"Tarragona";"Lung";"15-29";"Male";"2016";"0.00"
"Mortality";"Tarragona";"Lung";"15-29";"Male";"2017";"0.00"
"Mortality";"Tarragona";"Lung";"15-29";"Male";"2018";"0.00"
"Mortality";"Tarragona";"Lung";"15-29";"Male";"2019";"0.00"
"Mortality";"Basque Country";"Lung";"15-29";"Female";"1999";"0.00"
"Mortality";"Basque Country";"Lung";"15-29";"Female";"2000";"0.00"
"Mortality";"Basque Country";"Lung";"15-29";"Female";"2001";"0.00"
"Mortality";"Basque Country";"Lung";"15-29";"Female";"2002";"0.00"
"Mortality";"Basque Country";"Lung";"15-29";"Female";"2003";"0.00"
"Mortality";"Basque Country";"Lung";"15-29";"Female";"2004";"0.00"
"Mortality";"Basque Country";"Lung";"15-29";"Female";"2005";"0.00"
"Mortality";"Basque Country";"Lung";"15-29";"Female";"2006";"0.00"
"Mortality";"Basque Country";"Lung";"15-29";"Female";"2007";"0.00"
"Mortality";"Basque Country";"Lung";"15-29";"Female";"2008";"0.00"
"Mortality";"Basque Country";"Lung";"15-29";"Female";"2009";"0.00"
"Mortality";"Basque Country";"Lung";"15-29";"Female";"2010";"0.00"
"Mortality";"Basque Country";"Lung";"15-29";"Female";"2011";"0.00"
"Mortality";"Basque Country";"Lung";"15-29";"Female";"2012";"0.00"
"Mortality";"Basque Country";"Lung";"15-29";"Female";"2013";"0.00"
"Mortality";"Basque Country";"Lung";"15-29";"Female";"2014";"0.00"
"Mortality";"Basque Country";"Lung";"15-29";"Female";"2015";"0.00"
"Mortality";"Basque Country";"Lung";"15-29";"Female";"2016";"0.00"
"Mortality";"Basque Country";"Lung";"15-29";"Female";"2017";"0.00"
"Mortality";"Basque Country";"Lung";"15-29";"Female";"2018";"0.00"
"Mortality";"Basque Country";"Lung";"15-29";"Female";"2019";"0.00"
"Mortality";"Murcia";"Lung";"15-29";"Male";"1999";"0.00"
"Mortality";"Murcia";"Lung";"15-29";"Male";"2000";"0.00"
"Mortality";"Murcia";"Lung";"15-29";"Male";"2001";"1.28"
"Mortality";"Murcia";"Lung";"15-29";"Male";"2002";"0.64"
"Mortality";"Murcia";"Lung";"15-29";"Male";"2003";"0.63"
"Mortality";"Murcia";"Lung";"15-29";"Male";"2004";"0.00"
"Mortality";"Murcia";"Lung";"15-29";"Male";"2005";"0.61"
"Mortality";"Murcia";"Lung";"15-29";"Male";"2006";"0.00"
"Mortality";"Murcia";"Lung";"15-29";"Male";"2007";"0.00"
"Mortality";"Murcia";"Lung";"15-29";"Male";"2008";"0.62"
"Mortality";"Murcia";"Lung";"15-29";"Male";"2009";"0.00"
"Mortality";"Murcia";"Lung";"15-29";"Male";"2010";"0.66"
"Mortality";"Murcia";"Lung";"15-29";"Male";"2011";"0.00"
"Mortality";"Murcia";"Lung";"15-29";"Male";"2012";"0.00"
"Mortality";"Murcia";"Lung";"15-29";"Male";"2013";"0.00"
"Mortality";"Murcia";"Lung";"15-29";"Male";"2014";"0.00"
"Mortality";"Murcia";"Lung";"15-29";"Male";"2015";"0.00"
"Mortality";"Murcia";"Lung";"15-29";"Male";"2016";"0.79"
"Mortality";"Murcia";"Lung";"15-29";"Male";"2017";"0.00"
"Mortality";"Murcia";"Lung";"15-29";"Male";"2018";"0.00"
"Mortality";"Murcia";"Lung";"15-29";"Male";"2019";"0.00"
"Mortality";"Murcia";"Lung";"15-29";"Male";"2020";"0.75"
"Mortality";"Girona";"Lung";"15-29";"Male";"1999";"0.00"
"Mortality";"Girona";"Lung";"15-29";"Male";"2000";"0.00"
"Mortality";"Girona";"Lung";"15-29";"Male";"2001";"0.00"
"Mortality";"Girona";"Lung";"15-29";"Male";"2002";"0.00"
"Mortality";"Girona";"Lung";"15-29";"Male";"2003";"0.00"
"Mortality";"Girona";"Lung";"15-29";"Male";"2004";"0.00"
"Mortality";"Girona";"Lung";"15-29";"Male";"2005";"0.00"
"Mortality";"Girona";"Lung";"15-29";"Male";"2006";"0.00"
"Mortality";"Girona";"Lung";"15-29";"Male";"2007";"0.00"
"Mortality";"Girona";"Lung";"15-29";"Male";"2008";"0.00"
"Mortality";"Girona";"Lung";"15-29";"Male";"2009";"0.00"
"Mortality";"Girona";"Lung";"15-29";"Male";"2010";"0.00"
"Mortality";"Girona";"Lung";"15-29";"Male";"2011";"0.00"
"Mortality";"Girona";"Lung";"15-29";"Male";"2012";"0.00"
"Mortality";"Girona";"Lung";"15-29";"Male";"2013";"0.00"
"Mortality";"Girona";"Lung";"15-29";"Male";"2014";"0.00"
"Mortality";"Girona";"Lung";"15-29";"Male";"2015";"0.00"
"Mortality";"Girona";"Lung";"15-29";"Male";"2016";"0.00"
"Mortality";"Girona";"Lung";"15-29";"Male";"2017";"0.00"
"Mortality";"Girona";"Lung";"15-29";"Male";"2018";"0.00"
"Mortality";"Girona";"Lung";"15-29";"Male";"2019";"0.00"
"Mortality";"Navarra";"Lung";"15-29";"Male";"1999";"0.00"
"Mortality";"Navarra";"Lung";"15-29";"Male";"2000";"0.00"
"Mortality";"Navarra";"Lung";"15-29";"Male";"2001";"1.62"
"Mortality";"Navarra";"Lung";"15-29";"Male";"2002";"0.00"
"Mortality";"Navarra";"Lung";"15-29";"Male";"2003";"0.00"
"Mortality";"Navarra";"Lung";"15-29";"Male";"2004";"0.00"
"Mortality";"Navarra";"Lung";"15-29";"Male";"2005";"0.00"
"Mortality";"Navarra";"Lung";"15-29";"Male";"2006";"0.00"
"Mortality";"Navarra";"Lung";"15-29";"Male";"2007";"0.00"
"Mortality";"Navarra";"Lung";"15-29";"Male";"2008";"0.00"
"Mortality";"Navarra";"Lung";"15-29";"Male";"2009";"0.00"
"Mortality";"Navarra";"Lung";"15-29";"Male";"2010";"0.00"
"Mortality";"Navarra";"Lung";"15-29";"Male";"2011";"0.00"
"Mortality";"Navarra";"Lung";"15-29";"Male";"2012";"0.00"
"Mortality";"Navarra";"Lung";"15-29";"Male";"2013";"0.00"
"Mortality";"Navarra";"Lung";"15-29";"Male";"2014";"0.00"
"Mortality";"Navarra";"Lung";"15-29";"Male";"2015";"0.00"
"Mortality";"Navarra";"Lung";"15-29";"Male";"2016";"0.00"
"Mortality";"Navarra";"Lung";"15-29";"Male";"2017";"0.00"
"Mortality";"Navarra";"Lung";"15-29";"Male";"2018";"0.00"
"Mortality";"Navarra";"Lung";"15-29";"Male";"2019";"0.00"
"Mortality";"Navarra";"Lung";"15-29";"Male";"2020";"0.00"
"Mortality";"Navarra";"Lung";"30-44";"Male";"1999";"7.61"
"Mortality";"Navarra";"Lung";"30-44";"Male";"2000";"6.05"
"Mortality";"Navarra";"Lung";"30-44";"Male";"2001";"14.43"
"Mortality";"Navarra";"Lung";"30-44";"Male";"2002";"6.89"
"Mortality";"Navarra";"Lung";"30-44";"Male";"2003";"5.38"
"Mortality";"Navarra";"Lung";"30-44";"Male";"2004";"2.65"
"Mortality";"Navarra";"Lung";"30-44";"Male";"2005";"6.46"
"Mortality";"Navarra";"Lung";"30-44";"Male";"2006";"2.52"
"Mortality";"Navarra";"Lung";"30-44";"Male";"2007";"10.05"
"Mortality";"Navarra";"Lung";"30-44";"Male";"2008";"3.63"
"Mortality";"Navarra";"Lung";"30-44";"Male";"2009";"1.19"
"Mortality";"Navarra";"Lung";"30-44";"Male";"2010";"0.00"
"Mortality";"Navarra";"Lung";"30-44";"Male";"2011";"0.00"
"Mortality";"Navarra";"Lung";"30-44";"Male";"2012";"0.00"
"Mortality";"Navarra";"Lung";"30-44";"Male";"2013";"4.88"
"Mortality";"Navarra";"Lung";"30-44";"Male";"2014";"0.00"
"Mortality";"Navarra";"Lung";"30-44";"Male";"2015";"0.00"
"Mortality";"Navarra";"Lung";"30-44";"Male";"2016";"1.34"
"Mortality";"Navarra";"Lung";"30-44";"Male";"2017";"2.75"
"Mortality";"Navarra";"Lung";"30-44";"Male";"2018";"1.41"
"Mortality";"Navarra";"Lung";"30-44";"Male";"2019";"1.43"
"Mortality";"Navarra";"Lung";"30-44";"Male";"2020";"4.50"
"Mortality";"Basque Country";"Lung";"30-44";"Female";"1999";"4.43"
"Mortality";"Basque Country";"Lung";"30-44";"Female";"2000";"5.60"
"Mortality";"Basque Country";"Lung";"30-44";"Female";"2001";"5.55"
"Mortality";"Basque Country";"Lung";"30-44";"Female";"2002";"4.34"
"Mortality";"Basque Country";"Lung";"30-44";"Female";"2003";"7.08"
"Mortality";"Basque Country";"Lung";"30-44";"Female";"2004";"6.29"
"Mortality";"Basque Country";"Lung";"30-44";"Female";"2005";"1.95"
"Mortality";"Basque Country";"Lung";"30-44";"Female";"2006";"4.27"
"Mortality";"Basque Country";"Lung";"30-44";"Female";"2007";"3.84"
"Mortality";"Basque Country";"Lung";"30-44";"Female";"2008";"5.34"
"Mortality";"Basque Country";"Lung";"30-44";"Female";"2009";"4.56"
"Mortality";"Basque Country";"Lung";"30-44";"Female";"2010";"3.06"
"Mortality";"Basque Country";"Lung";"30-44";"Female";"2011";"3.86"
"Mortality";"Basque Country";"Lung";"30-44";"Female";"2012";"3.11"
"Mortality";"Basque Country";"Lung";"30-44";"Female";"2013";"1.98"
"Mortality";"Basque Country";"Lung";"30-44";"Female";"2014";"0.81"
"Mortality";"Basque Country";"Lung";"30-44";"Female";"2015";"3.70"
"Mortality";"Basque Country";"Lung";"30-44";"Female";"2016";"2.93"
"Mortality";"Basque Country";"Lung";"30-44";"Female";"2017";"1.29"
"Mortality";"Basque Country";"Lung";"30-44";"Female";"2018";"2.64"
"Mortality";"Basque Country";"Lung";"30-44";"Female";"2019";"1.35"
"Mortality";"Basque Country";"Lung";"30-44";"Male";"1999";"10.40"
"Mortality";"Basque Country";"Lung";"30-44";"Male";"2000";"11.08"
"Mortality";"Basque Country";"Lung";"30-44";"Male";"2001";"9.07"
"Mortality";"Basque Country";"Lung";"30-44";"Male";"2002";"9.36"
"Mortality";"Basque Country";"Lung";"30-44";"Male";"2003";"8.89"
"Mortality";"Basque Country";"Lung";"30-44";"Male";"2004";"6.13"
"Mortality";"Basque Country";"Lung";"30-44";"Male";"2005";"6.07"
"Mortality";"Basque Country";"Lung";"30-44";"Male";"2006";"7.48"
"Mortality";"Basque Country";"Lung";"30-44";"Male";"2007";"8.49"
"Mortality";"Basque Country";"Lung";"30-44";"Male";"2008";"3.28"
"Mortality";"Basque Country";"Lung";"30-44";"Male";"2009";"4.69"
"Mortality";"Basque Country";"Lung";"30-44";"Male";"2010";"4.38"
"Mortality";"Basque Country";"Lung";"30-44";"Male";"2011";"3.30"
"Mortality";"Basque Country";"Lung";"30-44";"Male";"2012";"3.33"
"Mortality";"Basque Country";"Lung";"30-44";"Male";"2013";"4.54"
"Mortality";"Basque Country";"Lung";"30-44";"Male";"2014";"3.10"
"Mortality";"Basque Country";"Lung";"30-44";"Male";"2015";"1.98"
"Mortality";"Basque Country";"Lung";"30-44";"Male";"2016";"2.44"
"Mortality";"Basque Country";"Lung";"30-44";"Male";"2017";"2.51"
"Mortality";"Basque Country";"Lung";"30-44";"Male";"2018";"3.45"
"Mortality";"Basque Country";"Lung";"30-44";"Male";"2019";"1.77"
"Mortality";"Girona";"Lung";"30-44";"Male";"1999";"10.56"
"Mortality";"Girona";"Lung";"30-44";"Male";"2000";"8.88"
"Mortality";"Girona";"Lung";"30-44";"Male";"2001";"5.81"
"Mortality";"Girona";"Lung";"30-44";"Male";"2002";"11.06"
"Mortality";"Girona";"Lung";"30-44";"Male";"2003";"3.90"
"Mortality";"Girona";"Lung";"30-44";"Male";"2004";"1.22"
"Mortality";"Girona";"Lung";"30-44";"Male";"2005";"4.56"
"Mortality";"Girona";"Lung";"30-44";"Male";"2006";"5.43"
"Mortality";"Girona";"Lung";"30-44";"Male";"2007";"3.08"
"Mortality";"Girona";"Lung";"30-44";"Male";"2008";"3.94"
"Mortality";"Girona";"Lung";"30-44";"Male";"2009";"0.97"
"Mortality";"Girona";"Lung";"30-44";"Male";"2010";"2.93"
"Mortality";"Girona";"Lung";"30-44";"Male";"2011";"0.99"
"Mortality";"Girona";"Lung";"30-44";"Male";"2012";"3.02"
"Mortality";"Girona";"Lung";"30-44";"Male";"2013";"2.09"
"Mortality";"Girona";"Lung";"30-44";"Male";"2014";"3.26"
"Mortality";"Girona";"Lung";"30-44";"Male";"2015";"4.48"
"Mortality";"Girona";"Lung";"30-44";"Male";"2016";"6.95"
"Mortality";"Girona";"Lung";"30-44";"Male";"2017";"2.38"
"Mortality";"Girona";"Lung";"30-44";"Male";"2018";"0.00"
"Mortality";"Girona";"Lung";"30-44";"Male";"2019";"3.71"
"Mortality";"Murcia";"Lung";"30-44";"Female";"1999";"0.78"
"Mortality";"Murcia";"Lung";"30-44";"Female";"2000";"4.50"
"Mortality";"Murcia";"Lung";"30-44";"Female";"2001";"0.73"
"Mortality";"Murcia";"Lung";"30-44";"Female";"2002";"3.51"
"Mortality";"Murcia";"Lung";"30-44";"Female";"2003";"1.35"
"Mortality";"Murcia";"Lung";"30-44";"Female";"2004";"0.00"
"Mortality";"Murcia";"Lung";"30-44";"Female";"2005";"1.26"
"Mortality";"Murcia";"Lung";"30-44";"Female";"2006";"1.22"
"Mortality";"Murcia";"Lung";"30-44";"Female";"2007";"2.36"
"Mortality";"Murcia";"Lung";"30-44";"Female";"2008";"2.28"
"Mortality";"Murcia";"Lung";"30-44";"Female";"2009";"1.11"
"Mortality";"Murcia";"Lung";"30-44";"Female";"2010";"3.87"
"Mortality";"Murcia";"Lung";"30-44";"Female";"2011";"0.55"
"Mortality";"Murcia";"Lung";"30-44";"Female";"2012";"1.10"
"Mortality";"Murcia";"Lung";"30-44";"Female";"2013";"1.11"
"Mortality";"Murcia";"Lung";"30-44";"Female";"2014";"1.69"
"Mortality";"Murcia";"Lung";"30-44";"Female";"2015";"0.00"
"Mortality";"Murcia";"Lung";"30-44";"Female";"2016";"2.89"
"Mortality";"Murcia";"Lung";"30-44";"Female";"2017";"0.00"
"Mortality";"Murcia";"Lung";"30-44";"Female";"2018";"1.19"
"Mortality";"Murcia";"Lung";"30-44";"Female";"2019";"1.21"
"Mortality";"Murcia";"Lung";"30-44";"Female";"2020";"0.61"
"Mortality";"Navarra";"Lung";"30-44";"Female";"1999";"1.62"
"Mortality";"Navarra";"Lung";"30-44";"Female";"2000";"1.60"
"Mortality";"Navarra";"Lung";"30-44";"Female";"2001";"1.55"
"Mortality";"Navarra";"Lung";"30-44";"Female";"2002";"1.50"
"Mortality";"Navarra";"Lung";"30-44";"Female";"2003";"1.47"
"Mortality";"Navarra";"Lung";"30-44";"Female";"2004";"5.78"
"Mortality";"Navarra";"Lung";"30-44";"Female";"2005";"9.90"
"Mortality";"Navarra";"Lung";"30-44";"Female";"2006";"2.77"
"Mortality";"Navarra";"Lung";"30-44";"Female";"2007";"2.74"
"Mortality";"Navarra";"Lung";"30-44";"Female";"2008";"5.33"
"Mortality";"Navarra";"Lung";"30-44";"Female";"2009";"1.31"
"Mortality";"Navarra";"Lung";"30-44";"Female";"2010";"2.60"
"Mortality";"Navarra";"Lung";"30-44";"Female";"2011";"1.29"
"Mortality";"Navarra";"Lung";"30-44";"Female";"2012";"6.48"
"Mortality";"Navarra";"Lung";"30-44";"Female";"2013";"1.31"
"Mortality";"Navarra";"Lung";"30-44";"Female";"2014";"2.69"
"Mortality";"Navarra";"Lung";"30-44";"Female";"2015";"1.37"
"Mortality";"Navarra";"Lung";"30-44";"Female";"2016";"2.81"
"Mortality";"Navarra";"Lung";"30-44";"Female";"2017";"0.00"
"Mortality";"Navarra";"Lung";"30-44";"Female";"2018";"2.91"
"Mortality";"Navarra";"Lung";"30-44";"Female";"2019";"0.00"
"Mortality";"Navarra";"Lung";"30-44";"Female";"2020";"0.00"
"Mortality";"Murcia";"Lung";"30-44";"Male";"1999";"9.07"
"Mortality";"Murcia";"Lung";"30-44";"Male";"2000";"5.08"
"Mortality";"Murcia";"Lung";"30-44";"Male";"2001";"7.69"
"Mortality";"Murcia";"Lung";"30-44";"Male";"2002";"5.35"
"Mortality";"Murcia";"Lung";"30-44";"Male";"2003";"4.45"
"Mortality";"Murcia";"Lung";"30-44";"Male";"2004";"4.26"
"Mortality";"Murcia";"Lung";"30-44";"Male";"2005";"6.92"
"Mortality";"Murcia";"Lung";"30-44";"Male";"2006";"4.38"
"Mortality";"Murcia";"Lung";"30-44";"Male";"2007";"4.72"
"Mortality";"Murcia";"Lung";"30-44";"Male";"2008";"4.55"
"Mortality";"Murcia";"Lung";"30-44";"Male";"2009";"3.46"
"Mortality";"Murcia";"Lung";"30-44";"Male";"2010";"2.45"
"Mortality";"Murcia";"Lung";"30-44";"Male";"2011";"1.95"
"Mortality";"Murcia";"Lung";"30-44";"Male";"2012";"3.44"
"Mortality";"Murcia";"Lung";"30-44";"Male";"2013";"3.50"
"Mortality";"Murcia";"Lung";"30-44";"Male";"2014";"0.51"
"Mortality";"Murcia";"Lung";"30-44";"Male";"2015";"3.12"
"Mortality";"Murcia";"Lung";"30-44";"Male";"2016";"2.12"
"Mortality";"Murcia";"Lung";"30-44";"Male";"2017";"2.71"
"Mortality";"Murcia";"Lung";"30-44";"Male";"2018";"3.87"
"Mortality";"Murcia";"Lung";"30-44";"Male";"2019";"2.82"
"Mortality";"Murcia";"Lung";"30-44";"Male";"2020";"5.15"
"Mortality";"Girona";"Lung";"30-44";"Female";"1999";"1.58"
"Mortality";"Girona";"Lung";"30-44";"Female";"2000";"1.55"
"Mortality";"Girona";"Lung";"30-44";"Female";"2001";"3.04"
"Mortality";"Girona";"Lung";"30-44";"Female";"2002";"5.86"
"Mortality";"Girona";"Lung";"30-44";"Female";"2003";"1.40"
"Mortality";"Girona";"Lung";"30-44";"Female";"2004";"6.70"
"Mortality";"Girona";"Lung";"30-44";"Female";"2005";"3.84"
"Mortality";"Girona";"Lung";"30-44";"Female";"2006";"1.23"
"Mortality";"Girona";"Lung";"30-44";"Female";"2007";"2.35"
"Mortality";"Girona";"Lung";"30-44";"Female";"2008";"0.00"
"Mortality";"Girona";"Lung";"30-44";"Female";"2009";"0.00"
"Mortality";"Girona";"Lung";"30-44";"Female";"2010";"1.10"
"Mortality";"Girona";"Lung";"30-44";"Female";"2011";"0.00"
"Mortality";"Girona";"Lung";"30-44";"Female";"2012";"2.20"
"Mortality";"Girona";"Lung";"30-44";"Female";"2013";"2.24"
"Mortality";"Girona";"Lung";"30-44";"Female";"2014";"3.43"
"Mortality";"Girona";"Lung";"30-44";"Female";"2015";"2.33"
"Mortality";"Girona";"Lung";"30-44";"Female";"2016";"2.37"
"Mortality";"Girona";"Lung";"30-44";"Female";"2017";"1.20"
"Mortality";"Girona";"Lung";"30-44";"Female";"2018";"1.22"
"Mortality";"Girona";"Lung";"30-44";"Female";"2019";"6.15"
"Mortality";"Tarragona";"Lung";"30-44";"Female";"1999";"1.53"
"Mortality";"Tarragona";"Lung";"30-44";"Female";"2000";"4.49"
"Mortality";"Tarragona";"Lung";"30-44";"Female";"2001";"2.91"
"Mortality";"Tarragona";"Lung";"30-44";"Female";"2002";"4.23"
"Mortality";"Tarragona";"Lung";"30-44";"Female";"2003";"0.00"
"Mortality";"Tarragona";"Lung";"30-44";"Female";"2004";"3.89"
"Mortality";"Tarragona";"Lung";"30-44";"Female";"2005";"1.23"
"Mortality";"Tarragona";"Lung";"30-44";"Female";"2006";"0.00"
"Mortality";"Tarragona";"Lung";"30-44";"Female";"2007";"4.40"
"Mortality";"Tarragona";"Lung";"30-44";"Female";"2008";"3.17"
"Mortality";"Tarragona";"Lung";"30-44";"Female";"2009";"1.03"
"Mortality";"Tarragona";"Lung";"30-44";"Female";"2010";"2.05"
"Mortality";"Tarragona";"Lung";"30-44";"Female";"2011";"2.04"
"Mortality";"Tarragona";"Lung";"30-44";"Female";"2012";"1.03"
"Mortality";"Tarragona";"Lung";"30-44";"Female";"2013";"3.13"
"Mortality";"Tarragona";"Lung";"30-44";"Female";"2014";"0.00"
"Mortality";"Tarragona";"Lung";"30-44";"Female";"2015";"1.09"
"Mortality";"Tarragona";"Lung";"30-44";"Female";"2016";"1.11"
"Mortality";"Tarragona";"Lung";"30-44";"Female";"2017";"2.25"
"Mortality";"Tarragona";"Lung";"30-44";"Female";"2018";"1.14"
"Mortality";"Tarragona";"Lung";"30-44";"Female";"2019";"1.15"
"Mortality";"Balearic Islands";"Lung";"30-44";"Female";"1999";"2.65"
"Mortality";"Balearic Islands";"Lung";"30-44";"Female";"2000";"2.52"
"Mortality";"Balearic Islands";"Lung";"30-44";"Female";"2001";"0.00"
"Mortality";"Balearic Islands";"Lung";"30-44";"Female";"2002";"4.59"
"Mortality";"Balearic Islands";"Lung";"30-44";"Female";"2003";"1.10"
"Mortality";"Balearic Islands";"Lung";"30-44";"Female";"2004";"4.22"
"Mortality";"Balearic Islands";"Lung";"30-44";"Female";"2005";"4.07"
"Mortality";"Balearic Islands";"Lung";"30-44";"Female";"2006";"2.95"
"Mortality";"Balearic Islands";"Lung";"30-44";"Female";"2007";"3.82"
"Mortality";"Balearic Islands";"Lung";"30-44";"Female";"2008";"3.70"
"Mortality";"Balearic Islands";"Lung";"30-44";"Female";"2009";"3.66"
"Mortality";"Balearic Islands";"Lung";"30-44";"Female";"2010";"4.56"
"Mortality";"Balearic Islands";"Lung";"30-44";"Female";"2011";"2.66"
"Mortality";"Balearic Islands";"Lung";"30-44";"Male";"1999";"0.00"
"Mortality";"Balearic Islands";"Lung";"30-44";"Male";"2000";"6.17"
"Mortality";"Balearic Islands";"Lung";"30-44";"Male";"2001";"11.66"
"Mortality";"Balearic Islands";"Lung";"30-44";"Male";"2002";"7.73"
"Mortality";"Balearic Islands";"Lung";"30-44";"Male";"2003";"9.43"
"Mortality";"Balearic Islands";"Lung";"30-44";"Male";"2004";"13.04"
"Mortality";"Balearic Islands";"Lung";"30-44";"Male";"2005";"2.88"
"Mortality";"Balearic Islands";"Lung";"30-44";"Male";"2006";"4.61"
"Mortality";"Balearic Islands";"Lung";"30-44";"Male";"2007";"2.68"
"Mortality";"Balearic Islands";"Lung";"30-44";"Male";"2008";"4.31"
"Mortality";"Balearic Islands";"Lung";"30-44";"Male";"2009";"0.85"
"Mortality";"Balearic Islands";"Lung";"30-44";"Male";"2010";"5.10"
"Mortality";"Balearic Islands";"Lung";"30-44";"Male";"2011";"2.46"
"Mortality";"Tarragona";"Lung";"30-44";"Male";"1999";"10.49"
"Mortality";"Tarragona";"Lung";"30-44";"Male";"2000";"7.27"
"Mortality";"Tarragona";"Lung";"30-44";"Male";"2001";"0.00"
"Mortality";"Tarragona";"Lung";"30-44";"Male";"2002";"8.00"
"Mortality";"Tarragona";"Lung";"30-44";"Male";"2003";"5.07"
"Mortality";"Tarragona";"Lung";"30-44";"Male";"2004";"5.96"
"Mortality";"Tarragona";"Lung";"30-44";"Male";"2005";"7.74"
"Mortality";"Tarragona";"Lung";"30-44";"Male";"2006";"4.12"
"Mortality";"Tarragona";"Lung";"30-44";"Male";"2007";"1.92"
"Mortality";"Tarragona";"Lung";"30-44";"Male";"2008";"3.66"
"Mortality";"Tarragona";"Lung";"30-44";"Male";"2009";"1.80"
"Mortality";"Tarragona";"Lung";"30-44";"Male";"2010";"2.70"
"Mortality";"Tarragona";"Lung";"30-44";"Male";"2011";"4.52"
"Mortality";"Tarragona";"Lung";"30-44";"Male";"2012";"4.60"
"Mortality";"Tarragona";"Lung";"30-44";"Male";"2013";"3.80"
"Mortality";"Tarragona";"Lung";"30-44";"Male";"2014";"0.00"
"Mortality";"Tarragona";"Lung";"30-44";"Male";"2015";"2.03"
"Mortality";"Tarragona";"Lung";"30-44";"Male";"2016";"2.09"
"Mortality";"Tarragona";"Lung";"30-44";"Male";"2017";"2.15"
"Mortality";"Tarragona";"Lung";"30-44";"Male";"2018";"4.38"
"Mortality";"Tarragona";"Lung";"30-44";"Male";"2019";"4.43"
"Mortality";"Girona";"Lung";"45-59";"Male";"1999";"106.15"
"Mortality";"Girona";"Lung";"45-59";"Male";"2000";"82.72"
"Mortality";"Girona";"Lung";"45-59";"Male";"2001";"80.44"
"Mortality";"Girona";"Lung";"45-59";"Male";"2002";"62.25"
"Mortality";"Girona";"Lung";"45-59";"Male";"2003";"88.76"
"Mortality";"Girona";"Lung";"45-59";"Male";"2004";"81.32"
"Mortality";"Girona";"Lung";"45-59";"Male";"2005";"66.36"
"Mortality";"Girona";"Lung";"45-59";"Male";"2006";"78.72"
"Mortality";"Girona";"Lung";"45-59";"Male";"2007";"63.69"
"Mortality";"Girona";"Lung";"45-59";"Male";"2008";"48.96"
"Mortality";"Girona";"Lung";"45-59";"Male";"2009";"49.16"
"Mortality";"Girona";"Lung";"45-59";"Male";"2010";"58.48"
"Mortality";"Girona";"Lung";"45-59";"Male";"2011";"37.50"
"Mortality";"Girona";"Lung";"45-59";"Male";"2012";"44.37"
"Mortality";"Girona";"Lung";"45-59";"Male";"2013";"51.48"
"Mortality";"Girona";"Lung";"45-59";"Male";"2014";"37.39"
"Mortality";"Girona";"Lung";"45-59";"Male";"2015";"52.93"
"Mortality";"Girona";"Lung";"45-59";"Male";"2016";"48.47"
"Mortality";"Girona";"Lung";"45-59";"Male";"2017";"25.06"
"Mortality";"Girona";"Lung";"45-59";"Male";"2018";"36.60"
"Mortality";"Girona";"Lung";"45-59";"Male";"2019";"47.71"
"Mortality";"Basque Country";"Lung";"45-59";"Male";"1999";"88.20"
"Mortality";"Basque Country";"Lung";"45-59";"Male";"2000";"87.77"
"Mortality";"Basque Country";"Lung";"45-59";"Male";"2001";"89.86"
"Mortality";"Basque Country";"Lung";"45-59";"Male";"2002";"72.55"
"Mortality";"Basque Country";"Lung";"45-59";"Male";"2003";"81.36"
"Mortality";"Basque Country";"Lung";"45-59";"Male";"2004";"89.82"
"Mortality";"Basque Country";"Lung";"45-59";"Male";"2005";"89.36"
"Mortality";"Basque Country";"Lung";"45-59";"Male";"2006";"89.55"
"Mortality";"Basque Country";"Lung";"45-59";"Male";"2007";"83.49"
"Mortality";"Basque Country";"Lung";"45-59";"Male";"2008";"97.06"
"Mortality";"Basque Country";"Lung";"45-59";"Male";"2009";"75.95"
"Mortality";"Basque Country";"Lung";"45-59";"Male";"2010";"77.98"
"Mortality";"Basque Country";"Lung";"45-59";"Male";"2011";"77.36"
"Mortality";"Basque Country";"Lung";"45-59";"Male";"2012";"72.08"
"Mortality";"Basque Country";"Lung";"45-59";"Male";"2013";"69.24"
"Mortality";"Basque Country";"Lung";"45-59";"Male";"2014";"75.33"
"Mortality";"Basque Country";"Lung";"45-59";"Male";"2015";"63.01"
"Mortality";"Basque Country";"Lung";"45-59";"Male";"2016";"71.32"
"Mortality";"Basque Country";"Lung";"45-59";"Male";"2017";"52.13"
"Mortality";"Basque Country";"Lung";"45-59";"Male";"2018";"59.18"
"Mortality";"Basque Country";"Lung";"45-59";"Male";"2019";"54.29"
"Mortality";"Navarra";"Lung";"45-59";"Female";"1999";"8.25"
"Mortality";"Navarra";"Lung";"45-59";"Female";"2000";"22.34"
"Mortality";"Navarra";"Lung";"45-59";"Female";"2001";"15.92"
"Mortality";"Navarra";"Lung";"45-59";"Female";"2002";"19.28"
"Mortality";"Navarra";"Lung";"45-59";"Female";"2003";"11.23"
"Mortality";"Navarra";"Lung";"45-59";"Female";"2004";"18.39"
"Mortality";"Navarra";"Lung";"45-59";"Female";"2005";"28.78"
"Mortality";"Navarra";"Lung";"45-59";"Female";"2006";"14.13"
"Mortality";"Navarra";"Lung";"45-59";"Female";"2007";"29.48"
"Mortality";"Navarra";"Lung";"45-59";"Female";"2008";"20.31"
"Mortality";"Navarra";"Lung";"45-59";"Female";"2009";"26.56"
"Mortality";"Navarra";"Lung";"45-59";"Female";"2010";"25.91"
"Mortality";"Navarra";"Lung";"45-59";"Female";"2011";"30.06"
"Mortality";"Navarra";"Lung";"45-59";"Female";"2012";"32.47"
"Mortality";"Navarra";"Lung";"45-59";"Female";"2013";"24.32"
"Mortality";"Navarra";"Lung";"45-59";"Female";"2014";"37.48"
"Mortality";"Navarra";"Lung";"45-59";"Female";"2015";"23.54"
"Mortality";"Navarra";"Lung";"45-59";"Female";"2016";"24.60"
"Mortality";"Navarra";"Lung";"45-59";"Female";"2017";"17.12"
"Mortality";"Navarra";"Lung";"45-59";"Female";"2018";"30.95"
"Mortality";"Navarra";"Lung";"45-59";"Female";"2019";"23.47"
"Mortality";"Navarra";"Lung";"45-59";"Female";"2020";"16.31"
"Mortality";"Tarragona";"Lung";"45-59";"Male";"1999";"61.77"
"Mortality";"Tarragona";"Lung";"45-59";"Male";"2000";"83.52"
"Mortality";"Tarragona";"Lung";"45-59";"Male";"2001";"74.25"
"Mortality";"Tarragona";"Lung";"45-59";"Male";"2002";"76.46"
"Mortality";"Tarragona";"Lung";"45-59";"Male";"2003";"92.99"
"Mortality";"Tarragona";"Lung";"45-59";"Male";"2004";"76.64"
"Mortality";"Tarragona";"Lung";"45-59";"Male";"2005";"77.78"
"Mortality";"Tarragona";"Lung";"45-59";"Male";"2006";"74.47"
"Mortality";"Tarragona";"Lung";"45-59";"Male";"2007";"81.02"
"Mortality";"Tarragona";"Lung";"45-59";"Male";"2008";"66.53"
"Mortality";"Tarragona";"Lung";"45-59";"Male";"2009";"75.39"
"Mortality";"Tarragona";"Lung";"45-59";"Male";"2010";"79.92"
"Mortality";"Tarragona";"Lung";"45-59";"Male";"2011";"49.61"
"Mortality";"Tarragona";"Lung";"45-59";"Male";"2012";"41.50"
"Mortality";"Tarragona";"Lung";"45-59";"Male";"2013";"59.13"
"Mortality";"Tarragona";"Lung";"45-59";"Male";"2014";"68.00"
"Mortality";"Tarragona";"Lung";"45-59";"Male";"2015";"57.65"
"Mortality";"Tarragona";"Lung";"45-59";"Male";"2016";"58.99"
"Mortality";"Tarragona";"Lung";"45-59";"Male";"2017";"49.93"
"Mortality";"Tarragona";"Lung";"45-59";"Male";"2018";"60.03"
"Mortality";"Tarragona";"Lung";"45-59";"Male";"2019";"45.57"
"Mortality";"Balearic Islands";"Lung";"45-59";"Male";"1999";"29.71"
"Mortality";"Balearic Islands";"Lung";"45-59";"Male";"2000";"83.64"
"Mortality";"Balearic Islands";"Lung";"45-59";"Male";"2001";"70.61"
"Mortality";"Balearic Islands";"Lung";"45-59";"Male";"2002";"84.19"
"Mortality";"Balearic Islands";"Lung";"45-59";"Male";"2003";"73.55"
"Mortality";"Balearic Islands";"Lung";"45-59";"Male";"2004";"79.66"
"Mortality";"Balearic Islands";"Lung";"45-59";"Male";"2005";"81.15"
"Mortality";"Balearic Islands";"Lung";"45-59";"Male";"2006";"92.08"
"Mortality";"Balearic Islands";"Lung";"45-59";"Male";"2007";"73.99"
"Mortality";"Balearic Islands";"Lung";"45-59";"Male";"2008";"77.54"
"Mortality";"Balearic Islands";"Lung";"45-59";"Male";"2009";"86.19"
"Mortality";"Balearic Islands";"Lung";"45-59";"Male";"2010";"67.81"
"Mortality";"Balearic Islands";"Lung";"45-59";"Male";"2011";"60.05"
"Mortality";"Girona";"Lung";"45-59";"Female";"1999";"8.49"
"Mortality";"Girona";"Lung";"45-59";"Female";"2000";"6.15"
"Mortality";"Girona";"Lung";"45-59";"Female";"2001";"9.97"
"Mortality";"Girona";"Lung";"45-59";"Female";"2002";"15.25"
"Mortality";"Girona";"Lung";"45-59";"Female";"2003";"18.09"
"Mortality";"Girona";"Lung";"45-59";"Female";"2004";"3.45"
"Mortality";"Girona";"Lung";"45-59";"Female";"2005";"9.89"
"Mortality";"Girona";"Lung";"45-59";"Female";"2006";"18.98"
"Mortality";"Girona";"Lung";"45-59";"Female";"2007";"25.85"
"Mortality";"Girona";"Lung";"45-59";"Female";"2008";"13.26"
"Mortality";"Girona";"Lung";"45-59";"Female";"2009";"20.11"
"Mortality";"Girona";"Lung";"45-59";"Female";"2010";"19.61"
"Mortality";"Girona";"Lung";"45-59";"Female";"2011";"16.39"
"Mortality";"Girona";"Lung";"45-59";"Female";"2012";"17.41"
"Mortality";"Girona";"Lung";"45-59";"Female";"2013";"25.08"
"Mortality";"Girona";"Lung";"45-59";"Female";"2014";"23.48"
"Mortality";"Girona";"Lung";"45-59";"Female";"2015";"27.03"
"Mortality";"Girona";"Lung";"45-59";"Female";"2016";"19.01"
"Mortality";"Girona";"Lung";"45-59";"Female";"2017";"24.92"
"Mortality";"Girona";"Lung";"45-59";"Female";"2018";"20.87"
"Mortality";"Girona";"Lung";"45-59";"Female";"2019";"15.68"
"Mortality";"Balearic Islands";"Lung";"45-59";"Female";"1999";"7.07"
"Mortality";"Balearic Islands";"Lung";"45-59";"Female";"2000";"6.77"
"Mortality";"Balearic Islands";"Lung";"45-59";"Female";"2001";"11.37"
"Mortality";"Balearic Islands";"Lung";"45-59";"Female";"2002";"15.77"
"Mortality";"Balearic Islands";"Lung";"45-59";"Female";"2003";"34.83"
"Mortality";"Balearic Islands";"Lung";"45-59";"Female";"2004";"24.77"
"Mortality";"Balearic Islands";"Lung";"45-59";"Female";"2005";"22.48"
"Mortality";"Balearic Islands";"Lung";"45-59";"Female";"2006";"23.09"
"Mortality";"Balearic Islands";"Lung";"45-59";"Female";"2007";"23.79"
"Mortality";"Balearic Islands";"Lung";"45-59";"Female";"2008";"24.18"
"Mortality";"Balearic Islands";"Lung";"45-59";"Female";"2009";"30.86"
"Mortality";"Balearic Islands";"Lung";"45-59";"Female";"2010";"22.93"
"Mortality";"Balearic Islands";"Lung";"45-59";"Female";"2011";"28.04"
"Mortality";"Basque Country";"Lung";"45-59";"Female";"1999";"10.83"
"Mortality";"Basque Country";"Lung";"45-59";"Female";"2000";"14.04"
"Mortality";"Basque Country";"Lung";"45-59";"Female";"2001";"14.44"
"Mortality";"Basque Country";"Lung";"45-59";"Female";"2002";"16.98"
"Mortality";"Basque Country";"Lung";"45-59";"Female";"2003";"18.43"
"Mortality";"Basque Country";"Lung";"45-59";"Female";"2004";"20.95"
"Mortality";"Basque Country";"Lung";"45-59";"Female";"2005";"17.09"
"Mortality";"Basque Country";"Lung";"45-59";"Female";"2006";"22.74"
"Mortality";"Basque Country";"Lung";"45-59";"Female";"2007";"35.55"
"Mortality";"Basque Country";"Lung";"45-59";"Female";"2008";"31.56"
"Mortality";"Basque Country";"Lung";"45-59";"Female";"2009";"34.59"
"Mortality";"Basque Country";"Lung";"45-59";"Female";"2010";"39.94"
"Mortality";"Basque Country";"Lung";"45-59";"Female";"2011";"34.47"
"Mortality";"Basque Country";"Lung";"45-59";"Female";"2012";"31.91"
"Mortality";"Basque Country";"Lung";"45-59";"Female";"2013";"30.81"
"Mortality";"Basque Country";"Lung";"45-59";"Female";"2014";"36.27"
"Mortality";"Basque Country";"Lung";"45-59";"Female";"2015";"39.15"
"Mortality";"Basque Country";"Lung";"45-59";"Female";"2016";"30.15"
"Mortality";"Basque Country";"Lung";"45-59";"Female";"2017";"31.46"
"Mortality";"Basque Country";"Lung";"45-59";"Female";"2018";"24.99"
"Mortality";"Basque Country";"Lung";"45-59";"Female";"2019";"23.69"
"Mortality";"Navarra";"Lung";"45-59";"Male";"1999";"76.04"
"Mortality";"Navarra";"Lung";"45-59";"Male";"2000";"66.81"
"Mortality";"Navarra";"Lung";"45-59";"Male";"2001";"78.53"
"Mortality";"Navarra";"Lung";"45-59";"Male";"2002";"76.27"
"Mortality";"Navarra";"Lung";"45-59";"Male";"2003";"69.11"
"Mortality";"Navarra";"Lung";"45-59";"Male";"2004";"78.50"
"Mortality";"Navarra";"Lung";"45-59";"Male";"2005";"55.73"
"Mortality";"Navarra";"Lung";"45-59";"Male";"2006";"88.79"
"Mortality";"Navarra";"Lung";"45-59";"Male";"2007";"78.57"
"Mortality";"Navarra";"Lung";"45-59";"Male";"2008";"77.99"
"Mortality";"Navarra";"Lung";"45-59";"Male";"2009";"63.41"
"Mortality";"Navarra";"Lung";"45-59";"Male";"2010";"49.59"
"Mortality";"Navarra";"Lung";"45-59";"Male";"2011";"52.98"
"Mortality";"Navarra";"Lung";"45-59";"Male";"2012";"62.30"
"Mortality";"Navarra";"Lung";"45-59";"Male";"2013";"64.39"
"Mortality";"Navarra";"Lung";"45-59";"Male";"2014";"68.04"
"Mortality";"Navarra";"Lung";"45-59";"Male";"2015";"39.78"
"Mortality";"Navarra";"Lung";"45-59";"Male";"2016";"47.58"
"Mortality";"Navarra";"Lung";"45-59";"Male";"2017";"56.51"
"Mortality";"Navarra";"Lung";"45-59";"Male";"2018";"40.74"
"Mortality";"Navarra";"Lung";"45-59";"Male";"2019";"46.73"
"Mortality";"Navarra";"Lung";"45-59";"Male";"2020";"40.97"
"Mortality";"Tarragona";"Lung";"45-59";"Female";"1999";"5.82"
"Mortality";"Tarragona";"Lung";"45-59";"Female";"2000";"1.87"
"Mortality";"Tarragona";"Lung";"45-59";"Female";"2001";"3.63"
"Mortality";"Tarragona";"Lung";"45-59";"Female";"2002";"8.73"
"Mortality";"Tarragona";"Lung";"45-59";"Female";"2003";"20.17"
"Mortality";"Tarragona";"Lung";"45-59";"Female";"2004";"16.16"
"Mortality";"Tarragona";"Lung";"45-59";"Female";"2005";"12.40"
"Mortality";"Tarragona";"Lung";"45-59";"Female";"2006";"14.88"
"Mortality";"Tarragona";"Lung";"45-59";"Female";"2007";"17.14"
"Mortality";"Tarragona";"Lung";"45-59";"Female";"2008";"13.86"
"Mortality";"Tarragona";"Lung";"45-59";"Female";"2009";"20.33"
"Mortality";"Tarragona";"Lung";"45-59";"Female";"2010";"22.51"
"Mortality";"Tarragona";"Lung";"45-59";"Female";"2011";"18.12"
"Mortality";"Tarragona";"Lung";"45-59";"Female";"2012";"30.55"
"Mortality";"Tarragona";"Lung";"45-59";"Female";"2013";"27.62"
"Mortality";"Tarragona";"Lung";"45-59";"Female";"2014";"23.58"
"Mortality";"Tarragona";"Lung";"45-59";"Female";"2015";"25.74"
"Mortality";"Tarragona";"Lung";"45-59";"Female";"2016";"25.37"
"Mortality";"Tarragona";"Lung";"45-59";"Female";"2017";"23.73"
"Mortality";"Tarragona";"Lung";"45-59";"Female";"2018";"17.43"
"Mortality";"Tarragona";"Lung";"45-59";"Female";"2019";"20.43"
"Mortality";"Murcia";"Lung";"45-59";"Male";"1999";"81.27"
"Mortality";"Murcia";"Lung";"45-59";"Male";"2000";"72.70"
"Mortality";"Murcia";"Lung";"45-59";"Male";"2001";"67.06"
"Mortality";"Murcia";"Lung";"45-59";"Male";"2002";"88.85"
"Mortality";"Murcia";"Lung";"45-59";"Male";"2003";"83.41"
"Mortality";"Murcia";"Lung";"45-59";"Male";"2004";"71.68"
"Mortality";"Murcia";"Lung";"45-59";"Male";"2005";"81.31"
"Mortality";"Murcia";"Lung";"45-59";"Male";"2006";"76.90"
"Mortality";"Murcia";"Lung";"45-59";"Male";"2007";"55.31"
"Mortality";"Murcia";"Lung";"45-59";"Male";"2008";"69.68"
"Mortality";"Murcia";"Lung";"45-59";"Male";"2009";"47.96"
"Mortality";"Murcia";"Lung";"45-59";"Male";"2010";"69.25"
"Mortality";"Murcia";"Lung";"45-59";"Male";"2011";"67.38"
"Mortality";"Murcia";"Lung";"45-59";"Male";"2012";"55.06"
"Mortality";"Murcia";"Lung";"45-59";"Male";"2013";"54.22"
"Mortality";"Murcia";"Lung";"45-59";"Male";"2014";"47.37"
"Mortality";"Murcia";"Lung";"45-59";"Male";"2015";"46.05"
"Mortality";"Murcia";"Lung";"45-59";"Male";"2016";"51.24"
"Mortality";"Murcia";"Lung";"45-59";"Male";"2017";"44.79"
"Mortality";"Murcia";"Lung";"45-59";"Male";"2018";"45.24"
"Mortality";"Murcia";"Lung";"45-59";"Male";"2019";"41.32"
"Mortality";"Murcia";"Lung";"45-59";"Male";"2020";"46.19"
"Mortality";"Murcia";"Lung";"45-59";"Female";"1999";"8.06"
"Mortality";"Murcia";"Lung";"45-59";"Female";"2000";"12.26"
"Mortality";"Murcia";"Lung";"45-59";"Female";"2001";"11.05"
"Mortality";"Murcia";"Lung";"45-59";"Female";"2002";"10.71"
"Mortality";"Murcia";"Lung";"45-59";"Female";"2003";"8.17"
"Mortality";"Murcia";"Lung";"45-59";"Female";"2004";"9.78"
"Mortality";"Murcia";"Lung";"45-59";"Female";"2005";"9.37"
"Mortality";"Murcia";"Lung";"45-59";"Female";"2006";"9.02"
"Mortality";"Murcia";"Lung";"45-59";"Female";"2007";"19.06"
"Mortality";"Murcia";"Lung";"45-59";"Female";"2008";"15.05"
"Mortality";"Murcia";"Lung";"45-59";"Female";"2009";"8.92"
"Mortality";"Murcia";"Lung";"45-59";"Female";"2010";"12.51"
"Mortality";"Murcia";"Lung";"45-59";"Female";"2011";"15.14"
"Mortality";"Murcia";"Lung";"45-59";"Female";"2012";"10.27"
"Mortality";"Murcia";"Lung";"45-59";"Female";"2013";"16.39"
"Mortality";"Murcia";"Lung";"45-59";"Female";"2014";"18.74"
"Mortality";"Murcia";"Lung";"45-59";"Female";"2015";"14.19"
"Mortality";"Murcia";"Lung";"45-59";"Female";"2016";"21.77"
"Mortality";"Murcia";"Lung";"45-59";"Female";"2017";"20.60"
"Mortality";"Murcia";"Lung";"45-59";"Female";"2018";"18.97"
"Mortality";"Murcia";"Lung";"45-59";"Female";"2019";"17.36"
"Mortality";"Murcia";"Lung";"45-59";"Female";"2020";"18.16"
"Mortality";"Murcia";"Lung";"60-74";"Male";"1999";"225.75"
"Mortality";"Murcia";"Lung";"60-74";"Male";"2000";"252.43"
"Mortality";"Murcia";"Lung";"60-74";"Male";"2001";"258.48"
"Mortality";"Murcia";"Lung";"60-74";"Male";"2002";"302.93"
"Mortality";"Murcia";"Lung";"60-74";"Male";"2003";"259.37"
"Mortality";"Murcia";"Lung";"60-74";"Male";"2004";"275.88"
"Mortality";"Murcia";"Lung";"60-74";"Male";"2005";"246.48"
"Mortality";"Murcia";"Lung";"60-74";"Male";"2006";"263.00"
"Mortality";"Murcia";"Lung";"60-74";"Male";"2007";"249.20"
"Mortality";"Murcia";"Lung";"60-74";"Male";"2008";"218.40"
"Mortality";"Murcia";"Lung";"60-74";"Male";"2009";"265.32"
"Mortality";"Murcia";"Lung";"60-74";"Male";"2010";"292.22"
"Mortality";"Murcia";"Lung";"60-74";"Male";"2011";"252.06"
"Mortality";"Murcia";"Lung";"60-74";"Male";"2012";"250.40"
"Mortality";"Murcia";"Lung";"60-74";"Male";"2013";"259.51"
"Mortality";"Murcia";"Lung";"60-74";"Male";"2014";"242.93"
"Mortality";"Murcia";"Lung";"60-74";"Male";"2015";"213.03"
"Mortality";"Murcia";"Lung";"60-74";"Male";"2016";"277.37"
"Mortality";"Murcia";"Lung";"60-74";"Male";"2017";"240.78"
"Mortality";"Murcia";"Lung";"60-74";"Male";"2018";"253.02"
"Mortality";"Murcia";"Lung";"60-74";"Male";"2019";"207.67"
"Mortality";"Murcia";"Lung";"60-74";"Male";"2020";"229.41"
"Mortality";"Girona";"Lung";"60-74";"Female";"1999";"35.69"
"Mortality";"Girona";"Lung";"60-74";"Female";"2000";"19.20"
"Mortality";"Girona";"Lung";"60-74";"Female";"2001";"21.61"
"Mortality";"Girona";"Lung";"60-74";"Female";"2002";"26.39"
"Mortality";"Girona";"Lung";"60-74";"Female";"2003";"21.37"
"Mortality";"Girona";"Lung";"60-74";"Female";"2004";"21.03"
"Mortality";"Girona";"Lung";"60-74";"Female";"2005";"25.29"
"Mortality";"Girona";"Lung";"60-74";"Female";"2006";"22.66"
"Mortality";"Girona";"Lung";"60-74";"Female";"2007";"37.82"
"Mortality";"Girona";"Lung";"60-74";"Female";"2008";"28.32"
"Mortality";"Girona";"Lung";"60-74";"Female";"2009";"23.53"
"Mortality";"Girona";"Lung";"60-74";"Female";"2010";"35.82"
"Mortality";"Girona";"Lung";"60-74";"Female";"2011";"37.32"
"Mortality";"Girona";"Lung";"60-74";"Female";"2012";"44.80"
"Mortality";"Girona";"Lung";"60-74";"Female";"2013";"35.78"
"Mortality";"Girona";"Lung";"60-74";"Female";"2014";"38.49"
"Mortality";"Girona";"Lung";"60-74";"Female";"2015";"48.58"
"Mortality";"Girona";"Lung";"60-74";"Female";"2016";"51.05"
"Mortality";"Girona";"Lung";"60-74";"Female";"2017";"51.18"
"Mortality";"Girona";"Lung";"60-74";"Female";"2018";"59.98"
"Mortality";"Girona";"Lung";"60-74";"Female";"2019";"49.99"
"Mortality";"Girona";"Lung";"60-74";"Male";"1999";"284.19"
"Mortality";"Girona";"Lung";"60-74";"Male";"2000";"270.12"
"Mortality";"Girona";"Lung";"60-74";"Male";"2001";"297.72"
"Mortality";"Girona";"Lung";"60-74";"Male";"2002";"251.61"
"Mortality";"Girona";"Lung";"60-74";"Male";"2003";"262.87"
"Mortality";"Girona";"Lung";"60-74";"Male";"2004";"239.94"
"Mortality";"Girona";"Lung";"60-74";"Male";"2005";"238.85"
"Mortality";"Girona";"Lung";"60-74";"Male";"2006";"245.58"
"Mortality";"Girona";"Lung";"60-74";"Male";"2007";"283.88"
"Mortality";"Girona";"Lung";"60-74";"Male";"2008";"242.70"
"Mortality";"Girona";"Lung";"60-74";"Male";"2009";"203.68"
"Mortality";"Girona";"Lung";"60-74";"Male";"2010";"202.30"
"Mortality";"Girona";"Lung";"60-74";"Male";"2011";"176.98"
"Mortality";"Girona";"Lung";"60-74";"Male";"2012";"274.46"
"Mortality";"Girona";"Lung";"60-74";"Male";"2013";"240.05"
"Mortality";"Girona";"Lung";"60-74";"Male";"2014";"162.17"
"Mortality";"Girona";"Lung";"60-74";"Male";"2015";"216.99"
"Mortality";"Girona";"Lung";"60-74";"Male";"2016";"195.17"
"Mortality";"Girona";"Lung";"60-74";"Male";"2017";"198.64"
"Mortality";"Girona";"Lung";"60-74";"Male";"2018";"206.15"
"Mortality";"Girona";"Lung";"60-74";"Male";"2019";"214.74"
"Mortality";"Basque Country";"Lung";"60-74";"Female";"1999";"26.03"
"Mortality";"Basque Country";"Lung";"60-74";"Female";"2000";"23.12"
"Mortality";"Basque Country";"Lung";"60-74";"Female";"2001";"12.26"
"Mortality";"Basque Country";"Lung";"60-74";"Female";"2002";"21.22"
"Mortality";"Basque Country";"Lung";"60-74";"Female";"2003";"18.35"
"Mortality";"Basque Country";"Lung";"60-74";"Female";"2004";"29.03"
"Mortality";"Basque Country";"Lung";"60-74";"Female";"2005";"25.94"
"Mortality";"Basque Country";"Lung";"60-74";"Female";"2006";"30.51"
"Mortality";"Basque Country";"Lung";"60-74";"Female";"2007";"24.47"
"Mortality";"Basque Country";"Lung";"60-74";"Female";"2008";"29.03"
"Mortality";"Basque Country";"Lung";"60-74";"Female";"2009";"34.45"
"Mortality";"Basque Country";"Lung";"60-74";"Female";"2010";"42.11"
"Mortality";"Basque Country";"Lung";"60-74";"Female";"2011";"46.25"
"Mortality";"Basque Country";"Lung";"60-74";"Female";"2012";"44.41"
"Mortality";"Basque Country";"Lung";"60-74";"Female";"2013";"51.40"
"Mortality";"Basque Country";"Lung";"60-74";"Female";"2014";"52.39"
"Mortality";"Basque Country";"Lung";"60-74";"Female";"2015";"58.99"
"Mortality";"Basque Country";"Lung";"60-74";"Female";"2016";"51.33"
"Mortality";"Basque Country";"Lung";"60-74";"Female";"2017";"66.36"
"Mortality";"Basque Country";"Lung";"60-74";"Female";"2018";"66.21"
"Mortality";"Basque Country";"Lung";"60-74";"Female";"2019";"74.36"
"Mortality";"Basque Country";"Lung";"60-74";"Male";"1999";"220.61"
"Mortality";"Basque Country";"Lung";"60-74";"Male";"2000";"231.50"
"Mortality";"Basque Country";"Lung";"60-74";"Male";"2001";"244.45"
"Mortality";"Basque Country";"Lung";"60-74";"Male";"2002";"261.15"
"Mortality";"Basque Country";"Lung";"60-74";"Male";"2003";"266.70"
"Mortality";"Basque Country";"Lung";"60-74";"Male";"2004";"224.42"
"Mortality";"Basque Country";"Lung";"60-74";"Male";"2005";"237.20"
"Mortality";"Basque Country";"Lung";"60-74";"Male";"2006";"240.24"
"Mortality";"Basque Country";"Lung";"60-74";"Male";"2007";"255.14"
"Mortality";"Basque Country";"Lung";"60-74";"Male";"2008";"268.39"
"Mortality";"Basque Country";"Lung";"60-74";"Male";"2009";"255.86"
"Mortality";"Basque Country";"Lung";"60-74";"Male";"2010";"222.72"
"Mortality";"Basque Country";"Lung";"60-74";"Male";"2011";"239.01"
"Mortality";"Basque Country";"Lung";"60-74";"Male";"2012";"239.55"
"Mortality";"Basque Country";"Lung";"60-74";"Male";"2013";"247.28"
"Mortality";"Basque Country";"Lung";"60-74";"Male";"2014";"240.53"
"Mortality";"Basque Country";"Lung";"60-74";"Male";"2015";"217.73"
"Mortality";"Basque Country";"Lung";"60-74";"Male";"2016";"232.69"
"Mortality";"Basque Country";"Lung";"60-74";"Male";"2017";"250.29"
"Mortality";"Basque Country";"Lung";"60-74";"Male";"2018";"229.54"
"Mortality";"Basque Country";"Lung";"60-74";"Male";"2019";"247.67"
"Mortality";"Tarragona";"Lung";"60-74";"Male";"1999";"206.64"
"Mortality";"Tarragona";"Lung";"60-74";"Male";"2000";"252.76"
"Mortality";"Tarragona";"Lung";"60-74";"Male";"2001";"218.12"
"Mortality";"Tarragona";"Lung";"60-74";"Male";"2002";"232.57"
"Mortality";"Tarragona";"Lung";"60-74";"Male";"2003";"226.96"
"Mortality";"Tarragona";"Lung";"60-74";"Male";"2004";"226.65"
"Mortality";"Tarragona";"Lung";"60-74";"Male";"2005";"250.03"
"Mortality";"Tarragona";"Lung";"60-74";"Male";"2006";"226.21"
"Mortality";"Tarragona";"Lung";"60-74";"Male";"2007";"253.58"
"Mortality";"Tarragona";"Lung";"60-74";"Male";"2008";"207.83"
"Mortality";"Tarragona";"Lung";"60-74";"Male";"2009";"222.57"
"Mortality";"Tarragona";"Lung";"60-74";"Male";"2010";"224.46"
"Mortality";"Tarragona";"Lung";"60-74";"Male";"2011";"215.30"
"Mortality";"Tarragona";"Lung";"60-74";"Male";"2012";"256.93"
"Mortality";"Tarragona";"Lung";"60-74";"Male";"2013";"213.94"
"Mortality";"Tarragona";"Lung";"60-74";"Male";"2014";"209.44"
"Mortality";"Tarragona";"Lung";"60-74";"Male";"2015";"224.72"
"Mortality";"Tarragona";"Lung";"60-74";"Male";"2016";"266.59"
"Mortality";"Tarragona";"Lung";"60-74";"Male";"2017";"209.33"
"Mortality";"Tarragona";"Lung";"60-74";"Male";"2018";"200.59"
"Mortality";"Tarragona";"Lung";"60-74";"Male";"2019";"197.16"
"Mortality";"Murcia";"Lung";"60-74";"Female";"1999";"14.84"
"Mortality";"Murcia";"Lung";"60-74";"Female";"2000";"15.07"
"Mortality";"Murcia";"Lung";"60-74";"Female";"2001";"19.80"
"Mortality";"Murcia";"Lung";"60-74";"Female";"2002";"16.19"
"Mortality";"Murcia";"Lung";"60-74";"Female";"2003";"17.43"
"Mortality";"Murcia";"Lung";"60-74";"Female";"2004";"28.50"
"Mortality";"Murcia";"Lung";"60-74";"Female";"2005";"20.84"
"Mortality";"Murcia";"Lung";"60-74";"Female";"2006";"26.57"
"Mortality";"Murcia";"Lung";"60-74";"Female";"2007";"26.16"
"Mortality";"Murcia";"Lung";"60-74";"Female";"2008";"36.42"
"Mortality";"Murcia";"Lung";"60-74";"Female";"2009";"26.63"
"Mortality";"Murcia";"Lung";"60-74";"Female";"2010";"24.03"
"Mortality";"Murcia";"Lung";"60-74";"Female";"2011";"27.15"
"Mortality";"Murcia";"Lung";"60-74";"Female";"2012";"20.11"
"Mortality";"Murcia";"Lung";"60-74";"Female";"2013";"32.98"
"Mortality";"Murcia";"Lung";"60-74";"Female";"2014";"34.66"
"Mortality";"Murcia";"Lung";"60-74";"Female";"2015";"32.68"
"Mortality";"Murcia";"Lung";"60-74";"Female";"2016";"44.04"
"Mortality";"Murcia";"Lung";"60-74";"Female";"2017";"38.93"
"Mortality";"Murcia";"Lung";"60-74";"Female";"2018";"33.93"
"Mortality";"Murcia";"Lung";"60-74";"Female";"2019";"52.11"
"Mortality";"Murcia";"Lung";"60-74";"Female";"2020";"57.85"
"Mortality";"Balearic Islands";"Lung";"60-74";"Male";"1999";"82.22"
"Mortality";"Balearic Islands";"Lung";"60-74";"Male";"2000";"272.83"
"Mortality";"Balearic Islands";"Lung";"60-74";"Male";"2001";"322.50"
"Mortality";"Balearic Islands";"Lung";"60-74";"Male";"2002";"273.71"
"Mortality";"Balearic Islands";"Lung";"60-74";"Male";"2003";"260.81"
"Mortality";"Balearic Islands";"Lung";"60-74";"Male";"2004";"273.61"
"Mortality";"Balearic Islands";"Lung";"60-74";"Male";"2005";"256.28"
"Mortality";"Balearic Islands";"Lung";"60-74";"Male";"2006";"319.97"
"Mortality";"Balearic Islands";"Lung";"60-74";"Male";"2007";"302.70"
"Mortality";"Balearic Islands";"Lung";"60-74";"Male";"2008";"229.55"
"Mortality";"Balearic Islands";"Lung";"60-74";"Male";"2009";"261.45"
"Mortality";"Balearic Islands";"Lung";"60-74";"Male";"2010";"256.66"
"Mortality";"Balearic Islands";"Lung";"60-74";"Male";"2011";"231.62"
"Mortality";"Balearic Islands";"Lung";"60-74";"Female";"1999";"11.12"
"Mortality";"Balearic Islands";"Lung";"60-74";"Female";"2000";"17.66"
"Mortality";"Balearic Islands";"Lung";"60-74";"Female";"2001";"30.63"
"Mortality";"Balearic Islands";"Lung";"60-74";"Female";"2002";"15.29"
"Mortality";"Balearic Islands";"Lung";"60-74";"Female";"2003";"27.77"
"Mortality";"Balearic Islands";"Lung";"60-74";"Female";"2004";"43.81"
"Mortality";"Balearic Islands";"Lung";"60-74";"Female";"2005";"30.51"
"Mortality";"Balearic Islands";"Lung";"60-74";"Female";"2006";"41.61"
"Mortality";"Balearic Islands";"Lung";"60-74";"Female";"2007";"36.81"
"Mortality";"Balearic Islands";"Lung";"60-74";"Female";"2008";"52.71"
"Mortality";"Balearic Islands";"Lung";"60-74";"Female";"2009";"31.27"
"Mortality";"Balearic Islands";"Lung";"60-74";"Female";"2010";"37.93"
"Mortality";"Balearic Islands";"Lung";"60-74";"Female";"2011";"37.22"
"Mortality";"Navarra";"Lung";"60-74";"Male";"1999";"273.39"
"Mortality";"Navarra";"Lung";"60-74";"Male";"2000";"259.39"
"Mortality";"Navarra";"Lung";"60-74";"Male";"2001";"244.86"
"Mortality";"Navarra";"Lung";"60-74";"Male";"2002";"268.85"
"Mortality";"Navarra";"Lung";"60-74";"Male";"2003";"240.99"
"Mortality";"Navarra";"Lung";"60-74";"Male";"2004";"233.35"
"Mortality";"Navarra";"Lung";"60-74";"Male";"2005";"259.32"
"Mortality";"Navarra";"Lung";"60-74";"Male";"2006";"209.63"
"Mortality";"Navarra";"Lung";"60-74";"Male";"2007";"231.67"
"Mortality";"Navarra";"Lung";"60-74";"Male";"2008";"213.57"
"Mortality";"Navarra";"Lung";"60-74";"Male";"2009";"239.12"
"Mortality";"Navarra";"Lung";"60-74";"Male";"2010";"234.23"
"Mortality";"Navarra";"Lung";"60-74";"Male";"2011";"250.28"
"Mortality";"Navarra";"Lung";"60-74";"Male";"2012";"219.16"
"Mortality";"Navarra";"Lung";"60-74";"Male";"2013";"238.94"
"Mortality";"Navarra";"Lung";"60-74";"Male";"2014";"230.59"
"Mortality";"Navarra";"Lung";"60-74";"Male";"2015";"229.36"
"Mortality";"Navarra";"Lung";"60-74";"Male";"2016";"242.13"
"Mortality";"Navarra";"Lung";"60-74";"Male";"2017";"220.03"
"Mortality";"Navarra";"Lung";"60-74";"Male";"2018";"231.67"
"Mortality";"Navarra";"Lung";"60-74";"Male";"2019";"216.96"
"Mortality";"Navarra";"Lung";"60-74";"Male";"2020";"219.35"
"Mortality";"Tarragona";"Lung";"60-74";"Female";"1999";"17.63"
"Mortality";"Tarragona";"Lung";"60-74";"Female";"2000";"15.52"
"Mortality";"Tarragona";"Lung";"60-74";"Female";"2001";"6.59"
"Mortality";"Tarragona";"Lung";"60-74";"Female";"2002";"30.64"
"Mortality";"Tarragona";"Lung";"60-74";"Female";"2003";"28.19"
"Mortality";"Tarragona";"Lung";"60-74";"Female";"2004";"21.37"
"Mortality";"Tarragona";"Lung";"60-74";"Female";"2005";"23.07"
"Mortality";"Tarragona";"Lung";"60-74";"Female";"2006";"26.69"
"Mortality";"Tarragona";"Lung";"60-74";"Female";"2007";"26.10"
"Mortality";"Tarragona";"Lung";"60-74";"Female";"2008";"19.63"
"Mortality";"Tarragona";"Lung";"60-74";"Female";"2009";"19.21"
"Mortality";"Tarragona";"Lung";"60-74";"Female";"2010";"26.47"
"Mortality";"Tarragona";"Lung";"60-74";"Female";"2011";"24.27"
"Mortality";"Tarragona";"Lung";"60-74";"Female";"2012";"27.53"
"Mortality";"Tarragona";"Lung";"60-74";"Female";"2013";"39.40"
"Mortality";"Tarragona";"Lung";"60-74";"Female";"2014";"46.78"
"Mortality";"Tarragona";"Lung";"60-74";"Female";"2015";"48.95"
"Mortality";"Tarragona";"Lung";"60-74";"Female";"2016";"34.73"
"Mortality";"Tarragona";"Lung";"60-74";"Female";"2017";"37.01"
"Mortality";"Tarragona";"Lung";"60-74";"Female";"2018";"36.01"
"Mortality";"Tarragona";"Lung";"60-74";"Female";"2019";"51.76"
"Mortality";"Navarra";"Lung";"60-74";"Female";"1999";"9.70"
"Mortality";"Navarra";"Lung";"60-74";"Female";"2000";"26.70"
"Mortality";"Navarra";"Lung";"60-74";"Female";"2001";"19.41"
"Mortality";"Navarra";"Lung";"60-74";"Female";"2002";"24.38"
"Mortality";"Navarra";"Lung";"60-74";"Female";"2003";"9.77"
"Mortality";"Navarra";"Lung";"60-74";"Female";"2004";"33.98"
"Mortality";"Navarra";"Lung";"60-74";"Female";"2005";"21.67"
"Mortality";"Navarra";"Lung";"60-74";"Female";"2006";"28.55"
"Mortality";"Navarra";"Lung";"60-74";"Female";"2007";"14.17"
"Mortality";"Navarra";"Lung";"60-74";"Female";"2008";"25.67"
"Mortality";"Navarra";"Lung";"60-74";"Female";"2009";"18.34"
"Mortality";"Navarra";"Lung";"60-74";"Female";"2010";"33.89"
"Mortality";"Navarra";"Lung";"60-74";"Female";"2011";"44.81"
"Mortality";"Navarra";"Lung";"60-74";"Female";"2012";"37.68"
"Mortality";"Navarra";"Lung";"60-74";"Female";"2013";"69.31"
"Mortality";"Navarra";"Lung";"60-74";"Female";"2014";"44.50"
"Mortality";"Navarra";"Lung";"60-74";"Female";"2015";"53.77"
"Mortality";"Navarra";"Lung";"60-74";"Female";"2016";"48.88"
"Mortality";"Navarra";"Lung";"60-74";"Female";"2017";"65.45"
"Mortality";"Navarra";"Lung";"60-74";"Female";"2018";"75.22"
"Mortality";"Navarra";"Lung";"60-74";"Female";"2019";"45.47"
"Mortality";"Navarra";"Lung";"60-74";"Female";"2020";"79.95"
"Mortality";"Girona";"Lung";"75-85+";"Male";"1999";"445.77"
"Mortality";"Girona";"Lung";"75-85+";"Male";"2000";"451.51"
"Mortality";"Girona";"Lung";"75-85+";"Male";"2001";"394.08"
"Mortality";"Girona";"Lung";"75-85+";"Male";"2002";"439.17"
"Mortality";"Girona";"Lung";"75-85+";"Male";"2003";"373.39"
"Mortality";"Girona";"Lung";"75-85+";"Male";"2004";"468.22"
"Mortality";"Girona";"Lung";"75-85+";"Male";"2005";"384.45"
"Mortality";"Girona";"Lung";"75-85+";"Male";"2006";"428.57"
"Mortality";"Girona";"Lung";"75-85+";"Male";"2007";"382.29"
"Mortality";"Girona";"Lung";"75-85+";"Male";"2008";"342.36"
"Mortality";"Girona";"Lung";"75-85+";"Male";"2009";"402.86"
"Mortality";"Girona";"Lung";"75-85+";"Male";"2010";"388.43"
"Mortality";"Girona";"Lung";"75-85+";"Male";"2011";"377.40"
"Mortality";"Girona";"Lung";"75-85+";"Male";"2012";"362.51"
"Mortality";"Girona";"Lung";"75-85+";"Male";"2013";"382.64"
"Mortality";"Girona";"Lung";"75-85+";"Male";"2014";"410.11"
"Mortality";"Girona";"Lung";"75-85+";"Male";"2015";"404.73"
"Mortality";"Girona";"Lung";"75-85+";"Male";"2016";"370.52"
"Mortality";"Girona";"Lung";"75-85+";"Male";"2017";"337.02"
"Mortality";"Girona";"Lung";"75-85+";"Male";"2018";"365.80"
"Mortality";"Girona";"Lung";"75-85+";"Male";"2019";"350.84"
"Mortality";"Murcia";"Lung";"75-85+";"Male";"1999";"476.11"
"Mortality";"Murcia";"Lung";"75-85+";"Male";"2000";"476.02"
"Mortality";"Murcia";"Lung";"75-85+";"Male";"2001";"488.95"
"Mortality";"Murcia";"Lung";"75-85+";"Male";"2002";"478.00"
"Mortality";"Murcia";"Lung";"75-85+";"Male";"2003";"503.65"
"Mortality";"Murcia";"Lung";"75-85+";"Male";"2004";"473.37"
"Mortality";"Murcia";"Lung";"75-85+";"Male";"2005";"478.47"
"Mortality";"Murcia";"Lung";"75-85+";"Male";"2006";"401.17"
"Mortality";"Murcia";"Lung";"75-85+";"Male";"2007";"474.35"
"Mortality";"Murcia";"Lung";"75-85+";"Male";"2008";"470.00"
"Mortality";"Murcia";"Lung";"75-85+";"Male";"2009";"448.84"
"Mortality";"Murcia";"Lung";"75-85+";"Male";"2010";"389.91"
"Mortality";"Murcia";"Lung";"75-85+";"Male";"2011";"431.37"
"Mortality";"Murcia";"Lung";"75-85+";"Male";"2012";"430.18"
"Mortality";"Murcia";"Lung";"75-85+";"Male";"2013";"421.24"
"Mortality";"Murcia";"Lung";"75-85+";"Male";"2014";"467.31"
"Mortality";"Murcia";"Lung";"75-85+";"Male";"2015";"457.26"
"Mortality";"Murcia";"Lung";"75-85+";"Male";"2016";"389.59"
"Mortality";"Murcia";"Lung";"75-85+";"Male";"2017";"382.94"
"Mortality";"Murcia";"Lung";"75-85+";"Male";"2018";"361.76"
"Mortality";"Murcia";"Lung";"75-85+";"Male";"2019";"396.38"
"Mortality";"Murcia";"Lung";"75-85+";"Male";"2020";"413.44"
"Mortality";"Girona";"Lung";"75-85+";"Female";"1999";"23.58"
"Mortality";"Girona";"Lung";"75-85+";"Female";"2000";"30.32"
"Mortality";"Girona";"Lung";"75-85+";"Female";"2001";"29.05"
"Mortality";"Girona";"Lung";"75-85+";"Female";"2002";"42.12"
"Mortality";"Girona";"Lung";"75-85+";"Female";"2003";"50.74"
"Mortality";"Girona";"Lung";"75-85+";"Female";"2004";"42.56"
"Mortality";"Girona";"Lung";"75-85+";"Female";"2005";"47.37"
"Mortality";"Girona";"Lung";"75-85+";"Female";"2006";"30.37"
"Mortality";"Girona";"Lung";"75-85+";"Female";"2007";"41.10"
"Mortality";"Girona";"Lung";"75-85+";"Female";"2008";"39.87"
"Mortality";"Girona";"Lung";"75-85+";"Female";"2009";"49.99"
"Mortality";"Girona";"Lung";"75-85+";"Female";"2010";"32.54"
"Mortality";"Girona";"Lung";"75-85+";"Female";"2011";"52.78"
"Mortality";"Girona";"Lung";"75-85+";"Female";"2012";"44.06"
"Mortality";"Girona";"Lung";"75-85+";"Female";"2013";"59.30"
"Mortality";"Girona";"Lung";"75-85+";"Female";"2014";"41.62"
"Mortality";"Girona";"Lung";"75-85+";"Female";"2015";"41.56"
"Mortality";"Girona";"Lung";"75-85+";"Female";"2016";"51.22"
"Mortality";"Girona";"Lung";"75-85+";"Female";"2017";"45.88"
"Mortality";"Girona";"Lung";"75-85+";"Female";"2018";"43.13"
"Mortality";"Girona";"Lung";"75-85+";"Female";"2019";"65.07"
"Mortality";"Navarra";"Lung";"75-85+";"Female";"1999";"35.99"
"Mortality";"Navarra";"Lung";"75-85+";"Female";"2000";"24.56"
"Mortality";"Navarra";"Lung";"75-85+";"Female";"2001";"33.94"
"Mortality";"Navarra";"Lung";"75-85+";"Female";"2002";"39.53"
"Mortality";"Navarra";"Lung";"75-85+";"Female";"2003";"38.68"
"Mortality";"Navarra";"Lung";"75-85+";"Female";"2004";"18.84"
"Mortality";"Navarra";"Lung";"75-85+";"Female";"2005";"55.19"
"Mortality";"Navarra";"Lung";"75-85+";"Female";"2006";"26.89"
"Mortality";"Navarra";"Lung";"75-85+";"Female";"2007";"29.31"
"Mortality";"Navarra";"Lung";"75-85+";"Female";"2008";"54.33"
"Mortality";"Navarra";"Lung";"75-85+";"Female";"2009";"50.53"
"Mortality";"Navarra";"Lung";"75-85+";"Female";"2010";"33.17"
"Mortality";"Navarra";"Lung";"75-85+";"Female";"2011";"59.49"
"Mortality";"Navarra";"Lung";"75-85+";"Female";"2012";"69.35"
"Mortality";"Navarra";"Lung";"75-85+";"Female";"2013";"50.68"
"Mortality";"Navarra";"Lung";"75-85+";"Female";"2014";"47.98"
"Mortality";"Navarra";"Lung";"75-85+";"Female";"2015";"72.30"
"Mortality";"Navarra";"Lung";"75-85+";"Female";"2016";"58.35"
"Mortality";"Navarra";"Lung";"75-85+";"Female";"2017";"52.98"
"Mortality";"Navarra";"Lung";"75-85+";"Female";"2018";"68.47"
"Mortality";"Navarra";"Lung";"75-85+";"Female";"2019";"64.89"
"Mortality";"Navarra";"Lung";"75-85+";"Female";"2020";"76.36"
"Mortality";"Tarragona";"Lung";"75-85+";"Female";"1999";"47.88"
"Mortality";"Tarragona";"Lung";"75-85+";"Female";"2000";"25.03"
"Mortality";"Tarragona";"Lung";"75-85+";"Female";"2001";"37.99"
"Mortality";"Tarragona";"Lung";"75-85+";"Female";"2002";"30.02"
"Mortality";"Tarragona";"Lung";"75-85+";"Female";"2003";"35.39"
"Mortality";"Tarragona";"Lung";"75-85+";"Female";"2004";"31.04"
"Mortality";"Tarragona";"Lung";"75-85+";"Female";"2005";"56.96"
"Mortality";"Tarragona";"Lung";"75-85+";"Female";"2006";"46.33"
"Mortality";"Tarragona";"Lung";"75-85+";"Female";"2007";"27.99"
"Mortality";"Tarragona";"Lung";"75-85+";"Female";"2008";"54.26"
"Mortality";"Tarragona";"Lung";"75-85+";"Female";"2009";"47.49"
"Mortality";"Tarragona";"Lung";"75-85+";"Female";"2010";"46.25"
"Mortality";"Tarragona";"Lung";"75-85+";"Female";"2011";"57.52"
"Mortality";"Tarragona";"Lung";"75-85+";"Female";"2012";"61.36"
"Mortality";"Tarragona";"Lung";"75-85+";"Female";"2013";"43.90"
"Mortality";"Tarragona";"Lung";"75-85+";"Female";"2014";"68.73"
"Mortality";"Tarragona";"Lung";"75-85+";"Female";"2015";"53.81"
"Mortality";"Tarragona";"Lung";"75-85+";"Female";"2016";"55.52"
"Mortality";"Tarragona";"Lung";"75-85+";"Female";"2017";"50.36"
"Mortality";"Tarragona";"Lung";"75-85+";"Female";"2018";"47.34"
"Mortality";"Tarragona";"Lung";"75-85+";"Female";"2019";"81.21"
"Mortality";"Balearic Islands";"Lung";"75-85+";"Female";"1999";"14.56"
"Mortality";"Balearic Islands";"Lung";"75-85+";"Female";"2000";"35.32"
"Mortality";"Balearic Islands";"Lung";"75-85+";"Female";"2001";"54.96"
"Mortality";"Balearic Islands";"Lung";"75-85+";"Female";"2002";"55.27"
"Mortality";"Balearic Islands";"Lung";"75-85+";"Female";"2003";"56.88"
"Mortality";"Balearic Islands";"Lung";"75-85+";"Female";"2004";"52.24"
"Mortality";"Balearic Islands";"Lung";"75-85+";"Female";"2005";"68.69"
"Mortality";"Balearic Islands";"Lung";"75-85+";"Female";"2006";"55.13"
"Mortality";"Balearic Islands";"Lung";"75-85+";"Female";"2007";"32.12"
"Mortality";"Balearic Islands";"Lung";"75-85+";"Female";"2008";"57.06"
"Mortality";"Balearic Islands";"Lung";"75-85+";"Female";"2009";"69.74"
"Mortality";"Balearic Islands";"Lung";"75-85+";"Female";"2010";"54.74"
"Mortality";"Balearic Islands";"Lung";"75-85+";"Female";"2011";"72.50"
"Mortality";"Balearic Islands";"Lung";"75-85+";"Male";"1999";"224.07"
"Mortality";"Balearic Islands";"Lung";"75-85+";"Male";"2000";"503.96"
"Mortality";"Balearic Islands";"Lung";"75-85+";"Male";"2001";"612.97"
"Mortality";"Balearic Islands";"Lung";"75-85+";"Male";"2002";"431.87"
"Mortality";"Balearic Islands";"Lung";"75-85+";"Male";"2003";"449.13"
"Mortality";"Balearic Islands";"Lung";"75-85+";"Male";"2004";"591.60"
"Mortality";"Balearic Islands";"Lung";"75-85+";"Male";"2005";"522.95"
"Mortality";"Balearic Islands";"Lung";"75-85+";"Male";"2006";"495.00"
"Mortality";"Balearic Islands";"Lung";"75-85+";"Male";"2007";"544.19"
"Mortality";"Balearic Islands";"Lung";"75-85+";"Male";"2008";"514.06"
"Mortality";"Balearic Islands";"Lung";"75-85+";"Male";"2009";"445.46"
"Mortality";"Balearic Islands";"Lung";"75-85+";"Male";"2010";"447.83"
"Mortality";"Balearic Islands";"Lung";"75-85+";"Male";"2011";"429.56"
"Mortality";"Tarragona";"Lung";"75-85+";"Male";"1999";"373.70"
"Mortality";"Tarragona";"Lung";"75-85+";"Male";"2000";"416.43"
"Mortality";"Tarragona";"Lung";"75-85+";"Male";"2001";"422.97"
"Mortality";"Tarragona";"Lung";"75-85+";"Male";"2002";"323.80"
"Mortality";"Tarragona";"Lung";"75-85+";"Male";"2003";"350.13"
"Mortality";"Tarragona";"Lung";"75-85+";"Male";"2004";"364.30"
"Mortality";"Tarragona";"Lung";"75-85+";"Male";"2005";"405.09"
"Mortality";"Tarragona";"Lung";"75-85+";"Male";"2006";"398.66"
"Mortality";"Tarragona";"Lung";"75-85+";"Male";"2007";"343.18"
"Mortality";"Tarragona";"Lung";"75-85+";"Male";"2008";"442.06"
"Mortality";"Tarragona";"Lung";"75-85+";"Male";"2009";"368.18"
"Mortality";"Tarragona";"Lung";"75-85+";"Male";"2010";"372.47"
"Mortality";"Tarragona";"Lung";"75-85+";"Male";"2011";"364.66"
"Mortality";"Tarragona";"Lung";"75-85+";"Male";"2012";"361.19"
"Mortality";"Tarragona";"Lung";"75-85+";"Male";"2013";"354.75"
"Mortality";"Tarragona";"Lung";"75-85+";"Male";"2014";"368.64"
"Mortality";"Tarragona";"Lung";"75-85+";"Male";"2015";"394.20"
"Mortality";"Tarragona";"Lung";"75-85+";"Male";"2016";"403.17"
"Mortality";"Tarragona";"Lung";"75-85+";"Male";"2017";"317.33"
"Mortality";"Tarragona";"Lung";"75-85+";"Male";"2018";"449.45"
"Mortality";"Tarragona";"Lung";"75-85+";"Male";"2019";"366.68"
"Mortality";"Navarra";"Lung";"75-85+";"Male";"1999";"350.96"
"Mortality";"Navarra";"Lung";"75-85+";"Male";"2000";"344.55"
"Mortality";"Navarra";"Lung";"75-85+";"Male";"2001";"476.14"
"Mortality";"Navarra";"Lung";"75-85+";"Male";"2002";"395.77"
"Mortality";"Navarra";"Lung";"75-85+";"Male";"2003";"416.86"
"Mortality";"Navarra";"Lung";"75-85+";"Male";"2004";"434.47"
"Mortality";"Navarra";"Lung";"75-85+";"Male";"2005";"516.67"
"Mortality";"Navarra";"Lung";"75-85+";"Male";"2006";"436.70"
"Mortality";"Navarra";"Lung";"75-85+";"Male";"2007";"451.83"
"Mortality";"Navarra";"Lung";"75-85+";"Male";"2008";"339.36"
"Mortality";"Navarra";"Lung";"75-85+";"Male";"2009";"434.49"
"Mortality";"Navarra";"Lung";"75-85+";"Male";"2010";"464.65"
"Mortality";"Navarra";"Lung";"75-85+";"Male";"2011";"421.26"
"Mortality";"Navarra";"Lung";"75-85+";"Male";"2012";"413.29"
"Mortality";"Navarra";"Lung";"75-85+";"Male";"2013";"403.18"
"Mortality";"Navarra";"Lung";"75-85+";"Male";"2014";"375.55"
"Mortality";"Navarra";"Lung";"75-85+";"Male";"2015";"417.15"
"Mortality";"Navarra";"Lung";"75-85+";"Male";"2016";"422.34"
"Mortality";"Navarra";"Lung";"75-85+";"Male";"2017";"403.53"
"Mortality";"Navarra";"Lung";"75-85+";"Male";"2018";"417.61"
"Mortality";"Navarra";"Lung";"75-85+";"Male";"2019";"280.58"
"Mortality";"Navarra";"Lung";"75-85+";"Male";"2020";"285.59"
"Mortality";"Basque Country";"Lung";"75-85+";"Male";"1999";"466.90"
"Mortality";"Basque Country";"Lung";"75-85+";"Male";"2000";"408.19"
"Mortality";"Basque Country";"Lung";"75-85+";"Male";"2001";"460.69"
"Mortality";"Basque Country";"Lung";"75-85+";"Male";"2002";"390.51"
"Mortality";"Basque Country";"Lung";"75-85+";"Male";"2003";"487.14"
"Mortality";"Basque Country";"Lung";"75-85+";"Male";"2004";"428.61"
"Mortality";"Basque Country";"Lung";"75-85+";"Male";"2005";"433.45"
"Mortality";"Basque Country";"Lung";"75-85+";"Male";"2006";"432.73"
"Mortality";"Basque Country";"Lung";"75-85+";"Male";"2007";"431.93"
"Mortality";"Basque Country";"Lung";"75-85+";"Male";"2008";"422.25"
"Mortality";"Basque Country";"Lung";"75-85+";"Male";"2009";"439.43"
"Mortality";"Basque Country";"Lung";"75-85+";"Male";"2010";"406.58"
"Mortality";"Basque Country";"Lung";"75-85+";"Male";"2011";"411.48"
"Mortality";"Basque Country";"Lung";"75-85+";"Male";"2012";"346.22"
"Mortality";"Basque Country";"Lung";"75-85+";"Male";"2013";"374.72"
"Mortality";"Basque Country";"Lung";"75-85+";"Male";"2014";"406.70"
"Mortality";"Basque Country";"Lung";"75-85+";"Male";"2015";"395.61"
"Mortality";"Basque Country";"Lung";"75-85+";"Male";"2016";"356.30"
"Mortality";"Basque Country";"Lung";"75-85+";"Male";"2017";"365.39"
"Mortality";"Basque Country";"Lung";"75-85+";"Male";"2018";"362.82"
"Mortality";"Basque Country";"Lung";"75-85+";"Male";"2019";"363.34"
"Mortality";"Basque Country";"Lung";"75-85+";"Female";"1999";"46.60"
"Mortality";"Basque Country";"Lung";"75-85+";"Female";"2000";"49.99"
"Mortality";"Basque Country";"Lung";"75-85+";"Female";"2001";"46.51"
"Mortality";"Basque Country";"Lung";"75-85+";"Female";"2002";"47.72"
"Mortality";"Basque Country";"Lung";"75-85+";"Female";"2003";"48.28"
"Mortality";"Basque Country";"Lung";"75-85+";"Female";"2004";"30.57"
"Mortality";"Basque Country";"Lung";"75-85+";"Female";"2005";"48.04"
"Mortality";"Basque Country";"Lung";"75-85+";"Female";"2006";"32.98"
"Mortality";"Basque Country";"Lung";"75-85+";"Female";"2007";"46.42"
"Mortality";"Basque Country";"Lung";"75-85+";"Female";"2008";"48.81"
"Mortality";"Basque Country";"Lung";"75-85+";"Female";"2009";"35.83"
"Mortality";"Basque Country";"Lung";"75-85+";"Female";"2010";"50.44"
"Mortality";"Basque Country";"Lung";"75-85+";"Female";"2011";"52.17"
"Mortality";"Basque Country";"Lung";"75-85+";"Female";"2012";"40.26"
"Mortality";"Basque Country";"Lung";"75-85+";"Female";"2013";"58.66"
"Mortality";"Basque Country";"Lung";"75-85+";"Female";"2014";"59.06"
"Mortality";"Basque Country";"Lung";"75-85+";"Female";"2015";"68.21"
"Mortality";"Basque Country";"Lung";"75-85+";"Female";"2016";"63.96"
"Mortality";"Basque Country";"Lung";"75-85+";"Female";"2017";"62.90"
"Mortality";"Basque Country";"Lung";"75-85+";"Female";"2018";"60.50"
"Mortality";"Basque Country";"Lung";"75-85+";"Female";"2019";"72.80"
"Mortality";"Murcia";"Lung";"75-85+";"Female";"1999";"65.78"
"Mortality";"Murcia";"Lung";"75-85+";"Female";"2000";"27.86"
"Mortality";"Murcia";"Lung";"75-85+";"Female";"2001";"50.80"
"Mortality";"Murcia";"Lung";"75-85+";"Female";"2002";"43.71"
"Mortality";"Murcia";"Lung";"75-85+";"Female";"2003";"35.55"
"Mortality";"Murcia";"Lung";"75-85+";"Female";"2004";"38.41"
"Mortality";"Murcia";"Lung";"75-85+";"Female";"2005";"26.71"
"Mortality";"Murcia";"Lung";"75-85+";"Female";"2006";"37.42"
"Mortality";"Murcia";"Lung";"75-85+";"Female";"2007";"32.33"
"Mortality";"Murcia";"Lung";"75-85+";"Female";"2008";"34.83"
"Mortality";"Murcia";"Lung";"75-85+";"Female";"2009";"40.71"
"Mortality";"Murcia";"Lung";"75-85+";"Female";"2010";"49.81"
"Mortality";"Murcia";"Lung";"75-85+";"Female";"2011";"66.68"
"Mortality";"Murcia";"Lung";"75-85+";"Female";"2012";"51.78"
"Mortality";"Murcia";"Lung";"75-85+";"Female";"2013";"35.02"
"Mortality";"Murcia";"Lung";"75-85+";"Female";"2014";"37.39"
"Mortality";"Murcia";"Lung";"75-85+";"Female";"2015";"64.10"
"Mortality";"Murcia";"Lung";"75-85+";"Female";"2016";"35.00"
"Mortality";"Murcia";"Lung";"75-85+";"Female";"2017";"66.43"
"Mortality";"Murcia";"Lung";"75-85+";"Female";"2018";"34.82"
"Mortality";"Murcia";"Lung";"75-85+";"Female";"2019";"61.38"
"Mortality";"Murcia";"Lung";"75-85+";"Female";"2020";"81.15"
"Mortality";"Castellón";"Lung";"0-14";"Male";"2004";"0.00"
"Mortality";"Castellón";"Lung";"0-14";"Male";"2005";"0.00"
"Mortality";"Castellón";"Lung";"0-14";"Male";"2006";"0.00"
"Mortality";"Castellón";"Lung";"0-14";"Male";"2007";"0.00"
"Mortality";"Castellón";"Lung";"0-14";"Male";"2008";"0.00"
"Mortality";"Castellón";"Lung";"0-14";"Male";"2009";"0.00"
"Mortality";"Castellón";"Lung";"0-14";"Male";"2010";"0.00"
"Mortality";"Castellón";"Lung";"0-14";"Male";"2011";"0.00"
"Mortality";"Castellón";"Lung";"0-14";"Male";"2012";"0.00"
"Mortality";"Castellón";"Lung";"0-14";"Male";"2013";"0.00"
"Mortality";"Castellón";"Lung";"0-14";"Male";"2014";"0.00"
"Mortality";"Castellón";"Lung";"0-14";"Male";"2015";"0.00"
"Mortality";"Castellón";"Lung";"0-14";"Male";"2016";"0.00"
"Mortality";"Castellón";"Lung";"0-14";"Male";"2017";"0.00"
"Mortality";"Castellón";"Lung";"0-14";"Male";"2018";"0.00"
"Mortality";"Castellón";"Lung";"0-14";"Male";"2019";"0.00"
"Mortality";"Castellón";"Lung";"0-14";"Male";"2020";"0.00"
"Mortality";"Castellón";"Lung";"0-14";"Male";"2021";"-"
"Mortality";"Castellón";"Lung";"0-14";"Male";"2022";"-"
"Incidence";"Castellón";"Lung";"0-14";"Female";"2004";"0.00"
"Incidence";"Castellón";"Lung";"0-14";"Female";"2005";"0.00"
"Incidence";"Castellón";"Lung";"0-14";"Female";"2006";"0.00"
"Incidence";"Castellón";"Lung";"0-14";"Female";"2007";"0.00"
"Incidence";"Castellón";"Lung";"0-14";"Female";"2008";"0.00"
"Incidence";"Castellón";"Lung";"0-14";"Female";"2009";"0.00"
"Incidence";"Castellón";"Lung";"0-14";"Female";"2010";"0.00"
"Incidence";"Castellón";"Lung";"0-14";"Female";"2011";"0.00"
"Incidence";"Castellón";"Lung";"0-14";"Female";"2012";"0.00"
"Incidence";"Castellón";"Lung";"0-14";"Female";"2013";"0.00"
"Incidence";"Castellón";"Lung";"0-14";"Female";"2014";"0.00"
"Incidence";"Castellón";"Lung";"0-14";"Female";"2015";"0.00"
"Incidence";"Castellón";"Lung";"0-14";"Female";"2016";"0.00"
"Incidence";"Castellón";"Lung";"0-14";"Female";"2017";"0.00"
"Incidence";"Castellón";"Lung";"0-14";"Female";"2018";"0.00"
"Incidence";"Castellón";"Lung";"0-14";"Female";"2019";"0.00"
"Incidence";"Castellón";"Lung";"0-14";"Female";"2020";"0.00"
"Incidence";"Castellón";"Lung";"0-14";"Male";"2004";"0.00"
"Incidence";"Castellón";"Lung";"0-14";"Male";"2005";"0.00"
"Incidence";"Castellón";"Lung";"0-14";"Male";"2006";"0.00"
"Incidence";"Castellón";"Lung";"0-14";"Male";"2007";"0.00"
"Incidence";"Castellón";"Lung";"0-14";"Male";"2008";"0.00"
"Incidence";"Castellón";"Lung";"0-14";"Male";"2009";"0.00"
"Incidence";"Castellón";"Lung";"0-14";"Male";"2010";"0.00"
"Incidence";"Castellón";"Lung";"0-14";"Male";"2011";"0.00"
"Incidence";"Castellón";"Lung";"0-14";"Male";"2012";"0.00"
"Incidence";"Castellón";"Lung";"0-14";"Male";"2013";"0.00"
"Incidence";"Castellón";"Lung";"0-14";"Male";"2014";"0.00"
"Incidence";"Castellón";"Lung";"0-14";"Male";"2015";"0.00"
"Incidence";"Castellón";"Lung";"0-14";"Male";"2016";"0.00"
"Incidence";"Castellón";"Lung";"0-14";"Male";"2017";"0.00"
"Incidence";"Castellón";"Lung";"0-14";"Male";"2018";"0.00"
"Incidence";"Castellón";"Lung";"0-14";"Male";"2019";"0.00"
"Incidence";"Castellón";"Lung";"0-14";"Male";"2020";"0.00"
"Mortality";"Castellón";"Lung";"0-14";"Female";"2004";"0.00"
"Mortality";"Castellón";"Lung";"0-14";"Female";"2005";"0.00"
"Mortality";"Castellón";"Lung";"0-14";"Female";"2006";"0.00"
"Mortality";"Castellón";"Lung";"0-14";"Female";"2007";"0.00"
"Mortality";"Castellón";"Lung";"0-14";"Female";"2008";"0.00"
"Mortality";"Castellón";"Lung";"0-14";"Female";"2009";"0.00"
"Mortality";"Castellón";"Lung";"0-14";"Female";"2010";"0.00"
"Mortality";"Castellón";"Lung";"0-14";"Female";"2011";"0.00"
"Mortality";"Castellón";"Lung";"0-14";"Female";"2012";"0.00"
"Mortality";"Castellón";"Lung";"0-14";"Female";"2013";"0.00"
"Mortality";"Castellón";"Lung";"0-14";"Female";"2014";"0.00"
"Mortality";"Castellón";"Lung";"0-14";"Female";"2015";"0.00"
"Mortality";"Castellón";"Lung";"0-14";"Female";"2016";"0.00"
"Mortality";"Castellón";"Lung";"0-14";"Female";"2017";"0.00"
"Mortality";"Castellón";"Lung";"0-14";"Female";"2018";"0.00"
"Mortality";"Castellón";"Lung";"0-14";"Female";"2019";"0.00"
"Mortality";"Castellón";"Lung";"0-14";"Female";"2020";"0.00"
"Mortality";"Castellón";"Lung";"0-14";"Female";"2021";"-"
"Mortality";"Castellón";"Lung";"0-14";"Female";"2022";"-"
"Incidence";"Castellón";"Lung";"15-29";"Female";"2004";"0.00"
"Incidence";"Castellón";"Lung";"15-29";"Female";"2005";"0.00"
"Incidence";"Castellón";"Lung";"15-29";"Female";"2006";"0.00"
"Incidence";"Castellón";"Lung";"15-29";"Female";"2007";"0.00"
"Incidence";"Castellón";"Lung";"15-29";"Female";"2008";"0.00"
"Incidence";"Castellón";"Lung";"15-29";"Female";"2009";"0.00"
"Incidence";"Castellón";"Lung";"15-29";"Female";"2010";"0.00"
"Incidence";"Castellón";"Lung";"15-29";"Female";"2011";"0.00"
"Incidence";"Castellón";"Lung";"15-29";"Female";"2012";"0.00"
"Incidence";"Castellón";"Lung";"15-29";"Female";"2013";"0.00"
"Incidence";"Castellón";"Lung";"15-29";"Female";"2014";"0.00"
"Incidence";"Castellón";"Lung";"15-29";"Female";"2015";"0.00"
"Incidence";"Castellón";"Lung";"15-29";"Female";"2016";"0.00"
"Incidence";"Castellón";"Lung";"15-29";"Female";"2017";"0.00"
"Incidence";"Castellón";"Lung";"15-29";"Female";"2018";"0.00"
"Incidence";"Castellón";"Lung";"15-29";"Female";"2019";"0.00"
"Incidence";"Castellón";"Lung";"15-29";"Female";"2020";"2.33"
"Mortality";"Castellón";"Lung";"15-29";"Female";"2004";"0.00"
"Mortality";"Castellón";"Lung";"15-29";"Female";"2005";"0.00"
"Mortality";"Castellón";"Lung";"15-29";"Female";"2006";"0.00"
"Mortality";"Castellón";"Lung";"15-29";"Female";"2007";"0.00"
"Mortality";"Castellón";"Lung";"15-29";"Female";"2008";"0.00"
"Mortality";"Castellón";"Lung";"15-29";"Female";"2009";"0.00"
"Mortality";"Castellón";"Lung";"15-29";"Female";"2010";"0.00"
"Mortality";"Castellón";"Lung";"15-29";"Female";"2011";"0.00"
"Mortality";"Castellón";"Lung";"15-29";"Female";"2012";"0.00"
"Mortality";"Castellón";"Lung";"15-29";"Female";"2013";"0.00"
"Mortality";"Castellón";"Lung";"15-29";"Female";"2014";"0.00"
"Mortality";"Castellón";"Lung";"15-29";"Female";"2015";"0.00"
"Mortality";"Castellón";"Lung";"15-29";"Female";"2016";"0.00"
"Mortality";"Castellón";"Lung";"15-29";"Female";"2017";"0.00"
"Mortality";"Castellón";"Lung";"15-29";"Female";"2018";"0.00"
"Mortality";"Castellón";"Lung";"15-29";"Female";"2019";"0.00"
"Mortality";"Castellón";"Lung";"15-29";"Female";"2020";"0.00"
"Mortality";"Castellón";"Lung";"15-29";"Female";"2021";"-"
"Mortality";"Castellón";"Lung";"15-29";"Female";"2022";"-"
"Mortality";"Castellón";"Lung";"15-29";"Male";"2004";"0.00"
"Mortality";"Castellón";"Lung";"15-29";"Male";"2005";"0.00"
"Mortality";"Castellón";"Lung";"15-29";"Male";"2006";"0.00"
"Mortality";"Castellón";"Lung";"15-29";"Male";"2007";"0.00"
"Mortality";"Castellón";"Lung";"15-29";"Male";"2008";"0.00"
"Mortality";"Castellón";"Lung";"15-29";"Male";"2009";"0.00"
"Mortality";"Castellón";"Lung";"15-29";"Male";"2010";"0.00"
"Mortality";"Castellón";"Lung";"15-29";"Male";"2011";"0.00"
"Mortality";"Castellón";"Lung";"15-29";"Male";"2012";"0.00"
"Mortality";"Castellón";"Lung";"15-29";"Male";"2013";"0.00"
"Mortality";"Castellón";"Lung";"15-29";"Male";"2014";"0.00"
"Mortality";"Castellón";"Lung";"15-29";"Male";"2015";"0.00"
"Mortality";"Castellón";"Lung";"15-29";"Male";"2016";"0.00"
"Mortality";"Castellón";"Lung";"15-29";"Male";"2017";"0.00"
"Mortality";"Castellón";"Lung";"15-29";"Male";"2018";"0.00"
"Mortality";"Castellón";"Lung";"15-29";"Male";"2019";"0.00"
"Mortality";"Castellón";"Lung";"15-29";"Male";"2020";"0.00"
"Mortality";"Castellón";"Lung";"15-29";"Male";"2021";"-"
"Mortality";"Castellón";"Lung";"15-29";"Male";"2022";"-"
"Incidence";"Castellón";"Lung";"15-29";"Male";"2004";"0.00"
"Incidence";"Castellón";"Lung";"15-29";"Male";"2005";"0.00"
"Incidence";"Castellón";"Lung";"15-29";"Male";"2006";"0.00"
"Incidence";"Castellón";"Lung";"15-29";"Male";"2007";"0.00"
"Incidence";"Castellón";"Lung";"15-29";"Male";"2008";"0.00"
"Incidence";"Castellón";"Lung";"15-29";"Male";"2009";"0.00"
"Incidence";"Castellón";"Lung";"15-29";"Male";"2010";"0.00"
"Incidence";"Castellón";"Lung";"15-29";"Male";"2011";"0.00"
"Incidence";"Castellón";"Lung";"15-29";"Male";"2012";"0.00"
"Incidence";"Castellón";"Lung";"15-29";"Male";"2013";"0.00"
"Incidence";"Castellón";"Lung";"15-29";"Male";"2014";"0.00"
"Incidence";"Castellón";"Lung";"15-29";"Male";"2015";"0.00"
"Incidence";"Castellón";"Lung";"15-29";"Male";"2016";"0.00"
"Incidence";"Castellón";"Lung";"15-29";"Male";"2017";"0.00"
"Incidence";"Castellón";"Lung";"15-29";"Male";"2018";"0.00"
"Incidence";"Castellón";"Lung";"15-29";"Male";"2019";"0.00"
"Incidence";"Castellón";"Lung";"15-29";"Male";"2020";"0.00"
"Incidence";"Castellón";"Lung";"30-44";"Female";"2004";"3.22"
"Incidence";"Castellón";"Lung";"30-44";"Female";"2005";"1.54"
"Incidence";"Castellón";"Lung";"30-44";"Female";"2006";"5.94"
"Incidence";"Castellón";"Lung";"30-44";"Female";"2007";"1.44"
"Incidence";"Castellón";"Lung";"30-44";"Female";"2008";"4.11"
"Incidence";"Castellón";"Lung";"30-44";"Female";"2009";"8.04"
"Incidence";"Castellón";"Lung";"30-44";"Female";"2010";"3.97"
"Incidence";"Castellón";"Lung";"30-44";"Female";"2011";"6.58"
"Incidence";"Castellón";"Lung";"30-44";"Female";"2012";"1.32"
"Incidence";"Castellón";"Lung";"30-44";"Female";"2013";"4.03"
"Incidence";"Castellón";"Lung";"30-44";"Female";"2014";"5.61"
"Incidence";"Castellón";"Lung";"30-44";"Female";"2015";"4.33"
"Incidence";"Castellón";"Lung";"30-44";"Female";"2016";"0.00"
"Incidence";"Castellón";"Lung";"30-44";"Female";"2017";"4.58"
"Incidence";"Castellón";"Lung";"30-44";"Female";"2018";"3.12"
"Incidence";"Castellón";"Lung";"30-44";"Female";"2019";"7.95"
"Incidence";"Castellón";"Lung";"30-44";"Female";"2020";"9.68"
"Incidence";"Castellón";"Lung";"30-44";"Male";"2004";"10.32"
"Incidence";"Castellón";"Lung";"30-44";"Male";"2005";"4.20"
"Incidence";"Castellón";"Lung";"30-44";"Male";"2006";"4.01"
"Incidence";"Castellón";"Lung";"30-44";"Male";"2007";"7.71"
"Incidence";"Castellón";"Lung";"30-44";"Male";"2008";"4.84"
"Incidence";"Castellón";"Lung";"30-44";"Male";"2009";"5.92"
"Incidence";"Castellón";"Lung";"30-44";"Male";"2010";"3.54"
"Incidence";"Castellón";"Lung";"30-44";"Male";"2011";"8.33"
"Incidence";"Castellón";"Lung";"30-44";"Male";"2012";"1.19"
"Incidence";"Castellón";"Lung";"30-44";"Male";"2013";"3.68"
"Incidence";"Castellón";"Lung";"30-44";"Male";"2014";"5.22"
"Incidence";"Castellón";"Lung";"30-44";"Male";"2015";"5.43"
"Incidence";"Castellón";"Lung";"30-44";"Male";"2016";"14.09"
"Incidence";"Castellón";"Lung";"30-44";"Male";"2017";"2.94"
"Incidence";"Castellón";"Lung";"30-44";"Male";"2018";"10.56"
"Incidence";"Castellón";"Lung";"30-44";"Male";"2019";"3.09"
"Incidence";"Castellón";"Lung";"30-44";"Male";"2020";"4.72"
"Mortality";"Castellón";"Lung";"30-44";"Male";"2004";"7.37"
"Mortality";"Castellón";"Lung";"30-44";"Male";"2005";"2.80"
"Mortality";"Castellón";"Lung";"30-44";"Male";"2006";"1.34"
"Mortality";"Castellón";"Lung";"30-44";"Male";"2007";"3.85"
"Mortality";"Castellón";"Lung";"30-44";"Male";"2008";"4.84"
"Mortality";"Castellón";"Lung";"30-44";"Male";"2009";"4.74"
"Mortality";"Castellón";"Lung";"30-44";"Male";"2010";"3.54"
"Mortality";"Castellón";"Lung";"30-44";"Male";"2011";"3.57"
"Mortality";"Castellón";"Lung";"30-44";"Male";"2012";"2.39"
"Mortality";"Castellón";"Lung";"30-44";"Male";"2013";"6.13"
"Mortality";"Castellón";"Lung";"30-44";"Male";"2014";"3.91"
"Mortality";"Castellón";"Lung";"30-44";"Male";"2015";"2.71"
"Mortality";"Castellón";"Lung";"30-44";"Male";"2016";"2.82"
"Mortality";"Castellón";"Lung";"30-44";"Male";"2017";"2.94"
"Mortality";"Castellón";"Lung";"30-44";"Male";"2018";"4.52"
"Mortality";"Castellón";"Lung";"30-44";"Male";"2019";"3.09"
"Mortality";"Castellón";"Lung";"30-44";"Male";"2020";"0.00"
"Mortality";"Castellón";"Lung";"30-44";"Male";"2021";"-"
"Mortality";"Castellón";"Lung";"30-44";"Male";"2022";"-"
"Mortality";"Castellón";"Lung";"30-44";"Female";"2004";"0.00"
"Mortality";"Castellón";"Lung";"30-44";"Female";"2005";"1.54"
"Mortality";"Castellón";"Lung";"30-44";"Female";"2006";"1.49"
"Mortality";"Castellón";"Lung";"30-44";"Female";"2007";"4.31"
"Mortality";"Castellón";"Lung";"30-44";"Female";"2008";"1.37"
"Mortality";"Castellón";"Lung";"30-44";"Female";"2009";"4.02"
"Mortality";"Castellón";"Lung";"30-44";"Female";"2010";"3.97"
"Mortality";"Castellón";"Lung";"30-44";"Female";"2011";"2.63"
"Mortality";"Castellón";"Lung";"30-44";"Female";"2012";"3.96"
"Mortality";"Castellón";"Lung";"30-44";"Female";"2013";"0.00"
"Mortality";"Castellón";"Lung";"30-44";"Female";"2014";"0.00"
"Mortality";"Castellón";"Lung";"30-44";"Female";"2015";"4.33"
"Mortality";"Castellón";"Lung";"30-44";"Female";"2016";"1.48"
"Mortality";"Castellón";"Lung";"30-44";"Female";"2017";"1.53"
"Mortality";"Castellón";"Lung";"30-44";"Female";"2018";"3.12"
"Mortality";"Castellón";"Lung";"30-44";"Female";"2019";"3.18"
"Mortality";"Castellón";"Lung";"30-44";"Female";"2020";"6.45"
"Mortality";"Castellón";"Lung";"30-44";"Female";"2021";"-"
"Mortality";"Castellón";"Lung";"30-44";"Female";"2022";"-"
"Mortality";"Castellón";"Lung";"45-59";"Male";"2004";"94.92"
"Mortality";"Castellón";"Lung";"45-59";"Male";"2005";"81.20"
"Mortality";"Castellón";"Lung";"45-59";"Male";"2006";"95.81"
"Mortality";"Castellón";"Lung";"45-59";"Male";"2007";"92.60"
"Mortality";"Castellón";"Lung";"45-59";"Male";"2008";"88.59"
"Mortality";"Castellón";"Lung";"45-59";"Male";"2009";"74.08"
"Mortality";"Castellón";"Lung";"45-59";"Male";"2010";"63.90"
"Mortality";"Castellón";"Lung";"45-59";"Male";"2011";"55.49"
"Mortality";"Castellón";"Lung";"45-59";"Male";"2012";"52.37"
"Mortality";"Castellón";"Lung";"45-59";"Male";"2013";"62.33"
"Mortality";"Castellón";"Lung";"45-59";"Male";"2014";"54.18"
"Mortality";"Castellón";"Lung";"45-59";"Male";"2015";"67.57"
"Mortality";"Castellón";"Lung";"45-59";"Male";"2016";"60.36"
"Mortality";"Castellón";"Lung";"45-59";"Male";"2017";"64.18"
"Mortality";"Castellón";"Lung";"45-59";"Male";"2018";"58.58"
"Mortality";"Castellón";"Lung";"45-59";"Male";"2019";"51.60"
"Mortality";"Castellón";"Lung";"45-59";"Male";"2020";"46.20"
"Mortality";"Castellón";"Lung";"45-59";"Male";"2021";"-"
"Mortality";"Castellón";"Lung";"45-59";"Male";"2022";"-"
"Incidence";"Castellón";"Lung";"45-59";"Male";"2004";"111.80"
"Incidence";"Castellón";"Lung";"45-59";"Male";"2005";"95.40"
"Incidence";"Castellón";"Lung";"45-59";"Male";"2006";"99.72"
"Incidence";"Castellón";"Lung";"45-59";"Male";"2007";"126.62"
"Incidence";"Castellón";"Lung";"45-59";"Male";"2008";"113.90"
"Incidence";"Castellón";"Lung";"45-59";"Male";"2009";"100.53"
"Incidence";"Castellón";"Lung";"45-59";"Male";"2010";"79.44"
"Incidence";"Castellón";"Lung";"45-59";"Male";"2011";"77.35"
"Incidence";"Castellón";"Lung";"45-59";"Male";"2012";"81.83"
"Incidence";"Castellón";"Lung";"45-59";"Male";"2013";"89.49"
"Incidence";"Castellón";"Lung";"45-59";"Male";"2014";"100.40"
"Incidence";"Castellón";"Lung";"45-59";"Male";"2015";"84.86"
"Incidence";"Castellón";"Lung";"45-59";"Male";"2016";"74.29"
"Incidence";"Castellón";"Lung";"45-59";"Male";"2017";"94.73"
"Incidence";"Castellón";"Lung";"45-59";"Male";"2018";"72.09"
"Incidence";"Castellón";"Lung";"45-59";"Male";"2019";"61.92"
"Incidence";"Castellón";"Lung";"45-59";"Male";"2020";"54.86"
"Incidence";"Castellón";"Lung";"45-59";"Female";"2004";"17.30"
"Incidence";"Castellón";"Lung";"45-59";"Female";"2005";"20.90"
"Incidence";"Castellón";"Lung";"45-59";"Female";"2006";"22.14"
"Incidence";"Castellón";"Lung";"45-59";"Female";"2007";"7.80"
"Incidence";"Castellón";"Lung";"45-59";"Female";"2008";"18.68"
"Incidence";"Castellón";"Lung";"45-59";"Female";"2009";"23.75"
"Incidence";"Castellón";"Lung";"45-59";"Female";"2010";"26.75"
"Incidence";"Castellón";"Lung";"45-59";"Female";"2011";"22.64"
"Incidence";"Castellón";"Lung";"45-59";"Female";"2012";"27.27"
"Incidence";"Castellón";"Lung";"45-59";"Female";"2013";"30.05"
"Incidence";"Castellón";"Lung";"45-59";"Female";"2014";"33.14"
"Incidence";"Castellón";"Lung";"45-59";"Female";"2015";"35.77"
"Incidence";"Castellón";"Lung";"45-59";"Female";"2016";"41.64"
"Incidence";"Castellón";"Lung";"45-59";"Female";"2017";"23.68"
"Incidence";"Castellón";"Lung";"45-59";"Female";"2018";"35.67"
"Incidence";"Castellón";"Lung";"45-59";"Female";"2019";"39.60"
"Incidence";"Castellón";"Lung";"45-59";"Female";"2020";"29.77"
"Mortality";"Castellón";"Lung";"45-59";"Female";"2004";"10.81"
"Mortality";"Castellón";"Lung";"45-59";"Female";"2005";"12.54"
"Mortality";"Castellón";"Lung";"45-59";"Female";"2006";"8.05"
"Mortality";"Castellón";"Lung";"45-59";"Female";"2007";"23.40"
"Mortality";"Castellón";"Lung";"45-59";"Female";"2008";"20.55"
"Mortality";"Castellón";"Lung";"45-59";"Female";"2009";"9.13"
"Mortality";"Castellón";"Lung";"45-59";"Female";"2010";"19.62"
"Mortality";"Castellón";"Lung";"45-59";"Female";"2011";"15.68"
"Mortality";"Castellón";"Lung";"45-59";"Female";"2012";"18.75"
"Mortality";"Castellón";"Lung";"45-59";"Female";"2013";"16.69"
"Mortality";"Castellón";"Lung";"45-59";"Female";"2014";"16.57"
"Mortality";"Castellón";"Lung";"45-59";"Female";"2015";"21.14"
"Mortality";"Castellón";"Lung";"45-59";"Female";"2016";"20.82"
"Mortality";"Castellón";"Lung";"45-59";"Female";"2017";"20.52"
"Mortality";"Castellón";"Lung";"45-59";"Female";"2018";"23.26"
"Mortality";"Castellón";"Lung";"45-59";"Female";"2019";"31.99"
"Mortality";"Castellón";"Lung";"45-59";"Female";"2020";"14.89"
"Mortality";"Castellón";"Lung";"45-59";"Female";"2021";"-"
"Mortality";"Castellón";"Lung";"45-59";"Female";"2022";"-"
"Mortality";"Castellón";"Lung";"60-74";"Male";"2004";"205.12"
"Mortality";"Castellón";"Lung";"60-74";"Male";"2005";"264.99"
"Mortality";"Castellón";"Lung";"60-74";"Male";"2006";"252.78"
"Mortality";"Castellón";"Lung";"60-74";"Male";"2007";"288.78"
"Mortality";"Castellón";"Lung";"60-74";"Male";"2008";"283.69"
"Mortality";"Castellón";"Lung";"60-74";"Male";"2009";"292.03"
"Mortality";"Castellón";"Lung";"60-74";"Male";"2010";"266.61"
"Mortality";"Castellón";"Lung";"60-74";"Male";"2011";"224.16"
"Mortality";"Castellón";"Lung";"60-74";"Male";"2012";"239.82"
"Mortality";"Castellón";"Lung";"60-74";"Male";"2013";"227.80"
"Mortality";"Castellón";"Lung";"60-74";"Male";"2014";"251.50"
"Mortality";"Castellón";"Lung";"60-74";"Male";"2015";"209.42"
"Mortality";"Castellón";"Lung";"60-74";"Male";"2016";"237.73"
"Mortality";"Castellón";"Lung";"60-74";"Male";"2017";"242.79"
"Mortality";"Castellón";"Lung";"60-74";"Male";"2018";"237.87"
"Mortality";"Castellón";"Lung";"60-74";"Male";"2019";"234.11"
"Mortality";"Castellón";"Lung";"60-74";"Male";"2020";"221.12"
"Mortality";"Castellón";"Lung";"60-74";"Male";"2021";"-"
"Mortality";"Castellón";"Lung";"60-74";"Male";"2022";"-"
"Mortality";"Castellón";"Lung";"60-74";"Female";"2004";"18.73"
"Mortality";"Castellón";"Lung";"60-74";"Female";"2005";"5.29"
"Mortality";"Castellón";"Lung";"60-74";"Female";"2006";"15.72"
"Mortality";"Castellón";"Lung";"60-74";"Female";"2007";"31.04"
"Mortality";"Castellón";"Lung";"60-74";"Female";"2008";"20.43"
"Mortality";"Castellón";"Lung";"60-74";"Female";"2009";"20.12"
"Mortality";"Castellón";"Lung";"60-74";"Female";"2010";"29.79"
"Mortality";"Castellón";"Lung";"60-74";"Female";"2011";"29.48"
"Mortality";"Castellón";"Lung";"60-74";"Female";"2012";"31.41"
"Mortality";"Castellón";"Lung";"60-74";"Female";"2013";"26.21"
"Mortality";"Castellón";"Lung";"60-74";"Female";"2014";"18.91"
"Mortality";"Castellón";"Lung";"60-74";"Female";"2015";"25.26"
"Mortality";"Castellón";"Lung";"60-74";"Female";"2016";"27.38"
"Mortality";"Castellón";"Lung";"60-74";"Female";"2017";"49.42"
"Mortality";"Castellón";"Lung";"60-74";"Female";"2018";"56.79"
"Mortality";"Castellón";"Lung";"60-74";"Female";"2019";"62.01"
"Mortality";"Castellón";"Lung";"60-74";"Female";"2020";"64.62"
"Mortality";"Castellón";"Lung";"60-74";"Female";"2021";"-"
"Mortality";"Castellón";"Lung";"60-74";"Female";"2022";"-"
"Incidence";"Castellón";"Lung";"60-74";"Male";"2004";"325.26"
"Incidence";"Castellón";"Lung";"60-74";"Male";"2005";"305.32"
"Incidence";"Castellón";"Lung";"60-74";"Male";"2006";"309.59"
"Incidence";"Castellón";"Lung";"60-74";"Male";"2007";"308.41"
"Incidence";"Castellón";"Lung";"60-74";"Male";"2008";"399.37"
"Incidence";"Castellón";"Lung";"60-74";"Male";"2009";"348.82"
"Incidence";"Castellón";"Lung";"60-74";"Male";"2010";"287.94"
"Incidence";"Castellón";"Lung";"60-74";"Male";"2011";"324.38"
"Incidence";"Castellón";"Lung";"60-74";"Male";"2012";"268.49"
"Incidence";"Castellón";"Lung";"60-74";"Male";"2013";"317.39"
"Incidence";"Castellón";"Lung";"60-74";"Male";"2014";"292.15"
"Incidence";"Castellón";"Lung";"60-74";"Male";"2015";"300.58"
"Incidence";"Castellón";"Lung";"60-74";"Male";"2016";"340.67"
"Incidence";"Castellón";"Lung";"60-74";"Male";"2017";"360.59"
"Incidence";"Castellón";"Lung";"60-74";"Male";"2018";"298.50"
"Incidence";"Castellón";"Lung";"60-74";"Male";"2019";"350.03"
"Incidence";"Castellón";"Lung";"60-74";"Male";"2020";"274.18"
"Incidence";"Castellón";"Lung";"60-74";"Female";"2004";"16.05"
"Incidence";"Castellón";"Lung";"60-74";"Female";"2005";"26.45"
"Incidence";"Castellón";"Lung";"60-74";"Female";"2006";"36.68"
"Incidence";"Castellón";"Lung";"60-74";"Female";"2007";"20.69"
"Incidence";"Castellón";"Lung";"60-74";"Female";"2008";"35.75"
"Incidence";"Castellón";"Lung";"60-74";"Female";"2009";"35.22"
"Incidence";"Castellón";"Lung";"60-74";"Female";"2010";"42.20"
"Incidence";"Castellón";"Lung";"60-74";"Female";"2011";"27.02"
"Incidence";"Castellón";"Lung";"60-74";"Female";"2012";"29.00"
"Incidence";"Castellón";"Lung";"60-74";"Female";"2013";"23.83"
"Incidence";"Castellón";"Lung";"60-74";"Female";"2014";"37.83"
"Incidence";"Castellón";"Lung";"60-74";"Female";"2015";"64.29"
"Incidence";"Castellón";"Lung";"60-74";"Female";"2016";"52.47"
"Incidence";"Castellón";"Lung";"60-74";"Female";"2017";"71.88"
"Incidence";"Castellón";"Lung";"60-74";"Female";"2018";"61.16"
"Incidence";"Castellón";"Lung";"60-74";"Female";"2019";"76.97"
"Incidence";"Castellón";"Lung";"60-74";"Female";"2020";"85.46"
"Incidence";"Castellón";"Lung";"75-85+";"Female";"2004";"43.35"
"Incidence";"Castellón";"Lung";"75-85+";"Female";"2005";"30.59"
"Incidence";"Castellón";"Lung";"75-85+";"Female";"2006";"33.41"
"Incidence";"Castellón";"Lung";"75-85+";"Female";"2007";"29.06"
"Incidence";"Castellón";"Lung";"75-85+";"Female";"2008";"52.92"
"Incidence";"Castellón";"Lung";"75-85+";"Female";"2009";"30.88"
"Incidence";"Castellón";"Lung";"75-85+";"Female";"2010";"47.06"
"Incidence";"Castellón";"Lung";"75-85+";"Female";"2011";"39.60"
"Incidence";"Castellón";"Lung";"75-85+";"Female";"2012";"26.02"
"Incidence";"Castellón";"Lung";"75-85+";"Female";"2013";"25.52"
"Incidence";"Castellón";"Lung";"75-85+";"Female";"2014";"54.57"
"Incidence";"Castellón";"Lung";"75-85+";"Female";"2015";"45.64"
"Incidence";"Castellón";"Lung";"75-85+";"Female";"2016";"66.91"
"Incidence";"Castellón";"Lung";"75-85+";"Female";"2017";"50.75"
"Incidence";"Castellón";"Lung";"75-85+";"Female";"2018";"44.18"
"Incidence";"Castellón";"Lung";"75-85+";"Female";"2019";"71.37"
"Incidence";"Castellón";"Lung";"75-85+";"Female";"2020";"48.60"
"Mortality";"Castellón";"Lung";"75-85+";"Male";"2004";"389.11"
"Mortality";"Castellón";"Lung";"75-85+";"Male";"2005";"465.68"
"Mortality";"Castellón";"Lung";"75-85+";"Male";"2006";"405.82"
"Mortality";"Castellón";"Lung";"75-85+";"Male";"2007";"466.24"
"Mortality";"Castellón";"Lung";"75-85+";"Male";"2008";"427.46"
"Mortality";"Castellón";"Lung";"75-85+";"Male";"2009";"388.77"
"Mortality";"Castellón";"Lung";"75-85+";"Male";"2010";"429.29"
"Mortality";"Castellón";"Lung";"75-85+";"Male";"2011";"374.46"
"Mortality";"Castellón";"Lung";"75-85+";"Male";"2012";"413.91"
"Mortality";"Castellón";"Lung";"75-85+";"Male";"2013";"360.61"
"Mortality";"Castellón";"Lung";"75-85+";"Male";"2014";"334.87"
"Mortality";"Castellón";"Lung";"75-85+";"Male";"2015";"348.98"
"Mortality";"Castellón";"Lung";"75-85+";"Male";"2016";"402.82"
"Mortality";"Castellón";"Lung";"75-85+";"Male";"2017";"331.55"
"Mortality";"Castellón";"Lung";"75-85+";"Male";"2018";"406.36"
"Mortality";"Castellón";"Lung";"75-85+";"Male";"2019";"399.19"
"Mortality";"Castellón";"Lung";"75-85+";"Male";"2020";"323.67"
"Mortality";"Castellón";"Lung";"75-85+";"Male";"2021";"-"
"Mortality";"Castellón";"Lung";"75-85+";"Male";"2022";"-"
"Mortality";"Castellón";"Lung";"75-85+";"Female";"2004";"43.35"
"Mortality";"Castellón";"Lung";"75-85+";"Female";"2005";"30.59"
"Mortality";"Castellón";"Lung";"75-85+";"Female";"2006";"25.98"
"Mortality";"Castellón";"Lung";"75-85+";"Female";"2007";"36.33"
"Mortality";"Castellón";"Lung";"75-85+";"Female";"2008";"35.28"
"Mortality";"Castellón";"Lung";"75-85+";"Female";"2009";"30.88"
"Mortality";"Castellón";"Lung";"75-85+";"Female";"2010";"53.78"
"Mortality";"Castellón";"Lung";"75-85+";"Female";"2011";"49.50"
"Mortality";"Castellón";"Lung";"75-85+";"Female";"2012";"39.03"
"Mortality";"Castellón";"Lung";"75-85+";"Female";"2013";"25.52"
"Mortality";"Castellón";"Lung";"75-85+";"Female";"2014";"38.52"
"Mortality";"Castellón";"Lung";"75-85+";"Female";"2015";"42.38"
"Mortality";"Castellón";"Lung";"75-85+";"Female";"2016";"41.42"
"Mortality";"Castellón";"Lung";"75-85+";"Female";"2017";"60.26"
"Mortality";"Castellón";"Lung";"75-85+";"Female";"2018";"56.80"
"Mortality";"Castellón";"Lung";"75-85+";"Female";"2019";"65.17"
"Mortality";"Castellón";"Lung";"75-85+";"Female";"2020";"57.71"
"Mortality";"Castellón";"Lung";"75-85+";"Female";"2021";"-"
"Mortality";"Castellón";"Lung";"75-85+";"Female";"2022";"-"
"Incidence";"Castellón";"Lung";"75-85+";"Male";"2004";"490.87"
"Incidence";"Castellón";"Lung";"75-85+";"Male";"2005";"465.68"
"Incidence";"Castellón";"Lung";"75-85+";"Male";"2006";"450.91"
"Incidence";"Castellón";"Lung";"75-85+";"Male";"2007";"389.45"
"Incidence";"Castellón";"Lung";"75-85+";"Male";"2008";"511.90"
"Incidence";"Castellón";"Lung";"75-85+";"Male";"2009";"317.15"
"Incidence";"Castellón";"Lung";"75-85+";"Male";"2010";"384.37"
"Incidence";"Castellón";"Lung";"75-85+";"Male";"2011";"423.09"
"Incidence";"Castellón";"Lung";"75-85+";"Male";"2012";"394.88"
"Incidence";"Castellón";"Lung";"75-85+";"Male";"2013";"393.39"
"Incidence";"Castellón";"Lung";"75-85+";"Male";"2014";"353.74"
"Incidence";"Castellón";"Lung";"75-85+";"Male";"2015";"411.13"
"Incidence";"Castellón";"Lung";"75-85+";"Male";"2016";"388.92"
"Incidence";"Castellón";"Lung";"75-85+";"Male";"2017";"409.84"
"Incidence";"Castellón";"Lung";"75-85+";"Male";"2018";"420.05"
"Incidence";"Castellón";"Lung";"75-85+";"Male";"2019";"435.08"
"Incidence";"Castellón";"Lung";"75-85+";"Male";"2020";"336.79"
"Incidence";"Albacete";"Lung";"0-14";"Male";"2008";"0.00"
"Incidence";"Albacete";"Lung";"0-14";"Male";"2009";"0.00"
"Incidence";"Albacete";"Lung";"0-14";"Male";"2010";"0.00"
"Incidence";"Albacete";"Lung";"0-14";"Female";"2008";"0.00"
"Incidence";"Albacete";"Lung";"0-14";"Female";"2009";"0.00"
"Incidence";"Albacete";"Lung";"0-14";"Female";"2010";"0.00"
"Incidence";"Ciudad Real";"Lung";"0-14";"Male";"2008";"0.00"
"Incidence";"Ciudad Real";"Lung";"0-14";"Male";"2009";"0.00"
"Incidence";"Ciudad Real";"Lung";"0-14";"Male";"2010";"0.00"
"Incidence";"Ciudad Real";"Lung";"0-14";"Male";"2011";"0.00"
"Incidence";"Ciudad Real";"Lung";"0-14";"Male";"2012";"0.00"
"Incidence";"Ciudad Real";"Lung";"0-14";"Female";"2008";"0.00"
"Incidence";"Ciudad Real";"Lung";"0-14";"Female";"2009";"0.00"
"Incidence";"Ciudad Real";"Lung";"0-14";"Female";"2010";"0.00"
"Incidence";"Ciudad Real";"Lung";"0-14";"Female";"2011";"0.00"
"Incidence";"Ciudad Real";"Lung";"0-14";"Female";"2012";"0.00"
"Incidence";"Cuenca";"Lung";"0-14";"Male";"2008";"0.00"
"Incidence";"Cuenca";"Lung";"0-14";"Male";"2009";"0.00"
"Incidence";"Cuenca";"Lung";"0-14";"Male";"2010";"0.00"
"Incidence";"Cuenca";"Lung";"0-14";"Male";"2011";"0.00"
"Incidence";"Cuenca";"Lung";"0-14";"Male";"2012";"0.00"
"Incidence";"Cuenca";"Lung";"0-14";"Female";"2008";"0.00"
"Incidence";"Cuenca";"Lung";"0-14";"Female";"2009";"0.00"
"Incidence";"Cuenca";"Lung";"0-14";"Female";"2010";"0.00"
"Incidence";"Cuenca";"Lung";"0-14";"Female";"2011";"0.00"
"Incidence";"Cuenca";"Lung";"0-14";"Female";"2012";"0.00"
"Mortality";"Albacete";"Lung";"0-14";"Male";"2008";"0.00"
"Mortality";"Albacete";"Lung";"0-14";"Male";"2009";"0.00"
"Mortality";"Albacete";"Lung";"0-14";"Male";"2010";"0.00"
"Mortality";"Albacete";"Lung";"0-14";"Male";"2011";"0.00"
"Mortality";"Albacete";"Lung";"0-14";"Male";"2012";"0.00"
"Mortality";"Albacete";"Lung";"0-14";"Female";"2008";"0.00"
"Mortality";"Albacete";"Lung";"0-14";"Female";"2009";"0.00"
"Mortality";"Albacete";"Lung";"0-14";"Female";"2010";"0.00"
"Mortality";"Albacete";"Lung";"0-14";"Female";"2011";"0.00"
"Mortality";"Albacete";"Lung";"0-14";"Female";"2012";"0.00"
"Mortality";"Ciudad Real";"Lung";"0-14";"Male";"2008";"0.00"
"Mortality";"Ciudad Real";"Lung";"0-14";"Male";"2009";"0.00"
"Mortality";"Ciudad Real";"Lung";"0-14";"Male";"2010";"0.00"
"Mortality";"Ciudad Real";"Lung";"0-14";"Male";"2011";"0.00"
"Mortality";"Ciudad Real";"Lung";"0-14";"Male";"2012";"0.00"
"Mortality";"Ciudad Real";"Lung";"0-14";"Female";"2008";"0.00"
"Mortality";"Ciudad Real";"Lung";"0-14";"Female";"2009";"0.00"
"Mortality";"Ciudad Real";"Lung";"0-14";"Female";"2010";"0.00"
"Mortality";"Ciudad Real";"Lung";"0-14";"Female";"2011";"0.00"
"Mortality";"Ciudad Real";"Lung";"0-14";"Female";"2012";"0.00"
"Mortality";"Cuenca";"Lung";"0-14";"Male";"2008";"0.00"
"Mortality";"Cuenca";"Lung";"0-14";"Male";"2009";"0.00"
"Mortality";"Cuenca";"Lung";"0-14";"Male";"2010";"0.00"
"Mortality";"Cuenca";"Lung";"0-14";"Male";"2011";"0.00"
"Mortality";"Cuenca";"Lung";"0-14";"Male";"2012";"0.00"
"Mortality";"Cuenca";"Lung";"0-14";"Female";"2008";"0.00"
"Mortality";"Cuenca";"Lung";"0-14";"Female";"2009";"0.00"
"Mortality";"Cuenca";"Lung";"0-14";"Female";"2010";"0.00"
"Mortality";"Cuenca";"Lung";"0-14";"Female";"2011";"0.00"
"Mortality";"Cuenca";"Lung";"0-14";"Female";"2012";"0.00"
"Incidence";"Ciudad Real";"Lung";"15-29";"Male";"2008";"0.00"
"Incidence";"Ciudad Real";"Lung";"15-29";"Male";"2009";"0.00"
"Incidence";"Ciudad Real";"Lung";"15-29";"Male";"2010";"1.87"
"Incidence";"Ciudad Real";"Lung";"15-29";"Male";"2011";"0.00"
"Incidence";"Ciudad Real";"Lung";"15-29";"Male";"2012";"0.00"
"Incidence";"Ciudad Real";"Lung";"15-29";"Female";"2008";"0.00"
"Incidence";"Ciudad Real";"Lung";"15-29";"Female";"2009";"0.00"
"Incidence";"Ciudad Real";"Lung";"15-29";"Female";"2010";"2.02"
"Incidence";"Ciudad Real";"Lung";"15-29";"Female";"2011";"0.00"
"Incidence";"Ciudad Real";"Lung";"15-29";"Female";"2012";"0.00"
"Incidence";"Cuenca";"Lung";"15-29";"Male";"2008";"0.00"
"Incidence";"Cuenca";"Lung";"15-29";"Male";"2009";"0.00"
"Incidence";"Cuenca";"Lung";"15-29";"Male";"2010";"0.00"
"Incidence";"Cuenca";"Lung";"15-29";"Male";"2011";"0.00"
"Incidence";"Cuenca";"Lung";"15-29";"Male";"2012";"0.00"
"Mortality";"Ciudad Real";"Lung";"15-29";"Female";"2008";"0.00"
"Mortality";"Ciudad Real";"Lung";"15-29";"Female";"2009";"0.00"
"Mortality";"Ciudad Real";"Lung";"15-29";"Female";"2010";"0.00"
"Mortality";"Ciudad Real";"Lung";"15-29";"Female";"2011";"0.00"
"Mortality";"Ciudad Real";"Lung";"15-29";"Female";"2012";"0.00"
"Incidence";"Cuenca";"Lung";"15-29";"Female";"2008";"0.00"
"Incidence";"Cuenca";"Lung";"15-29";"Female";"2009";"0.00"
"Incidence";"Cuenca";"Lung";"15-29";"Female";"2010";"0.00"
"Incidence";"Cuenca";"Lung";"15-29";"Female";"2011";"0.00"
"Incidence";"Cuenca";"Lung";"15-29";"Female";"2012";"0.00"
"Mortality";"Cuenca";"Lung";"15-29";"Male";"2008";"0.00"
"Mortality";"Cuenca";"Lung";"15-29";"Male";"2009";"0.00"
"Mortality";"Cuenca";"Lung";"15-29";"Male";"2010";"0.00"
"Mortality";"Cuenca";"Lung";"15-29";"Male";"2011";"0.00"
"Mortality";"Cuenca";"Lung";"15-29";"Male";"2012";"0.00"
"Mortality";"Albacete";"Lung";"15-29";"Female";"2008";"0.00"
"Mortality";"Albacete";"Lung";"15-29";"Female";"2009";"0.00"
"Mortality";"Albacete";"Lung";"15-29";"Female";"2010";"0.00"
"Mortality";"Albacete";"Lung";"15-29";"Female";"2011";"0.00"
"Mortality";"Albacete";"Lung";"15-29";"Female";"2012";"0.00"
"Mortality";"Ciudad Real";"Lung";"15-29";"Male";"2008";"0.00"
"Mortality";"Ciudad Real";"Lung";"15-29";"Male";"2009";"0.00"
"Mortality";"Ciudad Real";"Lung";"15-29";"Male";"2010";"0.00"
"Mortality";"Ciudad Real";"Lung";"15-29";"Male";"2011";"0.00"
"Mortality";"Ciudad Real";"Lung";"15-29";"Male";"2012";"0.00"
"Mortality";"Albacete";"Lung";"15-29";"Male";"2008";"0.00"
"Mortality";"Albacete";"Lung";"15-29";"Male";"2009";"0.00"
"Mortality";"Albacete";"Lung";"15-29";"Male";"2010";"0.00"
"Mortality";"Albacete";"Lung";"15-29";"Male";"2011";"0.00"
"Mortality";"Albacete";"Lung";"15-29";"Male";"2012";"0.00"
"Incidence";"Albacete";"Lung";"15-29";"Female";"2008";"0.00"
"Incidence";"Albacete";"Lung";"15-29";"Female";"2009";"0.00"
"Incidence";"Albacete";"Lung";"15-29";"Female";"2010";"0.00"
"Mortality";"Cuenca";"Lung";"15-29";"Female";"2008";"0.00"
"Mortality";"Cuenca";"Lung";"15-29";"Female";"2009";"0.00"
"Mortality";"Cuenca";"Lung";"15-29";"Female";"2010";"0.00"
"Mortality";"Cuenca";"Lung";"15-29";"Female";"2011";"0.00"
"Mortality";"Cuenca";"Lung";"15-29";"Female";"2012";"0.00"
"Incidence";"Albacete";"Lung";"15-29";"Male";"2008";"0.00"
"Incidence";"Albacete";"Lung";"15-29";"Male";"2009";"2.45"
"Incidence";"Albacete";"Lung";"15-29";"Male";"2010";"0.00"
"Incidence";"Albacete";"Lung";"30-44";"Female";"2008";"4.28"
"Incidence";"Albacete";"Lung";"30-44";"Female";"2009";"4.28"
"Incidence";"Albacete";"Lung";"30-44";"Female";"2010";"0.00"
"Mortality";"Ciudad Real";"Lung";"30-44";"Female";"2008";"1.71"
"Mortality";"Ciudad Real";"Lung";"30-44";"Female";"2009";"5.10"
"Mortality";"Ciudad Real";"Lung";"30-44";"Female";"2010";"0.00"
"Mortality";"Ciudad Real";"Lung";"30-44";"Female";"2011";"0.00"
"Mortality";"Ciudad Real";"Lung";"30-44";"Female";"2012";"0.00"
"Mortality";"Ciudad Real";"Lung";"30-44";"Male";"2008";"0.00"
"Mortality";"Ciudad Real";"Lung";"30-44";"Male";"2009";"3.14"
"Mortality";"Ciudad Real";"Lung";"30-44";"Male";"2010";"4.73"
"Mortality";"Ciudad Real";"Lung";"30-44";"Male";"2011";"1.58"
"Mortality";"Ciudad Real";"Lung";"30-44";"Male";"2012";"3.21"
"Mortality";"Cuenca";"Lung";"30-44";"Male";"2008";"0.00"
"Mortality";"Cuenca";"Lung";"30-44";"Male";"2009";"3.83"
"Mortality";"Cuenca";"Lung";"30-44";"Male";"2010";"0.00"
"Mortality";"Cuenca";"Lung";"30-44";"Male";"2011";"3.90"
"Mortality";"Cuenca";"Lung";"30-44";"Male";"2012";"0.00"
"Mortality";"Cuenca";"Lung";"30-44";"Female";"2008";"0.00"
"Mortality";"Cuenca";"Lung";"30-44";"Female";"2009";"0.00"
"Mortality";"Cuenca";"Lung";"30-44";"Female";"2010";"0.00"
"Mortality";"Cuenca";"Lung";"30-44";"Female";"2011";"0.00"
"Mortality";"Cuenca";"Lung";"30-44";"Female";"2012";"4.62"
"Incidence";"Ciudad Real";"Lung";"30-44";"Male";"2008";"3.14"
"Incidence";"Ciudad Real";"Lung";"30-44";"Male";"2009";"1.57"
"Incidence";"Ciudad Real";"Lung";"30-44";"Male";"2010";"4.73"
"Incidence";"Ciudad Real";"Lung";"30-44";"Male";"2011";"4.74"
"Incidence";"Ciudad Real";"Lung";"30-44";"Male";"2012";"4.81"
"Incidence";"Ciudad Real";"Lung";"30-44";"Female";"2008";"1.71"
"Incidence";"Ciudad Real";"Lung";"30-44";"Female";"2009";"3.40"
"Incidence";"Ciudad Real";"Lung";"30-44";"Female";"2010";"3.42"
"Incidence";"Ciudad Real";"Lung";"30-44";"Female";"2011";"0.00"
"Incidence";"Ciudad Real";"Lung";"30-44";"Female";"2012";"0.00"
"Incidence";"Cuenca";"Lung";"30-44";"Male";"2008";"3.85"
"Incidence";"Cuenca";"Lung";"30-44";"Male";"2009";"0.00"
"Incidence";"Cuenca";"Lung";"30-44";"Male";"2010";"3.86"
"Incidence";"Cuenca";"Lung";"30-44";"Male";"2011";"7.80"
"Incidence";"Cuenca";"Lung";"30-44";"Male";"2012";"0.00"
"Incidence";"Cuenca";"Lung";"30-44";"Female";"2008";"13.36"
"Incidence";"Cuenca";"Lung";"30-44";"Female";"2009";"0.00"
"Incidence";"Cuenca";"Lung";"30-44";"Female";"2010";"4.47"
"Incidence";"Cuenca";"Lung";"30-44";"Female";"2011";"9.05"
"Incidence";"Cuenca";"Lung";"30-44";"Female";"2012";"0.00"
"Mortality";"Albacete";"Lung";"30-44";"Female";"2008";"2.14"
"Mortality";"Albacete";"Lung";"30-44";"Female";"2009";"2.14"
"Mortality";"Albacete";"Lung";"30-44";"Female";"2010";"2.15"
"Mortality";"Albacete";"Lung";"30-44";"Female";"2011";"2.16"
"Mortality";"Albacete";"Lung";"30-44";"Female";"2012";"0.00"
"Mortality";"Albacete";"Lung";"30-44";"Male";"2008";"1.99"
"Mortality";"Albacete";"Lung";"30-44";"Male";"2009";"0.00"
"Mortality";"Albacete";"Lung";"30-44";"Male";"2010";"3.97"
"Mortality";"Albacete";"Lung";"30-44";"Male";"2011";"5.99"
"Mortality";"Albacete";"Lung";"30-44";"Male";"2012";"0.00"
"Incidence";"Albacete";"Lung";"30-44";"Male";"2008";"11.92"
"Incidence";"Albacete";"Lung";"30-44";"Male";"2009";"3.95"
"Incidence";"Albacete";"Lung";"30-44";"Male";"2010";"1.99"
"Mortality";"Ciudad Real";"Lung";"45-59";"Male";"2008";"64.89"
"Mortality";"Ciudad Real";"Lung";"45-59";"Male";"2009";"66.72"
"Mortality";"Ciudad Real";"Lung";"45-59";"Male";"2010";"87.99"
"Mortality";"Ciudad Real";"Lung";"45-59";"Male";"2011";"83.49"
"Mortality";"Ciudad Real";"Lung";"45-59";"Male";"2012";"66.67"
"Mortality";"Cuenca";"Lung";"45-59";"Male";"2008";"63.60"
"Mortality";"Cuenca";"Lung";"45-59";"Male";"2009";"18.93"
"Mortality";"Cuenca";"Lung";"45-59";"Male";"2010";"41.33"
"Mortality";"Cuenca";"Lung";"45-59";"Male";"2011";"57.96"
"Mortality";"Cuenca";"Lung";"45-59";"Male";"2012";"56.78"
"Mortality";"Cuenca";"Lung";"45-59";"Female";"2008";"10.92"
"Mortality";"Cuenca";"Lung";"45-59";"Female";"2009";"10.57"
"Mortality";"Cuenca";"Lung";"45-59";"Female";"2010";"10.26"
"Mortality";"Cuenca";"Lung";"45-59";"Female";"2011";"9.99"
"Mortality";"Cuenca";"Lung";"45-59";"Female";"2012";"19.59"
"Incidence";"Albacete";"Lung";"45-59";"Male";"2008";"77.34"
"Incidence";"Albacete";"Lung";"45-59";"Male";"2009";"80.10"
"Incidence";"Albacete";"Lung";"45-59";"Male";"2010";"82.33"
"Incidence";"Albacete";"Lung";"45-59";"Female";"2008";"28.56"
"Incidence";"Albacete";"Lung";"45-59";"Female";"2009";"8.29"
"Incidence";"Albacete";"Lung";"45-59";"Female";"2010";"10.66"
"Mortality";"Albacete";"Lung";"45-59";"Male";"2008";"58.00"
"Mortality";"Albacete";"Lung";"45-59";"Male";"2009";"50.73"
"Mortality";"Albacete";"Lung";"45-59";"Male";"2010";"38.59"
"Mortality";"Albacete";"Lung";"45-59";"Male";"2011";"54.69"
"Mortality";"Albacete";"Lung";"45-59";"Male";"2012";"43.54"
"Mortality";"Albacete";"Lung";"45-59";"Female";"2008";"14.28"
"Mortality";"Albacete";"Lung";"45-59";"Female";"2009";"13.81"
"Mortality";"Albacete";"Lung";"45-59";"Female";"2010";"13.33"
"Mortality";"Albacete";"Lung";"45-59";"Female";"2011";"10.31"
"Mortality";"Albacete";"Lung";"45-59";"Female";"2012";"20.00"
"Incidence";"Cuenca";"Lung";"45-59";"Female";"2008";"16.39"
"Incidence";"Cuenca";"Lung";"45-59";"Female";"2009";"21.15"
"Incidence";"Cuenca";"Lung";"45-59";"Female";"2010";"0.00"
"Incidence";"Cuenca";"Lung";"45-59";"Female";"2011";"29.96"
"Incidence";"Cuenca";"Lung";"45-59";"Female";"2012";"29.38"
"Incidence";"Cuenca";"Lung";"45-59";"Male";"2008";"63.60"
"Incidence";"Cuenca";"Lung";"45-59";"Male";"2009";"75.73"
"Incidence";"Cuenca";"Lung";"45-59";"Male";"2010";"64.29"
"Incidence";"Cuenca";"Lung";"45-59";"Male";"2011";"80.25"
"Incidence";"Cuenca";"Lung";"45-59";"Male";"2012";"61.15"
"Incidence";"Ciudad Real";"Lung";"45-59";"Female";"2008";"17.26"
"Incidence";"Ciudad Real";"Lung";"45-59";"Female";"2009";"20.99"
"Incidence";"Ciudad Real";"Lung";"45-59";"Female";"2010";"16.29"
"Incidence";"Ciudad Real";"Lung";"45-59";"Female";"2011";"19.76"
"Incidence";"Ciudad Real";"Lung";"45-59";"Female";"2012";"28.89"
"Incidence";"Ciudad Real";"Lung";"45-59";"Male";"2008";"102.56"
"Incidence";"Ciudad Real";"Lung";"45-59";"Male";"2009";"80.87"
"Incidence";"Ciudad Real";"Lung";"45-59";"Male";"2010";"109.50"
"Incidence";"Ciudad Real";"Lung";"45-59";"Male";"2011";"83.49"
"Incidence";"Ciudad Real";"Lung";"45-59";"Male";"2012";"75.93"
"Mortality";"Ciudad Real";"Lung";"45-59";"Female";"2008";"12.95"
"Mortality";"Ciudad Real";"Lung";"45-59";"Female";"2009";"10.49"
"Mortality";"Ciudad Real";"Lung";"45-59";"Female";"2010";"8.15"
"Mortality";"Ciudad Real";"Lung";"45-59";"Female";"2011";"13.83"
"Mortality";"Ciudad Real";"Lung";"45-59";"Female";"2012";"9.63"
"Incidence";"Ciudad Real";"Lung";"60-74";"Male";"2008";"322.09"
"Incidence";"Ciudad Real";"Lung";"60-74";"Male";"2009";"298.37"
"Incidence";"Ciudad Real";"Lung";"60-74";"Male";"2010";"309.78"
"Incidence";"Ciudad Real";"Lung";"60-74";"Male";"2011";"283.75"
"Incidence";"Ciudad Real";"Lung";"60-74";"Male";"2012";"245.27"
"Incidence";"Cuenca";"Lung";"60-74";"Male";"2008";"235.88"
"Incidence";"Cuenca";"Lung";"60-74";"Male";"2009";"305.91"
"Incidence";"Cuenca";"Lung";"60-74";"Male";"2010";"241.94"
"Incidence";"Cuenca";"Lung";"60-74";"Male";"2011";"361.97"
"Incidence";"Cuenca";"Lung";"60-74";"Male";"2012";"264.09"
"Mortality";"Cuenca";"Lung";"60-74";"Male";"2008";"216.22"
"Mortality";"Cuenca";"Lung";"60-74";"Male";"2009";"179.56"
"Mortality";"Cuenca";"Lung";"60-74";"Male";"2010";"194.89"
"Mortality";"Cuenca";"Lung";"60-74";"Male";"2011";"245.87"
"Mortality";"Cuenca";"Lung";"60-74";"Male";"2012";"291.89"
"Mortality";"Ciudad Real";"Lung";"60-74";"Male";"2008";"334.84"
"Mortality";"Ciudad Real";"Lung";"60-74";"Male";"2009";"298.37"
"Mortality";"Ciudad Real";"Lung";"60-74";"Male";"2010";"284.50"
"Mortality";"Ciudad Real";"Lung";"60-74";"Male";"2011";"264.83"
"Mortality";"Ciudad Real";"Lung";"60-74";"Male";"2012";"264.13"
"Mortality";"Ciudad Real";"Lung";"60-74";"Female";"2008";"8.17"
"Mortality";"Ciudad Real";"Lung";"60-74";"Female";"2009";"21.82"
"Mortality";"Ciudad Real";"Lung";"60-74";"Female";"2010";"19.19"
"Mortality";"Ciudad Real";"Lung";"60-74";"Female";"2011";"30.43"
"Mortality";"Ciudad Real";"Lung";"60-74";"Female";"2012";"16.73"
"Incidence";"Albacete";"Lung";"60-74";"Female";"2008";"7.50"
"Incidence";"Albacete";"Lung";"60-74";"Female";"2009";"30.02"
"Incidence";"Albacete";"Lung";"60-74";"Female";"2010";"33.87"
"Mortality";"Albacete";"Lung";"60-74";"Male";"2008";"269.30"
"Mortality";"Albacete";"Lung";"60-74";"Male";"2009";"222.26"
"Mortality";"Albacete";"Lung";"60-74";"Male";"2010";"176.36"
"Mortality";"Albacete";"Lung";"60-74";"Male";"2011";"217.47"
"Mortality";"Albacete";"Lung";"60-74";"Male";"2012";"213.12"
"Mortality";"Cuenca";"Lung";"60-74";"Female";"2008";"5.92"
"Mortality";"Cuenca";"Lung";"60-74";"Female";"2009";"12.14"
"Mortality";"Cuenca";"Lung";"60-74";"Female";"2010";"18.58"
"Mortality";"Cuenca";"Lung";"60-74";"Female";"2011";"25.38"
"Mortality";"Cuenca";"Lung";"60-74";"Female";"2012";"26.18"
"Mortality";"Albacete";"Lung";"60-74";"Female";"2008";"11.26"
"Mortality";"Albacete";"Lung";"60-74";"Female";"2009";"15.01"
"Mortality";"Albacete";"Lung";"60-74";"Female";"2010";"33.87"
"Mortality";"Albacete";"Lung";"60-74";"Female";"2011";"11.34"
"Mortality";"Albacete";"Lung";"60-74";"Female";"2012";"18.96"
"Incidence";"Albacete";"Lung";"60-74";"Male";"2008";"310.73"
"Incidence";"Albacete";"Lung";"60-74";"Male";"2009";"296.35"
"Incidence";"Albacete";"Lung";"60-74";"Male";"2010";"209.17"
"Incidence";"Ciudad Real";"Lung";"60-74";"Female";"2008";"10.89"
"Incidence";"Ciudad Real";"Lung";"60-74";"Female";"2009";"32.73"
"Incidence";"Ciudad Real";"Lung";"60-74";"Female";"2010";"38.39"
"Incidence";"Ciudad Real";"Lung";"60-74";"Female";"2011";"35.96"
"Incidence";"Ciudad Real";"Lung";"60-74";"Female";"2012";"25.10"
"Incidence";"Cuenca";"Lung";"60-74";"Female";"2008";"29.61"
"Incidence";"Cuenca";"Lung";"60-74";"Female";"2009";"6.07"
"Incidence";"Cuenca";"Lung";"60-74";"Female";"2010";"12.39"
"Incidence";"Cuenca";"Lung";"60-74";"Female";"2011";"31.72"
"Incidence";"Cuenca";"Lung";"60-74";"Female";"2012";"6.55"
"Incidence";"Ciudad Real";"Lung";"75-85+";"Female";"2008";"42.85"
"Incidence";"Ciudad Real";"Lung";"75-85+";"Female";"2009";"41.81"
"Incidence";"Ciudad Real";"Lung";"75-85+";"Female";"2010";"44.05"
"Incidence";"Ciudad Real";"Lung";"75-85+";"Female";"2011";"33.89"
"Incidence";"Ciudad Real";"Lung";"75-85+";"Female";"2012";"36.68"
"Incidence";"Ciudad Real";"Lung";"75-85+";"Male";"2008";"485.62"
"Incidence";"Ciudad Real";"Lung";"75-85+";"Male";"2009";"465.64"
"Incidence";"Ciudad Real";"Lung";"75-85+";"Male";"2010";"337.96"
"Incidence";"Ciudad Real";"Lung";"75-85+";"Male";"2011";"421.69"
"Incidence";"Ciudad Real";"Lung";"75-85+";"Male";"2012";"338.98"
"Mortality";"Cuenca";"Lung";"75-85+";"Male";"2008";"372.75"
"Mortality";"Cuenca";"Lung";"75-85+";"Male";"2009";"299.65"
"Mortality";"Cuenca";"Lung";"75-85+";"Male";"2010";"319.12"
"Mortality";"Cuenca";"Lung";"75-85+";"Male";"2011";"446.21"
"Mortality";"Cuenca";"Lung";"75-85+";"Male";"2012";"358.22"
"Mortality";"Cuenca";"Lung";"75-85+";"Female";"2008";"38.60"
"Mortality";"Cuenca";"Lung";"75-85+";"Female";"2009";"31.58"
"Mortality";"Cuenca";"Lung";"75-85+";"Female";"2010";"43.55"
"Mortality";"Cuenca";"Lung";"75-85+";"Female";"2011";"12.23"
"Mortality";"Cuenca";"Lung";"75-85+";"Female";"2012";"30.64"
"Mortality";"Ciudad Real";"Lung";"75-85+";"Female";"2008";"49.44"
"Mortality";"Ciudad Real";"Lung";"75-85+";"Female";"2009";"38.59"
"Mortality";"Ciudad Real";"Lung";"75-85+";"Female";"2010";"40.91"
"Mortality";"Ciudad Real";"Lung";"75-85+";"Female";"2011";"33.89"
"Mortality";"Ciudad Real";"Lung";"75-85+";"Female";"2012";"45.85"
"Incidence";"Cuenca";"Lung";"75-85+";"Male";"2008";"406.64"
"Incidence";"Cuenca";"Lung";"75-85+";"Male";"2009";"266.36"
"Incidence";"Cuenca";"Lung";"75-85+";"Male";"2010";"384.58"
"Incidence";"Cuenca";"Lung";"75-85+";"Male";"2011";"275.84"
"Incidence";"Cuenca";"Lung";"75-85+";"Male";"2012";"350.08"
"Incidence";"Albacete";"Lung";"75-85+";"Female";"2008";"32.99"
"Incidence";"Albacete";"Lung";"75-85+";"Female";"2009";"36.77"
"Incidence";"Albacete";"Lung";"75-85+";"Female";"2010";"40.40"
"Mortality";"Ciudad Real";"Lung";"75-85+";"Male";"2008";"504.67"
"Mortality";"Ciudad Real";"Lung";"75-85+";"Male";"2009";"386.48"
"Mortality";"Ciudad Real";"Lung";"75-85+";"Male";"2010";"401.90"
"Mortality";"Ciudad Real";"Lung";"75-85+";"Male";"2011";"390.29"
"Mortality";"Ciudad Real";"Lung";"75-85+";"Male";"2012";"450.49"
"Mortality";"Albacete";"Lung";"75-85+";"Male";"2008";"384.23"
"Mortality";"Albacete";"Lung";"75-85+";"Male";"2009";"367.08"
"Mortality";"Albacete";"Lung";"75-85+";"Male";"2010";"321.02"
"Mortality";"Albacete";"Lung";"75-85+";"Male";"2011";"398.24"
"Mortality";"Albacete";"Lung";"75-85+";"Male";"2012";"362.76"
"Incidence";"Albacete";"Lung";"75-85+";"Male";"2008";"410.73"
"Incidence";"Albacete";"Lung";"75-85+";"Male";"2009";"302.68"
"Incidence";"Albacete";"Lung";"75-85+";"Male";"2010";"402.85"
"Mortality";"Albacete";"Lung";"75-85+";"Female";"2008";"61.27"
"Mortality";"Albacete";"Lung";"75-85+";"Female";"2009";"22.98"
"Mortality";"Albacete";"Lung";"75-85+";"Female";"2010";"49.38"
"Mortality";"Albacete";"Lung";"75-85+";"Female";"2011";"26.38"
"Mortality";"Albacete";"Lung";"75-85+";"Female";"2012";"43.55"
"Incidence";"Cuenca";"Lung";"75-85+";"Female";"2008";"38.60"
"Incidence";"Cuenca";"Lung";"75-85+";"Female";"2009";"31.58"
"Incidence";"Cuenca";"Lung";"75-85+";"Female";"2010";"24.89"
"Incidence";"Cuenca";"Lung";"75-85+";"Female";"2011";"24.46"
"Incidence";"Cuenca";"Lung";"75-85+";"Female";"2012";"30.64"
"Incidence";"Asturias";"Lung";"0-14";"Male";"2010";"0.00"
"Incidence";"Asturias";"Lung";"0-14";"Male";"2011";"0.00"
"Incidence";"Asturias";"Lung";"0-14";"Male";"2012";"0.00"
"Incidence";"Asturias";"Lung";"0-14";"Male";"2013";"0.00"
"Incidence";"Asturias";"Lung";"0-14";"Male";"2014";"0.00"
"Incidence";"Asturias";"Lung";"0-14";"Male";"2015";"0.00"
"Incidence";"Asturias";"Lung";"0-14";"Female";"2010";"0.00"
"Incidence";"Asturias";"Lung";"0-14";"Female";"2011";"0.00"
"Incidence";"Asturias";"Lung";"0-14";"Female";"2012";"0.00"
"Incidence";"Asturias";"Lung";"0-14";"Female";"2013";"0.00"
"Incidence";"Asturias";"Lung";"0-14";"Female";"2014";"0.00"
"Incidence";"Asturias";"Lung";"0-14";"Female";"2015";"0.00"
"Mortality";"Asturias";"Lung";"0-14";"Male";"2010";"0.00"
"Mortality";"Asturias";"Lung";"0-14";"Male";"2011";"0.00"
"Mortality";"Asturias";"Lung";"0-14";"Male";"2012";"0.00"
"Mortality";"Asturias";"Lung";"0-14";"Male";"2013";"0.00"
"Mortality";"Asturias";"Lung";"0-14";"Male";"2014";"0.00"
"Mortality";"Asturias";"Lung";"0-14";"Male";"2015";"0.00"
"Mortality";"Asturias";"Lung";"0-14";"Female";"2010";"0.00"
"Mortality";"Asturias";"Lung";"0-14";"Female";"2011";"0.00"
"Mortality";"Asturias";"Lung";"0-14";"Female";"2012";"0.00"
"Mortality";"Asturias";"Lung";"0-14";"Female";"2013";"0.00"
"Mortality";"Asturias";"Lung";"0-14";"Female";"2014";"0.00"
"Mortality";"Asturias";"Lung";"0-14";"Female";"2015";"0.00"
"Mortality";"Asturias";"Lung";"15-29";"Female";"2010";"0.00"
"Mortality";"Asturias";"Lung";"15-29";"Female";"2011";"0.00"
"Mortality";"Asturias";"Lung";"15-29";"Female";"2012";"0.00"
"Mortality";"Asturias";"Lung";"15-29";"Female";"2013";"0.00"
"Mortality";"Asturias";"Lung";"15-29";"Female";"2014";"0.00"
"Mortality";"Asturias";"Lung";"15-29";"Female";"2015";"0.00"
"Mortality";"Asturias";"Lung";"15-29";"Male";"2010";"0.00"
"Mortality";"Asturias";"Lung";"15-29";"Male";"2011";"0.00"
"Mortality";"Asturias";"Lung";"15-29";"Male";"2012";"0.00"
"Mortality";"Asturias";"Lung";"15-29";"Male";"2013";"0.00"
"Mortality";"Asturias";"Lung";"15-29";"Male";"2014";"0.00"
"Mortality";"Asturias";"Lung";"15-29";"Male";"2015";"0.00"
"Incidence";"Asturias";"Lung";"15-29";"Female";"2010";"0.00"
"Incidence";"Asturias";"Lung";"15-29";"Female";"2011";"0.00"
"Incidence";"Asturias";"Lung";"15-29";"Female";"2012";"1.44"
"Incidence";"Asturias";"Lung";"15-29";"Female";"2013";"0.00"
"Incidence";"Asturias";"Lung";"15-29";"Female";"2014";"0.00"
"Incidence";"Asturias";"Lung";"15-29";"Female";"2015";"0.00"
"Incidence";"Asturias";"Lung";"15-29";"Male";"2010";"0.00"
"Incidence";"Asturias";"Lung";"15-29";"Male";"2011";"0.00"
"Incidence";"Asturias";"Lung";"15-29";"Male";"2012";"0.00"
"Incidence";"Asturias";"Lung";"15-29";"Male";"2013";"0.00"
"Incidence";"Asturias";"Lung";"15-29";"Male";"2014";"0.00"
"Incidence";"Asturias";"Lung";"15-29";"Male";"2015";"0.00"
"Mortality";"Asturias";"Lung";"30-44";"Male";"2010";"5.55"
"Mortality";"Asturias";"Lung";"30-44";"Male";"2011";"4.78"
"Mortality";"Asturias";"Lung";"30-44";"Male";"2012";"4.84"
"Mortality";"Asturias";"Lung";"30-44";"Male";"2013";"0.82"
"Mortality";"Asturias";"Lung";"30-44";"Male";"2014";"3.35"
"Mortality";"Asturias";"Lung";"30-44";"Male";"2015";"3.46"
"Mortality";"Asturias";"Lung";"30-44";"Female";"2010";"4.02"
"Mortality";"Asturias";"Lung";"30-44";"Female";"2011";"2.42"
"Mortality";"Asturias";"Lung";"30-44";"Female";"2012";"3.27"
"Mortality";"Asturias";"Lung";"30-44";"Female";"2013";"1.66"
"Mortality";"Asturias";"Lung";"30-44";"Female";"2014";"0.85"
"Mortality";"Asturias";"Lung";"30-44";"Female";"2015";"1.75"
"Incidence";"Asturias";"Lung";"30-44";"Female";"2010";"6.43"
"Incidence";"Asturias";"Lung";"30-44";"Female";"2011";"4.04"
"Incidence";"Asturias";"Lung";"30-44";"Female";"2012";"4.90"
"Incidence";"Asturias";"Lung";"30-44";"Female";"2013";"4.15"
"Incidence";"Asturias";"Lung";"30-44";"Female";"2014";"3.40"
"Incidence";"Asturias";"Lung";"30-44";"Female";"2015";"6.11"
"Incidence";"Asturias";"Lung";"30-44";"Male";"2010";"9.52"
"Incidence";"Asturias";"Lung";"30-44";"Male";"2011";"4.78"
"Incidence";"Asturias";"Lung";"30-44";"Male";"2012";"3.23"
"Incidence";"Asturias";"Lung";"30-44";"Male";"2013";"3.27"
"Incidence";"Asturias";"Lung";"30-44";"Male";"2014";"4.19"
"Incidence";"Asturias";"Lung";"30-44";"Male";"2015";"5.19"
"Incidence";"Asturias";"Lung";"45-59";"Female";"2010";"36.75"
"Incidence";"Asturias";"Lung";"45-59";"Female";"2011";"49.56"
"Incidence";"Asturias";"Lung";"45-59";"Female";"2012";"38.88"
"Incidence";"Asturias";"Lung";"45-59";"Female";"2013";"52.19"
"Incidence";"Asturias";"Lung";"45-59";"Female";"2014";"47.50"
"Incidence";"Asturias";"Lung";"45-59";"Female";"2015";"46.80"
"Mortality";"Asturias";"Lung";"45-59";"Female";"2010";"29.40"
"Mortality";"Asturias";"Lung";"45-59";"Female";"2011";"30.87"
"Mortality";"Asturias";"Lung";"45-59";"Female";"2012";"23.49"
"Mortality";"Asturias";"Lung";"45-59";"Female";"2013";"38.75"
"Mortality";"Asturias";"Lung";"45-59";"Female";"2014";"43.54"
"Mortality";"Asturias";"Lung";"45-59";"Female";"2015";"29.35"
"Mortality";"Asturias";"Lung";"45-59";"Male";"2010";"101.85"
"Mortality";"Asturias";"Lung";"45-59";"Male";"2011";"99.73"
"Mortality";"Asturias";"Lung";"45-59";"Male";"2012";"95.16"
"Mortality";"Asturias";"Lung";"45-59";"Male";"2013";"75.17"
"Mortality";"Asturias";"Lung";"45-59";"Male";"2014";"85.22"
"Mortality";"Asturias";"Lung";"45-59";"Male";"2015";"81.90"
"Incidence";"Asturias";"Lung";"45-59";"Male";"2010";"111.43"
"Incidence";"Asturias";"Lung";"45-59";"Male";"2011";"131.82"
"Incidence";"Asturias";"Lung";"45-59";"Male";"2012";"112.47"
"Incidence";"Asturias";"Lung";"45-59";"Male";"2013";"118.95"
"Incidence";"Asturias";"Lung";"45-59";"Male";"2014";"102.59"
"Incidence";"Asturias";"Lung";"45-59";"Male";"2015";"110.02"
"Incidence";"Asturias";"Lung";"60-74";"Male";"2010";"346.74"
"Incidence";"Asturias";"Lung";"60-74";"Male";"2011";"346.28"
"Incidence";"Asturias";"Lung";"60-74";"Male";"2012";"323.17"
"Incidence";"Asturias";"Lung";"60-74";"Male";"2013";"332.04"
"Incidence";"Asturias";"Lung";"60-74";"Male";"2014";"319.41"
"Incidence";"Asturias";"Lung";"60-74";"Male";"2015";"362.66"
"Mortality";"Asturias";"Lung";"60-74";"Female";"2010";"48.62"
"Mortality";"Asturias";"Lung";"60-74";"Female";"2011";"41.74"
"Mortality";"Asturias";"Lung";"60-74";"Female";"2012";"45.40"
"Mortality";"Asturias";"Lung";"60-74";"Female";"2013";"47.35"
"Mortality";"Asturias";"Lung";"60-74";"Female";"2014";"41.07"
"Mortality";"Asturias";"Lung";"60-74";"Female";"2015";"54.67"
"Mortality";"Asturias";"Lung";"60-74";"Male";"2010";"312.70"
"Mortality";"Asturias";"Lung";"60-74";"Male";"2011";"288.98"
"Mortality";"Asturias";"Lung";"60-74";"Male";"2012";"286.45"
"Mortality";"Asturias";"Lung";"60-74";"Male";"2013";"270.08"
"Mortality";"Asturias";"Lung";"60-74";"Male";"2014";"272.80"
"Mortality";"Asturias";"Lung";"60-74";"Male";"2015";"251.76"
"Incidence";"Asturias";"Lung";"60-74";"Female";"2010";"59.42"
"Incidence";"Asturias";"Lung";"60-74";"Female";"2011";"40.67"
"Incidence";"Asturias";"Lung";"60-74";"Female";"2012";"72.85"
"Incidence";"Asturias";"Lung";"60-74";"Female";"2013";"58.67"
"Incidence";"Asturias";"Lung";"60-74";"Female";"2014";"66.11"
"Incidence";"Asturias";"Lung";"60-74";"Female";"2015";"100.55"
"Mortality";"Asturias";"Lung";"75-85+";"Female";"2010";"61.35"
"Mortality";"Asturias";"Lung";"75-85+";"Female";"2011";"59.58"
"Mortality";"Asturias";"Lung";"75-85+";"Female";"2012";"71.36"
"Mortality";"Asturias";"Lung";"75-85+";"Female";"2013";"74.59"
"Mortality";"Asturias";"Lung";"75-85+";"Female";"2014";"54.10"
"Mortality";"Asturias";"Lung";"75-85+";"Female";"2015";"69.32"
"Mortality";"Asturias";"Lung";"75-85+";"Male";"2010";"526.30"
"Mortality";"Asturias";"Lung";"75-85+";"Male";"2011";"604.04"
"Mortality";"Asturias";"Lung";"75-85+";"Male";"2012";"532.72"
"Mortality";"Asturias";"Lung";"75-85+";"Male";"2013";"497.10"
"Mortality";"Asturias";"Lung";"75-85+";"Male";"2014";"454.09"
"Mortality";"Asturias";"Lung";"75-85+";"Male";"2015";"420.72"
"Incidence";"Asturias";"Lung";"75-85+";"Female";"2010";"57.67"
"Incidence";"Asturias";"Lung";"75-85+";"Female";"2011";"64.44"
"Incidence";"Asturias";"Lung";"75-85+";"Female";"2012";"76.19"
"Incidence";"Asturias";"Lung";"75-85+";"Female";"2013";"82.75"
"Incidence";"Asturias";"Lung";"75-85+";"Female";"2014";"54.10"
"Incidence";"Asturias";"Lung";"75-85+";"Female";"2015";"77.69"
"Incidence";"Asturias";"Lung";"75-85+";"Male";"2010";"497.30"
"Incidence";"Asturias";"Lung";"75-85+";"Male";"2011";"591.72"
"Incidence";"Asturias";"Lung";"75-85+";"Male";"2012";"540.92"
"Incidence";"Asturias";"Lung";"75-85+";"Male";"2013";"532.61"
"Incidence";"Asturias";"Lung";"75-85+";"Male";"2014";"446.09"
"Incidence";"Asturias";"Lung";"75-85+";"Male";"2015";"463.41"
"Mortality";"Castilla y León";"Lung";"0-14";"Female";"2011";"0.00"
"Mortality";"Castilla y León";"Lung";"0-14";"Female";"2012";"0.00"
"Mortality";"Castilla y León";"Lung";"0-14";"Female";"2013";"0.00"
"Mortality";"Castilla y León";"Lung";"0-14";"Female";"2014";"0.00"
"Mortality";"Castilla y León";"Lung";"0-14";"Female";"2015";"0.00"
"Mortality";"Castilla y León";"Lung";"0-14";"Female";"2016";"0.00"
"Mortality";"Castilla y León";"Lung";"0-14";"Female";"2017";"0.00"
"Mortality";"Castilla y León";"Lung";"0-14";"Male";"2011";"0.00"
"Mortality";"Castilla y León";"Lung";"0-14";"Male";"2012";"0.00"
"Mortality";"Castilla y León";"Lung";"0-14";"Male";"2013";"0.00"
"Mortality";"Castilla y León";"Lung";"0-14";"Male";"2014";"0.00"
"Mortality";"Castilla y León";"Lung";"0-14";"Male";"2015";"0.00"
"Mortality";"Castilla y León";"Lung";"0-14";"Male";"2016";"0.00"
"Mortality";"Castilla y León";"Lung";"0-14";"Male";"2017";"0.00"
"Incidence";"Castilla y León";"Lung";"0-14";"Female";"2011";"0.00"
"Incidence";"Castilla y León";"Lung";"0-14";"Female";"2012";"0.00"
"Incidence";"Castilla y León";"Lung";"0-14";"Female";"2013";"0.00"
"Incidence";"Castilla y León";"Lung";"0-14";"Female";"2014";"0.00"
"Incidence";"Castilla y León";"Lung";"0-14";"Female";"2015";"0.00"
"Incidence";"Castilla y León";"Lung";"0-14";"Female";"2016";"0.00"
"Incidence";"Castilla y León";"Lung";"0-14";"Female";"2017";"0.00"
"Incidence";"Castilla y León";"Lung";"0-14";"Male";"2011";"0.00"
"Incidence";"Castilla y León";"Lung";"0-14";"Male";"2012";"0.00"
"Incidence";"Castilla y León";"Lung";"0-14";"Male";"2013";"0.00"
"Incidence";"Castilla y León";"Lung";"0-14";"Male";"2014";"0.00"
"Incidence";"Castilla y León";"Lung";"0-14";"Male";"2015";"0.00"
"Incidence";"Castilla y León";"Lung";"0-14";"Male";"2016";"0.00"
"Incidence";"Castilla y León";"Lung";"0-14";"Male";"2017";"0.00"
"Incidence";"Castilla y León";"Lung";"15-29";"Female";"2011";"0.00"
"Incidence";"Castilla y León";"Lung";"15-29";"Female";"2012";"0.00"
"Incidence";"Castilla y León";"Lung";"15-29";"Female";"2013";"0.00"
"Incidence";"Castilla y León";"Lung";"15-29";"Female";"2014";"0.00"
"Incidence";"Castilla y León";"Lung";"15-29";"Female";"2015";"0.00"
"Incidence";"Castilla y León";"Lung";"15-29";"Female";"2016";"0.00"
"Incidence";"Castilla y León";"Lung";"15-29";"Female";"2017";"0.00"
"Incidence";"Castilla y León";"Lung";"15-29";"Male";"2011";"0.00"
"Incidence";"Castilla y León";"Lung";"15-29";"Male";"2012";"0.00"
"Incidence";"Castilla y León";"Lung";"15-29";"Male";"2013";"0.00"
"Incidence";"Castilla y León";"Lung";"15-29";"Male";"2014";"0.00"
"Incidence";"Castilla y León";"Lung";"15-29";"Male";"2015";"0.00"
"Incidence";"Castilla y León";"Lung";"15-29";"Male";"2016";"0.00"
"Incidence";"Castilla y León";"Lung";"15-29";"Male";"2017";"0.00"
"Mortality";"Castilla y León";"Lung";"15-29";"Male";"2011";"0.00"
"Mortality";"Castilla y León";"Lung";"15-29";"Male";"2012";"0.00"
"Mortality";"Castilla y León";"Lung";"15-29";"Male";"2013";"0.00"
"Mortality";"Castilla y León";"Lung";"15-29";"Male";"2014";"0.00"
"Mortality";"Castilla y León";"Lung";"15-29";"Male";"2015";"0.00"
"Mortality";"Castilla y León";"Lung";"15-29";"Male";"2016";"0.00"
"Mortality";"Castilla y León";"Lung";"15-29";"Male";"2017";"0.00"
"Mortality";"Castilla y León";"Lung";"15-29";"Female";"2011";"0.00"
"Mortality";"Castilla y León";"Lung";"15-29";"Female";"2012";"0.00"
"Mortality";"Castilla y León";"Lung";"15-29";"Female";"2013";"0.00"
"Mortality";"Castilla y León";"Lung";"15-29";"Female";"2014";"0.00"
"Mortality";"Castilla y León";"Lung";"15-29";"Female";"2015";"0.00"
"Mortality";"Castilla y León";"Lung";"15-29";"Female";"2016";"0.00"
"Mortality";"Castilla y León";"Lung";"15-29";"Female";"2017";"0.00"
"Mortality";"Castilla y León";"Lung";"30-44";"Female";"2011";"7.95"
"Mortality";"Castilla y León";"Lung";"30-44";"Female";"2012";"0.00"
"Mortality";"Castilla y León";"Lung";"30-44";"Female";"2013";"0.00"
"Mortality";"Castilla y León";"Lung";"30-44";"Female";"2014";"0.00"
"Mortality";"Castilla y León";"Lung";"30-44";"Female";"2015";"0.00"
"Mortality";"Castilla y León";"Lung";"30-44";"Female";"2016";"0.00"
"Mortality";"Castilla y León";"Lung";"30-44";"Female";"2017";"0.00"
"Mortality";"Castilla y León";"Lung";"30-44";"Male";"2011";"7.83"
"Mortality";"Castilla y León";"Lung";"30-44";"Male";"2012";"0.00"
"Mortality";"Castilla y León";"Lung";"30-44";"Male";"2013";"0.00"
"Mortality";"Castilla y León";"Lung";"30-44";"Male";"2014";"2.78"
"Mortality";"Castilla y León";"Lung";"30-44";"Male";"2015";"0.00"
"Mortality";"Castilla y León";"Lung";"30-44";"Male";"2016";"0.00"
"Mortality";"Castilla y León";"Lung";"30-44";"Male";"2017";"0.00"
"Incidence";"Castilla y León";"Lung";"30-44";"Male";"2011";"5.22"
"Incidence";"Castilla y León";"Lung";"30-44";"Male";"2012";"2.65"
"Incidence";"Castilla y León";"Lung";"30-44";"Male";"2013";"5.40"
"Incidence";"Castilla y León";"Lung";"30-44";"Male";"2014";"0.00"
"Incidence";"Castilla y León";"Lung";"30-44";"Male";"2015";"0.00"
"Incidence";"Castilla y León";"Lung";"30-44";"Male";"2016";"0.00"
"Incidence";"Castilla y León";"Lung";"30-44";"Male";"2017";"3.06"
"Incidence";"Castilla y León";"Lung";"30-44";"Female";"2011";"5.30"
"Incidence";"Castilla y León";"Lung";"30-44";"Female";"2012";"0.00"
"Incidence";"Castilla y León";"Lung";"30-44";"Female";"2013";"0.00"
"Incidence";"Castilla y León";"Lung";"30-44";"Female";"2014";"0.00"
"Incidence";"Castilla y León";"Lung";"30-44";"Female";"2015";"5.80"
"Incidence";"Castilla y León";"Lung";"30-44";"Female";"2016";"3.02"
"Incidence";"Castilla y León";"Lung";"30-44";"Female";"2017";"0.00"
"Incidence";"Castilla y León";"Lung";"45-59";"Male";"2011";"56.77"
"Incidence";"Castilla y León";"Lung";"45-59";"Male";"2012";"74.15"
"Incidence";"Castilla y León";"Lung";"45-59";"Male";"2013";"89.00"
"Incidence";"Castilla y León";"Lung";"45-59";"Male";"2014";"83.14"
"Incidence";"Castilla y León";"Lung";"45-59";"Male";"2015";"64.42"
"Incidence";"Castilla y León";"Lung";"45-59";"Male";"2016";"77.02"
"Incidence";"Castilla y León";"Lung";"45-59";"Male";"2017";"66.71"
"Incidence";"Castilla y León";"Lung";"45-59";"Female";"2011";"24.92"
"Incidence";"Castilla y León";"Lung";"45-59";"Female";"2012";"8.13"
"Incidence";"Castilla y León";"Lung";"45-59";"Female";"2013";"26.60"
"Incidence";"Castilla y León";"Lung";"45-59";"Female";"2014";"21.00"
"Incidence";"Castilla y León";"Lung";"45-59";"Female";"2015";"28.51"
"Incidence";"Castilla y León";"Lung";"45-59";"Female";"2016";"41.12"
"Incidence";"Castilla y León";"Lung";"45-59";"Female";"2017";"33.23"
"Mortality";"Castilla y León";"Lung";"45-59";"Male";"2011";"51.37"
"Mortality";"Castilla y León";"Lung";"45-59";"Male";"2012";"52.96"
"Mortality";"Castilla y León";"Lung";"45-59";"Male";"2013";"60.20"
"Mortality";"Castilla y León";"Lung";"45-59";"Male";"2014";"49.36"
"Mortality";"Castilla y León";"Lung";"45-59";"Male";"2015";"48.96"
"Mortality";"Castilla y León";"Lung";"45-59";"Male";"2016";"48.78"
"Mortality";"Castilla y León";"Lung";"45-59";"Male";"2017";"56.45"
"Mortality";"Castilla y León";"Lung";"45-59";"Female";"2011";"11.08"
"Mortality";"Castilla y León";"Lung";"45-59";"Female";"2012";"10.84"
"Mortality";"Castilla y León";"Lung";"45-59";"Female";"2013";"23.94"
"Mortality";"Castilla y León";"Lung";"45-59";"Female";"2014";"7.88"
"Mortality";"Castilla y León";"Lung";"45-59";"Female";"2015";"25.92"
"Mortality";"Castilla y León";"Lung";"45-59";"Female";"2016";"7.71"
"Mortality";"Castilla y León";"Lung";"45-59";"Female";"2017";"30.67"
"Incidence";"Castilla y León";"Lung";"60-74";"Female";"2011";"37.50"
"Incidence";"Castilla y León";"Lung";"60-74";"Female";"2012";"34.56"
"Incidence";"Castilla y León";"Lung";"60-74";"Female";"2013";"51.85"
"Incidence";"Castilla y León";"Lung";"60-74";"Female";"2014";"23.98"
"Incidence";"Castilla y León";"Lung";"60-74";"Female";"2015";"43.78"
"Incidence";"Castilla y León";"Lung";"60-74";"Female";"2016";"70.47"
"Incidence";"Castilla y León";"Lung";"60-74";"Female";"2017";"76.12"
"Incidence";"Castilla y León";"Lung";"60-74";"Male";"2011";"317.40"
"Incidence";"Castilla y León";"Lung";"60-74";"Male";"2012";"288.58"
"Incidence";"Castilla y León";"Lung";"60-74";"Male";"2013";"260.39"
"Incidence";"Castilla y León";"Lung";"60-74";"Male";"2014";"270.45"
"Incidence";"Castilla y León";"Lung";"60-74";"Male";"2015";"267.32"
"Incidence";"Castilla y León";"Lung";"60-74";"Male";"2016";"269.12"
"Incidence";"Castilla y León";"Lung";"60-74";"Male";"2017";"271.20"
"Mortality";"Castilla y León";"Lung";"60-74";"Male";"2011";"200.26"
"Mortality";"Castilla y León";"Lung";"60-74";"Male";"2012";"250.61"
"Mortality";"Castilla y León";"Lung";"60-74";"Male";"2013";"200.01"
"Mortality";"Castilla y León";"Lung";"60-74";"Male";"2014";"192.65"
"Mortality";"Castilla y León";"Lung";"60-74";"Male";"2015";"202.30"
"Mortality";"Castilla y León";"Lung";"60-74";"Male";"2016";"233.23"
"Mortality";"Castilla y León";"Lung";"60-74";"Male";"2017";"200.76"
"Mortality";"Castilla y León";"Lung";"60-74";"Female";"2011";"10.23"
"Mortality";"Castilla y León";"Lung";"60-74";"Female";"2012";"41.47"
"Mortality";"Castilla y León";"Lung";"60-74";"Female";"2013";"20.74"
"Mortality";"Castilla y León";"Lung";"60-74";"Female";"2014";"30.83"
"Mortality";"Castilla y León";"Lung";"60-74";"Female";"2015";"37.04"
"Mortality";"Castilla y León";"Lung";"60-74";"Female";"2016";"33.56"
"Mortality";"Castilla y León";"Lung";"60-74";"Female";"2017";"33.09"
"Incidence";"Castilla y León";"Lung";"75-85+";"Male";"2011";"413.18"
"Incidence";"Castilla y León";"Lung";"75-85+";"Male";"2012";"413.51"
"Incidence";"Castilla y León";"Lung";"75-85+";"Male";"2013";"426.25"
"Incidence";"Castilla y León";"Lung";"75-85+";"Male";"2014";"294.99"
"Incidence";"Castilla y León";"Lung";"75-85+";"Male";"2015";"351.32"
"Incidence";"Castilla y León";"Lung";"75-85+";"Male";"2016";"379.05"
"Incidence";"Castilla y León";"Lung";"75-85+";"Male";"2017";"343.44"
"Incidence";"Castilla y León";"Lung";"75-85+";"Female";"2011";"41.63"
"Incidence";"Castilla y León";"Lung";"75-85+";"Female";"2012";"64.58"
"Incidence";"Castilla y León";"Lung";"75-85+";"Female";"2013";"33.88"
"Incidence";"Castilla y León";"Lung";"75-85+";"Female";"2014";"47.59"
"Incidence";"Castilla y León";"Lung";"75-85+";"Female";"2015";"51.27"
"Incidence";"Castilla y León";"Lung";"75-85+";"Female";"2016";"68.06"
"Incidence";"Castilla y León";"Lung";"75-85+";"Female";"2017";"71.39"
"Mortality";"Castilla y León";"Lung";"75-85+";"Male";"2011";"372.37"
"Mortality";"Castilla y León";"Lung";"75-85+";"Male";"2012";"398.57"
"Mortality";"Castilla y León";"Lung";"75-85+";"Male";"2013";"455.99"
"Mortality";"Castilla y León";"Lung";"75-85+";"Male";"2014";"319.98"
"Mortality";"Castilla y León";"Lung";"75-85+";"Male";"2015";"306.15"
"Mortality";"Castilla y León";"Lung";"75-85+";"Male";"2016";"369.08"
"Mortality";"Castilla y León";"Lung";"75-85+";"Male";"2017";"298.64"
"Mortality";"Castilla y León";"Lung";"75-85+";"Female";"2011";"34.69"
"Mortality";"Castilla y León";"Lung";"75-85+";"Female";"2012";"40.79"
"Mortality";"Castilla y León";"Lung";"75-85+";"Female";"2013";"40.66"
"Mortality";"Castilla y León";"Lung";"75-85+";"Female";"2014";"40.79"
"Mortality";"Castilla y León";"Lung";"75-85+";"Female";"2015";"44.44"
"Mortality";"Castilla y León";"Lung";"75-85+";"Female";"2016";"40.83"
"Mortality";"Castilla y León";"Lung";"75-85+";"Female";"2017";"54.40"

Historical data: Incidence/mortality trends by age
Incidence and mortality, 15 registries, Both sexes, Lung, 0 to 85+ years, by 15 years age groups

Source: ECIS - European Cancer Information System
From https://ecis.jrc.ec.europa.eu, accessed on 28-03-2026
(c) European Union, 2026