"Indicator";"Registry";"Cancer";"Age";"Sex";"Year";"Age-specific Rate"
"Mortality";"Finland";"Lung";"0-14";"Female";"1953";"0.00"
"Mortality";"Finland";"Lung";"0-14";"Female";"1954";"0.00"
"Mortality";"Finland";"Lung";"0-14";"Female";"1955";"0.00"
"Mortality";"Finland";"Lung";"0-14";"Female";"1956";"0.00"
"Mortality";"Finland";"Lung";"0-14";"Female";"1957";"0.00"
"Mortality";"Finland";"Lung";"0-14";"Female";"1958";"0.00"
"Mortality";"Finland";"Lung";"0-14";"Female";"1959";"0.00"
"Mortality";"Finland";"Lung";"0-14";"Female";"1960";"0.00"
"Mortality";"Finland";"Lung";"0-14";"Female";"1961";"0.00"
"Mortality";"Finland";"Lung";"0-14";"Female";"1962";"0.00"
"Mortality";"Finland";"Lung";"0-14";"Female";"1963";"0.00"
"Mortality";"Finland";"Lung";"0-14";"Female";"1964";"0.00"
"Mortality";"Finland";"Lung";"0-14";"Female";"1965";"0.00"
"Mortality";"Finland";"Lung";"0-14";"Female";"1966";"0.00"
"Mortality";"Finland";"Lung";"0-14";"Female";"1967";"0.00"
"Mortality";"Finland";"Lung";"0-14";"Female";"1968";"0.00"
"Mortality";"Finland";"Lung";"0-14";"Female";"1969";"0.00"
"Mortality";"Finland";"Lung";"0-14";"Female";"1970";"0.18"
"Mortality";"Finland";"Lung";"0-14";"Female";"1971";"0.00"
"Mortality";"Finland";"Lung";"0-14";"Female";"1972";"0.00"
"Mortality";"Finland";"Lung";"0-14";"Female";"1973";"0.00"
"Mortality";"Finland";"Lung";"0-14";"Female";"1974";"0.00"
"Mortality";"Finland";"Lung";"0-14";"Female";"1975";"0.00"
"Mortality";"Finland";"Lung";"0-14";"Female";"1976";"0.00"
"Mortality";"Finland";"Lung";"0-14";"Female";"1977";"0.00"
"Mortality";"Finland";"Lung";"0-14";"Female";"1978";"0.00"
"Mortality";"Finland";"Lung";"0-14";"Female";"1979";"0.00"
"Mortality";"Finland";"Lung";"0-14";"Female";"1980";"0.00"
"Mortality";"Finland";"Lung";"0-14";"Female";"1981";"0.00"
"Mortality";"Finland";"Lung";"0-14";"Female";"1982";"0.00"
"Mortality";"Finland";"Lung";"0-14";"Female";"1983";"0.00"
"Mortality";"Finland";"Lung";"0-14";"Female";"1984";"0.00"
"Mortality";"Finland";"Lung";"0-14";"Female";"1985";"0.00"
"Mortality";"Finland";"Lung";"0-14";"Female";"1986";"0.00"
"Mortality";"Finland";"Lung";"0-14";"Female";"1987";"0.00"
"Mortality";"Finland";"Lung";"0-14";"Female";"1988";"0.00"
"Mortality";"Finland";"Lung";"0-14";"Female";"1989";"0.00"
"Mortality";"Finland";"Lung";"0-14";"Female";"1990";"0.00"
"Mortality";"Finland";"Lung";"0-14";"Female";"1991";"0.00"
"Mortality";"Finland";"Lung";"0-14";"Female";"1992";"0.00"
"Mortality";"Finland";"Lung";"0-14";"Female";"1993";"0.00"
"Mortality";"Finland";"Lung";"0-14";"Female";"1994";"0.00"
"Mortality";"Finland";"Lung";"0-14";"Female";"1995";"0.00"
"Mortality";"Finland";"Lung";"0-14";"Female";"1996";"0.00"
"Mortality";"Finland";"Lung";"0-14";"Female";"1997";"0.00"
"Mortality";"Finland";"Lung";"0-14";"Female";"1998";"0.00"
"Mortality";"Finland";"Lung";"0-14";"Female";"1999";"0.00"
"Mortality";"Finland";"Lung";"0-14";"Female";"2000";"0.00"
"Mortality";"Finland";"Lung";"0-14";"Female";"2001";"0.00"
"Mortality";"Finland";"Lung";"0-14";"Female";"2002";"0.00"
"Mortality";"Finland";"Lung";"0-14";"Female";"2003";"0.00"
"Mortality";"Finland";"Lung";"0-14";"Female";"2004";"0.00"
"Mortality";"Finland";"Lung";"0-14";"Female";"2005";"0.00"
"Mortality";"Finland";"Lung";"0-14";"Female";"2006";"0.00"
"Mortality";"Finland";"Lung";"0-14";"Female";"2007";"0.00"
"Mortality";"Finland";"Lung";"0-14";"Female";"2008";"0.23"
"Mortality";"Finland";"Lung";"0-14";"Female";"2009";"0.00"
"Mortality";"Finland";"Lung";"0-14";"Female";"2010";"0.00"
"Mortality";"Finland";"Lung";"0-14";"Female";"2011";"0.00"
"Mortality";"Finland";"Lung";"0-14";"Female";"2012";"0.00"
"Mortality";"Finland";"Lung";"0-14";"Female";"2013";"0.00"
"Mortality";"Finland";"Lung";"0-14";"Female";"2014";"0.00"
"Mortality";"Finland";"Lung";"0-14";"Female";"2015";"0.00"
"Mortality";"Finland";"Lung";"0-14";"Female";"2016";"0.00"
"Mortality";"Finland";"Lung";"0-14";"Female";"2017";"0.00"
"Mortality";"Finland";"Lung";"0-14";"Female";"2018";"0.00"
"Mortality";"Finland";"Lung";"0-14";"Female";"2019";"0.00"
"Mortality";"Finland";"Lung";"0-14";"Female";"2020";"0.00"
"Mortality";"Finland";"Lung";"0-14";"Female";"2021";"0.00"
"Mortality";"Finland";"Lung";"0-14";"Female";"2022";"0.00"
"Mortality";"Finland";"Lung";"0-14";"Female";"2023";"0.00"
"Incidence";"Finland";"Lung";"0-14";"Female";"1953";"0.00"
"Incidence";"Finland";"Lung";"0-14";"Female";"1954";"0.00"
"Incidence";"Finland";"Lung";"0-14";"Female";"1955";"0.00"
"Incidence";"Finland";"Lung";"0-14";"Female";"1956";"0.00"
"Incidence";"Finland";"Lung";"0-14";"Female";"1957";"0.00"
"Incidence";"Finland";"Lung";"0-14";"Female";"1958";"0.00"
"Incidence";"Finland";"Lung";"0-14";"Female";"1959";"0.00"
"Incidence";"Finland";"Lung";"0-14";"Female";"1960";"0.00"
"Incidence";"Finland";"Lung";"0-14";"Female";"1961";"0.00"
"Incidence";"Finland";"Lung";"0-14";"Female";"1962";"0.16"
"Incidence";"Finland";"Lung";"0-14";"Female";"1963";"0.00"
"Incidence";"Finland";"Lung";"0-14";"Female";"1964";"0.00"
"Incidence";"Finland";"Lung";"0-14";"Female";"1965";"0.00"
"Incidence";"Finland";"Lung";"0-14";"Female";"1966";"0.00"
"Incidence";"Finland";"Lung";"0-14";"Female";"1967";"0.00"
"Incidence";"Finland";"Lung";"0-14";"Female";"1968";"0.00"
"Incidence";"Finland";"Lung";"0-14";"Female";"1969";"0.18"
"Incidence";"Finland";"Lung";"0-14";"Female";"1970";"0.18"
"Incidence";"Finland";"Lung";"0-14";"Female";"1971";"0.00"
"Incidence";"Finland";"Lung";"0-14";"Female";"1972";"0.00"
"Incidence";"Finland";"Lung";"0-14";"Female";"1973";"0.00"
"Incidence";"Finland";"Lung";"0-14";"Female";"1974";"0.00"
"Incidence";"Finland";"Lung";"0-14";"Female";"1975";"0.00"
"Incidence";"Finland";"Lung";"0-14";"Female";"1976";"0.00"
"Incidence";"Finland";"Lung";"0-14";"Female";"1977";"0.00"
"Incidence";"Finland";"Lung";"0-14";"Female";"1978";"0.00"
"Incidence";"Finland";"Lung";"0-14";"Female";"1979";"0.00"
"Incidence";"Finland";"Lung";"0-14";"Female";"1980";"0.00"
"Incidence";"Finland";"Lung";"0-14";"Female";"1981";"0.00"
"Incidence";"Finland";"Lung";"0-14";"Female";"1982";"0.00"
"Incidence";"Finland";"Lung";"0-14";"Female";"1983";"0.00"
"Incidence";"Finland";"Lung";"0-14";"Female";"1984";"0.00"
"Incidence";"Finland";"Lung";"0-14";"Female";"1985";"0.00"
"Incidence";"Finland";"Lung";"0-14";"Female";"1986";"0.00"
"Incidence";"Finland";"Lung";"0-14";"Female";"1987";"0.00"
"Incidence";"Finland";"Lung";"0-14";"Female";"1988";"0.00"
"Incidence";"Finland";"Lung";"0-14";"Female";"1989";"0.00"
"Incidence";"Finland";"Lung";"0-14";"Female";"1990";"0.00"
"Incidence";"Finland";"Lung";"0-14";"Female";"1991";"0.00"
"Incidence";"Finland";"Lung";"0-14";"Female";"1992";"0.00"
"Incidence";"Finland";"Lung";"0-14";"Female";"1993";"0.00"
"Incidence";"Finland";"Lung";"0-14";"Female";"1994";"0.00"
"Incidence";"Finland";"Lung";"0-14";"Female";"1995";"0.00"
"Incidence";"Finland";"Lung";"0-14";"Female";"1996";"0.00"
"Incidence";"Finland";"Lung";"0-14";"Female";"1997";"0.00"
"Incidence";"Finland";"Lung";"0-14";"Female";"1998";"0.00"
"Incidence";"Finland";"Lung";"0-14";"Female";"1999";"0.00"
"Incidence";"Finland";"Lung";"0-14";"Female";"2000";"0.00"
"Incidence";"Finland";"Lung";"0-14";"Female";"2001";"0.00"
"Incidence";"Finland";"Lung";"0-14";"Female";"2002";"0.00"
"Incidence";"Finland";"Lung";"0-14";"Female";"2003";"0.00"
"Incidence";"Finland";"Lung";"0-14";"Female";"2004";"0.00"
"Incidence";"Finland";"Lung";"0-14";"Female";"2005";"0.00"
"Incidence";"Finland";"Lung";"0-14";"Female";"2006";"0.00"
"Incidence";"Finland";"Lung";"0-14";"Female";"2007";"0.00"
"Incidence";"Finland";"Lung";"0-14";"Female";"2008";"0.00"
"Incidence";"Finland";"Lung";"0-14";"Female";"2009";"0.00"
"Incidence";"Finland";"Lung";"0-14";"Female";"2010";"0.00"
"Incidence";"Finland";"Lung";"0-14";"Female";"2011";"0.00"
"Incidence";"Finland";"Lung";"0-14";"Female";"2012";"0.00"
"Incidence";"Finland";"Lung";"0-14";"Female";"2013";"0.00"
"Incidence";"Finland";"Lung";"0-14";"Female";"2014";"0.00"
"Incidence";"Finland";"Lung";"0-14";"Female";"2015";"0.00"
"Incidence";"Finland";"Lung";"0-14";"Female";"2016";"0.00"
"Incidence";"Finland";"Lung";"0-14";"Female";"2017";"0.00"
"Incidence";"Finland";"Lung";"0-14";"Female";"2018";"0.00"
"Incidence";"Finland";"Lung";"0-14";"Female";"2019";"0.00"
"Incidence";"Finland";"Lung";"0-14";"Female";"2020";"0.00"
"Incidence";"Finland";"Lung";"0-14";"Female";"2021";"0.00"
"Incidence";"Finland";"Lung";"0-14";"Female";"2022";"0.00"
"Incidence";"Finland";"Lung";"0-14";"Female";"2023";"0.00"
"Incidence";"Finland";"Lung";"0-14";"Male";"1953";"0.00"
"Incidence";"Finland";"Lung";"0-14";"Male";"1954";"0.00"
"Incidence";"Finland";"Lung";"0-14";"Male";"1955";"0.00"
"Incidence";"Finland";"Lung";"0-14";"Male";"1956";"0.00"
"Incidence";"Finland";"Lung";"0-14";"Male";"1957";"0.00"
"Incidence";"Finland";"Lung";"0-14";"Male";"1958";"0.00"
"Incidence";"Finland";"Lung";"0-14";"Male";"1959";"0.00"
"Incidence";"Finland";"Lung";"0-14";"Male";"1960";"0.00"
"Incidence";"Finland";"Lung";"0-14";"Male";"1961";"0.00"
"Incidence";"Finland";"Lung";"0-14";"Male";"1962";"0.00"
"Incidence";"Finland";"Lung";"0-14";"Male";"1963";"0.00"
"Incidence";"Finland";"Lung";"0-14";"Male";"1964";"0.00"
"Incidence";"Finland";"Lung";"0-14";"Male";"1965";"0.00"
"Incidence";"Finland";"Lung";"0-14";"Male";"1966";"0.00"
"Incidence";"Finland";"Lung";"0-14";"Male";"1967";"0.00"
"Incidence";"Finland";"Lung";"0-14";"Male";"1968";"0.00"
"Incidence";"Finland";"Lung";"0-14";"Male";"1969";"0.00"
"Incidence";"Finland";"Lung";"0-14";"Male";"1970";"0.00"
"Incidence";"Finland";"Lung";"0-14";"Male";"1971";"0.00"
"Incidence";"Finland";"Lung";"0-14";"Male";"1972";"0.00"
"Incidence";"Finland";"Lung";"0-14";"Male";"1973";"0.00"
"Incidence";"Finland";"Lung";"0-14";"Male";"1974";"0.00"
"Incidence";"Finland";"Lung";"0-14";"Male";"1975";"0.00"
"Incidence";"Finland";"Lung";"0-14";"Male";"1976";"0.00"
"Incidence";"Finland";"Lung";"0-14";"Male";"1977";"0.00"
"Incidence";"Finland";"Lung";"0-14";"Male";"1978";"0.00"
"Incidence";"Finland";"Lung";"0-14";"Male";"1979";"0.00"
"Incidence";"Finland";"Lung";"0-14";"Male";"1980";"0.00"
"Incidence";"Finland";"Lung";"0-14";"Male";"1981";"0.00"
"Incidence";"Finland";"Lung";"0-14";"Male";"1982";"0.21"
"Incidence";"Finland";"Lung";"0-14";"Male";"1983";"0.00"
"Incidence";"Finland";"Lung";"0-14";"Male";"1984";"0.00"
"Incidence";"Finland";"Lung";"0-14";"Male";"1985";"0.00"
"Incidence";"Finland";"Lung";"0-14";"Male";"1986";"0.00"
"Incidence";"Finland";"Lung";"0-14";"Male";"1987";"0.00"
"Incidence";"Finland";"Lung";"0-14";"Male";"1988";"0.00"
"Incidence";"Finland";"Lung";"0-14";"Male";"1989";"0.00"
"Incidence";"Finland";"Lung";"0-14";"Male";"1990";"0.00"
"Incidence";"Finland";"Lung";"0-14";"Male";"1991";"0.00"
"Incidence";"Finland";"Lung";"0-14";"Male";"1992";"0.00"
"Incidence";"Finland";"Lung";"0-14";"Male";"1993";"0.00"
"Incidence";"Finland";"Lung";"0-14";"Male";"1994";"0.00"
"Incidence";"Finland";"Lung";"0-14";"Male";"1995";"0.00"
"Incidence";"Finland";"Lung";"0-14";"Male";"1996";"0.00"
"Incidence";"Finland";"Lung";"0-14";"Male";"1997";"0.00"
"Incidence";"Finland";"Lung";"0-14";"Male";"1998";"0.00"
"Incidence";"Finland";"Lung";"0-14";"Male";"1999";"0.00"
"Incidence";"Finland";"Lung";"0-14";"Male";"2000";"0.00"
"Incidence";"Finland";"Lung";"0-14";"Male";"2001";"0.00"
"Incidence";"Finland";"Lung";"0-14";"Male";"2002";"0.00"
"Incidence";"Finland";"Lung";"0-14";"Male";"2003";"0.00"
"Incidence";"Finland";"Lung";"0-14";"Male";"2004";"0.00"
"Incidence";"Finland";"Lung";"0-14";"Male";"2005";"0.00"
"Incidence";"Finland";"Lung";"0-14";"Male";"2006";"0.00"
"Incidence";"Finland";"Lung";"0-14";"Male";"2007";"0.22"
"Incidence";"Finland";"Lung";"0-14";"Male";"2008";"0.00"
"Incidence";"Finland";"Lung";"0-14";"Male";"2009";"0.00"
"Incidence";"Finland";"Lung";"0-14";"Male";"2010";"0.00"
"Incidence";"Finland";"Lung";"0-14";"Male";"2011";"0.00"
"Incidence";"Finland";"Lung";"0-14";"Male";"2012";"0.00"
"Incidence";"Finland";"Lung";"0-14";"Male";"2013";"0.00"
"Incidence";"Finland";"Lung";"0-14";"Male";"2014";"0.00"
"Incidence";"Finland";"Lung";"0-14";"Male";"2015";"0.22"
"Incidence";"Finland";"Lung";"0-14";"Male";"2016";"0.00"
"Incidence";"Finland";"Lung";"0-14";"Male";"2017";"0.00"
"Incidence";"Finland";"Lung";"0-14";"Male";"2018";"0.00"
"Incidence";"Finland";"Lung";"0-14";"Male";"2019";"0.00"
"Incidence";"Finland";"Lung";"0-14";"Male";"2020";"0.00"
"Incidence";"Finland";"Lung";"0-14";"Male";"2021";"0.00"
"Incidence";"Finland";"Lung";"0-14";"Male";"2022";"0.00"
"Incidence";"Finland";"Lung";"0-14";"Male";"2023";"0.00"
"Mortality";"Finland";"Lung";"0-14";"Male";"1953";"0.00"
"Mortality";"Finland";"Lung";"0-14";"Male";"1954";"0.00"
"Mortality";"Finland";"Lung";"0-14";"Male";"1955";"0.00"
"Mortality";"Finland";"Lung";"0-14";"Male";"1956";"0.00"
"Mortality";"Finland";"Lung";"0-14";"Male";"1957";"0.00"
"Mortality";"Finland";"Lung";"0-14";"Male";"1958";"0.00"
"Mortality";"Finland";"Lung";"0-14";"Male";"1959";"0.00"
"Mortality";"Finland";"Lung";"0-14";"Male";"1960";"0.00"
"Mortality";"Finland";"Lung";"0-14";"Male";"1961";"0.00"
"Mortality";"Finland";"Lung";"0-14";"Male";"1962";"0.00"
"Mortality";"Finland";"Lung";"0-14";"Male";"1963";"0.00"
"Mortality";"Finland";"Lung";"0-14";"Male";"1964";"0.00"
"Mortality";"Finland";"Lung";"0-14";"Male";"1965";"0.00"
"Mortality";"Finland";"Lung";"0-14";"Male";"1966";"0.00"
"Mortality";"Finland";"Lung";"0-14";"Male";"1967";"0.00"
"Mortality";"Finland";"Lung";"0-14";"Male";"1968";"0.00"
"Mortality";"Finland";"Lung";"0-14";"Male";"1969";"0.00"
"Mortality";"Finland";"Lung";"0-14";"Male";"1970";"0.00"
"Mortality";"Finland";"Lung";"0-14";"Male";"1971";"0.00"
"Mortality";"Finland";"Lung";"0-14";"Male";"1972";"0.00"
"Mortality";"Finland";"Lung";"0-14";"Male";"1973";"0.00"
"Mortality";"Finland";"Lung";"0-14";"Male";"1974";"0.00"
"Mortality";"Finland";"Lung";"0-14";"Male";"1975";"0.00"
"Mortality";"Finland";"Lung";"0-14";"Male";"1976";"0.00"
"Mortality";"Finland";"Lung";"0-14";"Male";"1977";"0.00"
"Mortality";"Finland";"Lung";"0-14";"Male";"1978";"0.00"
"Mortality";"Finland";"Lung";"0-14";"Male";"1979";"0.00"
"Mortality";"Finland";"Lung";"0-14";"Male";"1980";"0.00"
"Mortality";"Finland";"Lung";"0-14";"Male";"1981";"0.00"
"Mortality";"Finland";"Lung";"0-14";"Male";"1982";"0.00"
"Mortality";"Finland";"Lung";"0-14";"Male";"1983";"0.00"
"Mortality";"Finland";"Lung";"0-14";"Male";"1984";"0.00"
"Mortality";"Finland";"Lung";"0-14";"Male";"1985";"0.00"
"Mortality";"Finland";"Lung";"0-14";"Male";"1986";"0.00"
"Mortality";"Finland";"Lung";"0-14";"Male";"1987";"0.00"
"Mortality";"Finland";"Lung";"0-14";"Male";"1988";"0.00"
"Mortality";"Finland";"Lung";"0-14";"Male";"1989";"0.00"
"Mortality";"Finland";"Lung";"0-14";"Male";"1990";"0.00"
"Mortality";"Finland";"Lung";"0-14";"Male";"1991";"0.00"
"Mortality";"Finland";"Lung";"0-14";"Male";"1992";"0.00"
"Mortality";"Finland";"Lung";"0-14";"Male";"1993";"0.00"
"Mortality";"Finland";"Lung";"0-14";"Male";"1994";"0.00"
"Mortality";"Finland";"Lung";"0-14";"Male";"1995";"0.00"
"Mortality";"Finland";"Lung";"0-14";"Male";"1996";"0.00"
"Mortality";"Finland";"Lung";"0-14";"Male";"1997";"0.00"
"Mortality";"Finland";"Lung";"0-14";"Male";"1998";"0.00"
"Mortality";"Finland";"Lung";"0-14";"Male";"1999";"0.21"
"Mortality";"Finland";"Lung";"0-14";"Male";"2000";"0.00"
"Mortality";"Finland";"Lung";"0-14";"Male";"2001";"0.21"
"Mortality";"Finland";"Lung";"0-14";"Male";"2002";"0.00"
"Mortality";"Finland";"Lung";"0-14";"Male";"2003";"0.00"
"Mortality";"Finland";"Lung";"0-14";"Male";"2004";"0.00"
"Mortality";"Finland";"Lung";"0-14";"Male";"2005";"0.00"
"Mortality";"Finland";"Lung";"0-14";"Male";"2006";"0.00"
"Mortality";"Finland";"Lung";"0-14";"Male";"2007";"0.00"
"Mortality";"Finland";"Lung";"0-14";"Male";"2008";"0.00"
"Mortality";"Finland";"Lung";"0-14";"Male";"2009";"0.00"
"Mortality";"Finland";"Lung";"0-14";"Male";"2010";"0.00"
"Mortality";"Finland";"Lung";"0-14";"Male";"2011";"0.00"
"Mortality";"Finland";"Lung";"0-14";"Male";"2012";"0.00"
"Mortality";"Finland";"Lung";"0-14";"Male";"2013";"0.00"
"Mortality";"Finland";"Lung";"0-14";"Male";"2014";"0.00"
"Mortality";"Finland";"Lung";"0-14";"Male";"2015";"0.00"
"Mortality";"Finland";"Lung";"0-14";"Male";"2016";"0.00"
"Mortality";"Finland";"Lung";"0-14";"Male";"2017";"0.00"
"Mortality";"Finland";"Lung";"0-14";"Male";"2018";"0.00"
"Mortality";"Finland";"Lung";"0-14";"Male";"2019";"0.00"
"Mortality";"Finland";"Lung";"0-14";"Male";"2020";"0.00"
"Mortality";"Finland";"Lung";"0-14";"Male";"2021";"0.00"
"Mortality";"Finland";"Lung";"0-14";"Male";"2022";"0.00"
"Mortality";"Finland";"Lung";"0-14";"Male";"2023";"0.00"
"Mortality";"Finland";"Lung";"15-29";"Male";"1953";"0.21"
"Mortality";"Finland";"Lung";"15-29";"Male";"1954";"0.00"
"Mortality";"Finland";"Lung";"15-29";"Male";"1955";"0.00"
"Mortality";"Finland";"Lung";"15-29";"Male";"1956";"0.41"
"Mortality";"Finland";"Lung";"15-29";"Male";"1957";"0.21"
"Mortality";"Finland";"Lung";"15-29";"Male";"1958";"0.21"
"Mortality";"Finland";"Lung";"15-29";"Male";"1959";"0.21"
"Mortality";"Finland";"Lung";"15-29";"Male";"1960";"0.40"
"Mortality";"Finland";"Lung";"15-29";"Male";"1961";"0.19"
"Mortality";"Finland";"Lung";"15-29";"Male";"1962";"0.19"
"Mortality";"Finland";"Lung";"15-29";"Male";"1963";"0.00"
"Mortality";"Finland";"Lung";"15-29";"Male";"1964";"0.18"
"Mortality";"Finland";"Lung";"15-29";"Male";"1965";"0.17"
"Mortality";"Finland";"Lung";"15-29";"Male";"1966";"0.17"
"Mortality";"Finland";"Lung";"15-29";"Male";"1967";"0.17"
"Mortality";"Finland";"Lung";"15-29";"Male";"1968";"0.00"
"Mortality";"Finland";"Lung";"15-29";"Male";"1969";"0.16"
"Mortality";"Finland";"Lung";"15-29";"Male";"1970";"0.16"
"Mortality";"Finland";"Lung";"15-29";"Male";"1971";"0.16"
"Mortality";"Finland";"Lung";"15-29";"Male";"1972";"0.16"
"Mortality";"Finland";"Lung";"15-29";"Male";"1973";"0.00"
"Mortality";"Finland";"Lung";"15-29";"Male";"1974";"0.15"
"Mortality";"Finland";"Lung";"15-29";"Male";"1975";"0.15"
"Mortality";"Finland";"Lung";"15-29";"Male";"1976";"0.00"
"Mortality";"Finland";"Lung";"15-29";"Male";"1977";"0.32"
"Mortality";"Finland";"Lung";"15-29";"Male";"1978";"0.33"
"Mortality";"Finland";"Lung";"15-29";"Male";"1979";"0.17"
"Mortality";"Finland";"Lung";"15-29";"Male";"1980";"0.34"
"Mortality";"Finland";"Lung";"15-29";"Male";"1981";"0.17"
"Mortality";"Finland";"Lung";"15-29";"Male";"1982";"0.17"
"Mortality";"Finland";"Lung";"15-29";"Male";"1983";"0.17"
"Mortality";"Finland";"Lung";"15-29";"Male";"1984";"0.17"
"Mortality";"Finland";"Lung";"15-29";"Male";"1985";"0.00"
"Mortality";"Finland";"Lung";"15-29";"Male";"1986";"0.00"
"Mortality";"Finland";"Lung";"15-29";"Male";"1987";"0.18"
"Mortality";"Finland";"Lung";"15-29";"Male";"1988";"0.00"
"Mortality";"Finland";"Lung";"15-29";"Male";"1989";"0.19"
"Mortality";"Finland";"Lung";"15-29";"Male";"1990";"0.00"
"Mortality";"Finland";"Lung";"15-29";"Male";"1991";"0.00"
"Mortality";"Finland";"Lung";"15-29";"Male";"1992";"0.00"
"Mortality";"Finland";"Lung";"15-29";"Male";"1993";"0.00"
"Mortality";"Finland";"Lung";"15-29";"Male";"1994";"0.00"
"Mortality";"Finland";"Lung";"15-29";"Male";"1995";"0.00"
"Mortality";"Finland";"Lung";"15-29";"Male";"1996";"0.00"
"Mortality";"Finland";"Lung";"15-29";"Male";"1997";"0.41"
"Mortality";"Finland";"Lung";"15-29";"Male";"1998";"0.00"
"Mortality";"Finland";"Lung";"15-29";"Male";"1999";"0.00"
"Mortality";"Finland";"Lung";"15-29";"Male";"2000";"0.00"
"Mortality";"Finland";"Lung";"15-29";"Male";"2001";"0.00"
"Mortality";"Finland";"Lung";"15-29";"Male";"2002";"0.00"
"Mortality";"Finland";"Lung";"15-29";"Male";"2003";"0.20"
"Mortality";"Finland";"Lung";"15-29";"Male";"2004";"0.20"
"Mortality";"Finland";"Lung";"15-29";"Male";"2005";"0.00"
"Mortality";"Finland";"Lung";"15-29";"Male";"2006";"0.20"
"Mortality";"Finland";"Lung";"15-29";"Male";"2007";"0.00"
"Mortality";"Finland";"Lung";"15-29";"Male";"2008";"0.00"
"Mortality";"Finland";"Lung";"15-29";"Male";"2009";"0.00"
"Mortality";"Finland";"Lung";"15-29";"Male";"2010";"0.19"
"Mortality";"Finland";"Lung";"15-29";"Male";"2011";"0.19"
"Mortality";"Finland";"Lung";"15-29";"Male";"2012";"0.00"
"Mortality";"Finland";"Lung";"15-29";"Male";"2013";"0.00"
"Mortality";"Finland";"Lung";"15-29";"Male";"2014";"0.00"
"Mortality";"Finland";"Lung";"15-29";"Male";"2015";"0.00"
"Mortality";"Finland";"Lung";"15-29";"Male";"2016";"0.20"
"Mortality";"Finland";"Lung";"15-29";"Male";"2017";"0.20"
"Mortality";"Finland";"Lung";"15-29";"Male";"2018";"0.00"
"Mortality";"Finland";"Lung";"15-29";"Male";"2019";"0.00"
"Mortality";"Finland";"Lung";"15-29";"Male";"2020";"0.00"
"Mortality";"Finland";"Lung";"15-29";"Male";"2021";"0.00"
"Mortality";"Finland";"Lung";"15-29";"Male";"2022";"0.00"
"Mortality";"Finland";"Lung";"15-29";"Male";"2023";"0.00"
"Incidence";"Finland";"Lung";"15-29";"Male";"1953";"0.42"
"Incidence";"Finland";"Lung";"15-29";"Male";"1954";"0.00"
"Incidence";"Finland";"Lung";"15-29";"Male";"1955";"0.42"
"Incidence";"Finland";"Lung";"15-29";"Male";"1956";"0.21"
"Incidence";"Finland";"Lung";"15-29";"Male";"1957";"0.00"
"Incidence";"Finland";"Lung";"15-29";"Male";"1958";"0.21"
"Incidence";"Finland";"Lung";"15-29";"Male";"1959";"0.21"
"Incidence";"Finland";"Lung";"15-29";"Male";"1960";"0.20"
"Incidence";"Finland";"Lung";"15-29";"Male";"1961";"0.19"
"Incidence";"Finland";"Lung";"15-29";"Male";"1962";"0.38"
"Incidence";"Finland";"Lung";"15-29";"Male";"1963";"0.00"
"Incidence";"Finland";"Lung";"15-29";"Male";"1964";"0.18"
"Incidence";"Finland";"Lung";"15-29";"Male";"1965";"0.17"
"Incidence";"Finland";"Lung";"15-29";"Male";"1966";"0.17"
"Incidence";"Finland";"Lung";"15-29";"Male";"1967";"0.17"
"Incidence";"Finland";"Lung";"15-29";"Male";"1968";"0.33"
"Incidence";"Finland";"Lung";"15-29";"Male";"1969";"0.00"
"Incidence";"Finland";"Lung";"15-29";"Male";"1970";"0.16"
"Incidence";"Finland";"Lung";"15-29";"Male";"1971";"0.16"
"Incidence";"Finland";"Lung";"15-29";"Male";"1972";"0.16"
"Incidence";"Finland";"Lung";"15-29";"Male";"1973";"0.15"
"Incidence";"Finland";"Lung";"15-29";"Male";"1974";"0.15"
"Incidence";"Finland";"Lung";"15-29";"Male";"1975";"0.46"
"Incidence";"Finland";"Lung";"15-29";"Male";"1976";"0.16"
"Incidence";"Finland";"Lung";"15-29";"Male";"1977";"0.32"
"Incidence";"Finland";"Lung";"15-29";"Male";"1978";"0.33"
"Incidence";"Finland";"Lung";"15-29";"Male";"1979";"0.17"
"Incidence";"Finland";"Lung";"15-29";"Male";"1980";"0.34"
"Incidence";"Finland";"Lung";"15-29";"Male";"1981";"0.17"
"Incidence";"Finland";"Lung";"15-29";"Male";"1982";"0.17"
"Incidence";"Finland";"Lung";"15-29";"Male";"1983";"0.34"
"Incidence";"Finland";"Lung";"15-29";"Male";"1984";"0.17"
"Incidence";"Finland";"Lung";"15-29";"Male";"1985";"0.18"
"Incidence";"Finland";"Lung";"15-29";"Male";"1986";"0.00"
"Incidence";"Finland";"Lung";"15-29";"Male";"1987";"0.37"
"Incidence";"Finland";"Lung";"15-29";"Male";"1988";"0.00"
"Incidence";"Finland";"Lung";"15-29";"Male";"1989";"0.00"
"Incidence";"Finland";"Lung";"15-29";"Male";"1990";"0.00"
"Incidence";"Finland";"Lung";"15-29";"Male";"1991";"0.00"
"Incidence";"Finland";"Lung";"15-29";"Male";"1992";"0.00"
"Incidence";"Finland";"Lung";"15-29";"Male";"1993";"0.00"
"Incidence";"Finland";"Lung";"15-29";"Male";"1994";"0.20"
"Incidence";"Finland";"Lung";"15-29";"Male";"1995";"0.00"
"Incidence";"Finland";"Lung";"15-29";"Male";"1996";"0.40"
"Incidence";"Finland";"Lung";"15-29";"Male";"1997";"0.61"
"Incidence";"Finland";"Lung";"15-29";"Male";"1998";"0.41"
"Incidence";"Finland";"Lung";"15-29";"Male";"1999";"0.20"
"Incidence";"Finland";"Lung";"15-29";"Male";"2000";"0.20"
"Incidence";"Finland";"Lung";"15-29";"Male";"2001";"0.00"
"Incidence";"Finland";"Lung";"15-29";"Male";"2002";"0.20"
"Incidence";"Finland";"Lung";"15-29";"Male";"2003";"0.20"
"Incidence";"Finland";"Lung";"15-29";"Male";"2004";"0.20"
"Incidence";"Finland";"Lung";"15-29";"Male";"2005";"0.20"
"Incidence";"Finland";"Lung";"15-29";"Male";"2006";"0.40"
"Incidence";"Finland";"Lung";"15-29";"Male";"2007";"0.20"
"Incidence";"Finland";"Lung";"15-29";"Male";"2008";"0.39"
"Incidence";"Finland";"Lung";"15-29";"Male";"2009";"0.39"
"Incidence";"Finland";"Lung";"15-29";"Male";"2010";"0.19"
"Incidence";"Finland";"Lung";"15-29";"Male";"2011";"0.19"
"Incidence";"Finland";"Lung";"15-29";"Male";"2012";"0.20"
"Incidence";"Finland";"Lung";"15-29";"Male";"2013";"0.59"
"Incidence";"Finland";"Lung";"15-29";"Male";"2014";"0.59"
"Incidence";"Finland";"Lung";"15-29";"Male";"2015";"0.20"
"Incidence";"Finland";"Lung";"15-29";"Male";"2016";"0.20"
"Incidence";"Finland";"Lung";"15-29";"Male";"2017";"0.00"
"Incidence";"Finland";"Lung";"15-29";"Male";"2018";"0.20"
"Incidence";"Finland";"Lung";"15-29";"Male";"2019";"0.40"
"Incidence";"Finland";"Lung";"15-29";"Male";"2020";"0.20"
"Incidence";"Finland";"Lung";"15-29";"Male";"2021";"0.41"
"Incidence";"Finland";"Lung";"15-29";"Male";"2022";"0.20"
"Incidence";"Finland";"Lung";"15-29";"Male";"2023";"0.00"
"Incidence";"Finland";"Lung";"15-29";"Female";"1953";"0.00"
"Incidence";"Finland";"Lung";"15-29";"Female";"1954";"0.00"
"Incidence";"Finland";"Lung";"15-29";"Female";"1955";"0.00"
"Incidence";"Finland";"Lung";"15-29";"Female";"1956";"0.00"
"Incidence";"Finland";"Lung";"15-29";"Female";"1957";"0.43"
"Incidence";"Finland";"Lung";"15-29";"Female";"1958";"0.21"
"Incidence";"Finland";"Lung";"15-29";"Female";"1959";"0.00"
"Incidence";"Finland";"Lung";"15-29";"Female";"1960";"0.00"
"Incidence";"Finland";"Lung";"15-29";"Female";"1961";"0.20"
"Incidence";"Finland";"Lung";"15-29";"Female";"1962";"0.00"
"Incidence";"Finland";"Lung";"15-29";"Female";"1963";"0.00"
"Incidence";"Finland";"Lung";"15-29";"Female";"1964";"0.18"
"Incidence";"Finland";"Lung";"15-29";"Female";"1965";"0.00"
"Incidence";"Finland";"Lung";"15-29";"Female";"1966";"0.18"
"Incidence";"Finland";"Lung";"15-29";"Female";"1967";"0.00"
"Incidence";"Finland";"Lung";"15-29";"Female";"1968";"0.17"
"Incidence";"Finland";"Lung";"15-29";"Female";"1969";"0.17"
"Incidence";"Finland";"Lung";"15-29";"Female";"1970";"0.00"
"Incidence";"Finland";"Lung";"15-29";"Female";"1971";"0.17"
"Incidence";"Finland";"Lung";"15-29";"Female";"1972";"0.33"
"Incidence";"Finland";"Lung";"15-29";"Female";"1973";"0.33"
"Incidence";"Finland";"Lung";"15-29";"Female";"1974";"0.32"
"Incidence";"Finland";"Lung";"15-29";"Female";"1975";"0.16"
"Incidence";"Finland";"Lung";"15-29";"Female";"1976";"0.49"
"Incidence";"Finland";"Lung";"15-29";"Female";"1977";"0.17"
"Incidence";"Finland";"Lung";"15-29";"Female";"1978";"0.17"
"Incidence";"Finland";"Lung";"15-29";"Female";"1979";"0.35"
"Incidence";"Finland";"Lung";"15-29";"Female";"1980";"0.18"
"Incidence";"Finland";"Lung";"15-29";"Female";"1981";"0.53"
"Incidence";"Finland";"Lung";"15-29";"Female";"1982";"0.36"
"Incidence";"Finland";"Lung";"15-29";"Female";"1983";"0.36"
"Incidence";"Finland";"Lung";"15-29";"Female";"1984";"0.55"
"Incidence";"Finland";"Lung";"15-29";"Female";"1985";"0.19"
"Incidence";"Finland";"Lung";"15-29";"Female";"1986";"0.38"
"Incidence";"Finland";"Lung";"15-29";"Female";"1987";"0.19"
"Incidence";"Finland";"Lung";"15-29";"Female";"1988";"0.39"
"Incidence";"Finland";"Lung";"15-29";"Female";"1989";"0.40"
"Incidence";"Finland";"Lung";"15-29";"Female";"1990";"0.20"
"Incidence";"Finland";"Lung";"15-29";"Female";"1991";"0.40"
"Incidence";"Finland";"Lung";"15-29";"Female";"1992";"0.20"
"Incidence";"Finland";"Lung";"15-29";"Female";"1993";"0.20"
"Incidence";"Finland";"Lung";"15-29";"Female";"1994";"0.41"
"Incidence";"Finland";"Lung";"15-29";"Female";"1995";"0.42"
"Incidence";"Finland";"Lung";"15-29";"Female";"1996";"0.00"
"Incidence";"Finland";"Lung";"15-29";"Female";"1997";"0.42"
"Incidence";"Finland";"Lung";"15-29";"Female";"1998";"0.21"
"Incidence";"Finland";"Lung";"15-29";"Female";"1999";"0.00"
"Incidence";"Finland";"Lung";"15-29";"Female";"2000";"0.00"
"Incidence";"Finland";"Lung";"15-29";"Female";"2001";"0.00"
"Incidence";"Finland";"Lung";"15-29";"Female";"2002";"0.42"
"Incidence";"Finland";"Lung";"15-29";"Female";"2003";"0.00"
"Incidence";"Finland";"Lung";"15-29";"Female";"2004";"0.21"
"Incidence";"Finland";"Lung";"15-29";"Female";"2005";"0.21"
"Incidence";"Finland";"Lung";"15-29";"Female";"2006";"0.41"
"Incidence";"Finland";"Lung";"15-29";"Female";"2007";"0.41"
"Incidence";"Finland";"Lung";"15-29";"Female";"2008";"0.00"
"Incidence";"Finland";"Lung";"15-29";"Female";"2009";"0.41"
"Incidence";"Finland";"Lung";"15-29";"Female";"2010";"0.20"
"Incidence";"Finland";"Lung";"15-29";"Female";"2011";"0.20"
"Incidence";"Finland";"Lung";"15-29";"Female";"2012";"0.20"
"Incidence";"Finland";"Lung";"15-29";"Female";"2013";"0.21"
"Incidence";"Finland";"Lung";"15-29";"Female";"2014";"0.41"
"Incidence";"Finland";"Lung";"15-29";"Female";"2015";"0.00"
"Incidence";"Finland";"Lung";"15-29";"Female";"2016";"0.21"
"Incidence";"Finland";"Lung";"15-29";"Female";"2017";"0.21"
"Incidence";"Finland";"Lung";"15-29";"Female";"2018";"0.21"
"Incidence";"Finland";"Lung";"15-29";"Female";"2019";"0.43"
"Incidence";"Finland";"Lung";"15-29";"Female";"2020";"0.43"
"Incidence";"Finland";"Lung";"15-29";"Female";"2021";"0.22"
"Incidence";"Finland";"Lung";"15-29";"Female";"2022";"0.22"
"Incidence";"Finland";"Lung";"15-29";"Female";"2023";"0.00"
"Mortality";"Finland";"Lung";"15-29";"Female";"1953";"0.00"
"Mortality";"Finland";"Lung";"15-29";"Female";"1954";"0.43"
"Mortality";"Finland";"Lung";"15-29";"Female";"1955";"0.00"
"Mortality";"Finland";"Lung";"15-29";"Female";"1956";"0.00"
"Mortality";"Finland";"Lung";"15-29";"Female";"1957";"0.00"
"Mortality";"Finland";"Lung";"15-29";"Female";"1958";"0.00"
"Mortality";"Finland";"Lung";"15-29";"Female";"1959";"0.00"
"Mortality";"Finland";"Lung";"15-29";"Female";"1960";"0.21"
"Mortality";"Finland";"Lung";"15-29";"Female";"1961";"0.20"
"Mortality";"Finland";"Lung";"15-29";"Female";"1962";"0.00"
"Mortality";"Finland";"Lung";"15-29";"Female";"1963";"0.00"
"Mortality";"Finland";"Lung";"15-29";"Female";"1964";"0.18"
"Mortality";"Finland";"Lung";"15-29";"Female";"1965";"0.00"
"Mortality";"Finland";"Lung";"15-29";"Female";"1966";"0.00"
"Mortality";"Finland";"Lung";"15-29";"Female";"1967";"0.00"
"Mortality";"Finland";"Lung";"15-29";"Female";"1968";"0.17"
"Mortality";"Finland";"Lung";"15-29";"Female";"1969";"0.00"
"Mortality";"Finland";"Lung";"15-29";"Female";"1970";"0.00"
"Mortality";"Finland";"Lung";"15-29";"Female";"1971";"0.17"
"Mortality";"Finland";"Lung";"15-29";"Female";"1972";"0.00"
"Mortality";"Finland";"Lung";"15-29";"Female";"1973";"0.16"
"Mortality";"Finland";"Lung";"15-29";"Female";"1974";"0.16"
"Mortality";"Finland";"Lung";"15-29";"Female";"1975";"0.00"
"Mortality";"Finland";"Lung";"15-29";"Female";"1976";"0.16"
"Mortality";"Finland";"Lung";"15-29";"Female";"1977";"0.17"
"Mortality";"Finland";"Lung";"15-29";"Female";"1978";"0.17"
"Mortality";"Finland";"Lung";"15-29";"Female";"1979";"0.00"
"Mortality";"Finland";"Lung";"15-29";"Female";"1980";"0.18"
"Mortality";"Finland";"Lung";"15-29";"Female";"1981";"0.00"
"Mortality";"Finland";"Lung";"15-29";"Female";"1982";"0.00"
"Mortality";"Finland";"Lung";"15-29";"Female";"1983";"0.18"
"Mortality";"Finland";"Lung";"15-29";"Female";"1984";"0.18"
"Mortality";"Finland";"Lung";"15-29";"Female";"1985";"0.19"
"Mortality";"Finland";"Lung";"15-29";"Female";"1986";"0.00"
"Mortality";"Finland";"Lung";"15-29";"Female";"1987";"0.00"
"Mortality";"Finland";"Lung";"15-29";"Female";"1988";"0.00"
"Mortality";"Finland";"Lung";"15-29";"Female";"1989";"0.20"
"Mortality";"Finland";"Lung";"15-29";"Female";"1990";"0.40"
"Mortality";"Finland";"Lung";"15-29";"Female";"1991";"0.20"
"Mortality";"Finland";"Lung";"15-29";"Female";"1992";"0.00"
"Mortality";"Finland";"Lung";"15-29";"Female";"1993";"0.20"
"Mortality";"Finland";"Lung";"15-29";"Female";"1994";"0.00"
"Mortality";"Finland";"Lung";"15-29";"Female";"1995";"0.00"
"Mortality";"Finland";"Lung";"15-29";"Female";"1996";"0.21"
"Mortality";"Finland";"Lung";"15-29";"Female";"1997";"0.00"
"Mortality";"Finland";"Lung";"15-29";"Female";"1998";"0.00"
"Mortality";"Finland";"Lung";"15-29";"Female";"1999";"0.00"
"Mortality";"Finland";"Lung";"15-29";"Female";"2000";"0.00"
"Mortality";"Finland";"Lung";"15-29";"Female";"2001";"0.00"
"Mortality";"Finland";"Lung";"15-29";"Female";"2002";"0.00"
"Mortality";"Finland";"Lung";"15-29";"Female";"2003";"0.21"
"Mortality";"Finland";"Lung";"15-29";"Female";"2004";"0.00"
"Mortality";"Finland";"Lung";"15-29";"Female";"2005";"0.00"
"Mortality";"Finland";"Lung";"15-29";"Female";"2006";"0.00"
"Mortality";"Finland";"Lung";"15-29";"Female";"2007";"0.21"
"Mortality";"Finland";"Lung";"15-29";"Female";"2008";"0.00"
"Mortality";"Finland";"Lung";"15-29";"Female";"2009";"0.00"
"Mortality";"Finland";"Lung";"15-29";"Female";"2010";"0.00"
"Mortality";"Finland";"Lung";"15-29";"Female";"2011";"0.20"
"Mortality";"Finland";"Lung";"15-29";"Female";"2012";"0.00"
"Mortality";"Finland";"Lung";"15-29";"Female";"2013";"0.21"
"Mortality";"Finland";"Lung";"15-29";"Female";"2014";"0.00"
"Mortality";"Finland";"Lung";"15-29";"Female";"2015";"0.21"
"Mortality";"Finland";"Lung";"15-29";"Female";"2016";"0.00"
"Mortality";"Finland";"Lung";"15-29";"Female";"2017";"0.00"
"Mortality";"Finland";"Lung";"15-29";"Female";"2018";"0.21"
"Mortality";"Finland";"Lung";"15-29";"Female";"2019";"0.00"
"Mortality";"Finland";"Lung";"15-29";"Female";"2020";"0.00"
"Mortality";"Finland";"Lung";"15-29";"Female";"2021";"0.22"
"Mortality";"Finland";"Lung";"15-29";"Female";"2022";"0.00"
"Mortality";"Finland";"Lung";"15-29";"Female";"2023";"0.00"
"Mortality";"Finland";"Lung";"30-44";"Male";"1953";"6.86"
"Mortality";"Finland";"Lung";"30-44";"Male";"1954";"5.85"
"Mortality";"Finland";"Lung";"30-44";"Male";"1955";"7.85"
"Mortality";"Finland";"Lung";"30-44";"Male";"1956";"6.80"
"Mortality";"Finland";"Lung";"30-44";"Male";"1957";"6.78"
"Mortality";"Finland";"Lung";"30-44";"Male";"1958";"7.95"
"Mortality";"Finland";"Lung";"30-44";"Male";"1959";"6.89"
"Mortality";"Finland";"Lung";"30-44";"Male";"1960";"5.57"
"Mortality";"Finland";"Lung";"30-44";"Male";"1961";"9.56"
"Mortality";"Finland";"Lung";"30-44";"Male";"1962";"8.29"
"Mortality";"Finland";"Lung";"30-44";"Male";"1963";"7.79"
"Mortality";"Finland";"Lung";"30-44";"Male";"1964";"8.17"
"Mortality";"Finland";"Lung";"30-44";"Male";"1965";"6.76"
"Mortality";"Finland";"Lung";"30-44";"Male";"1966";"8.61"
"Mortality";"Finland";"Lung";"30-44";"Male";"1967";"9.00"
"Mortality";"Finland";"Lung";"30-44";"Male";"1968";"5.97"
"Mortality";"Finland";"Lung";"30-44";"Male";"1969";"7.56"
"Mortality";"Finland";"Lung";"30-44";"Male";"1970";"7.43"
"Mortality";"Finland";"Lung";"30-44";"Male";"1971";"5.00"
"Mortality";"Finland";"Lung";"30-44";"Male";"1972";"6.17"
"Mortality";"Finland";"Lung";"30-44";"Male";"1973";"4.31"
"Mortality";"Finland";"Lung";"30-44";"Male";"1974";"6.06"
"Mortality";"Finland";"Lung";"30-44";"Male";"1975";"3.94"
"Mortality";"Finland";"Lung";"30-44";"Male";"1976";"3.60"
"Mortality";"Finland";"Lung";"30-44";"Male";"1977";"3.26"
"Mortality";"Finland";"Lung";"30-44";"Male";"1978";"2.94"
"Mortality";"Finland";"Lung";"30-44";"Male";"1979";"4.17"
"Mortality";"Finland";"Lung";"30-44";"Male";"1980";"4.06"
"Mortality";"Finland";"Lung";"30-44";"Male";"1981";"5.93"
"Mortality";"Finland";"Lung";"30-44";"Male";"1982";"2.80"
"Mortality";"Finland";"Lung";"30-44";"Male";"1983";"3.09"
"Mortality";"Finland";"Lung";"30-44";"Male";"1984";"2.37"
"Mortality";"Finland";"Lung";"30-44";"Male";"1985";"2.64"
"Mortality";"Finland";"Lung";"30-44";"Male";"1986";"2.63"
"Mortality";"Finland";"Lung";"30-44";"Male";"1987";"3.70"
"Mortality";"Finland";"Lung";"30-44";"Male";"1988";"3.19"
"Mortality";"Finland";"Lung";"30-44";"Male";"1989";"2.37"
"Mortality";"Finland";"Lung";"30-44";"Male";"1990";"3.81"
"Mortality";"Finland";"Lung";"30-44";"Male";"1991";"2.25"
"Mortality";"Finland";"Lung";"30-44";"Male";"1992";"2.92"
"Mortality";"Finland";"Lung";"30-44";"Male";"1993";"4.43"
"Mortality";"Finland";"Lung";"30-44";"Male";"1994";"2.66"
"Mortality";"Finland";"Lung";"30-44";"Male";"1995";"2.52"
"Mortality";"Finland";"Lung";"30-44";"Male";"1996";"2.88"
"Mortality";"Finland";"Lung";"30-44";"Male";"1997";"2.73"
"Mortality";"Finland";"Lung";"30-44";"Male";"1998";"3.10"
"Mortality";"Finland";"Lung";"30-44";"Male";"1999";"1.57"
"Mortality";"Finland";"Lung";"30-44";"Male";"2000";"1.60"
"Mortality";"Finland";"Lung";"30-44";"Male";"2001";"1.62"
"Mortality";"Finland";"Lung";"30-44";"Male";"2002";"1.65"
"Mortality";"Finland";"Lung";"30-44";"Male";"2003";"1.67"
"Mortality";"Finland";"Lung";"30-44";"Male";"2004";"1.69"
"Mortality";"Finland";"Lung";"30-44";"Male";"2005";"2.28"
"Mortality";"Finland";"Lung";"30-44";"Male";"2006";"1.53"
"Mortality";"Finland";"Lung";"30-44";"Male";"2007";"1.73"
"Mortality";"Finland";"Lung";"30-44";"Male";"2008";"1.54"
"Mortality";"Finland";"Lung";"30-44";"Male";"2009";"1.17"
"Mortality";"Finland";"Lung";"30-44";"Male";"2010";"0.97"
"Mortality";"Finland";"Lung";"30-44";"Male";"2011";"0.98"
"Mortality";"Finland";"Lung";"30-44";"Male";"2012";"1.17"
"Mortality";"Finland";"Lung";"30-44";"Male";"2013";"1.16"
"Mortality";"Finland";"Lung";"30-44";"Male";"2014";"0.96"
"Mortality";"Finland";"Lung";"30-44";"Male";"2015";"1.14"
"Mortality";"Finland";"Lung";"30-44";"Male";"2016";"0.94"
"Mortality";"Finland";"Lung";"30-44";"Male";"2017";"1.13"
"Mortality";"Finland";"Lung";"30-44";"Male";"2018";"0.74"
"Mortality";"Finland";"Lung";"30-44";"Male";"2019";"1.28"
"Mortality";"Finland";"Lung";"30-44";"Male";"2020";"1.09"
"Mortality";"Finland";"Lung";"30-44";"Male";"2021";"1.26"
"Mortality";"Finland";"Lung";"30-44";"Male";"2022";"1.06"
"Mortality";"Finland";"Lung";"30-44";"Male";"2023";"1.04"
"Mortality";"Finland";"Lung";"30-44";"Female";"1953";"1.33"
"Mortality";"Finland";"Lung";"30-44";"Female";"1954";"1.11"
"Mortality";"Finland";"Lung";"30-44";"Female";"1955";"1.12"
"Mortality";"Finland";"Lung";"30-44";"Female";"1956";"0.89"
"Mortality";"Finland";"Lung";"30-44";"Female";"1957";"1.12"
"Mortality";"Finland";"Lung";"30-44";"Female";"1958";"1.12"
"Mortality";"Finland";"Lung";"30-44";"Female";"1959";"0.90"
"Mortality";"Finland";"Lung";"30-44";"Female";"1960";"0.90"
"Mortality";"Finland";"Lung";"30-44";"Female";"1961";"0.90"
"Mortality";"Finland";"Lung";"30-44";"Female";"1962";"1.12"
"Mortality";"Finland";"Lung";"30-44";"Female";"1963";"0.90"
"Mortality";"Finland";"Lung";"30-44";"Female";"1964";"1.12"
"Mortality";"Finland";"Lung";"30-44";"Female";"1965";"0.68"
"Mortality";"Finland";"Lung";"30-44";"Female";"1966";"0.69"
"Mortality";"Finland";"Lung";"30-44";"Female";"1967";"0.69"
"Mortality";"Finland";"Lung";"30-44";"Female";"1968";"0.69"
"Mortality";"Finland";"Lung";"30-44";"Female";"1969";"0.69"
"Mortality";"Finland";"Lung";"30-44";"Female";"1970";"0.94"
"Mortality";"Finland";"Lung";"30-44";"Female";"1971";"0.92"
"Mortality";"Finland";"Lung";"30-44";"Female";"1972";"0.70"
"Mortality";"Finland";"Lung";"30-44";"Female";"1973";"1.16"
"Mortality";"Finland";"Lung";"30-44";"Female";"1974";"0.92"
"Mortality";"Finland";"Lung";"30-44";"Female";"1975";"1.13"
"Mortality";"Finland";"Lung";"30-44";"Female";"1976";"1.53"
"Mortality";"Finland";"Lung";"30-44";"Female";"1977";"0.85"
"Mortality";"Finland";"Lung";"30-44";"Female";"1978";"1.43"
"Mortality";"Finland";"Lung";"30-44";"Female";"1979";"1.19"
"Mortality";"Finland";"Lung";"30-44";"Female";"1980";"0.96"
"Mortality";"Finland";"Lung";"30-44";"Female";"1981";"1.13"
"Mortality";"Finland";"Lung";"30-44";"Female";"1982";"0.92"
"Mortality";"Finland";"Lung";"30-44";"Female";"1983";"0.90"
"Mortality";"Finland";"Lung";"30-44";"Female";"1984";"1.25"
"Mortality";"Finland";"Lung";"30-44";"Female";"1985";"1.39"
"Mortality";"Finland";"Lung";"30-44";"Female";"1986";"1.21"
"Mortality";"Finland";"Lung";"30-44";"Female";"1987";"1.19"
"Mortality";"Finland";"Lung";"30-44";"Female";"1988";"1.34"
"Mortality";"Finland";"Lung";"30-44";"Female";"1989";"1.83"
"Mortality";"Finland";"Lung";"30-44";"Female";"1990";"1.50"
"Mortality";"Finland";"Lung";"30-44";"Female";"1991";"1.18"
"Mortality";"Finland";"Lung";"30-44";"Female";"1992";"1.87"
"Mortality";"Finland";"Lung";"30-44";"Female";"1993";"1.54"
"Mortality";"Finland";"Lung";"30-44";"Female";"1994";"1.56"
"Mortality";"Finland";"Lung";"30-44";"Female";"1995";"1.05"
"Mortality";"Finland";"Lung";"30-44";"Female";"1996";"1.58"
"Mortality";"Finland";"Lung";"30-44";"Female";"1997";"1.42"
"Mortality";"Finland";"Lung";"30-44";"Female";"1998";"1.43"
"Mortality";"Finland";"Lung";"30-44";"Female";"1999";"1.27"
"Mortality";"Finland";"Lung";"30-44";"Female";"2000";"1.10"
"Mortality";"Finland";"Lung";"30-44";"Female";"2001";"1.12"
"Mortality";"Finland";"Lung";"30-44";"Female";"2002";"1.14"
"Mortality";"Finland";"Lung";"30-44";"Female";"2003";"1.35"
"Mortality";"Finland";"Lung";"30-44";"Female";"2004";"0.78"
"Mortality";"Finland";"Lung";"30-44";"Female";"2005";"1.18"
"Mortality";"Finland";"Lung";"30-44";"Female";"2006";"0.99"
"Mortality";"Finland";"Lung";"30-44";"Female";"2007";"1.00"
"Mortality";"Finland";"Lung";"30-44";"Female";"2008";"1.21"
"Mortality";"Finland";"Lung";"30-44";"Female";"2009";"0.61"
"Mortality";"Finland";"Lung";"30-44";"Female";"2010";"0.61"
"Mortality";"Finland";"Lung";"30-44";"Female";"2011";"0.61"
"Mortality";"Finland";"Lung";"30-44";"Female";"2012";"0.82"
"Mortality";"Finland";"Lung";"30-44";"Female";"2013";"0.82"
"Mortality";"Finland";"Lung";"30-44";"Female";"2014";"0.81"
"Mortality";"Finland";"Lung";"30-44";"Female";"2015";"0.81"
"Mortality";"Finland";"Lung";"30-44";"Female";"2016";"0.60"
"Mortality";"Finland";"Lung";"30-44";"Female";"2017";"0.60"
"Mortality";"Finland";"Lung";"30-44";"Female";"2018";"0.79"
"Mortality";"Finland";"Lung";"30-44";"Female";"2019";"0.39"
"Mortality";"Finland";"Lung";"30-44";"Female";"2020";"0.58"
"Mortality";"Finland";"Lung";"30-44";"Female";"2021";"0.38"
"Mortality";"Finland";"Lung";"30-44";"Female";"2022";"0.57"
"Mortality";"Finland";"Lung";"30-44";"Female";"2023";"0.74"
"Incidence";"Finland";"Lung";"30-44";"Male";"1953";"8.90"
"Incidence";"Finland";"Lung";"30-44";"Male";"1954";"7.88"
"Incidence";"Finland";"Lung";"30-44";"Male";"1955";"8.86"
"Incidence";"Finland";"Lung";"30-44";"Male";"1956";"8.06"
"Incidence";"Finland";"Lung";"30-44";"Male";"1957";"9.28"
"Incidence";"Finland";"Lung";"30-44";"Male";"1958";"7.20"
"Incidence";"Finland";"Lung";"30-44";"Male";"1959";"7.13"
"Incidence";"Finland";"Lung";"30-44";"Male";"1960";"8.97"
"Incidence";"Finland";"Lung";"30-44";"Male";"1961";"8.61"
"Incidence";"Finland";"Lung";"30-44";"Male";"1962";"9.95"
"Incidence";"Finland";"Lung";"30-44";"Male";"1963";"10.15"
"Incidence";"Finland";"Lung";"30-44";"Male";"1964";"9.10"
"Incidence";"Finland";"Lung";"30-44";"Male";"1965";"9.56"
"Incidence";"Finland";"Lung";"30-44";"Male";"1966";"10.00"
"Incidence";"Finland";"Lung";"30-44";"Male";"1967";"9.46"
"Incidence";"Finland";"Lung";"30-44";"Male";"1968";"7.57"
"Incidence";"Finland";"Lung";"30-44";"Male";"1969";"6.42"
"Incidence";"Finland";"Lung";"30-44";"Male";"1970";"8.82"
"Incidence";"Finland";"Lung";"30-44";"Male";"1971";"7.50"
"Incidence";"Finland";"Lung";"30-44";"Male";"1972";"8.68"
"Incidence";"Finland";"Lung";"30-44";"Male";"1973";"8.16"
"Incidence";"Finland";"Lung";"30-44";"Male";"1974";"5.61"
"Incidence";"Finland";"Lung";"30-44";"Male";"1975";"4.60"
"Incidence";"Finland";"Lung";"30-44";"Male";"1976";"5.29"
"Incidence";"Finland";"Lung";"30-44";"Male";"1977";"4.68"
"Incidence";"Finland";"Lung";"30-44";"Male";"1978";"5.29"
"Incidence";"Finland";"Lung";"30-44";"Male";"1979";"4.74"
"Incidence";"Finland";"Lung";"30-44";"Male";"1980";"5.53"
"Incidence";"Finland";"Lung";"30-44";"Male";"1981";"5.57"
"Incidence";"Finland";"Lung";"30-44";"Male";"1982";"3.67"
"Incidence";"Finland";"Lung";"30-44";"Male";"1983";"3.44"
"Incidence";"Finland";"Lung";"30-44";"Male";"1984";"4.06"
"Incidence";"Finland";"Lung";"30-44";"Male";"1985";"5.29"
"Incidence";"Finland";"Lung";"30-44";"Male";"1986";"4.93"
"Incidence";"Finland";"Lung";"30-44";"Male";"1987";"4.02"
"Incidence";"Finland";"Lung";"30-44";"Male";"1988";"3.03"
"Incidence";"Finland";"Lung";"30-44";"Male";"1989";"3.32"
"Incidence";"Finland";"Lung";"30-44";"Male";"1990";"4.13"
"Incidence";"Finland";"Lung";"30-44";"Male";"1991";"3.05"
"Incidence";"Finland";"Lung";"30-44";"Male";"1992";"6.82"
"Incidence";"Finland";"Lung";"30-44";"Male";"1993";"3.78"
"Incidence";"Finland";"Lung";"30-44";"Male";"1994";"3.16"
"Incidence";"Finland";"Lung";"30-44";"Male";"1995";"2.69"
"Incidence";"Finland";"Lung";"30-44";"Male";"1996";"4.57"
"Incidence";"Finland";"Lung";"30-44";"Male";"1997";"3.59"
"Incidence";"Finland";"Lung";"30-44";"Male";"1998";"3.10"
"Incidence";"Finland";"Lung";"30-44";"Male";"1999";"1.92"
"Incidence";"Finland";"Lung";"30-44";"Male";"2000";"2.13"
"Incidence";"Finland";"Lung";"30-44";"Male";"2001";"3.43"
"Incidence";"Finland";"Lung";"30-44";"Male";"2002";"1.65"
"Incidence";"Finland";"Lung";"30-44";"Male";"2003";"2.79"
"Incidence";"Finland";"Lung";"30-44";"Male";"2004";"2.26"
"Incidence";"Finland";"Lung";"30-44";"Male";"2005";"2.28"
"Incidence";"Finland";"Lung";"30-44";"Male";"2006";"2.10"
"Incidence";"Finland";"Lung";"30-44";"Male";"2007";"2.30"
"Incidence";"Finland";"Lung";"30-44";"Male";"2008";"2.12"
"Incidence";"Finland";"Lung";"30-44";"Male";"2009";"1.55"
"Incidence";"Finland";"Lung";"30-44";"Male";"2010";"1.56"
"Incidence";"Finland";"Lung";"30-44";"Male";"2011";"1.56"
"Incidence";"Finland";"Lung";"30-44";"Male";"2012";"1.56"
"Incidence";"Finland";"Lung";"30-44";"Male";"2013";"1.74"
"Incidence";"Finland";"Lung";"30-44";"Male";"2014";"2.11"
"Incidence";"Finland";"Lung";"30-44";"Male";"2015";"1.91"
"Incidence";"Finland";"Lung";"30-44";"Male";"2016";"2.27"
"Incidence";"Finland";"Lung";"30-44";"Male";"2017";"1.88"
"Incidence";"Finland";"Lung";"30-44";"Male";"2018";"2.04"
"Incidence";"Finland";"Lung";"30-44";"Male";"2019";"1.65"
"Incidence";"Finland";"Lung";"30-44";"Male";"2020";"1.45"
"Incidence";"Finland";"Lung";"30-44";"Male";"2021";"1.62"
"Incidence";"Finland";"Lung";"30-44";"Male";"2022";"1.42"
"Incidence";"Finland";"Lung";"30-44";"Male";"2023";"1.22"
"Incidence";"Finland";"Lung";"30-44";"Female";"1953";"1.33"
"Incidence";"Finland";"Lung";"30-44";"Female";"1954";"1.78"
"Incidence";"Finland";"Lung";"30-44";"Female";"1955";"1.12"
"Incidence";"Finland";"Lung";"30-44";"Female";"1956";"1.56"
"Incidence";"Finland";"Lung";"30-44";"Female";"1957";"1.57"
"Incidence";"Finland";"Lung";"30-44";"Female";"1958";"1.57"
"Incidence";"Finland";"Lung";"30-44";"Female";"1959";"0.90"
"Incidence";"Finland";"Lung";"30-44";"Female";"1960";"0.90"
"Incidence";"Finland";"Lung";"30-44";"Female";"1961";"1.34"
"Incidence";"Finland";"Lung";"30-44";"Female";"1962";"1.35"
"Incidence";"Finland";"Lung";"30-44";"Female";"1963";"1.36"
"Incidence";"Finland";"Lung";"30-44";"Female";"1964";"1.12"
"Incidence";"Finland";"Lung";"30-44";"Female";"1965";"0.68"
"Incidence";"Finland";"Lung";"30-44";"Female";"1966";"1.38"
"Incidence";"Finland";"Lung";"30-44";"Female";"1967";"1.15"
"Incidence";"Finland";"Lung";"30-44";"Female";"1968";"1.16"
"Incidence";"Finland";"Lung";"30-44";"Female";"1969";"1.62"
"Incidence";"Finland";"Lung";"30-44";"Female";"1970";"1.41"
"Incidence";"Finland";"Lung";"30-44";"Female";"1971";"1.39"
"Incidence";"Finland";"Lung";"30-44";"Female";"1972";"1.63"
"Incidence";"Finland";"Lung";"30-44";"Female";"1973";"1.86"
"Incidence";"Finland";"Lung";"30-44";"Female";"1974";"1.85"
"Incidence";"Finland";"Lung";"30-44";"Female";"1975";"1.36"
"Incidence";"Finland";"Lung";"30-44";"Female";"1976";"1.53"
"Incidence";"Finland";"Lung";"30-44";"Female";"1977";"1.69"
"Incidence";"Finland";"Lung";"30-44";"Female";"1978";"1.02"
"Incidence";"Finland";"Lung";"30-44";"Female";"1979";"1.78"
"Incidence";"Finland";"Lung";"30-44";"Female";"1980";"1.74"
"Incidence";"Finland";"Lung";"30-44";"Female";"1981";"1.70"
"Incidence";"Finland";"Lung";"30-44";"Female";"1982";"1.84"
"Incidence";"Finland";"Lung";"30-44";"Female";"1983";"1.63"
"Incidence";"Finland";"Lung";"30-44";"Female";"1984";"1.78"
"Incidence";"Finland";"Lung";"30-44";"Female";"1985";"1.39"
"Incidence";"Finland";"Lung";"30-44";"Female";"1986";"1.73"
"Incidence";"Finland";"Lung";"30-44";"Female";"1987";"1.52"
"Incidence";"Finland";"Lung";"30-44";"Female";"1988";"1.51"
"Incidence";"Finland";"Lung";"30-44";"Female";"1989";"2.16"
"Incidence";"Finland";"Lung";"30-44";"Female";"1990";"2.50"
"Incidence";"Finland";"Lung";"30-44";"Female";"1991";"2.01"
"Incidence";"Finland";"Lung";"30-44";"Female";"1992";"2.71"
"Incidence";"Finland";"Lung";"30-44";"Female";"1993";"1.89"
"Incidence";"Finland";"Lung";"30-44";"Female";"1994";"2.08"
"Incidence";"Finland";"Lung";"30-44";"Female";"1995";"2.44"
"Incidence";"Finland";"Lung";"30-44";"Female";"1996";"2.11"
"Incidence";"Finland";"Lung";"30-44";"Female";"1997";"2.48"
"Incidence";"Finland";"Lung";"30-44";"Female";"1998";"2.14"
"Incidence";"Finland";"Lung";"30-44";"Female";"1999";"1.81"
"Incidence";"Finland";"Lung";"30-44";"Female";"2000";"1.65"
"Incidence";"Finland";"Lung";"30-44";"Female";"2001";"1.68"
"Incidence";"Finland";"Lung";"30-44";"Female";"2002";"1.71"
"Incidence";"Finland";"Lung";"30-44";"Female";"2003";"1.74"
"Incidence";"Finland";"Lung";"30-44";"Female";"2004";"1.95"
"Incidence";"Finland";"Lung";"30-44";"Female";"2005";"1.97"
"Incidence";"Finland";"Lung";"30-44";"Female";"2006";"1.79"
"Incidence";"Finland";"Lung";"30-44";"Female";"2007";"1.80"
"Incidence";"Finland";"Lung";"30-44";"Female";"2008";"2.02"
"Incidence";"Finland";"Lung";"30-44";"Female";"2009";"1.62"
"Incidence";"Finland";"Lung";"30-44";"Female";"2010";"1.84"
"Incidence";"Finland";"Lung";"30-44";"Female";"2011";"1.64"
"Incidence";"Finland";"Lung";"30-44";"Female";"2012";"1.43"
"Incidence";"Finland";"Lung";"30-44";"Female";"2013";"1.63"
"Incidence";"Finland";"Lung";"30-44";"Female";"2014";"1.62"
"Incidence";"Finland";"Lung";"30-44";"Female";"2015";"1.21"
"Incidence";"Finland";"Lung";"30-44";"Female";"2016";"1.20"
"Incidence";"Finland";"Lung";"30-44";"Female";"2017";"1.19"
"Incidence";"Finland";"Lung";"30-44";"Female";"2018";"1.57"
"Incidence";"Finland";"Lung";"30-44";"Female";"2019";"1.75"
"Incidence";"Finland";"Lung";"30-44";"Female";"2020";"1.93"
"Incidence";"Finland";"Lung";"30-44";"Female";"2021";"1.92"
"Incidence";"Finland";"Lung";"30-44";"Female";"2022";"1.71"
"Incidence";"Finland";"Lung";"30-44";"Female";"2023";"1.86"
"Incidence";"Finland";"Lung";"45-59";"Female";"1953";"5.45"
"Incidence";"Finland";"Lung";"45-59";"Female";"1954";"6.63"
"Incidence";"Finland";"Lung";"45-59";"Female";"1955";"6.48"
"Incidence";"Finland";"Lung";"45-59";"Female";"1956";"5.33"
"Incidence";"Finland";"Lung";"45-59";"Female";"1957";"6.96"
"Incidence";"Finland";"Lung";"45-59";"Female";"1958";"6.64"
"Incidence";"Finland";"Lung";"45-59";"Female";"1959";"6.07"
"Incidence";"Finland";"Lung";"45-59";"Female";"1960";"5.55"
"Incidence";"Finland";"Lung";"45-59";"Female";"1961";"8.66"
"Incidence";"Finland";"Lung";"45-59";"Female";"1962";"6.71"
"Incidence";"Finland";"Lung";"45-59";"Female";"1963";"10.49"
"Incidence";"Finland";"Lung";"45-59";"Female";"1964";"6.51"
"Incidence";"Finland";"Lung";"45-59";"Female";"1965";"8.60"
"Incidence";"Finland";"Lung";"45-59";"Female";"1966";"8.80"
"Incidence";"Finland";"Lung";"45-59";"Female";"1967";"8.09"
"Incidence";"Finland";"Lung";"45-59";"Female";"1968";"9.73"
"Incidence";"Finland";"Lung";"45-59";"Female";"1969";"10.01"
"Incidence";"Finland";"Lung";"45-59";"Female";"1970";"7.40"
"Incidence";"Finland";"Lung";"45-59";"Female";"1971";"11.71"
"Incidence";"Finland";"Lung";"45-59";"Female";"1972";"9.58"
"Incidence";"Finland";"Lung";"45-59";"Female";"1973";"11.23"
"Incidence";"Finland";"Lung";"45-59";"Female";"1974";"11.44"
"Incidence";"Finland";"Lung";"45-59";"Female";"1975";"11.38"
"Incidence";"Finland";"Lung";"45-59";"Female";"1976";"15.38"
"Incidence";"Finland";"Lung";"45-59";"Female";"1977";"14.90"
"Incidence";"Finland";"Lung";"45-59";"Female";"1978";"12.12"
"Incidence";"Finland";"Lung";"45-59";"Female";"1979";"15.56"
"Incidence";"Finland";"Lung";"45-59";"Female";"1980";"10.70"
"Incidence";"Finland";"Lung";"45-59";"Female";"1981";"12.45"
"Incidence";"Finland";"Lung";"45-59";"Female";"1982";"12.00"
"Incidence";"Finland";"Lung";"45-59";"Female";"1983";"12.73"
"Incidence";"Finland";"Lung";"45-59";"Female";"1984";"14.13"
"Incidence";"Finland";"Lung";"45-59";"Female";"1985";"14.98"
"Incidence";"Finland";"Lung";"45-59";"Female";"1986";"12.84"
"Incidence";"Finland";"Lung";"45-59";"Female";"1987";"16.81"
"Incidence";"Finland";"Lung";"45-59";"Female";"1988";"14.14"
"Incidence";"Finland";"Lung";"45-59";"Female";"1989";"9.07"
"Incidence";"Finland";"Lung";"45-59";"Female";"1990";"16.10"
"Incidence";"Finland";"Lung";"45-59";"Female";"1991";"14.63"
"Incidence";"Finland";"Lung";"45-59";"Female";"1992";"11.92"
"Incidence";"Finland";"Lung";"45-59";"Female";"1993";"14.79"
"Incidence";"Finland";"Lung";"45-59";"Female";"1994";"13.11"
"Incidence";"Finland";"Lung";"45-59";"Female";"1995";"14.52"
"Incidence";"Finland";"Lung";"45-59";"Female";"1996";"15.52"
"Incidence";"Finland";"Lung";"45-59";"Female";"1997";"16.28"
"Incidence";"Finland";"Lung";"45-59";"Female";"1998";"15.44"
"Incidence";"Finland";"Lung";"45-59";"Female";"1999";"16.09"
"Incidence";"Finland";"Lung";"45-59";"Female";"2000";"17.85"
"Incidence";"Finland";"Lung";"45-59";"Female";"2001";"19.84"
"Incidence";"Finland";"Lung";"45-59";"Female";"2002";"20.77"
"Incidence";"Finland";"Lung";"45-59";"Female";"2003";"15.12"
"Incidence";"Finland";"Lung";"45-59";"Female";"2004";"21.88"
"Incidence";"Finland";"Lung";"45-59";"Female";"2005";"21.24"
"Incidence";"Finland";"Lung";"45-59";"Female";"2006";"22.46"
"Incidence";"Finland";"Lung";"45-59";"Female";"2007";"20.97"
"Incidence";"Finland";"Lung";"45-59";"Female";"2008";"22.38"
"Incidence";"Finland";"Lung";"45-59";"Female";"2009";"20.99"
"Incidence";"Finland";"Lung";"45-59";"Female";"2010";"18.50"
"Incidence";"Finland";"Lung";"45-59";"Female";"2011";"20.34"
"Incidence";"Finland";"Lung";"45-59";"Female";"2012";"17.98"
"Incidence";"Finland";"Lung";"45-59";"Female";"2013";"18.27"
"Incidence";"Finland";"Lung";"45-59";"Female";"2014";"15.95"
"Incidence";"Finland";"Lung";"45-59";"Female";"2015";"20.91"
"Incidence";"Finland";"Lung";"45-59";"Female";"2016";"18.23"
"Incidence";"Finland";"Lung";"45-59";"Female";"2017";"18.34"
"Incidence";"Finland";"Lung";"45-59";"Female";"2018";"18.41"
"Incidence";"Finland";"Lung";"45-59";"Female";"2019";"19.57"
"Incidence";"Finland";"Lung";"45-59";"Female";"2020";"18.35"
"Incidence";"Finland";"Lung";"45-59";"Female";"2021";"19.25"
"Incidence";"Finland";"Lung";"45-59";"Female";"2022";"20.33"
"Incidence";"Finland";"Lung";"45-59";"Female";"2023";"17.22"
"Incidence";"Finland";"Lung";"45-59";"Male";"1953";"114.19"
"Incidence";"Finland";"Lung";"45-59";"Male";"1954";"100.04"
"Incidence";"Finland";"Lung";"45-59";"Male";"1955";"110.54"
"Incidence";"Finland";"Lung";"45-59";"Male";"1956";"113.82"
"Incidence";"Finland";"Lung";"45-59";"Male";"1957";"126.96"
"Incidence";"Finland";"Lung";"45-59";"Male";"1958";"126.24"
"Incidence";"Finland";"Lung";"45-59";"Male";"1959";"130.81"
"Incidence";"Finland";"Lung";"45-59";"Male";"1960";"127.63"
"Incidence";"Finland";"Lung";"45-59";"Male";"1961";"134.86"
"Incidence";"Finland";"Lung";"45-59";"Male";"1962";"142.15"
"Incidence";"Finland";"Lung";"45-59";"Male";"1963";"137.11"
"Incidence";"Finland";"Lung";"45-59";"Male";"1964";"143.93"
"Incidence";"Finland";"Lung";"45-59";"Male";"1965";"151.33"
"Incidence";"Finland";"Lung";"45-59";"Male";"1966";"140.75"
"Incidence";"Finland";"Lung";"45-59";"Male";"1967";"154.25"
"Incidence";"Finland";"Lung";"45-59";"Male";"1968";"149.69"
"Incidence";"Finland";"Lung";"45-59";"Male";"1969";"149.64"
"Incidence";"Finland";"Lung";"45-59";"Male";"1970";"139.59"
"Incidence";"Finland";"Lung";"45-59";"Male";"1971";"141.62"
"Incidence";"Finland";"Lung";"45-59";"Male";"1972";"133.41"
"Incidence";"Finland";"Lung";"45-59";"Male";"1973";"131.32"
"Incidence";"Finland";"Lung";"45-59";"Male";"1974";"124.76"
"Incidence";"Finland";"Lung";"45-59";"Male";"1975";"124.18"
"Incidence";"Finland";"Lung";"45-59";"Male";"1976";"128.22"
"Incidence";"Finland";"Lung";"45-59";"Male";"1977";"130.05"
"Incidence";"Finland";"Lung";"45-59";"Male";"1978";"123.99"
"Incidence";"Finland";"Lung";"45-59";"Male";"1979";"118.40"
"Incidence";"Finland";"Lung";"45-59";"Male";"1980";"119.78"
"Incidence";"Finland";"Lung";"45-59";"Male";"1981";"120.18"
"Incidence";"Finland";"Lung";"45-59";"Male";"1982";"103.27"
"Incidence";"Finland";"Lung";"45-59";"Male";"1983";"97.70"
"Incidence";"Finland";"Lung";"45-59";"Male";"1984";"88.43"
"Incidence";"Finland";"Lung";"45-59";"Male";"1985";"93.01"
"Incidence";"Finland";"Lung";"45-59";"Male";"1986";"82.15"
"Incidence";"Finland";"Lung";"45-59";"Male";"1987";"77.97"
"Incidence";"Finland";"Lung";"45-59";"Male";"1988";"77.47"
"Incidence";"Finland";"Lung";"45-59";"Male";"1989";"63.80"
"Incidence";"Finland";"Lung";"45-59";"Male";"1990";"50.89"
"Incidence";"Finland";"Lung";"45-59";"Male";"1991";"59.54"
"Incidence";"Finland";"Lung";"45-59";"Male";"1992";"55.12"
"Incidence";"Finland";"Lung";"45-59";"Male";"1993";"50.13"
"Incidence";"Finland";"Lung";"45-59";"Male";"1994";"54.93"
"Incidence";"Finland";"Lung";"45-59";"Male";"1995";"45.93"
"Incidence";"Finland";"Lung";"45-59";"Male";"1996";"48.94"
"Incidence";"Finland";"Lung";"45-59";"Male";"1997";"46.26"
"Incidence";"Finland";"Lung";"45-59";"Male";"1998";"43.09"
"Incidence";"Finland";"Lung";"45-59";"Male";"1999";"48.84"
"Incidence";"Finland";"Lung";"45-59";"Male";"2000";"41.98"
"Incidence";"Finland";"Lung";"45-59";"Male";"2001";"39.09"
"Incidence";"Finland";"Lung";"45-59";"Male";"2002";"41.97"
"Incidence";"Finland";"Lung";"45-59";"Male";"2003";"47.51"
"Incidence";"Finland";"Lung";"45-59";"Male";"2004";"46.63"
"Incidence";"Finland";"Lung";"45-59";"Male";"2005";"40.78"
"Incidence";"Finland";"Lung";"45-59";"Male";"2006";"40.86"
"Incidence";"Finland";"Lung";"45-59";"Male";"2007";"36.51"
"Incidence";"Finland";"Lung";"45-59";"Male";"2008";"34.44"
"Incidence";"Finland";"Lung";"45-59";"Male";"2009";"40.15"
"Incidence";"Finland";"Lung";"45-59";"Male";"2010";"37.83"
"Incidence";"Finland";"Lung";"45-59";"Male";"2011";"33.59"
"Incidence";"Finland";"Lung";"45-59";"Male";"2012";"30.60"
"Incidence";"Finland";"Lung";"45-59";"Male";"2013";"34.52"
"Incidence";"Finland";"Lung";"45-59";"Male";"2014";"29.60"
"Incidence";"Finland";"Lung";"45-59";"Male";"2015";"29.02"
"Incidence";"Finland";"Lung";"45-59";"Male";"2016";"33.11"
"Incidence";"Finland";"Lung";"45-59";"Male";"2017";"28.31"
"Incidence";"Finland";"Lung";"45-59";"Male";"2018";"20.68"
"Incidence";"Finland";"Lung";"45-59";"Male";"2019";"25.05"
"Incidence";"Finland";"Lung";"45-59";"Male";"2020";"25.93"
"Incidence";"Finland";"Lung";"45-59";"Male";"2021";"21.55"
"Incidence";"Finland";"Lung";"45-59";"Male";"2022";"24.70"
"Incidence";"Finland";"Lung";"45-59";"Male";"2023";"23.56"
"Mortality";"Finland";"Lung";"45-59";"Female";"1953";"5.18"
"Mortality";"Finland";"Lung";"45-59";"Female";"1954";"5.57"
"Mortality";"Finland";"Lung";"45-59";"Female";"1955";"5.70"
"Mortality";"Finland";"Lung";"45-59";"Female";"1956";"5.33"
"Mortality";"Finland";"Lung";"45-59";"Female";"1957";"5.22"
"Mortality";"Finland";"Lung";"45-59";"Female";"1958";"5.41"
"Mortality";"Finland";"Lung";"45-59";"Female";"1959";"6.80"
"Mortality";"Finland";"Lung";"45-59";"Female";"1960";"5.06"
"Mortality";"Finland";"Lung";"45-59";"Female";"1961";"7.45"
"Mortality";"Finland";"Lung";"45-59";"Female";"1962";"6.23"
"Mortality";"Finland";"Lung";"45-59";"Female";"1963";"7.15"
"Mortality";"Finland";"Lung";"45-59";"Female";"1964";"5.54"
"Mortality";"Finland";"Lung";"45-59";"Female";"1965";"8.60"
"Mortality";"Finland";"Lung";"45-59";"Female";"1966";"5.95"
"Mortality";"Finland";"Lung";"45-59";"Female";"1967";"7.85"
"Mortality";"Finland";"Lung";"45-59";"Female";"1968";"7.83"
"Mortality";"Finland";"Lung";"45-59";"Female";"1969";"8.58"
"Mortality";"Finland";"Lung";"45-59";"Female";"1970";"7.16"
"Mortality";"Finland";"Lung";"45-59";"Female";"1971";"9.08"
"Mortality";"Finland";"Lung";"45-59";"Female";"1972";"8.39"
"Mortality";"Finland";"Lung";"45-59";"Female";"1973";"5.97"
"Mortality";"Finland";"Lung";"45-59";"Female";"1974";"8.58"
"Mortality";"Finland";"Lung";"45-59";"Female";"1975";"7.83"
"Mortality";"Finland";"Lung";"45-59";"Female";"1976";"9.46"
"Mortality";"Finland";"Lung";"45-59";"Female";"1977";"11.35"
"Mortality";"Finland";"Lung";"45-59";"Female";"1978";"10.70"
"Mortality";"Finland";"Lung";"45-59";"Female";"1979";"9.20"
"Mortality";"Finland";"Lung";"45-59";"Female";"1980";"10.94"
"Mortality";"Finland";"Lung";"45-59";"Female";"1981";"9.33"
"Mortality";"Finland";"Lung";"45-59";"Female";"1982";"8.64"
"Mortality";"Finland";"Lung";"45-59";"Female";"1983";"10.33"
"Mortality";"Finland";"Lung";"45-59";"Female";"1984";"11.49"
"Mortality";"Finland";"Lung";"45-59";"Female";"1985";"11.84"
"Mortality";"Finland";"Lung";"45-59";"Female";"1986";"8.80"
"Mortality";"Finland";"Lung";"45-59";"Female";"1987";"12.25"
"Mortality";"Finland";"Lung";"45-59";"Female";"1988";"9.83"
"Mortality";"Finland";"Lung";"45-59";"Female";"1989";"10.26"
"Mortality";"Finland";"Lung";"45-59";"Female";"1990";"9.57"
"Mortality";"Finland";"Lung";"45-59";"Female";"1991";"12.15"
"Mortality";"Finland";"Lung";"45-59";"Female";"1992";"12.36"
"Mortality";"Finland";"Lung";"45-59";"Female";"1993";"8.54"
"Mortality";"Finland";"Lung";"45-59";"Female";"1994";"10.08"
"Mortality";"Finland";"Lung";"45-59";"Female";"1995";"10.40"
"Mortality";"Finland";"Lung";"45-59";"Female";"1996";"10.73"
"Mortality";"Finland";"Lung";"45-59";"Female";"1997";"11.97"
"Mortality";"Finland";"Lung";"45-59";"Female";"1998";"13.60"
"Mortality";"Finland";"Lung";"45-59";"Female";"1999";"9.22"
"Mortality";"Finland";"Lung";"45-59";"Female";"2000";"11.84"
"Mortality";"Finland";"Lung";"45-59";"Female";"2001";"12.99"
"Mortality";"Finland";"Lung";"45-59";"Female";"2002";"14.08"
"Mortality";"Finland";"Lung";"45-59";"Female";"2003";"14.10"
"Mortality";"Finland";"Lung";"45-59";"Female";"2004";"15.15"
"Mortality";"Finland";"Lung";"45-59";"Female";"2005";"15.34"
"Mortality";"Finland";"Lung";"45-59";"Female";"2006";"13.44"
"Mortality";"Finland";"Lung";"45-59";"Female";"2007";"18.39"
"Mortality";"Finland";"Lung";"45-59";"Female";"2008";"16.66"
"Mortality";"Finland";"Lung";"45-59";"Female";"2009";"15.04"
"Mortality";"Finland";"Lung";"45-59";"Female";"2010";"13.21"
"Mortality";"Finland";"Lung";"45-59";"Female";"2011";"16.27"
"Mortality";"Finland";"Lung";"45-59";"Female";"2012";"13.71"
"Mortality";"Finland";"Lung";"45-59";"Female";"2013";"13.25"
"Mortality";"Finland";"Lung";"45-59";"Female";"2014";"13.59"
"Mortality";"Finland";"Lung";"45-59";"Female";"2015";"12.66"
"Mortality";"Finland";"Lung";"45-59";"Female";"2016";"13.77"
"Mortality";"Finland";"Lung";"45-59";"Female";"2017";"11.72"
"Mortality";"Finland";"Lung";"45-59";"Female";"2018";"12.28"
"Mortality";"Finland";"Lung";"45-59";"Female";"2019";"9.88"
"Mortality";"Finland";"Lung";"45-59";"Female";"2020";"10.93"
"Mortality";"Finland";"Lung";"45-59";"Female";"2021";"12.37"
"Mortality";"Finland";"Lung";"45-59";"Female";"2022";"8.29"
"Mortality";"Finland";"Lung";"45-59";"Female";"2023";"11.87"
"Mortality";"Finland";"Lung";"45-59";"Male";"1953";"105.14"
"Mortality";"Finland";"Lung";"45-59";"Male";"1954";"95.02"
"Mortality";"Finland";"Lung";"45-59";"Male";"1955";"96.15"
"Mortality";"Finland";"Lung";"45-59";"Male";"1956";"92.90"
"Mortality";"Finland";"Lung";"45-59";"Male";"1957";"110.29"
"Mortality";"Finland";"Lung";"45-59";"Male";"1958";"113.53"
"Mortality";"Finland";"Lung";"45-59";"Male";"1959";"112.53"
"Mortality";"Finland";"Lung";"45-59";"Male";"1960";"111.15"
"Mortality";"Finland";"Lung";"45-59";"Male";"1961";"127.45"
"Mortality";"Finland";"Lung";"45-59";"Male";"1962";"121.60"
"Mortality";"Finland";"Lung";"45-59";"Male";"1963";"122.54"
"Mortality";"Finland";"Lung";"45-59";"Male";"1964";"128.87"
"Mortality";"Finland";"Lung";"45-59";"Male";"1965";"121.64"
"Mortality";"Finland";"Lung";"45-59";"Male";"1966";"115.37"
"Mortality";"Finland";"Lung";"45-59";"Male";"1967";"119.53"
"Mortality";"Finland";"Lung";"45-59";"Male";"1968";"128.30"
"Mortality";"Finland";"Lung";"45-59";"Male";"1969";"128.51"
"Mortality";"Finland";"Lung";"45-59";"Male";"1970";"121.38"
"Mortality";"Finland";"Lung";"45-59";"Male";"1971";"118.35"
"Mortality";"Finland";"Lung";"45-59";"Male";"1972";"104.05"
"Mortality";"Finland";"Lung";"45-59";"Male";"1973";"107.70"
"Mortality";"Finland";"Lung";"45-59";"Male";"1974";"103.92"
"Mortality";"Finland";"Lung";"45-59";"Male";"1975";"87.53"
"Mortality";"Finland";"Lung";"45-59";"Male";"1976";"103.71"
"Mortality";"Finland";"Lung";"45-59";"Male";"1977";"98.93"
"Mortality";"Finland";"Lung";"45-59";"Male";"1978";"103.63"
"Mortality";"Finland";"Lung";"45-59";"Male";"1979";"94.20"
"Mortality";"Finland";"Lung";"45-59";"Male";"1980";"90.54"
"Mortality";"Finland";"Lung";"45-59";"Male";"1981";"98.82"
"Mortality";"Finland";"Lung";"45-59";"Male";"1982";"82.36"
"Mortality";"Finland";"Lung";"45-59";"Male";"1983";"80.53"
"Mortality";"Finland";"Lung";"45-59";"Male";"1984";"72.69"
"Mortality";"Finland";"Lung";"45-59";"Male";"1985";"80.73"
"Mortality";"Finland";"Lung";"45-59";"Male";"1986";"62.04"
"Mortality";"Finland";"Lung";"45-59";"Male";"1987";"68.10"
"Mortality";"Finland";"Lung";"45-59";"Male";"1988";"61.29"
"Mortality";"Finland";"Lung";"45-59";"Male";"1989";"59.19"
"Mortality";"Finland";"Lung";"45-59";"Male";"1990";"50.18"
"Mortality";"Finland";"Lung";"45-59";"Male";"1991";"42.78"
"Mortality";"Finland";"Lung";"45-59";"Male";"1992";"46.66"
"Mortality";"Finland";"Lung";"45-59";"Male";"1993";"43.05"
"Mortality";"Finland";"Lung";"45-59";"Male";"1994";"40.09"
"Mortality";"Finland";"Lung";"45-59";"Male";"1995";"44.37"
"Mortality";"Finland";"Lung";"45-59";"Male";"1996";"38.32"
"Mortality";"Finland";"Lung";"45-59";"Male";"1997";"35.71"
"Mortality";"Finland";"Lung";"45-59";"Male";"1998";"40.00"
"Mortality";"Finland";"Lung";"45-59";"Male";"1999";"36.31"
"Mortality";"Finland";"Lung";"45-59";"Male";"2000";"34.98"
"Mortality";"Finland";"Lung";"45-59";"Male";"2001";"33.53"
"Mortality";"Finland";"Lung";"45-59";"Male";"2002";"31.77"
"Mortality";"Finland";"Lung";"45-59";"Male";"2003";"36.73"
"Mortality";"Finland";"Lung";"45-59";"Male";"2004";"35.26"
"Mortality";"Finland";"Lung";"45-59";"Male";"2005";"37.76"
"Mortality";"Finland";"Lung";"45-59";"Male";"2006";"36.28"
"Mortality";"Finland";"Lung";"45-59";"Male";"2007";"31.19"
"Mortality";"Finland";"Lung";"45-59";"Male";"2008";"27.34"
"Mortality";"Finland";"Lung";"45-59";"Male";"2009";"30.55"
"Mortality";"Finland";"Lung";"45-59";"Male";"2010";"31.67"
"Mortality";"Finland";"Lung";"45-59";"Male";"2011";"30.40"
"Mortality";"Finland";"Lung";"45-59";"Male";"2012";"24.73"
"Mortality";"Finland";"Lung";"45-59";"Male";"2013";"25.40"
"Mortality";"Finland";"Lung";"45-59";"Male";"2014";"22.38"
"Mortality";"Finland";"Lung";"45-59";"Male";"2015";"23.91"
"Mortality";"Finland";"Lung";"45-59";"Male";"2016";"21.64"
"Mortality";"Finland";"Lung";"45-59";"Male";"2017";"21.93"
"Mortality";"Finland";"Lung";"45-59";"Male";"2018";"20.87"
"Mortality";"Finland";"Lung";"45-59";"Male";"2019";"20.27"
"Mortality";"Finland";"Lung";"45-59";"Male";"2020";"17.29"
"Mortality";"Finland";"Lung";"45-59";"Male";"2021";"17.12"
"Mortality";"Finland";"Lung";"45-59";"Male";"2022";"17.56"
"Mortality";"Finland";"Lung";"45-59";"Male";"2023";"14.68"
"Mortality";"Finland";"Lung";"60-74";"Male";"1953";"270.92"
"Mortality";"Finland";"Lung";"60-74";"Male";"1954";"261.47"
"Mortality";"Finland";"Lung";"60-74";"Male";"1955";"300.64"
"Mortality";"Finland";"Lung";"60-74";"Male";"1956";"291.66"
"Mortality";"Finland";"Lung";"60-74";"Male";"1957";"321.47"
"Mortality";"Finland";"Lung";"60-74";"Male";"1958";"352.12"
"Mortality";"Finland";"Lung";"60-74";"Male";"1959";"368.04"
"Mortality";"Finland";"Lung";"60-74";"Male";"1960";"379.57"
"Mortality";"Finland";"Lung";"60-74";"Male";"1961";"347.50"
"Mortality";"Finland";"Lung";"60-74";"Male";"1962";"392.31"
"Mortality";"Finland";"Lung";"60-74";"Male";"1963";"394.24"
"Mortality";"Finland";"Lung";"60-74";"Male";"1964";"385.92"
"Mortality";"Finland";"Lung";"60-74";"Male";"1965";"409.82"
"Mortality";"Finland";"Lung";"60-74";"Male";"1966";"397.22"
"Mortality";"Finland";"Lung";"60-74";"Male";"1967";"419.59"
"Mortality";"Finland";"Lung";"60-74";"Male";"1968";"420.19"
"Mortality";"Finland";"Lung";"60-74";"Male";"1969";"449.29"
"Mortality";"Finland";"Lung";"60-74";"Male";"1970";"439.53"
"Mortality";"Finland";"Lung";"60-74";"Male";"1971";"468.72"
"Mortality";"Finland";"Lung";"60-74";"Male";"1972";"433.65"
"Mortality";"Finland";"Lung";"60-74";"Male";"1973";"439.90"
"Mortality";"Finland";"Lung";"60-74";"Male";"1974";"448.89"
"Mortality";"Finland";"Lung";"60-74";"Male";"1975";"431.15"
"Mortality";"Finland";"Lung";"60-74";"Male";"1976";"468.69"
"Mortality";"Finland";"Lung";"60-74";"Male";"1977";"453.80"
"Mortality";"Finland";"Lung";"60-74";"Male";"1978";"444.38"
"Mortality";"Finland";"Lung";"60-74";"Male";"1979";"468.22"
"Mortality";"Finland";"Lung";"60-74";"Male";"1980";"433.62"
"Mortality";"Finland";"Lung";"60-74";"Male";"1981";"435.44"
"Mortality";"Finland";"Lung";"60-74";"Male";"1982";"399.65"
"Mortality";"Finland";"Lung";"60-74";"Male";"1983";"422.19"
"Mortality";"Finland";"Lung";"60-74";"Male";"1984";"395.52"
"Mortality";"Finland";"Lung";"60-74";"Male";"1985";"386.06"
"Mortality";"Finland";"Lung";"60-74";"Male";"1986";"352.12"
"Mortality";"Finland";"Lung";"60-74";"Male";"1987";"355.19"
"Mortality";"Finland";"Lung";"60-74";"Male";"1988";"341.33"
"Mortality";"Finland";"Lung";"60-74";"Male";"1989";"315.69"
"Mortality";"Finland";"Lung";"60-74";"Male";"1990";"331.81"
"Mortality";"Finland";"Lung";"60-74";"Male";"1991";"313.19"
"Mortality";"Finland";"Lung";"60-74";"Male";"1992";"321.12"
"Mortality";"Finland";"Lung";"60-74";"Male";"1993";"299.39"
"Mortality";"Finland";"Lung";"60-74";"Male";"1994";"285.51"
"Mortality";"Finland";"Lung";"60-74";"Male";"1995";"277.52"
"Mortality";"Finland";"Lung";"60-74";"Male";"1996";"263.40"
"Mortality";"Finland";"Lung";"60-74";"Male";"1997";"253.41"
"Mortality";"Finland";"Lung";"60-74";"Male";"1998";"249.39"
"Mortality";"Finland";"Lung";"60-74";"Male";"1999";"230.80"
"Mortality";"Finland";"Lung";"60-74";"Male";"2000";"223.28"
"Mortality";"Finland";"Lung";"60-74";"Male";"2001";"206.00"
"Mortality";"Finland";"Lung";"60-74";"Male";"2002";"199.67"
"Mortality";"Finland";"Lung";"60-74";"Male";"2003";"194.13"
"Mortality";"Finland";"Lung";"60-74";"Male";"2004";"182.34"
"Mortality";"Finland";"Lung";"60-74";"Male";"2005";"180.44"
"Mortality";"Finland";"Lung";"60-74";"Male";"2006";"170.13"
"Mortality";"Finland";"Lung";"60-74";"Male";"2007";"174.17"
"Mortality";"Finland";"Lung";"60-74";"Male";"2008";"162.28"
"Mortality";"Finland";"Lung";"60-74";"Male";"2009";"161.46"
"Mortality";"Finland";"Lung";"60-74";"Male";"2010";"170.69"
"Mortality";"Finland";"Lung";"60-74";"Male";"2011";"161.05"
"Mortality";"Finland";"Lung";"60-74";"Male";"2012";"167.27"
"Mortality";"Finland";"Lung";"60-74";"Male";"2013";"171.94"
"Mortality";"Finland";"Lung";"60-74";"Male";"2014";"146.70"
"Mortality";"Finland";"Lung";"60-74";"Male";"2015";"152.54"
"Mortality";"Finland";"Lung";"60-74";"Male";"2016";"156.16"
"Mortality";"Finland";"Lung";"60-74";"Male";"2017";"144.37"
"Mortality";"Finland";"Lung";"60-74";"Male";"2018";"150.84"
"Mortality";"Finland";"Lung";"60-74";"Male";"2019";"145.72"
"Mortality";"Finland";"Lung";"60-74";"Male";"2020";"136.65"
"Mortality";"Finland";"Lung";"60-74";"Male";"2021";"143.24"
"Mortality";"Finland";"Lung";"60-74";"Male";"2022";"141.19"
"Mortality";"Finland";"Lung";"60-74";"Male";"2023";"117.64"
"Incidence";"Finland";"Lung";"60-74";"Female";"1953";"18.02"
"Incidence";"Finland";"Lung";"60-74";"Female";"1954";"20.12"
"Incidence";"Finland";"Lung";"60-74";"Female";"1955";"21.99"
"Incidence";"Finland";"Lung";"60-74";"Female";"1956";"15.06"
"Incidence";"Finland";"Lung";"60-74";"Female";"1957";"22.40"
"Incidence";"Finland";"Lung";"60-74";"Female";"1958";"19.17"
"Incidence";"Finland";"Lung";"60-74";"Female";"1959";"22.08"
"Incidence";"Finland";"Lung";"60-74";"Female";"1960";"15.74"
"Incidence";"Finland";"Lung";"60-74";"Female";"1961";"20.64"
"Incidence";"Finland";"Lung";"60-74";"Female";"1962";"21.36"
"Incidence";"Finland";"Lung";"60-74";"Female";"1963";"25.17"
"Incidence";"Finland";"Lung";"60-74";"Female";"1964";"20.67"
"Incidence";"Finland";"Lung";"60-74";"Female";"1965";"17.91"
"Incidence";"Finland";"Lung";"60-74";"Female";"1966";"20.95"
"Incidence";"Finland";"Lung";"60-74";"Female";"1967";"28.54"
"Incidence";"Finland";"Lung";"60-74";"Female";"1968";"23.35"
"Incidence";"Finland";"Lung";"60-74";"Female";"1969";"22.00"
"Incidence";"Finland";"Lung";"60-74";"Female";"1970";"22.40"
"Incidence";"Finland";"Lung";"60-74";"Female";"1971";"25.28"
"Incidence";"Finland";"Lung";"60-74";"Female";"1972";"25.29"
"Incidence";"Finland";"Lung";"60-74";"Female";"1973";"25.76"
"Incidence";"Finland";"Lung";"60-74";"Female";"1974";"29.44"
"Incidence";"Finland";"Lung";"60-74";"Female";"1975";"30.27"
"Incidence";"Finland";"Lung";"60-74";"Female";"1976";"36.11"
"Incidence";"Finland";"Lung";"60-74";"Female";"1977";"34.36"
"Incidence";"Finland";"Lung";"60-74";"Female";"1978";"36.62"
"Incidence";"Finland";"Lung";"60-74";"Female";"1979";"38.62"
"Incidence";"Finland";"Lung";"60-74";"Female";"1980";"42.57"
"Incidence";"Finland";"Lung";"60-74";"Female";"1981";"40.29"
"Incidence";"Finland";"Lung";"60-74";"Female";"1982";"39.55"
"Incidence";"Finland";"Lung";"60-74";"Female";"1983";"43.66"
"Incidence";"Finland";"Lung";"60-74";"Female";"1984";"52.87"
"Incidence";"Finland";"Lung";"60-74";"Female";"1985";"51.06"
"Incidence";"Finland";"Lung";"60-74";"Female";"1986";"47.15"
"Incidence";"Finland";"Lung";"60-74";"Female";"1987";"49.32"
"Incidence";"Finland";"Lung";"60-74";"Female";"1988";"45.02"
"Incidence";"Finland";"Lung";"60-74";"Female";"1989";"49.90"
"Incidence";"Finland";"Lung";"60-74";"Female";"1990";"46.84"
"Incidence";"Finland";"Lung";"60-74";"Female";"1991";"47.88"
"Incidence";"Finland";"Lung";"60-74";"Female";"1992";"53.60"
"Incidence";"Finland";"Lung";"60-74";"Female";"1993";"48.96"
"Incidence";"Finland";"Lung";"60-74";"Female";"1994";"55.06"
"Incidence";"Finland";"Lung";"60-74";"Female";"1995";"47.34"
"Incidence";"Finland";"Lung";"60-74";"Female";"1996";"54.14"
"Incidence";"Finland";"Lung";"60-74";"Female";"1997";"56.76"
"Incidence";"Finland";"Lung";"60-74";"Female";"1998";"57.72"
"Incidence";"Finland";"Lung";"60-74";"Female";"1999";"59.93"
"Incidence";"Finland";"Lung";"60-74";"Female";"2000";"60.32"
"Incidence";"Finland";"Lung";"60-74";"Female";"2001";"57.32"
"Incidence";"Finland";"Lung";"60-74";"Female";"2002";"53.05"
"Incidence";"Finland";"Lung";"60-74";"Female";"2003";"55.70"
"Incidence";"Finland";"Lung";"60-74";"Female";"2004";"57.12"
"Incidence";"Finland";"Lung";"60-74";"Female";"2005";"55.24"
"Incidence";"Finland";"Lung";"60-74";"Female";"2006";"64.10"
"Incidence";"Finland";"Lung";"60-74";"Female";"2007";"67.70"
"Incidence";"Finland";"Lung";"60-74";"Female";"2008";"74.41"
"Incidence";"Finland";"Lung";"60-74";"Female";"2009";"71.93"
"Incidence";"Finland";"Lung";"60-74";"Female";"2010";"78.98"
"Incidence";"Finland";"Lung";"60-74";"Female";"2011";"81.39"
"Incidence";"Finland";"Lung";"60-74";"Female";"2012";"79.29"
"Incidence";"Finland";"Lung";"60-74";"Female";"2013";"90.06"
"Incidence";"Finland";"Lung";"60-74";"Female";"2014";"98.98"
"Incidence";"Finland";"Lung";"60-74";"Female";"2015";"93.13"
"Incidence";"Finland";"Lung";"60-74";"Female";"2016";"105.83"
"Incidence";"Finland";"Lung";"60-74";"Female";"2017";"97.99"
"Incidence";"Finland";"Lung";"60-74";"Female";"2018";"100.07"
"Incidence";"Finland";"Lung";"60-74";"Female";"2019";"105.21"
"Incidence";"Finland";"Lung";"60-74";"Female";"2020";"106.03"
"Incidence";"Finland";"Lung";"60-74";"Female";"2021";"95.78"
"Incidence";"Finland";"Lung";"60-74";"Female";"2022";"107.38"
"Incidence";"Finland";"Lung";"60-74";"Female";"2023";"100.77"
"Mortality";"Finland";"Lung";"60-74";"Female";"1953";"19.00"
"Mortality";"Finland";"Lung";"60-74";"Female";"1954";"19.16"
"Mortality";"Finland";"Lung";"60-74";"Female";"1955";"18.72"
"Mortality";"Finland";"Lung";"60-74";"Female";"1956";"17.34"
"Mortality";"Finland";"Lung";"60-74";"Female";"1957";"18.82"
"Mortality";"Finland";"Lung";"60-74";"Female";"1958";"16.12"
"Mortality";"Finland";"Lung";"60-74";"Female";"1959";"25.05"
"Mortality";"Finland";"Lung";"60-74";"Female";"1960";"12.01"
"Mortality";"Finland";"Lung";"60-74";"Female";"1961";"19.43"
"Mortality";"Finland";"Lung";"60-74";"Female";"1962";"18.99"
"Mortality";"Finland";"Lung";"60-74";"Female";"1963";"20.91"
"Mortality";"Finland";"Lung";"60-74";"Female";"1964";"19.54"
"Mortality";"Finland";"Lung";"60-74";"Female";"1965";"17.18"
"Mortality";"Finland";"Lung";"60-74";"Female";"1966";"18.82"
"Mortality";"Finland";"Lung";"60-74";"Female";"1967";"20.63"
"Mortality";"Finland";"Lung";"60-74";"Female";"1968";"20.01"
"Mortality";"Finland";"Lung";"60-74";"Female";"1969";"17.15"
"Mortality";"Finland";"Lung";"60-74";"Female";"1970";"21.45"
"Mortality";"Finland";"Lung";"60-74";"Female";"1971";"19.42"
"Mortality";"Finland";"Lung";"60-74";"Female";"1972";"27.10"
"Mortality";"Finland";"Lung";"60-74";"Female";"1973";"21.91"
"Mortality";"Finland";"Lung";"60-74";"Female";"1974";"23.32"
"Mortality";"Finland";"Lung";"60-74";"Female";"1975";"23.06"
"Mortality";"Finland";"Lung";"60-74";"Female";"1976";"29.80"
"Mortality";"Finland";"Lung";"60-74";"Female";"1977";"29.25"
"Mortality";"Finland";"Lung";"60-74";"Female";"1978";"30.71"
"Mortality";"Finland";"Lung";"60-74";"Female";"1979";"30.67"
"Mortality";"Finland";"Lung";"60-74";"Female";"1980";"37.53"
"Mortality";"Finland";"Lung";"60-74";"Female";"1981";"35.85"
"Mortality";"Finland";"Lung";"60-74";"Female";"1982";"35.41"
"Mortality";"Finland";"Lung";"60-74";"Female";"1983";"32.41"
"Mortality";"Finland";"Lung";"60-74";"Female";"1984";"34.79"
"Mortality";"Finland";"Lung";"60-74";"Female";"1985";"44.78"
"Mortality";"Finland";"Lung";"60-74";"Female";"1986";"41.15"
"Mortality";"Finland";"Lung";"60-74";"Female";"1987";"40.06"
"Mortality";"Finland";"Lung";"60-74";"Female";"1988";"40.14"
"Mortality";"Finland";"Lung";"60-74";"Female";"1989";"38.57"
"Mortality";"Finland";"Lung";"60-74";"Female";"1990";"44.16"
"Mortality";"Finland";"Lung";"60-74";"Female";"1991";"44.42"
"Mortality";"Finland";"Lung";"60-74";"Female";"1992";"45.64"
"Mortality";"Finland";"Lung";"60-74";"Female";"1993";"43.37"
"Mortality";"Finland";"Lung";"60-74";"Female";"1994";"44.26"
"Mortality";"Finland";"Lung";"60-74";"Female";"1995";"44.17"
"Mortality";"Finland";"Lung";"60-74";"Female";"1996";"43.52"
"Mortality";"Finland";"Lung";"60-74";"Female";"1997";"43.76"
"Mortality";"Finland";"Lung";"60-74";"Female";"1998";"47.92"
"Mortality";"Finland";"Lung";"60-74";"Female";"1999";"42.58"
"Mortality";"Finland";"Lung";"60-74";"Female";"2000";"48.15"
"Mortality";"Finland";"Lung";"60-74";"Female";"2001";"47.98"
"Mortality";"Finland";"Lung";"60-74";"Female";"2002";"48.35"
"Mortality";"Finland";"Lung";"60-74";"Female";"2003";"49.46"
"Mortality";"Finland";"Lung";"60-74";"Female";"2004";"46.52"
"Mortality";"Finland";"Lung";"60-74";"Female";"2005";"46.66"
"Mortality";"Finland";"Lung";"60-74";"Female";"2006";"50.50"
"Mortality";"Finland";"Lung";"60-74";"Female";"2007";"50.42"
"Mortality";"Finland";"Lung";"60-74";"Female";"2008";"53.56"
"Mortality";"Finland";"Lung";"60-74";"Female";"2009";"57.41"
"Mortality";"Finland";"Lung";"60-74";"Female";"2010";"62.55"
"Mortality";"Finland";"Lung";"60-74";"Female";"2011";"62.07"
"Mortality";"Finland";"Lung";"60-74";"Female";"2012";"67.85"
"Mortality";"Finland";"Lung";"60-74";"Female";"2013";"69.36"
"Mortality";"Finland";"Lung";"60-74";"Female";"2014";"68.96"
"Mortality";"Finland";"Lung";"60-74";"Female";"2015";"72.31"
"Mortality";"Finland";"Lung";"60-74";"Female";"2016";"71.43"
"Mortality";"Finland";"Lung";"60-74";"Female";"2017";"67.47"
"Mortality";"Finland";"Lung";"60-74";"Female";"2018";"68.96"
"Mortality";"Finland";"Lung";"60-74";"Female";"2019";"66.48"
"Mortality";"Finland";"Lung";"60-74";"Female";"2020";"77.54"
"Mortality";"Finland";"Lung";"60-74";"Female";"2021";"69.79"
"Mortality";"Finland";"Lung";"60-74";"Female";"2022";"75.44"
"Mortality";"Finland";"Lung";"60-74";"Female";"2023";"66.19"
"Incidence";"Finland";"Lung";"60-74";"Male";"1953";"310.14"
"Incidence";"Finland";"Lung";"60-74";"Male";"1954";"275.01"
"Incidence";"Finland";"Lung";"60-74";"Male";"1955";"308.97"
"Incidence";"Finland";"Lung";"60-74";"Male";"1956";"338.46"
"Incidence";"Finland";"Lung";"60-74";"Male";"1957";"350.70"
"Incidence";"Finland";"Lung";"60-74";"Male";"1958";"375.34"
"Incidence";"Finland";"Lung";"60-74";"Male";"1959";"406.28"
"Incidence";"Finland";"Lung";"60-74";"Male";"1960";"391.15"
"Incidence";"Finland";"Lung";"60-74";"Male";"1961";"404.14"
"Incidence";"Finland";"Lung";"60-74";"Male";"1962";"432.58"
"Incidence";"Finland";"Lung";"60-74";"Male";"1963";"426.16"
"Incidence";"Finland";"Lung";"60-74";"Male";"1964";"466.68"
"Incidence";"Finland";"Lung";"60-74";"Male";"1965";"452.60"
"Incidence";"Finland";"Lung";"60-74";"Male";"1966";"448.47"
"Incidence";"Finland";"Lung";"60-74";"Male";"1967";"479.74"
"Incidence";"Finland";"Lung";"60-74";"Male";"1968";"460.72"
"Incidence";"Finland";"Lung";"60-74";"Male";"1969";"519.03"
"Incidence";"Finland";"Lung";"60-74";"Male";"1970";"507.68"
"Incidence";"Finland";"Lung";"60-74";"Male";"1971";"531.72"
"Incidence";"Finland";"Lung";"60-74";"Male";"1972";"482.61"
"Incidence";"Finland";"Lung";"60-74";"Male";"1973";"505.08"
"Incidence";"Finland";"Lung";"60-74";"Male";"1974";"517.65"
"Incidence";"Finland";"Lung";"60-74";"Male";"1975";"469.84"
"Incidence";"Finland";"Lung";"60-74";"Male";"1976";"521.95"
"Incidence";"Finland";"Lung";"60-74";"Male";"1977";"523.48"
"Incidence";"Finland";"Lung";"60-74";"Male";"1978";"503.85"
"Incidence";"Finland";"Lung";"60-74";"Male";"1979";"486.27"
"Incidence";"Finland";"Lung";"60-74";"Male";"1980";"486.81"
"Incidence";"Finland";"Lung";"60-74";"Male";"1981";"462.47"
"Incidence";"Finland";"Lung";"60-74";"Male";"1982";"489.58"
"Incidence";"Finland";"Lung";"60-74";"Male";"1983";"457.92"
"Incidence";"Finland";"Lung";"60-74";"Male";"1984";"441.20"
"Incidence";"Finland";"Lung";"60-74";"Male";"1985";"451.83"
"Incidence";"Finland";"Lung";"60-74";"Male";"1986";"414.87"
"Incidence";"Finland";"Lung";"60-74";"Male";"1987";"394.97"
"Incidence";"Finland";"Lung";"60-74";"Male";"1988";"401.82"
"Incidence";"Finland";"Lung";"60-74";"Male";"1989";"345.53"
"Incidence";"Finland";"Lung";"60-74";"Male";"1990";"361.34"
"Incidence";"Finland";"Lung";"60-74";"Male";"1991";"357.57"
"Incidence";"Finland";"Lung";"60-74";"Male";"1992";"367.96"
"Incidence";"Finland";"Lung";"60-74";"Male";"1993";"332.35"
"Incidence";"Finland";"Lung";"60-74";"Male";"1994";"330.46"
"Incidence";"Finland";"Lung";"60-74";"Male";"1995";"299.89"
"Incidence";"Finland";"Lung";"60-74";"Male";"1996";"309.92"
"Incidence";"Finland";"Lung";"60-74";"Male";"1997";"283.36"
"Incidence";"Finland";"Lung";"60-74";"Male";"1998";"275.27"
"Incidence";"Finland";"Lung";"60-74";"Male";"1999";"260.05"
"Incidence";"Finland";"Lung";"60-74";"Male";"2000";"247.98"
"Incidence";"Finland";"Lung";"60-74";"Male";"2001";"232.97"
"Incidence";"Finland";"Lung";"60-74";"Male";"2002";"232.48"
"Incidence";"Finland";"Lung";"60-74";"Male";"2003";"215.00"
"Incidence";"Finland";"Lung";"60-74";"Male";"2004";"216.19"
"Incidence";"Finland";"Lung";"60-74";"Male";"2005";"228.48"
"Incidence";"Finland";"Lung";"60-74";"Male";"2006";"191.43"
"Incidence";"Finland";"Lung";"60-74";"Male";"2007";"193.43"
"Incidence";"Finland";"Lung";"60-74";"Male";"2008";"205.52"
"Incidence";"Finland";"Lung";"60-74";"Male";"2009";"205.41"
"Incidence";"Finland";"Lung";"60-74";"Male";"2010";"194.51"
"Incidence";"Finland";"Lung";"60-74";"Male";"2011";"184.22"
"Incidence";"Finland";"Lung";"60-74";"Male";"2012";"195.07"
"Incidence";"Finland";"Lung";"60-74";"Male";"2013";"194.27"
"Incidence";"Finland";"Lung";"60-74";"Male";"2014";"194.75"
"Incidence";"Finland";"Lung";"60-74";"Male";"2015";"202.35"
"Incidence";"Finland";"Lung";"60-74";"Male";"2016";"186.78"
"Incidence";"Finland";"Lung";"60-74";"Male";"2017";"187.30"
"Incidence";"Finland";"Lung";"60-74";"Male";"2018";"193.54"
"Incidence";"Finland";"Lung";"60-74";"Male";"2019";"179.17"
"Incidence";"Finland";"Lung";"60-74";"Male";"2020";"176.19"
"Incidence";"Finland";"Lung";"60-74";"Male";"2021";"178.12"
"Incidence";"Finland";"Lung";"60-74";"Male";"2022";"166.41"
"Incidence";"Finland";"Lung";"60-74";"Male";"2023";"153.60"
"Incidence";"Finland";"Lung";"75-85+";"Female";"1953";"37.87"
"Incidence";"Finland";"Lung";"75-85+";"Female";"1954";"35.02"
"Incidence";"Finland";"Lung";"75-85+";"Female";"1955";"49.79"
"Incidence";"Finland";"Lung";"75-85+";"Female";"1956";"45.53"
"Incidence";"Finland";"Lung";"75-85+";"Female";"1957";"39.35"
"Incidence";"Finland";"Lung";"75-85+";"Female";"1958";"35.03"
"Incidence";"Finland";"Lung";"75-85+";"Female";"1959";"41.50"
"Incidence";"Finland";"Lung";"75-85+";"Female";"1960";"44.91"
"Incidence";"Finland";"Lung";"75-85+";"Female";"1961";"39.36"
"Incidence";"Finland";"Lung";"75-85+";"Female";"1962";"35.80"
"Incidence";"Finland";"Lung";"75-85+";"Female";"1963";"36.09"
"Incidence";"Finland";"Lung";"75-85+";"Female";"1964";"54.19"
"Incidence";"Finland";"Lung";"75-85+";"Female";"1965";"38.90"
"Incidence";"Finland";"Lung";"75-85+";"Female";"1966";"44.65"
"Incidence";"Finland";"Lung";"75-85+";"Female";"1967";"42.63"
"Incidence";"Finland";"Lung";"75-85+";"Female";"1968";"52.17"
"Incidence";"Finland";"Lung";"75-85+";"Female";"1969";"49.15"
"Incidence";"Finland";"Lung";"75-85+";"Female";"1970";"39.07"
"Incidence";"Finland";"Lung";"75-85+";"Female";"1971";"55.92"
"Incidence";"Finland";"Lung";"75-85+";"Female";"1972";"51.54"
"Incidence";"Finland";"Lung";"75-85+";"Female";"1973";"38.48"
"Incidence";"Finland";"Lung";"75-85+";"Female";"1974";"58.46"
"Incidence";"Finland";"Lung";"75-85+";"Female";"1975";"53.72"
"Incidence";"Finland";"Lung";"75-85+";"Female";"1976";"55.48"
"Incidence";"Finland";"Lung";"75-85+";"Female";"1977";"54.32"
"Incidence";"Finland";"Lung";"75-85+";"Female";"1978";"49.39"
"Incidence";"Finland";"Lung";"75-85+";"Female";"1979";"68.28"
"Incidence";"Finland";"Lung";"75-85+";"Female";"1980";"70.33"
"Incidence";"Finland";"Lung";"75-85+";"Female";"1981";"57.79"
"Incidence";"Finland";"Lung";"75-85+";"Female";"1982";"59.37"
"Incidence";"Finland";"Lung";"75-85+";"Female";"1983";"49.14"
"Incidence";"Finland";"Lung";"75-85+";"Female";"1984";"58.27"
"Incidence";"Finland";"Lung";"75-85+";"Female";"1985";"63.13"
"Incidence";"Finland";"Lung";"75-85+";"Female";"1986";"61.45"
"Incidence";"Finland";"Lung";"75-85+";"Female";"1987";"62.64"
"Incidence";"Finland";"Lung";"75-85+";"Female";"1988";"64.29"
"Incidence";"Finland";"Lung";"75-85+";"Female";"1989";"69.54"
"Incidence";"Finland";"Lung";"75-85+";"Female";"1990";"66.45"
"Incidence";"Finland";"Lung";"75-85+";"Female";"1991";"76.18"
"Incidence";"Finland";"Lung";"75-85+";"Female";"1992";"72.63"
"Incidence";"Finland";"Lung";"75-85+";"Female";"1993";"78.35"
"Incidence";"Finland";"Lung";"75-85+";"Female";"1994";"89.15"
"Incidence";"Finland";"Lung";"75-85+";"Female";"1995";"87.81"
"Incidence";"Finland";"Lung";"75-85+";"Female";"1996";"90.92"
"Incidence";"Finland";"Lung";"75-85+";"Female";"1997";"86.78"
"Incidence";"Finland";"Lung";"75-85+";"Female";"1998";"99.71"
"Incidence";"Finland";"Lung";"75-85+";"Female";"1999";"90.37"
"Incidence";"Finland";"Lung";"75-85+";"Female";"2000";"93.64"
"Incidence";"Finland";"Lung";"75-85+";"Female";"2001";"100.60"
"Incidence";"Finland";"Lung";"75-85+";"Female";"2002";"100.28"
"Incidence";"Finland";"Lung";"75-85+";"Female";"2003";"106.01"
"Incidence";"Finland";"Lung";"75-85+";"Female";"2004";"109.56"
"Incidence";"Finland";"Lung";"75-85+";"Female";"2005";"109.07"
"Incidence";"Finland";"Lung";"75-85+";"Female";"2006";"97.18"
"Incidence";"Finland";"Lung";"75-85+";"Female";"2007";"111.24"
"Incidence";"Finland";"Lung";"75-85+";"Female";"2008";"113.20"
"Incidence";"Finland";"Lung";"75-85+";"Female";"2009";"100.16"
"Incidence";"Finland";"Lung";"75-85+";"Female";"2010";"114.99"
"Incidence";"Finland";"Lung";"75-85+";"Female";"2011";"119.22"
"Incidence";"Finland";"Lung";"75-85+";"Female";"2012";"113.73"
"Incidence";"Finland";"Lung";"75-85+";"Female";"2013";"128.57"
"Incidence";"Finland";"Lung";"75-85+";"Female";"2014";"126.94"
"Incidence";"Finland";"Lung";"75-85+";"Female";"2015";"126.68"
"Incidence";"Finland";"Lung";"75-85+";"Female";"2016";"131.32"
"Incidence";"Finland";"Lung";"75-85+";"Female";"2017";"135.20"
"Incidence";"Finland";"Lung";"75-85+";"Female";"2018";"143.28"
"Incidence";"Finland";"Lung";"75-85+";"Female";"2019";"155.09"
"Incidence";"Finland";"Lung";"75-85+";"Female";"2020";"157.00"
"Incidence";"Finland";"Lung";"75-85+";"Female";"2021";"151.28"
"Incidence";"Finland";"Lung";"75-85+";"Female";"2022";"152.41"
"Incidence";"Finland";"Lung";"75-85+";"Female";"2023";"155.49"
"Incidence";"Finland";"Lung";"75-85+";"Male";"1953";"274.78"
"Incidence";"Finland";"Lung";"75-85+";"Male";"1954";"234.30"
"Incidence";"Finland";"Lung";"75-85+";"Male";"1955";"281.06"
"Incidence";"Finland";"Lung";"75-85+";"Male";"1956";"234.16"
"Incidence";"Finland";"Lung";"75-85+";"Male";"1957";"297.78"
"Incidence";"Finland";"Lung";"75-85+";"Male";"1958";"315.05"
"Incidence";"Finland";"Lung";"75-85+";"Male";"1959";"314.15"
"Incidence";"Finland";"Lung";"75-85+";"Male";"1960";"362.74"
"Incidence";"Finland";"Lung";"75-85+";"Male";"1961";"410.94"
"Incidence";"Finland";"Lung";"75-85+";"Male";"1962";"366.52"
"Incidence";"Finland";"Lung";"75-85+";"Male";"1963";"378.63"
"Incidence";"Finland";"Lung";"75-85+";"Male";"1964";"467.78"
"Incidence";"Finland";"Lung";"75-85+";"Male";"1965";"476.19"
"Incidence";"Finland";"Lung";"75-85+";"Male";"1966";"469.10"
"Incidence";"Finland";"Lung";"75-85+";"Male";"1967";"517.34"
"Incidence";"Finland";"Lung";"75-85+";"Male";"1968";"537.13"
"Incidence";"Finland";"Lung";"75-85+";"Male";"1969";"566.03"
"Incidence";"Finland";"Lung";"75-85+";"Male";"1970";"541.06"
"Incidence";"Finland";"Lung";"75-85+";"Male";"1971";"582.88"
"Incidence";"Finland";"Lung";"75-85+";"Male";"1972";"631.64"
"Incidence";"Finland";"Lung";"75-85+";"Male";"1973";"496.75"
"Incidence";"Finland";"Lung";"75-85+";"Male";"1974";"514.89"
"Incidence";"Finland";"Lung";"75-85+";"Male";"1975";"590.36"
"Incidence";"Finland";"Lung";"75-85+";"Male";"1976";"649.48"
"Incidence";"Finland";"Lung";"75-85+";"Male";"1977";"625.93"
"Incidence";"Finland";"Lung";"75-85+";"Male";"1978";"687.89"
"Incidence";"Finland";"Lung";"75-85+";"Male";"1979";"672.61"
"Incidence";"Finland";"Lung";"75-85+";"Male";"1980";"640.74"
"Incidence";"Finland";"Lung";"75-85+";"Male";"1981";"647.22"
"Incidence";"Finland";"Lung";"75-85+";"Male";"1982";"621.73"
"Incidence";"Finland";"Lung";"75-85+";"Male";"1983";"699.54"
"Incidence";"Finland";"Lung";"75-85+";"Male";"1984";"686.87"
"Incidence";"Finland";"Lung";"75-85+";"Male";"1985";"639.18"
"Incidence";"Finland";"Lung";"75-85+";"Male";"1986";"564.33"
"Incidence";"Finland";"Lung";"75-85+";"Male";"1987";"620.05"
"Incidence";"Finland";"Lung";"75-85+";"Male";"1988";"505.70"
"Incidence";"Finland";"Lung";"75-85+";"Male";"1989";"474.02"
"Incidence";"Finland";"Lung";"75-85+";"Male";"1990";"532.92"
"Incidence";"Finland";"Lung";"75-85+";"Male";"1991";"487.93"
"Incidence";"Finland";"Lung";"75-85+";"Male";"1992";"579.23"
"Incidence";"Finland";"Lung";"75-85+";"Male";"1993";"555.83"
"Incidence";"Finland";"Lung";"75-85+";"Male";"1994";"529.19"
"Incidence";"Finland";"Lung";"75-85+";"Male";"1995";"537.49"
"Incidence";"Finland";"Lung";"75-85+";"Male";"1996";"578.15"
"Incidence";"Finland";"Lung";"75-85+";"Male";"1997";"516.36"
"Incidence";"Finland";"Lung";"75-85+";"Male";"1998";"500.12"
"Incidence";"Finland";"Lung";"75-85+";"Male";"1999";"468.09"
"Incidence";"Finland";"Lung";"75-85+";"Male";"2000";"481.51"
"Incidence";"Finland";"Lung";"75-85+";"Male";"2001";"495.00"
"Incidence";"Finland";"Lung";"75-85+";"Male";"2002";"477.55"
"Incidence";"Finland";"Lung";"75-85+";"Male";"2003";"501.48"
"Incidence";"Finland";"Lung";"75-85+";"Male";"2004";"482.31"
"Incidence";"Finland";"Lung";"75-85+";"Male";"2005";"472.93"
"Incidence";"Finland";"Lung";"75-85+";"Male";"2006";"475.36"
"Incidence";"Finland";"Lung";"75-85+";"Male";"2007";"433.19"
"Incidence";"Finland";"Lung";"75-85+";"Male";"2008";"410.47"
"Incidence";"Finland";"Lung";"75-85+";"Male";"2009";"434.95"
"Incidence";"Finland";"Lung";"75-85+";"Male";"2010";"404.78"
"Incidence";"Finland";"Lung";"75-85+";"Male";"2011";"363.23"
"Incidence";"Finland";"Lung";"75-85+";"Male";"2012";"352.52"
"Incidence";"Finland";"Lung";"75-85+";"Male";"2013";"368.77"
"Incidence";"Finland";"Lung";"75-85+";"Male";"2014";"364.41"
"Incidence";"Finland";"Lung";"75-85+";"Male";"2015";"363.17"
"Incidence";"Finland";"Lung";"75-85+";"Male";"2016";"382.97"
"Incidence";"Finland";"Lung";"75-85+";"Male";"2017";"363.21"
"Incidence";"Finland";"Lung";"75-85+";"Male";"2018";"358.02"
"Incidence";"Finland";"Lung";"75-85+";"Male";"2019";"355.57"
"Incidence";"Finland";"Lung";"75-85+";"Male";"2020";"335.40"
"Incidence";"Finland";"Lung";"75-85+";"Male";"2021";"349.09"
"Incidence";"Finland";"Lung";"75-85+";"Male";"2022";"339.35"
"Incidence";"Finland";"Lung";"75-85+";"Male";"2023";"295.12"
"Mortality";"Finland";"Lung";"75-85+";"Male";"1953";"233.04"
"Mortality";"Finland";"Lung";"75-85+";"Male";"1954";"217.32"
"Mortality";"Finland";"Lung";"75-85+";"Male";"1955";"260.98"
"Mortality";"Finland";"Lung";"75-85+";"Male";"1956";"224.27"
"Mortality";"Finland";"Lung";"75-85+";"Male";"1957";"278.36"
"Mortality";"Finland";"Lung";"75-85+";"Male";"1958";"252.04"
"Mortality";"Finland";"Lung";"75-85+";"Male";"1959";"283.65"
"Mortality";"Finland";"Lung";"75-85+";"Male";"1960";"306.25"
"Mortality";"Finland";"Lung";"75-85+";"Male";"1961";"358.85"
"Mortality";"Finland";"Lung";"75-85+";"Male";"1962";"366.52"
"Mortality";"Finland";"Lung";"75-85+";"Male";"1963";"370.28"
"Mortality";"Finland";"Lung";"75-85+";"Male";"1964";"429.48"
"Mortality";"Finland";"Lung";"75-85+";"Male";"1965";"419.37"
"Mortality";"Finland";"Lung";"75-85+";"Male";"1966";"408.14"
"Mortality";"Finland";"Lung";"75-85+";"Male";"1967";"444.18"
"Mortality";"Finland";"Lung";"75-85+";"Male";"1968";"524.16"
"Mortality";"Finland";"Lung";"75-85+";"Male";"1969";"477.59"
"Mortality";"Finland";"Lung";"75-85+";"Male";"1970";"494.54"
"Mortality";"Finland";"Lung";"75-85+";"Male";"1971";"518.38"
"Mortality";"Finland";"Lung";"75-85+";"Male";"1972";"527.91"
"Mortality";"Finland";"Lung";"75-85+";"Male";"1973";"529.72"
"Mortality";"Finland";"Lung";"75-85+";"Male";"1974";"489.57"
"Mortality";"Finland";"Lung";"75-85+";"Male";"1975";"491.30"
"Mortality";"Finland";"Lung";"75-85+";"Male";"1976";"552.54"
"Mortality";"Finland";"Lung";"75-85+";"Male";"1977";"579.49"
"Mortality";"Finland";"Lung";"75-85+";"Male";"1978";"625.51"
"Mortality";"Finland";"Lung";"75-85+";"Male";"1979";"630.15"
"Mortality";"Finland";"Lung";"75-85+";"Male";"1980";"712.85"
"Mortality";"Finland";"Lung";"75-85+";"Male";"1981";"614.39"
"Mortality";"Finland";"Lung";"75-85+";"Male";"1982";"577.21"
"Mortality";"Finland";"Lung";"75-85+";"Male";"1983";"625.45"
"Mortality";"Finland";"Lung";"75-85+";"Male";"1984";"608.13"
"Mortality";"Finland";"Lung";"75-85+";"Male";"1985";"629.96"
"Mortality";"Finland";"Lung";"75-85+";"Male";"1986";"608.72"
"Mortality";"Finland";"Lung";"75-85+";"Male";"1987";"562.34"
"Mortality";"Finland";"Lung";"75-85+";"Male";"1988";"551.46"
"Mortality";"Finland";"Lung";"75-85+";"Male";"1989";"494.01"
"Mortality";"Finland";"Lung";"75-85+";"Male";"1990";"558.52"
"Mortality";"Finland";"Lung";"75-85+";"Male";"1991";"485.63"
"Mortality";"Finland";"Lung";"75-85+";"Male";"1992";"546.04"
"Mortality";"Finland";"Lung";"75-85+";"Male";"1993";"526.28"
"Mortality";"Finland";"Lung";"75-85+";"Male";"1994";"473.43"
"Mortality";"Finland";"Lung";"75-85+";"Male";"1995";"501.07"
"Mortality";"Finland";"Lung";"75-85+";"Male";"1996";"521.19"
"Mortality";"Finland";"Lung";"75-85+";"Male";"1997";"488.08"
"Mortality";"Finland";"Lung";"75-85+";"Male";"1998";"471.77"
"Mortality";"Finland";"Lung";"75-85+";"Male";"1999";"442.68"
"Mortality";"Finland";"Lung";"75-85+";"Male";"2000";"450.54"
"Mortality";"Finland";"Lung";"75-85+";"Male";"2001";"477.90"
"Mortality";"Finland";"Lung";"75-85+";"Male";"2002";"462.84"
"Mortality";"Finland";"Lung";"75-85+";"Male";"2003";"439.52"
"Mortality";"Finland";"Lung";"75-85+";"Male";"2004";"434.16"
"Mortality";"Finland";"Lung";"75-85+";"Male";"2005";"415.60"
"Mortality";"Finland";"Lung";"75-85+";"Male";"2006";"451.48"
"Mortality";"Finland";"Lung";"75-85+";"Male";"2007";"410.09"
"Mortality";"Finland";"Lung";"75-85+";"Male";"2008";"383.29"
"Mortality";"Finland";"Lung";"75-85+";"Male";"2009";"381.49"
"Mortality";"Finland";"Lung";"75-85+";"Male";"2010";"405.41"
"Mortality";"Finland";"Lung";"75-85+";"Male";"2011";"332.81"
"Mortality";"Finland";"Lung";"75-85+";"Male";"2012";"308.60"
"Mortality";"Finland";"Lung";"75-85+";"Male";"2013";"321.30"
"Mortality";"Finland";"Lung";"75-85+";"Male";"2014";"309.64"
"Mortality";"Finland";"Lung";"75-85+";"Male";"2015";"317.64"
"Mortality";"Finland";"Lung";"75-85+";"Male";"2016";"313.76"
"Mortality";"Finland";"Lung";"75-85+";"Male";"2017";"338.48"
"Mortality";"Finland";"Lung";"75-85+";"Male";"2018";"297.02"
"Mortality";"Finland";"Lung";"75-85+";"Male";"2019";"317.84"
"Mortality";"Finland";"Lung";"75-85+";"Male";"2020";"285.07"
"Mortality";"Finland";"Lung";"75-85+";"Male";"2021";"287.54"
"Mortality";"Finland";"Lung";"75-85+";"Male";"2022";"280.48"
"Mortality";"Finland";"Lung";"75-85+";"Male";"2023";"247.23"
"Mortality";"Finland";"Lung";"75-85+";"Female";"1953";"34.26"
"Mortality";"Finland";"Lung";"75-85+";"Female";"1954";"36.77"
"Mortality";"Finland";"Lung";"75-85+";"Female";"1955";"46.35"
"Mortality";"Finland";"Lung";"75-85+";"Female";"1956";"38.78"
"Mortality";"Finland";"Lung";"75-85+";"Female";"1957";"37.71"
"Mortality";"Finland";"Lung";"75-85+";"Female";"1958";"30.26"
"Mortality";"Finland";"Lung";"75-85+";"Female";"1959";"36.89"
"Mortality";"Finland";"Lung";"75-85+";"Female";"1960";"32.94"
"Mortality";"Finland";"Lung";"75-85+";"Female";"1961";"30.61"
"Mortality";"Finland";"Lung";"75-85+";"Female";"1962";"31.50"
"Mortality";"Finland";"Lung";"75-85+";"Female";"1963";"30.53"
"Mortality";"Finland";"Lung";"75-85+";"Female";"1964";"44.70"
"Mortality";"Finland";"Lung";"75-85+";"Female";"1965";"42.92"
"Mortality";"Finland";"Lung";"75-85+";"Female";"1966";"39.40"
"Mortality";"Finland";"Lung";"75-85+";"Female";"1967";"33.59"
"Mortality";"Finland";"Lung";"75-85+";"Female";"1968";"41.99"
"Mortality";"Finland";"Lung";"75-85+";"Female";"1969";"38.09"
"Mortality";"Finland";"Lung";"75-85+";"Female";"1970";"44.99"
"Mortality";"Finland";"Lung";"75-85+";"Female";"1971";"57.06"
"Mortality";"Finland";"Lung";"75-85+";"Female";"1972";"38.38"
"Mortality";"Finland";"Lung";"75-85+";"Female";"1973";"36.40"
"Mortality";"Finland";"Lung";"75-85+";"Female";"1974";"43.60"
"Mortality";"Finland";"Lung";"75-85+";"Female";"1975";"49.95"
"Mortality";"Finland";"Lung";"75-85+";"Female";"1976";"47.43"
"Mortality";"Finland";"Lung";"75-85+";"Female";"1977";"60.26"
"Mortality";"Finland";"Lung";"75-85+";"Female";"1978";"36.43"
"Mortality";"Finland";"Lung";"75-85+";"Female";"1979";"53.70"
"Mortality";"Finland";"Lung";"75-85+";"Female";"1980";"63.00"
"Mortality";"Finland";"Lung";"75-85+";"Female";"1981";"53.61"
"Mortality";"Finland";"Lung";"75-85+";"Female";"1982";"52.77"
"Mortality";"Finland";"Lung";"75-85+";"Female";"1983";"50.40"
"Mortality";"Finland";"Lung";"75-85+";"Female";"1984";"54.67"
"Mortality";"Finland";"Lung";"75-85+";"Female";"1985";"60.81"
"Mortality";"Finland";"Lung";"75-85+";"Female";"1986";"58.10"
"Mortality";"Finland";"Lung";"75-85+";"Female";"1987";"52.38"
"Mortality";"Finland";"Lung";"75-85+";"Female";"1988";"66.40"
"Mortality";"Finland";"Lung";"75-85+";"Female";"1989";"67.48"
"Mortality";"Finland";"Lung";"75-85+";"Female";"1990";"64.93"
"Mortality";"Finland";"Lung";"75-85+";"Female";"1991";"59.14"
"Mortality";"Finland";"Lung";"75-85+";"Female";"1992";"71.64"
"Mortality";"Finland";"Lung";"75-85+";"Female";"1993";"72.48"
"Mortality";"Finland";"Lung";"75-85+";"Female";"1994";"77.88"
"Mortality";"Finland";"Lung";"75-85+";"Female";"1995";"68.72"
"Mortality";"Finland";"Lung";"75-85+";"Female";"1996";"80.66"
"Mortality";"Finland";"Lung";"75-85+";"Female";"1997";"73.99"
"Mortality";"Finland";"Lung";"75-85+";"Female";"1998";"89.92"
"Mortality";"Finland";"Lung";"75-85+";"Female";"1999";"88.19"
"Mortality";"Finland";"Lung";"75-85+";"Female";"2000";"85.95"
"Mortality";"Finland";"Lung";"75-85+";"Female";"2001";"90.54"
"Mortality";"Finland";"Lung";"75-85+";"Female";"2002";"80.47"
"Mortality";"Finland";"Lung";"75-85+";"Female";"2003";"101.56"
"Mortality";"Finland";"Lung";"75-85+";"Female";"2004";"91.43"
"Mortality";"Finland";"Lung";"75-85+";"Female";"2005";"96.01"
"Mortality";"Finland";"Lung";"75-85+";"Female";"2006";"94.92"
"Mortality";"Finland";"Lung";"75-85+";"Female";"2007";"88.25"
"Mortality";"Finland";"Lung";"75-85+";"Female";"2008";"100.34"
"Mortality";"Finland";"Lung";"75-85+";"Female";"2009";"88.54"
"Mortality";"Finland";"Lung";"75-85+";"Female";"2010";"105.67"
"Mortality";"Finland";"Lung";"75-85+";"Female";"2011";"98.34"
"Mortality";"Finland";"Lung";"75-85+";"Female";"2012";"111.29"
"Mortality";"Finland";"Lung";"75-85+";"Female";"2013";"100.12"
"Mortality";"Finland";"Lung";"75-85+";"Female";"2014";"112.46"
"Mortality";"Finland";"Lung";"75-85+";"Female";"2015";"107.91"
"Mortality";"Finland";"Lung";"75-85+";"Female";"2016";"105.31"
"Mortality";"Finland";"Lung";"75-85+";"Female";"2017";"111.80"
"Mortality";"Finland";"Lung";"75-85+";"Female";"2018";"117.31"
"Mortality";"Finland";"Lung";"75-85+";"Female";"2019";"132.13"
"Mortality";"Finland";"Lung";"75-85+";"Female";"2020";"116.92"
"Mortality";"Finland";"Lung";"75-85+";"Female";"2021";"116.95"
"Mortality";"Finland";"Lung";"75-85+";"Female";"2022";"127.99"
"Mortality";"Finland";"Lung";"75-85+";"Female";"2023";"127.10"

Historical data: Incidence/mortality trends by age
Incidence and mortality, FI Finland, Both sexes, Lung, 0 to 85+ years, by 15 years age groups

Notes:
"Finland: Due to privacy restrictions, strata with 1-4 cases/deaths are censored by reshuffling cases in 5-year periods (see Database description)."

Source: ECIS - European Cancer Information System
From https://ecis.jrc.ec.europa.eu, accessed on 28-03-2026
(c) European Union, 2026